Price,Close,High,Low,Open,Volume
Ticker,AMZN,AMZN,AMZN,AMZN,AMZN
Datetime,,,,,
2025-02-12 14:30:00+00:00,229.7050018310547,231.14999389648438,229.00999450683594,230.4600067138672,2170525
2025-02-12 14:35:00+00:00,228.47999572753906,229.97999572753906,228.16000366210938,229.7299041748047,1006771
2025-02-12 14:40:00+00:00,229.0500030517578,229.1999969482422,228.19500732421875,228.47000122070312,730780
2025-02-12 14:45:00+00:00,229.47999572753906,229.60000610351562,228.72999572753906,229.05999755859375,589597
2025-02-12 14:50:00+00:00,230.0399932861328,230.22000122070312,229.2801971435547,229.49000549316406,567924
2025-02-12 14:55:00+00:00,229.69869995117188,230.42999267578125,229.6199951171875,230.0399932861328,409835
2025-02-12 15:00:00+00:00,229.3300018310547,229.84500122070312,229.14999389648438,229.6999969482422,350599
2025-02-12 15:05:00+00:00,229.13999938964844,229.48500061035156,228.89999389648438,229.3350067138672,393051
2025-02-12 15:10:00+00:00,228.2427978515625,229.17999267578125,228.2100067138672,229.14999389648438,576255
2025-02-12 15:15:00+00:00,228.77999877929688,228.8800048828125,228.19500732421875,228.25,606010
2025-02-12 15:20:00+00:00,229.72999572753906,229.8249969482422,228.75,228.75999450683594,487837
2025-02-12 15:25:00+00:00,229.85000610351562,229.99000549316406,229.6199951171875,229.7154998779297,333801
2025-02-12 15:30:00+00:00,229.8031005859375,230.0500030517578,229.7899932861328,229.85459899902344,311979
2025-02-12 15:35:00+00:00,230.4600067138672,230.73199462890625,229.6699981689453,229.75999450683594,569653
2025-02-12 15:40:00+00:00,230.0800018310547,230.5751953125,229.94000244140625,230.44000244140625,207147
2025-02-12 15:45:00+00:00,229.72999572753906,230.10000610351562,229.5500030517578,230.08999633789062,227303
2025-02-12 15:50:00+00:00,230.12139892578125,230.33990478515625,229.75990295410156,229.75999450683594,221942
2025-02-12 15:55:00+00:00,230.3300018310547,230.3800048828125,230.10000610351562,230.1652069091797,141807
2025-02-12 16:00:00+00:00,230.25,230.39999389648438,230.1199951171875,230.35000610351562,171357
2025-02-12 16:05:00+00:00,229.6699981689453,230.2436065673828,229.57009887695312,230.2436065673828,231396
2025-02-12 16:10:00+00:00,229.52740478515625,229.7899932861328,229.2899932861328,229.7100067138672,222415
2025-02-12 16:15:00+00:00,229.625,229.72999572753906,229.4550018310547,229.5,193997
2025-02-12 16:20:00+00:00,229.64500427246094,229.8800048828125,229.52499389648438,229.61000061035156,194595
2025-02-12 16:25:00+00:00,229.61000061035156,229.67999267578125,229.3800048828125,229.6750030517578,162317
2025-02-12 16:30:00+00:00,229.47000122070312,229.67999267578125,229.34010314941406,229.57000732421875,174591
2025-02-12 16:35:00+00:00,229.74000549316406,229.7899932861328,229.4250030517578,229.47239685058594,155212
2025-02-12 16:40:00+00:00,230.08999633789062,230.1699981689453,229.75,229.75,176151
2025-02-12 16:45:00+00:00,230.0399932861328,230.1300048828125,229.82919311523438,230.09519958496094,134248
2025-02-12 16:50:00+00:00,229.98500061035156,230.14999389648438,229.64010620117188,230.02000427246094,323319
2025-02-12 16:55:00+00:00,230.1999969482422,230.30999755859375,229.88999938964844,230.0,233981
2025-02-12 17:00:00+00:00,230.4550018310547,230.6300048828125,230.08999633789062,230.1750030517578,306296
2025-02-12 17:05:00+00:00,230.39999389648438,230.6020965576172,230.17190551757812,230.4199981689453,158872
2025-02-12 17:10:00+00:00,230.6343994140625,230.6999969482422,230.28500366210938,230.40499877929688,166706
2025-02-12 17:15:00+00:00,230.5800018310547,230.8498992919922,230.41000366210938,230.63999938964844,360873
2025-02-12 17:20:00+00:00,230.585693359375,230.8800048828125,230.52999877929688,230.58999633789062,181528
2025-02-12 17:25:00+00:00,230.76499938964844,230.8199005126953,230.57000732421875,230.58999633789062,117445
2025-02-12 17:30:00+00:00,230.61000061035156,230.77000427246094,230.44009399414062,230.7550048828125,149052
2025-02-12 17:35:00+00:00,230.52499389648438,230.6822052001953,230.44000244140625,230.6300048828125,157744
2025-02-12 17:40:00+00:00,230.25,230.518798828125,230.13560485839844,230.5146942138672,138559
2025-02-12 17:45:00+00:00,230.40499877929688,230.60000610351562,230.19000244140625,230.26519775390625,214054
2025-02-12 17:50:00+00:00,230.69500732421875,230.72999572753906,230.41000366210938,230.42999267578125,151553
2025-02-12 17:55:00+00:00,231.0500030517578,231.12469482421875,230.61000061035156,230.69000244140625,243556
2025-02-12 18:00:00+00:00,230.9600067138672,231.0800018310547,230.8800048828125,231.0399932861328,130604
2025-02-12 18:05:00+00:00,230.82400512695312,231.0500030517578,230.77000427246094,230.9600067138672,127612
2025-02-12 18:10:00+00:00,231.16000366210938,231.1699981689453,230.77999877929688,230.8000946044922,182071
2025-02-12 18:15:00+00:00,230.93499755859375,231.17999267578125,230.91000366210938,231.13999938964844,119550
2025-02-12 18:20:00+00:00,231.02000427246094,231.0352020263672,230.75,230.89999389648438,113898
2025-02-12 18:25:00+00:00,230.8800048828125,231.11000061035156,230.55520629882812,231.02999877929688,170394
2025-02-12 18:30:00+00:00,231.0312957763672,231.0312957763672,230.72999572753906,230.90989685058594,102993
2025-02-12 18:35:00+00:00,230.8300018310547,231.0399932861328,230.75270080566406,231.02920532226562,97678
2025-02-12 18:40:00+00:00,230.64500427246094,230.8625030517578,230.58680725097656,230.8350067138672,95645
2025-02-12 18:45:00+00:00,230.5850067138672,230.7100067138672,230.5500030517578,230.6300048828125,129716
2025-02-12 18:50:00+00:00,230.74240112304688,230.80999755859375,230.56919860839844,230.5850067138672,97158
2025-02-12 18:55:00+00:00,230.6649932861328,230.99000549316406,230.55999755859375,230.75,177627
2025-02-12 19:00:00+00:00,230.44000244140625,230.9752960205078,230.38999938964844,230.67999267578125,249771
2025-02-12 19:05:00+00:00,230.52999877929688,230.64999389648438,230.3000030517578,230.44000244140625,171133
2025-02-12 19:10:00+00:00,230.5050048828125,230.6199951171875,230.41000366210938,230.52529907226562,106284
2025-02-12 19:15:00+00:00,230.4199981689453,230.6699981689453,230.4199981689453,230.5,347368
2025-02-12 19:20:00+00:00,230.7407989501953,230.8238983154297,230.3300018310547,230.4250030517578,388008
2025-02-12 19:25:00+00:00,230.7135009765625,230.8699951171875,230.52000427246094,230.74710083007812,218574
2025-02-12 19:30:00+00:00,230.77999877929688,230.80999755859375,230.64999389648438,230.72000122070312,106941
2025-02-12 19:35:00+00:00,230.5,230.82000732421875,230.49000549316406,230.77999877929688,568062
2025-02-12 19:40:00+00:00,230.69500732421875,230.74000549316406,230.49000549316406,230.5,140082
2025-02-12 19:45:00+00:00,230.81019592285156,230.8800048828125,230.47000122070312,230.6649932861328,353263
2025-02-12 19:50:00+00:00,230.8800048828125,230.8800048828125,230.61000061035156,230.8000030517578,113472
2025-02-12 19:55:00+00:00,230.74000549316406,230.9799041748047,230.63999938964844,230.8699951171875,218684
2025-02-12 20:00:00+00:00,230.69000244140625,230.7899932861328,230.60000610351562,230.75999450683594,163140
2025-02-12 20:05:00+00:00,230.3699951171875,230.6999969482422,230.30999755859375,230.69000244140625,237305
2025-02-12 20:10:00+00:00,230.1968994140625,230.36000061035156,230.07029724121094,230.35000610351562,196517
2025-02-12 20:15:00+00:00,230.16000366210938,230.22999572753906,230.11000061035156,230.1627960205078,164667
2025-02-12 20:20:00+00:00,229.9600067138672,230.18499755859375,229.94000244140625,230.1699981689453,245850
2025-02-12 20:25:00+00:00,229.85499572753906,230.02000427246094,229.85000610351562,229.9593963623047,278824
2025-02-12 20:30:00+00:00,229.7100067138672,229.92999267578125,229.66229248046875,229.85000610351562,306286
2025-02-12 20:35:00+00:00,229.45849609375,229.72000122070312,229.41940307617188,229.70379638671875,361876
2025-02-12 20:40:00+00:00,229.19000244140625,229.47999572753906,229.16009521484375,229.4499969482422,430483
2025-02-12 20:45:00+00:00,229.02000427246094,229.22000122070312,228.99000549316406,229.19000244140625,491654
2025-02-12 20:50:00+00:00,228.9199981689453,229.1699981689453,228.77999877929688,229.02000427246094,878309
2025-02-12 20:55:00+00:00,228.89999389648438,228.97999572753906,228.4499969482422,228.92999267578125,1745828
2025-02-13 14:30:00+00:00,229.0,229.35000610351562,228.22999572753906,228.7899932861328,1732459
2025-02-13 14:35:00+00:00,227.80499267578125,229.1699981689453,227.52000427246094,228.98500061035156,771749
2025-02-13 14:40:00+00:00,228.35989379882812,228.5,227.6300048828125,227.8000030517578,509034
2025-02-13 14:45:00+00:00,227.94000244140625,228.4499969482422,227.85000610351562,228.3000030517578,453686
2025-02-13 14:50:00+00:00,228.2899932861328,228.47000122070312,227.77000427246094,227.91000366210938,366250
2025-02-13 14:55:00+00:00,228.55999755859375,228.79660034179688,228.22999572753906,228.2949981689453,402747
2025-02-13 15:00:00+00:00,228.7803955078125,228.9199981689453,228.32000732421875,228.52999877929688,370415
2025-02-13 15:05:00+00:00,228.76499938964844,229.10499572753906,228.34010314941406,228.75999450683594,444172
2025-02-13 15:10:00+00:00,229.0507049560547,229.08999633789062,228.57000732421875,228.75999450683594,272447
2025-02-13 15:15:00+00:00,229.25,229.3000030517578,228.86000061035156,229.0399932861328,394560
2025-02-13 15:20:00+00:00,229.78759765625,229.86000061035156,229.19000244140625,229.24000549316406,402754
2025-02-13 15:25:00+00:00,229.50379943847656,229.82000732421875,229.22999572753906,229.7899932861328,308464
2025-02-13 15:30:00+00:00,229.64500427246094,229.65249633789062,229.36000061035156,229.53359985351562,217200
2025-02-13 15:35:00+00:00,230.10000610351562,230.14999389648438,229.63499450683594,229.66000366210938,539730
2025-02-13 15:40:00+00:00,230.1300048828125,230.3000030517578,229.99000549316406,230.11000061035156,329089
2025-02-13 15:45:00+00:00,230.22000122070312,230.32310485839844,230.09500122070312,230.1300048828125,280430
2025-02-13 15:50:00+00:00,230.13499450683594,230.27000427246094,230.02000427246094,230.2100067138672,230400
2025-02-13 15:55:00+00:00,229.96470642089844,230.1999969482422,229.86279296875,230.143798828125,207820
2025-02-13 16:00:00+00:00,229.68980407714844,230.04800415039062,229.6300048828125,229.96499633789062,229917
2025-02-13 16:05:00+00:00,229.59649658203125,229.7899932861328,229.5500030517578,229.6728057861328,251063
2025-02-13 16:10:00+00:00,229.66000366210938,229.74000549316406,229.5800018310547,229.5800018310547,183796
2025-02-13 16:15:00+00:00,229.67999267578125,229.75999450683594,229.35000610351562,229.66000366210938,227048
2025-02-13 16:20:00+00:00,229.1999969482422,229.6999969482422,229.17999267578125,229.6699981689453,224495
2025-02-13 16:25:00+00:00,228.6199951171875,229.1999969482422,228.6199951171875,229.1999969482422,273640
2025-02-13 16:30:00+00:00,228.7899932861328,228.82000732421875,228.4199981689453,228.6300048828125,321537
2025-02-13 16:35:00+00:00,228.7100067138672,229.22000122070312,228.67999267578125,228.80999755859375,240701
2025-02-13 16:40:00+00:00,228.83990478515625,229.03469848632812,228.69000244140625,228.7100067138672,183537
2025-02-13 16:45:00+00:00,228.63999938964844,228.91000366210938,228.5919952392578,228.77999877929688,144755
2025-02-13 16:50:00+00:00,228.11000061035156,228.64999389648438,227.99000549316406,228.64979553222656,323378
2025-02-13 16:55:00+00:00,228.27000427246094,228.2924041748047,227.97000122070312,228.11000061035156,283464
2025-02-13 17:00:00+00:00,228.58070373535156,228.63999938964844,228.0601043701172,228.27000427246094,181535
2025-02-13 17:05:00+00:00,228.8000030517578,228.83999633789062,228.5500030517578,228.5800018310547,162269
2025-02-13 17:10:00+00:00,228.44000244140625,228.83999633789062,228.393798828125,228.80499267578125,170593
2025-02-13 17:15:00+00:00,228.156005859375,228.45989990234375,228.10000610351562,228.42999267578125,348139
2025-02-13 17:20:00+00:00,228.2301025390625,228.36000061035156,228.05999755859375,228.15989685058594,155389
2025-02-13 17:25:00+00:00,228.11500549316406,228.3800048828125,227.99000549316406,228.22000122070312,214197
2025-02-13 17:30:00+00:00,228.11000061035156,228.27000427246094,227.9949951171875,228.1300048828125,173406
2025-02-13 17:35:00+00:00,228.1300048828125,228.25,228.02000427246094,228.0850067138672,151947
2025-02-13 17:40:00+00:00,228.0500030517578,228.16000366210938,228.0325927734375,228.1199951171875,191869
2025-02-13 17:45:00+00:00,228.15499877929688,228.3300018310547,228.0399932861328,228.0399932861328,208028
2025-02-13 17:50:00+00:00,228.0850067138672,228.17999267578125,227.99000549316406,228.1649932861328,283515
2025-02-13 17:55:00+00:00,227.88999938964844,228.1199951171875,227.8000030517578,228.08999633789062,418777
2025-02-13 18:00:00+00:00,227.7530059814453,227.88999938964844,227.6300048828125,227.85000610351562,272526
2025-02-13 18:05:00+00:00,228.02000427246094,228.05999755859375,227.72000122070312,227.77999877929688,193954
2025-02-13 18:10:00+00:00,228.08999633789062,228.11000061035156,227.88009643554688,228.00999450683594,169000
2025-02-13 18:15:00+00:00,227.89999389648438,228.25880432128906,227.63999938964844,228.10000610351562,258036
2025-02-13 18:20:00+00:00,228.00999450683594,228.1999969482422,227.77999877929688,227.8000030517578,143150
2025-02-13 18:25:00+00:00,228.1699981689453,228.27999877929688,228.00999450683594,228.0399932861328,135065
2025-02-13 18:30:00+00:00,228.1999969482422,228.26499938964844,228.13999938964844,228.22000122070312,104963
2025-02-13 18:35:00+00:00,228.39979553222656,228.4416961669922,228.1501007080078,228.18699645996094,159552
2025-02-13 18:40:00+00:00,228.28500366210938,228.44000244140625,227.75999450683594,228.39999389648438,342042
2025-02-13 18:45:00+00:00,228.31399536132812,228.49000549316406,228.19009399414062,228.25,168923
2025-02-13 18:50:00+00:00,228.3699951171875,228.47000122070312,227.91000366210938,228.2899932861328,213593
2025-02-13 18:55:00+00:00,228.68780517578125,228.7100067138672,228.2794952392578,228.39999389648438,161646
2025-02-13 19:00:00+00:00,228.8101043701172,228.8477020263672,228.47999572753906,228.64999389648438,167718
2025-02-13 19:05:00+00:00,228.94000244140625,229.02999877929688,228.75,228.82000732421875,169753
2025-02-13 19:10:00+00:00,229.0399932861328,229.07000732421875,228.8300018310547,228.9499969482422,143440
2025-02-13 19:15:00+00:00,228.92999267578125,229.10000610351562,228.9199981689453,229.0449981689453,154361
2025-02-13 19:20:00+00:00,229.00999450683594,229.1199951171875,228.91000366210938,228.9340057373047,154373
2025-02-13 19:25:00+00:00,229.18280029296875,229.22000122070312,228.9700927734375,229.0,176519
2025-02-13 19:30:00+00:00,229.52000427246094,229.6199951171875,229.09500122070312,229.17999267578125,246102
2025-02-13 19:35:00+00:00,229.71060180664062,229.75,229.47500610351562,229.50999450683594,205830
2025-02-13 19:40:00+00:00,229.6999969482422,229.86000061035156,229.6300048828125,229.7100067138672,190743
2025-02-13 19:45:00+00:00,229.58419799804688,229.63999938964844,229.42999267578125,229.6300048828125,175777
2025-02-13 19:50:00+00:00,229.9199981689453,229.9199981689453,229.5800018310547,229.5800018310547,178990
2025-02-13 19:55:00+00:00,229.82000732421875,229.94500732421875,229.74740600585938,229.93499755859375,174429
2025-02-13 20:00:00+00:00,229.8000030517578,229.83999633789062,229.72999572753906,229.80499267578125,149636
2025-02-13 20:05:00+00:00,229.88999938964844,229.9499969482422,229.67999267578125,229.80499267578125,262222
2025-02-13 20:10:00+00:00,229.7949981689453,229.9084930419922,229.75,229.9040069580078,211981
2025-02-13 20:15:00+00:00,229.9199981689453,230.0,229.6199951171875,229.7949981689453,323784
2025-02-13 20:20:00+00:00,229.86500549316406,230.1199951171875,229.86500549316406,229.9199981689453,389100
2025-02-13 20:25:00+00:00,229.63499450683594,229.86000061035156,229.5500030517578,229.86000061035156,293650
2025-02-13 20:30:00+00:00,229.0449981689453,229.6199951171875,229.02999877929688,229.6199951171875,374367
2025-02-13 20:35:00+00:00,229.05990600585938,229.22000122070312,228.97000122070312,229.0449981689453,342425
2025-02-13 20:40:00+00:00,228.94000244140625,229.1199951171875,228.90280151367188,229.0500030517578,286647
2025-02-13 20:45:00+00:00,229.27499389648438,229.4949951171875,228.84019470214844,228.9199981689453,322366
2025-02-13 20:50:00+00:00,229.2899932861328,229.5399932861328,228.89999389648438,229.22999572753906,678531
2025-02-13 20:55:00+00:00,230.36000061035156,230.4149932861328,229.3000030517578,229.3300018310547,1861246
2025-02-14 14:30:00+00:00,228.97999572753906,229.7899932861328,228.36500549316406,229.11000061035156,1851628
2025-02-14 14:35:00+00:00,228.4600067138672,229.0908966064453,228.07000732421875,229.0749969482422,805515
2025-02-14 14:40:00+00:00,228.13999938964844,228.9499969482422,228.13999938964844,228.42999267578125,689263
2025-02-14 14:45:00+00:00,228.6826934814453,228.8979034423828,228.1300048828125,228.14500427246094,399243
2025-02-14 14:50:00+00:00,229.15499877929688,229.24989318847656,228.66000366210938,228.6649932861328,332915
2025-02-14 14:55:00+00:00,229.0,229.1699981689453,228.75999450683594,229.15469360351562,334994
2025-02-14 15:00:00+00:00,228.9062957763672,229.1905975341797,228.36959838867188,229.02000427246094,353023
2025-02-14 15:05:00+00:00,229.1750030517578,229.2100067138672,228.65199279785156,228.89999389648438,771676
2025-02-14 15:10:00+00:00,228.8300018310547,229.27999877929688,228.75999450683594,229.1750030517578,290711
2025-02-14 15:15:00+00:00,228.28500366210938,228.91000366210938,228.13999938964844,228.8300018310547,541437
2025-02-14 15:20:00+00:00,228.139892578125,228.3800048828125,228.0113983154297,228.2899932861328,306441
2025-02-14 15:25:00+00:00,227.7899932861328,228.13980102539062,227.72000122070312,228.1199951171875,588654
2025-02-14 15:30:00+00:00,227.74549865722656,227.9936065673828,227.6300048828125,227.77999877929688,383192
2025-02-14 15:35:00+00:00,227.59500122070312,227.77999877929688,227.3350067138672,227.75,587308
2025-02-14 15:40:00+00:00,227.6510009765625,227.7899932861328,227.22999572753906,227.60589599609375,361092
2025-02-14 15:45:00+00:00,227.82000732421875,228.09500122070312,227.64500427246094,227.64500427246094,323298
2025-02-14 15:50:00+00:00,228.2386016845703,228.38999938964844,227.6999969482422,227.81500244140625,337288
2025-02-14 15:55:00+00:00,228.27999877929688,228.41270446777344,228.14999389648438,228.1999969482422,215345
2025-02-14 16:00:00+00:00,228.30999755859375,228.42669677734375,228.0399932861328,228.27999877929688,231690
2025-02-14 16:05:00+00:00,228.47500610351562,228.5500030517578,228.30140686035156,228.35000610351562,320202
2025-02-14 16:10:00+00:00,228.68800354003906,228.75,228.38999938964844,228.47000122070312,274746
2025-02-14 16:15:00+00:00,228.35000610351562,228.7899932861328,228.25900268554688,228.67100524902344,218961
2025-02-14 16:20:00+00:00,228.44500732421875,228.52000427246094,228.11000061035156,228.35499572753906,197842
2025-02-14 16:25:00+00:00,228.72999572753906,228.72999572753906,228.36000061035156,228.4199981689453,176913
2025-02-14 16:30:00+00:00,228.7646942138672,228.82000732421875,228.60000610351562,228.74000549316406,139969
2025-02-14 16:35:00+00:00,228.73500061035156,228.87489318847656,228.63380432128906,228.75,121193
2025-02-14 16:40:00+00:00,228.5500030517578,228.80999755859375,228.50999450683594,228.75,138399
2025-02-14 16:45:00+00:00,228.2301025390625,228.63999938964844,228.19000244140625,228.5500030517578,206482
2025-02-14 16:50:00+00:00,228.52499389648438,228.5399932861328,228.1204071044922,228.25,154065
2025-02-14 16:55:00+00:00,228.52980041503906,228.64999389648438,228.41000366210938,228.5399932861328,143373
2025-02-14 17:00:00+00:00,228.63360595703125,228.72000122070312,228.41000366210938,228.50999450683594,131472
2025-02-14 17:05:00+00:00,228.50999450683594,228.67999267578125,228.4600067138672,228.60009765625,108413
2025-02-14 17:10:00+00:00,228.4759979248047,228.50999450683594,228.32000732421875,228.5072021484375,110345
2025-02-14 17:15:00+00:00,228.3800048828125,228.49000549316406,228.22000122070312,228.4600067138672,217016
2025-02-14 17:20:00+00:00,228.22940063476562,228.41000366210938,228.1300048828125,228.38340759277344,144944
2025-02-14 17:25:00+00:00,228.29440307617188,228.47000122070312,228.22999572753906,228.22999572753906,116235
2025-02-14 17:30:00+00:00,228.5,228.5399932861328,228.22999572753906,228.27999877929688,113380
2025-02-14 17:35:00+00:00,228.3800048828125,228.5500030517578,228.35000610351562,228.47500610351562,100094
2025-02-14 17:40:00+00:00,228.42750549316406,228.4499969482422,228.27999877929688,228.3800048828125,88857
2025-02-14 17:45:00+00:00,228.5800018310547,228.58999633789062,228.36000061035156,228.4600067138672,102885
2025-02-14 17:50:00+00:00,228.97000122070312,228.97999572753906,228.5399932861328,228.5800018310547,188467
2025-02-14 17:55:00+00:00,229.19000244140625,229.2899932861328,228.9499969482422,228.968994140625,243405
2025-02-14 18:00:00+00:00,229.21710205078125,229.25,229.02999877929688,229.1699981689453,144428
2025-02-14 18:05:00+00:00,229.21600341796875,229.3300018310547,229.1602020263672,229.2100067138672,199019
2025-02-14 18:10:00+00:00,229.11000061035156,229.25,229.05999755859375,229.22999572753906,108944
2025-02-14 18:15:00+00:00,228.91000366210938,229.13319396972656,228.860107421875,229.11000061035156,145893
2025-02-14 18:20:00+00:00,228.94000244140625,229.0,228.77999877929688,228.91000366210938,142793
2025-02-14 18:25:00+00:00,228.6699981689453,228.9499969482422,228.5749969482422,228.9499969482422,119852
2025-02-14 18:30:00+00:00,228.94000244140625,229.0050048828125,228.627197265625,228.6699981689453,211195
2025-02-14 18:35:00+00:00,228.9600067138672,229.08999633789062,228.9199981689453,228.9499969482422,150611
2025-02-14 18:40:00+00:00,228.9199981689453,229.0500030517578,228.86000061035156,228.9600067138672,109275
2025-02-14 18:45:00+00:00,228.86050415039062,228.9304962158203,228.84109497070312,228.91900634765625,120159
2025-02-14 18:50:00+00:00,228.6999969482422,228.93580627441406,228.69000244140625,228.86070251464844,163537
2025-02-14 18:55:00+00:00,228.6199951171875,228.75,228.61000061035156,228.6999969482422,115359
2025-02-14 19:00:00+00:00,228.69000244140625,228.7176055908203,228.58999633789062,228.6300048828125,124469
2025-02-14 19:05:00+00:00,228.84469604492188,228.85000610351562,228.6707000732422,228.69000244140625,132940
2025-02-14 19:10:00+00:00,228.98179626464844,229.0399932861328,228.8175048828125,228.86000061035156,147208
2025-02-14 19:15:00+00:00,228.9947052001953,229.0,228.85000610351562,228.99000549316406,121075
2025-02-14 19:20:00+00:00,228.9698944091797,229.00999450683594,228.87049865722656,229.0050048828125,118535
2025-02-14 19:25:00+00:00,228.93499755859375,228.98500061035156,228.8791961669922,228.9550018310547,113629
2025-02-14 19:30:00+00:00,228.8800048828125,228.9499969482422,228.7899932861328,228.92599487304688,118894
2025-02-14 19:35:00+00:00,228.91000366210938,229.00999450683594,228.84689331054688,228.8699951171875,115412
2025-02-14 19:40:00+00:00,229.11500549316406,229.14999389648438,228.8699951171875,228.88999938964844,175124
2025-02-14 19:45:00+00:00,228.9149932861328,229.16000366210938,228.85000610351562,229.11399841308594,117192
2025-02-14 19:50:00+00:00,228.85000610351562,228.94000244140625,228.77999877929688,228.91000366210938,132545
2025-02-14 19:55:00+00:00,228.94000244140625,228.9600067138672,228.8300018310547,228.83999633789062,114524
2025-02-14 20:00:00+00:00,228.75999450683594,228.9199981689453,228.71499633789062,228.9199981689453,312574
2025-02-14 20:05:00+00:00,228.86000061035156,228.94000244140625,228.72000122070312,228.77000427246094,109542
2025-02-14 20:10:00+00:00,229.00999450683594,229.00999450683594,228.66000366210938,228.8699951171875,220692
2025-02-14 20:15:00+00:00,228.92999267578125,229.1699981689453,228.91000366210938,229.02000427246094,214493
2025-02-14 20:20:00+00:00,228.77999877929688,228.92999267578125,228.72500610351562,228.92999267578125,215736
2025-02-14 20:25:00+00:00,228.67999267578125,228.8300018310547,228.64999389648438,228.77999877929688,208762
2025-02-14 20:30:00+00:00,228.69000244140625,228.6999969482422,228.50999450683594,228.67999267578125,279893
2025-02-14 20:35:00+00:00,228.60009765625,228.69500732421875,228.52999877929688,228.69500732421875,302141
2025-02-14 20:40:00+00:00,228.63999938964844,228.66000366210938,228.47999572753906,228.60499572753906,405035
2025-02-14 20:45:00+00:00,228.5,228.64639282226562,228.46499633789062,228.63999938964844,371251
2025-02-14 20:50:00+00:00,228.75,228.8800048828125,228.5,228.5050048828125,791920
2025-02-14 20:55:00+00:00,228.67999267578125,228.83999633789062,228.5500030517578,228.7550048828125,1266179
2025-02-18 14:30:00+00:00,228.6999969482422,229.1300048828125,228.1199951171875,228.67999267578125,2321719
2025-02-18 14:35:00+00:00,228.61000061035156,228.8300018310547,228.39999389648438,228.6999969482422,575053
2025-02-18 14:40:00+00:00,228.4499969482422,229.08999633789062,228.36000061035156,228.61000061035156,563040
2025-02-18 14:45:00+00:00,228.00999450683594,228.52999877929688,227.85000610351562,228.47000122070312,589791
2025-02-18 14:50:00+00:00,228.1197052001953,228.2198944091797,227.72000122070312,228.03500366210938,412908
2025-02-18 14:55:00+00:00,227.75,228.14999389648438,227.52000427246094,228.11500549316406,479319
2025-02-18 15:00:00+00:00,226.67999267578125,227.83999633789062,226.64999389648438,227.7899932861328,927773
2025-02-18 15:05:00+00:00,226.75990295410156,226.92999267578125,226.5500030517578,226.7100067138672,547612
2025-02-18 15:10:00+00:00,226.36500549316406,226.7550048828125,226.22999572753906,226.7550048828125,638672
2025-02-18 15:15:00+00:00,226.1199951171875,226.47999572753906,226.02499389648438,226.36000061035156,536309
2025-02-18 15:20:00+00:00,225.84010314941406,226.27000427246094,225.74000549316406,226.10000610351562,585264
2025-02-18 15:25:00+00:00,225.19140625,225.99989318847656,225.14999389648438,225.85499572753906,642404
2025-02-18 15:30:00+00:00,225.21499633789062,225.63999938964844,225.1750030517578,225.1999969482422,594437
2025-02-18 15:35:00+00:00,225.3300018310547,225.47999572753906,225.2100067138672,225.22000122070312,413129
2025-02-18 15:40:00+00:00,225.3000030517578,225.41000366210938,225.10000610351562,225.35499572753906,449451
2025-02-18 15:45:00+00:00,225.22500610351562,225.39999389648438,225.14999389648438,225.27999877929688,424241
2025-02-18 15:50:00+00:00,225.3560028076172,225.36500549316406,225.13999938964844,225.2100067138672,378234
2025-02-18 15:55:00+00:00,225.55999755859375,225.63299560546875,225.02999877929688,225.36000061035156,570208
2025-02-18 16:00:00+00:00,225.17999267578125,225.61000061035156,225.1699981689453,225.5500030517578,349749
2025-02-18 16:05:00+00:00,225.40089416503906,225.5800018310547,225.13999938964844,225.17999267578125,377207
2025-02-18 16:10:00+00:00,224.8800048828125,225.41000366210938,224.80999755859375,225.41000366210938,775568
2025-02-18 16:15:00+00:00,225.08999633789062,225.1699981689453,224.86000061035156,224.8800048828125,432040
2025-02-18 16:20:00+00:00,224.66000366210938,225.09500122070312,224.55999755859375,225.0800018310547,514683
2025-02-18 16:25:00+00:00,224.95950317382812,225.05999755859375,224.57009887695312,224.6300048828125,402597
2025-02-18 16:30:00+00:00,224.72500610351562,224.9499969482422,224.4600067138672,224.92999267578125,509551
2025-02-18 16:35:00+00:00,224.66000366210938,224.72999572753906,224.4499969482422,224.72500610351562,450817
2025-02-18 16:40:00+00:00,224.65499877929688,224.71499633789062,224.52000427246094,224.64999389648438,262532
2025-02-18 16:45:00+00:00,224.7100067138672,224.81500244140625,224.5500030517578,224.65499877929688,404695
2025-02-18 16:50:00+00:00,224.3800048828125,224.74000549316406,224.33999633789062,224.7100067138672,474630
2025-02-18 16:55:00+00:00,224.36000061035156,224.625,224.27000427246094,224.4246063232422,407567
2025-02-18 17:00:00+00:00,224.25999450683594,224.4803924560547,224.1300048828125,224.36000061035156,474763
2025-02-18 17:05:00+00:00,224.19000244140625,224.40179443359375,224.07000732421875,224.26710510253906,330563
2025-02-18 17:10:00+00:00,224.16000366210938,224.35000610351562,224.05020141601562,224.17999267578125,268112
2025-02-18 17:15:00+00:00,223.89999389648438,224.17999267578125,223.8699951171875,224.16000366210938,484113
2025-02-18 17:20:00+00:00,223.9250030517578,224.0399932861328,223.8470001220703,223.90750122070312,298854
2025-02-18 17:25:00+00:00,224.47500610351562,224.5,223.8699951171875,223.91000366210938,342953
2025-02-18 17:30:00+00:00,224.4499969482422,224.63999938964844,224.44000244140625,224.47500610351562,305622
2025-02-18 17:35:00+00:00,224.68499755859375,224.72000122070312,224.35499572753906,224.44000244140625,250476
2025-02-18 17:40:00+00:00,224.60000610351562,224.83999633789062,224.4199981689453,224.67999267578125,295966
2025-02-18 17:45:00+00:00,224.52999877929688,224.60499572753906,224.3000030517578,224.58999633789062,223404
2025-02-18 17:50:00+00:00,224.80999755859375,224.8300018310547,224.47000122070312,224.53419494628906,264121
2025-02-18 17:55:00+00:00,225.02000427246094,225.0500030517578,224.6699981689453,224.80999755859375,295197
2025-02-18 18:00:00+00:00,225.13999938964844,225.16000366210938,224.9199981689453,225.00999450683594,228394
2025-02-18 18:05:00+00:00,224.7100067138672,225.24989318847656,224.5500030517578,225.13009643554688,365081
2025-02-18 18:10:00+00:00,224.49000549316406,224.70989990234375,224.3699951171875,224.70989990234375,296444
2025-02-18 18:15:00+00:00,224.47999572753906,224.56500244140625,224.4199981689453,224.5,234966
2025-02-18 18:20:00+00:00,224.27999877929688,224.5131072998047,224.25999450683594,224.47000122070312,215815
2025-02-18 18:25:00+00:00,224.10299682617188,224.27999877929688,223.94000244140625,224.27499389648438,439424
2025-02-18 18:30:00+00:00,223.8188018798828,224.10000610351562,223.74000549316406,224.08999633789062,318260
2025-02-18 18:35:00+00:00,223.9949951171875,224.07000732421875,223.72000122070312,223.82000732421875,304792
2025-02-18 18:40:00+00:00,223.9949951171875,224.02000427246094,223.77000427246094,223.99000549316406,265622
2025-02-18 18:45:00+00:00,224.10000610351562,224.29269409179688,223.92160034179688,224.0,255069
2025-02-18 18:50:00+00:00,224.25,224.2899932861328,224.05999755859375,224.08999633789062,241551
2025-02-18 18:55:00+00:00,224.27499389648438,224.40989685058594,224.1699981689453,224.2449951171875,222778
2025-02-18 19:00:00+00:00,224.33999633789062,224.44500732421875,224.25999450683594,224.27999877929688,186319
2025-02-18 19:05:00+00:00,223.99000549316406,224.42990112304688,223.89999389648438,224.35000610351562,280665
2025-02-18 19:10:00+00:00,224.11000061035156,224.2899932861328,223.9600067138672,223.99000549316406,216165
2025-02-18 19:15:00+00:00,223.94000244140625,224.24099731445312,223.86000061035156,224.10000610351562,289075
2025-02-18 19:20:00+00:00,224.57000732421875,224.64500427246094,223.7899932861328,223.9199981689453,370882
2025-02-18 19:25:00+00:00,224.40269470214844,224.58999633789062,224.30999755859375,224.5850067138672,223131
2025-02-18 19:30:00+00:00,224.64999389648438,224.67999267578125,224.25999450683594,224.4199981689453,183539
2025-02-18 19:35:00+00:00,224.3300018310547,224.68870544433594,224.25,224.63999938964844,177420
2025-02-18 19:40:00+00:00,224.3699951171875,224.5,224.26429748535156,224.33999633789062,155536
2025-02-18 19:45:00+00:00,224.4842071533203,224.52000427246094,224.25999450683594,224.36000061035156,147662
2025-02-18 19:50:00+00:00,224.55870056152344,224.64999389648438,224.4600067138672,224.52000427246094,159973
2025-02-18 19:55:00+00:00,224.5102996826172,224.5897979736328,224.42999267578125,224.55999755859375,220394
2025-02-18 20:00:00+00:00,224.5399932861328,224.5749969482422,224.4801025390625,224.51499938964844,159496
2025-02-18 20:05:00+00:00,224.41000366210938,224.55999755859375,224.36000061035156,224.54200744628906,208014
2025-02-18 20:10:00+00:00,224.42999267578125,224.46519470214844,224.27000427246094,224.4199981689453,246161
2025-02-18 20:15:00+00:00,224.49989318847656,224.5,224.3800048828125,224.42889404296875,224086
2025-02-18 20:20:00+00:00,224.71499633789062,224.8000030517578,224.48500061035156,224.49000549316406,332872
2025-02-18 20:25:00+00:00,224.58999633789062,224.85000610351562,224.58999633789062,224.72000122070312,326545
2025-02-18 20:30:00+00:00,224.4149932861328,224.64990234375,224.3350067138672,224.59500122070312,344770
2025-02-18 20:35:00+00:00,224.42999267578125,224.5,224.36000061035156,224.4250030517578,268975
2025-02-18 20:40:00+00:00,224.49000549316406,224.6739044189453,224.32009887695312,224.4600067138672,434266
2025-02-18 20:45:00+00:00,224.8300018310547,224.85000610351562,224.4600067138672,224.48500061035156,374896
2025-02-18 20:50:00+00:00,225.86500549316406,226.0,224.83999633789062,224.83999633789062,949738
2025-02-18 20:55:00+00:00,226.6699981689453,226.67999267578125,225.86500549316406,225.86500549316406,2478568
2025-02-19 14:30:00+00:00,224.9250030517578,225.49000549316406,224.17999267578125,224.77000427246094,1738990
2025-02-19 14:35:00+00:00,225.66000366210938,225.9499969482422,224.94000244140625,224.94000244140625,525122
2025-02-19 14:40:00+00:00,225.52000427246094,226.16000366210938,225.2104034423828,225.67999267578125,448281
2025-02-19 14:45:00+00:00,224.94000244140625,225.702392578125,224.8300018310547,225.5399932861328,388670
2025-02-19 14:50:00+00:00,225.0200958251953,225.08999633789062,224.77999877929688,224.9199981689453,276894
2025-02-19 14:55:00+00:00,224.94500732421875,225.02540588378906,224.7100067138672,225.02540588378906,289770
2025-02-19 15:00:00+00:00,224.38499450683594,225.01499938964844,224.23919677734375,224.94500732421875,428572
2025-02-19 15:05:00+00:00,223.97000122070312,224.4600067138672,223.85000610351562,224.39999389648438,444607
2025-02-19 15:10:00+00:00,224.35000610351562,224.35499572753906,223.90499877929688,223.97000122070312,412263
2025-02-19 15:15:00+00:00,224.03500366210938,224.5998992919922,224.00999450683594,224.3350067138672,321254
2025-02-19 15:20:00+00:00,223.9499969482422,224.16000366210938,223.7100067138672,224.03500366210938,385215
2025-02-19 15:25:00+00:00,224.00999450683594,224.2100067138672,223.9250030517578,223.9600067138672,286868
2025-02-19 15:30:00+00:00,224.1199951171875,224.33999633789062,223.8249969482422,224.0050048828125,499764
2025-02-19 15:35:00+00:00,224.11000061035156,224.22000122070312,223.92999267578125,224.11000061035156,274430
2025-02-19 15:40:00+00:00,224.27000427246094,224.42999267578125,224.02999877929688,224.1226043701172,331726
2025-02-19 15:45:00+00:00,224.41070556640625,224.80499267578125,224.2100067138672,224.25,322175
2025-02-19 15:50:00+00:00,224.60000610351562,224.75,224.30130004882812,224.4199981689453,377438
2025-02-19 15:55:00+00:00,224.41000366210938,224.67559814453125,224.3101043701172,224.61000061035156,244600
2025-02-19 16:00:00+00:00,224.35000610351562,224.55999755859375,224.2100067138672,224.40499877929688,284299
2025-02-19 16:05:00+00:00,224.59500122070312,224.62989807128906,224.30999755859375,224.3699951171875,184592
2025-02-19 16:10:00+00:00,224.8249969482422,224.8699951171875,224.5,224.60000610351562,201719
2025-02-19 16:15:00+00:00,224.625,224.85000610351562,224.42010498046875,224.80999755859375,229729
2025-02-19 16:20:00+00:00,224.5500030517578,224.63499450683594,224.42999267578125,224.6300048828125,155716
2025-02-19 16:25:00+00:00,224.52000427246094,224.6199951171875,224.3300018310547,224.5500030517578,200458
2025-02-19 16:30:00+00:00,224.63999938964844,224.68499755859375,224.3699951171875,224.50999450683594,158568
2025-02-19 16:35:00+00:00,224.37010192871094,224.8000030517578,224.3300018310547,224.64999389648438,208279
2025-02-19 16:40:00+00:00,224.64500427246094,224.67999267578125,224.3699951171875,224.39999389648438,148286
2025-02-19 16:45:00+00:00,224.70030212402344,224.82000732421875,224.5399932861328,224.64500427246094,153729
2025-02-19 16:50:00+00:00,224.9600067138672,225.0,224.67999267578125,224.72000122070312,210407
2025-02-19 16:55:00+00:00,224.9600067138672,225.0,224.84559631347656,224.95199584960938,148836
2025-02-19 17:00:00+00:00,224.99000549316406,225.02760314941406,224.77999877929688,224.9600067138672,205887
2025-02-19 17:05:00+00:00,225.21499633789062,225.22000122070312,224.9499969482422,224.97999572753906,205210
2025-02-19 17:10:00+00:00,225.2646942138672,225.3300018310547,225.07009887695312,225.22000122070312,223052
2025-02-19 17:15:00+00:00,224.85060119628906,225.25999450683594,224.8300018310547,225.25999450683594,185485
2025-02-19 17:20:00+00:00,224.71470642089844,224.9499969482422,224.6699981689453,224.8800048828125,150605
2025-02-19 17:25:00+00:00,224.62010192871094,224.80999755859375,224.5500030517578,224.71499633789062,234078
2025-02-19 17:30:00+00:00,224.38009643554688,224.6699981689453,224.3699951171875,224.6300048828125,182203
2025-02-19 17:35:00+00:00,224.47999572753906,224.57000732421875,224.3699951171875,224.3800048828125,155260
2025-02-19 17:40:00+00:00,224.4987030029297,224.52999877929688,224.3990020751953,224.47999572753906,149976
2025-02-19 17:45:00+00:00,224.32000732421875,224.57000732421875,224.27999877929688,224.49249267578125,182989
2025-02-19 17:50:00+00:00,224.55999755859375,224.80999755859375,224.28500366210938,224.3137969970703,1537356
2025-02-19 17:55:00+00:00,224.44500732421875,224.66000366210938,224.44000244140625,224.57000732421875,134635
2025-02-19 18:00:00+00:00,224.52000427246094,224.60000610351562,224.44000244140625,224.4499969482422,161087
2025-02-19 18:05:00+00:00,224.3000030517578,224.52999877929688,224.2216033935547,224.51499938964844,158722
2025-02-19 18:10:00+00:00,224.10000610351562,224.3000030517578,224.02999877929688,224.2949981689453,346019
2025-02-19 18:15:00+00:00,224.44000244140625,224.45530700683594,224.05999755859375,224.0850067138672,161241
2025-02-19 18:20:00+00:00,224.55499267578125,224.60000610351562,224.3699951171875,224.4250030517578,179725
2025-02-19 18:25:00+00:00,224.76499938964844,224.77000427246094,224.52999877929688,224.55999755859375,201388
2025-02-19 18:30:00+00:00,224.88999938964844,224.96499633789062,224.67010498046875,224.77000427246094,158985
2025-02-19 18:35:00+00:00,224.86500549316406,224.9864959716797,224.80999755859375,224.8800048828125,153558
2025-02-19 18:40:00+00:00,224.79840087890625,224.94500732421875,224.7899932861328,224.88999938964844,115174
2025-02-19 18:45:00+00:00,224.75,224.9199981689453,224.71499633789062,224.7899932861328,135079
2025-02-19 18:50:00+00:00,225.0500030517578,225.0800018310547,224.72999572753906,224.76339721679688,155424
2025-02-19 18:55:00+00:00,224.8000030517578,225.0800018310547,224.7949981689453,225.05999755859375,148753
2025-02-19 19:00:00+00:00,224.8800048828125,224.99000549316406,224.75689697265625,224.85000610351562,127967
2025-02-19 19:05:00+00:00,224.9499969482422,224.99000549316406,224.88499450683594,224.88499450683594,269974
2025-02-19 19:10:00+00:00,225.2100067138672,225.22000122070312,224.89010620117188,224.9600067138672,207199
2025-02-19 19:15:00+00:00,225.2064971923828,225.27000427246094,225.10000610351562,225.21499633789062,233452
2025-02-19 19:20:00+00:00,225.4199981689453,225.57000732421875,225.19000244140625,225.1999969482422,318752
2025-02-19 19:25:00+00:00,225.49000549316406,225.5399932861328,225.33999633789062,225.42999267578125,385895
2025-02-19 19:30:00+00:00,225.5399932861328,225.58999633789062,225.35000610351562,225.47000122070312,207233
2025-02-19 19:35:00+00:00,225.7550048828125,225.80999755859375,225.5,225.5301055908203,232297
2025-02-19 19:40:00+00:00,225.88499450683594,225.99000549316406,225.75140380859375,225.75999450683594,273473
2025-02-19 19:45:00+00:00,225.97500610351562,225.98489379882812,225.68539428710938,225.88499450683594,244629
2025-02-19 19:50:00+00:00,226.07000732421875,226.24000549316406,225.9499969482422,225.97500610351562,235867
2025-02-19 19:55:00+00:00,226.2050018310547,226.24000549316406,226.0500030517578,226.09719848632812,191867
2025-02-19 20:00:00+00:00,226.08999633789062,226.23500061035156,226.05499267578125,226.1999969482422,176199
2025-02-19 20:05:00+00:00,225.92999267578125,226.16000366210938,225.8800048828125,226.11000061035156,201461
2025-02-19 20:10:00+00:00,225.99000549316406,226.02999877929688,225.84950256347656,225.92999267578125,153553
2025-02-19 20:15:00+00:00,226.11000061035156,226.27000427246094,225.9700927734375,225.99000549316406,200842
2025-02-19 20:20:00+00:00,226.3699951171875,226.43499755859375,226.0850067138672,226.10009765625,249520
2025-02-19 20:25:00+00:00,226.0399932861328,226.3699951171875,225.9199981689453,226.35000610351562,284060
2025-02-19 20:30:00+00:00,226.38499450683594,226.60000610351562,226.0500030517578,226.0500030517578,372550
2025-02-19 20:35:00+00:00,226.60000610351562,226.60000610351562,226.24000549316406,226.41000366210938,271164
2025-02-19 20:40:00+00:00,226.44000244140625,226.69000244140625,226.42010498046875,226.58999633789062,281043
2025-02-19 20:45:00+00:00,226.32000732421875,226.47000122070312,226.24000549316406,226.46499633789062,264385
2025-02-19 20:50:00+00:00,226.49000549316406,226.52000427246094,226.02999877929688,226.32000732421875,421417
2025-02-19 20:55:00+00:00,226.6699981689453,226.8300018310547,226.35000610351562,226.49000549316406,985624
2025-02-20 14:30:00+00:00,223.92999267578125,225.1300048828125,223.85000610351562,224.7899932861328,1951326
2025-02-20 14:35:00+00:00,224.8430938720703,224.8430938720703,223.9199981689453,223.9199981689453,542373
2025-02-20 14:40:00+00:00,224.38999938964844,225.10000610351562,224.3699951171875,224.83999633789062,509787
2025-02-20 14:45:00+00:00,224.42999267578125,224.8553924560547,224.27000427246094,224.39500427246094,356348
2025-02-20 14:50:00+00:00,223.15390014648438,224.43499755859375,222.75999450683594,224.4199981689453,929986
2025-02-20 14:55:00+00:00,222.77499389648438,223.22000122070312,222.63800048828125,223.14999389648438,622923
2025-02-20 15:00:00+00:00,222.7050018310547,222.8699951171875,222.14239501953125,222.77000427246094,791894
2025-02-20 15:05:00+00:00,222.99000549316406,223.14999389648438,222.67999267578125,222.69000244140625,474238
2025-02-20 15:10:00+00:00,223.11000061035156,223.42849731445312,222.8000030517578,222.96299743652344,352810
2025-02-20 15:15:00+00:00,223.5399932861328,223.73800659179688,223.0847930908203,223.10000610351562,439702
2025-02-20 15:20:00+00:00,223.25999450683594,223.7899932861328,223.14999389648438,223.5500030517578,325776
2025-02-20 15:25:00+00:00,223.4600067138672,223.49000549316406,223.2310028076172,223.27999877929688,221113
2025-02-20 15:30:00+00:00,223.1656951904297,223.72000122070312,223.0800018310547,223.45680236816406,426859
2025-02-20 15:35:00+00:00,223.05999755859375,223.30999755859375,222.8800048828125,223.17999267578125,269677
2025-02-20 15:40:00+00:00,222.8800048828125,223.13999938964844,222.8000030517578,223.03500366210938,265592
2025-02-20 15:45:00+00:00,222.6999969482422,223.0800018310547,222.66000366210938,222.86000061035156,373892
2025-02-20 15:50:00+00:00,222.3000030517578,222.7050018310547,222.2899932861328,222.7050018310547,385632
2025-02-20 15:55:00+00:00,222.0800018310547,222.4600067138672,221.8800048828125,222.3000030517578,595697
2025-02-20 16:00:00+00:00,222.58999633789062,222.60000610351562,222.0850067138672,222.0850067138672,314153
2025-02-20 16:05:00+00:00,222.9499969482422,223.0,222.56910705566406,222.6199951171875,216090
2025-02-20 16:10:00+00:00,222.94000244140625,223.05999755859375,222.83120727539062,222.9499969482422,213510
2025-02-20 16:15:00+00:00,222.29339599609375,222.92999267578125,222.2899932861328,222.92999267578125,303248
2025-02-20 16:20:00+00:00,222.7010040283203,222.80999755859375,222.27000427246094,222.27999877929688,197085
2025-02-20 16:25:00+00:00,222.61000061035156,222.75999450683594,222.52499389648438,222.70309448242188,222208
2025-02-20 16:30:00+00:00,222.32000732421875,222.7100067138672,222.3101043701172,222.6199951171875,227789
2025-02-20 16:35:00+00:00,222.31280517578125,222.42970275878906,221.80999755859375,222.3300018310547,452467
2025-02-20 16:40:00+00:00,222.51600646972656,222.54629516601562,222.19000244140625,222.30499267578125,185339
2025-02-20 16:45:00+00:00,222.43919372558594,222.60000610351562,222.3397979736328,222.52000427246094,159534
2025-02-20 16:50:00+00:00,222.61500549316406,222.82000732421875,222.3708038330078,222.4550018310547,247454
2025-02-20 16:55:00+00:00,222.3800048828125,222.64999389648438,222.3000030517578,222.6199951171875,149849
2025-02-20 17:00:00+00:00,222.3000030517578,222.48500061035156,222.22000122070312,222.3699951171875,204426
2025-02-20 17:05:00+00:00,222.30499267578125,222.375,222.2469024658203,222.29730224609375,171645
2025-02-20 17:10:00+00:00,222.2467041015625,222.36740112304688,222.11000061035156,222.30499267578125,170582
2025-02-20 17:15:00+00:00,222.5399932861328,222.57000732421875,222.22999572753906,222.24000549316406,217245
2025-02-20 17:20:00+00:00,222.52999877929688,222.58999633789062,222.3159942626953,222.5500030517578,175157
2025-02-20 17:25:00+00:00,222.72000122070312,222.86740112304688,222.44000244140625,222.5500030517578,185067
2025-02-20 17:30:00+00:00,222.8300018310547,222.89999389648438,222.69000244140625,222.7407989501953,99833
2025-02-20 17:35:00+00:00,222.92010498046875,223.02999877929688,222.8300018310547,222.8300018310547,137200
2025-02-20 17:40:00+00:00,222.8780059814453,222.94200134277344,222.65499877929688,222.91000366210938,136256
2025-02-20 17:45:00+00:00,222.8105926513672,222.90499877929688,222.6300048828125,222.8800048828125,109527
2025-02-20 17:50:00+00:00,222.90499877929688,222.9600067138672,222.77020263671875,222.8300018310547,118525
2025-02-20 17:55:00+00:00,222.5800018310547,222.91819763183594,222.5800018310547,222.89500427246094,178909
2025-02-20 18:00:00+00:00,222.48699951171875,222.5800018310547,222.3300018310547,222.5749969482422,223574
2025-02-20 18:05:00+00:00,222.44610595703125,222.5207977294922,222.33999633789062,222.49000549316406,161342
2025-02-20 18:10:00+00:00,222.46499633789062,222.5800018310547,222.3800048828125,222.42999267578125,129810
2025-02-20 18:15:00+00:00,222.43649291992188,222.5050048828125,222.3000030517578,222.44940185546875,119949
2025-02-20 18:20:00+00:00,222.25,222.47059631347656,222.1800994873047,222.44000244140625,159158
2025-02-20 18:25:00+00:00,222.35000610351562,222.38490295410156,222.18499755859375,222.2498016357422,129021
2025-02-20 18:30:00+00:00,222.3300018310547,222.4550018310547,222.2899932861328,222.35499572753906,135931
2025-02-20 18:35:00+00:00,222.33999633789062,222.3699951171875,222.2899932861328,222.32150268554688,137191
2025-02-20 18:40:00+00:00,222.49000549316406,222.5,222.32730102539062,222.33999633789062,149741
2025-02-20 18:45:00+00:00,222.44970703125,222.49000549316406,222.33999633789062,222.49000549316406,104489
2025-02-20 18:50:00+00:00,222.21499633789062,222.44500732421875,222.1999969482422,222.44000244140625,141317
2025-02-20 18:55:00+00:00,222.27999877929688,222.3800048828125,222.2100067138672,222.21560668945312,652725
2025-02-20 19:00:00+00:00,222.12840270996094,222.3350067138672,222.10000610351562,222.25999450683594,188249
2025-02-20 19:05:00+00:00,222.25,222.40989685058594,222.0500030517578,222.1300048828125,234117
2025-02-20 19:10:00+00:00,222.55999755859375,222.6199951171875,222.22999572753906,222.24000549316406,256260
2025-02-20 19:15:00+00:00,222.72999572753906,222.74000549316406,222.52000427246094,222.56500244140625,161298
2025-02-20 19:20:00+00:00,222.57000732421875,222.83999633789062,222.57000732421875,222.73399353027344,177402
2025-02-20 19:25:00+00:00,222.5399932861328,222.60000610351562,222.44000244140625,222.55999755859375,134551
2025-02-20 19:30:00+00:00,222.4071044921875,222.55999755859375,222.3300018310547,222.5355987548828,145632
2025-02-20 19:35:00+00:00,222.1699981689453,222.4499969482422,222.1199951171875,222.41769409179688,145257
2025-02-20 19:40:00+00:00,222.25,222.33999633789062,222.13999938964844,222.1699981689453,599992
2025-02-20 19:45:00+00:00,222.52969360351562,222.53500366210938,222.19979858398438,222.24000549316406,201668
2025-02-20 19:50:00+00:00,222.55999755859375,222.63999938964844,222.44500732421875,222.5399932861328,149875
2025-02-20 19:55:00+00:00,222.49000549316406,222.57000732421875,222.47500610351562,222.57000732421875,203368
2025-02-20 20:00:00+00:00,222.47000122070312,222.52000427246094,222.42999267578125,222.5,161075
2025-02-20 20:05:00+00:00,222.56500244140625,222.61000061035156,222.47999572753906,222.47999572753906,190321
2025-02-20 20:10:00+00:00,222.55999755859375,222.6300048828125,222.48500061035156,222.56700134277344,141124
2025-02-20 20:15:00+00:00,222.5500030517578,222.625,222.47000122070312,222.57000732421875,271805
2025-02-20 20:20:00+00:00,222.72999572753906,222.8300018310547,222.50999450683594,222.55999755859375,233982
2025-02-20 20:25:00+00:00,222.69000244140625,222.86000061035156,222.6300048828125,222.72000122070312,337502
2025-02-20 20:30:00+00:00,222.6300048828125,222.8300018310547,222.61000061035156,222.70730590820312,205600
2025-02-20 20:35:00+00:00,222.4949951171875,222.63999938964844,222.4199981689453,222.6300048828125,280514
2025-02-20 20:40:00+00:00,222.8699951171875,222.88999938964844,222.49000549316406,222.49000549316406,277900
2025-02-20 20:45:00+00:00,222.74000549316406,222.87559509277344,222.6999969482422,222.86000061035156,291736
2025-02-20 20:50:00+00:00,222.8000030517578,223.1199951171875,222.36000061035156,222.74000549316406,859294
2025-02-20 20:55:00+00:00,222.8699951171875,223.02999877929688,222.52000427246094,222.8000030517578,1333262
2025-02-21 14:30:00+00:00,222.44000244140625,223.30999755859375,221.7100067138672,223.23500061035156,3106914
2025-02-21 14:35:00+00:00,222.26499938964844,222.8195037841797,221.98500061035156,222.44000244140625,521597
2025-02-21 14:40:00+00:00,221.89500427246094,222.3300018310547,221.75999450683594,222.27000427246094,492490
2025-02-21 14:45:00+00:00,221.22999572753906,222.2799072265625,221.06500244140625,221.9600067138672,703823
2025-02-21 14:50:00+00:00,221.37989807128906,221.4499969482422,220.87049865722656,221.2050018310547,683135
2025-02-21 14:55:00+00:00,221.0800018310547,221.44000244140625,220.92999267578125,221.32000732421875,402336
2025-02-21 15:00:00+00:00,220.70370483398438,221.16000366210938,220.64999389648438,221.02999877929688,652293
2025-02-21 15:05:00+00:00,220.68499755859375,220.75999450683594,220.13009643554688,220.7100067138672,676522
2025-02-21 15:10:00+00:00,220.57000732421875,221.08999633789062,220.4499969482422,220.67999267578125,477474
2025-02-21 15:15:00+00:00,220.60000610351562,220.74000549316406,220.38999938964844,220.5399932861328,390820
2025-02-21 15:20:00+00:00,220.13999938964844,220.60000610351562,220.02999877929688,220.55999755859375,634234
2025-02-21 15:25:00+00:00,219.4949951171875,220.3000030517578,219.41000366210938,220.14999389648438,1335510
2025-02-21 15:30:00+00:00,219.47329711914062,219.73959350585938,219.22999572753906,219.48080444335938,683131
2025-02-21 15:35:00+00:00,219.41000366210938,219.83999633789062,219.25999450683594,219.47999572753906,484615
2025-02-21 15:40:00+00:00,218.13580322265625,219.44000244140625,218.10000610351562,219.39999389648438,1024774
2025-02-21 15:45:00+00:00,219.0500030517578,219.16000366210938,218.07000732421875,218.110107421875,913425
2025-02-21 15:50:00+00:00,218.9550018310547,219.1300048828125,218.75999450683594,219.02000427246094,461842
2025-02-21 15:55:00+00:00,219.39999389648438,219.39999389648438,218.8800048828125,218.94000244140625,411586
2025-02-21 16:00:00+00:00,218.8699951171875,219.53050231933594,218.77000427246094,219.41000366210938,400859
2025-02-21 16:05:00+00:00,218.89999389648438,219.13999938964844,218.83999633789062,218.8699951171875,270082
2025-02-21 16:10:00+00:00,219.41000366210938,219.44000244140625,218.82000732421875,218.89999389648438,323433
2025-02-21 16:15:00+00:00,219.32000732421875,219.49710083007812,219.1800994873047,219.41000366210938,416595
2025-02-21 16:20:00+00:00,219.57290649414062,219.75999450683594,219.30999755859375,219.30999755859375,495903
2025-02-21 16:25:00+00:00,219.26499938964844,219.70989990234375,219.1199951171875,219.56019592285156,316374
2025-02-21 16:30:00+00:00,219.5500030517578,219.63999938964844,219.14999389648438,219.25,262613
2025-02-21 16:35:00+00:00,219.7100067138672,219.74000549316406,219.24000549316406,219.5399932861328,263722
2025-02-21 16:40:00+00:00,219.33999633789062,219.72999572753906,219.3000946044922,219.7100067138672,219132
2025-02-21 16:45:00+00:00,219.0800018310547,219.3350067138672,219.0,219.3350067138672,272564
2025-02-21 16:50:00+00:00,218.6699981689453,219.0800018310547,218.56500244140625,219.05999755859375,369342
2025-02-21 16:55:00+00:00,218.875,219.10000610351562,218.63009643554688,218.66000366210938,328232
2025-02-21 17:00:00+00:00,218.5500030517578,218.89990234375,218.5500030517578,218.86000061035156,312016
2025-02-21 17:05:00+00:00,218.0449981689453,218.5800018310547,218.0399932861328,218.5500030517578,542146
2025-02-21 17:10:00+00:00,217.6999969482422,218.0800018310547,217.66000366210938,218.0500030517578,819605
2025-02-21 17:15:00+00:00,217.52879333496094,217.91000366210938,217.41029357910156,217.68499755859375,610547
2025-02-21 17:20:00+00:00,217.5800018310547,217.97999572753906,217.39999389648438,217.4949951171875,420793
2025-02-21 17:25:00+00:00,217.6300048828125,217.75999450683594,217.4600067138672,217.60000610351562,357492
2025-02-21 17:30:00+00:00,217.2899932861328,217.6905975341797,217.24000549316406,217.6300048828125,356394
2025-02-21 17:35:00+00:00,217.0399932861328,217.4698944091797,217.00999450683594,217.27000427246094,413274
2025-02-21 17:40:00+00:00,216.85000610351562,217.09910583496094,216.8300018310547,217.02999877929688,666804
2025-02-21 17:45:00+00:00,216.93499755859375,217.0500030517578,216.77999877929688,216.85000610351562,377706
2025-02-21 17:50:00+00:00,216.60000610351562,216.99000549316406,216.5399932861328,216.9600067138672,460048
2025-02-21 17:55:00+00:00,216.9499969482422,217.0,216.60000610351562,216.60000610351562,525398
2025-02-21 18:00:00+00:00,216.8699951171875,217.02999877929688,216.7100067138672,216.97000122070312,452227
2025-02-21 18:05:00+00:00,216.5684051513672,216.91000366210938,216.52999877929688,216.85499572753906,1480738
2025-02-21 18:10:00+00:00,216.07000732421875,216.6199951171875,215.9499969482422,216.58999633789062,945742
2025-02-21 18:15:00+00:00,216.52999877929688,216.77999877929688,216.0749969482422,216.0749969482422,532737
2025-02-21 18:20:00+00:00,216.19000244140625,216.61959838867188,216.0749969482422,216.50999450683594,1338153
2025-02-21 18:25:00+00:00,216.04969787597656,216.47000122070312,216.00999450683594,216.16000366210938,384800
2025-02-21 18:30:00+00:00,216.02000427246094,216.13690185546875,215.7633056640625,216.0399932861328,524345
2025-02-21 18:35:00+00:00,215.97000122070312,216.5,215.9499969482422,216.02000427246094,731282
2025-02-21 18:40:00+00:00,215.6999969482422,216.10000610351562,215.6999969482422,215.97999572753906,399840
2025-02-21 18:45:00+00:00,215.74000549316406,215.83999633789062,215.5164031982422,215.72999572753906,461658
2025-02-21 18:50:00+00:00,215.72999572753906,215.96060180664062,215.6300048828125,215.72999572753906,360023
2025-02-21 18:55:00+00:00,215.77000427246094,215.8699951171875,215.5399932861328,215.72999572753906,365387
2025-02-21 19:00:00+00:00,215.72000122070312,215.97000122070312,215.5500030517578,215.77999877929688,397936
2025-02-21 19:05:00+00:00,215.97000122070312,215.99000549316406,215.66990661621094,215.72999572753906,404264
2025-02-21 19:10:00+00:00,216.02499389648438,216.13999938964844,215.72999572753906,215.97999572753906,431146
2025-02-21 19:15:00+00:00,215.72000122070312,216.05999755859375,215.7100067138672,216.0399932861328,381581
2025-02-21 19:20:00+00:00,215.47999572753906,215.75059509277344,215.2050018310547,215.6999969482422,542011
2025-02-21 19:25:00+00:00,214.9600067138672,215.49000549316406,214.74000549316406,215.47999572753906,1071053
2025-02-21 19:30:00+00:00,215.3267059326172,215.3800048828125,214.93960571289062,214.97000122070312,468035
2025-02-21 19:35:00+00:00,215.02999877929688,215.39999389648438,214.9499969482422,215.3000030517578,380421
2025-02-21 19:40:00+00:00,215.02999877929688,215.12669372558594,214.75010681152344,215.0500030517578,536849
2025-02-21 19:45:00+00:00,214.9949951171875,215.07000732421875,214.76010131835938,215.0500030517578,365479
2025-02-21 19:50:00+00:00,215.11000061035156,215.35000610351562,214.97000122070312,215.00999450683594,391496
2025-02-21 19:55:00+00:00,215.46299743652344,215.5399932861328,215.05999755859375,215.09500122070312,382334
2025-02-21 20:00:00+00:00,215.75070190429688,215.85000610351562,215.35000610351562,215.4499969482422,427331
2025-02-21 20:05:00+00:00,215.72500610351562,215.8800048828125,215.6103057861328,215.75,419256
2025-02-21 20:10:00+00:00,216.0500030517578,216.44000244140625,215.6199951171875,215.72000122070312,570381
2025-02-21 20:15:00+00:00,216.22000122070312,216.33999633789062,215.86000061035156,216.0399932861328,1011692
2025-02-21 20:20:00+00:00,216.40499877929688,216.41000366210938,216.02999877929688,216.1999969482422,566083
2025-02-21 20:25:00+00:00,216.4398956298828,216.4799041748047,216.11000061035156,216.41000366210938,368931
2025-02-21 20:30:00+00:00,216.17999267578125,216.58999633789062,215.89999389648438,216.44000244140625,593253
2025-02-21 20:35:00+00:00,216.19000244140625,216.3000030517578,215.80999755859375,216.17999267578125,627945
2025-02-21 20:40:00+00:00,215.80999755859375,216.2550048828125,215.80499267578125,216.19500732421875,537064
2025-02-21 20:45:00+00:00,215.80999755859375,216.05999755859375,215.6300048828125,215.82000732421875,642659
2025-02-21 20:50:00+00:00,216.5395050048828,216.5800018310547,215.6999969482422,215.85000610351562,944677
2025-02-21 20:55:00+00:00,216.49000549316406,216.85000610351562,216.3699951171875,216.52999877929688,2370017
2025-02-24 14:30:00+00:00,216.0198974609375,217.71499633789062,215.6999969482422,217.51690673828125,2600933
2025-02-24 14:35:00+00:00,216.32000732421875,216.97000122070312,216.00999450683594,216.00999450683594,824454
2025-02-24 14:40:00+00:00,215.75999450683594,216.52999877929688,215.67999267578125,216.32000732421875,700602
2025-02-24 14:45:00+00:00,215.8800048828125,216.32000732421875,215.6300048828125,215.8249969482422,606103
2025-02-24 14:50:00+00:00,214.67999267578125,216.02000427246094,214.55999755859375,215.88999938964844,872233
2025-02-24 14:55:00+00:00,214.5449981689453,215.27999877929688,214.47999572753906,214.63999938964844,705787
2025-02-24 15:00:00+00:00,213.97000122070312,214.58999633789062,213.58999633789062,214.5449981689453,849436
2025-02-24 15:05:00+00:00,213.73500061035156,214.0399932861328,213.1009979248047,213.97999572753906,977323
2025-02-24 15:10:00+00:00,214.47000122070312,214.52000427246094,213.66639709472656,213.74000549316406,607388
2025-02-24 15:15:00+00:00,213.9499969482422,214.67999267578125,213.7801055908203,214.4499969482422,601857
2025-02-24 15:20:00+00:00,214.38999938964844,214.38999938964844,213.8302001953125,213.9499969482422,464032
2025-02-24 15:25:00+00:00,213.63510131835938,214.5399932861328,213.5800018310547,214.44000244140625,438080
2025-02-24 15:30:00+00:00,213.8000030517578,214.12570190429688,213.6199951171875,213.64999389648438,427063
2025-02-24 15:35:00+00:00,213.83999633789062,213.9199981689453,213.52999877929688,213.7899932861328,365669
2025-02-24 15:40:00+00:00,213.4600067138672,213.9199981689453,213.3699951171875,213.83920288085938,439388
2025-02-24 15:45:00+00:00,213.22999572753906,213.72959899902344,212.72000122070312,213.47000122070312,684049
2025-02-24 15:50:00+00:00,213.2100067138672,213.3300018310547,212.8300018310547,213.22000122070312,478214
2025-02-24 15:55:00+00:00,213.32000732421875,213.42970275878906,212.8699951171875,213.22000122070312,435552
2025-02-24 16:00:00+00:00,213.42999267578125,213.6300048828125,213.0800018310547,213.17999267578125,422164
2025-02-24 16:05:00+00:00,213.50999450683594,213.8300018310547,213.39999389648438,213.4199981689453,294078
2025-02-24 16:10:00+00:00,213.39999389648438,213.6999969482422,213.32009887695312,213.51499938964844,350243
2025-02-24 16:15:00+00:00,213.80999755859375,213.82000732421875,213.13999938964844,213.39999389648438,359166
2025-02-24 16:20:00+00:00,214.2899932861328,214.32000732421875,213.7100067138672,213.80499267578125,325258
2025-02-24 16:25:00+00:00,214.19000244140625,214.4499969482422,214.08999633789062,214.2899932861328,364548
2025-02-24 16:30:00+00:00,213.91000366210938,214.36000061035156,213.8760986328125,214.19000244140625,394546
2025-02-24 16:35:00+00:00,213.77999877929688,214.01499938964844,213.6199951171875,213.89010620117188,372613
2025-02-24 16:40:00+00:00,214.37989807128906,214.57000732421875,213.7957000732422,213.7957000732422,337535
2025-02-24 16:45:00+00:00,214.26499938964844,214.55990600585938,214.22000122070312,214.36000061035156,242273
2025-02-24 16:50:00+00:00,213.9499969482422,214.30499267578125,213.91000366210938,214.27000427246094,198644
2025-02-24 16:55:00+00:00,214.06500244140625,214.1199951171875,213.82699584960938,213.92999267578125,249652
2025-02-24 17:00:00+00:00,214.2550048828125,214.2899932861328,214.03500366210938,214.07000732421875,168719
2025-02-24 17:05:00+00:00,214.1999969482422,214.47000122070312,213.99000549316406,214.26980590820312,200514
2025-02-24 17:10:00+00:00,214.14500427246094,214.25,213.93499755859375,214.21060180664062,172085
2025-02-24 17:15:00+00:00,214.61000061035156,214.61000061035156,214.1300048828125,214.1300048828125,194347
2025-02-24 17:20:00+00:00,214.47999572753906,214.7899932861328,214.39999389648438,214.6199951171875,239485
2025-02-24 17:25:00+00:00,214.6999969482422,214.9199981689453,214.3800048828125,214.47999572753906,348231
2025-02-24 17:30:00+00:00,214.68670654296875,214.75,214.50999450683594,214.69500732421875,204781
2025-02-24 17:35:00+00:00,214.88999938964844,214.99000549316406,214.61000061035156,214.66000366210938,165916
2025-02-24 17:40:00+00:00,215.06179809570312,215.1300048828125,214.86000061035156,214.8800048828125,242841
2025-02-24 17:45:00+00:00,215.2550048828125,215.25999450683594,214.9250030517578,215.0399932861328,256981
2025-02-24 17:50:00+00:00,214.8300018310547,215.25,214.77000427246094,215.25,313653
2025-02-24 17:55:00+00:00,214.72999572753906,215.1699981689453,214.66000366210938,214.82000732421875,192222
2025-02-24 18:00:00+00:00,214.66000366210938,214.97000122070312,214.6199951171875,214.72000122070312,199772
2025-02-24 18:05:00+00:00,214.66000366210938,214.75999450683594,214.49000549316406,214.6699981689453,201968
2025-02-24 18:10:00+00:00,214.86500549316406,214.88999938964844,214.64500427246094,214.66000366210938,253242
2025-02-24 18:15:00+00:00,214.9499969482422,215.14999389648438,214.83999633789062,214.86500549316406,192121
2025-02-24 18:20:00+00:00,214.6999969482422,214.95970153808594,214.6199951171875,214.9550018310547,151609
2025-02-24 18:25:00+00:00,214.97279357910156,215.0800018310547,214.7100067138672,214.7100067138672,161954
2025-02-24 18:30:00+00:00,214.9949951171875,215.00999450683594,214.72000122070312,214.97000122070312,265179
2025-02-24 18:35:00+00:00,214.85499572753906,214.9949951171875,214.77000427246094,214.9949951171875,136260
2025-02-24 18:40:00+00:00,214.8000030517578,214.99000549316406,214.6699981689453,214.85000610351562,1226972
2025-02-24 18:45:00+00:00,214.85000610351562,214.97000122070312,214.74000549316406,214.83999633789062,151681
2025-02-24 18:50:00+00:00,214.80499267578125,214.91000366210938,214.5800018310547,214.85000610351562,149774
2025-02-24 18:55:00+00:00,214.60000610351562,214.83999633789062,214.36000061035156,214.8000030517578,202649
2025-02-24 19:00:00+00:00,214.58779907226562,214.7449951171875,214.52000427246094,214.5800018310547,187521
2025-02-24 19:05:00+00:00,214.39999389648438,214.63999938964844,214.27000427246094,214.57000732421875,467097
2025-02-24 19:10:00+00:00,214.66000366210938,214.69320678710938,214.31199645996094,214.39999389648438,167076
2025-02-24 19:15:00+00:00,214.52999877929688,214.66990661621094,214.43069458007812,214.66009521484375,181737
2025-02-24 19:20:00+00:00,214.80999755859375,214.8249969482422,214.47999572753906,214.5,175062
2025-02-24 19:25:00+00:00,214.58709716796875,214.86000061035156,214.4600067138672,214.8000030517578,230562
2025-02-24 19:30:00+00:00,214.7050018310547,214.86000061035156,214.50999450683594,214.58999633789062,224213
2025-02-24 19:35:00+00:00,214.56500244140625,214.71719360351562,214.52000427246094,214.6999969482422,171329
2025-02-24 19:40:00+00:00,214.47999572753906,214.64999389648438,214.3800048828125,214.57000732421875,191744
2025-02-24 19:45:00+00:00,214.0399932861328,214.52000427246094,214.00999450683594,214.5,301219
2025-02-24 19:50:00+00:00,214.1199951171875,214.24000549316406,213.9499969482422,214.02999877929688,272298
2025-02-24 19:55:00+00:00,214.0399932861328,214.17999267578125,214.0,214.11000061035156,235606
2025-02-24 20:00:00+00:00,214.0,214.10499572753906,213.80499267578125,214.05999755859375,617854
2025-02-24 20:05:00+00:00,214.1750030517578,214.27999877929688,213.94000244140625,214.00979614257812,287829
2025-02-24 20:10:00+00:00,214.10000610351562,214.19000244140625,214.0301971435547,214.17999267578125,255874
2025-02-24 20:15:00+00:00,214.14500427246094,214.3699951171875,213.92999267578125,214.11019897460938,419873
2025-02-24 20:20:00+00:00,214.08999633789062,214.25999450683594,213.8800048828125,214.13999938964844,363913
2025-02-24 20:25:00+00:00,214.2613067626953,214.30999755859375,214.02999877929688,214.08999633789062,271252
2025-02-24 20:30:00+00:00,214.4499969482422,214.60000610351562,214.2801971435547,214.2949981689453,301043
2025-02-24 20:35:00+00:00,214.375,214.57000732421875,214.25999450683594,214.44000244140625,239900
2025-02-24 20:40:00+00:00,214.0500030517578,214.4149932861328,213.9199981689453,214.375,603481
2025-02-24 20:45:00+00:00,214.22900390625,214.34500122070312,214.02000427246094,214.05059814453125,367934
2025-02-24 20:50:00+00:00,213.0500030517578,214.27000427246094,212.97000122070312,214.25,975792
2025-02-24 20:55:00+00:00,212.72999572753906,213.05999755859375,212.4199981689453,213.0399932861328,3086301
2025-02-25 14:30:00+00:00,212.14500427246094,212.60000610351562,210.72999572753906,211.5749969482422,3258299
2025-02-25 14:35:00+00:00,212.07000732421875,212.49989318847656,211.74000549316406,212.13999938964844,611025
2025-02-25 14:40:00+00:00,211.11500549316406,212.0699005126953,210.9199981689453,212.0399932861328,673643
2025-02-25 14:45:00+00:00,211.1699981689453,211.35000610351562,210.47000122070312,211.1199951171875,954075
2025-02-25 14:50:00+00:00,209.75,211.3000030517578,209.44000244140625,211.17999267578125,1228088
2025-02-25 14:55:00+00:00,210.60000610351562,210.67880249023438,209.6999969482422,209.75999450683594,668087
2025-02-25 15:00:00+00:00,209.35000610351562,210.60989379882812,209.25,210.58999633789062,822202
2025-02-25 15:05:00+00:00,209.43499755859375,209.67990112304688,209.02000427246094,209.375,839475
2025-02-25 15:10:00+00:00,209.1999969482422,209.7899932861328,209.15499877929688,209.39999389648438,530346
2025-02-25 15:15:00+00:00,208.07000732421875,209.67999267578125,208.05999755859375,209.2100067138672,886364
2025-02-25 15:20:00+00:00,207.77520751953125,208.3000030517578,207.5399932861328,208.07000732421875,1465907
2025-02-25 15:25:00+00:00,207.11500549316406,208.00999450683594,207.0500030517578,207.77999877929688,1020469
2025-02-25 15:30:00+00:00,206.3699951171875,207.3000030517578,206.1699981689453,207.11500549316406,1494789
2025-02-25 15:35:00+00:00,207.1595001220703,207.58999633789062,206.22999572753906,206.3699951171875,1368956
2025-02-25 15:40:00+00:00,206.74009704589844,207.39999389648438,206.4199981689453,207.1199951171875,962654
2025-02-25 15:45:00+00:00,207.0,207.1898956298828,206.22000122070312,206.74000549316406,874780
2025-02-25 15:50:00+00:00,207.7196044921875,208.2198944091797,206.93240356445312,207.0,834446
2025-02-25 15:55:00+00:00,206.89999389648438,207.80999755859375,206.86000061035156,207.6999969482422,995510
2025-02-25 16:00:00+00:00,205.62420654296875,206.9499969482422,205.55999755859375,206.9199981689453,1330617
2025-02-25 16:05:00+00:00,206.02499389648438,206.1199951171875,204.16000366210938,205.64999389648438,2033514
2025-02-25 16:10:00+00:00,206.1999053955078,206.42999267578125,205.64999389648438,206.0500030517578,705430
2025-02-25 16:15:00+00:00,206.27000427246094,206.61990356445312,206.0800018310547,206.19000244140625,686876
2025-02-25 16:20:00+00:00,206.61000061035156,206.8300018310547,206.07000732421875,206.2899932861328,525180
2025-02-25 16:25:00+00:00,205.97000122070312,206.64999389648438,205.89999389648438,206.61000061035156,633761
2025-02-25 16:30:00+00:00,206.1750030517578,206.3000030517578,205.3800048828125,205.99000549316406,634241
2025-02-25 16:35:00+00:00,206.1811981201172,206.42999267578125,205.80999755859375,206.15499877929688,443254
2025-02-25 16:40:00+00:00,205.8242950439453,206.25999450683594,205.6300048828125,206.17999267578125,399458
2025-02-25 16:45:00+00:00,206.42999267578125,206.5614013671875,205.71009826660156,205.8300018310547,819187
2025-02-25 16:50:00+00:00,207.12579345703125,207.14999389648438,206.33999633789062,206.44000244140625,706437
2025-02-25 16:55:00+00:00,207.96499633789062,208.0,207.02999877929688,207.11000061035156,964034
2025-02-25 17:00:00+00:00,207.5845947265625,208.08700561523438,207.50999450683594,207.96499633789062,572092
2025-02-25 17:05:00+00:00,207.6699981689453,207.8350067138672,207.3802947998047,207.5749969482422,384641
2025-02-25 17:10:00+00:00,207.56500244140625,208.0500030517578,207.39999389648438,207.67999267578125,374584
2025-02-25 17:15:00+00:00,207.56199645996094,207.9499969482422,207.42999267578125,207.5500030517578,258465
2025-02-25 17:20:00+00:00,207.6999969482422,207.8000030517578,207.19000244140625,207.55999755859375,302544
2025-02-25 17:25:00+00:00,207.80560302734375,207.92999267578125,207.55499267578125,207.6999969482422,445276
2025-02-25 17:30:00+00:00,207.68499755859375,207.8800048828125,207.5749969482422,207.77999877929688,593746
2025-02-25 17:35:00+00:00,207.78939819335938,207.9149932861328,207.5845947265625,207.6999969482422,328323
2025-02-25 17:40:00+00:00,208.4600067138672,208.46499633789062,207.7899932861328,207.7949981689453,478053
2025-02-25 17:45:00+00:00,208.58999633789062,208.75,208.33999633789062,208.5,372815
2025-02-25 17:50:00+00:00,208.75,208.88999938964844,208.5500030517578,208.58999633789062,354548
2025-02-25 17:55:00+00:00,209.40499877929688,209.439697265625,208.75030517578125,208.75070190429688,401004
2025-02-25 18:00:00+00:00,210.02000427246094,210.0323028564453,209.375,209.38499450683594,643667
2025-02-25 18:05:00+00:00,210.02999877929688,210.47999572753906,209.80999755859375,210.01499938964844,628021
2025-02-25 18:10:00+00:00,209.99000549316406,210.35000610351562,209.91000366210938,210.02999877929688,391208
2025-02-25 18:15:00+00:00,209.84970092773438,210.00999450683594,209.73199462890625,210.00999450683594,636615
2025-02-25 18:20:00+00:00,209.95140075683594,210.0800018310547,209.81500244140625,209.84500122070312,323333
2025-02-25 18:25:00+00:00,209.52999877929688,210.02000427246094,209.4499969482422,209.9600067138672,299210
2025-02-25 18:30:00+00:00,210.14500427246094,210.24989318847656,209.42999267578125,209.53379821777344,373751
2025-02-25 18:35:00+00:00,211.01499938964844,211.06500244140625,210.13999938964844,210.1750030517578,445311
2025-02-25 18:40:00+00:00,210.63999938964844,211.01499938964844,210.5,211.01499938964844,307385
2025-02-25 18:45:00+00:00,210.69000244140625,210.8300018310547,210.52000427246094,210.66000366210938,270717
2025-02-25 18:50:00+00:00,210.70120239257812,210.88999938964844,210.30999755859375,210.75999450683594,304252
2025-02-25 18:55:00+00:00,210.78599548339844,210.92999267578125,210.52999877929688,210.67999267578125,243704
2025-02-25 19:00:00+00:00,210.82650756835938,210.9488983154297,210.68499755859375,210.77000427246094,238388
2025-02-25 19:05:00+00:00,211.1894073486328,211.22999572753906,210.74000549316406,210.80499267578125,311879
2025-02-25 19:10:00+00:00,210.52000427246094,211.1999969482422,210.47999572753906,211.18499755859375,338475
2025-02-25 19:15:00+00:00,210.77000427246094,210.83999633789062,210.19000244140625,210.50999450683594,505211
2025-02-25 19:20:00+00:00,210.61000061035156,210.77999877929688,210.51499938964844,210.77999877929688,183648
2025-02-25 19:25:00+00:00,210.75999450683594,210.88650512695312,210.5800018310547,210.6300048828125,217248
2025-02-25 19:30:00+00:00,211.02999877929688,211.05990600585938,210.6999969482422,210.75,322510
2025-02-25 19:35:00+00:00,211.39999389648438,211.39999389648438,210.6699981689453,211.0500030517578,289683
2025-02-25 19:40:00+00:00,211.64500427246094,211.9600067138672,211.32000732421875,211.39999389648438,421409
2025-02-25 19:45:00+00:00,211.3699951171875,211.68499755859375,211.13999938964844,211.63999938964844,300450
2025-02-25 19:50:00+00:00,211.72000122070312,211.77000427246094,211.33999633789062,211.38499450683594,364640
2025-02-25 19:55:00+00:00,211.47999572753906,211.86000061035156,211.42030334472656,211.71499633789062,280470
2025-02-25 20:00:00+00:00,211.8800048828125,211.97500610351562,211.39500427246094,211.49000549316406,362971
2025-02-25 20:05:00+00:00,212.14500427246094,212.44000244140625,211.8699951171875,211.88999938964844,480211
2025-02-25 20:10:00+00:00,211.60000610351562,212.2449951171875,211.49000549316406,212.16000366210938,400982
2025-02-25 20:15:00+00:00,212.25,212.29989624023438,211.57640075683594,211.6300048828125,553728
2025-02-25 20:20:00+00:00,212.72999572753906,212.72999572753906,212.1999969482422,212.23500061035156,607990
2025-02-25 20:25:00+00:00,212.5399932861328,212.8300018310547,212.35000610351562,212.72999572753906,539597
2025-02-25 20:30:00+00:00,212.85499572753906,212.8699951171875,212.24000549316406,212.52999877929688,504776
2025-02-25 20:35:00+00:00,212.50840759277344,212.9199981689453,212.3000030517578,212.83999633789062,454602
2025-02-25 20:40:00+00:00,212.97000122070312,213.0749969482422,212.46009826660156,212.52999877929688,630863
2025-02-25 20:45:00+00:00,213.19000244140625,213.33999633789062,212.8300018310547,212.97500610351562,659095
2025-02-25 20:50:00+00:00,212.60000610351562,213.22999572753906,212.5500030517578,213.16000366210938,945888
2025-02-25 20:55:00+00:00,212.8000030517578,213.125,212.25,212.61000061035156,2004707
2025-02-26 14:30:00+00:00,215.10000610351562,215.6020050048828,214.4542999267578,214.9149932861328,3204673
2025-02-26 14:35:00+00:00,215.27000427246094,215.3699951171875,214.404296875,215.08999633789062,1125875
2025-02-26 14:40:00+00:00,214.74560546875,215.49000549316406,214.1999969482422,215.32000732421875,616515
2025-02-26 14:45:00+00:00,215.39999389648438,215.42999267578125,214.39999389648438,214.74000549316406,445948
2025-02-26 14:50:00+00:00,215.65499877929688,215.67799377441406,215.00999450683594,215.3699951171875,714515
2025-02-26 14:55:00+00:00,216.85000610351562,216.8800048828125,215.27999877929688,215.64999389648438,1070933
2025-02-26 15:00:00+00:00,216.5,216.98519897460938,215.8699951171875,216.85499572753906,737410
2025-02-26 15:05:00+00:00,216.39500427246094,216.7100067138672,215.94000244140625,216.5,617117
2025-02-26 15:10:00+00:00,216.77999877929688,216.97999572753906,215.99000549316406,216.39999389648438,652353
2025-02-26 15:15:00+00:00,217.63499450683594,217.74000549316406,216.63999938964844,216.83999633789062,840514
2025-02-26 15:20:00+00:00,217.87010192871094,217.9600067138672,217.3126983642578,217.63999938964844,1024562
2025-02-26 15:25:00+00:00,216.91000366210938,218.16000366210938,216.74000549316406,217.90499877929688,971645
2025-02-26 15:30:00+00:00,217.2100067138672,217.32440185546875,216.82000732421875,216.92999267578125,569798
2025-02-26 15:35:00+00:00,217.44000244140625,217.82000732421875,217.0200958251953,217.22000122070312,505424
2025-02-26 15:40:00+00:00,217.30999755859375,217.74000549316406,217.27940368652344,217.44000244140625,367893
2025-02-26 15:45:00+00:00,217.02999877929688,217.42999267578125,216.85000610351562,217.3249969482422,393123
2025-02-26 15:50:00+00:00,216.94000244140625,217.07550048828125,216.41830444335938,217.02000427246094,464789
2025-02-26 15:55:00+00:00,217.12249755859375,217.1649932861328,216.75,216.9199981689453,370878
2025-02-26 16:00:00+00:00,216.88499450683594,217.34719848632812,216.8300018310547,217.13999938964844,323089
2025-02-26 16:05:00+00:00,217.1074981689453,217.17999267578125,216.875,216.8800048828125,255633
2025-02-26 16:10:00+00:00,217.0800018310547,217.2415008544922,217.0,217.1300048828125,415153
2025-02-26 16:15:00+00:00,217.02999877929688,217.1300048828125,216.77999877929688,217.0800018310547,368417
2025-02-26 16:20:00+00:00,216.8936004638672,217.1199951171875,216.63839721679688,217.05499267578125,266996
2025-02-26 16:25:00+00:00,216.8800048828125,217.0800018310547,216.77999877929688,216.88999938964844,374729
2025-02-26 16:30:00+00:00,216.5500030517578,216.9499969482422,216.4550018310547,216.8699951171875,290231
2025-02-26 16:35:00+00:00,216.86000061035156,216.97999572753906,216.47000122070312,216.5449981689453,259509
2025-02-26 16:40:00+00:00,217.0,217.0279998779297,216.4600067138672,216.88999938964844,275229
2025-02-26 16:45:00+00:00,217.06500244140625,217.1699981689453,216.97500610351562,217.00999450683594,206767
2025-02-26 16:50:00+00:00,217.00100708007812,217.14999389648438,216.94500732421875,217.0800018310547,190073
2025-02-26 16:55:00+00:00,216.64999389648438,217.02000427246094,216.5800018310547,217.0,227416
2025-02-26 17:00:00+00:00,216.97000122070312,216.99000549316406,216.55999755859375,216.67999267578125,329630
2025-02-26 17:05:00+00:00,217.02000427246094,217.32980346679688,216.9300994873047,216.97000122070312,263893
2025-02-26 17:10:00+00:00,217.36500549316406,217.39999389648438,216.99000549316406,217.02000427246094,1036500
2025-02-26 17:15:00+00:00,217.10499572753906,217.52000427246094,216.91000366210938,217.35000610351562,248496
2025-02-26 17:20:00+00:00,216.94000244140625,217.22999572753906,216.860107421875,217.1031951904297,190332
2025-02-26 17:25:00+00:00,217.07000732421875,217.1699981689453,216.7899932861328,216.9600067138672,204597
2025-02-26 17:30:00+00:00,216.83999633789062,217.3000030517578,216.75,217.08999633789062,276528
2025-02-26 17:35:00+00:00,216.42999267578125,216.8800048828125,216.41000366210938,216.84500122070312,258031
2025-02-26 17:40:00+00:00,216.6033935546875,216.7100067138672,216.2100067138672,216.41000366210938,335392
2025-02-26 17:45:00+00:00,216.22000122070312,216.69000244140625,216.1199951171875,216.60000610351562,340690
2025-02-26 17:50:00+00:00,215.8350067138672,216.3000030517578,215.50999450683594,216.2100067138672,819352
2025-02-26 17:55:00+00:00,215.52000427246094,215.8939971923828,215.27999877929688,215.8300018310547,332224
2025-02-26 18:00:00+00:00,215.36000061035156,215.60940551757812,214.9499969482422,215.52000427246094,479211
2025-02-26 18:05:00+00:00,215.46710205078125,215.5,215.14999389648438,215.35000610351562,296433
2025-02-26 18:10:00+00:00,215.38499450683594,215.60000610351562,215.13999938964844,215.4499969482422,451901
2025-02-26 18:15:00+00:00,215.27000427246094,215.3699951171875,214.8699951171875,215.36000061035156,244258
2025-02-26 18:20:00+00:00,215.3350067138672,215.5399932861328,215.19000244140625,215.30999755859375,175008
2025-02-26 18:25:00+00:00,214.67999267578125,215.38999938964844,214.6199951171875,215.33250427246094,238237
2025-02-26 18:30:00+00:00,214.914794921875,215.0500030517578,214.61500549316406,214.63999938964844,282403
2025-02-26 18:35:00+00:00,214.7100067138672,214.94000244140625,214.63999938964844,214.88999938964844,185568
2025-02-26 18:40:00+00:00,214.5050048828125,214.75,214.27000427246094,214.7050018310547,265532
2025-02-26 18:45:00+00:00,214.3699951171875,214.67999267578125,214.3300018310547,214.52000427246094,249035
2025-02-26 18:50:00+00:00,214.21499633789062,214.4600067138672,214.1199951171875,214.35960388183594,214378
2025-02-26 18:55:00+00:00,213.7949981689453,214.29989624023438,213.64999389648438,214.22999572753906,372732
2025-02-26 19:00:00+00:00,213.64999389648438,214.0800018310547,213.56370544433594,213.78500366210938,271168
2025-02-26 19:05:00+00:00,213.4239959716797,213.72000122070312,213.08999633789062,213.6199951171875,293376
2025-02-26 19:10:00+00:00,213.44000244140625,213.72999572753906,213.28500366210938,213.4149932861328,248804
2025-02-26 19:15:00+00:00,213.74000549316406,213.75999450683594,213.22000122070312,213.4600067138672,189207
2025-02-26 19:20:00+00:00,213.88999938964844,214.1300048828125,213.622802734375,213.72999572753906,318887
2025-02-26 19:25:00+00:00,213.77000427246094,214.13999938964844,213.74000549316406,213.8800048828125,227961
2025-02-26 19:30:00+00:00,213.99000549316406,214.02999877929688,213.69000244140625,213.74000549316406,182244
2025-02-26 19:35:00+00:00,214.27999877929688,214.3000030517578,213.89500427246094,213.9600067138672,207991
2025-02-26 19:40:00+00:00,214.02999877929688,214.2899932861328,214.0,214.25,243199
2025-02-26 19:45:00+00:00,213.85000610351562,214.13499450683594,213.77999877929688,214.02000427246094,272301
2025-02-26 19:50:00+00:00,213.97059631347656,214.02999877929688,213.60000610351562,213.85980224609375,234429
2025-02-26 19:55:00+00:00,213.48789978027344,213.99000549316406,213.41009521484375,213.99000549316406,204545
2025-02-26 20:00:00+00:00,213.44000244140625,213.69259643554688,213.1551055908203,213.52999877929688,1732676
2025-02-26 20:05:00+00:00,213.82000732421875,213.85000610351562,213.4600067138672,213.4600067138672,152300
2025-02-26 20:10:00+00:00,213.80999755859375,213.99000549316406,213.75,213.80999755859375,175313
2025-02-26 20:15:00+00:00,213.88999938964844,213.88999938964844,213.69000244140625,213.77999877929688,173430
2025-02-26 20:20:00+00:00,213.88479614257812,214.0305938720703,213.6501007080078,213.86500549316406,213709
2025-02-26 20:25:00+00:00,213.72000122070312,214.0,213.7100067138672,213.89999389648438,232642
2025-02-26 20:30:00+00:00,213.7711944580078,213.8498992919922,213.55999755859375,213.67999267578125,218409
2025-02-26 20:35:00+00:00,213.7100067138672,213.8800048828125,213.50999450683594,213.77499389648438,342966
2025-02-26 20:40:00+00:00,214.08999633789062,214.125,213.6300048828125,213.75,258999
2025-02-26 20:45:00+00:00,214.2100067138672,214.52000427246094,214.02000427246094,214.08999633789062,392433
2025-02-26 20:50:00+00:00,214.27000427246094,214.4398956298828,213.97999572753906,214.22000122070312,583709
2025-02-26 20:55:00+00:00,214.27000427246094,214.47999572753906,214.02000427246094,214.27000427246094,1181273
2025-02-27 14:30:00+00:00,218.6999969482422,219.97000122070312,218.14999389648438,219.5,3442798
2025-02-27 14:35:00+00:00,217.9600067138672,218.9600067138672,217.85000610351562,218.7100067138672,850418
2025-02-27 14:40:00+00:00,215.77000427246094,217.94000244140625,215.6999969482422,217.94000244140625,996138
2025-02-27 14:45:00+00:00,214.55499267578125,216.10000610351562,214.30999755859375,215.80499267578125,1243122
2025-02-27 14:50:00+00:00,213.0,214.68910217285156,212.92430114746094,214.51499938964844,899799
2025-02-27 14:55:00+00:00,212.69500732421875,213.08990478515625,212.1699981689453,213.02000427246094,838474
2025-02-27 15:00:00+00:00,212.7550048828125,212.8800048828125,211.60000610351562,212.6699981689453,932857
2025-02-27 15:05:00+00:00,213.3199005126953,213.4199981689453,212.5800018310547,212.7100067138672,630193
2025-02-27 15:10:00+00:00,214.57000732421875,215.0,213.24000549316406,213.27000427246094,807515
2025-02-27 15:15:00+00:00,214.4499969482422,214.8000030517578,214.13059997558594,214.52000427246094,747629
2025-02-27 15:20:00+00:00,214.47999572753906,215.14999389648438,214.14999389648438,214.4499969482422,587996
2025-02-27 15:25:00+00:00,214.41000366210938,214.8000030517578,214.25,214.51499938964844,306826
2025-02-27 15:30:00+00:00,213.97999572753906,214.52999877929688,213.5749969482422,214.39930725097656,386165
2025-02-27 15:35:00+00:00,214.32000732421875,214.7449951171875,213.52999877929688,213.97000122070312,299328
2025-02-27 15:40:00+00:00,214.37869262695312,214.6199951171875,214.08999633789062,214.3300018310547,268043
2025-02-27 15:45:00+00:00,214.39199829101562,214.6199951171875,214.05999755859375,214.3300018310547,226922
2025-02-27 15:50:00+00:00,213.51499938964844,214.35000610351562,213.36000061035156,214.32000732421875,288327
2025-02-27 15:55:00+00:00,213.84500122070312,213.96949768066406,213.3300018310547,213.49000549316406,256982
2025-02-27 16:00:00+00:00,214.3300018310547,214.41000366210938,213.72999572753906,213.8699951171875,264081
2025-02-27 16:05:00+00:00,214.3800048828125,214.52999877929688,214.2550048828125,214.3350067138672,213027
2025-02-27 16:10:00+00:00,215.13999938964844,215.1999969482422,214.4250030517578,214.4250030517578,338735
2025-02-27 16:15:00+00:00,215.2899932861328,215.5,215.02040100097656,215.16000366210938,430897
2025-02-27 16:20:00+00:00,215.0178985595703,215.5050048828125,214.82000732421875,215.30999755859375,312612
2025-02-27 16:25:00+00:00,214.10870361328125,215.0800018310547,214.02999877929688,215.02000427246094,232823
2025-02-27 16:30:00+00:00,214.3350067138672,214.41000366210938,213.94000244140625,214.10499572753906,220165
2025-02-27 16:35:00+00:00,214.7550048828125,214.7550048828125,214.22500610351562,214.32000732421875,190583
2025-02-27 16:40:00+00:00,214.1199951171875,214.74000549316406,214.00999450683594,214.74000549316406,178695
2025-02-27 16:45:00+00:00,214.3300018310547,214.5153045654297,214.05999755859375,214.1199951171875,172702
2025-02-27 16:50:00+00:00,213.58999633789062,214.30999755859375,213.47000122070312,214.30999755859375,363561
2025-02-27 16:55:00+00:00,213.2899932861328,213.67999267578125,213.125,213.625,214558
2025-02-27 17:00:00+00:00,213.4199981689453,213.5399932861328,213.15280151367188,213.3000030517578,165840
2025-02-27 17:05:00+00:00,213.33839416503906,213.60000610351562,213.1699981689453,213.44000244140625,191205
2025-02-27 17:10:00+00:00,213.35989379882812,213.55999755859375,213.25999450683594,213.36000061035156,132773
2025-02-27 17:15:00+00:00,212.8699951171875,213.5,212.7100067138672,213.36000061035156,233519
2025-02-27 17:20:00+00:00,213.1199951171875,213.14990234375,212.72999572753906,212.83999633789062,218036
2025-02-27 17:25:00+00:00,213.65499877929688,213.67990112304688,213.0800018310547,213.12010192871094,163949
2025-02-27 17:30:00+00:00,213.78500366210938,213.92999267578125,213.55999755859375,213.66000366210938,168724
2025-02-27 17:35:00+00:00,213.61000061035156,213.97000122070312,213.61000061035156,213.7899932861328,150543
2025-02-27 17:40:00+00:00,213.0749969482422,213.6199951171875,212.89039611816406,213.6199951171875,173291
2025-02-27 17:45:00+00:00,212.9199981689453,213.35000610351562,212.88999938964844,213.10000610351562,146992
2025-02-27 17:50:00+00:00,213.23500061035156,213.41000366210938,212.80999755859375,212.9600067138672,149371
2025-02-27 17:55:00+00:00,213.25,213.3000030517578,213.0,213.22999572753906,149586
2025-02-27 18:00:00+00:00,213.25999450683594,213.6053009033203,213.24000549316406,213.28500366210938,179588
2025-02-27 18:05:00+00:00,213.36000061035156,213.47999572753906,213.0800018310547,213.25999450683594,143477
2025-02-27 18:10:00+00:00,213.89120483398438,214.0,213.27000427246094,213.34500122070312,230035
2025-02-27 18:15:00+00:00,213.86000061035156,214.0198974609375,213.67999267578125,213.90989685058594,184641
2025-02-27 18:20:00+00:00,213.875,214.02000427246094,213.6602020263672,213.90499877929688,192481
2025-02-27 18:25:00+00:00,213.75,213.9499969482422,213.55999755859375,213.875,154421
2025-02-27 18:30:00+00:00,213.77000427246094,213.85000610351562,213.61000061035156,213.77000427246094,136391
2025-02-27 18:35:00+00:00,213.8249969482422,213.83999633789062,213.5800018310547,213.77499389648438,137124
2025-02-27 18:40:00+00:00,213.5063018798828,213.88999938964844,213.3800048828125,213.8166961669922,194005
2025-02-27 18:45:00+00:00,213.50999450683594,213.5399932861328,213.27000427246094,213.47500610351562,144740
2025-02-27 18:50:00+00:00,213.63999938964844,213.63999938964844,213.13999938964844,213.46080017089844,164498
2025-02-27 18:55:00+00:00,213.30999755859375,213.7050018310547,213.1999969482422,213.63999938964844,199032
2025-02-27 19:00:00+00:00,213.22999572753906,213.35000610351562,212.99000549316406,213.30999755859375,193995
2025-02-27 19:05:00+00:00,212.6699981689453,213.1999969482422,212.64999389648438,213.1999969482422,195553
2025-02-27 19:10:00+00:00,212.5,212.7971954345703,212.4499969482422,212.67970275878906,252879
2025-02-27 19:15:00+00:00,212.17999267578125,212.52000427246094,211.80999755859375,212.47210693359375,347401
2025-02-27 19:20:00+00:00,211.80999755859375,212.18739318847656,211.69000244140625,212.17869567871094,314147
2025-02-27 19:25:00+00:00,211.08999633789062,211.88999938964844,211.05999755859375,211.8000030517578,307759
2025-02-27 19:30:00+00:00,210.39999389648438,211.10000610351562,210.14999389648438,211.10000610351562,517505
2025-02-27 19:35:00+00:00,210.69000244140625,211.02000427246094,210.3699951171875,210.3820037841797,363501
2025-02-27 19:40:00+00:00,210.77000427246094,210.85499572753906,210.38999938964844,210.68429565429688,305947
2025-02-27 19:45:00+00:00,210.6199951171875,211.02999877929688,210.47000122070312,210.77999877929688,348975
2025-02-27 19:50:00+00:00,210.85499572753906,211.05999755859375,210.35000610351562,210.61500549316406,374611
2025-02-27 19:55:00+00:00,210.9199981689453,211.03990173339844,210.6800994873047,210.85499572753906,329546
2025-02-27 20:00:00+00:00,210.17999267578125,210.94000244140625,209.8300018310547,210.92999267578125,507690
2025-02-27 20:05:00+00:00,210.3249969482422,210.5050048828125,210.02000427246094,210.1999969482422,361062
2025-02-27 20:10:00+00:00,210.3300018310547,210.58999633789062,210.0,210.31500244140625,335018
2025-02-27 20:15:00+00:00,209.9499969482422,210.52999877929688,209.8800048828125,210.3300018310547,385595
2025-02-27 20:20:00+00:00,210.27000427246094,210.5406951904297,209.7657012939453,209.9499969482422,410931
2025-02-27 20:25:00+00:00,209.80999755859375,210.50999450683594,209.76370239257812,210.36000061035156,348721
2025-02-27 20:30:00+00:00,209.9499969482422,210.32000732421875,209.82000732421875,209.82000732421875,390834
2025-02-27 20:35:00+00:00,209.7115936279297,210.21910095214844,209.66000366210938,209.97999572753906,377278
2025-02-27 20:40:00+00:00,209.125,209.75399780273438,209.05999755859375,209.7100067138672,641738
2025-02-27 20:45:00+00:00,209.35000610351562,209.52000427246094,208.80999755859375,209.139892578125,703716
2025-02-27 20:50:00+00:00,208.75999450683594,209.5,208.61000061035156,209.32000732421875,910500
2025-02-27 20:55:00+00:00,208.82000732421875,208.88999938964844,208.3699951171875,208.75999450683594,2404162
2025-02-28 14:30:00+00:00,207.22999572753906,208.10000610351562,206.99000549316406,207.86000061035156,2610875
2025-02-28 14:35:00+00:00,208.16000366210938,208.8800048828125,207.2301025390625,207.25,937299
2025-02-28 14:40:00+00:00,208.3800048828125,208.80999755859375,207.27999877929688,208.16990661621094,810034
2025-02-28 14:45:00+00:00,208.1699981689453,208.4084930419922,207.75010681152344,208.35000610351562,417706
2025-02-28 14:50:00+00:00,208.64500427246094,208.97000122070312,208.1699981689453,208.1699981689453,619343
2025-02-28 14:55:00+00:00,208.42999267578125,208.72000122070312,207.96009826660156,208.6300048828125,428807
2025-02-28 15:00:00+00:00,208.75,209.25,208.32000732421875,208.36000061035156,577102
2025-02-28 15:05:00+00:00,208.61000061035156,209.0,208.2949981689453,208.77200317382812,297386
2025-02-28 15:10:00+00:00,209.4499969482422,209.4499969482422,208.47000122070312,208.5399932861328,512810
2025-02-28 15:15:00+00:00,209.07000732421875,209.49949645996094,208.90499877929688,209.41000366210938,414865
2025-02-28 15:20:00+00:00,209.70159912109375,209.75,208.8800048828125,209.03500366210938,515014
2025-02-28 15:25:00+00:00,210.5742950439453,210.5800018310547,209.52000427246094,209.67999267578125,863880
2025-02-28 15:30:00+00:00,210.22999572753906,210.66000366210938,210.08999633789062,210.55999755859375,637401
2025-02-28 15:35:00+00:00,209.99119567871094,210.25,209.50999450683594,210.22999572753906,420603
2025-02-28 15:40:00+00:00,210.14999389648438,210.25,209.80999755859375,210.01499938964844,393167
2025-02-28 15:45:00+00:00,210.10000610351562,210.5399932861328,209.99000549316406,210.14500427246094,292397
2025-02-28 15:50:00+00:00,210.1199951171875,210.36000061035156,209.91000366210938,210.0850067138672,325935
2025-02-28 15:55:00+00:00,210.38999938964844,210.4550018310547,210.00999450683594,210.11000061035156,271980
2025-02-28 16:00:00+00:00,210.55999755859375,210.6699981689453,210.15499877929688,210.3800048828125,304052
2025-02-28 16:05:00+00:00,210.74000549316406,210.8800048828125,210.44000244140625,210.52499389648438,451955
2025-02-28 16:10:00+00:00,210.10000610351562,210.80999755859375,209.97000122070312,210.75999450683594,426018
2025-02-28 16:15:00+00:00,209.9600067138672,210.15609741210938,209.2812042236328,210.10000610351562,428021
2025-02-28 16:20:00+00:00,210.0,210.30499267578125,209.9199981689453,209.9499969482422,265217
2025-02-28 16:25:00+00:00,209.3699951171875,210.10000610351562,209.27040100097656,210.00999450683594,309824
2025-02-28 16:30:00+00:00,209.94000244140625,210.02000427246094,209.2899932861328,209.36000061035156,267503
2025-02-28 16:35:00+00:00,210.01060485839844,210.14999389648438,209.80999755859375,209.9600067138672,206225
2025-02-28 16:40:00+00:00,210.30499267578125,210.47000122070312,209.9600067138672,209.97999572753906,205512
2025-02-28 16:45:00+00:00,209.9600067138672,210.3000030517578,209.8905029296875,210.27999877929688,202558
2025-02-28 16:50:00+00:00,209.80560302734375,210.00999450683594,209.60000610351562,209.9550018310547,225930
2025-02-28 16:55:00+00:00,209.2949981689453,209.82000732421875,209.21029663085938,209.80999755859375,273993
2025-02-28 17:00:00+00:00,209.16000366210938,209.63999938964844,209.1199951171875,209.2949981689453,264139
2025-02-28 17:05:00+00:00,209.36000061035156,209.5800018310547,209.1300048828125,209.13999938964844,221236
2025-02-28 17:10:00+00:00,209.6699981689453,209.84039306640625,209.32000732421875,209.33999633789062,191440
2025-02-28 17:15:00+00:00,209.9499969482422,210.00999450683594,209.42999267578125,209.63999938964844,253613
2025-02-28 17:20:00+00:00,209.32000732421875,210.1063995361328,209.0399932861328,209.9499969482422,202925
2025-02-28 17:25:00+00:00,209.28500366210938,209.5,209.19000244140625,209.3300018310547,186333
2025-02-28 17:30:00+00:00,209.13999938964844,209.34030151367188,209.0,209.2899932861328,209148
2025-02-28 17:35:00+00:00,209.02969360351562,209.21499633789062,208.91009521484375,209.1699981689453,193466
2025-02-28 17:40:00+00:00,208.3300018310547,209.05999755859375,208.17999267578125,209.03500366210938,604468
2025-02-28 17:45:00+00:00,207.93890380859375,208.5500030517578,207.93890380859375,208.3300018310547,378705
2025-02-28 17:50:00+00:00,208.3699951171875,208.5399932861328,207.8300018310547,207.92999267578125,258406
2025-02-28 17:55:00+00:00,207.91000366210938,208.36500549316406,207.91000366210938,208.36000061035156,221420
2025-02-28 18:00:00+00:00,208.1407012939453,208.41720581054688,207.77999877929688,207.9199981689453,240405
2025-02-28 18:05:00+00:00,207.94000244140625,208.22999572753906,207.82000732421875,208.1300048828125,230875
2025-02-28 18:10:00+00:00,207.99000549316406,208.0050048828125,207.72999572753906,207.94000244140625,256650
2025-02-28 18:15:00+00:00,207.49969482421875,208.25,207.3800048828125,208.0,412684
2025-02-28 18:20:00+00:00,207.5399932861328,207.80999755859375,207.4199981689453,207.4700927734375,315157
2025-02-28 18:25:00+00:00,208.5124053955078,208.63499450683594,207.55999755859375,207.57000732421875,284751
2025-02-28 18:30:00+00:00,208.67430114746094,208.75,208.22999572753906,208.47999572753906,262758
2025-02-28 18:35:00+00:00,208.7100067138672,208.88499450683594,208.50999450683594,208.66000366210938,216926
2025-02-28 18:40:00+00:00,208.72500610351562,208.99000549316406,208.32000732421875,208.74000549316406,251484
2025-02-28 18:45:00+00:00,208.61000061035156,208.84500122070312,208.42010498046875,208.7100067138672,226776
2025-02-28 18:50:00+00:00,208.47999572753906,208.75999450683594,208.4008026123047,208.55999755859375,191051
2025-02-28 18:55:00+00:00,207.61500549316406,208.51499938964844,207.55999755859375,208.48500061035156,276126
2025-02-28 19:00:00+00:00,207.86000061035156,208.13999938964844,207.55999755859375,207.56039428710938,243918
2025-02-28 19:05:00+00:00,207.97999572753906,208.1300048828125,207.83999633789062,207.91000366210938,232731
2025-02-28 19:10:00+00:00,207.9250030517578,208.10000610351562,207.83999633789062,207.98500061035156,1217449
2025-02-28 19:15:00+00:00,208.53500366210938,208.55999755859375,207.89500427246094,207.9199981689453,284013
2025-02-28 19:20:00+00:00,208.27999877929688,208.60000610351562,207.92999267578125,208.5449981689453,175044
2025-02-28 19:25:00+00:00,208.20249938964844,208.50999450683594,208.11000061035156,208.2899932861328,358212
2025-02-28 19:30:00+00:00,208.43499755859375,208.58999633789062,208.02999877929688,208.22000122070312,294744
2025-02-28 19:35:00+00:00,208.77000427246094,208.9149932861328,208.3719024658203,208.43499755859375,293879
2025-02-28 19:40:00+00:00,209.0399932861328,209.24000549316406,208.72000122070312,208.77999877929688,354466
2025-02-28 19:45:00+00:00,209.27000427246094,209.37069702148438,209.01010131835938,209.05999755859375,218917
2025-02-28 19:50:00+00:00,209.1667938232422,209.44000244140625,208.97999572753906,209.25,237397
2025-02-28 19:55:00+00:00,209.30999755859375,209.4199981689453,209.02999877929688,209.19000244140625,225201
2025-02-28 20:00:00+00:00,209.56500244140625,209.64999389648438,209.22000122070312,209.31500244140625,287209
2025-02-28 20:05:00+00:00,209.6999969482422,209.83999633789062,209.41400146484375,209.56500244140625,261749
2025-02-28 20:10:00+00:00,209.5050048828125,209.77000427246094,209.30499267578125,209.70730590820312,302488
2025-02-28 20:15:00+00:00,209.3000030517578,209.63999938964844,209.25,209.5,326559
2025-02-28 20:20:00+00:00,209.3249969482422,209.4600067138672,209.0500030517578,209.2899932861328,340670
2025-02-28 20:25:00+00:00,209.77000427246094,209.7899932861328,209.25,209.30499267578125,305710
2025-02-28 20:30:00+00:00,208.9199981689453,209.75,208.88999938964844,209.74000549316406,353022
2025-02-28 20:35:00+00:00,209.27499389648438,209.389892578125,208.75,208.89999389648438,339310
2025-02-28 20:40:00+00:00,209.44000244140625,209.6999969482422,209.27000427246094,209.27999877929688,437531
2025-02-28 20:45:00+00:00,209.7899932861328,209.85000610351562,209.2949981689453,209.42999267578125,412371
2025-02-28 20:50:00+00:00,211.6999969482422,211.8300018310547,209.78500366210938,209.8000030517578,2028803
2025-02-28 20:55:00+00:00,212.3000030517578,212.6199951171875,211.6699981689453,211.74000549316406,3927161
2025-03-03 14:30:00+00:00,213.6199951171875,214.00999450683594,212.17999267578125,213.3520050048828,2409839
2025-03-03 14:35:00+00:00,211.4698944091797,213.7899932861328,211.30599975585938,213.6199951171875,871235
2025-03-03 14:40:00+00:00,211.39630126953125,211.75999450683594,210.8249969482422,211.46499633789062,845209
2025-03-03 14:45:00+00:00,211.05999755859375,212.19659423828125,211.0,211.3699951171875,602173
2025-03-03 14:50:00+00:00,210.7899932861328,211.4499969482422,210.64999389648438,211.05499267578125,491215
2025-03-03 14:55:00+00:00,209.91000366210938,210.89999389648438,209.43460083007812,210.80999755859375,906935
2025-03-03 15:00:00+00:00,210.33700561523438,210.47000122070312,209.0,209.86000061035156,725998
2025-03-03 15:05:00+00:00,209.5850067138672,210.5399932861328,209.3699951171875,210.3699951171875,459580
2025-03-03 15:10:00+00:00,209.85000610351562,210.6199951171875,209.47000122070312,209.5800018310547,323160
2025-03-03 15:15:00+00:00,209.69000244140625,210.3300018310547,209.6199951171875,209.80999755859375,280622
2025-03-03 15:20:00+00:00,210.4499969482422,210.97000122070312,209.64999389648438,209.64999389648438,377338
2025-03-03 15:25:00+00:00,210.6699981689453,210.77220153808594,210.25010681152344,210.4199981689453,282937
2025-03-03 15:30:00+00:00,210.2899932861328,210.89999389648438,210.02999877929688,210.6699981689453,384250
2025-03-03 15:35:00+00:00,210.34120178222656,210.5500030517578,209.77000427246094,210.28900146484375,418521
2025-03-03 15:40:00+00:00,210.77499389648438,210.8206024169922,210.08999633789062,210.34500122070312,202558
2025-03-03 15:45:00+00:00,210.00999450683594,210.72000122070312,209.8300018310547,210.71499633789062,284318
2025-03-03 15:50:00+00:00,210.02000427246094,210.47999572753906,209.8800048828125,210.0800018310547,277283
2025-03-03 15:55:00+00:00,209.07000732421875,210.08859252929688,208.88999938964844,210.02000427246094,344305
2025-03-03 16:00:00+00:00,209.44000244140625,209.74200439453125,209.07000732421875,209.07000732421875,274132
2025-03-03 16:05:00+00:00,209.3699951171875,209.64999389648438,209.22030639648438,209.42999267578125,189567
2025-03-03 16:10:00+00:00,209.46499633789062,209.602294921875,209.04600524902344,209.38499450683594,304774
2025-03-03 16:15:00+00:00,209.3800048828125,209.5500030517578,209.1199951171875,209.47000122070312,247594
2025-03-03 16:20:00+00:00,209.8800048828125,209.99000549316406,209.32000732421875,209.3800048828125,333281
2025-03-03 16:25:00+00:00,208.6699981689453,209.88499450683594,208.6320037841797,209.88499450683594,390889
2025-03-03 16:30:00+00:00,208.33999633789062,208.88999938964844,208.27000427246094,208.69500732421875,541322
2025-03-03 16:35:00+00:00,208.13999938964844,208.7082977294922,207.97000122070312,208.33999633789062,394901
2025-03-03 16:40:00+00:00,208.02000427246094,208.1999969482422,207.78500366210938,208.15499877929688,510297
2025-03-03 16:45:00+00:00,208.8699951171875,208.8699951171875,207.91000366210938,208.00999450683594,349975
2025-03-03 16:50:00+00:00,208.6894989013672,209.0500030517578,208.64999389648438,208.83999633789062,230144
2025-03-03 16:55:00+00:00,208.86000061035156,208.99000549316406,208.59640502929688,208.72000122070312,235001
2025-03-03 17:00:00+00:00,208.8986053466797,209.0,208.63999938964844,208.70489501953125,210490
2025-03-03 17:05:00+00:00,208.68240356445312,209.02999877929688,208.63999938964844,208.88999938964844,182239
2025-03-03 17:10:00+00:00,208.8000030517578,208.8699951171875,208.5601043701172,208.7100067138672,173559
2025-03-03 17:15:00+00:00,209.00999450683594,209.17999267578125,208.6699981689453,208.77999877929688,225464
2025-03-03 17:20:00+00:00,209.02000427246094,209.38999938964844,208.92999267578125,209.0216064453125,322920
2025-03-03 17:25:00+00:00,209.2332000732422,209.29989624023438,208.8300018310547,209.01499938964844,246194
2025-03-03 17:30:00+00:00,209.1898956298828,209.39149475097656,209.0847930908203,209.24000549316406,211169
2025-03-03 17:35:00+00:00,209.389892578125,209.5,208.9499969482422,209.2100067138672,209672
2025-03-03 17:40:00+00:00,209.3800048828125,209.5399932861328,209.30999755859375,209.3800048828125,201188
2025-03-03 17:45:00+00:00,209.36000061035156,209.43960571289062,208.9949951171875,209.38499450683594,253259
2025-03-03 17:50:00+00:00,209.0500030517578,209.3800048828125,209.0399932861328,209.35000610351562,210481
2025-03-03 17:55:00+00:00,209.1300048828125,209.17999267578125,208.72999572753906,209.0500030517578,298526
2025-03-03 18:00:00+00:00,208.8699951171875,209.2322998046875,208.6999969482422,209.11000061035156,250893
2025-03-03 18:05:00+00:00,208.13999938964844,208.889892578125,208.0601043701172,208.83999633789062,268688
2025-03-03 18:10:00+00:00,207.68460083007812,208.25999450683594,207.64999389648438,208.08999633789062,459920
2025-03-03 18:15:00+00:00,207.85000610351562,208.02499389648438,207.55999755859375,207.69000244140625,340828
2025-03-03 18:20:00+00:00,208.3000030517578,208.4600067138672,207.72999572753906,207.85000610351562,270435
2025-03-03 18:25:00+00:00,207.36000061035156,208.25889587402344,207.2899932861328,208.2550048828125,411481
2025-03-03 18:30:00+00:00,207.36000061035156,207.74000549316406,207.14999389648438,207.4250030517578,350278
2025-03-03 18:35:00+00:00,206.9199981689453,207.52999877929688,206.66000366210938,207.38279724121094,521113
2025-03-03 18:40:00+00:00,207.35049438476562,207.5988006591797,206.82000732421875,206.88999938964844,275038
2025-03-03 18:45:00+00:00,207.49000549316406,208.1999969482422,207.06500244140625,207.36000061035156,405698
2025-03-03 18:50:00+00:00,207.60000610351562,207.97000122070312,207.35000610351562,207.4600067138672,241856
2025-03-03 18:55:00+00:00,207.88499450683594,208.02999877929688,207.47999572753906,207.5500030517578,253169
2025-03-03 19:00:00+00:00,208.11500549316406,208.30960083007812,207.77999877929688,207.86000061035156,261221
2025-03-03 19:05:00+00:00,207.9499969482422,208.22000122070312,207.8699951171875,208.10000610351562,211247
2025-03-03 19:10:00+00:00,207.53990173339844,207.94500732421875,207.39999389648438,207.94000244140625,272254
2025-03-03 19:15:00+00:00,207.1199951171875,207.63999938964844,207.09500122070312,207.55999755859375,340999
2025-03-03 19:20:00+00:00,207.38999938964844,207.60499572753906,207.10000610351562,207.11500549316406,261907
2025-03-03 19:25:00+00:00,207.24000549316406,207.39999389648438,207.1300048828125,207.3800048828125,232671
2025-03-03 19:30:00+00:00,207.74009704589844,207.89999389648438,207.22000122070312,207.25,260690
2025-03-03 19:35:00+00:00,207.82000732421875,207.88999938964844,207.2899932861328,207.74000549316406,261802
2025-03-03 19:40:00+00:00,208.05499267578125,208.14999389648438,207.77999877929688,207.82000732421875,280145
2025-03-03 19:45:00+00:00,207.3300018310547,208.07000732421875,207.29100036621094,208.07000732421875,229322
2025-03-03 19:50:00+00:00,206.41000366210938,207.5500030517578,206.08140563964844,207.32000732421875,515921
2025-03-03 19:55:00+00:00,206.14999389648438,206.8000030517578,206.08999633789062,206.42999267578125,405202
2025-03-03 20:00:00+00:00,205.30140686035156,206.16000366210938,205.00999450683594,206.16000366210938,539694
2025-03-03 20:05:00+00:00,204.6999969482422,205.57000732421875,204.59010314941406,205.30999755859375,701671
2025-03-03 20:10:00+00:00,204.22500610351562,204.80999755859375,203.82000732421875,204.72000122070312,942952
2025-03-03 20:15:00+00:00,204.6300048828125,205.32989501953125,204.1999969482422,204.22000122070312,686412
2025-03-03 20:20:00+00:00,204.1887969970703,204.85000610351562,204.1649932861328,204.61500549316406,637505
2025-03-03 20:25:00+00:00,204.22999572753906,204.52000427246094,203.97999572753906,204.22000122070312,608923
2025-03-03 20:30:00+00:00,204.0749969482422,204.97000122070312,203.9199981689453,204.22000122070312,688993
2025-03-03 20:35:00+00:00,203.3699951171875,204.2100067138672,203.32009887695312,204.0399932861328,716861
2025-03-03 20:40:00+00:00,202.86000061035156,203.5399932861328,202.5500030517578,203.3699951171875,990097
2025-03-03 20:45:00+00:00,203.5800018310547,203.9199981689453,202.77999877929688,202.8300018310547,827820
2025-03-03 20:50:00+00:00,203.98500061035156,204.0718994140625,203.24000549316406,203.55999755859375,1227310
2025-03-03 20:55:00+00:00,205.05999755859375,205.0800018310547,203.98500061035156,204.00999450683594,2138544
2025-03-04 14:30:00+00:00,200.41090393066406,202.10000610351562,199.00999450683594,200.11000061035156,6515022
2025-03-04 14:35:00+00:00,200.2657928466797,201.57949829101562,200.14999389648438,200.47000122070312,1555980
2025-03-04 14:40:00+00:00,200.1208038330078,201.0800018310547,199.07000732421875,200.26499938964844,1392382
2025-03-04 14:45:00+00:00,200.52000427246094,201.36000061035156,199.7550048828125,200.13999938964844,1168664
2025-03-04 14:50:00+00:00,200.27000427246094,200.72000122070312,199.5,200.55499267578125,938415
2025-03-04 14:55:00+00:00,199.9199981689453,201.13999938964844,199.87759399414062,200.27999877929688,861760
2025-03-04 15:00:00+00:00,199.3699951171875,199.88999938964844,198.69000244140625,199.88999938964844,1202321
2025-03-04 15:05:00+00:00,198.9499969482422,199.66000366210938,198.5500030517578,199.36000061035156,953448
2025-03-04 15:10:00+00:00,199.4550018310547,199.9600067138672,198.54859924316406,198.89999389648438,971891
2025-03-04 15:15:00+00:00,198.125,199.47000122070312,197.77000427246094,199.44000244140625,1155405
2025-03-04 15:20:00+00:00,197.9600067138672,198.42999267578125,197.4320068359375,198.1699981689453,1128689
2025-03-04 15:25:00+00:00,198.35000610351562,198.67999267578125,197.77499389648438,197.9499969482422,911886
2025-03-04 15:30:00+00:00,199.16000366210938,199.66000366210938,197.92999267578125,198.27000427246094,1116738
2025-03-04 15:35:00+00:00,199.4600067138672,199.8842010498047,198.5,199.13999938964844,884421
2025-03-04 15:40:00+00:00,199.47999572753906,199.97000122070312,198.8800048828125,199.47500610351562,695437
2025-03-04 15:45:00+00:00,199.72000122070312,199.99000549316406,199.0803985595703,199.49000549316406,775395
2025-03-04 15:50:00+00:00,199.16969299316406,199.8300018310547,199.0800018310547,199.7100067138672,564000
2025-03-04 15:55:00+00:00,199.36000061035156,199.55999755859375,198.75999450683594,199.1699981689453,674939
2025-03-04 16:00:00+00:00,198.97500610351562,199.66119384765625,198.58999633789062,199.3300018310547,541974
2025-03-04 16:05:00+00:00,198.75,199.4199981689453,198.55499267578125,198.9499969482422,509743
2025-03-04 16:10:00+00:00,199.57679748535156,199.67999267578125,198.6199951171875,198.7725067138672,531049
2025-03-04 16:15:00+00:00,199.44500732421875,199.9600067138672,199.36000061035156,199.55999755859375,489799
2025-03-04 16:20:00+00:00,199.63999938964844,199.78500366210938,199.39999389648438,199.47999572753906,532297
2025-03-04 16:25:00+00:00,199.40499877929688,199.92999267578125,198.86500549316406,199.65499877929688,731388
2025-03-04 16:30:00+00:00,200.17999267578125,200.4199981689453,199.35000610351562,199.38999938964844,676788
2025-03-04 16:35:00+00:00,200.02000427246094,200.50999450683594,199.94000244140625,200.1999969482422,496274
2025-03-04 16:40:00+00:00,201.07000732421875,201.16000366210938,199.91000366210938,200.0050048828125,517345
2025-03-04 16:45:00+00:00,201.5800018310547,201.61959838867188,200.7899932861328,201.0399932861328,644631
2025-03-04 16:50:00+00:00,201.77499389648438,201.93499755859375,200.5,201.5500030517578,612564
2025-03-04 16:55:00+00:00,201.47000122070312,202.16000366210938,201.25999450683594,201.75999450683594,618236
2025-03-04 17:00:00+00:00,201.4550018310547,201.6999969482422,201.16259765625,201.4600067138672,415651
2025-03-04 17:05:00+00:00,201.22999572753906,201.58990478515625,201.0800018310547,201.4499969482422,319274
2025-03-04 17:10:00+00:00,201.91000366210938,201.9499969482422,201.1999969482422,201.22000122070312,431169
2025-03-04 17:15:00+00:00,202.0449981689453,202.23880004882812,201.74000549316406,201.91000366210938,490556
2025-03-04 17:20:00+00:00,202.44000244140625,202.8800048828125,201.97999572753906,202.0500946044922,801235
2025-03-04 17:25:00+00:00,203.06500244140625,203.4499969482422,202.39999389648438,202.4250030517578,657930
2025-03-04 17:30:00+00:00,202.6649932861328,203.0500030517578,202.20480346679688,203.0500030517578,405184
2025-03-04 17:35:00+00:00,202.9499969482422,203.00999450683594,202.57000732421875,202.6199951171875,348332
2025-03-04 17:40:00+00:00,202.1300048828125,202.98159790039062,201.91000366210938,202.94000244140625,906661
2025-03-04 17:45:00+00:00,202.6407012939453,202.83999633789062,202.11000061035156,202.11000061035156,352020
2025-03-04 17:50:00+00:00,202.47000122070312,202.64999389648438,201.9600067138672,202.64999389648438,377645
2025-03-04 17:55:00+00:00,202.35000610351562,202.48330688476562,202.13999938964844,202.4499969482422,309961
2025-03-04 18:00:00+00:00,202.42999267578125,202.60000610351562,202.02999877929688,202.35000610351562,286537
2025-03-04 18:05:00+00:00,203.1968994140625,203.25999450683594,202.3303985595703,202.4199981689453,312343
2025-03-04 18:10:00+00:00,203.50999450683594,203.75999450683594,203.10000610351562,203.1199951171875,419683
2025-03-04 18:15:00+00:00,203.25,203.50999450683594,203.0399932861328,203.50999450683594,352562
2025-03-04 18:20:00+00:00,202.85000610351562,203.3000030517578,202.6699981689453,203.27999877929688,318848
2025-03-04 18:25:00+00:00,202.89999389648438,203.10000610351562,202.69000244140625,202.8300018310547,208670
2025-03-04 18:30:00+00:00,203.4600067138672,203.49000549316406,202.69000244140625,202.89999389648438,241565
2025-03-04 18:35:00+00:00,203.7100067138672,203.72259521484375,203.27000427246094,203.4499969482422,290974
2025-03-04 18:40:00+00:00,203.92999267578125,204.1999969482422,203.58999633789062,203.72999572753906,317860
2025-03-04 18:45:00+00:00,203.82000732421875,204.1707000732422,203.69000244140625,203.9250030517578,316647
2025-03-04 18:50:00+00:00,204.1699981689453,204.24000549316406,203.64999389648438,203.8000030517578,665991
2025-03-04 18:55:00+00:00,204.33799743652344,204.55499267578125,204.13499450683594,204.13999938964844,342790
2025-03-04 19:00:00+00:00,204.8000030517578,204.8800048828125,204.30499267578125,204.30499267578125,428889
2025-03-04 19:05:00+00:00,205.0,205.16000366210938,204.63999938964844,204.7949981689453,489412
2025-03-04 19:10:00+00:00,204.93429565429688,205.08999633789062,204.67999267578125,205.00999450683594,290395
2025-03-04 19:15:00+00:00,204.99000549316406,205.1199951171875,204.69000244140625,204.9499969482422,288800
2025-03-04 19:20:00+00:00,205.55999755859375,205.75999450683594,204.91000366210938,205.0,408930
2025-03-04 19:25:00+00:00,204.85000610351562,205.6894073486328,204.8000030517578,205.56500244140625,362297
2025-03-04 19:30:00+00:00,204.61000061035156,204.9886016845703,204.38999938964844,204.8699951171875,417032
2025-03-04 19:35:00+00:00,204.75999450683594,204.8350067138672,204.47999572753906,204.5800018310547,237270
2025-03-04 19:40:00+00:00,205.35000610351562,205.4600067138672,204.72999572753906,204.74000549316406,505678
2025-03-04 19:45:00+00:00,205.39999389648438,205.85000610351562,205.25,205.3699951171875,487564
2025-03-04 19:50:00+00:00,205.37660217285156,205.66000366210938,205.22000122070312,205.3699951171875,544060
2025-03-04 19:55:00+00:00,205.52499389648438,205.58999633789062,205.27999877929688,205.36000061035156,283609
2025-03-04 20:00:00+00:00,205.57000732421875,206.02000427246094,205.34500122070312,205.50999450683594,443826
2025-03-04 20:05:00+00:00,206.00999450683594,206.3000030517578,205.34429931640625,205.55999755859375,592814
2025-03-04 20:10:00+00:00,206.1999969482422,206.47999572753906,205.7899932861328,206.00100708007812,446404
2025-03-04 20:15:00+00:00,206.22000122070312,206.27999877929688,205.80999755859375,206.22000122070312,329296
2025-03-04 20:20:00+00:00,206.72720336914062,206.8000030517578,206.1226043701172,206.25,434588
2025-03-04 20:25:00+00:00,206.1999969482422,206.74049377441406,206.1074981689453,206.72000122070312,494790
2025-03-04 20:30:00+00:00,205.14999389648438,206.38999938964844,204.88999938964844,206.22000122070312,642890
2025-03-04 20:35:00+00:00,204.86500549316406,205.5500030517578,204.8000030517578,205.14500427246094,517942
2025-03-04 20:40:00+00:00,205.0500030517578,205.3000030517578,204.52000427246094,204.86500549316406,594685
2025-03-04 20:45:00+00:00,204.2899932861328,205.36000061035156,204.22000122070312,205.05999755859375,493017
2025-03-04 20:50:00+00:00,203.64999389648438,204.25999450683594,203.02999877929688,204.25999450683594,1053785
2025-03-04 20:55:00+00:00,203.85000610351562,204.05999755859375,203.38999938964844,203.64999389648438,2181515
2025-03-05 14:30:00+00:00,204.8000030517578,205.35000610351562,203.63999938964844,204.4149932861328,2159448
2025-03-05 14:35:00+00:00,204.35000610351562,205.02999877929688,203.47999572753906,204.8300018310547,561790
2025-03-05 14:40:00+00:00,204.7899932861328,205.23989868164062,204.33999633789062,204.33999633789062,543974
2025-03-05 14:45:00+00:00,203.97999572753906,204.8699951171875,203.85000610351562,204.79849243164062,399491
2025-03-05 14:50:00+00:00,204.05499267578125,204.7823944091797,203.80999755859375,203.9600067138672,472518
2025-03-05 14:55:00+00:00,203.8699951171875,204.41000366210938,203.25999450683594,204.05999755859375,601785
2025-03-05 15:00:00+00:00,205.4250030517578,205.62429809570312,203.91000366210938,203.91000366210938,648304
2025-03-05 15:05:00+00:00,205.77999877929688,206.40989685058594,205.25999450683594,205.44000244140625,680544
2025-03-05 15:10:00+00:00,205.6649932861328,206.22000122070312,205.3000030517578,205.72000122070312,415801
2025-03-05 15:15:00+00:00,205.33999633789062,205.7899932861328,205.16000366210938,205.63999938964844,405674
2025-03-05 15:20:00+00:00,204.97000122070312,205.5,204.6199951171875,205.33999633789062,453636
2025-03-05 15:25:00+00:00,205.19500732421875,205.33999633789062,204.58999633789062,204.97999572753906,367753
2025-03-05 15:30:00+00:00,205.5500030517578,205.86000061035156,205.00999450683594,205.2050018310547,361685
2025-03-05 15:35:00+00:00,206.0399932861328,206.27999877929688,205.40780639648438,205.5303955078125,315147
2025-03-05 15:40:00+00:00,205.9792938232422,206.11000061035156,205.55999755859375,206.10000610351562,226283
2025-03-05 15:45:00+00:00,205.75,206.3699951171875,205.5500030517578,205.97000122070312,280125
2025-03-05 15:50:00+00:00,206.2100067138672,206.3000030517578,205.2700958251953,205.73500061035156,218739
2025-03-05 15:55:00+00:00,206.05499267578125,206.5500030517578,205.97000122070312,206.27000427246094,328009
2025-03-05 16:00:00+00:00,205.5,206.02000427246094,205.41000366210938,206.02000427246094,228006
2025-03-05 16:05:00+00:00,205.52999877929688,205.8096923828125,205.33999633789062,205.49000549316406,360702
2025-03-05 16:10:00+00:00,204.97000122070312,205.57000732421875,204.47000122070312,205.52999877929688,380487
2025-03-05 16:15:00+00:00,204.78050231933594,205.12989807128906,204.61000061035156,205.02000427246094,308020
2025-03-05 16:20:00+00:00,205.19000244140625,205.3000030517578,204.42999267578125,204.7899932861328,373124
2025-03-05 16:25:00+00:00,205.44500732421875,205.49380493164062,204.80999755859375,205.19000244140625,335157
2025-03-05 16:30:00+00:00,204.6699981689453,205.4499969482422,204.57000732421875,205.4499969482422,301382
2025-03-05 16:35:00+00:00,204.74000549316406,205.05999755859375,204.60000610351562,204.67999267578125,867143
2025-03-05 16:40:00+00:00,204.2299041748047,204.75,204.07000732421875,204.75,282789
2025-03-05 16:45:00+00:00,204.4600067138672,204.66000366210938,204.1300048828125,204.27000427246094,227075
2025-03-05 16:50:00+00:00,204.5644073486328,204.63999938964844,204.1999969482422,204.41000366210938,217309
2025-03-05 16:55:00+00:00,205.0500030517578,205.6699981689453,204.42999267578125,204.5800018310547,462546
2025-03-05 17:00:00+00:00,205.11000061035156,205.6300048828125,204.9499969482422,205.02000427246094,246628
2025-03-05 17:05:00+00:00,205.7449951171875,205.76060485839844,205.07000732421875,205.11000061035156,370286
2025-03-05 17:10:00+00:00,205.8800048828125,206.164306640625,205.67999267578125,205.75889587402344,469063
2025-03-05 17:15:00+00:00,206.1999969482422,206.30990600585938,205.7949981689453,205.88999938964844,261900
2025-03-05 17:20:00+00:00,206.8300018310547,207.0,206.05999755859375,206.19000244140625,392350
2025-03-05 17:25:00+00:00,207.34500122070312,207.35000610351562,206.6300048828125,206.83999633789062,449072
2025-03-05 17:30:00+00:00,206.89999389648438,207.3800048828125,206.85000610351562,207.3699951171875,306558
2025-03-05 17:35:00+00:00,207.27499389648438,207.3800048828125,206.76119995117188,206.88999938964844,291168
2025-03-05 17:40:00+00:00,207.34249877929688,207.47000122070312,207.1300048828125,207.27499389648438,260322
2025-03-05 17:45:00+00:00,207.21499633789062,207.3350067138672,206.63999938964844,207.3101043701172,379625
2025-03-05 17:50:00+00:00,207.72999572753906,208.00999450683594,207.22000122070312,207.22999572753906,518351
2025-03-05 17:55:00+00:00,208.17999267578125,208.17999267578125,207.63259887695312,207.7100067138672,274487
2025-03-05 18:00:00+00:00,208.11000061035156,208.3300018310547,207.8699951171875,208.1750030517578,451696
2025-03-05 18:05:00+00:00,207.19000244140625,208.45750427246094,206.89999389648438,208.02000427246094,560023
2025-03-05 18:10:00+00:00,208.0800018310547,208.3000030517578,207.1199951171875,207.1199951171875,399393
2025-03-05 18:15:00+00:00,208.1699981689453,208.3231964111328,207.69000244140625,208.0500030517578,243920
2025-03-05 18:20:00+00:00,207.9600067138672,208.33999633789062,207.781005859375,208.15499877929688,264858
2025-03-05 18:25:00+00:00,207.67999267578125,208.05999755859375,207.51010131835938,207.9499969482422,218920
2025-03-05 18:30:00+00:00,207.5500030517578,207.9199981689453,207.0500030517578,207.69000244140625,245426
2025-03-05 18:35:00+00:00,207.6999969482422,207.85000610351562,207.13999938964844,207.5500030517578,203111
2025-03-05 18:40:00+00:00,207.43930053710938,207.72000122070312,207.25999450683594,207.69500732421875,225964
2025-03-05 18:45:00+00:00,207.8249969482422,207.9600067138672,207.42010498046875,207.42010498046875,248506
2025-03-05 18:50:00+00:00,208.2100067138672,208.31500244140625,207.74000549316406,207.86000061035156,254552
2025-03-05 18:55:00+00:00,208.6300048828125,208.67999267578125,208.13999938964844,208.1999969482422,242619
2025-03-05 19:00:00+00:00,208.7100067138672,208.7490997314453,208.25,208.6300048828125,266627
2025-03-05 19:05:00+00:00,209.40499877929688,209.47999572753906,208.57000732421875,208.72999572753906,382144
2025-03-05 19:10:00+00:00,209.73500061035156,209.86000061035156,209.26499938964844,209.41000366210938,481095
2025-03-05 19:15:00+00:00,209.0800018310547,209.97999572753906,208.99000549316406,209.72999572753906,364516
2025-03-05 19:20:00+00:00,209.42999267578125,209.52999877929688,208.97000122070312,209.08999633789062,295172
2025-03-05 19:25:00+00:00,208.64999389648438,209.4499969482422,208.63999938964844,209.44000244140625,261801
2025-03-05 19:30:00+00:00,208.86500549316406,209.06500244140625,208.66000366210938,208.66000366210938,340073
2025-03-05 19:35:00+00:00,208.6699981689453,209.08999633789062,208.27999877929688,208.86000061035156,285764
2025-03-05 19:40:00+00:00,208.6699981689453,209.02000427246094,208.5800018310547,208.6750030517578,252394
2025-03-05 19:45:00+00:00,208.9550018310547,209.0800018310547,208.52000427246094,208.6750030517578,249066
2025-03-05 19:50:00+00:00,208.82029724121094,209.1300048828125,208.72999572753906,208.97999572753906,214314
2025-03-05 19:55:00+00:00,208.58999633789062,209.0800018310547,208.47000122070312,208.82000732421875,297690
2025-03-05 20:00:00+00:00,209.13999938964844,209.27999877929688,208.5500030517578,208.5850067138672,486183
2025-03-05 20:05:00+00:00,209.1757049560547,209.3000030517578,208.8800048828125,209.11000061035156,276880
2025-03-05 20:10:00+00:00,209.40469360351562,209.49000549316406,208.88999938964844,209.16000366210938,326335
2025-03-05 20:15:00+00:00,208.72500610351562,209.63999938964844,208.44000244140625,209.39999389648438,333399
2025-03-05 20:20:00+00:00,208.63059997558594,208.8000030517578,208.14999389648438,208.7899932861328,360144
2025-03-05 20:25:00+00:00,209.10040283203125,209.18980407714844,208.5500030517578,208.6199951171875,375314
2025-03-05 20:30:00+00:00,208.72500610351562,209.1199951171875,208.3699951171875,209.10000610351562,349132
2025-03-05 20:35:00+00:00,208.63999938964844,208.75999450683594,208.36000061035156,208.74000549316406,304411
2025-03-05 20:40:00+00:00,208.8300018310547,208.97999572753906,208.5,208.64999389648438,581176
2025-03-05 20:45:00+00:00,208.5449981689453,208.83030700683594,208.3300018310547,208.82000732421875,457278
2025-03-05 20:50:00+00:00,208.83999633789062,209.0,207.9199981689453,208.55999755859375,805947
2025-03-05 20:55:00+00:00,208.4600067138672,208.8300018310547,208.11000061035156,208.8300018310547,1722724
2025-03-06 14:30:00+00:00,203.1199951171875,204.61740112304688,202.16000366210938,204.3000030517578,2435466
2025-03-06 14:35:00+00:00,203.7949981689453,204.3300018310547,203.07000732421875,203.13999938964844,778025
2025-03-06 14:40:00+00:00,202.85000610351562,204.27999877929688,202.85000610351562,203.75999450683594,898285
2025-03-06 14:45:00+00:00,203.39849853515625,203.6114044189453,202.7801055908203,202.98500061035156,558787
2025-03-06 14:50:00+00:00,203.61500549316406,203.83999633789062,203.1699981689453,203.3699951171875,442487
2025-03-06 14:55:00+00:00,203.5399932861328,203.9600067138672,203.38999938964844,203.57000732421875,385802
2025-03-06 15:00:00+00:00,204.63999938964844,204.91879272460938,203.3000030517578,203.52999877929688,635982
2025-03-06 15:05:00+00:00,204.57420349121094,205.14999389648438,204.52999877929688,204.5800018310547,594981
2025-03-06 15:10:00+00:00,204.65499877929688,204.86000061035156,204.2100067138672,204.52999877929688,562360
2025-03-06 15:15:00+00:00,204.9600067138672,205.19000244140625,204.52000427246094,204.6300048828125,403301
2025-03-06 15:20:00+00:00,205.19000244140625,205.6699981689453,204.9199981689453,204.9600067138672,594185
2025-03-06 15:25:00+00:00,205.1199951171875,205.5399932861328,204.6999969482422,205.1699981689453,403443
2025-03-06 15:30:00+00:00,204.60000610351562,205.2100067138672,204.5,205.1199951171875,337392
2025-03-06 15:35:00+00:00,205.38009643554688,205.4600067138672,204.3300018310547,204.52499389648438,422171
2025-03-06 15:40:00+00:00,205.28500366210938,205.77000427246094,205.10000610351562,205.38999938964844,291863
2025-03-06 15:45:00+00:00,204.81500244140625,205.39999389648438,204.67999267578125,205.1999969482422,277951
2025-03-06 15:50:00+00:00,204.38999938964844,204.86000061035156,204.25,204.86000061035156,303234
2025-03-06 15:55:00+00:00,204.64500427246094,204.75999450683594,204.16000366210938,204.38999938964844,268485
2025-03-06 16:00:00+00:00,204.85499572753906,205.03500366210938,204.67999267578125,204.69000244140625,346179
2025-03-06 16:05:00+00:00,205.3800048828125,205.3800048828125,204.681396484375,204.84500122070312,248718
2025-03-06 16:10:00+00:00,204.8800048828125,205.4600067138672,204.75999450683594,205.3699951171875,251837
2025-03-06 16:15:00+00:00,204.5,204.885498046875,204.5,204.8699951171875,225640
2025-03-06 16:20:00+00:00,203.8800048828125,204.5406951904297,203.58999633789062,204.4600067138672,411494
2025-03-06 16:25:00+00:00,203.8350067138672,204.19000244140625,203.11000061035156,203.91000366210938,568991
2025-03-06 16:30:00+00:00,204.1999969482422,204.55999755859375,203.67999267578125,203.80999755859375,461397
2025-03-06 16:35:00+00:00,203.41000366210938,204.3000030517578,203.24000549316406,204.22999572753906,270609
2025-03-06 16:40:00+00:00,203.39999389648438,203.5500030517578,203.1999969482422,203.40499877929688,207375
2025-03-06 16:45:00+00:00,203.2949981689453,203.7550048828125,203.19000244140625,203.40499877929688,199461
2025-03-06 16:50:00+00:00,202.79420471191406,203.25999450683594,202.61000061035156,203.25999450683594,421805
2025-03-06 16:55:00+00:00,202.33999633789062,202.86000061035156,202.30999755859375,202.81500244140625,320393
2025-03-06 17:00:00+00:00,202.0500030517578,202.72999572753906,202.0,202.30999755859375,487149
2025-03-06 17:05:00+00:00,202.08999633789062,202.27000427246094,201.67999267578125,202.02000427246094,464305
2025-03-06 17:10:00+00:00,201.6300048828125,202.30999755859375,201.60000610351562,202.10499572753906,365975
2025-03-06 17:15:00+00:00,201.80999755859375,201.8800048828125,201.49000549316406,201.64999389648438,555873
2025-03-06 17:20:00+00:00,201.7100067138672,202.25,201.69000244140625,201.7899932861328,388200
2025-03-06 17:25:00+00:00,201.31500244140625,201.72000122070312,201.11000061035156,201.72000122070312,467864
2025-03-06 17:30:00+00:00,201.67559814453125,201.85000610351562,201.25999450683594,201.3105926513672,275820
2025-03-06 17:35:00+00:00,200.99000549316406,201.72999572753906,200.9499969482422,201.64999389648438,320220
2025-03-06 17:40:00+00:00,201.22000122070312,201.4199981689453,200.89999389648438,200.97999572753906,556696
2025-03-06 17:45:00+00:00,200.67999267578125,201.25999450683594,200.5500030517578,201.17999267578125,406704
2025-03-06 17:50:00+00:00,201.0399932861328,201.0500030517578,200.67999267578125,200.69000244140625,379581
2025-03-06 17:55:00+00:00,201.53500366210938,201.77999877929688,200.92999267578125,201.0399932861328,404637
2025-03-06 18:00:00+00:00,201.44000244140625,201.7100067138672,201.25,201.5,421407
2025-03-06 18:05:00+00:00,201.28050231933594,201.75,201.1750030517578,201.47999572753906,354834
2025-03-06 18:10:00+00:00,201.25,201.35000610351562,200.85780334472656,201.3000030517578,310887
2025-03-06 18:15:00+00:00,201.36000061035156,201.57000732421875,201.17999267578125,201.24729919433594,318772
2025-03-06 18:20:00+00:00,201.3300018310547,201.52000427246094,201.1699981689453,201.33999633789062,242784
2025-03-06 18:25:00+00:00,200.8350067138672,201.47000122070312,200.75,201.3000030517578,278214
2025-03-06 18:30:00+00:00,200.7050018310547,201.09300231933594,200.69000244140625,200.8300018310547,316446
2025-03-06 18:35:00+00:00,200.05979919433594,200.8282928466797,200.02000427246094,200.72999572753906,502851
2025-03-06 18:40:00+00:00,200.47500610351562,200.5,199.86090087890625,200.0399932861328,789939
2025-03-06 18:45:00+00:00,200.6898956298828,200.88999938964844,200.27830505371094,200.4600067138672,448610
2025-03-06 18:50:00+00:00,200.75,201.1199951171875,200.60000610351562,200.69000244140625,338240
2025-03-06 18:55:00+00:00,200.8249969482422,200.97999572753906,200.58999633789062,200.75999450683594,379097
2025-03-06 19:00:00+00:00,199.9949951171875,200.91000366210938,199.97999572753906,200.8699951171875,403794
2025-03-06 19:05:00+00:00,200.0800018310547,200.3800048828125,199.91000366210938,200.00999450683594,371120
2025-03-06 19:10:00+00:00,199.4813995361328,200.36000061035156,199.47000122070312,200.0850067138672,779687
2025-03-06 19:15:00+00:00,198.99000549316406,199.74000549316406,198.8699951171875,199.5050048828125,728659
2025-03-06 19:20:00+00:00,199.1199951171875,199.17999267578125,198.81500244140625,198.98500061035156,646190
2025-03-06 19:25:00+00:00,198.8000030517578,199.11500549316406,198.47000122070312,199.11500549316406,545377
2025-03-06 19:30:00+00:00,198.42999267578125,198.8800048828125,198.35000610351562,198.77000427246094,629554
2025-03-06 19:35:00+00:00,198.7899932861328,198.981201171875,198.41000366210938,198.43499755859375,377472
2025-03-06 19:40:00+00:00,199.14999389648438,199.5500030517578,198.75,198.77999877929688,584623
2025-03-06 19:45:00+00:00,199.78500366210938,200.27999877929688,199.13999938964844,199.14999389648438,763544
2025-03-06 19:50:00+00:00,200.05430603027344,200.52200317382812,199.67999267578125,199.8300018310547,937370
2025-03-06 19:55:00+00:00,199.0800018310547,200.08999633789062,199.0449981689453,200.0399932861328,730048
2025-03-06 20:00:00+00:00,199.875,199.9199981689453,198.89999389648438,199.0601043701172,529474
2025-03-06 20:05:00+00:00,199.5800018310547,199.93170166015625,199.42999267578125,199.8699951171875,633149
2025-03-06 20:10:00+00:00,199.89999389648438,199.9499969482422,199.36099243164062,199.57000732421875,483071
2025-03-06 20:15:00+00:00,200.01499938964844,200.14959716796875,199.6295928955078,199.89999389648438,523556
2025-03-06 20:20:00+00:00,198.9499969482422,200.10000610351562,198.64999389648438,200.0,711156
2025-03-06 20:25:00+00:00,199.52000427246094,199.67999267578125,198.8800048828125,198.9600067138672,565289
2025-03-06 20:30:00+00:00,199.3300018310547,199.9600067138672,199.22000122070312,199.55999755859375,673961
2025-03-06 20:35:00+00:00,199.3000030517578,199.78500366210938,199.2100067138672,199.3300018310547,542103
2025-03-06 20:40:00+00:00,199.05999755859375,199.41000366210938,198.9199981689453,199.27999877929688,609100
2025-03-06 20:45:00+00:00,199.68240356445312,199.68240356445312,198.97999572753906,199.0500030517578,614441
2025-03-06 20:50:00+00:00,200.57000732421875,200.72000122070312,199.55999755859375,199.69000244140625,1000388
2025-03-06 20:55:00+00:00,200.6999969482422,200.74000549316406,200.2050018310547,200.60000610351562,2327680
2025-03-07 14:30:00+00:00,200.5050048828125,200.66000366210938,199.30499267578125,199.33999633789062,2354265
2025-03-07 14:35:00+00:00,199.94000244140625,201.0,199.6199951171875,200.5050048828125,825716
2025-03-07 14:40:00+00:00,200.52999877929688,201.10000610351562,199.88600158691406,199.94500732421875,959255
2025-03-07 14:45:00+00:00,200.7899932861328,200.8699951171875,200.22000122070312,200.52000427246094,623870
2025-03-07 14:50:00+00:00,201.7050018310547,201.85499572753906,200.6999969482422,200.7899932861328,943439
2025-03-07 14:55:00+00:00,200.625,202.2653045654297,200.55999755859375,201.72999572753906,818412
2025-03-07 15:00:00+00:00,201.2091064453125,201.36000061035156,199.89999389648438,200.61000061035156,573409
2025-03-07 15:05:00+00:00,201.50999450683594,201.6649932861328,200.88999938964844,201.1699981689453,358648
2025-03-07 15:10:00+00:00,201.11000061035156,201.85000610351562,201.07510375976562,201.5399932861328,356603
2025-03-07 15:15:00+00:00,200.57000732421875,201.1699981689453,200.38450622558594,201.10000610351562,404563
2025-03-07 15:20:00+00:00,200.4550018310547,200.6999969482422,199.92010498046875,200.56500244140625,549485
2025-03-07 15:25:00+00:00,199.4250030517578,200.48500061035156,199.18760681152344,200.42999267578125,599496
2025-03-07 15:30:00+00:00,197.7550048828125,199.44000244140625,197.63279724121094,199.42999267578125,1147453
2025-03-07 15:35:00+00:00,197.1199951171875,197.83999633789062,197.07000732421875,197.74000549316406,1049015
2025-03-07 15:40:00+00:00,196.94000244140625,197.3885040283203,196.75,197.11749267578125,937714
2025-03-07 15:45:00+00:00,197.85000610351562,198.55999755859375,196.51499938964844,196.9499969482422,941294
2025-03-07 15:50:00+00:00,197.5883026123047,198.03359985351562,197.00999450683594,197.86940002441406,740750
2025-03-07 15:55:00+00:00,197.1968994140625,197.80140686035156,197.07000732421875,197.55999755859375,471955
2025-03-07 16:00:00+00:00,196.24000549316406,197.25999450683594,196.1300048828125,197.14999389648438,757182
2025-03-07 16:05:00+00:00,196.47999572753906,196.90960693359375,196.08050537109375,196.24000549316406,687032
2025-03-07 16:10:00+00:00,196.10499572753906,196.6199951171875,196.05999755859375,196.4499969482422,600334
2025-03-07 16:15:00+00:00,195.47500610351562,196.1999969482422,195.4199981689453,196.10499572753906,883461
2025-03-07 16:20:00+00:00,195.11000061035156,195.639892578125,195.02999877929688,195.47500610351562,766774
2025-03-07 16:25:00+00:00,194.52499389648438,195.17999267578125,194.39999389648438,195.11000061035156,1301495
2025-03-07 16:30:00+00:00,194.3000946044922,194.7100067138672,194.11000061035156,194.5399932861328,853752
2025-03-07 16:35:00+00:00,194.0800018310547,194.61000061035156,193.66000366210938,194.3300018310547,990077
2025-03-07 16:40:00+00:00,194.09930419921875,194.1999969482422,193.30999755859375,194.0500030517578,762821
2025-03-07 16:45:00+00:00,193.09530639648438,194.1999969482422,192.92999267578125,194.0500030517578,949598
2025-03-07 16:50:00+00:00,193.27000427246094,193.2899932861328,192.5399932861328,193.1199951171875,1021981
2025-03-07 16:55:00+00:00,193.625,193.7899932861328,193.0,193.27999877929688,752027
2025-03-07 17:00:00+00:00,193.39999389648438,194.08799743652344,193.3000030517578,193.6699981689453,737375
2025-03-07 17:05:00+00:00,193.125,193.67999267578125,192.9250030517578,193.42999267578125,613835
2025-03-07 17:10:00+00:00,193.24000549316406,193.39999389648438,192.73500061035156,193.13499450683594,694155
2025-03-07 17:15:00+00:00,192.97000122070312,193.33990478515625,192.67999267578125,193.25,502467
2025-03-07 17:20:00+00:00,193.6199951171875,193.6343994140625,192.74000549316406,192.96499633789062,690308
2025-03-07 17:25:00+00:00,193.9199981689453,193.94000244140625,193.39190673828125,193.58999633789062,594199
2025-03-07 17:30:00+00:00,194.8218994140625,194.83990478515625,193.58999633789062,193.91000366210938,583371
2025-03-07 17:35:00+00:00,194.75,195.19000244140625,194.42340087890625,194.8300018310547,821168
2025-03-07 17:40:00+00:00,195.55499267578125,195.57000732421875,194.7100067138672,194.77000427246094,567568
2025-03-07 17:45:00+00:00,195.86000061035156,196.07000732421875,195.52000427246094,195.54800415039062,761217
2025-03-07 17:50:00+00:00,196.59500122070312,196.60000610351562,195.72999572753906,195.83999633789062,522711
2025-03-07 17:55:00+00:00,195.28729248046875,196.74000549316406,195.02999877929688,196.57000732421875,876468
2025-03-07 18:00:00+00:00,196.76499938964844,196.86500549316406,195.1999969482422,195.2899932861328,438221
2025-03-07 18:05:00+00:00,196.75999450683594,197.4199981689453,196.63999938964844,196.71499633789062,595484
2025-03-07 18:10:00+00:00,197.14920043945312,197.17250061035156,196.38150024414062,196.77499389648438,458859
2025-03-07 18:15:00+00:00,197.2899932861328,197.36000061035156,196.89999389648438,197.16400146484375,406421
2025-03-07 18:20:00+00:00,197.0500030517578,197.8000030517578,196.83999633789062,197.27000427246094,427868
2025-03-07 18:25:00+00:00,197.16009521484375,197.4174041748047,196.84010314941406,197.0,331411
2025-03-07 18:30:00+00:00,197.39999389648438,197.57989501953125,196.9600067138672,197.2100067138672,1214221
2025-03-07 18:35:00+00:00,197.9893035888672,198.05999755859375,197.22999572753906,197.4149932861328,709248
2025-03-07 18:40:00+00:00,197.49000549316406,198.1367950439453,197.16000366210938,197.97000122070312,760773
2025-03-07 18:45:00+00:00,197.72500610351562,198.16000366210938,197.4499969482422,197.4499969482422,860630
2025-03-07 18:50:00+00:00,198.28829956054688,198.42999267578125,197.56069946289062,197.75559997558594,360879
2025-03-07 18:55:00+00:00,198.52000427246094,198.5399932861328,197.99000549316406,198.27000427246094,393431
2025-03-07 19:00:00+00:00,198.85000610351562,198.88999938964844,198.22999572753906,198.50999450683594,517330
2025-03-07 19:05:00+00:00,198.13670349121094,198.8925018310547,198.05999755859375,198.84500122070312,465508
2025-03-07 19:10:00+00:00,198.71499633789062,198.88999938964844,198.14500427246094,198.14500427246094,508322
2025-03-07 19:15:00+00:00,199.44000244140625,199.5,198.71499633789062,198.73500061035156,966472
2025-03-07 19:20:00+00:00,200.25999450683594,200.27549743652344,199.3800048828125,199.40330505371094,643052
2025-03-07 19:25:00+00:00,200.3350067138672,200.4250030517578,199.6999969482422,200.25,621929
2025-03-07 19:30:00+00:00,200.21499633789062,200.5,200.02999877929688,200.35000610351562,567733
2025-03-07 19:35:00+00:00,199.89999389648438,200.32989501953125,199.80979919433594,200.1999969482422,154234
2025-03-07 19:40:00+00:00,199.22430419921875,199.99000549316406,199.12100219726562,199.91000366210938,414491
2025-03-07 19:45:00+00:00,199.13999938964844,199.44000244140625,198.77000427246094,199.24000549316406,459996
2025-03-07 19:50:00+00:00,199.1649932861328,199.30020141601562,198.97000122070312,199.1199951171875,306873
2025-03-07 19:55:00+00:00,199.0399932861328,199.36000061035156,198.8800048828125,199.17999267578125,299734
2025-03-07 20:00:00+00:00,199.4300994873047,200.09500122070312,198.80999755859375,198.97999572753906,502980
2025-03-07 20:05:00+00:00,200.05999755859375,200.1219940185547,199.39999389648438,199.4199981689453,359707
2025-03-07 20:10:00+00:00,199.8300018310547,200.23500061035156,199.77090454101562,200.02999877929688,437494
2025-03-07 20:15:00+00:00,199.74969482421875,199.89999389648438,199.10000610351562,199.8350067138672,341310
2025-03-07 20:20:00+00:00,199.06500244140625,199.74000549316406,198.94000244140625,199.72959899902344,393710
2025-03-07 20:25:00+00:00,199.13999938964844,199.3000030517578,198.9199981689453,199.06500244140625,373196
2025-03-07 20:30:00+00:00,199.49000549316406,199.49000549316406,198.92999267578125,199.1300048828125,459352
2025-03-07 20:35:00+00:00,198.61500549316406,199.52000427246094,198.30999755859375,199.47000122070312,523353
2025-03-07 20:40:00+00:00,198.83999633789062,198.88999938964844,198.1699981689453,198.61000061035156,402513
2025-03-07 20:45:00+00:00,199.47000122070312,199.49000549316406,198.72000122070312,198.7899932861328,543620
2025-03-07 20:50:00+00:00,199.82000732421875,199.86000061035156,198.91029357910156,199.4199981689453,757825
2025-03-07 20:55:00+00:00,199.27000427246094,200.02000427246094,199.13999938964844,199.80999755859375,2000368
2025-03-10 13:30:00+00:00,195.77499389648438,196.3300018310547,194.62010192871094,195.40199279785156,3277741
2025-03-10 13:35:00+00:00,196.4600067138672,196.72999572753906,195.4199981689453,195.75,1205323
2025-03-10 13:40:00+00:00,195.89500427246094,196.39999389648438,195.44000244140625,196.39999389648438,579691
2025-03-10 13:45:00+00:00,195.8699951171875,196.52499389648438,195.5800018310547,195.9199981689453,511175
2025-03-10 13:50:00+00:00,194.6988983154297,196.22000122070312,194.63999938964844,195.78500366210938,607207
2025-03-10 13:55:00+00:00,195.10499572753906,195.75,194.6999969482422,194.7100067138672,519062
2025-03-10 14:00:00+00:00,194.0760040283203,195.08999633789062,193.75999450683594,195.08999633789062,871052
2025-03-10 14:05:00+00:00,193.63250732421875,194.36720275878906,193.6199951171875,194.13999938964844,652216
2025-03-10 14:10:00+00:00,193.2310028076172,193.86000061035156,193.17999267578125,193.64999389648438,998459
2025-03-10 14:15:00+00:00,192.88999938964844,193.60000610351562,192.63999938964844,193.22999572753906,830704
2025-03-10 14:20:00+00:00,193.25999450683594,193.5,192.4600067138672,193.0,698790
2025-03-10 14:25:00+00:00,193.30999755859375,193.6999969482422,193.00999450683594,193.25,836895
2025-03-10 14:30:00+00:00,193.3800048828125,194.0,193.18499755859375,193.36000061035156,763194
2025-03-10 14:35:00+00:00,193.39500427246094,194.07000732421875,193.11000061035156,193.375,751740
2025-03-10 14:40:00+00:00,192.8300018310547,193.44000244140625,192.68150329589844,193.3699951171875,678181
2025-03-10 14:45:00+00:00,192.77000427246094,193.22000122070312,192.33999633789062,192.8350067138672,858127
2025-03-10 14:50:00+00:00,191.57000732421875,192.86000061035156,191.52029418945312,192.77000427246094,1277725
2025-03-10 14:55:00+00:00,191.10000610351562,191.75999450683594,190.88999938964844,191.60000610351562,1490266
2025-03-10 15:00:00+00:00,191.75059509277344,192.08999633789062,191.0749969482422,191.0749969482422,1026044
2025-03-10 15:05:00+00:00,192.6300048828125,192.8000030517578,191.6999969482422,191.73500061035156,802415
2025-03-10 15:10:00+00:00,192.8800048828125,193.07000732421875,192.3300018310547,192.52999877929688,745455
2025-03-10 15:15:00+00:00,192.75999450683594,192.92129516601562,192.4199981689453,192.8699951171875,579043
2025-03-10 15:20:00+00:00,193.47000122070312,193.8699951171875,192.5449981689453,192.77999877929688,716762
2025-03-10 15:25:00+00:00,194.33999633789062,194.4799041748047,193.3300018310547,193.4600067138672,711394
2025-03-10 15:30:00+00:00,195.10499572753906,195.3300018310547,194.25,194.35000610351562,995130
2025-03-10 15:35:00+00:00,195.21499633789062,195.56500244140625,194.9322052001953,195.0800018310547,541926
2025-03-10 15:40:00+00:00,194.38999938964844,195.20379638671875,194.10000610351562,195.19000244140625,508335
2025-03-10 15:45:00+00:00,195.1699981689453,195.32000732421875,194.3800048828125,194.42999267578125,395587
2025-03-10 15:50:00+00:00,194.52000427246094,195.2449951171875,194.3800048828125,195.14999389648438,550565
2025-03-10 15:55:00+00:00,193.47999572753906,194.52000427246094,193.42999267578125,194.49000549316406,496649
2025-03-10 16:00:00+00:00,193.5,193.97000122070312,193.33999633789062,193.4600067138672,569702
2025-03-10 16:05:00+00:00,193.529296875,193.7899932861328,193.24000549316406,193.47999572753906,369189
2025-03-10 16:10:00+00:00,193.77499389648438,193.8354034423828,193.4499969482422,193.5399932861328,322867
2025-03-10 16:15:00+00:00,192.97000122070312,193.83999633789062,192.91600036621094,193.77499389648438,427086
2025-03-10 16:20:00+00:00,193.25,193.2613983154297,192.82000732421875,192.99000549316406,432191
2025-03-10 16:25:00+00:00,193.63999938964844,193.63999938964844,193.07330322265625,193.27000427246094,373705
2025-03-10 16:30:00+00:00,194.3800048828125,194.3925018310547,193.47999572753906,193.67999267578125,408047
2025-03-10 16:35:00+00:00,193.19000244140625,194.3679962158203,193.19000244140625,194.3679962158203,475826
2025-03-10 16:40:00+00:00,192.9824981689453,193.35000610351562,192.88009643554688,193.22000122070312,503352
2025-03-10 16:45:00+00:00,193.10000610351562,193.2299041748047,192.69000244140625,192.98500061035156,355006
2025-03-10 16:50:00+00:00,193.20530700683594,193.4499969482422,192.94000244140625,193.17999267578125,316822
2025-03-10 16:55:00+00:00,193.21560668945312,193.49000549316406,193.05029296875,193.1999969482422,272840
2025-03-10 17:00:00+00:00,192.63400268554688,193.41000366210938,192.50999450683594,193.22500610351562,400481
2025-03-10 17:05:00+00:00,192.5399932861328,192.92349243164062,192.5,192.61000061035156,408511
2025-03-10 17:10:00+00:00,192.8300018310547,192.8300018310547,192.15480041503906,192.55999755859375,667663
2025-03-10 17:15:00+00:00,192.7740020751953,193.10000610351562,192.6750030517578,192.83999633789062,328255
2025-03-10 17:20:00+00:00,193.11000061035156,193.2899932861328,192.72000122070312,192.7738037109375,328195
2025-03-10 17:25:00+00:00,193.18190002441406,193.42999267578125,192.9600067138672,193.10000610351562,359107
2025-03-10 17:30:00+00:00,192.87010192871094,193.3000030517578,192.81500244140625,193.16000366210938,319774
2025-03-10 17:35:00+00:00,192.8699951171875,193.2519989013672,192.66000366210938,192.86000061035156,363741
2025-03-10 17:40:00+00:00,192.64999389648438,192.94000244140625,192.55999755859375,192.80999755859375,314612
2025-03-10 17:45:00+00:00,192.32000732421875,192.97000122070312,192.19000244140625,192.60000610351562,446760
2025-03-10 17:50:00+00:00,192.72999572753906,192.77999877929688,192.11000061035156,192.3300018310547,502142
2025-03-10 17:55:00+00:00,192.47000122070312,192.8300018310547,192.36480712890625,192.72999572753906,269340
2025-03-10 18:00:00+00:00,192.11000061035156,192.53500366210938,191.97999572753906,192.4600067138672,430413
2025-03-10 18:05:00+00:00,192.36500549316406,192.38160705566406,191.69000244140625,192.17999267578125,516882
2025-03-10 18:10:00+00:00,192.4600067138672,193.10000610351562,192.22999572753906,192.35499572753906,544699
2025-03-10 18:15:00+00:00,192.24009704589844,192.87989807128906,192.2100067138672,192.44000244140625,299747
2025-03-10 18:20:00+00:00,192.46499633789062,192.57000732421875,192.25999450683594,192.3000030517578,307997
2025-03-10 18:25:00+00:00,192.345703125,192.63040161132812,192.1199951171875,192.4799041748047,354125
2025-03-10 18:30:00+00:00,192.5800018310547,192.6199951171875,192.17010498046875,192.34500122070312,303237
2025-03-10 18:35:00+00:00,192.52499389648438,192.6199951171875,192.36000061035156,192.5800018310547,278370
2025-03-10 18:40:00+00:00,192.22000122070312,192.5399932861328,192.13999938964844,192.52000427246094,318289
2025-03-10 18:45:00+00:00,192.3249969482422,192.39999389648438,192.0399932861328,192.22000122070312,505206
2025-03-10 18:50:00+00:00,191.9499969482422,192.6300048828125,191.93499755859375,192.33999633789062,509625
2025-03-10 18:55:00+00:00,191.86000061035156,192.02999877929688,191.66000366210938,191.97999572753906,497869
2025-03-10 19:00:00+00:00,191.20640563964844,191.9600067138672,191.07000732421875,191.8300018310547,617441
2025-03-10 19:05:00+00:00,191.1999969482422,191.47000122070312,190.85000610351562,191.21499633789062,1034838
2025-03-10 19:10:00+00:00,191.86000061035156,191.86000061035156,191.14999389648438,191.17999267578125,776839
2025-03-10 19:15:00+00:00,192.5758056640625,192.64500427246094,191.77999877929688,191.8800048828125,718759
2025-03-10 19:20:00+00:00,192.91000366210938,193.0,192.47999572753906,192.58999633789062,752472
2025-03-10 19:25:00+00:00,193.0800018310547,193.75999450683594,192.72999572753906,192.9219970703125,1078640
2025-03-10 19:30:00+00:00,194.4326934814453,194.66000366210938,193.0850067138672,193.10000610351562,997162
2025-03-10 19:35:00+00:00,194.47000122070312,194.69000244140625,193.8800048828125,194.4499969482422,1136753
2025-03-10 19:40:00+00:00,193.10400390625,194.5,193.10000610351562,194.42999267578125,681363
2025-03-10 19:45:00+00:00,193.75010681152344,193.97999572753906,193.0406951904297,193.09500122070312,767131
2025-03-10 19:50:00+00:00,193.74000549316406,194.3300018310547,193.2899932861328,193.8000030517578,1294785
2025-03-10 19:55:00+00:00,194.66000366210938,194.77000427246094,193.35000610351562,193.75,3736073
2025-03-11 13:30:00+00:00,195.64999389648438,195.75999450683594,193.85499572753906,193.90499877929688,3454297
2025-03-11 13:35:00+00:00,197.52000427246094,197.6300048828125,195.5,195.6595001220703,1320648
2025-03-11 13:40:00+00:00,198.61000061035156,198.61000061035156,197.0399932861328,197.52000427246094,1137138
2025-03-11 13:45:00+00:00,199.5749969482422,199.67999267578125,197.83009338378906,198.59500122070312,1738731
2025-03-11 13:50:00+00:00,199.3249969482422,199.82000732421875,198.94000244140625,199.5749969482422,1178665
2025-03-11 13:55:00+00:00,198.89010620117188,199.47000122070312,198.86000061035156,199.3249969482422,797547
2025-03-11 14:00:00+00:00,196.97000122070312,199.85499572753906,196.60560607910156,198.89999389648438,1385238
2025-03-11 14:05:00+00:00,198.36990356445312,198.4499969482422,196.91000366210938,196.9250030517578,678855
2025-03-11 14:10:00+00:00,196.97500610351562,198.3800048828125,196.84500122070312,198.33999633789062,556222
2025-03-11 14:15:00+00:00,197.02000427246094,197.51499938964844,196.34500122070312,196.97999572753906,609440
2025-03-11 14:20:00+00:00,196.07969665527344,197.47000122070312,195.8800048828125,196.9600067138672,622152
2025-03-11 14:25:00+00:00,195.47500610351562,196.0800018310547,195.17999267578125,196.07000732421875,852727
2025-03-11 14:30:00+00:00,195.97000122070312,196.4499969482422,195.4499969482422,195.4499969482422,476946
2025-03-11 14:35:00+00:00,195.52000427246094,196.5,195.24000549316406,195.97999572753906,611887
2025-03-11 14:40:00+00:00,195.4550018310547,196.02000427246094,195.05999755859375,195.61000061035156,750948
2025-03-11 14:45:00+00:00,195.48500061035156,195.91990661621094,195.0749969482422,195.4250030517578,479975
2025-03-11 14:50:00+00:00,196.9801025390625,197.27999877929688,195.41000366210938,195.52499389648438,476080
2025-03-11 14:55:00+00:00,195.77499389648438,197.02999877929688,195.76010131835938,197.02000427246094,432509
2025-03-11 15:00:00+00:00,196.13499450683594,196.74000549316406,195.32000732421875,195.77000427246094,547284
2025-03-11 15:05:00+00:00,197.58999633789062,197.67999267578125,196.02999877929688,196.1199951171875,618006
2025-03-11 15:10:00+00:00,197.18040466308594,198.11000061035156,197.14169311523438,197.5800018310547,498723
2025-03-11 15:15:00+00:00,197.2449951171875,197.72000122070312,196.89999389648438,197.25,360614
2025-03-11 15:20:00+00:00,196.96499633789062,197.52999877929688,196.7100067138672,197.1999969482422,431630
2025-03-11 15:25:00+00:00,197.11000061035156,197.82000732421875,196.94000244140625,196.96499633789062,324331
2025-03-11 15:30:00+00:00,197.38999938964844,197.6999969482422,196.88999938964844,197.06500244140625,278171
2025-03-11 15:35:00+00:00,197.47999572753906,197.5850067138672,196.89999389648438,197.3800048828125,455937
2025-03-11 15:40:00+00:00,198.0,198.27999877929688,197.42010498046875,197.49000549316406,415368
2025-03-11 15:45:00+00:00,197.7100067138672,198.11000061035156,197.1300048828125,198.05499267578125,294990
2025-03-11 15:50:00+00:00,197.58030700683594,197.85000610351562,197.3300018310547,197.72999572753906,276146
2025-03-11 15:55:00+00:00,196.52000427246094,197.7100067138672,196.39999389648438,197.60989379882812,318565
2025-03-11 16:00:00+00:00,196.42999267578125,196.8000030517578,196.05999755859375,196.47000122070312,276682
2025-03-11 16:05:00+00:00,195.97999572753906,196.47999572753906,195.75,196.39999389648438,309069
2025-03-11 16:10:00+00:00,195.66929626464844,196.0800018310547,195.57000732421875,195.99000549316406,264235
2025-03-11 16:15:00+00:00,195.97000122070312,196.14999389648438,195.66000366210938,195.6649932861328,241798
2025-03-11 16:20:00+00:00,196.23399353027344,196.57000732421875,195.92999267578125,195.92999267578125,493752
2025-03-11 16:25:00+00:00,196.4499969482422,196.47000122070312,196.07000732421875,196.25999450683594,275764
2025-03-11 16:30:00+00:00,196.58999633789062,196.8699951171875,196.4199981689453,196.42999267578125,313083
2025-03-11 16:35:00+00:00,195.6699981689453,196.61000061035156,195.61000061035156,196.60000610351562,315078
2025-03-11 16:40:00+00:00,195.22500610351562,195.8000030517578,195.02999877929688,195.67999267578125,391991
2025-03-11 16:45:00+00:00,195.5,195.69000244140625,195.22390747070312,195.22500610351562,295403
2025-03-11 16:50:00+00:00,195.1300048828125,195.75999450683594,194.85000610351562,195.5,834037
2025-03-11 16:55:00+00:00,195.25999450683594,195.56500244140625,194.8699951171875,195.1199951171875,247774
2025-03-11 17:00:00+00:00,195.0500030517578,195.4250030517578,194.88999938964844,195.27000427246094,273230
2025-03-11 17:05:00+00:00,195.25,195.33999633789062,195.02999877929688,195.10000610351562,184155
2025-03-11 17:10:00+00:00,195.10000610351562,195.38999938964844,195.05999755859375,195.24000549316406,157939
2025-03-11 17:15:00+00:00,195.0,195.39500427246094,194.89999389648438,195.11000061035156,315361
2025-03-11 17:20:00+00:00,194.13999938964844,195.10000610351562,193.97000122070312,194.98500061035156,582014
2025-03-11 17:25:00+00:00,193.5500030517578,194.21949768066406,193.50999450683594,194.17999267578125,501680
2025-03-11 17:30:00+00:00,193.88999938964844,194.14999389648438,193.41000366210938,193.50999450683594,401570
2025-03-11 17:35:00+00:00,194.44000244140625,194.47999572753906,193.86500549316406,193.88999938964844,264975
2025-03-11 17:40:00+00:00,194.9199981689453,194.97000122070312,194.41000366210938,194.5,278304
2025-03-11 17:45:00+00:00,195.50999450683594,195.8000030517578,194.8300018310547,194.8350067138672,383621
2025-03-11 17:50:00+00:00,195.37010192871094,195.7899932861328,194.93499755859375,195.5,238007
2025-03-11 17:55:00+00:00,195.24000549316406,195.47999572753906,194.7899932861328,195.47999572753906,331879
2025-03-11 18:00:00+00:00,196.2100067138672,196.4499969482422,195.14999389648438,195.27000427246094,424453
2025-03-11 18:05:00+00:00,196.07200622558594,196.5,195.77999877929688,196.17999267578125,367495
2025-03-11 18:10:00+00:00,196.83999633789062,196.94000244140625,196.02999877929688,196.05999755859375,490435
2025-03-11 18:15:00+00:00,196.71499633789062,196.83999633789062,196.39999389648438,196.83999633789062,335979
2025-03-11 18:20:00+00:00,197.14999389648438,197.55999755859375,196.57000732421875,196.6750030517578,422837
2025-03-11 18:25:00+00:00,197.25999450683594,197.3300018310547,196.75,197.11000061035156,386600
2025-03-11 18:30:00+00:00,196.85000610351562,197.3300018310547,196.72500610351562,197.22999572753906,299677
2025-03-11 18:35:00+00:00,197.25999450683594,197.39999389648438,196.67999267578125,196.83009338378906,264834
2025-03-11 18:40:00+00:00,198.16000366210938,198.36000061035156,197.1699981689453,197.2899932861328,562662
2025-03-11 18:45:00+00:00,198.4250030517578,198.51499938964844,197.97000122070312,198.1750030517578,666010
2025-03-11 18:50:00+00:00,199.30499267578125,199.5800018310547,198.3300018310547,198.4499969482422,924945
2025-03-11 18:55:00+00:00,198.89999389648438,199.4550018310547,198.60000610351562,199.30999755859375,538016
2025-03-11 19:00:00+00:00,198.85769653320312,199.0500030517578,198.33999633789062,198.88999938964844,489434
2025-03-11 19:05:00+00:00,199.51499938964844,199.9499969482422,198.88999938964844,198.88999938964844,689176
2025-03-11 19:10:00+00:00,198.5850067138672,199.55999755859375,198.54010009765625,199.5,526091
2025-03-11 19:15:00+00:00,198.14500427246094,198.6199951171875,197.93499755859375,198.55999755859375,392249
2025-03-11 19:20:00+00:00,197.7550048828125,198.8000030517578,197.67999267578125,198.17999267578125,355972
2025-03-11 19:25:00+00:00,198.34500122070312,198.49000549316406,197.69000244140625,197.7899932861328,311979
2025-03-11 19:30:00+00:00,197.9499969482422,198.60000610351562,197.88999938964844,198.36000061035156,431700
2025-03-11 19:35:00+00:00,197.77000427246094,198.3699951171875,197.60000610351562,197.97999572753906,388765
2025-03-11 19:40:00+00:00,198.02499389648438,198.10000610351562,197.50999450683594,197.77000427246094,350295
2025-03-11 19:45:00+00:00,198.32000732421875,198.3800048828125,197.52000427246094,197.99000549316406,416100
2025-03-11 19:50:00+00:00,197.02000427246094,198.32000732421875,196.8000030517578,198.32000732421875,669654
2025-03-11 19:55:00+00:00,196.5,197.1199951171875,196.5,197.03500366210938,1597782
2025-03-12 13:30:00+00:00,200.4600067138672,201.52000427246094,199.8000030517578,200.72000122070312,4404609
2025-03-12 13:35:00+00:00,201.22500610351562,201.3300018310547,200.32000732421875,200.4199981689453,882312
2025-03-12 13:40:00+00:00,199.74000549316406,201.2698974609375,199.6199951171875,201.22000122070312,1188526
2025-03-12 13:45:00+00:00,198.80999755859375,200.3249969482422,198.44000244140625,199.75999450683594,854828
2025-03-12 13:50:00+00:00,198.48500061035156,199.0800018310547,198.00999450683594,198.8520050048828,836314
2025-03-12 13:55:00+00:00,198.75999450683594,198.85000610351562,197.9600067138672,198.52999877929688,660801
2025-03-12 14:00:00+00:00,198.9770965576172,199.33999633789062,198.08999633789062,198.67999267578125,875522
2025-03-12 14:05:00+00:00,199.96299743652344,199.9799041748047,198.9199981689453,198.96499633789062,702992
2025-03-12 14:10:00+00:00,199.02000427246094,200.0,198.92999267578125,199.9600067138672,487030
2025-03-12 14:15:00+00:00,198.55999755859375,199.02749633789062,198.1999969482422,199.02749633789062,428810
2025-03-12 14:20:00+00:00,198.38999938964844,199.0,198.11000061035156,198.55999755859375,544387
2025-03-12 14:25:00+00:00,198.58999633789062,199.05999755859375,198.32000732421875,198.39500427246094,517967
2025-03-12 14:30:00+00:00,197.5399932861328,198.7899932861328,197.14999389648438,198.5749969482422,543715
2025-03-12 14:35:00+00:00,197.63499450683594,197.78990173339844,197.22999572753906,197.52999877929688,326700
2025-03-12 14:40:00+00:00,197.44500732421875,197.89999389648438,197.3350067138672,197.63999938964844,370618
2025-03-12 14:45:00+00:00,197.24000549316406,197.6699981689453,197.1230010986328,197.39999389648438,369029
2025-03-12 14:50:00+00:00,197.4149932861328,197.5500030517578,197.10000610351562,197.23500061035156,354879
2025-03-12 14:55:00+00:00,196.49000549316406,197.38999938964844,196.4600067138672,197.3800048828125,477903
2025-03-12 15:00:00+00:00,195.52999877929688,196.64999389648438,195.38999938964844,196.4949951171875,706678
2025-03-12 15:05:00+00:00,195.8300018310547,195.97999572753906,195.2899932861328,195.55999755859375,450038
2025-03-12 15:10:00+00:00,195.83999633789062,196.125,195.60009765625,195.86000061035156,399775
2025-03-12 15:15:00+00:00,196.4199981689453,196.5800018310547,195.35499572753906,195.86000061035156,419412
2025-03-12 15:20:00+00:00,196.64999389648438,196.97999572753906,196.0800018310547,196.39999389648438,365373
2025-03-12 15:25:00+00:00,196.78500366210938,197.00999450683594,196.55999755859375,196.6750030517578,320844
2025-03-12 15:30:00+00:00,196.9199981689453,197.19000244140625,196.6999969482422,196.82000732421875,274523
2025-03-12 15:35:00+00:00,197.4949951171875,197.60000610351562,196.86000061035156,196.9499969482422,366948
2025-03-12 15:40:00+00:00,197.49000549316406,197.7100067138672,197.22999572753906,197.47000122070312,286863
2025-03-12 15:45:00+00:00,197.8800048828125,198.10000610351562,197.33999633789062,197.55999755859375,383608
2025-03-12 15:50:00+00:00,198.3300018310547,198.36000061035156,197.8699951171875,197.9199981689453,356039
2025-03-12 15:55:00+00:00,198.52000427246094,198.5399932861328,197.69000244140625,198.3000030517578,307557
2025-03-12 16:00:00+00:00,198.16000366210938,198.5500030517578,197.92999267578125,198.52999877929688,282582
2025-03-12 16:05:00+00:00,198.86570739746094,198.99000549316406,198.13999938964844,198.19000244140625,369408
2025-03-12 16:10:00+00:00,199.4499969482422,199.485595703125,198.42999267578125,198.85000610351562,654671
2025-03-12 16:15:00+00:00,199.8800048828125,199.8800048828125,199.25999450683594,199.4600067138672,627686
2025-03-12 16:20:00+00:00,199.7194061279297,199.99000549316406,199.67999267578125,199.8699951171875,474568
2025-03-12 16:25:00+00:00,199.52000427246094,199.89999389648438,199.1999969482422,199.6999969482422,512547
2025-03-12 16:30:00+00:00,199.82000732421875,199.83999633789062,199.4199981689453,199.52000427246094,265516
2025-03-12 16:35:00+00:00,199.4199981689453,200.0,199.38999938964844,199.8300018310547,328860
2025-03-12 16:40:00+00:00,198.460205078125,199.4499969482422,198.24000549316406,199.42999267578125,392611
2025-03-12 16:45:00+00:00,199.3798065185547,199.40530395507812,198.35110473632812,198.47999572753906,381819
2025-03-12 16:50:00+00:00,199.50999450683594,199.6696014404297,199.11000061035156,199.3350067138672,231878
2025-03-12 16:55:00+00:00,198.80999755859375,199.6300048828125,198.8000030517578,199.52000427246094,263471
2025-03-12 17:00:00+00:00,198.9499969482422,198.99000549316406,198.55999755859375,198.8300018310547,396325
2025-03-12 17:05:00+00:00,199.16000366210938,199.22999572753906,198.50990295410156,198.9600067138672,266679
2025-03-12 17:10:00+00:00,199.07000732421875,199.17999267578125,198.6699981689453,199.16799926757812,235623
2025-03-12 17:15:00+00:00,198.90499877929688,199.05999755859375,198.52000427246094,199.05999755859375,242019
2025-03-12 17:20:00+00:00,199.52999877929688,199.5749969482422,198.8699951171875,198.9199981689453,228529
2025-03-12 17:25:00+00:00,199.4333953857422,199.5399932861328,199.14010620117188,199.52000427246094,317551
2025-03-12 17:30:00+00:00,199.2100067138672,199.6199951171875,199.0500030517578,199.4149932861328,185955
2025-03-12 17:35:00+00:00,199.131103515625,199.41000366210938,198.97999572753906,199.1988067626953,198762
2025-03-12 17:40:00+00:00,199.0800018310547,199.3300018310547,199.02999877929688,199.1699981689453,203388
2025-03-12 17:45:00+00:00,198.8300018310547,199.47000122070312,198.77499389648438,199.05499267578125,240661
2025-03-12 17:50:00+00:00,198.39500427246094,198.9600067138672,198.17999267578125,198.8300018310547,354398
2025-03-12 17:55:00+00:00,197.625,198.4552001953125,197.57339477539062,198.3699951171875,363305
2025-03-12 18:00:00+00:00,198.10000610351562,198.44000244140625,197.5915985107422,197.6300048828125,279919
2025-03-12 18:05:00+00:00,198.1199951171875,198.20899963378906,197.92999267578125,198.08999633789062,178887
2025-03-12 18:10:00+00:00,198.81500244140625,198.8300018310547,198.1300048828125,198.1300048828125,240168
2025-03-12 18:15:00+00:00,198.9199981689453,198.97999572753906,198.58999633789062,198.81500244140625,209924
2025-03-12 18:20:00+00:00,198.9499969482422,199.1199951171875,198.6699981689453,198.97999572753906,695210
2025-03-12 18:25:00+00:00,199.22000122070312,199.3000030517578,198.8300018310547,198.97000122070312,223626
2025-03-12 18:30:00+00:00,199.24000549316406,199.375,198.9499969482422,199.2550048828125,200219
2025-03-12 18:35:00+00:00,199.1199951171875,199.27000427246094,198.92999267578125,199.22999572753906,164746
2025-03-12 18:40:00+00:00,199.36500549316406,199.39999389648438,199.0915069580078,199.11000061035156,146245
2025-03-12 18:45:00+00:00,199.60009765625,199.77999877929688,199.32000732421875,199.36000061035156,247477
2025-03-12 18:50:00+00:00,199.3300018310547,199.6898956298828,199.1649932861328,199.60000610351562,254995
2025-03-12 18:55:00+00:00,199.42010498046875,199.5500030517578,199.02999877929688,199.3000030517578,210620
2025-03-12 19:00:00+00:00,199.14999389648438,199.41000366210938,198.89039611816406,199.41000366210938,286862
2025-03-12 19:05:00+00:00,199.31500244140625,199.39999389648438,199.0,199.15499877929688,230747
2025-03-12 19:10:00+00:00,199.2449951171875,199.45469665527344,199.17999267578125,199.32989501953125,237676
2025-03-12 19:15:00+00:00,199.4250030517578,199.5800018310547,198.83999633789062,199.2449951171875,317049
2025-03-12 19:20:00+00:00,199.0399932861328,199.52999877929688,198.77000427246094,199.4250030517578,270026
2025-03-12 19:25:00+00:00,199.01499938964844,199.24989318847656,198.89999389648438,199.03500366210938,245089
2025-03-12 19:30:00+00:00,199.23500061035156,199.4499969482422,199.02000427246094,199.02999877929688,323236
2025-03-12 19:35:00+00:00,198.6999969482422,199.24130249023438,198.6699981689453,199.22999572753906,379337
2025-03-12 19:40:00+00:00,198.64999389648438,198.75,198.24000549316406,198.71499633789062,405746
2025-03-12 19:45:00+00:00,199.0,199.06179809570312,198.57000732421875,198.64999389648438,331600
2025-03-12 19:50:00+00:00,199.0399932861328,199.1300048828125,198.32000732421875,198.9499969482422,636405
2025-03-12 19:55:00+00:00,198.88999938964844,199.3199005126953,198.66000366210938,199.02000427246094,1514938
2025-03-13 13:30:00+00:00,197.75,198.87989807128906,197.19039916992188,198.27000427246094,2050198
2025-03-13 13:35:00+00:00,196.50999450683594,197.76849365234375,196.07000732421875,197.76499938964844,743868
2025-03-13 13:40:00+00:00,195.03500366210938,196.6199951171875,194.92999267578125,196.4949951171875,1007104
2025-03-13 13:45:00+00:00,195.02999877929688,195.42999267578125,194.67779541015625,195.0850067138672,1007394
2025-03-13 13:50:00+00:00,194.76229858398438,195.4176025390625,194.57000732421875,195.02000427246094,742068
2025-03-13 13:55:00+00:00,194.42999267578125,195.1999969482422,194.3300018310547,194.80999755859375,704101
2025-03-13 14:00:00+00:00,194.75,194.8300018310547,193.85000610351562,194.36500549316406,909312
2025-03-13 14:05:00+00:00,195.07000732421875,195.3300018310547,194.52999877929688,194.75,689145
2025-03-13 14:10:00+00:00,195.50010681152344,195.52499389648438,194.60000610351562,195.0500030517578,643207
2025-03-13 14:15:00+00:00,195.85000610351562,195.9199981689453,195.16000366210938,195.49000549316406,608459
2025-03-13 14:20:00+00:00,196.34779357910156,196.39939880371094,195.77000427246094,195.85000610351562,486916
2025-03-13 14:25:00+00:00,195.71499633789062,196.64999389648438,195.58700561523438,196.35000610351562,663646
2025-03-13 14:30:00+00:00,195.76499938964844,196.22500610351562,195.56170654296875,195.71499633789062,400049
2025-03-13 14:35:00+00:00,195.41000366210938,195.92999267578125,195.19000244140625,195.75,363954
2025-03-13 14:40:00+00:00,195.02999877929688,195.40499877929688,194.89999389648438,195.38999938964844,422010
2025-03-13 14:45:00+00:00,195.24349975585938,195.27999877929688,194.80999755859375,195.00999450683594,391226
2025-03-13 14:50:00+00:00,196.27000427246094,196.57989501953125,195.19000244140625,195.19000244140625,473243
2025-03-13 14:55:00+00:00,195.60000610351562,196.4499969482422,195.44000244140625,196.27000427246094,339635
2025-03-13 15:00:00+00:00,196.43499755859375,196.4748992919922,195.61000061035156,195.61000061035156,283078
2025-03-13 15:05:00+00:00,195.37249755859375,196.69140625,195.27040100097656,196.43499755859375,351994
2025-03-13 15:10:00+00:00,195.21499633789062,195.75999450683594,195.1199951171875,195.39999389648438,250908
2025-03-13 15:15:00+00:00,195.46499633789062,195.49000549316406,194.9949951171875,195.22999572753906,237582
2025-03-13 15:20:00+00:00,195.35000610351562,195.4499969482422,194.97000122070312,195.4499969482422,199750
2025-03-13 15:25:00+00:00,194.85000610351562,195.47000122070312,194.7104034423828,195.3800048828125,415820
2025-03-13 15:30:00+00:00,195.0,195.27000427246094,194.8300018310547,194.83120727539062,230578
2025-03-13 15:35:00+00:00,194.38999938964844,195.00999450683594,194.0,195.00999450683594,384039
2025-03-13 15:40:00+00:00,194.9866943359375,195.5,194.0800018310547,194.39999389648438,478799
2025-03-13 15:45:00+00:00,195.15499877929688,195.27999877929688,194.57000732421875,194.97999572753906,339039
2025-03-13 15:50:00+00:00,194.47000122070312,195.19000244140625,194.44000244140625,195.1699981689453,244707
2025-03-13 15:55:00+00:00,194.2100067138672,194.61959838867188,194.08999633789062,194.49000549316406,292840
2025-03-13 16:00:00+00:00,194.44749450683594,194.6999969482422,194.0500030517578,194.25,347402
2025-03-13 16:05:00+00:00,194.66000366210938,194.8300018310547,194.1699981689453,194.42999267578125,265344
2025-03-13 16:10:00+00:00,194.0,194.7100067138672,193.9499969482422,194.64999389648438,334467
2025-03-13 16:15:00+00:00,193.7100067138672,194.1199951171875,193.60000610351562,194.0,747218
2025-03-13 16:20:00+00:00,193.64999389648438,193.86000061035156,193.4949951171875,193.67999267578125,383791
2025-03-13 16:25:00+00:00,193.7100067138672,193.92999267578125,193.50999450683594,193.66000366210938,290586
2025-03-13 16:30:00+00:00,194.11000061035156,194.19000244140625,193.50999450683594,193.67999267578125,391912
2025-03-13 16:35:00+00:00,194.34300231933594,194.4199981689453,193.91000366210938,194.10000610351562,253290
2025-03-13 16:40:00+00:00,193.82000732421875,194.42999267578125,193.72000122070312,194.35000610351562,269606
2025-03-13 16:45:00+00:00,192.92999267578125,193.8800048828125,192.74000549316406,193.76930236816406,633416
2025-03-13 16:50:00+00:00,193.22999572753906,193.47000122070312,192.82000732421875,192.97999572753906,372602
2025-03-13 16:55:00+00:00,193.1699981689453,193.32000732421875,192.8699951171875,193.24000549316406,315870
2025-03-13 17:00:00+00:00,192.94000244140625,193.25999450683594,192.6300048828125,193.1649932861328,382523
2025-03-13 17:05:00+00:00,192.39999389648438,193.14059448242188,192.36000061035156,192.94500732421875,432517
2025-03-13 17:10:00+00:00,192.1750030517578,192.5,192.0,192.3800048828125,587917
2025-03-13 17:15:00+00:00,191.93499755859375,192.38999938964844,191.82000732421875,192.22000122070312,408290
2025-03-13 17:20:00+00:00,192.2899932861328,192.3800048828125,191.9199981689453,191.94000244140625,335905
2025-03-13 17:25:00+00:00,192.5399932861328,192.6699981689453,192.16000366210938,192.27999877929688,339998
2025-03-13 17:30:00+00:00,192.07000732421875,192.6300048828125,192.05499267578125,192.5,417296
2025-03-13 17:35:00+00:00,192.24429321289062,192.3699951171875,191.92999267578125,192.02000427246094,302823
2025-03-13 17:40:00+00:00,191.98370361328125,192.4499969482422,191.9199981689453,192.27999877929688,331348
2025-03-13 17:45:00+00:00,192.09500122070312,192.19000244140625,191.91000366210938,192.00970458984375,235748
2025-03-13 17:50:00+00:00,192.63499450683594,192.66000366210938,192.08999633789062,192.1199951171875,288134
2025-03-13 17:55:00+00:00,192.3531951904297,192.64999389648438,192.20550537109375,192.6199951171875,398016
2025-03-13 18:00:00+00:00,192.877197265625,193.0399932861328,192.2550048828125,192.3000030517578,307715
2025-03-13 18:05:00+00:00,193.0399932861328,193.24000549316406,192.81109619140625,192.88999938964844,377746
2025-03-13 18:10:00+00:00,193.57000732421875,193.73989868164062,193.0,193.0399932861328,325029
2025-03-13 18:15:00+00:00,193.4149932861328,193.58999633789062,193.1699981689453,193.55999755859375,303720
2025-03-13 18:20:00+00:00,193.74000549316406,193.83999633789062,193.33999633789062,193.39999389648438,260847
2025-03-13 18:25:00+00:00,193.89999389648438,193.9600067138672,193.4600067138672,193.77000427246094,320793
2025-03-13 18:30:00+00:00,193.7899932861328,194.10850524902344,193.64500427246094,193.91000366210938,312128
2025-03-13 18:35:00+00:00,194.1649932861328,194.24000549316406,193.8000030517578,193.82679748535156,229461
2025-03-13 18:40:00+00:00,194.3699951171875,194.41050720214844,194.1199951171875,194.1300048828125,248672
2025-03-13 18:45:00+00:00,194.3531951904297,194.55999755859375,194.05999755859375,194.35000610351562,334312
2025-03-13 18:50:00+00:00,193.86500549316406,194.39500427246094,193.6199951171875,194.36000061035156,277305
2025-03-13 18:55:00+00:00,194.2449951171875,194.27000427246094,193.7100067138672,193.84500122070312,182357
2025-03-13 19:00:00+00:00,193.97500610351562,194.5500030517578,193.9199981689453,194.22000122070312,268880
2025-03-13 19:05:00+00:00,193.6199951171875,193.97000122070312,193.38999938964844,193.9600067138672,324131
2025-03-13 19:10:00+00:00,193.57000732421875,193.70230102539062,193.44000244140625,193.60000610351562,235379
2025-03-13 19:15:00+00:00,193.63999938964844,193.74000549316406,193.44000244140625,193.58999633789062,235890
2025-03-13 19:20:00+00:00,193.44659423828125,193.63999938964844,193.36000061035156,193.63999938964844,259269
2025-03-13 19:25:00+00:00,193.05999755859375,193.4600067138672,192.8800048828125,193.44000244140625,401122
2025-03-13 19:30:00+00:00,193.50999450683594,193.57000732421875,192.93499755859375,193.07000732421875,325695
2025-03-13 19:35:00+00:00,192.8699951171875,193.52499389648438,192.86000061035156,193.49000549316406,324720
2025-03-13 19:40:00+00:00,193.30999755859375,193.3300018310547,192.86000061035156,192.86659240722656,561921
2025-03-13 19:45:00+00:00,193.39999389648438,193.55990600585938,193.0800018310547,193.3000030517578,540188
2025-03-13 19:50:00+00:00,193.61509704589844,193.72999572753906,192.97999572753906,193.3800048828125,893661
2025-03-13 19:55:00+00:00,193.91000366210938,193.97999572753906,193.3800048828125,193.61000061035156,1687630
2025-03-14 13:30:00+00:00,197.5399932861328,197.87649536132812,196.4499969482422,197.38499450683594,3715069
2025-03-14 13:35:00+00:00,198.09500122070312,198.56500244140625,197.14999389648438,197.5771026611328,1095080
2025-03-14 13:40:00+00:00,197.66000366210938,198.2050018310547,197.4517059326172,198.09500122070312,680351
2025-03-14 13:45:00+00:00,197.9199981689453,198.13999938964844,197.63999938964844,197.63999938964844,596269
2025-03-14 13:50:00+00:00,197.64500427246094,198.0800018310547,197.35000610351562,197.92860412597656,479177
2025-03-14 13:55:00+00:00,196.64999389648438,197.66000366210938,196.5,197.61000061035156,570831
2025-03-14 14:00:00+00:00,196.25,196.64999389648438,195.5,196.22000122070312,769253
2025-03-14 14:05:00+00:00,195.69000244140625,196.94000244140625,195.6699981689453,196.25,370090
2025-03-14 14:10:00+00:00,195.4149932861328,196.17860412597656,195.32009887695312,195.69500732421875,467269
2025-03-14 14:15:00+00:00,196.05999755859375,196.0800018310547,195.32179260253906,195.33999633789062,419369
2025-03-14 14:20:00+00:00,196.13999938964844,196.2899932861328,195.522705078125,196.05999755859375,714692
2025-03-14 14:25:00+00:00,195.8350067138672,196.2100067138672,195.67999267578125,196.19500732421875,314893
2025-03-14 14:30:00+00:00,196.2100067138672,196.35980224609375,195.8000030517578,195.8350067138672,346925
2025-03-14 14:35:00+00:00,196.8300018310547,196.88999938964844,195.8000030517578,196.20399475097656,324517
2025-03-14 14:40:00+00:00,196.94500732421875,197.19000244140625,196.5500030517578,196.8300018310547,358636
2025-03-14 14:45:00+00:00,197.14999389648438,197.4499969482422,196.92039489746094,196.95840454101562,344322
2025-03-14 14:50:00+00:00,196.69180297851562,197.2899932861328,196.67999267578125,197.1439971923828,302433
2025-03-14 14:55:00+00:00,197.55999755859375,197.60000610351562,196.49000549316406,196.7239990234375,373411
2025-03-14 15:00:00+00:00,197.8000030517578,198.16000366210938,197.56500244140625,197.56500244140625,484571
2025-03-14 15:05:00+00:00,197.17469787597656,197.83999633789062,197.16000366210938,197.7899932861328,265455
2025-03-14 15:10:00+00:00,197.2449951171875,197.49000549316406,197.0,197.17999267578125,383354
2025-03-14 15:15:00+00:00,197.8000030517578,197.88999938964844,197.25,197.25,351651
2025-03-14 15:20:00+00:00,197.30999755859375,197.89999389648438,197.25999450683594,197.80979919433594,325744
2025-03-14 15:25:00+00:00,197.25999450683594,197.3800048828125,197.0500030517578,197.30499267578125,270206
2025-03-14 15:30:00+00:00,197.9600067138672,197.96499633789062,197.22999572753906,197.26499938964844,414936
2025-03-14 15:35:00+00:00,198.08999633789062,198.16000366210938,197.6699981689453,197.9600067138672,581085
2025-03-14 15:40:00+00:00,198.0399932861328,198.24000549316406,197.99000549316406,198.10000610351562,499913
2025-03-14 15:45:00+00:00,197.47999572753906,198.07000732421875,197.1999969482422,198.02040100097656,404618
2025-03-14 15:50:00+00:00,197.3300018310547,197.50999450683594,197.02000427246094,197.49000549316406,221959
2025-03-14 15:55:00+00:00,197.74000549316406,197.7696075439453,197.2342071533203,197.2899932861328,197723
2025-03-14 16:00:00+00:00,197.5800018310547,197.82000732421875,197.52000427246094,197.75,160732
2025-03-14 16:05:00+00:00,197.22999572753906,197.60000610351562,197.19000244140625,197.55999755859375,227134
2025-03-14 16:10:00+00:00,197.14990234375,197.33999633789062,197.02000427246094,197.25999450683594,266267
2025-03-14 16:15:00+00:00,197.13999938964844,197.25999450683594,196.75999450683594,197.13999938964844,352533
2025-03-14 16:20:00+00:00,197.4904022216797,197.5500030517578,197.13999938964844,197.13999938964844,318784
2025-03-14 16:25:00+00:00,197.41000366210938,197.75,197.22950744628906,197.5050048828125,268133
2025-03-14 16:30:00+00:00,197.5800018310547,197.66000366210938,197.18499755859375,197.41000366210938,201586
2025-03-14 16:35:00+00:00,197.83929443359375,198.0500030517578,197.5399932861328,197.55999755859375,276489
2025-03-14 16:40:00+00:00,198.05999755859375,198.0800018310547,197.8300018310547,197.83859252929688,223876
2025-03-14 16:45:00+00:00,197.92999267578125,198.1199951171875,197.82420349121094,198.06919860839844,155040
2025-03-14 16:50:00+00:00,198.27000427246094,198.375,197.8699951171875,197.9499969482422,270138
2025-03-14 16:55:00+00:00,198.24000549316406,198.43499755859375,198.1199951171875,198.26499938964844,228447
2025-03-14 17:00:00+00:00,197.9600067138672,198.47500610351562,197.83999633789062,198.17999267578125,377137
2025-03-14 17:05:00+00:00,198.1300048828125,198.1999969482422,197.85000610351562,197.9600067138672,279213
2025-03-14 17:10:00+00:00,197.91000366210938,198.16000366210938,197.83999633789062,198.15989685058594,260803
2025-03-14 17:15:00+00:00,197.8300018310547,198.0800018310547,197.77000427246094,197.88999938964844,252828
2025-03-14 17:20:00+00:00,197.85000610351562,198.2050018310547,197.8000946044922,197.80999755859375,238953
2025-03-14 17:25:00+00:00,197.6699981689453,197.96499633789062,197.50999450683594,197.86000061035156,237141
2025-03-14 17:30:00+00:00,197.33999633789062,197.82000732421875,197.25,197.66000366210938,215010
2025-03-14 17:35:00+00:00,197.4499969482422,197.6199951171875,197.1468963623047,197.35000610351562,212128
2025-03-14 17:40:00+00:00,197.1999969482422,197.49000549316406,197.17999267578125,197.4250030517578,152420
2025-03-14 17:45:00+00:00,197.1649932861328,197.27000427246094,197.02049255371094,197.1999969482422,209738
2025-03-14 17:50:00+00:00,197.42010498046875,197.5399932861328,197.1300048828125,197.17999267578125,182110
2025-03-14 17:55:00+00:00,197.1748046875,197.4250030517578,197.1112060546875,197.41000366210938,168039
2025-03-14 18:00:00+00:00,197.50289916992188,197.51300048828125,197.19500732421875,197.19500732421875,144132
2025-03-14 18:05:00+00:00,197.69500732421875,197.6999969482422,197.42999267578125,197.47999572753906,203508
2025-03-14 18:10:00+00:00,197.57000732421875,197.7899932861328,197.5,197.69500732421875,186458
2025-03-14 18:15:00+00:00,197.30499267578125,197.60000610351562,197.25999450683594,197.57000732421875,295847
2025-03-14 18:20:00+00:00,197.0,197.3699951171875,196.94500732421875,197.30999755859375,201691
2025-03-14 18:25:00+00:00,197.0500030517578,197.1999969482422,196.9949951171875,196.9949951171875,181801
2025-03-14 18:30:00+00:00,197.55999755859375,197.58999633789062,197.02999877929688,197.0500030517578,287028
2025-03-14 18:35:00+00:00,197.8000030517578,197.8000030517578,197.44000244140625,197.55999755859375,230506
2025-03-14 18:40:00+00:00,197.77000427246094,197.8800048828125,197.64999389648438,197.8000030517578,208012
2025-03-14 18:45:00+00:00,197.79359436035156,198.01499938964844,197.75,197.7899932861328,232134
2025-03-14 18:50:00+00:00,197.61000061035156,197.9969024658203,197.57009887695312,197.7821044921875,250550
2025-03-14 18:55:00+00:00,197.6300048828125,197.72000122070312,197.25,197.59010314941406,215447
2025-03-14 19:00:00+00:00,197.86920166015625,197.91000366210938,197.52499389648438,197.6199951171875,239740
2025-03-14 19:05:00+00:00,197.89010620117188,198.0500030517578,197.82000732421875,197.86000061035156,319375
2025-03-14 19:10:00+00:00,198.0854949951172,198.1374969482422,197.8000030517578,197.89999389648438,231482
2025-03-14 19:15:00+00:00,197.9199981689453,198.10000610351562,197.84140014648438,198.09800720214844,339238
2025-03-14 19:20:00+00:00,197.53500366210938,197.94000244140625,197.375,197.92999267578125,377246
2025-03-14 19:25:00+00:00,197.66250610351562,197.75999450683594,197.5,197.53500366210938,304652
2025-03-14 19:30:00+00:00,197.94000244140625,197.9499969482422,197.6699981689453,197.6699981689453,274275
2025-03-14 19:35:00+00:00,197.7100067138672,198.02999877929688,197.66000366210938,197.9199981689453,340705
2025-03-14 19:40:00+00:00,197.88499450683594,197.88499450683594,197.52000427246094,197.71780395507812,272114
2025-03-14 19:45:00+00:00,198.28500366210938,198.32000732421875,197.8000030517578,197.8800048828125,407342
2025-03-14 19:50:00+00:00,198.47999572753906,198.60000610351562,197.91000366210938,198.27999877929688,762697
2025-03-14 19:55:00+00:00,197.94000244140625,198.64999389648438,197.92999267578125,198.4499969482422,2654841
2025-03-17 13:30:00+00:00,198.1999969482422,198.9600067138672,198.00999450683594,198.77000427246094,2473458
2025-03-17 13:35:00+00:00,198.67999267578125,198.80999755859375,198.0800018310547,198.25,1000755
2025-03-17 13:40:00+00:00,198.22000122070312,198.74000549316406,198.0500030517578,198.67999267578125,849759
2025-03-17 13:45:00+00:00,196.85000610351562,198.3300018310547,196.66000366210938,198.19000244140625,1027003
2025-03-17 13:50:00+00:00,197.375,197.47000122070312,196.64999389648438,196.85000610351562,587199
2025-03-17 13:55:00+00:00,197.69000244140625,197.8300018310547,197.17999267578125,197.375,512655
2025-03-17 14:00:00+00:00,196.375,197.64999389648438,196.35000610351562,197.64999389648438,670638
2025-03-17 14:05:00+00:00,196.60000610351562,196.99000549316406,195.88999938964844,196.40499877929688,774595
2025-03-17 14:10:00+00:00,197.24000549316406,197.43499755859375,196.25,196.60499572753906,906698
2025-03-17 14:15:00+00:00,196.81500244140625,197.33999633789062,196.60000610351562,197.2949981689453,643802
2025-03-17 14:20:00+00:00,197.17999267578125,197.2899932861328,196.75,196.82000732421875,360334
2025-03-17 14:25:00+00:00,196.1649932861328,197.41600036621094,196.1300048828125,197.1999969482422,587408
2025-03-17 14:30:00+00:00,196.27999877929688,196.50999450683594,195.97999572753906,196.1699981689453,579299
2025-03-17 14:35:00+00:00,196.42999267578125,196.6300048828125,195.8699951171875,196.3135986328125,634773
2025-03-17 14:40:00+00:00,196.8072052001953,196.91000366210938,196.34959411621094,196.4499969482422,294419
2025-03-17 14:45:00+00:00,196.44119262695312,196.82000732421875,196.3000946044922,196.8000030517578,357789
2025-03-17 14:50:00+00:00,195.9199981689453,196.42999267578125,195.8800048828125,196.42999267578125,362151
2025-03-17 14:55:00+00:00,195.36500549316406,195.9199981689453,195.25,195.9199981689453,559615
2025-03-17 15:00:00+00:00,194.7899932861328,195.69000244140625,194.75,195.3800048828125,616563
2025-03-17 15:05:00+00:00,194.82000732421875,194.94000244140625,194.6699981689453,194.8000030517578,384895
2025-03-17 15:10:00+00:00,195.2989959716797,195.3000030517578,194.60000610351562,194.83999633789062,522758
2025-03-17 15:15:00+00:00,195.9499969482422,196.2899932861328,195.24049377441406,195.33859252929688,429850
2025-03-17 15:20:00+00:00,195.74000549316406,195.97000122070312,195.5803985595703,195.9550018310547,316025
2025-03-17 15:25:00+00:00,195.4199981689453,195.82000732421875,195.30999755859375,195.73500061035156,337295
2025-03-17 15:30:00+00:00,194.89999389648438,195.60000610351562,194.57000732421875,195.3699951171875,408399
2025-03-17 15:35:00+00:00,194.53990173339844,194.97000122070312,194.4499969482422,194.88999938964844,449293
2025-03-17 15:40:00+00:00,194.64999389648438,194.6999969482422,194.32470703125,194.52499389648438,408823
2025-03-17 15:45:00+00:00,194.78500366210938,194.86000061035156,194.56500244140625,194.64500427246094,352651
2025-03-17 15:50:00+00:00,194.8000030517578,194.97999572753906,194.52999877929688,194.8000030517578,373487
2025-03-17 15:55:00+00:00,194.72500610351562,194.86500549316406,194.47999572753906,194.8000030517578,366500
2025-03-17 16:00:00+00:00,194.71499633789062,194.80999755859375,194.39999389648438,194.7100067138672,285302
2025-03-17 16:05:00+00:00,195.06500244140625,195.27999877929688,194.70770263671875,194.74000549316406,513097
2025-03-17 16:10:00+00:00,195.4320068359375,195.60000610351562,194.6999969482422,195.0800018310547,554147
2025-03-17 16:15:00+00:00,195.2899932861328,195.52000427246094,195.17100524902344,195.47000122070312,266960
2025-03-17 16:20:00+00:00,194.86000061035156,195.32000732421875,194.60000610351562,195.27589416503906,273941
2025-03-17 16:25:00+00:00,194.71299743652344,194.9250030517578,194.4600067138672,194.86239624023438,305719
2025-03-17 16:30:00+00:00,195.314697265625,195.314697265625,194.6999969482422,194.74000549316406,411237
2025-03-17 16:35:00+00:00,195.36000061035156,195.60000610351562,195.24420166015625,195.30999755859375,211437
2025-03-17 16:40:00+00:00,194.92039489746094,195.36000061035156,194.77000427246094,195.35000610351562,293628
2025-03-17 16:45:00+00:00,195.1999969482422,195.24000549316406,194.6699981689453,194.94000244140625,213252
2025-03-17 16:50:00+00:00,195.3800048828125,195.5998992919922,195.1708984375,195.2100067138672,216136
2025-03-17 16:55:00+00:00,195.5,195.5050048828125,194.9499969482422,195.36000061035156,408634
2025-03-17 17:00:00+00:00,195.40499877929688,195.63250732421875,195.3249969482422,195.5,261441
2025-03-17 17:05:00+00:00,195.7100067138672,195.82000732421875,195.41000366210938,195.41000366210938,341102
2025-03-17 17:10:00+00:00,195.8397979736328,195.8800048828125,195.4600067138672,195.68499755859375,265804
2025-03-17 17:15:00+00:00,195.82000732421875,195.9499969482422,195.1999969482422,195.85000610351562,554734
2025-03-17 17:20:00+00:00,195.91000366210938,196.0800018310547,195.5,195.8101043701172,617977
2025-03-17 17:25:00+00:00,196.1403045654297,196.39999389648438,195.85009765625,195.90570068359375,370287
2025-03-17 17:30:00+00:00,196.27499389648438,196.30999755859375,195.97000122070312,196.16990661621094,279103
2025-03-17 17:35:00+00:00,196.8300018310547,196.99000549316406,196.22999572753906,196.27499389648438,474972
2025-03-17 17:40:00+00:00,197.19000244140625,197.20660400390625,196.77000427246094,196.83999633789062,321599
2025-03-17 17:45:00+00:00,197.2100067138672,197.2899932861328,196.86000061035156,197.19000244140625,332791
2025-03-17 17:50:00+00:00,197.1699981689453,197.3300018310547,197.0800018310547,197.1999969482422,267247
2025-03-17 17:55:00+00:00,196.92999267578125,197.16000366210938,196.92999267578125,197.1204071044922,231273
2025-03-17 18:00:00+00:00,197.02999877929688,197.39999389648438,196.75999450683594,196.9600067138672,378942
2025-03-17 18:05:00+00:00,197.375,197.44000244140625,196.9709014892578,197.02999877929688,190536
2025-03-17 18:10:00+00:00,197.85000610351562,197.8800048828125,197.22000122070312,197.33999633789062,324889
2025-03-17 18:15:00+00:00,198.11000061035156,198.22000122070312,197.66000366210938,197.85879516601562,397034
2025-03-17 18:20:00+00:00,198.125,198.28919982910156,197.9600067138672,198.1199951171875,313067
2025-03-17 18:25:00+00:00,198.36000061035156,198.39669799804688,197.99000549316406,198.1300048828125,323768
2025-03-17 18:30:00+00:00,198.42999267578125,198.47979736328125,198.24659729003906,198.3800048828125,287172
2025-03-17 18:35:00+00:00,197.85499572753906,198.42059326171875,197.6999969482422,198.4149932861328,438309
2025-03-17 18:40:00+00:00,197.82220458984375,197.89999389648438,197.66000366210938,197.8529052734375,273893
2025-03-17 18:45:00+00:00,197.9600067138672,198.10000610351562,197.6999969482422,197.8300018310547,374763
2025-03-17 18:50:00+00:00,197.85499572753906,198.01800537109375,197.72999572753906,197.9600067138672,279129
2025-03-17 18:55:00+00:00,197.86239624023438,198.1300048828125,197.83999633789062,197.83999633789062,262843
2025-03-17 19:00:00+00:00,197.58999633789062,198.06910705566406,197.3699951171875,197.85499572753906,470419
2025-03-17 19:05:00+00:00,197.67999267578125,198.0446014404297,197.0500030517578,197.53419494628906,830469
2025-03-17 19:10:00+00:00,197.77999877929688,197.7899932861328,197.3699951171875,197.64010620117188,376277
2025-03-17 19:15:00+00:00,197.57000732421875,197.77000427246094,197.50999450683594,197.76199340820312,240486
2025-03-17 19:20:00+00:00,197.49000549316406,197.9199981689453,197.25,197.5500030517578,877192
2025-03-17 19:25:00+00:00,197.47000122070312,197.5399932861328,197.1999969482422,197.52000427246094,312028
2025-03-17 19:30:00+00:00,197.4199981689453,197.63999938964844,197.38119506835938,197.4600067138672,235472
2025-03-17 19:35:00+00:00,197.3625030517578,197.62120056152344,197.35000610351562,197.4311065673828,232121
2025-03-17 19:40:00+00:00,197.29100036621094,197.41050720214844,196.89999389648438,197.36000061035156,387220
2025-03-17 19:45:00+00:00,197.07000732421875,197.30499267578125,197.00999450683594,197.2899932861328,335592
2025-03-17 19:50:00+00:00,196.3249969482422,197.36000061035156,195.99000549316406,197.0500030517578,855720
2025-03-17 19:55:00+00:00,195.85000610351562,196.3350067138672,195.6999969482422,196.3350067138672,3095128
2025-03-18 13:30:00+00:00,191.9199981689453,192.52000427246094,191.00999450683594,192.52000427246094,4177733
2025-03-18 13:35:00+00:00,191.6199951171875,192.01199340820312,191.0800018310547,191.9243927001953,945542
2025-03-18 13:40:00+00:00,189.6300048828125,191.72000122070312,189.5,191.58999633789062,1986790
2025-03-18 13:45:00+00:00,190.97500610351562,191.22740173339844,189.39999389648438,189.6300048828125,1003607
2025-03-18 13:50:00+00:00,190.97000122070312,191.36000061035156,190.72000122070312,190.9499969482422,703751
2025-03-18 13:55:00+00:00,190.67430114746094,190.98500061035156,190.35000610351562,190.98500061035156,573448
2025-03-18 14:00:00+00:00,191.15069580078125,191.1999969482422,190.3800048828125,190.6649932861328,746989
2025-03-18 14:05:00+00:00,191.8800048828125,191.92999267578125,191.05029296875,191.2100067138672,687947
2025-03-18 14:10:00+00:00,191.14999389648438,191.9199981689453,191.11000061035156,191.87449645996094,561001
2025-03-18 14:15:00+00:00,190.66000366210938,191.2899932861328,190.41000366210938,191.19000244140625,489796
2025-03-18 14:20:00+00:00,190.91000366210938,191.35000610351562,190.6300048828125,190.6501007080078,440129
2025-03-18 14:25:00+00:00,190.82000732421875,191.00999450683594,190.58999633789062,190.94000244140625,394468
2025-03-18 14:30:00+00:00,190.8300018310547,191.11109924316406,190.5500946044922,190.82000732421875,420774
2025-03-18 14:35:00+00:00,191.56500244140625,191.6273956298828,190.60000610351562,190.8300018310547,425598
2025-03-18 14:40:00+00:00,191.33999633789062,191.88999938964844,191.1699981689453,191.61500549316406,474183
2025-03-18 14:45:00+00:00,191.05999755859375,191.38999938964844,190.94000244140625,191.30499267578125,329081
2025-03-18 14:50:00+00:00,191.10499572753906,191.5500030517578,191.0399932861328,191.05999755859375,272741
2025-03-18 14:55:00+00:00,191.27999877929688,191.4799041748047,190.94000244140625,191.07000732421875,398006
2025-03-18 15:00:00+00:00,190.5500030517578,191.35000610351562,190.41000366210938,191.30999755859375,483472
2025-03-18 15:05:00+00:00,190.85000610351562,190.9499969482422,190.33099365234375,190.5500030517578,342101
2025-03-18 15:10:00+00:00,191.38499450683594,191.47079467773438,190.8300018310547,190.89129638671875,325452
2025-03-18 15:15:00+00:00,191.35000610351562,191.42999267578125,191.05999755859375,191.33999633789062,245382
2025-03-18 15:20:00+00:00,191.36000061035156,191.4600067138672,191.110107421875,191.36000061035156,233603
2025-03-18 15:25:00+00:00,191.72000122070312,191.9499969482422,191.3800048828125,191.3800048828125,292828
2025-03-18 15:30:00+00:00,191.8939971923828,192.01699829101562,191.58999633789062,191.71499633789062,285230
2025-03-18 15:35:00+00:00,192.33999633789062,192.35000610351562,191.85000610351562,191.88499450683594,406857
2025-03-18 15:40:00+00:00,192.11000061035156,192.38999938964844,191.7899932861328,192.35000610351562,291796
2025-03-18 15:45:00+00:00,192.00999450683594,192.36000061035156,191.9499969482422,192.1103057861328,224462
2025-03-18 15:50:00+00:00,192.02999877929688,192.14830017089844,191.91000366210938,192.03500366210938,215107
2025-03-18 15:55:00+00:00,192.21499633789062,192.24000549316406,191.76100158691406,192.03030395507812,311283
2025-03-18 16:00:00+00:00,192.45399475097656,192.69000244140625,192.07000732421875,192.2100067138672,367975
2025-03-18 16:05:00+00:00,192.1988067626953,192.4499969482422,192.10000610351562,192.4499969482422,283842
2025-03-18 16:10:00+00:00,192.30999755859375,192.5968017578125,192.1199951171875,192.17999267578125,316324
2025-03-18 16:15:00+00:00,191.8699951171875,192.3800048828125,191.8699951171875,192.2949981689453,309239
2025-03-18 16:20:00+00:00,191.97999572753906,192.03500366210938,191.77999877929688,191.8800048828125,237700
2025-03-18 16:25:00+00:00,192.24000549316406,192.2899932861328,191.89999389648438,191.98500061035156,296087
2025-03-18 16:30:00+00:00,192.02000427246094,192.27000427246094,191.88099670410156,192.22999572753906,261878
2025-03-18 16:35:00+00:00,192.0500030517578,192.10000610351562,191.74659729003906,192.05999755859375,226746
2025-03-18 16:40:00+00:00,191.65499877929688,192.08999633789062,191.57000732421875,192.0648956298828,282722
2025-03-18 16:45:00+00:00,191.62010192871094,191.75999450683594,191.4499969482422,191.64999389648438,277221
2025-03-18 16:50:00+00:00,191.73500061035156,191.7397003173828,191.3699951171875,191.61500549316406,212428
2025-03-18 16:55:00+00:00,192.21499633789062,192.35400390625,191.6909942626953,191.72000122070312,325983
2025-03-18 17:00:00+00:00,191.97500610351562,192.24000549316406,191.89999389648438,192.2100067138672,209865
2025-03-18 17:05:00+00:00,191.68499755859375,192.0153045654297,191.5399932861328,191.97000122070312,202814
2025-03-18 17:10:00+00:00,191.99049377441406,192.22000122070312,191.5500030517578,191.67999267578125,218537
2025-03-18 17:15:00+00:00,191.95799255371094,192.2100067138672,191.3000030517578,192.0,310146
2025-03-18 17:20:00+00:00,192.03990173339844,192.3000030517578,191.72999572753906,191.97999572753906,244312
2025-03-18 17:25:00+00:00,192.05999755859375,192.3000030517578,191.875,191.97999572753906,195846
2025-03-18 17:30:00+00:00,192.16000366210938,192.19000244140625,191.82000732421875,192.05580139160156,174173
2025-03-18 17:35:00+00:00,192.77000427246094,192.82000732421875,192.02999877929688,192.17999267578125,245927
2025-03-18 17:40:00+00:00,192.55999755859375,192.78799438476562,192.3699951171875,192.75999450683594,257341
2025-03-18 17:45:00+00:00,192.82000732421875,192.9250030517578,192.5500030517578,192.55999755859375,285835
2025-03-18 17:50:00+00:00,192.6540985107422,192.9398956298828,192.64500427246094,192.82000732421875,212125
2025-03-18 17:55:00+00:00,192.49000549316406,192.64500427246094,192.36500549316406,192.64500427246094,249015
2025-03-18 18:00:00+00:00,192.09019470214844,192.60000610351562,191.9199981689453,192.50999450683594,221327
2025-03-18 18:05:00+00:00,192.2550048828125,192.27499389648438,191.97999572753906,192.07000732421875,173350
2025-03-18 18:10:00+00:00,191.97000122070312,192.22000122070312,191.9300994873047,192.2100067138672,229710
2025-03-18 18:15:00+00:00,192.39999389648438,192.42999267578125,191.97999572753906,191.99000549316406,217401
2025-03-18 18:20:00+00:00,192.69000244140625,192.83999633789062,192.3074951171875,192.38999938964844,328735
2025-03-18 18:25:00+00:00,192.56500244140625,192.80999755859375,192.5,192.69000244140625,204800
2025-03-18 18:30:00+00:00,192.58999633789062,192.8000030517578,192.5,192.5800018310547,187729
2025-03-18 18:35:00+00:00,193.0850067138672,193.1999969482422,192.62159729003906,192.6383056640625,269214
2025-03-18 18:40:00+00:00,193.10499572753906,193.25,192.89999389648438,193.0500030517578,203300
2025-03-18 18:45:00+00:00,193.6999969482422,193.8000030517578,193.05499267578125,193.10499572753906,249772
2025-03-18 18:50:00+00:00,193.61180114746094,193.9398956298828,193.36000061035156,193.7100067138672,421148
2025-03-18 18:55:00+00:00,193.64500427246094,193.86000061035156,193.44000244140625,193.58999633789062,249143
2025-03-18 19:00:00+00:00,193.47000122070312,193.63999938964844,193.36000061035156,193.63999938964844,216906
2025-03-18 19:05:00+00:00,193.18350219726562,193.5399932861328,193.02000427246094,193.47000122070312,266378
2025-03-18 19:10:00+00:00,193.3197021484375,193.33999633789062,192.97549438476562,193.1699981689453,195116
2025-03-18 19:15:00+00:00,193.52630615234375,193.55999755859375,193.2100067138672,193.29710388183594,225789
2025-03-18 19:20:00+00:00,193.27000427246094,193.72999572753906,193.25,193.52999877929688,265107
2025-03-18 19:25:00+00:00,193.35499572753906,193.5800018310547,193.0,193.27999877929688,359603
2025-03-18 19:30:00+00:00,193.5850067138672,193.6300048828125,193.37939453125,193.3800048828125,246070
2025-03-18 19:35:00+00:00,192.97000122070312,193.5800018310547,192.94000244140625,193.5800018310547,321058
2025-03-18 19:40:00+00:00,192.6533966064453,193.0399932861328,192.5,192.99000549316406,406060
2025-03-18 19:45:00+00:00,192.36000061035156,192.75999450683594,192.25,192.6699981689453,511387
2025-03-18 19:50:00+00:00,192.67999267578125,193.14999389648438,192.3000030517578,192.3300018310547,754880
2025-03-18 19:55:00+00:00,192.91000366210938,192.91000366210938,192.56500244140625,192.68499755859375,1493620
2025-03-19 13:30:00+00:00,192.3699951171875,193.68499755859375,192.33999633789062,193.375,1800466
2025-03-19 13:35:00+00:00,192.66000366210938,192.66000366210938,191.9600067138672,192.3699951171875,617601
2025-03-19 13:40:00+00:00,192.64630126953125,192.97999572753906,192.25,192.64500427246094,385590
2025-03-19 13:45:00+00:00,193.18499755859375,193.5,192.58200073242188,192.61000061035156,677189
2025-03-19 13:50:00+00:00,193.6479949951172,193.6999969482422,193.02999877929688,193.1999969482422,312538
2025-03-19 13:55:00+00:00,193.60000610351562,193.74000549316406,193.33999633789062,193.6300048828125,338666
2025-03-19 14:00:00+00:00,193.97000122070312,194.0500030517578,193.69000244140625,193.69000244140625,585579
2025-03-19 14:05:00+00:00,194.14999389648438,194.2899932861328,193.85000610351562,193.96200561523438,409183
2025-03-19 14:10:00+00:00,193.7657928466797,194.19000244140625,193.66000366210938,194.14999389648438,339827
2025-03-19 14:15:00+00:00,194.02000427246094,194.11500549316406,193.72000122070312,193.72999572753906,386326
2025-03-19 14:20:00+00:00,193.72500610351562,194.0500030517578,193.5500030517578,194.0399932861328,330783
2025-03-19 14:25:00+00:00,193.47999572753906,193.94000244140625,193.47000122070312,193.75999450683594,287020
2025-03-19 14:30:00+00:00,193.59120178222656,193.73989868164062,193.2899932861328,193.5,265869
2025-03-19 14:35:00+00:00,193.77499389648438,193.8096923828125,193.42050170898438,193.58999633789062,253652
2025-03-19 14:40:00+00:00,193.5399932861328,193.86500549316406,193.3699951171875,193.76010131835938,212598
2025-03-19 14:45:00+00:00,193.50999450683594,193.6199951171875,193.3300018310547,193.5500030517578,240740
2025-03-19 14:50:00+00:00,193.1199951171875,193.52999877929688,193.02999877929688,193.52000427246094,369230
2025-03-19 14:55:00+00:00,192.97000122070312,193.1199951171875,192.6999969482422,193.1199951171875,362358
2025-03-19 15:00:00+00:00,193.02999877929688,193.1999969482422,192.83999633789062,192.9499969482422,253586
2025-03-19 15:05:00+00:00,193.63999938964844,193.64999389648438,193.00999450683594,193.07000732421875,320972
2025-03-19 15:10:00+00:00,193.3699951171875,193.77000427246094,193.30999755859375,193.65139770507812,287631
2025-03-19 15:15:00+00:00,193.1300048828125,193.44639587402344,193.02000427246094,193.3699951171875,215407
2025-03-19 15:20:00+00:00,193.4199981689453,193.6300048828125,193.07000732421875,193.13999938964844,188565
2025-03-19 15:25:00+00:00,193.4499969482422,193.61000061035156,193.35000610351562,193.42999267578125,187286
2025-03-19 15:30:00+00:00,193.6699981689453,193.6699981689453,193.25,193.46400451660156,167104
2025-03-19 15:35:00+00:00,193.60000610351562,193.72000122070312,193.4499969482422,193.66329956054688,131088
2025-03-19 15:40:00+00:00,193.8699951171875,193.9499969482422,193.58999633789062,193.60000610351562,148664
2025-03-19 15:45:00+00:00,193.6699981689453,193.89999389648438,193.49000549316406,193.87939453125,156695
2025-03-19 15:50:00+00:00,194.002197265625,194.16000366210938,193.6750030517578,193.6750030517578,251312
2025-03-19 15:55:00+00:00,193.98500061035156,194.17999267578125,193.77000427246094,193.9949951171875,297570
2025-03-19 16:00:00+00:00,193.94000244140625,194.0399932861328,193.75999450683594,193.97000122070312,207046
2025-03-19 16:05:00+00:00,193.9199981689453,194.13999938964844,193.83999633789062,193.92999267578125,171702
2025-03-19 16:10:00+00:00,193.58999633789062,193.9600067138672,193.52999877929688,193.9199981689453,277064
2025-03-19 16:15:00+00:00,193.5500030517578,193.60000610351562,193.33999633789062,193.57009887695312,168663
2025-03-19 16:20:00+00:00,193.72999572753906,193.82000732421875,193.4600067138672,193.5500030517578,186869
2025-03-19 16:25:00+00:00,193.78500366210938,193.81500244140625,193.58999633789062,193.73939514160156,144107
2025-03-19 16:30:00+00:00,193.5850067138672,193.77000427246094,193.52000427246094,193.77000427246094,151863
2025-03-19 16:35:00+00:00,193.39500427246094,193.60000610351562,193.3800048828125,193.5800018310547,182348
2025-03-19 16:40:00+00:00,193.13999938964844,193.3800048828125,193.07000732421875,193.3800048828125,196102
2025-03-19 16:45:00+00:00,192.9199981689453,193.22000122070312,192.8300018310547,193.14999389648438,249444
2025-03-19 16:50:00+00:00,192.89999389648438,192.99000549316406,192.72999572753906,192.92999267578125,343905
2025-03-19 16:55:00+00:00,192.72999572753906,192.8966064453125,192.66000366210938,192.88999938964844,242381
2025-03-19 17:00:00+00:00,192.57000732421875,192.75,192.49000549316406,192.72000122070312,285088
2025-03-19 17:05:00+00:00,192.3300018310547,192.58999633789062,192.3000030517578,192.55499267578125,280965
2025-03-19 17:10:00+00:00,192.11000061035156,192.36000061035156,191.99000549316406,192.33999633789062,390926
2025-03-19 17:15:00+00:00,192.30999755859375,192.5050048828125,192.07000732421875,192.11500549316406,271336
2025-03-19 17:20:00+00:00,192.38600158691406,192.49000549316406,192.27999877929688,192.27999877929688,206481
2025-03-19 17:25:00+00:00,192.21499633789062,192.47000122070312,192.17999267578125,192.3800048828125,168862
2025-03-19 17:30:00+00:00,192.24879455566406,192.24879455566406,191.97000122070312,192.1999969482422,246397
2025-03-19 17:35:00+00:00,192.55520629882812,192.60000610351562,192.22999572753906,192.24000549316406,246402
2025-03-19 17:40:00+00:00,192.48880004882812,192.8000030517578,192.46499633789062,192.5529022216797,214036
2025-03-19 17:45:00+00:00,192.4499969482422,192.57000732421875,192.33999633789062,192.49000549316406,166903
2025-03-19 17:50:00+00:00,192.78990173339844,192.7899932861328,192.44000244140625,192.4550018310547,194213
2025-03-19 17:55:00+00:00,192.78500366210938,192.83999633789062,192.66969299316406,192.77999877929688,204155
2025-03-19 18:00:00+00:00,192.72999572753906,193.5800018310547,192.52999877929688,192.72999572753906,661362
2025-03-19 18:05:00+00:00,192.94000244140625,193.0399932861328,192.27999877929688,192.7100067138672,326673
2025-03-19 18:10:00+00:00,193.33999633789062,193.5800018310547,192.94329833984375,192.97999572753906,322723
2025-03-19 18:15:00+00:00,193.35000610351562,193.6699981689453,193.3300018310547,193.3300018310547,340370
2025-03-19 18:20:00+00:00,193.36000061035156,193.51499938964844,193.13999938964844,193.35000610351562,244931
2025-03-19 18:25:00+00:00,193.2449951171875,193.52999877929688,193.10000610351562,193.33999633789062,192010
2025-03-19 18:30:00+00:00,193.85499572753906,194.08999633789062,193.22999572753906,193.22999572753906,403130
2025-03-19 18:35:00+00:00,193.4199981689453,193.9532928466797,193.30999755859375,193.83999633789062,431382
2025-03-19 18:40:00+00:00,194.10000610351562,194.22999572753906,193.27999877929688,193.41000366210938,447848
2025-03-19 18:45:00+00:00,193.75999450683594,194.22000122070312,193.75999450683594,194.13999938964844,291181
2025-03-19 18:50:00+00:00,194.1199951171875,194.27830505371094,193.6923065185547,193.7899932861328,322042
2025-03-19 18:55:00+00:00,194.6199951171875,194.6699981689453,194.0,194.14999389648438,555481
2025-03-19 19:00:00+00:00,194.875,194.9600067138672,194.58999633789062,194.60000610351562,551312
2025-03-19 19:05:00+00:00,195.5,195.6300048828125,194.82949829101562,194.8813018798828,793356
2025-03-19 19:10:00+00:00,195.27999877929688,195.72500610351562,194.90660095214844,195.47999572753906,622907
2025-03-19 19:15:00+00:00,195.0500030517578,195.42999267578125,194.88999938964844,195.3300018310547,521746
2025-03-19 19:20:00+00:00,194.83999633789062,195.0800018310547,194.42840576171875,195.05999755859375,408759
2025-03-19 19:25:00+00:00,194.33999633789062,194.9199981689453,194.13999938964844,194.85650634765625,423823
2025-03-19 19:30:00+00:00,194.8300018310547,195.0791015625,194.2100067138672,194.33200073242188,421213
2025-03-19 19:35:00+00:00,195.43499755859375,195.4600067138672,194.5,194.8300018310547,482132
2025-03-19 19:40:00+00:00,195.88999938964844,195.9600067138672,195.3300018310547,195.39439392089844,683360
2025-03-19 19:45:00+00:00,195.37930297851562,195.88999938964844,195.1300048828125,195.88999938964844,523013
2025-03-19 19:50:00+00:00,195.16000366210938,195.3800048828125,194.7100067138672,195.3800048828125,889918
2025-03-19 19:55:00+00:00,195.52000427246094,195.58999633789062,195.02999877929688,195.13999938964844,1596904
2025-03-20 13:30:00+00:00,194.53500366210938,194.5500030517578,192.3000030517578,193.09500122070312,2124259
2025-03-20 13:35:00+00:00,195.10000610351562,195.15310668945312,194.34500122070312,194.5574951171875,810851
2025-03-20 13:40:00+00:00,195.36000061035156,195.49000549316406,194.77000427246094,195.1699981689453,597398
2025-03-20 13:45:00+00:00,195.50999450683594,196.0,195.3000030517578,195.3000030517578,600486
2025-03-20 13:50:00+00:00,196.07000732421875,196.33999633789062,195.36000061035156,195.52000427246094,491024
2025-03-20 13:55:00+00:00,196.24000549316406,196.26499938964844,195.55999755859375,196.0500030517578,400647
2025-03-20 14:00:00+00:00,197.2550048828125,197.32000732421875,196.16000366210938,196.1999969482422,695655
2025-03-20 14:05:00+00:00,197.57000732421875,197.77999877929688,196.97000122070312,197.25,561811
2025-03-20 14:10:00+00:00,197.35000610351562,197.63999938964844,197.1501007080078,197.55999755859375,428966
2025-03-20 14:15:00+00:00,197.77999877929688,197.9600067138672,197.0399932861328,197.41000366210938,459728
2025-03-20 14:20:00+00:00,198.10000610351562,198.24000549316406,197.57000732421875,197.8000030517578,416440
2025-03-20 14:25:00+00:00,197.80999755859375,198.2738037109375,197.75120544433594,198.0850067138672,421851
2025-03-20 14:30:00+00:00,197.85000610351562,197.99000549316406,197.52000427246094,197.80880737304688,456426
2025-03-20 14:35:00+00:00,197.88999938964844,198.2899932861328,197.67120361328125,197.86000061035156,380114
2025-03-20 14:40:00+00:00,198.72999572753906,198.78500366210938,197.82009887695312,197.88999938964844,556611
2025-03-20 14:45:00+00:00,198.9600067138672,199.32000732421875,198.75999450683594,198.75999450683594,765432
2025-03-20 14:50:00+00:00,198.97000122070312,199.1199951171875,198.7100067138672,198.9199981689453,495151
2025-03-20 14:55:00+00:00,198.32000732421875,198.97000122070312,198.2899932861328,198.94000244140625,596628
2025-03-20 15:00:00+00:00,197.98500061035156,198.42999267578125,197.8699951171875,198.3300018310547,522140
2025-03-20 15:05:00+00:00,198.32000732421875,198.35000610351562,197.77749633789062,197.97000122070312,360580
2025-03-20 15:10:00+00:00,198.13999938964844,198.4073028564453,197.99000549316406,198.3300018310547,232910
2025-03-20 15:15:00+00:00,197.86900329589844,198.22909545898438,197.85000610351562,198.19000244140625,298100
2025-03-20 15:20:00+00:00,198.0050048828125,198.16000366210938,197.77999877929688,197.8800048828125,328167
2025-03-20 15:25:00+00:00,198.05999755859375,198.13999938964844,197.7812042236328,198.0050048828125,241331
2025-03-20 15:30:00+00:00,197.58999633789062,198.14990234375,197.4499969482422,198.0399932861328,371383
2025-03-20 15:35:00+00:00,197.55999755859375,197.61000061035156,197.17999267578125,197.5800018310547,273861
2025-03-20 15:40:00+00:00,197.78770446777344,197.91000366210938,197.57000732421875,197.58399963378906,255059
2025-03-20 15:45:00+00:00,197.67770385742188,197.9600067138672,197.57000732421875,197.77999877929688,220691
2025-03-20 15:50:00+00:00,197.41000366210938,197.7050018310547,197.39500427246094,197.7050018310547,233518
2025-03-20 15:55:00+00:00,196.55999755859375,197.42999267578125,196.46139526367188,197.4199981689453,573975
2025-03-20 16:00:00+00:00,196.6300048828125,197.3000030517578,196.4199981689453,196.55999755859375,491261
2025-03-20 16:05:00+00:00,196.0050048828125,196.68629455566406,195.85499572753906,196.61000061035156,506928
2025-03-20 16:10:00+00:00,196.04049682617188,196.08999633789062,195.50999450683594,195.99000549316406,379364
2025-03-20 16:15:00+00:00,196.11500549316406,196.1999969482422,195.92010498046875,196.0500030517578,194889
2025-03-20 16:20:00+00:00,195.82069396972656,196.14169311523438,195.74000549316406,196.09500122070312,226082
2025-03-20 16:25:00+00:00,195.0800018310547,195.97999572753906,194.9499969482422,195.82000732421875,503952
2025-03-20 16:30:00+00:00,195.15499877929688,195.4385986328125,195.02000427246094,195.0800018310547,381841
2025-03-20 16:35:00+00:00,195.39999389648438,195.4499969482422,195.0399932861328,195.125,306450
2025-03-20 16:40:00+00:00,194.8249969482422,195.41000366210938,194.6999969482422,195.41000366210938,374665
2025-03-20 16:45:00+00:00,194.85000610351562,195.1699981689453,194.76010131835938,194.8101043701172,259735
2025-03-20 16:50:00+00:00,195.22659301757812,195.2736053466797,194.77589416503906,194.84500122070312,222726
2025-03-20 16:55:00+00:00,194.65499877929688,195.25999450683594,194.50999450683594,195.23500061035156,361705
2025-03-20 17:00:00+00:00,195.13999938964844,195.1699981689453,194.60499572753906,194.64999389648438,242077
2025-03-20 17:05:00+00:00,195.31500244140625,195.40370178222656,194.9600067138672,195.1199951171875,378469
2025-03-20 17:10:00+00:00,195.0850067138672,195.38999938964844,194.97000122070312,195.30499267578125,321725
2025-03-20 17:15:00+00:00,194.9550018310547,195.11000061035156,194.6699981689453,195.09249877929688,188517
2025-03-20 17:20:00+00:00,194.84579467773438,194.97999572753906,194.6999969482422,194.9499969482422,286748
2025-03-20 17:25:00+00:00,194.2595977783203,194.99000549316406,194.1999969482422,194.8699951171875,453959
2025-03-20 17:30:00+00:00,194.64999389648438,194.80999755859375,194.2301025390625,194.27000427246094,269019
2025-03-20 17:35:00+00:00,194.84500122070312,194.9499969482422,194.5697021484375,194.66000366210938,155069
2025-03-20 17:40:00+00:00,194.9949951171875,195.08999633789062,194.7100067138672,194.83999633789062,179923
2025-03-20 17:45:00+00:00,194.92999267578125,195.25999450683594,194.80999755859375,194.99000549316406,196269
2025-03-20 17:50:00+00:00,194.61000061035156,194.97000122070312,194.61000061035156,194.9199981689453,178707
2025-03-20 17:55:00+00:00,194.6300048828125,194.70399475097656,194.38499450683594,194.66000366210938,206232
2025-03-20 18:00:00+00:00,194.80499267578125,194.9062957763672,194.5800018310547,194.66000366210938,137193
2025-03-20 18:05:00+00:00,194.79649353027344,194.9199981689453,194.67999267578125,194.7899932861328,159828
2025-03-20 18:10:00+00:00,194.85499572753906,195.14999389648438,194.77999877929688,194.77999877929688,238044
2025-03-20 18:15:00+00:00,194.8699951171875,195.02000427246094,194.7899932861328,194.85000610351562,264627
2025-03-20 18:20:00+00:00,194.34500122070312,194.80999755859375,194.25999450683594,194.8074951171875,269541
2025-03-20 18:25:00+00:00,193.7657012939453,194.36000061035156,193.66000366210938,194.36000061035156,546751
2025-03-20 18:30:00+00:00,193.10499572753906,193.83990478515625,193.08999633789062,193.77499389648438,619422
2025-03-20 18:35:00+00:00,193.77499389648438,194.0,193.0399932861328,193.0800018310547,453920
2025-03-20 18:40:00+00:00,193.66000366210938,193.9499969482422,193.61000061035156,193.76499938964844,215318
2025-03-20 18:45:00+00:00,194.17599487304688,194.1999969482422,193.58999633789062,193.66690063476562,227703
2025-03-20 18:50:00+00:00,194.5749969482422,194.6699981689453,194.1199951171875,194.18699645996094,246690
2025-03-20 18:55:00+00:00,194.00210571289062,194.63760375976562,193.9250030517578,194.60000610351562,228409
2025-03-20 19:00:00+00:00,194.27999877929688,194.4499969482422,193.9403076171875,193.97000122070312,256398
2025-03-20 19:05:00+00:00,194.30760192871094,194.39999389648438,194.19500732421875,194.27999877929688,220656
2025-03-20 19:10:00+00:00,194.4600067138672,194.61090087890625,194.25,194.30999755859375,416626
2025-03-20 19:15:00+00:00,194.68370056152344,194.77740478515625,194.44000244140625,194.46499633789062,211627
2025-03-20 19:20:00+00:00,194.60890197753906,194.89999389648438,194.60890197753906,194.66749572753906,295100
2025-03-20 19:25:00+00:00,194.14999389648438,194.6300048828125,194.10000610351562,194.61500549316406,287140
2025-03-20 19:30:00+00:00,194.30999755859375,194.55999755859375,194.14500427246094,194.14500427246094,264297
2025-03-20 19:35:00+00:00,194.34500122070312,194.6199951171875,194.13999938964844,194.27999877929688,357870
2025-03-20 19:40:00+00:00,194.76100158691406,194.8000030517578,194.30999755859375,194.34869384765625,236710
2025-03-20 19:45:00+00:00,195.13999938964844,195.1999969482422,194.74000549316406,194.77000427246094,409937
2025-03-20 19:50:00+00:00,194.65020751953125,195.13499450683594,194.27000427246094,195.13499450683594,530856
2025-03-20 19:55:00+00:00,194.9499969482422,195.5,194.6699981689453,194.6699981689453,1852052
2025-03-21 13:30:00+00:00,193.08999633789062,193.57000732421875,192.52000427246094,192.88499450683594,9443739
2025-03-21 13:35:00+00:00,193.13999938964844,193.57000732421875,192.67999267578125,193.11000061035156,613751
2025-03-21 13:40:00+00:00,194.0500030517578,194.2100067138672,193.07000732421875,193.1300048828125,442149
2025-03-21 13:45:00+00:00,194.2552032470703,194.49000549316406,193.8000030517578,194.11000061035156,329062
2025-03-21 13:50:00+00:00,194.6300048828125,194.9499969482422,194.1199951171875,194.22999572753906,405577
2025-03-21 13:55:00+00:00,194.5449981689453,194.82000732421875,194.27999877929688,194.6300048828125,306083
2025-03-21 14:00:00+00:00,194.68499755859375,194.69920349121094,194.08009338378906,194.55999755859375,457844
2025-03-21 14:05:00+00:00,194.83009338378906,195.10000610351562,194.63999938964844,194.71389770507812,514065
2025-03-21 14:10:00+00:00,195.47999572753906,195.52549743652344,194.47999572753906,194.8300018310547,724904
2025-03-21 14:15:00+00:00,195.2100067138672,195.64999389648438,194.9199981689453,195.47000122070312,585348
2025-03-21 14:20:00+00:00,195.55999755859375,195.74000549316406,194.80999755859375,195.19500732421875,339542
2025-03-21 14:25:00+00:00,195.15499877929688,195.5500030517578,195.0800018310547,195.5399932861328,219358
2025-03-21 14:30:00+00:00,194.97000122070312,195.2342987060547,194.85150146484375,195.1699981689453,260562
2025-03-21 14:35:00+00:00,194.35499572753906,195.0,194.33999633789062,194.94529724121094,211908
2025-03-21 14:40:00+00:00,194.37249755859375,194.47000122070312,194.0500030517578,194.30999755859375,382788
2025-03-21 14:45:00+00:00,194.2100067138672,194.52969360351562,194.14999389648438,194.3249969482422,275666
2025-03-21 14:50:00+00:00,194.17999267578125,194.25,193.94000244140625,194.1999969482422,284943
2025-03-21 14:55:00+00:00,194.78250122070312,194.8699951171875,194.15499877929688,194.17999267578125,381279
2025-03-21 15:00:00+00:00,195.0399932861328,195.27999877929688,194.75,194.75,457970
2025-03-21 15:05:00+00:00,195.035400390625,195.24020385742188,194.86000061035156,195.02999877929688,255969
2025-03-21 15:10:00+00:00,194.89500427246094,195.33999633789062,194.85499572753906,195.0330047607422,240423
2025-03-21 15:15:00+00:00,194.72000122070312,195.0500030517578,194.69000244140625,194.9250030517578,321982
2025-03-21 15:20:00+00:00,194.25999450683594,194.77000427246094,194.20010375976562,194.67999267578125,207702
2025-03-21 15:25:00+00:00,194.19119262695312,194.34010314941406,194.0500030517578,194.27000427246094,199428
2025-03-21 15:30:00+00:00,194.5399932861328,194.63999938964844,194.11000061035156,194.19000244140625,363529
2025-03-21 15:35:00+00:00,194.1114959716797,194.5399932861328,194.0301971435547,194.5399932861328,204127
2025-03-21 15:40:00+00:00,193.63999938964844,194.2100067138672,193.5500030517578,194.11990356445312,394620
2025-03-21 15:45:00+00:00,194.0399932861328,194.13999938964844,193.6199951171875,193.6199951171875,216849
2025-03-21 15:50:00+00:00,194.10000610351562,194.389892578125,193.8300018310547,194.0500030517578,267751
2025-03-21 15:55:00+00:00,194.11000061035156,194.35989379882812,193.98599243164062,194.13999938964844,169561
2025-03-21 16:00:00+00:00,194.47959899902344,194.52000427246094,193.77999877929688,194.0800018310547,467580
2025-03-21 16:05:00+00:00,194.69000244140625,194.83999633789062,194.4550018310547,194.4949951171875,279434
2025-03-21 16:10:00+00:00,195.3000030517578,195.30250549316406,194.64999389648438,194.68499755859375,386361
2025-03-21 16:15:00+00:00,195.78500366210938,195.86000061035156,195.27999877929688,195.30999755859375,615166
2025-03-21 16:20:00+00:00,195.91000366210938,195.97500610351562,195.3874969482422,195.6999969482422,375378
2025-03-21 16:25:00+00:00,195.35000610351562,195.91000366210938,195.30999755859375,195.89999389648438,267827
2025-03-21 16:30:00+00:00,195.64999389648438,195.75999450683594,195.2899932861328,195.3699951171875,226166
2025-03-21 16:35:00+00:00,195.33999633789062,195.64999389648438,195.0800018310547,195.63999938964844,185247
2025-03-21 16:40:00+00:00,194.9600067138672,195.4600067138672,194.86000061035156,195.3000030517578,193953
2025-03-21 16:45:00+00:00,195.34500122070312,195.47999572753906,194.99000549316406,194.99000549316406,192510
2025-03-21 16:50:00+00:00,195.4199981689453,195.52999877929688,195.2301025390625,195.3300018310547,178102
2025-03-21 16:55:00+00:00,195.80999755859375,195.8699951171875,195.36000061035156,195.39999389648438,186619
2025-03-21 17:00:00+00:00,195.3206024169922,195.82000732421875,195.24000549316406,195.7949981689453,146642
2025-03-21 17:05:00+00:00,195.5800018310547,195.58999633789062,195.27000427246094,195.3300018310547,133862
2025-03-21 17:10:00+00:00,195.35000610351562,195.64999389648438,195.25,195.57000732421875,147094
2025-03-21 17:15:00+00:00,195.1199951171875,195.4199981689453,195.10000610351562,195.35000610351562,136820
2025-03-21 17:20:00+00:00,195.3699951171875,195.3699951171875,195.0500030517578,195.05999755859375,134060
2025-03-21 17:25:00+00:00,195.22500610351562,195.47349548339844,195.01010131835938,195.3699951171875,142006
2025-03-21 17:30:00+00:00,195.4503936767578,195.5299072265625,195.0850067138672,195.22000122070312,197436
2025-03-21 17:35:00+00:00,195.77999877929688,195.83999633789062,195.38999938964844,195.4499969482422,160005
2025-03-21 17:40:00+00:00,195.875,196.07679748535156,195.77499389648438,195.7899932861328,249112
2025-03-21 17:45:00+00:00,196.24000549316406,196.28590393066406,195.86000061035156,195.88369750976562,225170
2025-03-21 17:50:00+00:00,196.25,196.41000366210938,196.11500549316406,196.24000549316406,245284
2025-03-21 17:55:00+00:00,195.8300018310547,196.30499267578125,195.81500244140625,196.25999450683594,176879
2025-03-21 18:00:00+00:00,196.02000427246094,196.14939880371094,195.82000732421875,195.85000610351562,163612
2025-03-21 18:05:00+00:00,195.6649932861328,196.05999755859375,195.58030700683594,196.0438995361328,214727
2025-03-21 18:10:00+00:00,195.64999389648438,195.8000030517578,195.4499969482422,195.66000366210938,217470
2025-03-21 18:15:00+00:00,195.5800018310547,195.7100067138672,195.4730987548828,195.6199951171875,135558
2025-03-21 18:20:00+00:00,195.3800048828125,195.61000061035156,195.25999450683594,195.55999755859375,152960
2025-03-21 18:25:00+00:00,195.375,195.57470703125,195.2100067138672,195.3699951171875,148892
2025-03-21 18:30:00+00:00,195.47999572753906,195.57000732421875,195.35499572753906,195.36000061035156,158591
2025-03-21 18:35:00+00:00,195.72999572753906,195.8090057373047,195.44000244140625,195.4600067138672,196283
2025-03-21 18:40:00+00:00,195.9022979736328,195.9600067138672,195.69500732421875,195.72000122070312,154190
2025-03-21 18:45:00+00:00,195.6649932861328,195.9799041748047,195.5301055908203,195.89500427246094,209779
2025-03-21 18:50:00+00:00,195.5500030517578,195.77999877929688,195.4550018310547,195.66000366210938,191602
2025-03-21 18:55:00+00:00,195.8249969482422,196.02000427246094,195.5500030517578,195.5500030517578,236619
2025-03-21 19:00:00+00:00,195.58999633789062,195.9199981689453,195.57000732421875,195.83009338378906,220695
2025-03-21 19:05:00+00:00,195.34500122070312,195.6999969482422,195.32000732421875,195.58999633789062,213255
2025-03-21 19:10:00+00:00,195.55999755859375,195.5800018310547,195.25999450683594,195.3300018310547,228066
2025-03-21 19:15:00+00:00,195.66940307617188,195.72000122070312,195.39999389648438,195.52999877929688,206889
2025-03-21 19:20:00+00:00,195.7200927734375,195.7899932861328,195.3612060546875,195.66000366210938,258035
2025-03-21 19:25:00+00:00,195.5802001953125,195.77999877929688,195.4499969482422,195.74989318847656,288576
2025-03-21 19:30:00+00:00,195.7949981689453,195.88999938964844,195.5800018310547,195.5800018310547,363811
2025-03-21 19:35:00+00:00,195.6999969482422,195.92999267578125,195.61000061035156,195.7899932861328,296823
2025-03-21 19:40:00+00:00,195.80999755859375,195.88999938964844,195.52999877929688,195.6999969482422,303205
2025-03-21 19:45:00+00:00,195.8000030517578,196.0,195.7100067138672,195.8000030517578,386786
2025-03-21 19:50:00+00:00,196.6699981689453,196.80990600585938,195.83999633789062,195.83999633789062,943552
2025-03-21 19:55:00+00:00,196.22000122070312,196.72000122070312,195.77999877929688,196.66000366210938,2339132
2025-03-24 13:30:00+00:00,200.39999389648438,201.5500030517578,199.9499969482422,200.19000244140625,3376861
2025-03-24 13:35:00+00:00,201.41859436035156,201.52000427246094,200.32000732421875,200.36000061035156,1202284
2025-03-24 13:40:00+00:00,200.7100067138672,201.41250610351562,200.50999450683594,201.41000366210938,849061
2025-03-24 13:45:00+00:00,201.5,201.81149291992188,200.7050018310547,200.75999450683594,824180
2025-03-24 13:50:00+00:00,202.55499267578125,202.66000366210938,201.4499969482422,201.4949951171875,1337764
2025-03-24 13:55:00+00:00,202.8892059326172,203.3000030517578,202.41000366210938,202.5574951171875,1248107
2025-03-24 14:00:00+00:00,202.3000030517578,203.14999389648438,202.0500030517578,202.91000366210938,634309
2025-03-24 14:05:00+00:00,201.9499969482422,202.3350067138672,201.7899932861328,202.30999755859375,536919
2025-03-24 14:10:00+00:00,202.3350067138672,202.38999938964844,201.7805938720703,201.97000122070312,477440
2025-03-24 14:15:00+00:00,202.43499755859375,202.59739685058594,202.11000061035156,202.3350067138672,430654
2025-03-24 14:20:00+00:00,202.52560424804688,202.6999969482422,202.24000549316406,202.47999572753906,516281
2025-03-24 14:25:00+00:00,202.79359436035156,202.79359436035156,202.2100067138672,202.50999450683594,346482
2025-03-24 14:30:00+00:00,202.77349853515625,202.85000610351562,202.33999633789062,202.8000030517578,433190
2025-03-24 14:35:00+00:00,202.74000549316406,203.0,202.66000366210938,202.77980041503906,394937
2025-03-24 14:40:00+00:00,202.6802978515625,202.99000549316406,202.58999633789062,202.77000427246094,334949
2025-03-24 14:45:00+00:00,202.86700439453125,202.97000122070312,202.6300048828125,202.72000122070312,227086
2025-03-24 14:50:00+00:00,202.3488006591797,202.89999389648438,202.31610107421875,202.8699951171875,390093
2025-03-24 14:55:00+00:00,201.939697265625,202.35000610351562,201.8699951171875,202.3300018310547,435840
2025-03-24 15:00:00+00:00,201.9949951171875,202.0,201.64999389648438,201.91000366210938,285757
2025-03-24 15:05:00+00:00,202.1999969482422,202.2427978515625,201.8699951171875,201.97999572753906,281938
2025-03-24 15:10:00+00:00,201.9600067138672,202.27999877929688,201.89999389648438,202.19000244140625,421171
2025-03-24 15:15:00+00:00,201.77000427246094,202.0,201.68499755859375,201.9600067138672,250660
2025-03-24 15:20:00+00:00,201.77499389648438,201.83999633789062,201.5500946044922,201.7899932861328,240542
2025-03-24 15:25:00+00:00,201.80470275878906,201.91000366210938,201.59500122070312,201.77999877929688,331288
2025-03-24 15:30:00+00:00,201.6300048828125,201.75,201.36839294433594,201.74000549316406,242615
2025-03-24 15:35:00+00:00,201.38999938964844,201.75999450683594,201.32000732421875,201.61500549316406,282106
2025-03-24 15:40:00+00:00,201.60499572753906,201.80499267578125,201.38999938964844,201.38999938964844,242180
2025-03-24 15:45:00+00:00,201.63999938964844,201.86990356445312,201.5399932861328,201.60499572753906,218242
2025-03-24 15:50:00+00:00,201.78469848632812,201.8249969482422,201.55999755859375,201.64999389648438,188465
2025-03-24 15:55:00+00:00,201.77000427246094,201.86990356445312,201.7270050048828,201.7949981689453,186587
2025-03-24 16:00:00+00:00,201.88499450683594,201.97959899902344,201.6699981689453,201.77000427246094,204923
2025-03-24 16:05:00+00:00,202.25,202.28759765625,201.8699951171875,201.89840698242188,332754
2025-03-24 16:10:00+00:00,202.16000366210938,202.28990173339844,202.06500244140625,202.24000549316406,451202
2025-03-24 16:15:00+00:00,202.0,202.16000366210938,201.89999389648438,202.16000366210938,267982
2025-03-24 16:20:00+00:00,202.5850067138672,202.59500122070312,202.00999450683594,202.02499389648438,245026
2025-03-24 16:25:00+00:00,202.07850646972656,202.67770385742188,202.0399932861328,202.5850067138672,290335
2025-03-24 16:30:00+00:00,202.27000427246094,202.30999755859375,201.85000610351562,202.05999755859375,223125
2025-03-24 16:35:00+00:00,202.3000030517578,202.4506072998047,202.2209930419922,202.2899932861328,163696
2025-03-24 16:40:00+00:00,202.32000732421875,202.39999389648438,201.97000122070312,202.27200317382812,214992
2025-03-24 16:45:00+00:00,202.58999633789062,202.7100067138672,202.30029296875,202.31500244140625,1145567
2025-03-24 16:50:00+00:00,202.44000244140625,202.67820739746094,202.30999755859375,202.58999633789062,175736
2025-03-24 16:55:00+00:00,202.30999755859375,202.4600067138672,202.1699981689453,202.4250030517578,195288
2025-03-24 17:00:00+00:00,202.06979370117188,202.47999572753906,202.02000427246094,202.3072967529297,236649
2025-03-24 17:05:00+00:00,202.22000122070312,202.32310485839844,202.0211944580078,202.0500030517578,223725
2025-03-24 17:10:00+00:00,201.96359252929688,202.24000549316406,201.92999267578125,202.22000122070312,179471
2025-03-24 17:15:00+00:00,201.8656005859375,202.08999633789062,201.77999877929688,201.97000122070312,223795
2025-03-24 17:20:00+00:00,201.9696044921875,202.05999755859375,201.76010131835938,201.86000061035156,137603
2025-03-24 17:25:00+00:00,202.15499877929688,202.19000244140625,201.9199981689453,201.9600067138672,166094
2025-03-24 17:30:00+00:00,202.1999969482422,202.32960510253906,202.07339477539062,202.17999267578125,189692
2025-03-24 17:35:00+00:00,202.20970153808594,202.25,202.00999450683594,202.17999267578125,158335
2025-03-24 17:40:00+00:00,202.09500122070312,202.2899932861328,201.92930603027344,202.19500732421875,223258
2025-03-24 17:45:00+00:00,202.1300048828125,202.1898956298828,201.9409942626953,202.09500122070312,137801
2025-03-24 17:50:00+00:00,202.11500549316406,202.23390197753906,202.0399932861328,202.13999938964844,156644
2025-03-24 17:55:00+00:00,202.2071990966797,202.22999572753906,202.0,202.1009979248047,128664
2025-03-24 18:00:00+00:00,202.02499389648438,202.27870178222656,201.92239379882812,202.21499633789062,154250
2025-03-24 18:05:00+00:00,202.07000732421875,202.19000244140625,201.94000244140625,202.02999877929688,173658
2025-03-24 18:10:00+00:00,202.1699981689453,202.2899932861328,202.02999877929688,202.0399932861328,145312
2025-03-24 18:15:00+00:00,202.2899932861328,202.3699951171875,202.1300048828125,202.1699981689453,145354
2025-03-24 18:20:00+00:00,202.36000061035156,202.37989807128906,202.19000244140625,202.27499389648438,173592
2025-03-24 18:25:00+00:00,202.35000610351562,202.49000549316406,202.19000244140625,202.34500122070312,190026
2025-03-24 18:30:00+00:00,202.1300048828125,202.3800048828125,202.1199951171875,202.35000610351562,200813
2025-03-24 18:35:00+00:00,202.27499389648438,202.5,201.98770141601562,202.14999389648438,446732
2025-03-24 18:40:00+00:00,202.50999450683594,202.66000366210938,202.16969299316406,202.27000427246094,265972
2025-03-24 18:45:00+00:00,202.61000061035156,202.6300048828125,202.05999755859375,202.52499389648438,318430
2025-03-24 18:50:00+00:00,202.77999877929688,202.8000030517578,202.53500366210938,202.625,243495
2025-03-24 18:55:00+00:00,202.82000732421875,202.8300018310547,202.6199951171875,202.78500366210938,370247
2025-03-24 19:00:00+00:00,202.8699951171875,202.92080688476562,202.7100067138672,202.82000732421875,413494
2025-03-24 19:05:00+00:00,203.00990295410156,203.10000610351562,202.8699951171875,202.8699951171875,459730
2025-03-24 19:10:00+00:00,203.08999633789062,203.15499877929688,202.94000244140625,203.00439453125,441983
2025-03-24 19:15:00+00:00,202.92869567871094,203.08999633789062,202.89999389648438,203.0749969482422,491629
2025-03-24 19:20:00+00:00,202.91000366210938,202.94200134277344,202.7050018310547,202.9199981689453,310978
2025-03-24 19:25:00+00:00,203.0,203.13900756835938,202.8699951171875,202.9199981689453,320879
2025-03-24 19:30:00+00:00,203.1300048828125,203.17999267578125,202.89999389648438,203.00010681152344,296891
2025-03-24 19:35:00+00:00,203.09939575195312,203.31500244140625,203.0771942138672,203.11000061035156,426381
2025-03-24 19:40:00+00:00,203.2100067138672,203.32699584960938,203.0500030517578,203.10000610351562,400362
2025-03-24 19:45:00+00:00,203.36000061035156,203.39999389648438,203.02000427246094,203.1999969482422,457230
2025-03-24 19:50:00+00:00,203.43359375,203.5800018310547,202.86000061035156,203.35000610351562,1084264
2025-03-24 19:55:00+00:00,203.02999877929688,203.50999450683594,202.95750427246094,203.42999267578125,2189757
2025-03-25 13:30:00+00:00,204.32000732421875,204.7899932861328,203.22000122070312,203.59500122070312,2584256
2025-03-25 13:35:00+00:00,204.72000122070312,204.89990234375,204.02499389648438,204.27000427246094,1239010
2025-03-25 13:40:00+00:00,204.760498046875,205.17999267578125,204.19000244140625,204.6999969482422,1131647
2025-03-25 13:45:00+00:00,204.67999267578125,205.25,204.60000610351562,204.77499389648438,997312
2025-03-25 13:50:00+00:00,204.82069396972656,205.0,204.5,204.6999969482422,429394
2025-03-25 13:55:00+00:00,205.48500061035156,205.5500030517578,204.77000427246094,204.82000732421875,625544
2025-03-25 14:00:00+00:00,204.3800048828125,205.77499389648438,203.9311981201172,205.4600067138672,761574
2025-03-25 14:05:00+00:00,204.63999938964844,204.85000610351562,204.18499755859375,204.41000366210938,565317
2025-03-25 14:10:00+00:00,204.91009521484375,205.08999633789062,204.5399932861328,204.63999938964844,428723
2025-03-25 14:15:00+00:00,204.8699951171875,205.07000732421875,204.66000366210938,204.9199981689453,313965
2025-03-25 14:20:00+00:00,204.80499267578125,204.8699951171875,204.46339416503906,204.8699951171875,315304
2025-03-25 14:25:00+00:00,205.13999938964844,205.13999938964844,204.54249572753906,204.7899932861328,291580
2025-03-25 14:30:00+00:00,204.91000366210938,205.1699981689453,204.75929260253906,205.14999389648438,302560
2025-03-25 14:35:00+00:00,205.4499969482422,205.57000732421875,204.9199981689453,204.9199981689453,331210
2025-03-25 14:40:00+00:00,205.85000610351562,205.9376983642578,205.4199981689453,205.4499969482422,507154
2025-03-25 14:45:00+00:00,205.5500030517578,206.2100067138672,205.52999877929688,205.86000061035156,582170
2025-03-25 14:50:00+00:00,205.82069396972656,205.8800048828125,205.42999267578125,205.5500030517578,524213
2025-03-25 14:55:00+00:00,205.27999877929688,205.94180297851562,205.13999938964844,205.80999755859375,300480
2025-03-25 15:00:00+00:00,205.375,205.7100067138672,205.23019409179688,205.2949981689453,377311
2025-03-25 15:05:00+00:00,206.0,206.0,205.3800048828125,205.39999389648438,574337
2025-03-25 15:10:00+00:00,205.75,205.99000549316406,205.64999389648438,205.99000549316406,258128
2025-03-25 15:15:00+00:00,205.44000244140625,205.77000427246094,205.3802032470703,205.76499938964844,203712
2025-03-25 15:20:00+00:00,205.47999572753906,205.55999755859375,205.3800048828125,205.4600067138672,176084
2025-03-25 15:25:00+00:00,205.33999633789062,205.7469940185547,205.30999755859375,205.4633026123047,255005
2025-03-25 15:30:00+00:00,205.19000244140625,205.38999938964844,204.92999267578125,205.3300018310547,326301
2025-03-25 15:35:00+00:00,205.1999969482422,205.24000549316406,204.9550018310547,205.1999969482422,209734
2025-03-25 15:40:00+00:00,205.2100067138672,205.3000030517578,205.0500030517578,205.2100067138672,213262
2025-03-25 15:45:00+00:00,205.1199951171875,205.22950744628906,204.97000122070312,205.1999969482422,180185
2025-03-25 15:50:00+00:00,205.10499572753906,205.31500244140625,205.0800018310547,205.1199951171875,248683
2025-03-25 15:55:00+00:00,205.0850067138672,205.26499938964844,204.93499755859375,205.14999389648438,265943
2025-03-25 16:00:00+00:00,205.22000122070312,205.36500549316406,205.01499938964844,205.11000061035156,179487
2025-03-25 16:05:00+00:00,205.13999938964844,205.22000122070312,204.97000122070312,205.22000122070312,168890
2025-03-25 16:10:00+00:00,205.21319580078125,205.25,205.03500366210938,205.1300048828125,101895
2025-03-25 16:15:00+00:00,204.96499633789062,205.1999969482422,204.72000122070312,205.1999969482422,381556
2025-03-25 16:20:00+00:00,204.89999389648438,205.08999633789062,204.80999755859375,204.9600067138672,336396
2025-03-25 16:25:00+00:00,204.75999450683594,205.0,204.63999938964844,204.8800048828125,259272
2025-03-25 16:30:00+00:00,204.60989379882812,204.82249450683594,204.46499633789062,204.75999450683594,308847
2025-03-25 16:35:00+00:00,204.88999938964844,204.9698944091797,204.48500061035156,204.57000732421875,313408
2025-03-25 16:40:00+00:00,204.92999267578125,205.00999450683594,204.75,204.91000366210938,286572
2025-03-25 16:45:00+00:00,204.8800048828125,204.96499633789062,204.74000549316406,204.9499969482422,181129
2025-03-25 16:50:00+00:00,205.039794921875,205.04969787597656,204.76499938964844,204.8800048828125,125268
2025-03-25 16:55:00+00:00,205.1199951171875,205.1497039794922,204.9199981689453,205.0417938232422,201528
2025-03-25 17:00:00+00:00,203.25999450683594,205.4199981689453,203.25999450683594,205.11500549316406,219880
2025-03-25 17:05:00+00:00,205.76629638671875,205.8800048828125,205.33999633789062,205.36000061035156,253416
2025-03-25 17:10:00+00:00,205.2899932861328,205.77000427246094,205.25,205.77000427246094,182746
2025-03-25 17:15:00+00:00,205.0800018310547,205.3697052001953,204.99000549316406,205.3000030517578,176128
2025-03-25 17:20:00+00:00,205.07000732421875,205.08999633789062,204.86000061035156,205.07000732421875,185043
2025-03-25 17:25:00+00:00,204.9199981689453,205.11000061035156,204.75,205.07000732421875,210341
2025-03-25 17:30:00+00:00,204.85000610351562,204.97000122070312,204.75999450683594,204.9199981689453,92175
2025-03-25 17:35:00+00:00,204.82460021972656,204.94000244140625,204.7949981689453,204.84500122070312,145427
2025-03-25 17:40:00+00:00,205.0,205.02000427246094,204.74000549316406,204.82000732421875,134323
2025-03-25 17:45:00+00:00,205.01499938964844,205.1300048828125,204.89999389648438,204.9600067138672,136701
2025-03-25 17:50:00+00:00,205.0850067138672,205.10000610351562,204.89500427246094,204.99310302734375,91964
2025-03-25 17:55:00+00:00,205.07000732421875,205.23680114746094,204.97000122070312,205.0850067138672,108098
2025-03-25 18:00:00+00:00,205.0399932861328,205.14990234375,204.9499969482422,205.06500244140625,89892
2025-03-25 18:05:00+00:00,205.09519958496094,205.09519958496094,204.89999389648438,205.02999877929688,153161
2025-03-25 18:10:00+00:00,205.3300018310547,205.33999633789062,205.08999633789062,205.08999633789062,185215
2025-03-25 18:15:00+00:00,205.57260131835938,205.6497039794922,205.2899932861328,205.3249969482422,185953
2025-03-25 18:20:00+00:00,205.564697265625,205.72999572753906,205.4302978515625,205.5500030517578,210398
2025-03-25 18:25:00+00:00,205.4949951171875,205.5800018310547,205.39999389648438,205.56500244140625,141907
2025-03-25 18:30:00+00:00,205.42999267578125,205.5800018310547,205.39999389648438,205.5500030517578,158432
2025-03-25 18:35:00+00:00,205.0800018310547,205.44000244140625,205.02999877929688,205.44000244140625,200988
2025-03-25 18:40:00+00:00,205.05999755859375,205.1199951171875,204.9199981689453,205.0937042236328,142069
2025-03-25 18:45:00+00:00,205.0500030517578,205.27999877929688,204.98500061035156,205.05999755859375,167853
2025-03-25 18:50:00+00:00,205.15499877929688,205.18719482421875,205.00999450683594,205.03500366210938,135964
2025-03-25 18:55:00+00:00,205.19000244140625,205.25,205.0800018310547,205.15939331054688,209915
2025-03-25 19:00:00+00:00,205.31500244140625,205.4499969482422,205.1750030517578,205.19500732421875,212759
2025-03-25 19:05:00+00:00,205.32000732421875,205.3800048828125,205.20010375976562,205.31309509277344,213037
2025-03-25 19:10:00+00:00,205.07000732421875,205.4600067138672,205.0552978515625,205.322998046875,237738
2025-03-25 19:15:00+00:00,205.2783966064453,205.2993927001953,205.0,205.07000732421875,231290
2025-03-25 19:20:00+00:00,205.44520568847656,205.48989868164062,205.25,205.25999450683594,272443
2025-03-25 19:25:00+00:00,205.2100067138672,205.47999572753906,205.1802978515625,205.47999572753906,202309
2025-03-25 19:30:00+00:00,205.22000122070312,205.33999633789062,205.17999267578125,205.22999572753906,213895
2025-03-25 19:35:00+00:00,205.19520568847656,205.41000366210938,205.17999267578125,205.2100067138672,292212
2025-03-25 19:40:00+00:00,205.27999877929688,205.3300018310547,205.17999267578125,205.1999969482422,221923
2025-03-25 19:45:00+00:00,205.3000030517578,205.4199981689453,205.22000122070312,205.28970336914062,305626
2025-03-25 19:50:00+00:00,205.4499969482422,205.50999450683594,205.14999389648438,205.25999450683594,506932
2025-03-25 19:55:00+00:00,205.6999969482422,205.77999877929688,205.42999267578125,205.42999267578125,1496027
2025-03-26 13:30:00+00:00,205.0323944091797,206.00999450683594,204.61090087890625,205.84500122070312,2238813
2025-03-26 13:35:00+00:00,204.76040649414062,205.64999389648438,204.76040649414062,205.033203125,729945
2025-03-26 13:40:00+00:00,204.78500366210938,204.97000122070312,204.38999938964844,204.75,612494
2025-03-26 13:45:00+00:00,204.0399932861328,204.9499969482422,203.8000030517578,204.7899932861328,537092
2025-03-26 13:50:00+00:00,203.67999267578125,204.0,203.33999633789062,204.0,588560
2025-03-26 13:55:00+00:00,202.4542999267578,203.70989990234375,202.30999755859375,203.70989990234375,953848
2025-03-26 14:00:00+00:00,203.00999450683594,203.3699951171875,202.38999938964844,202.44000244140625,631016
2025-03-26 14:05:00+00:00,202.7718963623047,203.1999969482422,202.5850067138672,202.99000549316406,354045
2025-03-26 14:10:00+00:00,202.91000366210938,203.0800018310547,202.6199951171875,202.77499389648438,317306
2025-03-26 14:15:00+00:00,202.4250030517578,203.0,202.38999938964844,202.92999267578125,407679
2025-03-26 14:20:00+00:00,202.01499938964844,202.47000122070312,201.67999267578125,202.42999267578125,684993
2025-03-26 14:25:00+00:00,202.70010375976562,202.73159790039062,201.97999572753906,202.0,396474
2025-03-26 14:30:00+00:00,202.69000244140625,202.8668975830078,202.42999267578125,202.71499633789062,374428
2025-03-26 14:35:00+00:00,202.35000610351562,202.72999572753906,202.35000610351562,202.69459533691406,353323
2025-03-26 14:40:00+00:00,202.44000244140625,202.5800018310547,202.22999572753906,202.33999633789062,281097
2025-03-26 14:45:00+00:00,202.2071075439453,202.47000122070312,202.16000366210938,202.42999267578125,206337
2025-03-26 14:50:00+00:00,202.7899932861328,202.85000610351562,202.2003936767578,202.22000122070312,311020
2025-03-26 14:55:00+00:00,202.74000549316406,202.8300018310547,202.52999877929688,202.79690551757812,250160
2025-03-26 15:00:00+00:00,202.74000549316406,202.88250732421875,202.6300048828125,202.74000549316406,573230
2025-03-26 15:05:00+00:00,203.2799072265625,203.32899475097656,202.7075958251953,202.74000549316406,407792
2025-03-26 15:10:00+00:00,203.77499389648438,203.82000732421875,203.2100067138672,203.24000549316406,316900
2025-03-26 15:15:00+00:00,203.83999633789062,203.89999389648438,203.6199951171875,203.75999450683594,247684
2025-03-26 15:20:00+00:00,203.4600067138672,203.89999389648438,203.44000244140625,203.8300018310547,248018
2025-03-26 15:25:00+00:00,203.31500244140625,203.47999572753906,203.1699981689453,203.4499969482422,244879
2025-03-26 15:30:00+00:00,203.52999877929688,203.77999877929688,203.30999755859375,203.30999755859375,208284
2025-03-26 15:35:00+00:00,203.44000244140625,203.58999633789062,203.25,203.5500030517578,170953
2025-03-26 15:40:00+00:00,203.09320068359375,203.50999450683594,203.0301055908203,203.4199981689453,230983
2025-03-26 15:45:00+00:00,203.1199951171875,203.32000732421875,203.0500030517578,203.0850067138672,169318
2025-03-26 15:50:00+00:00,202.9199981689453,203.1999969482422,202.63999938964844,203.1199951171875,245533
2025-03-26 15:55:00+00:00,202.6699981689453,203.02999877929688,202.5,202.8800048828125,351156
2025-03-26 16:00:00+00:00,202.55990600585938,202.77999877929688,202.3300018310547,202.67999267578125,261820
2025-03-26 16:05:00+00:00,202.76010131835938,202.85000610351562,202.5,202.52999877929688,226335
2025-03-26 16:10:00+00:00,202.75,202.83740234375,202.5500030517578,202.77000427246094,174392
2025-03-26 16:15:00+00:00,202.4499969482422,202.77000427246094,202.42999267578125,202.77000427246094,224081
2025-03-26 16:20:00+00:00,202.49000549316406,202.6324005126953,202.35000610351562,202.4600067138672,280663
2025-03-26 16:25:00+00:00,202.89999389648438,202.92999267578125,202.47999572753906,202.5,239184
2025-03-26 16:30:00+00:00,202.99000549316406,203.17239379882812,202.8509979248047,202.8800048828125,241840
2025-03-26 16:35:00+00:00,202.7429962158203,203.1699981689453,202.7200927734375,202.9949951171875,155657
2025-03-26 16:40:00+00:00,202.52999877929688,202.88999938964844,202.52999877929688,202.75680541992188,169456
2025-03-26 16:45:00+00:00,202.710205078125,202.77000427246094,202.39999389648438,202.5399932861328,238786
2025-03-26 16:50:00+00:00,202.47500610351562,202.77999877929688,202.42999267578125,202.7100067138672,240128
2025-03-26 16:55:00+00:00,201.99000549316406,202.4600067138672,201.8699951171875,202.4600067138672,357300
2025-03-26 17:00:00+00:00,202.02999877929688,202.27000427246094,201.94000244140625,201.9499969482422,240210
2025-03-26 17:05:00+00:00,202.02639770507812,202.2100067138672,201.88999938964844,202.0399932861328,231627
2025-03-26 17:10:00+00:00,202.1999969482422,202.27999877929688,201.9499969482422,202.00999450683594,157866
2025-03-26 17:15:00+00:00,201.90289306640625,202.24000549316406,201.82000732421875,202.1999969482422,157010
2025-03-26 17:20:00+00:00,201.77000427246094,201.9604034423828,201.69000244140625,201.85000610351562,206626
2025-03-26 17:25:00+00:00,201.7100067138672,201.83999633789062,201.5500030517578,201.76499938964844,213685
2025-03-26 17:30:00+00:00,201.00999450683594,201.69000244140625,200.99000549316406,201.67999267578125,429016
2025-03-26 17:35:00+00:00,201.19000244140625,201.19000244140625,200.88999938964844,200.9949951171875,230027
2025-03-26 17:40:00+00:00,201.2899932861328,201.63319396972656,201.16000366210938,201.17999267578125,269136
2025-03-26 17:45:00+00:00,201.33380126953125,201.5749969482422,201.27999877929688,201.2899932861328,151908
2025-03-26 17:50:00+00:00,201.27000427246094,201.48989868164062,201.13999938964844,201.3300018310547,167134
2025-03-26 17:55:00+00:00,201.1215057373047,201.36000061035156,201.08200073242188,201.25010681152344,177364
2025-03-26 18:00:00+00:00,201.14950561523438,201.2899932861328,200.94020080566406,201.1300048828125,209273
2025-03-26 18:05:00+00:00,201.17999267578125,201.2100067138672,200.94000244140625,201.1199951171875,192397
2025-03-26 18:10:00+00:00,201.28500366210938,201.4499969482422,201.125,201.16000366210938,222772
2025-03-26 18:15:00+00:00,200.98500061035156,201.34500122070312,200.98500061035156,201.27000427246094,186618
2025-03-26 18:20:00+00:00,200.91000366210938,201.03500366210938,200.8699951171875,200.97999572753906,188793
2025-03-26 18:25:00+00:00,201.08999633789062,201.16000366210938,200.88499450683594,200.91000366210938,182131
2025-03-26 18:30:00+00:00,200.97000122070312,201.32000732421875,200.9199981689453,201.07000732421875,195261
2025-03-26 18:35:00+00:00,200.72000122070312,201.0,200.6999969482422,200.96009826660156,209886
2025-03-26 18:40:00+00:00,200.55499267578125,200.81320190429688,200.47000122070312,200.72999572753906,205404
2025-03-26 18:45:00+00:00,200.2100067138672,200.6699981689453,200.16000366210938,200.5850067138672,291235
2025-03-26 18:50:00+00:00,200.25990295410156,200.33999633789062,200.13999938964844,200.22000122070312,218539
2025-03-26 18:55:00+00:00,200.0800018310547,200.24000549316406,200.02499389648438,200.24000549316406,264292
2025-03-26 19:00:00+00:00,200.05499267578125,200.30499267578125,200.00999450683594,200.0800018310547,317545
2025-03-26 19:05:00+00:00,200.16000366210938,200.2895965576172,199.9250030517578,200.06500244140625,387389
2025-03-26 19:10:00+00:00,200.2899932861328,200.34320068359375,200.0399932861328,200.19000244140625,207638
2025-03-26 19:15:00+00:00,200.67999267578125,200.75,200.22999572753906,200.3000030517578,244786
2025-03-26 19:20:00+00:00,200.52999877929688,200.9199981689453,200.52999877929688,200.6649932861328,247067
2025-03-26 19:25:00+00:00,200.47500610351562,200.75999450683594,200.4199981689453,200.5325927734375,246558
2025-03-26 19:30:00+00:00,200.6199951171875,200.6699981689453,200.33999633789062,200.4989013671875,263651
2025-03-26 19:35:00+00:00,200.38999938964844,200.63999938964844,200.2303924560547,200.6300048828125,299570
2025-03-26 19:40:00+00:00,200.52000427246094,200.69000244140625,200.3800048828125,200.38999938964844,329455
2025-03-26 19:45:00+00:00,200.61000061035156,200.67730712890625,200.34500122070312,200.53500366210938,325491
2025-03-26 19:50:00+00:00,201.25999450683594,201.41000366210938,200.5,200.6199951171875,743950
2025-03-26 19:55:00+00:00,201.1479949951172,201.3000030517578,201.05999755859375,201.25999450683594,1485804
2025-03-27 13:30:00+00:00,199.52000427246094,201.08999633789062,199.2821044921875,200.875,1602966
2025-03-27 13:35:00+00:00,200.06919860839844,200.14999389648438,199.47000122070312,199.52499389648438,523848
2025-03-27 13:40:00+00:00,200.59539794921875,200.74000549316406,199.82000732421875,200.03500366210938,597078
2025-03-27 13:45:00+00:00,200.55999755859375,200.86000061035156,200.25999450683594,200.67999267578125,354965
2025-03-27 13:50:00+00:00,201.2100067138672,201.60000610351562,200.5,200.6300048828125,595560
2025-03-27 13:55:00+00:00,201.81500244140625,201.89950561523438,201.20010375976562,201.22999572753906,586035
2025-03-27 14:00:00+00:00,202.02000427246094,202.41000366210938,201.75,201.82000732421875,673920
2025-03-27 14:05:00+00:00,201.58799743652344,202.1999053955078,201.50320434570312,202.0399932861328,426993
2025-03-27 14:10:00+00:00,202.03309631347656,202.10989379882812,201.23500061035156,201.60000610351562,354566
2025-03-27 14:15:00+00:00,202.25999450683594,202.37240600585938,201.72999572753906,202.07850646972656,323730
2025-03-27 14:20:00+00:00,201.8350067138672,202.32850646972656,201.55050659179688,202.27000427246094,249504
2025-03-27 14:25:00+00:00,202.8000030517578,202.8000030517578,201.77000427246094,201.83999633789062,357490
2025-03-27 14:30:00+00:00,202.5850067138672,202.89999389648438,202.43499755859375,202.77999877929688,323082
2025-03-27 14:35:00+00:00,202.5,202.77000427246094,202.3699951171875,202.5850067138672,332973
2025-03-27 14:40:00+00:00,202.92999267578125,202.97000122070312,202.3699951171875,202.50999450683594,367219
2025-03-27 14:45:00+00:00,202.83999633789062,203.2100067138672,202.75010681152344,202.9250030517578,467689
2025-03-27 14:50:00+00:00,203.5,203.5,202.7899932861328,202.8699951171875,334994
2025-03-27 14:55:00+00:00,203.34120178222656,203.60000610351562,203.08999633789062,203.48269653320312,324023
2025-03-27 15:00:00+00:00,203.3699951171875,203.7899932861328,203.30999755859375,203.3350067138672,361222
2025-03-27 15:05:00+00:00,202.97000122070312,203.56500244140625,202.9499969482422,203.3800048828125,261382
2025-03-27 15:10:00+00:00,203.1300048828125,203.39999389648438,202.83999633789062,202.9499969482422,295742
2025-03-27 15:15:00+00:00,203.08999633789062,203.21499633789062,202.8699951171875,203.12879943847656,202758
2025-03-27 15:20:00+00:00,202.97000122070312,203.10000610351562,202.74879455566406,203.05999755859375,216415
2025-03-27 15:25:00+00:00,202.6300048828125,203.09500122070312,202.61000061035156,202.9739990234375,205557
2025-03-27 15:30:00+00:00,202.17999267578125,202.64500427246094,202.1051025390625,202.63999938964844,263884
2025-03-27 15:35:00+00:00,202.39059448242188,202.41000366210938,202.14039611816406,202.17999267578125,213207
2025-03-27 15:40:00+00:00,202.57000732421875,202.6199951171875,202.23770141601562,202.38999938964844,231072
2025-03-27 15:45:00+00:00,202.32000732421875,202.59500122070312,202.15029907226562,202.59500122070312,167402
2025-03-27 15:50:00+00:00,202.52000427246094,202.6199951171875,202.32000732421875,202.32000732421875,231359
2025-03-27 15:55:00+00:00,202.25999450683594,202.58999633789062,202.1999969482422,202.52000427246094,153853
2025-03-27 16:00:00+00:00,202.52499389648438,202.59500122070312,202.23550415039062,202.27999877929688,145848
2025-03-27 16:05:00+00:00,202.86000061035156,202.9199981689453,202.41000366210938,202.52499389648438,189552
2025-03-27 16:10:00+00:00,202.8300018310547,202.8800048828125,202.68930053710938,202.8719940185547,157596
2025-03-27 16:15:00+00:00,203.27000427246094,203.38999938964844,202.77000427246094,202.81500244140625,203091
2025-03-27 16:20:00+00:00,202.97000122070312,203.5,202.94000244140625,203.27000427246094,184858
2025-03-27 16:25:00+00:00,202.5500030517578,203.02999877929688,202.4600067138672,202.94000244140625,308439
2025-03-27 16:30:00+00:00,202.63710021972656,202.93960571289062,202.53500366210938,202.53500366210938,144275
2025-03-27 16:35:00+00:00,202.6376953125,202.7698974609375,202.45689392089844,202.66000366210938,136295
2025-03-27 16:40:00+00:00,202.60499572753906,202.7899932861328,202.51220703125,202.59500122070312,138283
2025-03-27 16:45:00+00:00,202.0399932861328,202.71499633789062,201.99070739746094,202.5800018310547,206275
2025-03-27 16:50:00+00:00,201.84500122070312,202.1199951171875,201.55999755859375,202.0399932861328,240303
2025-03-27 16:55:00+00:00,201.5399932861328,201.87989807128906,201.5,201.8350067138672,139868
2025-03-27 17:00:00+00:00,201.72000122070312,201.73500061035156,201.4600067138672,201.54730224609375,325613
2025-03-27 17:05:00+00:00,201.8300018310547,201.9949951171875,201.56500244140625,201.6667938232422,184901
2025-03-27 17:10:00+00:00,202.25,202.25050354003906,201.79319763183594,201.8300018310547,174393
2025-03-27 17:15:00+00:00,202.0084991455078,202.35000610351562,201.97250366210938,202.25,154999
2025-03-27 17:20:00+00:00,202.10499572753906,202.11000061035156,201.83999633789062,202.0050048828125,196680
2025-03-27 17:25:00+00:00,201.8000030517578,202.15499877929688,201.72740173339844,202.0800018310547,182375
2025-03-27 17:30:00+00:00,202.0,202.1999969482422,201.77000427246094,201.77000427246094,140112
2025-03-27 17:35:00+00:00,201.84500122070312,202.02000427246094,201.64979553222656,202.0,155188
2025-03-27 17:40:00+00:00,201.8300018310547,202.02999877929688,201.72000122070312,201.83999633789062,361587
2025-03-27 17:45:00+00:00,201.97000122070312,202.14500427246094,201.75,201.83999633789062,150852
2025-03-27 17:50:00+00:00,201.6199951171875,202.07000732421875,201.5800018310547,201.97999572753906,138215
2025-03-27 17:55:00+00:00,201.6699981689453,201.75999450683594,201.58999633789062,201.60499572753906,122563
2025-03-27 18:00:00+00:00,202.1199951171875,202.14999389648438,201.66000366210938,201.67999267578125,141224
2025-03-27 18:05:00+00:00,202.22000122070312,202.39999389648438,202.097900390625,202.11000061035156,169831
2025-03-27 18:10:00+00:00,202.50999450683594,202.5800018310547,202.13999938964844,202.1999969482422,138705
2025-03-27 18:15:00+00:00,202.38900756835938,202.5742950439453,202.27999877929688,202.5,151699
2025-03-27 18:20:00+00:00,202.3280029296875,202.6199951171875,202.3280029296875,202.38999938964844,158424
2025-03-27 18:25:00+00:00,202.3800048828125,202.58999633789062,202.25,202.30999755859375,190914
2025-03-27 18:30:00+00:00,202.5399932861328,202.58999633789062,202.27999877929688,202.36000061035156,179281
2025-03-27 18:35:00+00:00,202.69239807128906,202.77499389648438,202.5,202.51019287109375,192991
2025-03-27 18:40:00+00:00,202.70669555664062,202.99200439453125,202.6300048828125,202.6999969482422,211798
2025-03-27 18:45:00+00:00,202.89999389648438,202.9499969482422,202.6999969482422,202.7100067138672,132131
2025-03-27 18:50:00+00:00,202.7899932861328,203.00999450683594,202.66000366210938,202.89999389648438,153608
2025-03-27 18:55:00+00:00,202.35000610351562,202.8000030517578,202.2899932861328,202.77999877929688,119332
2025-03-27 19:00:00+00:00,202.4199981689453,202.5596923828125,202.25,202.3300018310547,128875
2025-03-27 19:05:00+00:00,202.21859741210938,202.44000244140625,202.1300048828125,202.4199981689453,144284
2025-03-27 19:10:00+00:00,202.6699981689453,202.6699981689453,202.1800994873047,202.22000122070312,196555
2025-03-27 19:15:00+00:00,202.47500610351562,202.7100067138672,202.37229919433594,202.63999938964844,180725
2025-03-27 19:20:00+00:00,202.63999938964844,202.8300018310547,202.4705047607422,202.5,188771
2025-03-27 19:25:00+00:00,202.5500030517578,202.67860412597656,202.49000549316406,202.625,176523
2025-03-27 19:30:00+00:00,202.10000610351562,202.52000427246094,201.9613037109375,202.52000427246094,228799
2025-03-27 19:35:00+00:00,201.94000244140625,202.1699981689453,201.80999755859375,202.1300048828125,207165
2025-03-27 19:40:00+00:00,201.97279357910156,202.1699981689453,201.8800048828125,201.94000244140625,239023
2025-03-27 19:45:00+00:00,201.9949951171875,202.0800018310547,201.91000366210938,201.97999572753906,221883
2025-03-27 19:50:00+00:00,201.3699951171875,201.97999572753906,201.05999755859375,201.97999572753906,558179
2025-03-27 19:55:00+00:00,201.36000061035156,201.89999389648438,201.24000549316406,201.3800048828125,1170677
2025-03-28 13:30:00+00:00,197.77999877929688,198.67999267578125,197.0800018310547,198.4199981689453,3087201
2025-03-28 13:35:00+00:00,199.08740234375,199.10800170898438,197.72000122070312,197.77999877929688,1129201
2025-03-28 13:40:00+00:00,198.13499450683594,199.25999450683594,198.1230926513672,199.06500244140625,1045606
2025-03-28 13:45:00+00:00,198.30999755859375,198.42999267578125,197.91000366210938,198.1699981689453,431726
2025-03-28 13:50:00+00:00,197.66000366210938,198.52999877929688,197.57000732421875,198.3000030517578,648682
2025-03-28 13:55:00+00:00,197.42999267578125,197.77000427246094,197.34500122070312,197.64999389648438,501053
2025-03-28 14:00:00+00:00,197.10000610351562,197.8000030517578,196.8979949951172,197.42999267578125,813071
2025-03-28 14:05:00+00:00,195.92999267578125,197.11500549316406,195.76499938964844,197.05999755859375,969133
2025-03-28 14:10:00+00:00,195.5500030517578,196.1295928955078,195.36000061035156,195.94000244140625,870718
2025-03-28 14:15:00+00:00,195.17999267578125,195.52999877929688,195.0800018310547,195.51499938964844,619915
2025-03-28 14:20:00+00:00,195.25999450683594,195.4698944091797,194.96099853515625,195.18600463867188,718303
2025-03-28 14:25:00+00:00,194.61000061035156,195.35000610351562,194.47999572753906,195.2899932861328,1414108
2025-03-28 14:30:00+00:00,194.66709899902344,194.96499633789062,194.4499969482422,194.60000610351562,595038
2025-03-28 14:35:00+00:00,194.5800018310547,194.69000244140625,194.25010681152344,194.63999938964844,45611
2025-03-28 14:40:00+00:00,194.75,194.7799072265625,194.25999450683594,194.5968017578125,1056093
2025-03-28 14:45:00+00:00,194.3101043701172,195.0,194.26040649414062,194.7449951171875,489492
2025-03-28 14:50:00+00:00,194.14999389648438,194.4600067138672,194.02999877929688,194.3000030517578,416136
2025-03-28 14:55:00+00:00,194.4199981689453,194.47000122070312,193.9199981689453,194.14999389648438,649334
2025-03-28 15:00:00+00:00,194.38369750976562,194.50999450683594,194.18499755859375,194.4199981689453,455115
2025-03-28 15:05:00+00:00,194.49000549316406,194.61000061035156,194.25,194.4149932861328,364829
2025-03-28 15:10:00+00:00,194.7050018310547,194.87750244140625,194.4199981689453,194.5,555069
2025-03-28 15:15:00+00:00,194.30999755859375,194.75799560546875,194.2899932861328,194.69000244140625,398658
2025-03-28 15:20:00+00:00,194.13499450683594,194.35499572753906,194.00999450683594,194.2899932861328,301939
2025-03-28 15:25:00+00:00,194.82000732421875,194.89999389648438,194.16000366210938,194.16000366210938,415450
2025-03-28 15:30:00+00:00,195.0207061767578,195.13999938964844,194.6999969482422,194.8000030517578,405162
2025-03-28 15:35:00+00:00,194.97000122070312,195.0800018310547,194.85000610351562,195.02000427246094,250280
2025-03-28 15:40:00+00:00,194.66000366210938,195.05499267578125,194.4801025390625,194.95989990234375,238317
2025-03-28 15:45:00+00:00,194.6199951171875,194.69000244140625,194.4499969482422,194.6699981689453,270313
2025-03-28 15:50:00+00:00,194.00999450683594,194.64990234375,194.0,194.6199951171875,281415
2025-03-28 15:55:00+00:00,193.52499389648438,194.11000061035156,193.50999450683594,194.02000427246094,384335
2025-03-28 16:00:00+00:00,193.88009643554688,193.88009643554688,193.52999877929688,193.52999877929688,297638
2025-03-28 16:05:00+00:00,193.62789916992188,193.97000122070312,193.61000061035156,193.8800048828125,306842
2025-03-28 16:10:00+00:00,193.72970581054688,193.97999572753906,193.56500244140625,193.6199951171875,218539
2025-03-28 16:15:00+00:00,192.99000549316406,193.77999877929688,192.9600067138672,193.72000122070312,532593
2025-03-28 16:20:00+00:00,193.03990173339844,193.1199951171875,192.8000030517578,192.99000549316406,395216
2025-03-28 16:25:00+00:00,193.28500366210938,193.3300018310547,192.85000610351562,193.03500366210938,450645
2025-03-28 16:30:00+00:00,193.5998992919922,193.65199279785156,193.27000427246094,193.27000427246094,401950
2025-03-28 16:35:00+00:00,193.25,193.63999938964844,193.22999572753906,193.57000732421875,400542
2025-03-28 16:40:00+00:00,193.03500366210938,193.39999389648438,193.0301055908203,193.24000549316406,297000
2025-03-28 16:45:00+00:00,193.2510986328125,193.32000732421875,193.01499938964844,193.01499938964844,247602
2025-03-28 16:50:00+00:00,193.3000030517578,193.5500030517578,193.10000610351562,193.22999572753906,357061
2025-03-28 16:55:00+00:00,192.8000030517578,193.32000732421875,192.77999877929688,193.30499267578125,372266
2025-03-28 17:00:00+00:00,192.72569274902344,192.82000732421875,192.56500244140625,192.7899932861328,385166
2025-03-28 17:05:00+00:00,192.4575958251953,192.73959350585938,192.2899932861328,192.7100067138672,457468
2025-03-28 17:10:00+00:00,192.460693359375,192.7100067138672,192.3800048828125,192.47999572753906,246361
2025-03-28 17:15:00+00:00,192.7550048828125,193.0500030517578,192.33999633789062,192.4499969482422,451892
2025-03-28 17:20:00+00:00,192.6199951171875,192.8300018310547,192.6199951171875,192.75999450683594,335280
2025-03-28 17:25:00+00:00,192.3350067138672,192.6300048828125,192.27000427246094,192.58999633789062,309510
2025-03-28 17:30:00+00:00,192.13999938964844,192.4656982421875,191.91000366210938,192.32000732421875,678549
2025-03-28 17:35:00+00:00,192.3800048828125,192.38999938964844,192.0500030517578,192.15499877929688,477829
2025-03-28 17:40:00+00:00,192.41000366210938,192.64500427246094,192.36000061035156,192.3699951171875,290525
2025-03-28 17:45:00+00:00,192.10000610351562,192.4499969482422,192.0500030517578,192.39999389648438,323331
2025-03-28 17:50:00+00:00,192.2194061279297,192.32000732421875,192.02679443359375,192.10000610351562,224995
2025-03-28 17:55:00+00:00,191.9949951171875,192.23699951171875,191.9600067138672,192.2126007080078,510446
2025-03-28 18:00:00+00:00,191.99000549316406,192.00950622558594,191.88099670410156,191.9949951171875,534932
2025-03-28 18:05:00+00:00,192.42990112304688,192.56350708007812,191.97000122070312,191.97999572753906,1117871
2025-03-28 18:10:00+00:00,192.74000549316406,192.92999267578125,192.3748016357422,192.42999267578125,353107
2025-03-28 18:15:00+00:00,193.0399932861328,193.08999633789062,192.71499633789062,192.73939514160156,417566
2025-03-28 18:20:00+00:00,192.57000732421875,193.06280517578125,192.55999755859375,193.0399932861328,298791
2025-03-28 18:25:00+00:00,192.86990356445312,192.9499969482422,192.50999450683594,192.5500030517578,208452
2025-03-28 18:30:00+00:00,193.10499572753906,193.1300048828125,192.77000427246094,192.85000610351562,367166
2025-03-28 18:35:00+00:00,192.80929565429688,193.2100067138672,192.0,193.11000061035156,512440
2025-03-28 18:40:00+00:00,192.8300018310547,192.91000366210938,192.74000549316406,192.8000030517578,186448
2025-03-28 18:45:00+00:00,192.33999633789062,192.89700317382812,192.25320434570312,192.8300018310547,383542
2025-03-28 18:50:00+00:00,192.37570190429688,192.9499969482422,192.26499938964844,192.34500122070312,252769
2025-03-28 18:55:00+00:00,192.55499267578125,192.55999755859375,192.27999877929688,192.375,465691
2025-03-28 19:00:00+00:00,192.41000366210938,192.5612030029297,192.25,192.5449981689453,378120
2025-03-28 19:05:00+00:00,192.32000732421875,192.56300354003906,192.3000946044922,192.4199981689453,340626
2025-03-28 19:10:00+00:00,192.3350067138672,192.36749267578125,192.10000610351562,192.3300018310547,463079
2025-03-28 19:15:00+00:00,192.5500030517578,192.6199951171875,192.22999572753906,192.33999633789062,309276
2025-03-28 19:20:00+00:00,192.6699981689453,192.70660400390625,192.3800048828125,192.5399932861328,300516
2025-03-28 19:25:00+00:00,192.60000610351562,192.72999572753906,192.44039916992188,192.67999267578125,304809
2025-03-28 19:30:00+00:00,192.1300048828125,192.67999267578125,192.1002960205078,192.6300048828125,348975
2025-03-28 19:35:00+00:00,192.31849670410156,192.36000061035156,192.0800018310547,192.1199951171875,623012
2025-03-28 19:40:00+00:00,192.31430053710938,192.35000610351562,192.1199951171875,192.32000732421875,431148
2025-03-28 19:45:00+00:00,192.38949584960938,192.42999267578125,192.11000061035156,192.32000732421875,468676
2025-03-28 19:50:00+00:00,192.77000427246094,192.8699951171875,192.20880126953125,192.42999267578125,1016085
2025-03-28 19:55:00+00:00,192.63999938964844,192.97999572753906,192.50010681152344,192.77999877929688,2511427
2025-03-31 13:30:00+00:00,185.839599609375,188.25,185.42999267578125,188.02000427246094,6008727
2025-03-31 13:35:00+00:00,185.5850067138672,186.4600067138672,185.23080444335938,185.80499267578125,1803019
2025-03-31 13:40:00+00:00,185.3699951171875,186.0800018310547,185.14010620117188,185.64999389648438,1416542
2025-03-31 13:45:00+00:00,185.0500030517578,185.70199584960938,184.6699981689453,185.35000610351562,1723879
2025-03-31 13:50:00+00:00,185.61500549316406,185.92999267578125,184.82000732421875,185.00999450683594,1087534
2025-03-31 13:55:00+00:00,185.24000549316406,185.85659790039062,185.18280029296875,185.5800018310547,822863
2025-03-31 14:00:00+00:00,185.82000732421875,186.2899932861328,185.1750030517578,185.1999969482422,841425
2025-03-31 14:05:00+00:00,186.60000610351562,186.94000244140625,185.57000732421875,185.8300018310547,895532
2025-03-31 14:10:00+00:00,186.83999633789062,186.97000122070312,186.4403076171875,186.58999633789062,774869
2025-03-31 14:15:00+00:00,186.13999938964844,186.89999389648438,186.0850067138672,186.83999633789062,657454
2025-03-31 14:20:00+00:00,185.52999877929688,186.31500244140625,185.3800048828125,186.13999938964844,595325
2025-03-31 14:25:00+00:00,184.72999572753906,185.52000427246094,184.7086944580078,185.5,782709
2025-03-31 14:30:00+00:00,185.77000427246094,185.8699951171875,184.6300048828125,184.74000549316406,1113744
2025-03-31 14:35:00+00:00,185.14999389648438,185.84500122070312,184.94000244140625,185.77000427246094,767863
2025-03-31 14:40:00+00:00,185.30999755859375,185.5500030517578,184.97000122070312,185.13999938964844,675968
2025-03-31 14:45:00+00:00,185.40499877929688,185.4499969482422,184.96099853515625,185.30999755859375,657940
2025-03-31 14:50:00+00:00,185.77000427246094,185.89999389648438,185.19009399414062,185.40499877929688,718781
2025-03-31 14:55:00+00:00,185.9250030517578,186.07000732421875,185.6083984375,185.77000427246094,488464
2025-03-31 15:00:00+00:00,185.92039489746094,186.47000122070312,185.875,185.94000244140625,548378
2025-03-31 15:05:00+00:00,185.85499572753906,186.42999267578125,185.67999267578125,185.94000244140625,478302
2025-03-31 15:10:00+00:00,185.4499969482422,186.0800018310547,185.3800048828125,185.85000610351562,517138
2025-03-31 15:15:00+00:00,186.1313018798828,186.2550048828125,185.2700958251953,185.44000244140625,469560
2025-03-31 15:20:00+00:00,187.22999572753906,187.27000427246094,186.1199951171875,186.13999938964844,635397
2025-03-31 15:25:00+00:00,186.9792022705078,187.44000244140625,186.86000061035156,187.22999572753906,525246
2025-03-31 15:30:00+00:00,187.30999755859375,187.4799041748047,186.75,186.97500610351562,582999
2025-03-31 15:35:00+00:00,187.44000244140625,187.61000061035156,187.22000122070312,187.30999755859375,366129
2025-03-31 15:40:00+00:00,187.25,187.6699981689453,186.97000122070312,187.46499633789062,382081
2025-03-31 15:45:00+00:00,187.8699951171875,187.91160583496094,187.22999572753906,187.2449951171875,360595
2025-03-31 15:50:00+00:00,188.44000244140625,188.80999755859375,187.7100067138672,187.83999633789062,984202
2025-03-31 15:55:00+00:00,188.08999633789062,188.47500610351562,187.9600067138672,188.42999267578125,429181
2025-03-31 16:00:00+00:00,188.33999633789062,188.46499633789062,188.0,188.10000610351562,262414
2025-03-31 16:05:00+00:00,187.7449951171875,188.36000061035156,187.71499633789062,188.3249969482422,326873
2025-03-31 16:10:00+00:00,187.585693359375,187.80999755859375,187.25999450683594,187.78500366210938,388892
2025-03-31 16:15:00+00:00,188.25,188.3260040283203,187.4801025390625,187.5850067138672,324930
2025-03-31 16:20:00+00:00,188.16000366210938,188.26499938964844,187.85000610351562,188.25999450683594,214444
2025-03-31 16:25:00+00:00,188.7550048828125,188.78900146484375,188.16000366210938,188.1699981689453,297744
2025-03-31 16:30:00+00:00,188.52499389648438,188.75999450683594,188.25999450683594,188.72000122070312,237509
2025-03-31 16:35:00+00:00,188.56500244140625,188.63999938964844,188.39999389648438,188.61000061035156,232904
2025-03-31 16:40:00+00:00,188.52000427246094,188.66000366210938,188.44000244140625,188.57000732421875,222777
2025-03-31 16:45:00+00:00,188.8249969482422,188.85000610351562,188.38999938964844,188.5399932861328,381183
2025-03-31 16:50:00+00:00,189.21499633789062,189.31500244140625,188.72999572753906,188.80999755859375,569138
2025-03-31 16:55:00+00:00,188.44419860839844,189.1999969482422,188.32000732421875,189.1999969482422,335012
2025-03-31 17:00:00+00:00,188.8000030517578,188.85000610351562,188.3249969482422,188.42999267578125,273943
2025-03-31 17:05:00+00:00,189.29879760742188,189.3199005126953,188.71839904785156,188.83949279785156,113542
2025-03-31 17:10:00+00:00,188.75999450683594,189.35719299316406,188.75999450683594,189.32000732421875,301081
2025-03-31 17:15:00+00:00,188.60000610351562,188.8011932373047,188.47000122070312,188.8000030517578,212588
2025-03-31 17:20:00+00:00,188.69009399414062,188.8300018310547,188.360107421875,188.59730529785156,215624
2025-03-31 17:25:00+00:00,188.5959930419922,188.7801055908203,188.32000732421875,188.6699981689453,202979
2025-03-31 17:30:00+00:00,188.4600067138672,188.63999938964844,188.3300018310547,188.60499572753906,195567
2025-03-31 17:35:00+00:00,188.8040008544922,188.8350067138672,188.33999633789062,188.44500732421875,318730
2025-03-31 17:40:00+00:00,188.44090270996094,188.82000732421875,188.36500549316406,188.80499267578125,195614
2025-03-31 17:45:00+00:00,188.43499755859375,188.47500610351562,188.16000366210938,188.4499969482422,377433
2025-03-31 17:50:00+00:00,188.8699951171875,188.90499877929688,188.3300018310547,188.42999267578125,176576
2025-03-31 17:55:00+00:00,188.5500030517578,188.91000366210938,188.52000427246094,188.83999633789062,175228
2025-03-31 18:00:00+00:00,189.08999633789062,189.1199951171875,188.5,188.55999755859375,223121
2025-03-31 18:05:00+00:00,189.61000061035156,189.66000366210938,188.91000366210938,189.0749969482422,248378
2025-03-31 18:10:00+00:00,189.6300048828125,189.97999572753906,189.57000732421875,189.62620544433594,338300
2025-03-31 18:15:00+00:00,190.10000610351562,190.1396942138672,189.47000122070312,189.64280700683594,398488
2025-03-31 18:20:00+00:00,189.9499969482422,190.1999969482422,189.7700958251953,190.11880493164062,306328
2025-03-31 18:25:00+00:00,189.8300018310547,189.99000549316406,189.61000061035156,189.9499969482422,295050
2025-03-31 18:30:00+00:00,189.69000244140625,189.8800048828125,189.61000061035156,189.8249969482422,297639
2025-03-31 18:35:00+00:00,189.8509063720703,190.07989501953125,189.61680603027344,189.6699981689453,262250
2025-03-31 18:40:00+00:00,189.78990173339844,190.08999633789062,189.75999450683594,189.85000610351562,217723
2025-03-31 18:45:00+00:00,189.52000427246094,189.83740234375,189.24000549316406,189.7899932861328,1153792
2025-03-31 18:50:00+00:00,189.72320556640625,189.98060607910156,189.5,189.50999450683594,270591
2025-03-31 18:55:00+00:00,189.3699951171875,189.75999450683594,189.35000610351562,189.7100067138672,338357
2025-03-31 19:00:00+00:00,189.5399932861328,189.75,189.3350067138672,189.35499572753906,241370
2025-03-31 19:05:00+00:00,189.64500427246094,189.67999267578125,189.4199981689453,189.5399932861328,242713
2025-03-31 19:10:00+00:00,190.11000061035156,190.28680419921875,189.58999633789062,189.63499450683594,321838
2025-03-31 19:15:00+00:00,189.80999755859375,190.1199951171875,189.6746063232422,190.08999633789062,278551
2025-03-31 19:20:00+00:00,189.81500244140625,190.08999633789062,189.77999877929688,189.8000030517578,356615
2025-03-31 19:25:00+00:00,189.4250030517578,189.81500244140625,189.3000030517578,189.81500244140625,299917
2025-03-31 19:30:00+00:00,189.86500549316406,189.90049743652344,189.29119873046875,189.41000366210938,307249
2025-03-31 19:35:00+00:00,189.8800048828125,189.9600067138672,189.50999450683594,189.85000610351562,336873
2025-03-31 19:40:00+00:00,190.07000732421875,190.47999572753906,189.91000366210938,189.91000366210938,625705
2025-03-31 19:45:00+00:00,190.07000732421875,190.3300018310547,189.88999938964844,190.02999877929688,478106
2025-03-31 19:50:00+00:00,190.6999969482422,191.3300018310547,189.75,190.05999755859375,1957040
2025-03-31 19:55:00+00:00,190.2899932861328,190.8000030517578,190.00999450683594,190.6999969482422,3348568
2025-04-01 13:30:00+00:00,188.6024932861328,188.91000366210938,187.1999969482422,187.86000061035156,2453224
2025-04-01 13:35:00+00:00,190.13009643554688,190.1999969482422,188.39999389648438,188.6300048828125,849668
2025-04-01 13:40:00+00:00,190.6199951171875,190.69000244140625,189.85000610351562,190.1649932861328,770170
2025-04-01 13:45:00+00:00,190.77999877929688,190.97500610351562,190.38299560546875,190.61000061035156,684854
2025-04-01 13:50:00+00:00,190.0399932861328,190.91000366210938,190.02999877929688,190.75999450683594,641907
2025-04-01 13:55:00+00:00,190.00999450683594,190.44000244140625,189.64999389648438,190.0500030517578,609260
2025-04-01 14:00:00+00:00,189.77999877929688,190.42840576171875,189.64999389648438,190.02999877929688,649215
2025-04-01 14:05:00+00:00,189.47999572753906,190.19949340820312,189.22000122070312,189.77000427246094,578706
2025-04-01 14:10:00+00:00,188.71009826660156,189.69000244140625,188.66000366210938,189.5,619703
2025-04-01 14:15:00+00:00,188.6999969482422,189.10000610351562,188.63999938964844,188.75,390792
2025-04-01 14:20:00+00:00,189.25999450683594,189.3800048828125,188.39999389648438,188.67999267578125,474944
2025-04-01 14:25:00+00:00,189.51499938964844,189.64999389648438,189.1300048828125,189.2550048828125,343780
2025-04-01 14:30:00+00:00,189.55499267578125,189.99000549316406,189.31500244140625,189.47000122070312,383819
2025-04-01 14:35:00+00:00,190.00999450683594,190.25999450683594,189.47999572753906,189.58999633789062,381682
2025-04-01 14:40:00+00:00,190.25999450683594,190.4499969482422,189.85000610351562,189.99000549316406,368190
2025-04-01 14:45:00+00:00,190.36000061035156,190.50999450683594,190.1199951171875,190.25999450683594,275222
2025-04-01 14:50:00+00:00,190.82000732421875,190.9600067138672,190.39500427246094,190.39999389648438,308841
2025-04-01 14:55:00+00:00,191.08999633789062,191.1199951171875,190.49000549316406,190.86000061035156,334463
2025-04-01 15:00:00+00:00,191.3800048828125,191.5800018310547,190.91000366210938,191.0800018310547,385715
2025-04-01 15:05:00+00:00,191.75999450683594,191.8000030517578,191.31500244140625,191.33999633789062,366291
2025-04-01 15:10:00+00:00,192.24090576171875,192.28880310058594,191.52000427246094,191.77000427246094,485248
2025-04-01 15:15:00+00:00,192.3000030517578,192.55999755859375,192.02000427246094,192.24380493164062,578956
2025-04-01 15:20:00+00:00,192.99000549316406,193.02999877929688,190.60000610351562,192.2949981689453,705240
2025-04-01 15:25:00+00:00,192.22500610351562,193.08999633789062,192.1999969482422,193.00999450683594,533559
2025-04-01 15:30:00+00:00,192.2082977294922,192.4499969482422,192.02999877929688,192.25,449291
2025-04-01 15:35:00+00:00,192.4600067138672,192.50999450683594,191.85000610351562,192.21499633789062,558984
2025-04-01 15:40:00+00:00,192.91009521484375,192.97999572753906,192.10000610351562,192.4499969482422,395542
2025-04-01 15:45:00+00:00,193.17999267578125,193.3800048828125,192.8800048828125,192.90499877929688,504611
2025-04-01 15:50:00+00:00,192.7301025390625,193.38999938964844,192.7100067138672,193.24000549316406,411067
2025-04-01 15:55:00+00:00,192.68499755859375,192.7899932861328,192.47999572753906,192.72999572753906,231019
2025-04-01 16:00:00+00:00,193.07000732421875,193.1909942626953,192.5399932861328,192.7100067138672,412434
2025-04-01 16:05:00+00:00,193.26499938964844,193.3000030517578,193.0,193.02000427246094,313129
2025-04-01 16:10:00+00:00,193.3699951171875,193.5500030517578,193.13999938964844,193.26280212402344,344430
2025-04-01 16:15:00+00:00,193.80999755859375,193.8699951171875,193.35000610351562,193.3699951171875,373519
2025-04-01 16:20:00+00:00,193.42999267578125,193.92999267578125,193.14999389648438,193.8000030517578,394565
2025-04-01 16:25:00+00:00,193.02000427246094,193.5,192.85000610351562,193.4250030517578,311715
2025-04-01 16:30:00+00:00,192.8699951171875,193.07989501953125,192.66000366210938,193.07989501953125,273240
2025-04-01 16:35:00+00:00,192.61000061035156,192.9499969482422,192.50999450683594,192.85000610351562,207020
2025-04-01 16:40:00+00:00,192.81500244140625,192.92999267578125,192.5529022216797,192.63040161132812,204957
2025-04-01 16:45:00+00:00,193.24000549316406,193.27000427246094,192.80999755859375,192.84500122070312,319992
2025-04-01 16:50:00+00:00,193.34500122070312,193.58999633789062,193.19000244140625,193.25,437936
2025-04-01 16:55:00+00:00,192.83999633789062,193.3699951171875,192.82000732421875,193.3249969482422,669401
2025-04-01 17:00:00+00:00,192.8350067138672,192.94000244140625,192.5865936279297,192.8300018310547,218107
2025-04-01 17:05:00+00:00,192.4199981689453,192.84959411621094,192.2949981689453,192.8365936279297,294450
2025-04-01 17:10:00+00:00,192.50999450683594,192.69000244140625,192.3000030517578,192.4199981689453,232486
2025-04-01 17:15:00+00:00,192.00999450683594,192.52999877929688,191.97000122070312,192.52000427246094,293395
2025-04-01 17:20:00+00:00,192.11000061035156,192.19000244140625,191.97000122070312,192.0,254636
2025-04-01 17:25:00+00:00,192.13999938964844,192.30499267578125,192.0500030517578,192.11000061035156,223945
2025-04-01 17:30:00+00:00,191.92999267578125,192.41000366210938,191.89999389648438,192.13999938964844,268166
2025-04-01 17:35:00+00:00,192.24000549316406,192.34970092773438,191.89999389648438,191.9199981689453,194732
2025-04-01 17:40:00+00:00,191.8000030517578,192.3800048828125,191.75999450683594,192.2550048828125,232889
2025-04-01 17:45:00+00:00,192.1446075439453,192.1999969482422,191.77999877929688,191.7949981689453,249731
2025-04-01 17:50:00+00:00,192.03500366210938,192.2899932861328,192.01119995117188,192.13999938964844,271331
2025-04-01 17:55:00+00:00,191.72999572753906,192.0749969482422,191.6699981689453,192.0399932861328,252833
2025-04-01 18:00:00+00:00,191.00999450683594,191.81019592285156,190.83999633789062,191.75999450683594,412676
2025-04-01 18:05:00+00:00,191.1699981689453,191.17999267578125,190.8800048828125,191.00999450683594,322113
2025-04-01 18:10:00+00:00,191.4346923828125,191.50990295410156,191.11700439453125,191.17999267578125,317611
2025-04-01 18:15:00+00:00,191.10499572753906,191.55999755859375,190.97999572753906,191.4600067138672,266660
2025-04-01 18:20:00+00:00,190.77999877929688,191.17999267578125,190.74000549316406,191.10499572753906,221262
2025-04-01 18:25:00+00:00,191.0,191.25,190.7534942626953,190.75999450683594,275513
2025-04-01 18:30:00+00:00,191.2050018310547,191.41000366210938,191.0,191.0,285060
2025-04-01 18:35:00+00:00,191.0399932861328,191.4499969482422,191.02999877929688,191.17649841308594,272748
2025-04-01 18:40:00+00:00,191.33999633789062,191.41000366210938,191.07000732421875,191.07000732421875,223630
2025-04-01 18:45:00+00:00,191.00799560546875,191.3350067138672,190.97000122070312,191.3300018310547,235347
2025-04-01 18:50:00+00:00,191.17999267578125,191.1999969482422,190.8699951171875,190.97000122070312,228372
2025-04-01 18:55:00+00:00,191.42999267578125,191.44000244140625,191.17559814453125,191.17999267578125,259902
2025-04-01 19:00:00+00:00,191.50999450683594,191.68499755859375,191.31500244140625,191.4199981689453,224843
2025-04-01 19:05:00+00:00,191.2100067138672,191.6699981689453,191.2100067138672,191.52000427246094,239116
2025-04-01 19:10:00+00:00,191.50999450683594,191.5399932861328,191.13999938964844,191.2100067138672,237300
2025-04-01 19:15:00+00:00,191.5,191.72000122070312,191.41000366210938,191.5,310461
2025-04-01 19:20:00+00:00,191.6199951171875,191.7100067138672,191.4199981689453,191.5,316647
2025-04-01 19:25:00+00:00,191.3000030517578,191.67990112304688,191.2899932861328,191.6199951171875,271547
2025-04-01 19:30:00+00:00,191.8000030517578,191.99000549316406,191.1999969482422,191.27000427246094,417508
2025-04-01 19:35:00+00:00,191.7949981689453,192.13999938964844,191.74029541015625,191.7899932861328,284105
2025-04-01 19:40:00+00:00,191.75999450683594,191.97000122070312,191.67739868164062,191.8000030517578,350646
2025-04-01 19:45:00+00:00,191.89500427246094,192.05999755859375,191.7100067138672,191.75,393706
2025-04-01 19:50:00+00:00,192.30999755859375,192.52000427246094,191.91000366210938,191.9199981689453,698146
2025-04-01 19:55:00+00:00,192.16000366210938,192.52000427246094,191.9499969482422,192.2899932861328,1813947
2025-04-02 13:30:00+00:00,189.89930725097656,189.89999389648438,187.6999969482422,187.85000610351562,2517720
2025-04-02 13:35:00+00:00,190.16700744628906,190.61000061035156,189.7449951171875,189.89939880371094,936947
2025-04-02 13:40:00+00:00,190.55999755859375,190.55999755859375,189.6999969482422,190.27000427246094,732599
2025-04-02 13:45:00+00:00,191.41000366210938,191.41000366210938,190.47999572753906,190.5749969482422,478051
2025-04-02 13:50:00+00:00,191.8000030517578,192.24000549316406,191.2729034423828,191.41000366210938,564828
2025-04-02 13:55:00+00:00,191.71499633789062,192.10000610351562,191.6199951171875,191.77999877929688,346164
2025-04-02 14:00:00+00:00,192.8699951171875,192.99000549316406,191.5399932861328,191.60000610351562,655939
2025-04-02 14:05:00+00:00,191.3000030517578,192.97999572753906,191.1300048828125,192.85499572753906,486277
2025-04-02 14:10:00+00:00,191.38999938964844,191.48500061035156,190.60659790039062,191.3000030517578,451962
2025-04-02 14:15:00+00:00,191.72000122070312,191.81500244140625,191.31460571289062,191.3804931640625,233750
2025-04-02 14:20:00+00:00,192.22999572753906,192.2696075439453,191.50999450683594,191.72999572753906,268321
2025-04-02 14:25:00+00:00,192.17999267578125,192.29879760742188,191.55999755859375,192.25,341249
2025-04-02 14:30:00+00:00,192.27999877929688,192.6999969482422,192.02000427246094,192.1750030517578,279635
2025-04-02 14:35:00+00:00,192.3300018310547,192.38900756835938,191.97000122070312,192.25999450683594,229269
2025-04-02 14:40:00+00:00,192.42999267578125,192.69000244140625,192.14999389648438,192.33599853515625,317519
2025-04-02 14:45:00+00:00,192.4633026123047,192.75,192.25999450683594,192.44000244140625,362609
2025-04-02 14:50:00+00:00,192.18499755859375,192.52499389648438,192.12060546875,192.4499969482422,217705
2025-04-02 14:55:00+00:00,192.36500549316406,192.5800018310547,192.02999877929688,192.1894989013672,213948
2025-04-02 15:00:00+00:00,192.0885009765625,192.375,191.8300018310547,192.375,247338
2025-04-02 15:05:00+00:00,192.44000244140625,192.44000244140625,192.0,192.07000732421875,175107
2025-04-02 15:10:00+00:00,191.7899932861328,192.43499755859375,191.72129821777344,192.4250030517578,197079
2025-04-02 15:15:00+00:00,192.18260192871094,192.18260192871094,191.75999450683594,191.78640747070312,176995
2025-04-02 15:20:00+00:00,192.4499969482422,192.6885986328125,192.13499450683594,192.17999267578125,208629
2025-04-02 15:25:00+00:00,192.36500549316406,192.58999633789062,192.24000549316406,192.44500732421875,263492
2025-04-02 15:30:00+00:00,192.47000122070312,192.6300048828125,192.18499755859375,192.35000610351562,179457
2025-04-02 15:35:00+00:00,192.5399932861328,192.6300048828125,192.3350067138672,192.47999572753906,216920
2025-04-02 15:40:00+00:00,192.35499572753906,192.67999267578125,192.25999450683594,192.5800018310547,269074
2025-04-02 15:45:00+00:00,192.08999633789062,192.41000366210938,191.9499969482422,192.3800048828125,243632
2025-04-02 15:50:00+00:00,193.99000549316406,194.39999389648438,191.92999267578125,192.06500244140625,2124774
2025-04-02 15:55:00+00:00,194.25,194.9499969482422,193.69000244140625,194.00999450683594,2008625
2025-04-02 16:00:00+00:00,194.6199951171875,195.13999938964844,193.88999938964844,194.27000427246094,1363243
2025-04-02 16:05:00+00:00,194.5399932861328,194.75999450683594,194.0,194.6300048828125,683724
2025-04-02 16:10:00+00:00,194.7449951171875,195.05999755859375,194.0800018310547,194.53500366210938,1161931
2025-04-02 16:15:00+00:00,195.66000366210938,195.66000366210938,194.7301025390625,194.7449951171875,1141191
2025-04-02 16:20:00+00:00,195.8000030517578,195.99940490722656,195.47000122070312,195.62399291992188,987537
2025-04-02 16:25:00+00:00,195.77000427246094,195.77999877929688,195.27000427246094,195.77000427246094,563198
2025-04-02 16:30:00+00:00,195.88999938964844,196.19000244140625,195.6199951171875,195.7899932861328,560553
2025-04-02 16:35:00+00:00,195.80499267578125,195.91000366210938,195.47999572753906,195.8699951171875,471854
2025-04-02 16:40:00+00:00,196.05499267578125,196.13999938964844,195.22999572753906,195.8300018310547,726192
2025-04-02 16:45:00+00:00,197.0,197.0500030517578,195.9499969482422,196.02000427246094,832276
2025-04-02 16:50:00+00:00,197.02999877929688,197.25999450683594,196.75,197.0,949671
2025-04-02 16:55:00+00:00,197.1199951171875,197.27000427246094,196.75,196.97999572753906,559804
2025-04-02 17:00:00+00:00,198.24000549316406,198.33999633789062,197.0399932861328,197.11000061035156,980352
2025-04-02 17:05:00+00:00,197.63999938964844,198.22000122070312,197.44000244140625,198.22000122070312,1083975
2025-04-02 17:10:00+00:00,197.36000061035156,198.16000366210938,197.1999969482422,197.61000061035156,1247755
2025-04-02 17:15:00+00:00,197.1699981689453,197.52999877929688,196.97999572753906,197.36500549316406,749169
2025-04-02 17:20:00+00:00,197.35499572753906,197.3699951171875,196.9199981689453,197.17999267578125,540203
2025-04-02 17:25:00+00:00,197.2353057861328,197.66000366210938,192.1699981689453,197.36000061035156,631217
2025-04-02 17:30:00+00:00,196.80999755859375,197.30999755859375,192.1699981689453,197.21499633789062,871888
2025-04-02 17:35:00+00:00,196.52999877929688,196.81500244140625,196.25999450683594,196.81500244140625,534277
2025-04-02 17:40:00+00:00,196.67999267578125,196.6999969482422,196.3800048828125,196.55999755859375,358029
2025-04-02 17:45:00+00:00,196.3502960205078,196.69000244140625,196.14999389648438,196.69000244140625,386102
2025-04-02 17:50:00+00:00,196.47000122070312,196.50970458984375,196.0800018310547,196.35000610351562,395998
2025-04-02 17:55:00+00:00,196.47999572753906,196.74000549316406,196.30999755859375,196.4600067138672,290448
2025-04-02 18:00:00+00:00,195.8300018310547,196.5050048828125,195.82000732421875,196.44970703125,411863
2025-04-02 18:05:00+00:00,195.57980346679688,195.86000061035156,195.35000610351562,195.8300018310547,412849
2025-04-02 18:10:00+00:00,195.36000061035156,195.6699981689453,195.24000549316406,195.58999633789062,322902
2025-04-02 18:15:00+00:00,195.35000610351562,195.58999633789062,195.19000244140625,195.35000610351562,314274
2025-04-02 18:20:00+00:00,195.0800018310547,195.6999969482422,194.97000122070312,195.3300018310547,301231
2025-04-02 18:25:00+00:00,194.61000061035156,195.1999969482422,194.58999633789062,195.0449981689453,301247
2025-04-02 18:30:00+00:00,195.2949981689453,195.30999755859375,194.52499389648438,194.60000610351562,389453
2025-04-02 18:35:00+00:00,195.6197052001953,195.6479949951172,195.1428985595703,195.2899932861328,297429
2025-04-02 18:40:00+00:00,195.6136016845703,195.86000061035156,195.4499969482422,195.6199951171875,268459
2025-04-02 18:45:00+00:00,195.52499389648438,195.63999938964844,195.33999633789062,195.5749969482422,216622
2025-04-02 18:50:00+00:00,195.4600067138672,195.5500030517578,195.25,195.4949951171875,222492
2025-04-02 18:55:00+00:00,194.66000366210938,195.44790649414062,194.66000366210938,195.44000244140625,297425
2025-04-02 19:00:00+00:00,195.49560546875,195.63999938964844,194.7100067138672,194.7100067138672,340703
2025-04-02 19:05:00+00:00,195.40499877929688,195.61500549316406,195.2550048828125,195.51499938964844,218420
2025-04-02 19:10:00+00:00,195.07000732421875,195.43499755859375,195.0565948486328,195.38499450683594,320433
2025-04-02 19:15:00+00:00,195.02499389648438,195.35499572753906,194.83999633789062,195.07000732421875,424195
2025-04-02 19:20:00+00:00,195.26499938964844,195.38999938964844,194.94000244140625,195.02999877929688,415919
2025-04-02 19:25:00+00:00,195.88999938964844,195.97000122070312,194.9506072998047,195.2899932861328,499304
2025-04-02 19:30:00+00:00,196.5500030517578,196.6999969482422,195.6199951171875,195.8000030517578,571307
2025-04-02 19:35:00+00:00,196.65499877929688,196.86000061035156,196.47999572753906,196.54580688476562,597323
2025-04-02 19:40:00+00:00,196.7050018310547,196.8800048828125,196.56100463867188,196.65499877929688,432435
2025-04-02 19:45:00+00:00,197.17999267578125,197.4199981689453,196.69000244140625,196.75,632579
2025-04-02 19:50:00+00:00,196.38499450683594,197.25,196.25999450683594,197.19000244140625,789195
2025-04-02 19:55:00+00:00,195.9600067138672,196.6300048828125,195.9600067138672,196.41000366210938,1604431
2025-04-03 13:30:00+00:00,182.97000122070312,184.1300048828125,182.1699981689453,182.9949951171875,9028868
2025-04-03 13:35:00+00:00,183.34500122070312,183.58999633789062,182.50999450683594,183.02000427246094,2336354
2025-04-03 13:40:00+00:00,181.3699951171875,183.3300018310547,180.50999450683594,183.3300018310547,3337371
2025-04-03 13:45:00+00:00,181.47000122070312,182.0395965576172,181.1999969482422,181.30499267578125,1756709
2025-04-03 13:50:00+00:00,182.48500061035156,182.74319458007812,181.42999267578125,181.49000549316406,1595245
2025-04-03 13:55:00+00:00,182.38999938964844,182.9499969482422,181.96499633789062,182.50999450683594,1524243
2025-04-03 14:00:00+00:00,181.83999633789062,182.5,181.72000122070312,182.36000061035156,1431941
2025-04-03 14:05:00+00:00,181.75999450683594,182.02499389648438,181.3800048828125,181.8300018310547,1118479
2025-04-03 14:10:00+00:00,181.35000610351562,181.75,180.8699951171875,181.75,1703164
2025-04-03 14:15:00+00:00,180.2100067138672,181.63499450683594,180.2100067138672,181.38499450683594,1811552
2025-04-03 14:20:00+00:00,179.61500549316406,180.27999877929688,179.39999389648438,180.1999969482422,3329820
2025-04-03 14:25:00+00:00,179.92999267578125,180.41000366210938,179.48410034179688,179.61000061035156,1772336
2025-04-03 14:30:00+00:00,178.88499450683594,180.16000366210938,178.67999267578125,179.9199981689453,2207958
2025-04-03 14:35:00+00:00,178.08349609375,179.1199951171875,177.66000366210938,178.8699951171875,2784943
2025-04-03 14:40:00+00:00,177.9499969482422,178.3000030517578,177.7550048828125,178.05999755859375,1416843
2025-04-03 14:45:00+00:00,177.10000610351562,178.02000427246094,176.9199981689453,177.9499969482422,2256570
2025-04-03 14:50:00+00:00,178.6855926513672,178.72000122070312,177.08999633789062,177.08999633789062,1273516
2025-04-03 14:55:00+00:00,178.5050048828125,179.0399932861328,178.48500061035156,178.69000244140625,948871
2025-04-03 15:00:00+00:00,179.3000030517578,179.3699951171875,178.4499969482422,178.49000549316406,707809
2025-04-03 15:05:00+00:00,178.96499633789062,179.36000061035156,178.50999450683594,179.30499267578125,1128318
2025-04-03 15:10:00+00:00,179.6029052734375,179.97999572753906,178.9600067138672,178.97000122070312,995758
2025-04-03 15:15:00+00:00,179.91000366210938,180.24000549316406,179.5749969482422,179.60670471191406,957870
2025-04-03 15:20:00+00:00,180.02999877929688,180.08999633789062,179.52000427246094,179.89999389648438,1114692
2025-04-03 15:25:00+00:00,180.11000061035156,180.77499389648438,179.92999267578125,180.02000427246094,1121646
2025-04-03 15:30:00+00:00,180.89999389648438,181.0800018310547,180.07000732421875,180.1199951171875,938329
2025-04-03 15:35:00+00:00,181.6300048828125,181.6999969482422,180.75999450683594,180.90499877929688,1075033
2025-04-03 15:40:00+00:00,181.3800048828125,182.02520751953125,181.1300048828125,181.63999938964844,1282452
2025-04-03 15:45:00+00:00,181.5399932861328,181.80499267578125,181.0399932861328,181.38999938964844,706106
2025-04-03 15:50:00+00:00,181.8249969482422,181.83880615234375,181.0,181.5399932861328,746544
2025-04-03 15:55:00+00:00,181.86000061035156,182.3936004638672,181.72999572753906,181.8300018310547,707127
2025-04-03 16:00:00+00:00,181.9600067138672,182.40899658203125,181.85000610351562,181.86000061035156,680322
2025-04-03 16:05:00+00:00,181.7100067138672,182.33990478515625,181.6699981689453,181.97740173339844,672610
2025-04-03 16:10:00+00:00,182.27999877929688,182.69000244140625,181.7100067138672,181.72999572753906,747668
2025-04-03 16:15:00+00:00,182.4199981689453,182.49000549316406,182.11000061035156,182.2899932861328,584167
2025-04-03 16:20:00+00:00,182.46499633789062,182.47999572753906,182.07000732421875,182.4199981689453,499009
2025-04-03 16:25:00+00:00,182.80999755859375,182.82000732421875,182.0,182.47999572753906,576573
2025-04-03 16:30:00+00:00,182.17120361328125,182.9499969482422,182.14999389648438,182.8000030517578,511068
2025-04-03 16:35:00+00:00,182.0500030517578,182.27999877929688,181.7899932861328,182.1699981689453,690512
2025-04-03 16:40:00+00:00,181.92999267578125,182.47999572753906,181.88999938964844,182.0399932861328,407538
2025-04-03 16:45:00+00:00,182.03500366210938,182.06500244140625,181.32359313964844,181.92469787597656,818855
2025-04-03 16:50:00+00:00,181.65499877929688,182.13999938964844,181.6490020751953,182.0,463979
2025-04-03 16:55:00+00:00,182.0,182.07000732421875,181.47999572753906,181.63999938964844,450706
2025-04-03 17:00:00+00:00,182.18060302734375,182.5500030517578,181.99000549316406,182.0050048828125,511305
2025-04-03 17:05:00+00:00,181.78500366210938,182.4622039794922,181.75999450683594,182.1649932861328,451991
2025-04-03 17:10:00+00:00,181.8699951171875,182.0,181.64999389648438,181.77499389648438,431476
2025-04-03 17:15:00+00:00,181.45590209960938,181.9499969482422,181.36239624023438,181.82000732421875,369587
2025-04-03 17:20:00+00:00,181.30160522460938,181.7100067138672,180.91000366210938,181.4600067138672,493396
2025-04-03 17:25:00+00:00,181.052001953125,181.3780059814453,180.95469665527344,181.35000610351562,476908
2025-04-03 17:30:00+00:00,181.15899658203125,181.25,180.69500732421875,181.02999877929688,522548
2025-04-03 17:35:00+00:00,181.30499267578125,181.5406951904297,181.0800018310547,181.16000366210938,341447
2025-04-03 17:40:00+00:00,181.32589721679688,181.42999267578125,181.05999755859375,181.27000427246094,329693
2025-04-03 17:45:00+00:00,181.02000427246094,181.5,180.97000122070312,181.27999877929688,430939
2025-04-03 17:50:00+00:00,181.03720092773438,181.22000122070312,180.8800048828125,181.02999877929688,440710
2025-04-03 17:55:00+00:00,180.5052032470703,181.02999877929688,180.47999572753906,181.02000427246094,479102
2025-04-03 18:00:00+00:00,180.64999389648438,180.80870056152344,180.4600067138672,180.49000549316406,425134
2025-04-03 18:05:00+00:00,180.625,180.75,180.5,180.65499877929688,408239
2025-04-03 18:10:00+00:00,180.35000610351562,180.67160034179688,180.22999572753906,180.61000061035156,392736
2025-04-03 18:15:00+00:00,180.1649932861328,180.5399932861328,180.08999633789062,180.33999633789062,548581
2025-04-03 18:20:00+00:00,179.8695068359375,180.2899932861328,179.86000061035156,180.1699981689453,664112
2025-04-03 18:25:00+00:00,179.77499389648438,180.0,179.6699981689453,179.86000061035156,507892
2025-04-03 18:30:00+00:00,179.28250122070312,180.00999450683594,179.18499755859375,179.75999450683594,891039
2025-04-03 18:35:00+00:00,179.88499450683594,179.97999572753906,179.1999969482422,179.27999877929688,624944
2025-04-03 18:40:00+00:00,180.25,180.31069946289062,179.83999633789062,179.8699951171875,696124
2025-04-03 18:45:00+00:00,179.9949951171875,180.25,179.8000030517578,180.19500732421875,448398
2025-04-03 18:50:00+00:00,180.03500366210938,180.1999969482422,179.77020263671875,179.99000549316406,505063
2025-04-03 18:55:00+00:00,180.00999450683594,180.16000366210938,179.8300018310547,180.02000427246094,659264
2025-04-03 19:00:00+00:00,179.42999267578125,180.05999755859375,179.42999267578125,180.0,550895
2025-04-03 19:05:00+00:00,179.1782989501953,179.6199951171875,179.1699981689453,179.4499969482422,617017
2025-04-03 19:10:00+00:00,179.3300018310547,179.41949462890625,178.72000122070312,179.16000366210938,1017442
2025-04-03 19:15:00+00:00,178.5449981689453,179.38999938964844,178.3448944091797,179.3603973388672,892073
2025-04-03 19:20:00+00:00,178.57000732421875,178.94000244140625,178.22000122070312,178.5449981689453,948442
2025-04-03 19:25:00+00:00,178.32000732421875,178.60000610351562,178.30999755859375,178.54159545898438,748907
2025-04-03 19:30:00+00:00,178.25,178.49000549316406,178.02999877929688,178.32000732421875,1316469
2025-04-03 19:35:00+00:00,178.27999877929688,178.3300018310547,177.8800048828125,178.22000122070312,1060951
2025-04-03 19:40:00+00:00,178.62010192871094,178.7050018310547,178.14999389648438,178.29629516601562,953715
2025-04-03 19:45:00+00:00,178.22000122070312,178.65499877929688,178.19500732421875,178.6199951171875,901453
2025-04-03 19:50:00+00:00,178.8000030517578,178.9199981689453,177.92999267578125,178.1999969482422,1539445
2025-04-03 19:55:00+00:00,178.3699951171875,178.94000244140625,177.8800048828125,178.85000610351562,3830813
2025-04-04 13:30:00+00:00,170.27999877929688,170.3625030517578,166.0,167.14500427246094,13443121
2025-04-04 13:35:00+00:00,171.35000610351562,171.60499572753906,169.85000610351562,170.3300018310547,2990274
2025-04-04 13:40:00+00:00,171.45860290527344,172.11000061035156,170.72000122070312,171.35000610351562,3095264
2025-04-04 13:45:00+00:00,173.0749969482422,173.7100067138672,170.91000366210938,171.4499969482422,2361510
2025-04-04 13:50:00+00:00,172.97000122070312,173.9199981689453,172.7899932861328,173.1199951171875,1815531
2025-04-04 13:55:00+00:00,174.6334991455078,174.89999389648438,172.89999389648438,172.96499633789062,2174767
2025-04-04 14:00:00+00:00,175.2700958251953,175.69000244140625,174.24000549316406,174.63999938964844,2193105
2025-04-04 14:05:00+00:00,174.35000610351562,175.61000061035156,173.88999938964844,175.27000427246094,2760522
2025-04-04 14:10:00+00:00,173.7899932861328,174.5,173.1999969482422,174.3350067138672,1818260
2025-04-04 14:15:00+00:00,175.82000732421875,176.0,173.5,173.80999755859375,1866127
2025-04-04 14:20:00+00:00,174.94000244140625,176.79949951171875,174.91000366210938,175.92300415039062,1731584
2025-04-04 14:25:00+00:00,174.02000427246094,175.5399932861328,173.86000061035156,174.9199981689453,1502759
2025-04-04 14:30:00+00:00,173.22999572753906,174.64999389648438,173.14999389648438,174.0,1696352
2025-04-04 14:35:00+00:00,172.88499450683594,173.77000427246094,172.7899932861328,173.23500061035156,1554174
2025-04-04 14:40:00+00:00,171.9600067138672,173.21499633789062,171.8800048828125,172.9149932861328,1334472
2025-04-04 14:45:00+00:00,171.72999572753906,172.38499450683594,171.61000061035156,171.92999267578125,1724817
2025-04-04 14:50:00+00:00,172.29249572753906,172.6300048828125,170.0,171.6999969482422,2424010
2025-04-04 14:55:00+00:00,172.77499389648438,173.06500244140625,171.6999969482422,172.27999877929688,1919978
2025-04-04 15:00:00+00:00,175.2899932861328,175.47000122070312,172.36000061035156,172.69000244140625,1613647
2025-04-04 15:05:00+00:00,175.47999572753906,175.72000122070312,174.47000122070312,175.28500366210938,1617637
2025-04-04 15:10:00+00:00,176.8800048828125,177.3000030517578,175.45249938964844,175.45249938964844,1524808
2025-04-04 15:15:00+00:00,176.7288055419922,177.5500030517578,176.5,176.8800048828125,1474365
2025-04-04 15:20:00+00:00,178.0399932861328,178.1436004638672,176.5500030517578,176.72000122070312,1605021
2025-04-04 15:25:00+00:00,176.28500366210938,178.02999877929688,176.13040161132812,178.02999877929688,2432739
2025-04-04 15:30:00+00:00,176.69500732421875,177.0699005126953,176.16099548339844,176.27999877929688,1341070
2025-04-04 15:35:00+00:00,176.17999267578125,176.9600067138672,175.60000610351562,176.72500610351562,1150565
2025-04-04 15:40:00+00:00,176.27000427246094,177.3800048828125,176.16000366210938,176.17999267578125,965631
2025-04-04 15:45:00+00:00,177.50999450683594,177.7100067138672,175.81239318847656,176.27000427246094,942884
2025-04-04 15:50:00+00:00,176.33999633789062,177.55990600585938,176.10000610351562,177.5399932861328,899748
2025-04-04 15:55:00+00:00,175.7100067138672,176.75999450683594,175.5800018310547,176.35000610351562,733505
2025-04-04 16:00:00+00:00,176.0469970703125,176.4199981689453,175.6300048828125,175.7100067138672,599224
2025-04-04 16:05:00+00:00,176.44500732421875,176.8000030517578,175.9739990234375,176.06480407714844,727142
2025-04-04 16:10:00+00:00,177.1425018310547,177.44000244140625,176.33999633789062,176.42999267578125,645662
2025-04-04 16:15:00+00:00,175.62229919433594,177.28500366210938,175.47999572753906,177.2100067138672,725163
2025-04-04 16:20:00+00:00,175.39999389648438,175.72000122070312,174.8800048828125,175.6300048828125,1089578
2025-04-04 16:25:00+00:00,174.8699951171875,175.57000732421875,174.72979736328125,175.44000244140625,598926
2025-04-04 16:30:00+00:00,174.1300048828125,175.0500030517578,174.0800018310547,174.8300018310547,701900
2025-04-04 16:35:00+00:00,174.9949951171875,175.1300048828125,173.90499877929688,174.1201934814453,998966
2025-04-04 16:40:00+00:00,173.97999572753906,175.27999877929688,173.93499755859375,174.99000549316406,894133
2025-04-04 16:45:00+00:00,173.8249969482422,174.0699005126953,173.44000244140625,173.97000122070312,791338
2025-04-04 16:50:00+00:00,174.38999938964844,174.47000122070312,173.5,173.80999755859375,652721
2025-04-04 16:55:00+00:00,174.7675018310547,175.16000366210938,174.25,174.39500427246094,787063
2025-04-04 17:00:00+00:00,175.42999267578125,175.8699951171875,174.7449951171875,174.75999450683594,1927271
2025-04-04 17:05:00+00:00,175.17999267578125,175.7100067138672,174.97000122070312,175.39999389648438,546673
2025-04-04 17:10:00+00:00,174.7050018310547,175.25,174.41000366210938,175.14999389648438,572037
2025-04-04 17:15:00+00:00,174.19349670410156,174.66839599609375,173.77999877929688,174.64999389648438,682693
2025-04-04 17:20:00+00:00,174.60009765625,174.62879943847656,173.72999572753906,174.2100067138672,803221
2025-04-04 17:25:00+00:00,174.77999877929688,175.0,174.4600067138672,174.60569763183594,662491
2025-04-04 17:30:00+00:00,174.8778076171875,175.22000122070312,174.11740112304688,174.77499389648438,725696
2025-04-04 17:35:00+00:00,175.4600067138672,175.6300048828125,174.777099609375,174.85000610351562,621059
2025-04-04 17:40:00+00:00,175.16000366210938,175.89999389648438,175.0738983154297,175.42999267578125,615091
2025-04-04 17:45:00+00:00,175.75799560546875,175.87559509277344,174.79049682617188,175.16000366210938,654773
2025-04-04 17:50:00+00:00,175.50999450683594,175.8000030517578,175.08999633789062,175.74000549316406,496597
2025-04-04 17:55:00+00:00,176.0684051513672,176.10000610351562,175.02999877929688,175.53500366210938,595882
2025-04-04 18:00:00+00:00,176.19500732421875,176.73919677734375,176.05209350585938,176.0850067138672,882393
2025-04-04 18:05:00+00:00,175.5897979736328,176.36000061035156,175.4199981689453,176.1990966796875,625934
2025-04-04 18:10:00+00:00,175.48500061035156,175.9499969482422,175.33999633789062,175.58999633789062,552043
2025-04-04 18:15:00+00:00,174.89500427246094,175.6300048828125,174.70579528808594,175.48500061035156,537899
2025-04-04 18:20:00+00:00,174.5800018310547,175.2899932861328,174.52000427246094,174.9499969482422,894400
2025-04-04 18:25:00+00:00,174.4600067138672,174.86000061035156,174.3000030517578,174.5399932861328,1445187
2025-04-04 18:30:00+00:00,174.16000366210938,174.78939819335938,174.02000427246094,174.4550018310547,676296
2025-04-04 18:35:00+00:00,173.85000610351562,174.4600067138672,173.58999633789062,174.17999267578125,700813
2025-04-04 18:40:00+00:00,172.99000549316406,173.97999572753906,172.8502960205078,173.82359313964844,620669
2025-04-04 18:45:00+00:00,173.75,173.9499969482422,172.74029541015625,172.99000549316406,709812
2025-04-04 18:50:00+00:00,173.74000549316406,173.99000549316406,173.41940307617188,173.75999450683594,497260
2025-04-04 18:55:00+00:00,173.44500732421875,174.0,173.2100067138672,173.72000122070312,530434
2025-04-04 19:00:00+00:00,172.97970581054688,173.8524932861328,172.91000366210938,173.4499969482422,706443
2025-04-04 19:05:00+00:00,173.6649932861328,173.72000122070312,172.51849365234375,172.9593963623047,766773
2025-04-04 19:10:00+00:00,174.1699981689453,174.61000061035156,173.4499969482422,173.66000366210938,810787
2025-04-04 19:15:00+00:00,174.0,174.42990112304688,173.7899932861328,174.19500732421875,1043650
2025-04-04 19:20:00+00:00,175.23500061035156,175.26600646972656,173.97999572753906,174.00999450683594,940589
2025-04-04 19:25:00+00:00,175.0850067138672,175.6300048828125,174.9167938232422,175.25,1017391
2025-04-04 19:30:00+00:00,176.0850067138672,176.10989379882812,174.80999755859375,174.99000549316406,1168179
2025-04-04 19:35:00+00:00,176.63499450683594,176.6851043701172,175.5500030517578,176.0749969482422,1134971
2025-04-04 19:40:00+00:00,176.1300048828125,176.6999969482422,175.88999938964844,176.6300048828125,1164615
2025-04-04 19:45:00+00:00,174.6699981689453,176.41000366210938,174.60000610351562,176.11000061035156,1159715
2025-04-04 19:50:00+00:00,173.18499755859375,174.63999938964844,173.0500030517578,174.63999938964844,1925712
2025-04-04 19:55:00+00:00,170.97999572753906,173.1750030517578,170.7100067138672,173.1750030517578,5570870
2025-04-07 13:30:00+00:00,165.5,165.75970458984375,162.8072052001953,163.375,12322238
2025-04-07 13:35:00+00:00,164.93499755859375,165.66000366210938,163.85000610351562,165.55999755859375,2313971
2025-04-07 13:40:00+00:00,165.65060424804688,165.69000244140625,164.41029357910156,164.8800048828125,2314582
2025-04-07 13:45:00+00:00,168.13499450683594,168.36000061035156,165.2100067138672,165.89990234375,2632482
2025-04-07 13:50:00+00:00,170.6300048828125,171.08999633789062,167.9199981689453,168.13499450683594,3162220
2025-04-07 13:55:00+00:00,171.1699981689453,171.5800018310547,169.7200927734375,170.63800048828125,1934971
2025-04-07 14:00:00+00:00,170.1300048828125,172.08999633789062,169.58999633789062,171.1699981689453,2170784
2025-04-07 14:05:00+00:00,172.30999755859375,172.49000549316406,170.05999755859375,170.08999633789062,1686829
2025-04-07 14:10:00+00:00,179.0500030517578,181.07000732421875,172.27999877929688,172.3249969482422,4155773
2025-04-07 14:15:00+00:00,179.0399932861328,183.40989685058594,178.1300048828125,178.97000122070312,3717013
2025-04-07 14:20:00+00:00,172.83999633789062,179.07000732421875,172.52999877929688,179.0,3595063
2025-04-07 14:25:00+00:00,173.30999755859375,175.92999267578125,172.67970275878906,172.84100341796875,1823819
2025-04-07 14:30:00+00:00,172.89500427246094,176.7050018310547,172.83999633789062,173.20010375976562,1590606
2025-04-07 14:35:00+00:00,171.16000366210938,173.63999938964844,170.7449951171875,172.97999572753906,1489055
2025-04-07 14:40:00+00:00,174.27999877929688,174.55999755859375,170.86000061035156,171.16000366210938,1381797
2025-04-07 14:45:00+00:00,173.9499969482422,174.8000030517578,172.30999755859375,174.3000030517578,1174124
2025-04-07 14:50:00+00:00,177.02000427246094,177.33999633789062,173.77999877929688,173.92999267578125,1252657
2025-04-07 14:55:00+00:00,175.75990295410156,177.0800018310547,175.17999267578125,177.0399932861328,1133101
2025-04-07 15:00:00+00:00,176.05999755859375,176.63999938964844,174.8800048828125,175.72000122070312,1147036
2025-04-07 15:05:00+00:00,174.0,176.125,173.85000610351562,176.02999877929688,1046561
2025-04-07 15:10:00+00:00,171.09500122070312,174.77000427246094,170.42999267578125,173.94000244140625,1571437
2025-04-07 15:15:00+00:00,171.92430114746094,172.63999938964844,169.7100067138672,171.16000366210938,2262833
2025-04-07 15:20:00+00:00,170.8173065185547,173.00999450683594,170.61019897460938,171.8800048828125,1096076
2025-04-07 15:25:00+00:00,170.88999938964844,171.82000732421875,170.60000610351562,170.86500549316406,801419
2025-04-07 15:30:00+00:00,171.82000732421875,172.10000610351562,170.92999267578125,170.94000244140625,799822
2025-04-07 15:35:00+00:00,172.4600067138672,173.47000122070312,171.8300018310547,171.83999633789062,795604
2025-04-07 15:40:00+00:00,174.13450622558594,174.4499969482422,172.30999755859375,172.5,759929
2025-04-07 15:45:00+00:00,173.49000549316406,174.27999877929688,172.9207000732422,174.11000061035156,589089
2025-04-07 15:50:00+00:00,172.75779724121094,174.08999633789062,172.5,173.57000732421875,487480
2025-04-07 15:55:00+00:00,172.83999633789062,173.6199951171875,172.69000244140625,172.76089477539062,477740
2025-04-07 16:00:00+00:00,171.9600067138672,172.86000061035156,171.5800018310547,172.74000549316406,628022
2025-04-07 16:05:00+00:00,170.97999572753906,171.9600067138672,170.84429931640625,171.9600067138672,447165
2025-04-07 16:10:00+00:00,171.52499389648438,171.8105926513672,170.55999755859375,170.97000122070312,570942
2025-04-07 16:15:00+00:00,171.8699951171875,171.92999267578125,170.8800048828125,171.4853057861328,496516
2025-04-07 16:20:00+00:00,172.6699981689453,172.97000122070312,171.35000610351562,171.83999633789062,669616
2025-04-07 16:25:00+00:00,172.51499938964844,173.35980224609375,172.27999877929688,172.69000244140625,620421
2025-04-07 16:30:00+00:00,172.86000061035156,173.22000122070312,172.32000732421875,172.5500030517578,468966
2025-04-07 16:35:00+00:00,172.75,173.05999755859375,172.1199951171875,172.86000061035156,456532
2025-04-07 16:40:00+00:00,172.31500244140625,173.02000427246094,171.89999389648438,172.6999969482422,520208
2025-04-07 16:45:00+00:00,171.8800048828125,172.30999755859375,171.5,172.30999755859375,474530
2025-04-07 16:50:00+00:00,171.73109436035156,172.10000610351562,171.3300018310547,171.9199981689453,370113
2025-04-07 16:55:00+00:00,170.99000549316406,171.83999633789062,170.64120483398438,171.77999877929688,599029
2025-04-07 17:00:00+00:00,171.25999450683594,174.07000732421875,170.9499969482422,170.9499969482422,1066047
2025-04-07 17:05:00+00:00,171.8800048828125,172.00990295410156,170.88999938964844,171.27999877929688,526620
2025-04-07 17:10:00+00:00,174.0,174.11000061035156,171.33999633789062,171.91000366210938,688408
2025-04-07 17:15:00+00:00,174.25999450683594,174.72999572753906,173.60260009765625,174.0399932861328,984145
2025-04-07 17:20:00+00:00,174.43829345703125,175.0800018310547,174.05999755859375,174.26499938964844,987650
2025-04-07 17:25:00+00:00,174.77999877929688,174.97999572753906,173.7299041748047,174.47500610351562,704022
2025-04-07 17:30:00+00:00,174.52999877929688,174.9199981689453,173.55999755859375,174.77999877929688,667455
2025-04-07 17:35:00+00:00,175.38999938964844,175.4250030517578,174.10000610351562,174.5,677174
2025-04-07 17:40:00+00:00,175.47000122070312,175.61000061035156,174.64999389648438,175.3699951171875,628466
2025-04-07 17:45:00+00:00,176.25,176.35000610351562,174.39999389648438,175.44000244140625,994801
2025-04-07 17:50:00+00:00,176.35000610351562,176.6999969482422,175.5500030517578,176.2100067138672,838594
2025-04-07 17:55:00+00:00,176.66000366210938,176.8300018310547,175.64999389648438,176.27999877929688,946230
2025-04-07 18:00:00+00:00,176.11000061035156,176.85000610351562,175.9250030517578,176.64999389648438,802195
2025-04-07 18:05:00+00:00,175.97999572753906,176.3699951171875,175.4373016357422,176.13999938964844,652406
2025-04-07 18:10:00+00:00,175.27000427246094,176.6177978515625,175.1999969482422,175.97000122070312,626388
2025-04-07 18:15:00+00:00,176.64999389648438,176.85000610351562,175.0,175.1999969482422,782030
2025-04-07 18:20:00+00:00,176.86000061035156,177.1999969482422,176.27999877929688,176.6649932861328,711803
2025-04-07 18:25:00+00:00,174.9600067138672,177.0198974609375,174.86000061035156,176.9243927001953,784130
2025-04-07 18:30:00+00:00,175.67999267578125,175.75,174.9550018310547,174.97000122070312,701163
2025-04-07 18:35:00+00:00,176.72000122070312,176.79989624023438,175.4499969482422,175.67999267578125,672208
2025-04-07 18:40:00+00:00,176.11500549316406,177.14999389648438,176.02999877929688,176.7100067138672,715828
2025-04-07 18:45:00+00:00,175.9600067138672,176.75999450683594,175.60189819335938,176.139892578125,627851
2025-04-07 18:50:00+00:00,175.05740356445312,176.11000061035156,174.94960021972656,175.8699951171875,507530
2025-04-07 18:55:00+00:00,174.83999633789062,175.3000030517578,174.4600067138672,175.00999450683594,525336
2025-04-07 19:00:00+00:00,175.27499389648438,176.0399932861328,174.72999572753906,174.85000610351562,848196
2025-04-07 19:05:00+00:00,174.16000366210938,175.4600067138672,174.0915069580078,175.2624969482422,533177
2025-04-07 19:10:00+00:00,174.1750030517578,174.30999755859375,173.6199951171875,174.07839965820312,615002
2025-04-07 19:15:00+00:00,175.00999450683594,175.36000061035156,173.4499969482422,174.13999938964844,687199
2025-04-07 19:20:00+00:00,174.2100067138672,175.3708953857422,173.89999389648438,175.0,755927
2025-04-07 19:25:00+00:00,173.8199005126953,174.52499389648438,173.6999969482422,174.18499755859375,674674
2025-04-07 19:30:00+00:00,175.69500732421875,176.125,173.7949981689453,173.7949981689453,859712
2025-04-07 19:35:00+00:00,175.39500427246094,176.40499877929688,175.3300018310547,175.72999572753906,891955
2025-04-07 19:40:00+00:00,173.68499755859375,175.50999450683594,173.59959411621094,175.3800048828125,921057
2025-04-07 19:45:00+00:00,174.31640625,174.5500030517578,173.66400146484375,173.6750030517578,849207
2025-04-07 19:50:00+00:00,174.50999450683594,174.5399932861328,173.5,174.22999572753906,1421643
2025-04-07 19:55:00+00:00,175.4499969482422,175.67999267578125,174.5399932861328,174.5399932861328,3555982
2025-04-08 13:30:00+00:00,182.91000366210938,185.88999938964844,181.83999633789062,185.22999572753906,8037103
2025-04-08 13:35:00+00:00,181.38999938964844,183.75999450683594,181.30999755859375,182.89999389648438,2085044
2025-04-08 13:40:00+00:00,180.6457061767578,181.49000549316406,180.19000244140625,181.41000366210938,1898700
2025-04-08 13:45:00+00:00,180.2899932861328,181.9199981689453,180.2200927734375,181.5449981689453,1810827
2025-04-08 13:50:00+00:00,182.11000061035156,182.3000030517578,180.18499755859375,180.35000610351562,1523613
2025-04-08 13:55:00+00:00,182.19500732421875,182.7100067138672,181.50999450683594,182.10000610351562,1293641
2025-04-08 14:00:00+00:00,182.84860229492188,183.0800018310547,181.82000732421875,182.19500732421875,1409323
2025-04-08 14:05:00+00:00,183.58920288085938,183.6199951171875,182.64999389648438,182.85000610351562,1167117
2025-04-08 14:10:00+00:00,183.10000610351562,183.7899932861328,182.94000244140625,183.58999633789062,1193194
2025-04-08 14:15:00+00:00,183.27000427246094,183.6699981689453,183.0,183.11000061035156,835186
2025-04-08 14:20:00+00:00,183.11000061035156,183.72000122070312,182.94000244140625,183.32000732421875,717372
2025-04-08 14:25:00+00:00,182.20449829101562,183.4459991455078,180.5,183.1199951171875,1208617
2025-04-08 14:30:00+00:00,182.1999969482422,182.69000244140625,181.6999969482422,182.22000122070312,910575
2025-04-08 14:35:00+00:00,182.98289489746094,183.07000732421875,182.17999267578125,182.17999267578125,728117
2025-04-08 14:40:00+00:00,181.60000610351562,183.08999633789062,181.5500030517578,182.9499969482422,746517
2025-04-08 14:45:00+00:00,180.88499450683594,182.1999969482422,180.82000732421875,181.5800018310547,892538
2025-04-08 14:50:00+00:00,181.14950561523438,181.66000366210938,180.86000061035156,180.94000244140625,564681
2025-04-08 14:55:00+00:00,180.6300048828125,181.38999938964844,180.57229614257812,181.14999389648438,711443
2025-04-08 15:00:00+00:00,180.69000244140625,180.9600067138672,180.47000122070312,180.6300048828125,631300
2025-04-08 15:05:00+00:00,179.7274932861328,180.72999572753906,179.3300018310547,180.68499755859375,1050103
2025-04-08 15:10:00+00:00,178.86500549316406,179.83999633789062,178.5,179.75,920608
2025-04-08 15:15:00+00:00,179.0399932861328,179.07000732421875,178.5399932861328,178.8800048828125,724161
2025-04-08 15:20:00+00:00,178.58360290527344,179.64999389648438,178.44000244140625,179.0449981689453,809656
2025-04-08 15:25:00+00:00,178.1510009765625,178.91000366210938,178.1199951171875,178.5800018310547,612967
2025-04-08 15:30:00+00:00,178.02999877929688,178.5800018310547,177.85499572753906,178.14500427246094,798285
2025-04-08 15:35:00+00:00,178.7595977783203,178.75999450683594,177.58999633789062,178.00999450683594,917077
2025-04-08 15:40:00+00:00,178.75,179.10000610351562,178.5,178.77000427246094,635703
2025-04-08 15:45:00+00:00,178.16000366210938,179.16000366210938,178.02999877929688,178.72999572753906,487152
2025-04-08 15:50:00+00:00,178.08999633789062,178.2899932861328,177.60000610351562,178.17999267578125,463156
2025-04-08 15:55:00+00:00,178.36000061035156,178.5749969482422,177.83999633789062,178.1199951171875,379402
2025-04-08 16:00:00+00:00,178.02999877929688,178.36959838867188,177.7904052734375,178.36959838867188,400027
2025-04-08 16:05:00+00:00,178.12899780273438,178.47999572753906,177.77000427246094,178.08999633789062,850582
2025-04-08 16:10:00+00:00,178.0926971435547,178.78860473632812,178.0,178.1199951171875,744079
2025-04-08 16:15:00+00:00,176.8000030517578,178.11990356445312,176.75,178.0800018310547,862947
2025-04-08 16:20:00+00:00,176.35989379882812,177.0500030517578,176.0850067138672,176.8000030517578,713866
2025-04-08 16:25:00+00:00,177.16000366210938,177.19000244140625,176.11000061035156,176.32000732421875,597230
2025-04-08 16:30:00+00:00,176.25999450683594,177.44859313964844,176.0,177.14999389648438,839609
2025-04-08 16:35:00+00:00,175.4199981689453,176.62930297851562,175.22999572753906,176.22999572753906,765418
2025-04-08 16:40:00+00:00,175.8699951171875,176.0,175.02000427246094,175.44000244140625,686310
2025-04-08 16:45:00+00:00,176.6649932861328,177.55999755859375,175.6999969482422,175.8350067138672,923444
2025-04-08 16:50:00+00:00,176.42999267578125,176.9600067138672,176.15060424804688,176.6699981689453,554433
2025-04-08 16:55:00+00:00,175.44000244140625,177.1396026611328,175.38600158691406,176.43499755859375,793225
2025-04-08 17:00:00+00:00,175.535400390625,175.67999267578125,174.91000366210938,175.44000244140625,845739
2025-04-08 17:05:00+00:00,174.39999389648438,176.07000732421875,174.22000122070312,175.50999450683594,731877
2025-04-08 17:10:00+00:00,174.71499633789062,175.1199951171875,174.26499938964844,174.4199981689453,918469
2025-04-08 17:15:00+00:00,175.0850067138672,175.77000427246094,174.64999389648438,174.72999572753906,681123
2025-04-08 17:20:00+00:00,174.6300048828125,175.24000549316406,174.39999389648438,175.0399932861328,494410
2025-04-08 17:25:00+00:00,173.7274932861328,174.82000732421875,173.7100067138672,174.67999267578125,552994
2025-04-08 17:30:00+00:00,173.83999633789062,174.2550048828125,173.39999389648438,173.7100067138672,498462
2025-04-08 17:35:00+00:00,174.72999572753906,175.04969787597656,173.72000122070312,173.89999389648438,999616
2025-04-08 17:40:00+00:00,175.80499267578125,176.3000030517578,174.57000732421875,174.7050018310547,819508
2025-04-08 17:45:00+00:00,174.7196044921875,175.87860107421875,174.6999969482422,175.8249969482422,614087
2025-04-08 17:50:00+00:00,174.86000061035156,175.41000366210938,174.39999389648438,174.74989318847656,555438
2025-04-08 17:55:00+00:00,175.13999938964844,175.39999389648438,174.77000427246094,174.8538055419922,431893
2025-04-08 18:00:00+00:00,174.610107421875,175.1699981689453,174.5399932861328,175.11000061035156,385105
2025-04-08 18:05:00+00:00,174.26499938964844,174.63499450683594,173.97000122070312,174.63499450683594,430941
2025-04-08 18:10:00+00:00,173.92999267578125,174.47999572753906,173.6999969482422,174.27499389648438,339243
2025-04-08 18:15:00+00:00,175.1300048828125,175.33999633789062,173.8000030517578,173.91000366210938,545527
2025-04-08 18:20:00+00:00,174.66000366210938,175.26950073242188,174.47999572753906,175.14500427246094,414656
2025-04-08 18:25:00+00:00,173.9600067138672,174.72000122070312,173.74000549316406,174.6750030517578,493833
2025-04-08 18:30:00+00:00,173.94000244140625,175.57000732421875,173.7700958251953,173.99989318847656,1040255
2025-04-08 18:35:00+00:00,173.88999938964844,174.13999938964844,173.17999267578125,173.91000366210938,584958
2025-04-08 18:40:00+00:00,173.39259338378906,173.92999267578125,173.36000061035156,173.88499450683594,934203
2025-04-08 18:45:00+00:00,173.93499755859375,174.3699951171875,173.3800048828125,173.38999938964844,629099
2025-04-08 18:50:00+00:00,173.4199981689453,174.07000732421875,173.39999389648438,173.9355010986328,623315
2025-04-08 18:55:00+00:00,172.7449951171875,173.4600067138672,172.69000244140625,173.3800048828125,541906
2025-04-08 19:00:00+00:00,172.14999389648438,172.97999572753906,172.05499267578125,172.72999572753906,584389
2025-04-08 19:05:00+00:00,171.3341064453125,172.41000366210938,171.2100067138672,172.13009643554688,1003329
2025-04-08 19:10:00+00:00,170.2801055908203,171.5399932861328,170.22999572753906,171.32000732421875,1126741
2025-04-08 19:15:00+00:00,169.75,170.41000366210938,169.14999389648438,170.34500122070312,2223835
2025-04-08 19:20:00+00:00,171.02999877929688,171.11000061035156,169.6699981689453,169.72000122070312,1015518
2025-04-08 19:25:00+00:00,171.33999633789062,171.75999450683594,170.89999389648438,171.02000427246094,853092
2025-04-08 19:30:00+00:00,170.94000244140625,171.36000061035156,170.66000366210938,171.345703125,990167
2025-04-08 19:35:00+00:00,169.82000732421875,170.94000244140625,169.5601043701172,170.9199981689453,992045
2025-04-08 19:40:00+00:00,169.32000732421875,170.4199981689453,169.32000732421875,169.85000610351562,1118378
2025-04-08 19:45:00+00:00,168.80999755859375,169.63999938964844,168.77040100097656,169.33999633789062,1183941
2025-04-08 19:50:00+00:00,170.9199981689453,171.3800048828125,168.57000732421875,168.83999633789062,2199569
2025-04-08 19:55:00+00:00,171.08999633789062,171.33999633789062,169.8699951171875,170.86000061035156,3943352
2025-04-09 13:30:00+00:00,171.32000732421875,173.32640075683594,171.0399932861328,172.11500549316406,4817799
2025-04-09 13:35:00+00:00,173.4199981689453,173.4199981689453,171.1199951171875,171.3000030517578,1397670
2025-04-09 13:40:00+00:00,172.3000030517578,174.0399932861328,172.22999572753906,173.39500427246094,1568994
2025-04-09 13:45:00+00:00,173.36000061035156,173.41000366210938,171.72000122070312,172.1300048828125,1045510
2025-04-09 13:50:00+00:00,174.0,174.36019897460938,173.14999389648438,173.3699951171875,1263909
2025-04-09 13:55:00+00:00,173.8574981689453,174.28990173339844,173.39999389648438,173.96499633789062,898137
2025-04-09 14:00:00+00:00,174.59500122070312,175.50999450683594,174.30999755859375,174.8000030517578,1438828
2025-04-09 14:05:00+00:00,173.5050048828125,174.64999389648438,173.0399932861328,174.5800018310547,1106334
2025-04-09 14:10:00+00:00,172.80999755859375,174.24000549316406,172.4600067138672,173.51499938964844,886858
2025-04-09 14:15:00+00:00,173.97000122070312,174.16000366210938,172.7899932861328,172.79249572753906,811529
2025-04-09 14:20:00+00:00,173.9250030517578,174.64999389648438,173.2344970703125,174.00999450683594,788826
2025-04-09 14:25:00+00:00,173.60499572753906,174.00999450683594,172.0,173.9250030517578,1112760
2025-04-09 14:30:00+00:00,174.8699951171875,175.14999389648438,173.55999755859375,173.63999938964844,1470235
2025-04-09 14:35:00+00:00,173.97250366210938,175.01600646972656,173.6688995361328,174.83999633789062,746380
2025-04-09 14:40:00+00:00,173.4600067138672,174.08999633789062,173.34039306640625,173.96499633789062,731830
2025-04-09 14:45:00+00:00,172.55999755859375,173.66000366210938,172.3300018310547,173.47000122070312,809009
2025-04-09 14:50:00+00:00,171.6699981689453,172.83999633789062,171.19000244140625,172.55999755859375,1163820
2025-04-09 14:55:00+00:00,171.0399932861328,172.0,171.02000427246094,171.6699981689453,995225
2025-04-09 15:00:00+00:00,170.9199981689453,171.08999633789062,170.1300048828125,171.0449981689453,1424815
2025-04-09 15:05:00+00:00,171.9250030517578,172.3000030517578,170.83999633789062,170.9499053955078,767176
2025-04-09 15:10:00+00:00,171.8300018310547,172.05999755859375,171.46499633789062,171.97999572753906,566982
2025-04-09 15:15:00+00:00,172.7899932861328,172.8800048828125,171.8300018310547,171.8300018310547,655383
2025-04-09 15:20:00+00:00,172.99960327148438,173.0,172.48959350585938,172.75999450683594,587572
2025-04-09 15:25:00+00:00,171.68499755859375,173.0,171.66000366210938,173.0,722966
2025-04-09 15:30:00+00:00,171.17999267578125,172.08999633789062,170.9499969482422,171.68499755859375,693242
2025-04-09 15:35:00+00:00,171.0,171.67999267578125,170.84120178222656,171.14999389648438,558396
2025-04-09 15:40:00+00:00,170.74000549316406,171.22650146484375,170.61500549316406,170.99000549316406,400201
2025-04-09 15:45:00+00:00,171.83160400390625,172.2899932861328,170.75999450683594,170.77000427246094,786143
2025-04-09 15:50:00+00:00,171.1699981689453,172.05999755859375,170.8300018310547,171.83999633789062,529686
2025-04-09 15:55:00+00:00,170.5050048828125,171.25,170.3000030517578,171.1750030517578,596397
2025-04-09 16:00:00+00:00,170.09039306640625,170.7100067138672,169.94000244140625,170.49000549316406,817872
2025-04-09 16:05:00+00:00,171.1199951171875,171.35000610351562,170.02000427246094,170.11000061035156,463473
2025-04-09 16:10:00+00:00,171.92999267578125,172.11000061035156,171.02099609375,171.14010620117188,436898
2025-04-09 16:15:00+00:00,171.94000244140625,172.27999877929688,171.75,171.91000366210938,485019
2025-04-09 16:20:00+00:00,171.89500427246094,172.0,171.63499450683594,171.9499969482422,389503
2025-04-09 16:25:00+00:00,171.56500244140625,172.08999633789062,171.46800231933594,171.88499450683594,535763
2025-04-09 16:30:00+00:00,172.27000427246094,172.27000427246094,171.25999450683594,171.56500244140625,309067
2025-04-09 16:35:00+00:00,171.96499633789062,172.3300018310547,171.58999633789062,172.2899932861328,368440
2025-04-09 16:40:00+00:00,171.87989807128906,172.0,171.64999389648438,171.9600067138672,277928
2025-04-09 16:45:00+00:00,171.99000549316406,172.30999755859375,171.75,171.88909912109375,443877
2025-04-09 16:50:00+00:00,172.4199981689453,172.5,171.78500366210938,172.0,497606
2025-04-09 16:55:00+00:00,171.98959350585938,172.50999450683594,171.91009521484375,172.3988037109375,604761
2025-04-09 17:00:00+00:00,173.27000427246094,173.4398956298828,171.94000244140625,172.0,1280248
2025-04-09 17:05:00+00:00,172.0800018310547,173.25,171.9499969482422,173.25,766713
2025-04-09 17:10:00+00:00,171.97999572753906,172.16990661621094,171.67999267578125,172.10000610351562,553355
2025-04-09 17:15:00+00:00,176.67999267578125,176.9801025390625,170.1699981689453,171.9949951171875,2009020
2025-04-09 17:20:00+00:00,180.39999389648438,181.4499969482422,174.08999633789062,176.5399932861328,3520573
2025-04-09 17:25:00+00:00,181.27000427246094,185.97000122070312,180.3699951171875,180.3800048828125,3509950
2025-04-09 17:30:00+00:00,184.69500732421875,184.75,181.17999267578125,181.3000030517578,2393548
2025-04-09 17:35:00+00:00,182.76499938964844,186.22000122070312,182.7100067138672,184.67999267578125,2796788
2025-04-09 17:40:00+00:00,182.80999755859375,184.2100067138672,181.35110473632812,182.85000610351562,1704253
2025-04-09 17:45:00+00:00,184.27000427246094,185.47000122070312,182.2200927734375,182.85000610351562,1480506
2025-04-09 17:50:00+00:00,184.94000244140625,185.0,183.0200958251953,184.27999877929688,1550948
2025-04-09 17:55:00+00:00,186.08999633789062,186.3699951171875,184.17999267578125,184.94000244140625,1809913
2025-04-09 18:00:00+00:00,187.3498992919922,187.9199981689453,186.08999633789062,186.08999633789062,1978500
2025-04-09 18:05:00+00:00,186.44259643554688,187.57000732421875,185.3000030517578,187.36990356445312,1688717
2025-04-09 18:10:00+00:00,187.25999450683594,187.75,185.83999633789062,186.33999633789062,1346337
2025-04-09 18:15:00+00:00,186.5800018310547,187.72999572753906,186.49000549316406,187.28500366210938,1581744
2025-04-09 18:20:00+00:00,187.67999267578125,187.72999572753906,186.02000427246094,186.5800018310547,1446002
2025-04-09 18:25:00+00:00,188.38999938964844,188.7205047607422,187.27000427246094,187.67930603027344,1248658
2025-04-09 18:30:00+00:00,188.1199951171875,189.13999938964844,187.72000122070312,188.41000366210938,1878578
2025-04-09 18:35:00+00:00,188.15969848632812,188.81590270996094,187.85000610351562,188.10499572753906,850886
2025-04-09 18:40:00+00:00,186.7899932861328,188.60499572753906,186.4217987060547,188.11500549316406,1289122
2025-04-09 18:45:00+00:00,186.58999633789062,187.22999572753906,186.0,186.75,1212817
2025-04-09 18:50:00+00:00,186.9600067138672,187.6300048828125,186.39999389648438,186.59500122070312,959999
2025-04-09 18:55:00+00:00,186.10499572753906,187.19000244140625,185.85000610351562,186.97000122070312,1032304
2025-04-09 19:00:00+00:00,186.97000122070312,187.07000732421875,185.42999267578125,186.10499572753906,2089663
2025-04-09 19:05:00+00:00,186.47000122070312,187.41000366210938,186.0,186.9499969482422,808776
2025-04-09 19:10:00+00:00,187.88499450683594,187.97999572753906,186.4149932861328,186.49000549316406,987291
2025-04-09 19:15:00+00:00,188.3300018310547,188.3300018310547,187.02000427246094,187.91000366210938,1058583
2025-04-09 19:20:00+00:00,188.8699951171875,189.6898956298828,188.27000427246094,188.33999633789062,1546345
2025-04-09 19:25:00+00:00,189.33999633789062,189.7100067138672,188.57000732421875,188.875,1308026
2025-04-09 19:30:00+00:00,189.94940185546875,190.57000732421875,189.3300018310547,189.3300018310547,1602555
2025-04-09 19:35:00+00:00,189.76499938964844,190.17999267578125,188.75999450683594,189.9199981689453,1662091
2025-04-09 19:40:00+00:00,189.6999969482422,189.94000244140625,189.36000061035156,189.78250122070312,1042773
2025-04-09 19:45:00+00:00,190.36500549316406,190.46499633789062,188.97000122070312,189.6750030517578,1244760
2025-04-09 19:50:00+00:00,191.90499877929688,192.25,190.35450744628906,190.5,2831827
2025-04-09 19:55:00+00:00,190.9499969482422,192.63999938964844,190.47000122070312,191.85000610351562,5185380
2025-04-10 13:30:00+00:00,184.9499969482422,185.85000610351562,184.4499969482422,185.44000244140625,4565154
2025-04-10 13:35:00+00:00,185.77000427246094,186.39999389648438,184.89810180664062,184.9156036376953,1383110
2025-04-10 13:40:00+00:00,184.33999633789062,185.8000030517578,183.7490997314453,185.77999877929688,1095280
2025-04-10 13:45:00+00:00,185.86000061035156,186.0,184.69500732421875,184.77499389648438,930269
2025-04-10 13:50:00+00:00,185.02499389648438,186.07000732421875,184.6240997314453,185.82000732421875,660310
2025-04-10 13:55:00+00:00,184.33999633789062,185.25,184.22999572753906,184.97999572753906,682855
2025-04-10 14:00:00+00:00,184.69000244140625,184.77999877929688,183.39999389648438,184.3800048828125,834512
2025-04-10 14:05:00+00:00,184.89999389648438,185.08999633789062,183.89999389648438,184.72000122070312,745249
2025-04-10 14:10:00+00:00,184.36000061035156,184.88999938964844,183.75999450683594,184.88999938964844,551990
2025-04-10 14:15:00+00:00,184.49000549316406,184.9199981689453,184.22999572753906,184.32000732421875,471682
2025-04-10 14:20:00+00:00,184.92999267578125,185.16000366210938,183.75999450683594,184.49000549316406,541482
2025-04-10 14:25:00+00:00,184.59500122070312,185.57969665527344,184.50999450683594,184.92999267578125,511243
2025-04-10 14:30:00+00:00,186.375,186.39999389648438,184.61000061035156,184.64999389648438,561750
2025-04-10 14:35:00+00:00,186.25,186.57000732421875,185.9600067138672,186.27000427246094,610322
2025-04-10 14:40:00+00:00,185.58999633789062,186.86920166015625,185.41000366210938,186.22000122070312,624664
2025-04-10 14:45:00+00:00,184.4199981689453,185.7899932861328,184.14999389648438,185.64999389648438,704283
2025-04-10 14:50:00+00:00,184.1739959716797,184.68099975585938,183.89999389648438,184.36500549316406,651222
2025-04-10 14:55:00+00:00,182.81500244140625,184.4199981689453,182.74000549316406,184.1699981689453,793291
2025-04-10 15:00:00+00:00,182.5800018310547,183.0399932861328,182.2949981689453,182.81500244140625,826087
2025-04-10 15:05:00+00:00,184.09500122070312,184.13600158691406,182.5050048828125,182.61000061035156,595422
2025-04-10 15:10:00+00:00,183.1999969482422,184.14999389648438,183.0,184.07000732421875,420686
2025-04-10 15:15:00+00:00,183.18499755859375,183.3800048828125,182.9199981689453,183.1999969482422,387265
2025-04-10 15:20:00+00:00,182.99380493164062,183.3800048828125,182.6699981689453,183.17039489746094,323698
2025-04-10 15:25:00+00:00,182.5800018310547,183.20899963378906,182.5623016357422,182.9600067138672,390093
2025-04-10 15:30:00+00:00,181.9409942626953,182.85000610351562,181.50999450683594,182.60000610351562,796695
2025-04-10 15:35:00+00:00,181.80999755859375,182.0399932861328,181.5399932861328,181.9499969482422,540308
2025-04-10 15:40:00+00:00,180.8800048828125,182.17250061035156,180.77000427246094,181.80999755859375,762333
2025-04-10 15:45:00+00:00,181.06500244140625,181.5,180.8065948486328,180.87860107421875,546606
2025-04-10 15:50:00+00:00,181.02999877929688,181.10000610351562,180.1999969482422,181.0399932861328,699181
2025-04-10 15:55:00+00:00,179.4949951171875,181.10000610351562,179.44000244140625,181.02000427246094,923029
2025-04-10 16:00:00+00:00,178.71499633789062,179.92999267578125,178.6300048828125,179.47999572753906,1067453
2025-04-10 16:05:00+00:00,179.10499572753906,179.52499389648438,178.25,178.67999267578125,911901
2025-04-10 16:10:00+00:00,178.0399932861328,179.5399932861328,177.91000366210938,179.11000061035156,818023
2025-04-10 16:15:00+00:00,177.80999755859375,178.35000610351562,177.2100067138672,178.0,881373
2025-04-10 16:20:00+00:00,177.49600219726562,177.77499389648438,176.1300048828125,177.77000427246094,790981
2025-04-10 16:25:00+00:00,176.49000549316406,177.5800018310547,175.851806640625,177.47000122070312,923805
2025-04-10 16:30:00+00:00,177.88499450683594,177.99000549316406,176.32000732421875,176.47000122070312,882416
2025-04-10 16:35:00+00:00,178.57000732421875,178.8419952392578,177.4199981689453,177.83999633789062,801079
2025-04-10 16:40:00+00:00,178.77999877929688,179.0,178.1199951171875,178.61000061035156,733985
2025-04-10 16:45:00+00:00,178.94110107421875,179.24000549316406,177.49000549316406,178.77000427246094,726221
2025-04-10 16:50:00+00:00,178.50999450683594,179.24000549316406,178.2100067138672,178.99000549316406,558242
2025-04-10 16:55:00+00:00,179.58099365234375,179.85000610351562,178.42999267578125,178.42999267578125,532041
2025-04-10 17:00:00+00:00,179.77000427246094,181.60000610351562,178.9600067138672,179.55999755859375,1454259
2025-04-10 17:05:00+00:00,179.05999755859375,179.7550048828125,178.7899932861328,179.7550048828125,582595
2025-04-10 17:10:00+00:00,178.07000732421875,179.18919372558594,177.52999877929688,179.00999450683594,1632886
2025-04-10 17:15:00+00:00,178.24639892578125,178.47000122070312,177.6199951171875,177.9875030517578,462103
2025-04-10 17:20:00+00:00,178.4801025390625,178.66000366210938,177.0,178.1649932861328,584235
2025-04-10 17:25:00+00:00,180.2550048828125,180.38999938964844,178.44000244140625,178.55999755859375,582849
2025-04-10 17:30:00+00:00,180.01499938964844,180.66000366210938,179.85000610351562,180.22999572753906,593161
2025-04-10 17:35:00+00:00,180.0760040283203,180.89999389648438,179.88999938964844,179.97999572753906,411507
2025-04-10 17:40:00+00:00,181.21009826660156,181.3000030517578,179.9250030517578,180.0850067138672,538021
2025-04-10 17:45:00+00:00,180.9375,181.72999572753906,180.66000366210938,181.2100067138672,555870
2025-04-10 17:50:00+00:00,181.6300048828125,181.8376007080078,180.38999938964844,180.9324951171875,618142
2025-04-10 17:55:00+00:00,181.77000427246094,182.35330200195312,181.5330047607422,181.63999938964844,483191
2025-04-10 18:00:00+00:00,182.84979248046875,183.11000061035156,181.52000427246094,181.78500366210938,587401
2025-04-10 18:05:00+00:00,180.64230346679688,183.10000610351562,180.5500030517578,182.85000610351562,633097
2025-04-10 18:10:00+00:00,180.1280059814453,180.89999389648438,179.97689819335938,180.6199951171875,500986
2025-04-10 18:15:00+00:00,180.81500244140625,181.22000122070312,179.80819702148438,180.1300048828125,421425
2025-04-10 18:20:00+00:00,181.92999267578125,182.58999633789062,180.80810546875,180.83970642089844,488256
2025-04-10 18:25:00+00:00,182.8939971923828,183.0050048828125,181.6699981689453,181.93499755859375,526443
2025-04-10 18:30:00+00:00,182.10009765625,183.1999969482422,182.08999633789062,182.91000366210938,535481
2025-04-10 18:35:00+00:00,182.36000061035156,182.58990478515625,181.40020751953125,182.10000610351562,486115
2025-04-10 18:40:00+00:00,182.6999969482422,182.83999633789062,181.91720581054688,182.38999938964844,415276
2025-04-10 18:45:00+00:00,181.91000366210938,182.72999572753906,181.3800048828125,182.69000244140625,483874
2025-04-10 18:50:00+00:00,181.3300018310547,182.59429931640625,181.2100067138672,181.94020080566406,415133
2025-04-10 18:55:00+00:00,181.7449951171875,182.1699981689453,180.88999938964844,181.36000061035156,538317
2025-04-10 19:00:00+00:00,182.55999755859375,182.9600067138672,181.3000030517578,181.7899932861328,538903
2025-04-10 19:05:00+00:00,181.10000610351562,182.86000061035156,181.10000610351562,182.5915985107422,435286
2025-04-10 19:10:00+00:00,181.23899841308594,181.68800354003906,180.82000732421875,181.1300048828125,495215
2025-04-10 19:15:00+00:00,181.84500122070312,181.89999389648438,180.74000549316406,181.13999938964844,462801
2025-04-10 19:20:00+00:00,181.49000549316406,182.4199981689453,181.1999969482422,181.86000061035156,500700
2025-04-10 19:25:00+00:00,180.10000610351562,182.02000427246094,180.0594024658203,181.47999572753906,571926
2025-04-10 19:30:00+00:00,180.75,181.32919311523438,180.0,180.09500122070312,596604
2025-04-10 19:35:00+00:00,180.19000244140625,181.11000061035156,180.13999938964844,180.72000122070312,461633
2025-04-10 19:40:00+00:00,179.0050048828125,180.39999389648438,178.77000427246094,180.1750030517578,776442
2025-04-10 19:45:00+00:00,178.82000732421875,179.99000549316406,178.66000366210938,179.02000427246094,1000925
2025-04-10 19:50:00+00:00,181.30999755859375,181.44000244140625,178.61000061035156,178.72000122070312,1514386
2025-04-10 19:55:00+00:00,181.0399932861328,181.72000122070312,179.8699951171875,181.3000030517578,3359405
2025-04-11 13:30:00+00:00,179.8383026123047,180.5399932861328,179.00999450683594,179.9949951171875,2621599
2025-04-11 13:35:00+00:00,180.7722930908203,181.0,179.5800018310547,179.82620239257812,761981
2025-04-11 13:40:00+00:00,181.67999267578125,182.26220703125,179.93499755859375,180.77000427246094,985441
2025-04-11 13:45:00+00:00,181.9600067138672,182.22999572753906,181.4600067138672,181.6999969482422,782920
2025-04-11 13:50:00+00:00,182.30999755859375,182.52999877929688,181.4199981689453,181.9949951171875,698069
2025-04-11 13:55:00+00:00,181.36000061035156,182.36990356445312,181.1699981689453,182.36990356445312,564377
2025-04-11 14:00:00+00:00,180.86000061035156,181.38999938964844,179.6999969482422,181.3300018310547,969160
2025-04-11 14:05:00+00:00,181.57000732421875,182.0,180.61000061035156,180.8800048828125,639242
2025-04-11 14:10:00+00:00,180.72000122070312,181.81500244140625,180.02999877929688,181.64500427246094,616735
2025-04-11 14:15:00+00:00,179.75999450683594,181.3000030517578,179.67999267578125,180.6999969482422,599072
2025-04-11 14:20:00+00:00,178.9344940185547,179.78770446777344,178.19000244140625,179.78770446777344,833746
2025-04-11 14:25:00+00:00,178.27999877929688,179.1999969482422,178.13999938964844,178.92999267578125,477548
2025-04-11 14:30:00+00:00,179.5500030517578,179.69000244140625,178.0,178.32000732421875,739965
2025-04-11 14:35:00+00:00,179.7111053466797,179.86000061035156,179.19000244140625,179.52000427246094,377745
2025-04-11 14:40:00+00:00,180.3800048828125,180.43899536132812,179.3498992919922,179.7100067138672,425312
2025-04-11 14:45:00+00:00,180.51499938964844,181.07989501953125,180.35499572753906,180.36000061035156,833321
2025-04-11 14:50:00+00:00,180.0850067138672,180.48500061035156,179.69239807128906,180.48500061035156,314017
2025-04-11 14:55:00+00:00,179.3699951171875,180.23500061035156,179.3000030517578,180.0749969482422,336935
2025-04-11 15:00:00+00:00,179.1999969482422,180.9499969482422,179.0800018310547,179.35000610351562,586366
2025-04-11 15:05:00+00:00,179.1199951171875,179.25,178.39999389648438,179.13999938964844,570789
2025-04-11 15:10:00+00:00,178.5,179.32000732421875,178.46339416503906,179.11500549316406,396353
2025-04-11 15:15:00+00:00,178.5749969482422,178.8800048828125,178.1999969482422,178.47000122070312,382481
2025-04-11 15:20:00+00:00,178.7071075439453,179.22999572753906,178.53750610351562,178.58999633789062,498426
2025-04-11 15:25:00+00:00,179.52999877929688,179.7156982421875,178.6699981689453,178.73989868164062,411925
2025-04-11 15:30:00+00:00,179.87249755859375,180.02000427246094,179.3000030517578,179.52999877929688,394637
2025-04-11 15:35:00+00:00,180.7100067138672,180.8000030517578,179.58999633789062,179.90499877929688,399361
2025-04-11 15:40:00+00:00,180.39999389648438,180.7799072265625,180.01199340820312,180.71499633789062,240259
2025-04-11 15:45:00+00:00,180.38999938964844,180.72000122070312,180.17010498046875,180.41819763183594,355534
2025-04-11 15:50:00+00:00,180.33999633789062,180.57000732421875,179.94000244140625,180.38999938964844,298418
2025-04-11 15:55:00+00:00,181.01409912109375,181.1300048828125,180.27999877929688,180.33999633789062,332428
2025-04-11 16:00:00+00:00,180.85000610351562,181.1199951171875,180.5449981689453,181.0102996826172,295927
2025-04-11 16:05:00+00:00,180.8699951171875,181.38999938964844,180.7602996826172,180.81100463867188,318400
2025-04-11 16:10:00+00:00,181.2664031982422,181.5399932861328,180.8699951171875,180.8699951171875,325876
2025-04-11 16:15:00+00:00,181.39019775390625,181.61500549316406,180.9777069091797,181.2449951171875,310868
2025-04-11 16:20:00+00:00,180.88999938964844,181.4499969482422,180.85000610351562,181.3800048828125,182553
2025-04-11 16:25:00+00:00,181.22250366210938,181.27000427246094,180.5305938720703,180.8699951171875,626036
2025-04-11 16:30:00+00:00,182.24000549316406,182.42999267578125,181.22300720214844,181.24000549316406,394658
2025-04-11 16:35:00+00:00,182.7100067138672,182.97999572753906,182.22000122070312,182.2696990966797,421706
2025-04-11 16:40:00+00:00,183.05999755859375,183.24830627441406,182.52000427246094,182.72999572753906,379325
2025-04-11 16:45:00+00:00,183.6199951171875,183.639892578125,182.82000732421875,183.08999633789062,602194
2025-04-11 16:50:00+00:00,183.94000244140625,184.0399932861328,183.2808074951172,183.6199951171875,909375
2025-04-11 16:55:00+00:00,183.3946075439453,184.02000427246094,183.33999633789062,184.02000427246094,512139
2025-04-11 17:00:00+00:00,183.3800048828125,183.67999267578125,182.875,183.39700317382812,421584
2025-04-11 17:05:00+00:00,183.2100067138672,183.86000061035156,183.02000427246094,183.3603057861328,322053
2025-04-11 17:10:00+00:00,182.8699951171875,183.26499938964844,182.64999389648438,183.22500610351562,268516
2025-04-11 17:15:00+00:00,182.25,183.25,182.08999633789062,182.8699951171875,334795
2025-04-11 17:20:00+00:00,182.47999572753906,182.9799041748047,182.0,182.13999938964844,395659
2025-04-11 17:25:00+00:00,182.88999938964844,183.1199951171875,182.24000549316406,182.4600067138672,421895
2025-04-11 17:30:00+00:00,182.61500549316406,183.16000366210938,182.1699981689453,182.88999938964844,332310
2025-04-11 17:35:00+00:00,183.50999450683594,183.60000610351562,182.28500366210938,182.6199951171875,402066
2025-04-11 17:40:00+00:00,184.3000030517578,184.5,183.19000244140625,183.50999450683594,822008
2025-04-11 17:45:00+00:00,184.13999938964844,184.40989685058594,183.61500549316406,184.30499267578125,458198
2025-04-11 17:50:00+00:00,184.43499755859375,184.74000549316406,183.90499877929688,184.07000732421875,433194
2025-04-11 17:55:00+00:00,184.00999450683594,184.5449981689453,183.86000061035156,184.43499755859375,497002
2025-04-11 18:00:00+00:00,183.9499969482422,184.14999389648438,183.375,184.02499389648438,517868
2025-04-11 18:05:00+00:00,183.50999450683594,184.05999755859375,183.22999572753906,183.9250030517578,339251
2025-04-11 18:10:00+00:00,184.0,184.22999572753906,183.2899932861328,183.48500061035156,391841
2025-04-11 18:15:00+00:00,183.5500030517578,184.3112030029297,183.3000030517578,184.02000427246094,289259
2025-04-11 18:20:00+00:00,183.63499450683594,183.8800048828125,183.2899932861328,183.52999877929688,340602
2025-04-11 18:25:00+00:00,183.5749969482422,183.73800659179688,183.06500244140625,183.7100067138672,321004
2025-04-11 18:30:00+00:00,183.53860473632812,183.7899932861328,183.4149932861328,183.57000732421875,250159
2025-04-11 18:35:00+00:00,183.58999633789062,184.02000427246094,183.35000610351562,183.5,297065
2025-04-11 18:40:00+00:00,183.84500122070312,184.0,183.55999755859375,183.58999633789062,232742
2025-04-11 18:45:00+00:00,183.9600067138672,184.0500030517578,183.69000244140625,183.8699951171875,265047
2025-04-11 18:50:00+00:00,183.97500610351562,184.13999938964844,183.27499389648438,184.0,365422
2025-04-11 18:55:00+00:00,183.47999572753906,184.1199951171875,183.40499877929688,183.97999572753906,649248
2025-04-11 19:00:00+00:00,184.0399932861328,184.27000427246094,183.44000244140625,183.4600067138672,299624
2025-04-11 19:05:00+00:00,184.0601043701172,184.2100067138672,183.67999267578125,184.0449981689453,312137
2025-04-11 19:10:00+00:00,184.38499450683594,184.4250030517578,183.8300018310547,184.09939575195312,354444
2025-04-11 19:15:00+00:00,184.4199981689453,184.48199462890625,183.92999267578125,184.39999389648438,375941
2025-04-11 19:20:00+00:00,184.64999389648438,184.66819763183594,184.25999450683594,184.42999267578125,400851
2025-04-11 19:25:00+00:00,184.47999572753906,184.72999572753906,184.3300018310547,184.66000366210938,443581
2025-04-11 19:30:00+00:00,184.5970001220703,184.77000427246094,184.22000122070312,184.48500061035156,533306
2025-04-11 19:35:00+00:00,184.625,184.66000366210938,184.13999938964844,184.61000061035156,448079
2025-04-11 19:40:00+00:00,184.8699951171875,184.91000366210938,184.0,184.625,625343
2025-04-11 19:45:00+00:00,184.8300018310547,184.9199981689453,184.52090454101562,184.86000061035156,593894
2025-04-11 19:50:00+00:00,185.15499877929688,185.4499053955078,184.5800018310547,184.85000610351562,1601410
2025-04-11 19:55:00+00:00,184.7899932861328,185.86000061035156,184.5800018310547,185.1300048828125,3539636
