Price,Close,High,Low,Open,Volume
Ticker,INTC,INTC,INTC,INTC,INTC
Datetime,,,,,
2025-02-12 14:30:00+00:00,21.197500228881836,22.100000381469727,21.1200008392334,21.950000762939453,26457749
2025-02-12 14:35:00+00:00,21.2549991607666,21.280000686645508,20.93000030517578,21.190000534057617,5878564
2025-02-12 14:40:00+00:00,21.549999237060547,21.56999969482422,21.209999084472656,21.259300231933594,4403787
2025-02-12 14:45:00+00:00,21.639299392700195,21.790000915527344,21.489999771118164,21.549999237060547,4525112
2025-02-12 14:50:00+00:00,21.635000228881836,21.749300003051758,21.560100555419922,21.639999389648438,3213491
2025-02-12 14:55:00+00:00,21.690000534057617,21.719999313354492,21.559999465942383,21.6387996673584,2136651
2025-02-12 15:00:00+00:00,21.63909912109375,21.699899673461914,21.520000457763672,21.692699432373047,2449089
2025-02-12 15:05:00+00:00,21.4601993560791,21.700000762939453,21.450000762939453,21.635000228881836,2633851
2025-02-12 15:10:00+00:00,21.32699966430664,21.540000915527344,21.280000686645508,21.459999084472656,3373305
2025-02-12 15:15:00+00:00,21.520000457763672,21.56999969482422,21.309999465942383,21.325000762939453,2249781
2025-02-12 15:20:00+00:00,21.684999465942383,21.729999542236328,21.48200035095215,21.520000457763672,2134636
2025-02-12 15:25:00+00:00,21.6200008392334,21.780000686645508,21.57200050354004,21.684999465942383,3112663
2025-02-12 15:30:00+00:00,21.5408992767334,21.649999618530273,21.540000915527344,21.610000610351562,1209957
2025-02-12 15:35:00+00:00,21.469999313354492,21.549999237060547,21.405000686645508,21.545000076293945,2058903
2025-02-12 15:40:00+00:00,21.459999084472656,21.510000228881836,21.420000076293945,21.46500015258789,863537
2025-02-12 15:45:00+00:00,21.416900634765625,21.479999542236328,21.389999389648438,21.456600189208984,1215845
2025-02-12 15:50:00+00:00,21.379899978637695,21.459999084472656,21.28499984741211,21.415000915527344,1988301
2025-02-12 15:55:00+00:00,21.479900360107422,21.489999771118164,21.3700008392334,21.375,1452554
2025-02-12 16:00:00+00:00,21.524999618530273,21.59000015258789,21.46500015258789,21.475000381469727,1472896
2025-02-12 16:05:00+00:00,21.608299255371094,21.6200008392334,21.489999771118164,21.524999618530273,1162818
2025-02-12 16:10:00+00:00,21.584999084472656,21.670000076293945,21.55500030517578,21.610000610351562,1073689
2025-02-12 16:15:00+00:00,21.655000686645508,21.65999984741211,21.570100784301758,21.579999923706055,1222818
2025-02-12 16:20:00+00:00,21.709999084472656,21.75,21.610000610351562,21.655000686645508,1312333
2025-02-12 16:25:00+00:00,21.787200927734375,21.789899826049805,21.68000030517578,21.704999923706055,1649572
2025-02-12 16:30:00+00:00,21.80929946899414,21.860000610351562,21.739999771118164,21.78499984741211,1805677
2025-02-12 16:35:00+00:00,21.914899826049805,21.950000762939453,21.790000915527344,21.800100326538086,1592805
2025-02-12 16:40:00+00:00,21.950000762939453,21.950000762939453,21.854999542236328,21.919099807739258,1082280
2025-02-12 16:45:00+00:00,21.895000457763672,21.950000762939453,21.829999923706055,21.94499969482422,1201911
2025-02-12 16:50:00+00:00,21.8799991607666,21.940000534057617,21.860000610351562,21.895099639892578,931689
2025-02-12 16:55:00+00:00,21.95800018310547,21.969999313354492,21.8700008392334,21.8799991607666,1098703
2025-02-12 17:00:00+00:00,21.979700088500977,22.059999465942383,21.899999618530273,21.950000762939453,2281889
2025-02-12 17:05:00+00:00,21.979999542236328,22.010000228881836,21.940000534057617,21.970699310302734,731787
2025-02-12 17:10:00+00:00,21.924999237060547,22.0,21.894899368286133,21.989700317382812,897347
2025-02-12 17:15:00+00:00,21.899999618530273,21.959999084472656,21.87459945678711,21.920299530029297,760393
2025-02-12 17:20:00+00:00,21.920700073242188,21.959999084472656,21.895000457763672,21.895000457763672,829930
2025-02-12 17:25:00+00:00,21.8346004486084,21.928499221801758,21.799999237060547,21.928499221801758,1026287
2025-02-12 17:30:00+00:00,21.795000076293945,21.84000015258789,21.7450008392334,21.829999923706055,858914
2025-02-12 17:35:00+00:00,21.795000076293945,21.84000015258789,21.764999389648438,21.795000076293945,920087
2025-02-12 17:40:00+00:00,21.80500030517578,21.850000381469727,21.774999618530273,21.795000076293945,630519
2025-02-12 17:45:00+00:00,21.924999237060547,21.967199325561523,21.80120086669922,21.80500030517578,934924
2025-02-12 17:50:00+00:00,22.0049991607666,22.039899826049805,21.924999237060547,21.924999237060547,1094164
2025-02-12 17:55:00+00:00,21.96500015258789,22.020000457763672,21.959999084472656,22.0,682838
2025-02-12 18:00:00+00:00,21.915000915527344,21.989999771118164,21.902799606323242,21.96500015258789,796791
2025-02-12 18:05:00+00:00,21.999000549316406,22.010000228881836,21.8700008392334,21.920000076293945,1035292
2025-02-12 18:10:00+00:00,22.064899444580078,22.06999969482422,21.979999542236328,21.999900817871094,754510
2025-02-12 18:15:00+00:00,22.09000015258789,22.110000610351562,22.020000457763672,22.065000534057617,1621880
2025-02-12 18:20:00+00:00,22.05470085144043,22.110000610351562,22.049999237060547,22.094999313354492,903773
2025-02-12 18:25:00+00:00,22.110000610351562,22.155000686645508,22.049999237060547,22.049999237060547,1598677
2025-02-12 18:30:00+00:00,22.184999465942383,22.209999084472656,22.114999771118164,22.114999771118164,1250013
2025-02-12 18:35:00+00:00,22.190000534057617,22.209999084472656,22.155000686645508,22.184999465942383,1028694
2025-02-12 18:40:00+00:00,22.19499969482422,22.219999313354492,22.165000915527344,22.184999465942383,831291
2025-02-12 18:45:00+00:00,22.239999771118164,22.25,22.190000534057617,22.19499969482422,895325
2025-02-12 18:50:00+00:00,22.2450008392334,22.260000228881836,22.200000762939453,22.235000610351562,991698
2025-02-12 18:55:00+00:00,22.25,22.270000457763672,22.219999313354492,22.2450008392334,1162567
2025-02-12 19:00:00+00:00,22.248699188232422,22.25,22.170000076293945,22.25,856095
2025-02-12 19:05:00+00:00,22.235000610351562,22.25,22.19499969482422,22.25,977777
2025-02-12 19:10:00+00:00,22.309999465942383,22.309999465942383,22.229999542236328,22.232500076293945,1321184
2025-02-12 19:15:00+00:00,22.249900817871094,22.329999923706055,22.239999771118164,22.30500030517578,1253700
2025-02-12 19:20:00+00:00,22.204999923706055,22.25,22.18000030517578,22.2450008392334,1126663
2025-02-12 19:25:00+00:00,22.25659942626953,22.280000686645508,22.190000534057617,22.200000762939453,1054822
2025-02-12 19:30:00+00:00,22.28499984741211,22.28499984741211,22.235000610351562,22.257699966430664,644242
2025-02-12 19:35:00+00:00,22.30500030517578,22.326499938964844,22.270000457763672,22.28190040588379,774916
2025-02-12 19:40:00+00:00,22.264999389648438,22.329999923706055,22.260000228881836,22.30389976501465,1041669
2025-02-12 19:45:00+00:00,22.235000610351562,22.290000915527344,22.219999313354492,22.264999389648438,1089488
2025-02-12 19:50:00+00:00,22.22260093688965,22.299999237060547,22.219999313354492,22.235000610351562,755353
2025-02-12 19:55:00+00:00,22.280000686645508,22.290000915527344,22.219999313354492,22.22330093383789,835722
2025-02-12 20:00:00+00:00,22.225000381469727,22.290000915527344,22.219999313354492,22.280000686645508,877876
2025-02-12 20:05:00+00:00,22.239999771118164,22.247400283813477,22.209999084472656,22.222700119018555,880548
2025-02-12 20:10:00+00:00,22.25860023498535,22.270000457763672,22.229999542236328,22.231199264526367,651636
2025-02-12 20:15:00+00:00,22.24370002746582,22.270000457763672,22.229999542236328,22.25349998474121,645536
2025-02-12 20:20:00+00:00,22.2450008392334,22.280000686645508,22.239999771118164,22.24020004272461,878981
2025-02-12 20:25:00+00:00,22.159900665283203,22.25,22.139999389648438,22.2450008392334,1787716
2025-02-12 20:30:00+00:00,22.2450008392334,22.260000228881836,22.149999618530273,22.155000686645508,1403331
2025-02-12 20:35:00+00:00,22.375,22.389999389648438,22.235000610351562,22.240100860595703,4193466
2025-02-12 20:40:00+00:00,22.411399841308594,22.424999237060547,22.360000610351562,22.37969970703125,2335482
2025-02-12 20:45:00+00:00,22.453500747680664,22.459999084472656,22.38010025024414,22.415000915527344,2151107
2025-02-12 20:50:00+00:00,22.525400161743164,22.530000686645508,22.420000076293945,22.454999923706055,4702368
2025-02-12 20:55:00+00:00,22.489999771118164,22.559999465942383,22.459999084472656,22.530000686645508,7797159
2025-02-13 14:30:00+00:00,23.597999572753906,23.610000610351562,22.790000915527344,22.815000534057617,18958708
2025-02-13 14:35:00+00:00,23.975000381469727,24.0,23.565000534057617,23.59939956665039,9728275
2025-02-13 14:40:00+00:00,23.80500030517578,24.079999923706055,23.739999771118164,23.979999542236328,6783981
2025-02-13 14:45:00+00:00,24.024999618530273,24.030000686645508,23.720199584960938,23.809999465942383,5328113
2025-02-13 14:50:00+00:00,24.059999465942383,24.170000076293945,23.969999313354492,24.024999618530273,6474825
2025-02-13 14:55:00+00:00,24.469999313354492,24.469999313354492,24.060100555419922,24.06909942626953,8789425
2025-02-13 15:00:00+00:00,24.79990005493164,24.829999923706055,24.400699615478516,24.460100173950195,9535944
2025-02-13 15:05:00+00:00,24.674999237060547,24.80500030517578,24.415000915527344,24.79509925842285,7701126
2025-02-13 15:10:00+00:00,24.304500579833984,24.68000030517578,24.190000534057617,24.674999237060547,6647959
2025-02-13 15:15:00+00:00,24.334999084472656,24.485000610351562,24.200000762939453,24.308000564575195,4413373
2025-02-13 15:20:00+00:00,24.324899673461914,24.439199447631836,24.260000228881836,24.334999084472656,9278952
2025-02-13 15:25:00+00:00,24.334999084472656,24.43000030517578,24.280000686645508,24.325000762939453,2260790
2025-02-13 15:30:00+00:00,24.299999237060547,24.3700008392334,24.170000076293945,24.330799102783203,3259570
2025-02-13 15:35:00+00:00,24.31599998474121,24.37070083618164,24.149999618530273,24.299999237060547,2715201
2025-02-13 15:40:00+00:00,24.29010009765625,24.399999618530273,24.239999771118164,24.315000534057617,3336215
2025-02-13 15:45:00+00:00,24.315000534057617,24.360000610351562,24.260000228881836,24.298900604248047,2032593
2025-02-13 15:50:00+00:00,24.429899215698242,24.43000030517578,24.270000457763672,24.313100814819336,1527640
2025-02-13 15:55:00+00:00,24.329999923706055,24.5,24.299999237060547,24.43000030517578,2972139
2025-02-13 16:00:00+00:00,24.38050079345703,24.485000610351562,24.325000762939453,24.325000762939453,1660589
2025-02-13 16:05:00+00:00,24.24250030517578,24.399999618530273,24.209999084472656,24.3799991607666,2712853
2025-02-13 16:10:00+00:00,24.389999389648438,24.43000030517578,24.239999771118164,24.241199493408203,1971743
2025-02-13 16:15:00+00:00,24.405000686645508,24.420000076293945,24.3031005859375,24.395000457763672,1827030
2025-02-13 16:20:00+00:00,24.385000228881836,24.420000076293945,24.299999237060547,24.405000686645508,1411862
2025-02-13 16:25:00+00:00,24.315000534057617,24.389999389648438,24.280000686645508,24.385000228881836,1648707
2025-02-13 16:30:00+00:00,24.34709930419922,24.350000381469727,24.260000228881836,24.315000534057617,1169047
2025-02-13 16:35:00+00:00,24.360000610351562,24.40999984741211,24.299999237060547,24.344999313354492,1736259
2025-02-13 16:40:00+00:00,24.41200065612793,24.469999313354492,24.344999313354492,24.35740089416504,1846318
2025-02-13 16:45:00+00:00,24.59000015258789,24.599899291992188,24.399999618530273,24.415000915527344,2654346
2025-02-13 16:50:00+00:00,24.614999771118164,24.659900665283203,24.549999237060547,24.590999603271484,1745222
2025-02-13 16:55:00+00:00,24.57110023498535,24.61989974975586,24.489999771118164,24.610000610351562,1540718
2025-02-13 17:00:00+00:00,24.434999465942383,24.57379913330078,24.43000030517578,24.57379913330078,1739900
2025-02-13 17:05:00+00:00,24.40999984741211,24.520000457763672,24.3799991607666,24.43000030517578,1462407
2025-02-13 17:10:00+00:00,24.3612003326416,24.418500900268555,24.299999237060547,24.415800094604492,1982440
2025-02-13 17:15:00+00:00,24.30500030517578,24.375,24.299999237060547,24.364999771118164,1462588
2025-02-13 17:20:00+00:00,24.19499969482422,24.329999923706055,24.18000030517578,24.30500030517578,1616617
2025-02-13 17:25:00+00:00,24.310100555419922,24.34000015258789,24.170000076293945,24.19499969482422,1417177
2025-02-13 17:30:00+00:00,24.514999389648438,24.53499984741211,24.29010009765625,24.31529998779297,1895049
2025-02-13 17:35:00+00:00,24.6200008392334,24.6299991607666,24.510000228881836,24.514999389648438,2463653
2025-02-13 17:40:00+00:00,24.725000381469727,24.770000457763672,24.610000610351562,24.625,2130332
2025-02-13 17:45:00+00:00,24.768800735473633,24.799999237060547,24.635000228881836,24.724700927734375,2199815
2025-02-13 17:50:00+00:00,24.739999771118164,24.780000686645508,24.709999084472656,24.770000457763672,1619838
2025-02-13 17:55:00+00:00,24.770000457763672,24.780000686645508,24.600099563598633,24.7450008392334,2753219
2025-02-13 18:00:00+00:00,24.7450008392334,24.770000457763672,24.68000030517578,24.76490020751953,1113132
2025-02-13 18:05:00+00:00,24.682100296020508,24.75,24.6299991607666,24.75,1453438
2025-02-13 18:10:00+00:00,24.71500015258789,24.739999771118164,24.65999984741211,24.684999465942383,1136876
2025-02-13 18:15:00+00:00,24.669300079345703,24.760000228881836,24.610000610351562,24.709999084472656,1590241
2025-02-13 18:20:00+00:00,24.655000686645508,24.709999084472656,24.590099334716797,24.665000915527344,1103498
2025-02-13 18:25:00+00:00,24.594999313354492,24.65999984741211,24.523000717163086,24.655000686645508,1566401
2025-02-13 18:30:00+00:00,24.540000915527344,24.604999542236328,24.450199127197266,24.594999313354492,1468040
2025-02-13 18:35:00+00:00,24.57159996032715,24.610000610351562,24.4950008392334,24.540000915527344,1418573
2025-02-13 18:40:00+00:00,24.46500015258789,24.639999389648438,24.3700008392334,24.575000762939453,2616960
2025-02-13 18:45:00+00:00,24.309999465942383,24.459999084472656,24.299999237060547,24.459999084472656,2191874
2025-02-13 18:50:00+00:00,24.4689998626709,24.469999313354492,24.260000228881836,24.315000534057617,2946239
2025-02-13 18:55:00+00:00,24.540000915527344,24.545000076293945,24.440000534057617,24.46500015258789,1899904
2025-02-13 19:00:00+00:00,24.59000015258789,24.6299991607666,24.5,24.53499984741211,1971398
2025-02-13 19:05:00+00:00,24.565000534057617,24.625,24.540000915527344,24.584999084472656,2167088
2025-02-13 19:10:00+00:00,24.711000442504883,24.799999237060547,24.559999465942383,24.565000534057617,2626498
2025-02-13 19:15:00+00:00,24.748899459838867,24.780000686645508,24.670000076293945,24.717899322509766,1732449
2025-02-13 19:20:00+00:00,24.704999923706055,24.760000228881836,24.65999984741211,24.75,1541360
2025-02-13 19:25:00+00:00,24.674400329589844,24.764999389648438,24.65999984741211,24.704999923706055,1367166
2025-02-13 19:30:00+00:00,24.725000381469727,24.75,24.68000030517578,24.68000030517578,929006
2025-02-13 19:35:00+00:00,24.642499923706055,24.729999542236328,24.6200008392334,24.725000381469727,1110686
2025-02-13 19:40:00+00:00,24.56999969482422,24.649999618530273,24.565000534057617,24.645000457763672,1027780
2025-02-13 19:45:00+00:00,24.6028995513916,24.639999389648438,24.55500030517578,24.559999465942383,954599
2025-02-13 19:50:00+00:00,24.645000457763672,24.649999618530273,24.600000381469727,24.610000610351562,836241
2025-02-13 19:55:00+00:00,24.350000381469727,24.690000534057617,24.170000076293945,24.645000457763672,6591268
2025-02-13 20:00:00+00:00,24.501399993896484,24.559999465942383,24.295000076293945,24.34000015258789,3240980
2025-02-13 20:05:00+00:00,24.510000228881836,24.55500030517578,24.36009979248047,24.506200790405273,2115102
2025-02-13 20:10:00+00:00,24.565000534057617,24.579999923706055,24.489999771118164,24.5049991607666,1611480
2025-02-13 20:15:00+00:00,24.514999389648438,24.58989906311035,24.479999542236328,24.562599182128906,1158555
2025-02-13 20:20:00+00:00,24.391599655151367,24.540000915527344,24.350000381469727,24.514999389648438,1477421
2025-02-13 20:25:00+00:00,24.354999542236328,24.420000076293945,24.329999923706055,24.395000457763672,1458195
2025-02-13 20:30:00+00:00,24.207199096679688,24.360000610351562,24.200000762939453,24.354999542236328,2526301
2025-02-13 20:35:00+00:00,24.06999969482422,24.22559928894043,24.06999969482422,24.204999923706055,3043156
2025-02-13 20:40:00+00:00,24.014999389648438,24.09000015258789,23.920000076293945,24.07990074157715,3944452
2025-02-13 20:45:00+00:00,24.06999969482422,24.100000381469727,23.975000381469727,24.010000228881836,2536275
2025-02-13 20:50:00+00:00,24.204999923706055,24.209999084472656,24.075000762939453,24.075000762939453,3839268
2025-02-13 20:55:00+00:00,24.110000610351562,24.209999084472656,24.09000015258789,24.204999923706055,6094499
2025-02-14 14:30:00+00:00,24.55500030517578,24.575000762939453,24.219999313354492,24.360000610351562,19508224
2025-02-14 14:35:00+00:00,24.891399383544922,24.959999084472656,24.540000915527344,24.559999465942383,7052102
2025-02-14 14:40:00+00:00,24.969999313354492,24.989999771118164,24.67009925842285,24.895000457763672,5553042
2025-02-14 14:45:00+00:00,25.02079963684082,25.190000534057617,24.889999389648438,24.979999542236328,6755205
2025-02-14 14:50:00+00:00,24.459999084472656,25.020000457763672,24.280000686645508,25.020000457763672,7254969
2025-02-14 14:55:00+00:00,23.98539924621582,24.530000686645508,23.770000457763672,24.45989990234375,8185656
2025-02-14 15:00:00+00:00,23.639999389648438,24.149999618530273,23.584999084472656,23.989999771118164,6466043
2025-02-14 15:05:00+00:00,23.370500564575195,23.770000457763672,23.25,23.649999618530273,8182793
2025-02-14 15:10:00+00:00,23.515100479125977,23.629899978637695,23.280099868774414,23.3700008392334,4374176
2025-02-14 15:15:00+00:00,23.290000915527344,23.520000457763672,23.1200008392334,23.51129913330078,5081051
2025-02-14 15:20:00+00:00,23.260000228881836,23.437999725341797,23.229999542236328,23.290000915527344,3005349
2025-02-14 15:25:00+00:00,23.174999237060547,23.29990005493164,22.93000030517578,23.260099411010742,5681863
2025-02-14 15:30:00+00:00,23.159799575805664,23.25,23.06999969482422,23.172000885009766,3049349
2025-02-14 15:35:00+00:00,22.915000915527344,23.209999084472656,22.899999618530273,23.15999984741211,4545604
2025-02-14 15:40:00+00:00,23.075000762939453,23.079999923706055,22.860000610351562,22.920000076293945,3291831
2025-02-14 15:45:00+00:00,22.954999923706055,23.110000610351562,22.940000534057617,23.06999969482422,2295746
2025-02-14 15:50:00+00:00,23.091100692749023,23.1299991607666,22.920000076293945,22.954999923706055,2324200
2025-02-14 15:55:00+00:00,23.295000076293945,23.3700008392334,23.093799591064453,23.094999313354492,3557944
2025-02-14 16:00:00+00:00,23.184999465942383,23.309900283813477,23.1200008392334,23.299999237060547,2045496
2025-02-14 16:05:00+00:00,23.140100479125977,23.199899673461914,23.09000015258789,23.18000030517578,1471786
2025-02-14 16:10:00+00:00,23.145000457763672,23.18000030517578,23.049999237060547,23.145000457763672,1653913
2025-02-14 16:15:00+00:00,23.084999084472656,23.200000762939453,23.059999465942383,23.14859962463379,1492776
2025-02-14 16:20:00+00:00,23.235000610351562,23.338300704956055,23.049999237060547,23.084999084472656,1984060
2025-02-14 16:25:00+00:00,23.313800811767578,23.360000610351562,23.225000381469727,23.229999542236328,1886863
2025-02-14 16:30:00+00:00,23.319900512695312,23.399999618530273,23.290000915527344,23.31879997253418,1502360
2025-02-14 16:35:00+00:00,23.315000534057617,23.3700008392334,23.260700225830078,23.31999969482422,1043610
2025-02-14 16:40:00+00:00,23.335100173950195,23.418399810791016,23.309999465942383,23.309999465942383,1450947
2025-02-14 16:45:00+00:00,23.30500030517578,23.389999389648438,23.280000686645508,23.334999084472656,1154169
2025-02-14 16:50:00+00:00,23.2450008392334,23.385000228881836,23.225000381469727,23.30500030517578,1463590
2025-02-14 16:55:00+00:00,23.2450008392334,23.309999465942383,23.219999313354492,23.2450008392334,974255
2025-02-14 17:00:00+00:00,23.340900421142578,23.354999542236328,23.229999542236328,23.2450008392334,896753
2025-02-14 17:05:00+00:00,23.43000030517578,23.43000030517578,23.309999465942383,23.349899291992188,1048319
2025-02-14 17:10:00+00:00,23.3700008392334,23.448999404907227,23.34000015258789,23.424999237060547,1226012
2025-02-14 17:15:00+00:00,23.315000534057617,23.389999389648438,23.290700912475586,23.375,883315
2025-02-14 17:20:00+00:00,23.302799224853516,23.350000381469727,23.295000076293945,23.311100006103516,566974
2025-02-14 17:25:00+00:00,23.280000686645508,23.31999969482422,23.18000030517578,23.30500030517578,1061260
2025-02-14 17:30:00+00:00,23.424999237060547,23.434999465942383,23.260000228881836,23.280000686645508,1514553
2025-02-14 17:35:00+00:00,23.354400634765625,23.450000762939453,23.329999923706055,23.43000030517578,1302669
2025-02-14 17:40:00+00:00,23.274999618530273,23.3799991607666,23.270000457763672,23.354999542236328,801936
2025-02-14 17:45:00+00:00,23.37350082397461,23.399999618530273,23.270000457763672,23.274999618530273,962317
2025-02-14 17:50:00+00:00,23.354999542236328,23.42770004272461,23.34000015258789,23.375,845715
2025-02-14 17:55:00+00:00,23.391599655151367,23.399999618530273,23.34000015258789,23.354999542236328,544380
2025-02-14 18:00:00+00:00,23.32069969177246,23.399999618530273,23.31999969482422,23.39859962463379,604145
2025-02-14 18:05:00+00:00,23.325000762939453,23.34000015258789,23.270000457763672,23.325000762939453,773403
2025-02-14 18:10:00+00:00,23.44499969482422,23.450000762939453,23.31999969482422,23.325000762939453,637716
2025-02-14 18:15:00+00:00,23.360000610351562,23.479999542236328,23.360000610351562,23.444900512695312,910370
2025-02-14 18:20:00+00:00,23.325000762939453,23.368499755859375,23.295000076293945,23.364999771118164,582408
2025-02-14 18:25:00+00:00,23.383899688720703,23.40999984741211,23.310100555419922,23.325000762939453,416912
2025-02-14 18:30:00+00:00,23.469100952148438,23.479999542236328,23.3799991607666,23.385099411010742,510909
2025-02-14 18:35:00+00:00,23.4153995513916,23.489999771118164,23.389999389648438,23.46500015258789,858937
2025-02-14 18:40:00+00:00,23.389999389648438,23.450000762939453,23.360000610351562,23.420000076293945,925279
2025-02-14 18:45:00+00:00,23.36009979248047,23.399999618530273,23.360000610351562,23.390199661254883,479556
2025-02-14 18:50:00+00:00,24.239999771118164,24.260000228881836,23.31999969482422,23.361499786376953,10754281
2025-02-14 18:55:00+00:00,23.774999618530273,24.270000457763672,23.600099563598633,24.239999771118164,8217784
2025-02-14 19:00:00+00:00,23.594999313354492,23.790000915527344,23.450000762939453,23.780000686645508,4620138
2025-02-14 19:05:00+00:00,23.770700454711914,23.864999771118164,23.579999923706055,23.594999313354492,3499376
2025-02-14 19:10:00+00:00,23.700000762939453,23.809999465942383,23.639999389648438,23.774900436401367,1795212
2025-02-14 19:15:00+00:00,23.4950008392334,23.69499969482422,23.469999313354492,23.69499969482422,2423664
2025-02-14 19:20:00+00:00,23.399999618530273,23.520000457763672,23.350000381469727,23.490800857543945,2547596
2025-02-14 19:25:00+00:00,23.209999084472656,23.408899307250977,23.209999084472656,23.408599853515625,2448567
2025-02-14 19:30:00+00:00,23.150800704956055,23.299999237060547,23.125,23.209999084472656,2630235
2025-02-14 19:35:00+00:00,23.210100173950195,23.25,23.064899444580078,23.15999984741211,1818459
2025-02-14 19:40:00+00:00,23.225000381469727,23.2450008392334,23.1200008392334,23.21500015258789,1248423
2025-02-14 19:45:00+00:00,23.274599075317383,23.299999237060547,23.219999313354492,23.225299835205078,1066398
2025-02-14 19:50:00+00:00,23.315000534057617,23.31999969482422,23.209999084472656,23.270000457763672,1215408
2025-02-14 19:55:00+00:00,23.355100631713867,23.360000610351562,23.270000457763672,23.315000534057617,1212861
2025-02-14 20:00:00+00:00,23.350000381469727,23.36989974975586,23.30500030517578,23.350000381469727,920595
2025-02-14 20:05:00+00:00,23.295000076293945,23.385000228881836,23.270000457763672,23.360000610351562,1259080
2025-02-14 20:10:00+00:00,23.375,23.385000228881836,23.270000457763672,23.295000076293945,1093527
2025-02-14 20:15:00+00:00,23.440000534057617,23.469999313354492,23.360000610351562,23.375,2089419
2025-02-14 20:20:00+00:00,23.674999237060547,23.739999771118164,23.440000534057617,23.44499969482422,2703120
2025-02-14 20:25:00+00:00,23.680099487304688,23.719999313354492,23.610000610351562,23.674999237060547,1616426
2025-02-14 20:30:00+00:00,23.63319969177246,23.71500015258789,23.6200008392334,23.68079948425293,1531503
2025-02-14 20:35:00+00:00,23.7450008392334,23.789899826049805,23.600000381469727,23.63249969482422,2109546
2025-02-14 20:40:00+00:00,23.645000457763672,23.749900817871094,23.610200881958008,23.7450008392334,1218262
2025-02-14 20:45:00+00:00,23.594999313354492,23.684999465942383,23.540000915527344,23.645000457763672,2029269
2025-02-14 20:50:00+00:00,23.545000076293945,23.614999771118164,23.5216007232666,23.600000381469727,2456261
2025-02-14 20:55:00+00:00,23.610000610351562,23.639999389648438,23.520000457763672,23.545000076293945,9522761
2025-02-18 14:30:00+00:00,25.410900115966797,25.440000534057617,24.490999221801758,24.604999542236328,24372761
2025-02-18 14:35:00+00:00,25.81999969482422,25.81999969482422,25.075000762939453,25.40999984741211,8874655
2025-02-18 14:40:00+00:00,25.42930030822754,25.959999084472656,25.420000076293945,25.809999465942383,9212509
2025-02-18 14:45:00+00:00,25.2549991607666,25.40999984741211,25.059999465942383,25.280000686645508,6613627
2025-02-18 14:50:00+00:00,25.628599166870117,25.649999618530273,25.17490005493164,25.2549991607666,5828760
2025-02-18 14:55:00+00:00,25.559999465942383,25.68000030517578,25.43160057067871,25.6200008392334,4246819
2025-02-18 15:00:00+00:00,25.489999771118164,25.649999618530273,25.420000076293945,25.540000915527344,3773383
2025-02-18 15:05:00+00:00,25.885000228881836,25.920000076293945,25.489999771118164,25.499300003051758,6222880
2025-02-18 15:10:00+00:00,25.91010093688965,26.06999969482422,25.760000228881836,25.88089942932129,7218584
2025-02-18 15:15:00+00:00,25.739900588989258,26.09000015258789,25.700000762939453,25.920000076293945,4553096
2025-02-18 15:20:00+00:00,26.045000076293945,26.079999923706055,25.68000030517578,25.735000610351562,8212877
2025-02-18 15:25:00+00:00,26.08989906311035,26.239999771118164,25.969999313354492,26.040000915527344,5711533
2025-02-18 15:30:00+00:00,25.985000610351562,26.209999084472656,25.96500015258789,26.079999923706055,3816470
2025-02-18 15:35:00+00:00,26.114999771118164,26.135000228881836,25.8700008392334,25.989999771118164,3642847
2025-02-18 15:40:00+00:00,25.760000228881836,26.1299991607666,25.729999542236328,26.110000610351562,2761037
2025-02-18 15:45:00+00:00,25.833499908447266,25.93000030517578,25.69499969482422,25.764999389648438,2476302
2025-02-18 15:50:00+00:00,25.791000366210938,25.909700393676758,25.729999542236328,25.829999923706055,1867241
2025-02-18 15:55:00+00:00,26.02389907836914,26.030000686645508,25.795000076293945,25.795000076293945,2611408
2025-02-18 16:00:00+00:00,25.985000610351562,26.09000015258789,25.8700008392334,26.024999618530273,1521417
2025-02-18 16:05:00+00:00,25.924999237060547,26.0,25.81999969482422,25.985000610351562,1552249
2025-02-18 16:10:00+00:00,26.07990074157715,26.09000015258789,25.889999389648438,25.929899215698242,1632261
2025-02-18 16:15:00+00:00,25.975000381469727,26.094999313354492,25.969999313354492,26.079700469970703,1507860
2025-02-18 16:20:00+00:00,25.899499893188477,25.979999542236328,25.850000381469727,25.975000381469727,1607788
2025-02-18 16:25:00+00:00,25.915000915527344,25.940000534057617,25.829999923706055,25.895000457763672,1495322
2025-02-18 16:30:00+00:00,25.764999389648438,25.950000762939453,25.760000228881836,25.90999984741211,1793121
2025-02-18 16:35:00+00:00,25.700000762939453,25.915000915527344,25.700000762939453,25.770000457763672,2004212
2025-02-18 16:40:00+00:00,25.707700729370117,25.809999465942383,25.639999389648438,25.700000762939453,2723172
2025-02-18 16:45:00+00:00,25.802200317382812,25.809999465942383,25.649999618530273,25.68000030517578,1962778
2025-02-18 16:50:00+00:00,25.90999984741211,25.934999465942383,25.799999237060547,25.80500030517578,1486634
2025-02-18 16:55:00+00:00,25.989999771118164,26.0049991607666,25.889999389648438,25.915000915527344,1789133
2025-02-18 17:00:00+00:00,26.204999923706055,26.235000610351562,25.979999542236328,25.98200035095215,3005257
2025-02-18 17:05:00+00:00,26.084999084472656,26.25,26.079999923706055,26.204999923706055,2027211
2025-02-18 17:10:00+00:00,26.05500030517578,26.100000381469727,26.020000457763672,26.084999084472656,1305242
2025-02-18 17:15:00+00:00,25.96500015258789,26.110000610351562,25.959999084472656,26.049999237060547,1527125
2025-02-18 17:20:00+00:00,25.825000762939453,26.010000228881836,25.780000686645508,25.96500015258789,1495028
2025-02-18 17:25:00+00:00,25.71489906311035,25.82819938659668,25.690000534057617,25.825000762939453,1504231
2025-02-18 17:30:00+00:00,25.829999923706055,25.84000015258789,25.71500015258789,25.71500015258789,1473724
2025-02-18 17:35:00+00:00,25.935800552368164,25.939899444580078,25.770000457763672,25.834999084472656,1096151
2025-02-18 17:40:00+00:00,25.915000915527344,26.07990074157715,25.899999618530273,25.934999465942383,1894729
2025-02-18 17:45:00+00:00,26.0,26.019899368286133,25.90999984741211,25.915000915527344,877374
2025-02-18 17:50:00+00:00,26.030000686645508,26.079999923706055,25.9950008392334,25.9950008392334,1238850
2025-02-18 17:55:00+00:00,26.030000686645508,26.159099578857422,26.0,26.030000686645508,1459814
2025-02-18 18:00:00+00:00,26.06089973449707,26.100000381469727,26.0,26.030099868774414,1089008
2025-02-18 18:05:00+00:00,26.114999771118164,26.170000076293945,26.040000915527344,26.065000534057617,1113621
2025-02-18 18:10:00+00:00,26.06999969482422,26.1299991607666,26.040000915527344,26.11199951171875,824573
2025-02-18 18:15:00+00:00,26.020000457763672,26.100000381469727,26.010000228881836,26.0718994140625,857247
2025-02-18 18:20:00+00:00,26.139999389648438,26.190000534057617,25.899999618530273,26.020000457763672,2285108
2025-02-18 18:25:00+00:00,26.149999618530273,26.209999084472656,26.114999771118164,26.148700714111328,1688406
2025-02-18 18:30:00+00:00,26.09000015258789,26.149999618530273,26.014999389648438,26.149999618530273,1206348
2025-02-18 18:35:00+00:00,26.110000610351562,26.1200008392334,26.040000915527344,26.094999313354492,911143
2025-02-18 18:40:00+00:00,26.135000228881836,26.200000762939453,26.114999771118164,26.114999771118164,5489896
2025-02-18 18:45:00+00:00,26.139999389648438,26.190000534057617,26.079999923706055,26.1299991607666,951941
2025-02-18 18:50:00+00:00,26.18000030517578,26.200000762939453,26.09000015258789,26.135000228881836,1183341
2025-02-18 18:55:00+00:00,26.2450008392334,26.259300231933594,26.15999984741211,26.18079948425293,1819877
2025-02-18 19:00:00+00:00,26.272499084472656,26.299999237060547,26.239999771118164,26.24799919128418,2267627
2025-02-18 19:05:00+00:00,26.150699615478516,26.290000915527344,26.139999389648438,26.274999618530273,2367483
2025-02-18 19:10:00+00:00,26.239999771118164,26.239999771118164,26.06999969482422,26.145000457763672,1463695
2025-02-18 19:15:00+00:00,26.32509994506836,26.329999923706055,26.18000030517578,26.235000610351562,1441459
2025-02-18 19:20:00+00:00,26.420000076293945,26.450000762939453,26.29490089416504,26.325000762939453,3053135
2025-02-18 19:25:00+00:00,26.55500030517578,26.55970001220703,26.399999618530273,26.43000030517578,4143265
2025-02-18 19:30:00+00:00,26.585100173950195,26.59000015258789,26.469999313354492,26.549999237060547,2842443
2025-02-18 19:35:00+00:00,26.530000686645508,26.610000610351562,26.469999313354492,26.584999084472656,2610890
2025-02-18 19:40:00+00:00,26.66010093688965,26.68000030517578,26.530000686645508,26.53499984741211,1911091
2025-02-18 19:45:00+00:00,26.728300094604492,26.729999542236328,26.56999969482422,26.65999984741211,2526559
2025-02-18 19:50:00+00:00,26.71500015258789,26.84000015258789,26.639999389648438,26.725000381469727,3795018
2025-02-18 19:55:00+00:00,26.787500381469727,26.81999969482422,26.649999618530273,26.71500015258789,2352729
2025-02-18 20:00:00+00:00,26.934999465942383,26.940000534057617,26.75,26.78499984741211,3303246
2025-02-18 20:05:00+00:00,26.985000610351562,27.0,26.8700008392334,26.940000534057617,4580478
2025-02-18 20:10:00+00:00,26.940000534057617,27.06999969482422,26.900100708007812,26.985000610351562,3266700
2025-02-18 20:15:00+00:00,27.118099212646484,27.139999389648438,26.8700008392334,26.944000244140625,3079976
2025-02-18 20:20:00+00:00,27.264999389648438,27.290000915527344,27.100000381469727,27.11009979248047,3876483
2025-02-18 20:25:00+00:00,27.44499969482422,27.450000762939453,27.25,27.260000228881836,4472469
2025-02-18 20:30:00+00:00,27.11989974975586,27.549999237060547,27.110000610351562,27.434999465942383,8532444
2025-02-18 20:35:00+00:00,27.15999984741211,27.200000762939453,26.989999771118164,27.114999771118164,4479339
2025-02-18 20:40:00+00:00,27.184999465942383,27.270000457763672,27.110599517822266,27.155000686645508,3792378
2025-02-18 20:45:00+00:00,27.235000610351562,27.260000228881836,27.170000076293945,27.184999465942383,3322644
2025-02-18 20:50:00+00:00,27.364999771118164,27.3799991607666,27.200000762939453,27.239999771118164,5859780
2025-02-18 20:55:00+00:00,27.43000030517578,27.46500015258789,27.34000015258789,27.362899780273438,10921070
2025-02-19 14:30:00+00:00,25.934999465942383,26.270000457763672,25.770000457763672,25.969999313354492,21733115
2025-02-19 14:35:00+00:00,26.090700149536133,26.209999084472656,25.8700008392334,25.940000534057617,5655398
2025-02-19 14:40:00+00:00,25.63990020751953,26.1299991607666,25.559999465942383,26.094999313354492,6808315
2025-02-19 14:45:00+00:00,25.520000457763672,25.75,25.459999084472656,25.63360023498535,5208074
2025-02-19 14:50:00+00:00,25.609899520874023,25.75,25.489999771118164,25.520000457763672,3997830
2025-02-19 14:55:00+00:00,25.720699310302734,25.78499984741211,25.520000457763672,25.610000610351562,3234302
2025-02-19 15:00:00+00:00,25.80500030517578,25.889999389648438,25.709999084472656,25.719999313354492,2813872
2025-02-19 15:05:00+00:00,25.90999984741211,25.989999771118164,25.739999771118164,25.80929946899414,3103447
2025-02-19 15:10:00+00:00,25.850000381469727,26.100000381469727,25.735000610351562,25.905000686645508,3665830
2025-02-19 15:15:00+00:00,25.970699310302734,26.065099716186523,25.81999969482422,25.844999313354492,2809265
2025-02-19 15:20:00+00:00,26.084400177001953,26.09000015258789,25.899999618530273,25.971799850463867,2363924
2025-02-19 15:25:00+00:00,25.934999465942383,26.100000381469727,25.899999618530273,26.080699920654297,2200027
2025-02-19 15:30:00+00:00,25.969999313354492,26.049999237060547,25.905000686645508,25.934999465942383,1658473
2025-02-19 15:35:00+00:00,26.170000076293945,26.174999237060547,25.920000076293945,25.959999084472656,2257143
2025-02-19 15:40:00+00:00,26.05500030517578,26.199499130249023,26.0,26.168399810791016,2040711
2025-02-19 15:45:00+00:00,26.229999542236328,26.329999923706055,26.040000915527344,26.049999237060547,3371711
2025-02-19 15:50:00+00:00,26.184999465942383,26.270000457763672,26.110000610351562,26.229000091552734,1788564
2025-02-19 15:55:00+00:00,26.059999465942383,26.209999084472656,25.93000030517578,26.188800811767578,2047045
2025-02-19 16:00:00+00:00,25.960100173950195,26.1200008392334,25.959999084472656,26.058500289916992,1197268
2025-02-19 16:05:00+00:00,25.924999237060547,25.989999771118164,25.8799991607666,25.96500015258789,1744670
2025-02-19 16:10:00+00:00,25.864900588989258,25.969900131225586,25.760000228881836,25.924999237060547,2368342
2025-02-19 16:15:00+00:00,25.864999771118164,25.969999313354492,25.809999465942383,25.864999771118164,1434833
2025-02-19 16:20:00+00:00,25.92919921875,25.969999313354492,25.850000381469727,25.864999771118164,1295990
2025-02-19 16:25:00+00:00,25.895000457763672,25.985000610351562,25.8799991607666,25.92840003967285,1132383
2025-02-19 16:30:00+00:00,25.854999542236328,25.905000686645508,25.829999923706055,25.895000457763672,880101
2025-02-19 16:35:00+00:00,25.815000534057617,25.875099182128906,25.790000915527344,25.854999542236328,819616
2025-02-19 16:40:00+00:00,25.774999618530273,25.834999084472656,25.739999771118164,25.810100555419922,1438196
2025-02-19 16:45:00+00:00,25.7450008392334,25.795000076293945,25.719999313354492,25.774999618530273,1183809
2025-02-19 16:50:00+00:00,25.97439956665039,25.989999771118164,25.739999771118164,25.7450008392334,1855436
2025-02-19 16:55:00+00:00,25.895000457763672,26.0,25.8700008392334,25.979299545288086,961233
2025-02-19 17:00:00+00:00,25.915000915527344,25.954999923706055,25.860000610351562,25.895000457763672,908489
2025-02-19 17:05:00+00:00,25.92300033569336,25.979999542236328,25.8799991607666,25.915000915527344,791883
2025-02-19 17:10:00+00:00,25.934999465942383,25.950000762939453,25.889999389648438,25.928800582885742,789764
2025-02-19 17:15:00+00:00,25.860000610351562,25.949899673461914,25.829999923706055,25.93000030517578,704266
2025-02-19 17:20:00+00:00,25.900299072265625,25.959999084472656,25.850000381469727,25.850000381469727,710385
2025-02-19 17:25:00+00:00,25.854999542236328,25.899999618530273,25.829999923706055,25.899999618530273,742156
2025-02-19 17:30:00+00:00,25.82990074157715,25.87070083618164,25.799999237060547,25.854999542236328,1411661
2025-02-19 17:35:00+00:00,25.834999084472656,25.899999618530273,25.81999969482422,25.820100784301758,977584
2025-02-19 17:40:00+00:00,25.775299072265625,25.84000015258789,25.770000457763672,25.834999084472656,763047
2025-02-19 17:45:00+00:00,25.795000076293945,25.84000015258789,25.774999618530273,25.780000686645508,653789
2025-02-19 17:50:00+00:00,25.78499984741211,25.84000015258789,25.719999313354492,25.795400619506836,1093244
2025-02-19 17:55:00+00:00,25.74020004272461,25.795000076293945,25.739999771118164,25.7810001373291,735544
2025-02-19 18:00:00+00:00,25.760000228881836,25.790000915527344,25.739999771118164,25.7450008392334,590749
2025-02-19 18:05:00+00:00,25.661100387573242,25.776500701904297,25.65999984741211,25.770000457763672,1091815
2025-02-19 18:10:00+00:00,25.641000747680664,25.68000030517578,25.584999084472656,25.66119956970215,1440815
2025-02-19 18:15:00+00:00,25.65999984741211,25.68000030517578,25.6200008392334,25.640600204467773,640342
2025-02-19 18:20:00+00:00,25.665000915527344,25.68000030517578,25.6299991607666,25.670000076293945,596823
2025-02-19 18:25:00+00:00,25.738800048828125,25.760000228881836,25.65999984741211,25.665000915527344,850405
2025-02-19 18:30:00+00:00,25.702299118041992,25.75,25.690000534057617,25.729999542236328,471236
2025-02-19 18:35:00+00:00,25.864999771118164,25.895000457763672,25.700199127197266,25.700199127197266,1192940
2025-02-19 18:40:00+00:00,25.850099563598633,25.860000610351562,25.799999237060547,25.860000610351562,731110
2025-02-19 18:45:00+00:00,25.905000686645508,25.940000534057617,25.829999923706055,25.854999542236328,1089122
2025-02-19 18:50:00+00:00,25.829999923706055,25.909799575805664,25.829999923706055,25.905000686645508,622084
2025-02-19 18:55:00+00:00,25.83009910583496,25.899999618530273,25.812999725341797,25.832000732421875,720931
2025-02-19 19:00:00+00:00,25.80500030517578,25.860000610351562,25.795000076293945,25.83009910583496,714725
2025-02-19 19:05:00+00:00,25.817899703979492,25.844999313354492,25.75,25.808399200439453,809772
2025-02-19 19:10:00+00:00,25.826200485229492,25.850000381469727,25.790000915527344,25.815000534057617,970125
2025-02-19 19:15:00+00:00,25.934999465942383,25.959999084472656,25.822799682617188,25.825000762939453,1218861
2025-02-19 19:20:00+00:00,25.93000030517578,25.950000762939453,25.899999618530273,25.934999465942383,886641
2025-02-19 19:25:00+00:00,26.03499984741211,26.040000915527344,25.920000076293945,25.93000030517578,1341995
2025-02-19 19:30:00+00:00,25.99370002746582,26.040000915527344,25.950000762939453,26.034900665283203,1023382
2025-02-19 19:35:00+00:00,25.99839973449707,26.043500900268555,25.969999313354492,25.991100311279297,859011
2025-02-19 19:40:00+00:00,25.954999923706055,26.0,25.920000076293945,25.9950008392334,692044
2025-02-19 19:45:00+00:00,26.030000686645508,26.040000915527344,25.8799991607666,25.957000732421875,1286794
2025-02-19 19:50:00+00:00,26.045000076293945,26.094999313354492,26.010000228881836,26.024999618530273,1101855
2025-02-19 19:55:00+00:00,26.0,26.05500030517578,25.989999771118164,26.045000076293945,643085
2025-02-19 20:00:00+00:00,25.9950008392334,26.020000457763672,25.940000534057617,25.99090003967285,751934
2025-02-19 20:05:00+00:00,26.020000457763672,26.049999237060547,25.989999771118164,25.9950008392334,560225
2025-02-19 20:10:00+00:00,25.969999313354492,26.030000686645508,25.969999313354492,26.020000457763672,704171
2025-02-19 20:15:00+00:00,26.0,26.030000686645508,25.94029998779297,25.969999313354492,786617
2025-02-19 20:20:00+00:00,25.860700607299805,26.0,25.829999923706055,25.9950008392334,1276798
2025-02-19 20:25:00+00:00,25.684999465942383,25.867599487304688,25.649999618530273,25.864999771118164,1897247
2025-02-19 20:30:00+00:00,25.899999618530273,25.905099868774414,25.68000030517578,25.690000534057617,1677182
2025-02-19 20:35:00+00:00,25.774999618530273,25.920000076293945,25.760000228881836,25.905000686645508,1106178
2025-02-19 20:40:00+00:00,25.829999923706055,25.844999313354492,25.764999389648438,25.774999618530273,1211878
2025-02-19 20:45:00+00:00,25.80500030517578,25.899999618530273,25.790000915527344,25.825000762939453,1291300
2025-02-19 20:50:00+00:00,25.815000534057617,25.889999389648438,25.799999237060547,25.80500030517578,2035034
2025-02-19 20:55:00+00:00,25.71500015258789,25.8572998046875,25.700000762939453,25.815000534057617,3847838
2025-02-20 14:30:00+00:00,25.579299926757812,25.625999450683594,25.40999984741211,25.559999465942383,8686968
2025-02-20 14:35:00+00:00,25.55500030517578,25.905000686645508,25.540000915527344,25.575000762939453,3807617
2025-02-20 14:40:00+00:00,25.4950008392334,25.559999465942383,25.479999542236328,25.55500030517578,3491548
2025-02-20 14:45:00+00:00,25.128700256347656,25.510000228881836,25.09000015258789,25.49679946899414,5391541
2025-02-20 14:50:00+00:00,24.774999618530273,25.179899215698242,24.709999084472656,25.125,5937223
2025-02-20 14:55:00+00:00,24.510700225830078,24.84000015258789,24.479999542236328,24.790000915527344,5271857
2025-02-20 15:00:00+00:00,24.93000030517578,24.93000030517578,24.4950008392334,24.514999389648438,4717751
2025-02-20 15:05:00+00:00,24.81999969482422,25.049999237060547,24.81999969482422,24.929000854492188,4851594
2025-02-20 15:10:00+00:00,24.950000762939453,25.030000686645508,24.764999389648438,24.81999969482422,2256205
2025-02-20 15:15:00+00:00,25.050100326538086,25.06999969482422,24.94499969482422,24.950000762939453,2300585
2025-02-20 15:20:00+00:00,25.045000076293945,25.190000534057617,24.9950008392334,25.05500030517578,2083439
2025-02-20 15:25:00+00:00,25.149999618530273,25.25,25.030000686645508,25.04450035095215,2644843
2025-02-20 15:30:00+00:00,25.111900329589844,25.329999923706055,25.100000381469727,25.155000686645508,2240823
2025-02-20 15:35:00+00:00,25.145000457763672,25.239999771118164,25.09000015258789,25.114999771118164,1351983
2025-02-20 15:40:00+00:00,25.135000228881836,25.189899444580078,25.114999771118164,25.145000457763672,963434
2025-02-20 15:45:00+00:00,25.114999771118164,25.18000030517578,25.079999923706055,25.135000228881836,1136827
2025-02-20 15:50:00+00:00,25.170000076293945,25.18000030517578,25.045000076293945,25.114999771118164,1177851
2025-02-20 15:55:00+00:00,25.014999389648438,25.219999313354492,25.0,25.16990089416504,1421869
2025-02-20 16:00:00+00:00,24.9950008392334,25.10930061340332,24.979999542236328,25.020000457763672,1316209
2025-02-20 16:05:00+00:00,24.9955997467041,25.010000228881836,24.889999389648438,24.9950008392334,1333291
2025-02-20 16:10:00+00:00,24.91510009765625,25.019899368286133,24.895000457763672,25.0,1583028
2025-02-20 16:15:00+00:00,24.911699295043945,24.959999084472656,24.84000015258789,24.915000915527344,1752907
2025-02-20 16:20:00+00:00,24.912200927734375,24.940000534057617,24.851999282836914,24.915000915527344,1356629
2025-02-20 16:25:00+00:00,24.89069938659668,24.920000076293945,24.829999923706055,24.91990089416504,4150978
2025-02-20 16:30:00+00:00,24.924999237060547,24.92799949645996,24.860000610351562,24.895000457763672,743764
2025-02-20 16:35:00+00:00,24.815000534057617,24.934999465942383,24.809999465942383,24.915000915527344,4384702
2025-02-20 16:40:00+00:00,24.825000762939453,24.847999572753906,24.780000686645508,24.809999465942383,1001796
2025-02-20 16:45:00+00:00,24.735000610351562,24.825000762939453,24.729999542236328,24.82069969177246,958192
2025-02-20 16:50:00+00:00,24.739900588989258,24.739999771118164,24.6299991607666,24.729999542236328,1306746
2025-02-20 16:55:00+00:00,24.719999313354492,24.78499984741211,24.700000762939453,24.741899490356445,768483
2025-02-20 17:00:00+00:00,24.828800201416016,24.829999923706055,24.700000762939453,24.725000381469727,646283
2025-02-20 17:05:00+00:00,24.96500015258789,24.969999313354492,24.81999969482422,24.825000762939453,1570874
2025-02-20 17:10:00+00:00,24.859899520874023,24.96780014038086,24.850000381469727,24.96500015258789,966407
2025-02-20 17:15:00+00:00,24.94499969482422,24.979999542236328,24.850000381469727,24.854999542236328,870971
2025-02-20 17:20:00+00:00,24.850000381469727,24.969999313354492,24.850000381469727,24.950000762939453,784683
2025-02-20 17:25:00+00:00,24.790000915527344,24.860000610351562,24.790000915527344,24.854999542236328,704409
2025-02-20 17:30:00+00:00,24.854999542236328,24.86319923400879,24.760000228881836,24.795000076293945,778493
2025-02-20 17:35:00+00:00,24.899999618530273,24.920000076293945,24.84000015258789,24.854999542236328,684247
2025-02-20 17:40:00+00:00,24.8700008392334,24.90999984741211,24.84000015258789,24.905000686645508,586190
2025-02-20 17:45:00+00:00,24.834999084472656,24.889999389648438,24.820899963378906,24.864999771118164,370785
2025-02-20 17:50:00+00:00,24.815000534057617,24.854999542236328,24.795000076293945,24.84000015258789,432933
2025-02-20 17:55:00+00:00,24.780000686645508,24.81999969482422,24.760000228881836,24.815000534057617,653622
2025-02-20 18:00:00+00:00,24.809999465942383,24.860000610351562,24.739999771118164,24.770000457763672,777067
2025-02-20 18:05:00+00:00,24.934999465942383,24.939800262451172,24.809999465942383,24.815099716186523,636433
2025-02-20 18:10:00+00:00,24.864999771118164,24.940000534057617,24.850000381469727,24.934999465942383,680758
2025-02-20 18:15:00+00:00,24.850000381469727,24.909900665283203,24.850000381469727,24.86989974975586,547909
2025-02-20 18:20:00+00:00,24.895000457763672,24.93000030517578,24.841400146484375,24.850000381469727,585360
2025-02-20 18:25:00+00:00,24.8346004486084,24.909000396728516,24.825000762939453,24.895000457763672,470587
2025-02-20 18:30:00+00:00,24.854999542236328,24.8799991607666,24.809999465942383,24.829999923706055,683468
2025-02-20 18:35:00+00:00,24.844999313354492,24.93000030517578,24.83009910583496,24.854999542236328,614837
2025-02-20 18:40:00+00:00,24.87929916381836,24.896400451660156,24.844900131225586,24.844900131225586,442423
2025-02-20 18:45:00+00:00,24.905000686645508,24.920000076293945,24.860000610351562,24.875,608110
2025-02-20 18:50:00+00:00,24.959999084472656,24.989999771118164,24.899999618530273,24.905000686645508,671855
2025-02-20 18:55:00+00:00,25.039899826049805,25.049999237060547,24.934999465942383,24.95400047302246,1114099
2025-02-20 19:00:00+00:00,25.260000228881836,25.280000686645508,25.012500762939453,25.040000915527344,1803110
2025-02-20 19:05:00+00:00,25.290000915527344,25.299999237060547,25.170000076293945,25.264999389648438,1366988
2025-02-20 19:10:00+00:00,25.385000228881836,25.415000915527344,25.290000915527344,25.295000076293945,1700916
2025-02-20 19:15:00+00:00,25.34000015258789,25.38990020751953,25.25,25.385000228881836,997117
2025-02-20 19:20:00+00:00,25.385000228881836,25.450000762939453,25.34000015258789,25.344999313354492,1197659
2025-02-20 19:25:00+00:00,25.489999771118164,25.540000915527344,25.3799991607666,25.385000228881836,1935937
2025-02-20 19:30:00+00:00,25.514999389648438,25.520000457763672,25.440000534057617,25.49839973449707,1363457
2025-02-20 19:35:00+00:00,25.485000610351562,25.549999237060547,25.459999084472656,25.520000457763672,1010844
2025-02-20 19:40:00+00:00,25.600000381469727,25.610000610351562,25.479999542236328,25.485000610351562,874434
2025-02-20 19:45:00+00:00,25.690000534057617,25.729999542236328,25.600000381469727,25.60810089111328,1285186
2025-02-20 19:50:00+00:00,25.700000762939453,25.719999313354492,25.6200008392334,25.690000534057617,1233782
2025-02-20 19:55:00+00:00,25.83880043029785,25.84000015258789,25.690000534057617,25.697999954223633,1904214
2025-02-20 20:00:00+00:00,25.68000030517578,25.84000015258789,25.662500381469727,25.832599639892578,1619350
2025-02-20 20:05:00+00:00,25.704999923706055,25.739900588989258,25.549999237060547,25.674999237060547,2209546
2025-02-20 20:10:00+00:00,25.764999389648438,25.799999237060547,25.65999984741211,25.704999923706055,1567941
2025-02-20 20:15:00+00:00,25.700000762939453,25.790000915527344,25.68000030517578,25.770000457763672,1192537
2025-02-20 20:20:00+00:00,25.68079948425293,25.729999542236328,25.6299991607666,25.700000762939453,918506
2025-02-20 20:25:00+00:00,25.645000457763672,25.739999771118164,25.6299991607666,25.68000030517578,761222
2025-02-20 20:30:00+00:00,25.674999237060547,25.719999313354492,25.645000457763672,25.64539909362793,644475
2025-02-20 20:35:00+00:00,25.681100845336914,25.700000762939453,25.6200008392334,25.674999237060547,820558
2025-02-20 20:40:00+00:00,25.695100784301758,25.729999542236328,25.649999618530273,25.682300567626953,811735
2025-02-20 20:45:00+00:00,25.854999542236328,25.860000610351562,25.684999465942383,25.69499969482422,1670268
2025-02-20 20:50:00+00:00,26.028600692749023,26.040000915527344,25.850000381469727,25.850000381469727,4032196
2025-02-20 20:55:00+00:00,26.100000381469727,26.1200008392334,25.950000762939453,26.024999618530273,7390074
2025-02-21 14:30:00+00:00,25.96500015258789,26.200000762939453,25.86009979248047,25.959999084472656,7584108
2025-02-21 14:35:00+00:00,25.810100555419922,26.040000915527344,25.809999465942383,25.969999313354492,1454208
2025-02-21 14:40:00+00:00,26.264999389648438,26.290000915527344,25.760000228881836,25.799999237060547,2836877
2025-02-21 14:45:00+00:00,25.94499969482422,26.280000686645508,25.920000076293945,26.270000457763672,2083846
2025-02-21 14:50:00+00:00,26.004899978637695,26.045000076293945,25.850000381469727,25.940000534057617,1267413
2025-02-21 14:55:00+00:00,26.199899673461914,26.219999313354492,25.959999084472656,26.009899139404297,2102764
2025-02-21 15:00:00+00:00,25.961000442504883,26.19499969482422,25.959999084472656,26.190000534057617,1361271
2025-02-21 15:05:00+00:00,25.81920051574707,25.96500015258789,25.760000228881836,25.959999084472656,2343526
2025-02-21 15:10:00+00:00,25.78499984741211,25.850000381469727,25.690000534057617,25.81999969482422,1666819
2025-02-21 15:15:00+00:00,25.625,25.82900047302246,25.6200008392334,25.7893009185791,1045988
2025-02-21 15:20:00+00:00,25.645000457763672,25.649999618530273,25.549999237060547,25.625,1355940
2025-02-21 15:25:00+00:00,25.639400482177734,25.71500015258789,25.600000381469727,25.645000457763672,1088114
2025-02-21 15:30:00+00:00,25.65999984741211,25.665000915527344,25.520000457763672,25.635000228881836,1431962
2025-02-21 15:35:00+00:00,25.56999969482422,25.704999923706055,25.540000915527344,25.655000686645508,1184149
2025-02-21 15:40:00+00:00,25.43899917602539,25.600000381469727,25.43000030517578,25.559999465942383,1700158
2025-02-21 15:45:00+00:00,25.704999923706055,25.709999084472656,25.430099487304688,25.430099487304688,1285080
2025-02-21 15:50:00+00:00,25.415000915527344,25.719999313354492,25.411100387573242,25.700000762939453,1914835
2025-02-21 15:55:00+00:00,25.44499969482422,25.475000381469727,25.389999389648438,25.415000915527344,1521626
2025-02-21 16:00:00+00:00,25.434999465942383,25.5,25.399999618530273,25.440000534057617,1060467
2025-02-21 16:05:00+00:00,25.434999465942383,25.479999542236328,25.3799991607666,25.440000534057617,632840
2025-02-21 16:10:00+00:00,25.400100708007812,25.479999542236328,25.329999923706055,25.43000030517578,1109916
2025-02-21 16:15:00+00:00,25.424999237060547,25.489999771118164,25.3799991607666,25.40999984741211,580630
2025-02-21 16:20:00+00:00,25.405000686645508,25.450000762939453,25.350000381469727,25.43000030517578,986535
2025-02-21 16:25:00+00:00,25.344999313354492,25.40999984741211,25.290000915527344,25.40999984741211,856672
2025-02-21 16:30:00+00:00,25.368999481201172,25.419300079345703,25.31999969482422,25.34000015258789,799858
2025-02-21 16:35:00+00:00,25.350000381469727,25.3700008392334,25.290000915527344,25.364999771118164,567391
2025-02-21 16:40:00+00:00,25.434999465942383,25.45989990234375,25.34000015258789,25.344999313354492,676281
2025-02-21 16:45:00+00:00,25.41990089416504,25.440000534057617,25.329999923706055,25.434999465942383,551173
2025-02-21 16:50:00+00:00,25.429899215698242,25.450000762939453,25.3700008392334,25.420000076293945,563038
2025-02-21 16:55:00+00:00,25.395000457763672,25.44499969482422,25.3799991607666,25.424999237060547,490394
2025-02-21 17:00:00+00:00,25.385000228881836,25.450000762939453,25.385000228881836,25.389999389648438,410420
2025-02-21 17:05:00+00:00,25.415000915527344,25.459999084472656,25.360000610351562,25.385000228881836,693795
2025-02-21 17:10:00+00:00,25.415000915527344,25.469999313354492,25.350000381469727,25.420000076293945,478286
2025-02-21 17:15:00+00:00,25.375,25.420000076293945,25.350000381469727,25.415000915527344,364398
2025-02-21 17:20:00+00:00,25.46500015258789,25.475000381469727,25.362499237060547,25.375,624581
2025-02-21 17:25:00+00:00,25.47010040283203,25.5,25.44499969482422,25.468900680541992,623181
2025-02-21 17:30:00+00:00,25.434999465942383,25.5,25.420000076293945,25.469999313354492,826119
2025-02-21 17:35:00+00:00,25.177400588989258,25.440000534057617,25.09000015258789,25.43000030517578,2408178
2025-02-21 17:40:00+00:00,25.274999618530273,25.299999237060547,25.15999984741211,25.174999237060547,1162921
2025-02-21 17:45:00+00:00,25.09000015258789,25.299999237060547,25.065000534057617,25.270000457763672,1064457
2025-02-21 17:50:00+00:00,25.095500946044922,25.129100799560547,25.040000915527344,25.090299606323242,1209704
2025-02-21 17:55:00+00:00,25.094999313354492,25.15999984741211,25.079999923706055,25.100000381469727,703647
2025-02-21 18:00:00+00:00,25.079099655151367,25.100000381469727,25.03499984741211,25.094999313354492,670277
2025-02-21 18:05:00+00:00,24.959999084472656,25.084999084472656,24.950000762939453,25.075000762939453,1368128
2025-02-21 18:10:00+00:00,25.03499984741211,25.03499984741211,24.8799991607666,24.959999084472656,1664172
2025-02-21 18:15:00+00:00,25.030000686645508,25.099700927734375,24.969999313354492,25.03499984741211,1212154
2025-02-21 18:20:00+00:00,25.030000686645508,25.079999923706055,24.970699310302734,25.030000686645508,701361
2025-02-21 18:25:00+00:00,25.045000076293945,25.075000762939453,24.95009994506836,25.020000457763672,651400
2025-02-21 18:30:00+00:00,25.1200008392334,25.12849998474121,25.030000686645508,25.049999237060547,896891
2025-02-21 18:35:00+00:00,25.1299991607666,25.229999542236328,25.09000015258789,25.114999771118164,1495305
2025-02-21 18:40:00+00:00,25.13920021057129,25.21500015258789,25.09000015258789,25.139999389648438,957818
2025-02-21 18:45:00+00:00,25.120100021362305,25.158000946044922,25.100000381469727,25.135000228881836,535449
2025-02-21 18:50:00+00:00,25.186399459838867,25.21500015258789,25.079999923706055,25.125,990659
2025-02-21 18:55:00+00:00,25.155000686645508,25.225000381469727,25.149999618530273,25.184999465942383,532640
2025-02-21 19:00:00+00:00,25.049999237060547,25.18000030517578,25.024999618530273,25.155000686645508,730641
2025-02-21 19:05:00+00:00,25.045000076293945,25.09000015258789,25.020000457763672,25.05900001525879,603844
2025-02-21 19:10:00+00:00,25.009899139404297,25.049999237060547,24.940000534057617,25.049999237060547,786145
2025-02-21 19:15:00+00:00,24.96500015258789,25.010000228881836,24.950000762939453,25.000099182128906,582156
2025-02-21 19:20:00+00:00,24.968799591064453,25.014999389648438,24.93000030517578,24.959999084472656,625549
2025-02-21 19:25:00+00:00,24.864999771118164,24.969900131225586,24.84000015258789,24.96500015258789,922656
2025-02-21 19:30:00+00:00,24.949899673461914,24.950000762939453,24.850000381469727,24.860000610351562,752117
2025-02-21 19:35:00+00:00,24.939899444580078,24.979999542236328,24.90999984741211,24.940000534057617,602459
2025-02-21 19:40:00+00:00,24.94499969482422,24.969999313354492,24.8799991607666,24.934999465942383,642599
2025-02-21 19:45:00+00:00,24.96500015258789,24.989999771118164,24.934999465942383,24.951799392700195,513144
2025-02-21 19:50:00+00:00,24.979999542236328,25.024999618530273,24.959999084472656,24.969999313354492,747668
2025-02-21 19:55:00+00:00,24.989999771118164,25.020000457763672,24.959999084472656,24.985000610351562,648251
2025-02-21 20:00:00+00:00,25.0049991607666,25.030000686645508,24.959999084472656,24.985000610351562,653877
2025-02-21 20:05:00+00:00,24.97010040283203,25.049999237060547,24.940000534057617,25.0,608554
2025-02-21 20:10:00+00:00,25.0049991607666,25.03499984741211,24.969999313354492,24.979999542236328,693705
2025-02-21 20:15:00+00:00,25.040000915527344,25.040000915527344,24.989999771118164,25.0,632944
2025-02-21 20:20:00+00:00,25.019899368286133,25.03499984741211,24.989999771118164,25.03499984741211,719059
2025-02-21 20:25:00+00:00,25.024999618530273,25.030000686645508,24.969999313354492,25.014999389648438,675467
2025-02-21 20:30:00+00:00,25.084999084472656,25.09000015258789,25.024999618530273,25.024999618530273,1103908
2025-02-21 20:35:00+00:00,25.075000762939453,25.100000381469727,25.040000915527344,25.084999084472656,1528427
2025-02-21 20:40:00+00:00,25.059999465942383,25.110000610351562,25.03499984741211,25.079999923706055,1452659
2025-02-21 20:45:00+00:00,25.049999237060547,25.079999923706055,25.010000228881836,25.05500030517578,1485386
2025-02-21 20:50:00+00:00,25.029300689697266,25.09000015258789,24.989999771118164,25.045000076293945,2078867
2025-02-21 20:55:00+00:00,24.850000381469727,25.024999618530273,24.84000015258789,25.024999618530273,4582693
2025-02-24 14:30:00+00:00,24.68000030517578,24.799999237060547,24.360000610351562,24.54800033569336,6671650
2025-02-24 14:35:00+00:00,24.59000015258789,24.760000228881836,24.5,24.671300888061523,1628874
2025-02-24 14:40:00+00:00,24.619300842285156,24.65999984741211,24.520000457763672,24.59000015258789,1350216
2025-02-24 14:45:00+00:00,24.549999237060547,24.739999771118164,24.530000686645508,24.614999771118164,1315361
2025-02-24 14:50:00+00:00,24.385000228881836,24.584999084472656,24.290000915527344,24.55030059814453,2435539
2025-02-24 14:55:00+00:00,24.190000534057617,24.389999389648438,24.190000534057617,24.389999389648438,2371631
2025-02-24 15:00:00+00:00,23.959999084472656,24.334999084472656,23.950000762939453,24.200000762939453,5171375
2025-02-24 15:05:00+00:00,23.809999465942383,23.979999542236328,23.6200008392334,23.96500015258789,5913017
2025-02-24 15:10:00+00:00,24.250099182128906,24.299999237060547,23.790000915527344,23.800100326538086,3838021
2025-02-24 15:15:00+00:00,24.090599060058594,24.299999237060547,24.059999465942383,24.25,1508100
2025-02-24 15:20:00+00:00,24.155000686645508,24.19499969482422,24.054399490356445,24.1299991607666,1304471
2025-02-24 15:25:00+00:00,23.979999542236328,24.170000076293945,23.915000915527344,24.155000686645508,1365638
2025-02-24 15:30:00+00:00,23.84000015258789,23.9950008392334,23.809999465942383,23.979999542236328,1697914
2025-02-24 15:35:00+00:00,23.920000076293945,23.920000076293945,23.729999542236328,23.844999313354492,1573942
2025-02-24 15:40:00+00:00,23.810699462890625,23.95989990234375,23.809999465942383,23.915000915527344,1012038
2025-02-24 15:45:00+00:00,23.80500030517578,23.864999771118164,23.75,23.819900512695312,969947
2025-02-24 15:50:00+00:00,23.880699157714844,23.899999618530273,23.719999313354492,23.799999237060547,1224250
2025-02-24 15:55:00+00:00,23.875,23.89069938659668,23.770000457763672,23.88990020751953,1183615
2025-02-24 16:00:00+00:00,23.979900360107422,24.06999969482422,23.760000228881836,23.819299697875977,2998961
2025-02-24 16:05:00+00:00,24.18000030517578,24.219999313354492,23.989299774169922,23.989999771118164,1468713
2025-02-24 16:10:00+00:00,24.309999465942383,24.31999969482422,24.139999389648438,24.184999465942383,1027484
2025-02-24 16:15:00+00:00,24.556499481201172,24.62700080871582,24.309999465942383,24.315000534057617,1693828
2025-02-24 16:20:00+00:00,24.614999771118164,24.629899978637695,24.5,24.55500030517578,1158483
2025-02-24 16:25:00+00:00,24.540000915527344,24.6200008392334,24.530000686645508,24.614999771118164,696647
2025-02-24 16:30:00+00:00,24.509899139404297,24.594999313354492,24.46500015258789,24.55500030517578,842077
2025-02-24 16:35:00+00:00,24.510000228881836,24.569900512695312,24.450000762939453,24.5049991607666,657498
2025-02-24 16:40:00+00:00,24.579999923706055,24.59000015258789,24.5049991607666,24.5049991607666,673390
2025-02-24 16:45:00+00:00,24.530000686645508,24.6200008392334,24.475000381469727,24.593299865722656,507265
2025-02-24 16:50:00+00:00,24.4950008392334,24.540000915527344,24.459999084472656,24.520000457763672,410630
2025-02-24 16:55:00+00:00,24.450899124145508,24.5,24.424999237060547,24.4950008392334,641970
2025-02-24 17:00:00+00:00,24.44499969482422,24.5,24.415000915527344,24.455400466918945,411997
2025-02-24 17:05:00+00:00,24.6299991607666,24.639999389648438,24.389999389648438,24.454999923706055,702118
2025-02-24 17:10:00+00:00,24.61009979248047,24.75,24.549999237060547,24.639999389648438,823538
2025-02-24 17:15:00+00:00,24.5492000579834,24.639999389648438,24.489999771118164,24.604999542236328,547794
2025-02-24 17:20:00+00:00,24.48539924621582,24.579999923706055,24.459999084472656,24.54800033569336,509124
2025-02-24 17:25:00+00:00,24.53499984741211,24.559999465942383,24.450000762939453,24.484600067138672,410307
2025-02-24 17:30:00+00:00,24.529800415039062,24.565000534057617,24.475000381469727,24.540000915527344,371107
2025-02-24 17:35:00+00:00,24.489999771118164,24.549999237060547,24.489999771118164,24.524999618530273,352651
2025-02-24 17:40:00+00:00,24.53499984741211,24.559999465942383,24.479999542236328,24.489999771118164,227751
2025-02-24 17:45:00+00:00,24.479900360107422,24.56999969482422,24.469999313354492,24.540000915527344,315382
2025-02-24 17:50:00+00:00,24.5049991607666,24.510000228881836,24.47130012512207,24.47130012512207,162560
2025-02-24 17:55:00+00:00,24.488800048828125,24.520000457763672,24.46500015258789,24.505300521850586,329748
2025-02-24 18:00:00+00:00,24.5,24.55500030517578,24.479999542236328,24.485000610351562,321029
2025-02-24 18:05:00+00:00,24.559999465942383,24.56999969482422,24.479999542236328,24.4950008392334,322254
2025-02-24 18:10:00+00:00,24.540000915527344,24.56999969482422,24.510000228881836,24.56529998779297,171401
2025-02-24 18:15:00+00:00,24.739999771118164,24.739999771118164,24.530000686645508,24.545000076293945,845382
2025-02-24 18:20:00+00:00,24.639999389648438,24.739999771118164,24.6200008392334,24.729999542236328,424800
2025-02-24 18:25:00+00:00,24.69499969482422,24.709999084472656,24.635000228881836,24.640100479125977,386336
2025-02-24 18:30:00+00:00,24.700000762939453,24.709999084472656,24.639999389648438,24.69499969482422,654504
2025-02-24 18:35:00+00:00,24.669099807739258,24.719900131225586,24.655000686645508,24.69499969482422,280852
2025-02-24 18:40:00+00:00,24.700000762939453,24.780000686645508,24.66629981994629,24.66629981994629,602117
2025-02-24 18:45:00+00:00,24.690000534057617,24.719999313354492,24.65999984741211,24.704999923706055,265043
2025-02-24 18:50:00+00:00,24.735000610351562,24.760000228881836,24.639999389648438,24.690000534057617,453533
2025-02-24 18:55:00+00:00,24.645000457763672,24.739999771118164,24.610000610351562,24.735000610351562,459332
2025-02-24 19:00:00+00:00,24.749900817871094,24.75,24.649999618530273,24.649999618530273,332644
2025-02-24 19:05:00+00:00,24.732999801635742,24.770000457763672,24.71500015258789,24.7450008392334,364567
2025-02-24 19:10:00+00:00,24.735000610351562,24.749900817871094,24.68000030517578,24.736099243164062,361676
2025-02-24 19:15:00+00:00,24.579999923706055,24.73889923095703,24.56999969482422,24.73889923095703,488295
2025-02-24 19:20:00+00:00,24.584999084472656,24.614999771118164,24.5,24.58009910583496,683941
2025-02-24 19:25:00+00:00,24.584999084472656,24.6200008392334,24.559999465942383,24.579999923706055,378533
2025-02-24 19:30:00+00:00,24.6200008392334,24.665000915527344,24.56999969482422,24.584999084472656,402915
2025-02-24 19:35:00+00:00,24.541200637817383,24.6200008392334,24.5,24.614999771118164,540891
2025-02-24 19:40:00+00:00,24.524999618530273,24.57990074157715,24.510000228881836,24.545000076293945,302849
2025-02-24 19:45:00+00:00,24.531999588012695,24.559999465942383,24.5049991607666,24.524999618530273,289090
2025-02-24 19:50:00+00:00,24.545000076293945,24.56999969482422,24.530000686645508,24.53499984741211,198984
2025-02-24 19:55:00+00:00,24.4950008392334,24.54759979248047,24.459999084472656,24.545000076293945,432280
2025-02-24 20:00:00+00:00,24.501699447631836,24.5177001953125,24.459999084472656,24.5,357753
2025-02-24 20:05:00+00:00,24.475000381469727,24.530000686645508,24.459999084472656,24.510000228881836,404339
2025-02-24 20:10:00+00:00,24.5,24.520000457763672,24.459999084472656,24.475000381469727,318325
2025-02-24 20:15:00+00:00,24.479999542236328,24.530000686645508,24.459999084472656,24.5,460136
2025-02-24 20:20:00+00:00,24.440000534057617,24.514999389648438,24.440000534057617,24.478700637817383,519337
2025-02-24 20:25:00+00:00,24.348400115966797,24.459999084472656,24.34000015258789,24.450000762939453,579188
2025-02-24 20:30:00+00:00,24.415000915527344,24.450000762939453,24.34000015258789,24.350000381469727,993402
2025-02-24 20:35:00+00:00,24.3799991607666,24.434999465942383,24.309999465942383,24.415000915527344,921024
2025-02-24 20:40:00+00:00,24.360000610351562,24.389999389648438,24.325000762939453,24.375,814042
2025-02-24 20:45:00+00:00,24.389299392700195,24.399999618530273,24.34000015258789,24.356700897216797,674137
2025-02-24 20:50:00+00:00,24.229999542236328,24.415000915527344,24.219999313354492,24.389999389648438,1480882
2025-02-24 20:55:00+00:00,24.260000228881836,24.309999465942383,24.219999313354492,24.229999542236328,3261978
2025-02-25 14:30:00+00:00,23.905000686645508,24.280000686645508,23.780000686645508,24.190000534057617,3870611
2025-02-25 14:35:00+00:00,23.979999542236328,24.09000015258789,23.8700008392334,23.90730094909668,1343688
2025-02-25 14:40:00+00:00,23.84000015258789,23.989999771118164,23.825000762939453,23.969999313354492,1291616
2025-02-25 14:45:00+00:00,23.710100173950195,23.8799991607666,23.690000534057617,23.84000015258789,1765132
2025-02-25 14:50:00+00:00,23.334999084472656,23.739999771118164,23.309999465942383,23.71500015258789,3017753
2025-02-25 14:55:00+00:00,23.389999389648438,23.5,23.31999969482422,23.334999084472656,2092551
2025-02-25 15:00:00+00:00,23.199800491333008,23.395000457763672,23.18000030517578,23.395000457763672,2710601
2025-02-25 15:05:00+00:00,23.250099182128906,23.290000915527344,23.079999923706055,23.200000762939453,2750747
2025-02-25 15:10:00+00:00,23.020000457763672,23.274999618530273,22.989999771118164,23.260000228881836,2604828
2025-02-25 15:15:00+00:00,22.934999465942383,23.059999465942383,22.8799991607666,23.014999389648438,2606315
2025-02-25 15:20:00+00:00,22.854999542236328,22.94770050048828,22.780000686645508,22.934999465942383,2466251
2025-02-25 15:25:00+00:00,22.924999237060547,22.96500015258789,22.770099639892578,22.860000610351562,3316180
2025-02-25 15:30:00+00:00,23.114999771118164,23.1299991607666,22.929100036621094,22.929899215698242,2619825
2025-02-25 15:35:00+00:00,23.2450008392334,23.260000228881836,23.110000610351562,23.114999771118164,2182559
2025-02-25 15:40:00+00:00,23.281999588012695,23.3799991607666,23.200000762939453,23.2450008392334,1882396
2025-02-25 15:45:00+00:00,23.19499969482422,23.31999969482422,23.149999618530273,23.283000946044922,1198962
2025-02-25 15:50:00+00:00,23.309900283813477,23.360000610351562,23.170000076293945,23.200000762939453,1388966
2025-02-25 15:55:00+00:00,23.239999771118164,23.334999084472656,23.225000381469727,23.30500030517578,901542
2025-02-25 16:00:00+00:00,23.125,23.274999618530273,23.1200008392334,23.239999771118164,954470
2025-02-25 16:05:00+00:00,23.135000228881836,23.225000381469727,23.09000015258789,23.1299991607666,952123
2025-02-25 16:10:00+00:00,23.084999084472656,23.1387996673584,23.045000076293945,23.131099700927734,754548
2025-02-25 16:15:00+00:00,23.204999923706055,23.260000228881836,23.084999084472656,23.085599899291992,2051975
2025-02-25 16:20:00+00:00,23.209999084472656,23.309999465942383,23.165000915527344,23.200000762939453,1324353
2025-02-25 16:25:00+00:00,23.165000915527344,23.219999313354492,23.135000228881836,23.20989990234375,520107
2025-02-25 16:30:00+00:00,23.1299991607666,23.21980094909668,23.049999237060547,23.165000915527344,1296100
2025-02-25 16:35:00+00:00,23.219999313354492,23.229999542236328,23.049999237060547,23.1299991607666,861863
2025-02-25 16:40:00+00:00,23.155000686645508,23.219999313354492,23.139999389648438,23.21500015258789,557997
2025-02-25 16:45:00+00:00,23.204999923706055,23.229999542236328,23.155000686645508,23.155000686645508,682918
2025-02-25 16:50:00+00:00,23.19499969482422,23.20989990234375,23.149999618530273,23.204999923706055,765259
2025-02-25 16:55:00+00:00,23.235000610351562,23.34000015258789,23.184999465942383,23.19420051574707,322975
2025-02-25 17:00:00+00:00,23.290000915527344,23.315000534057617,23.209999084472656,23.229999542236328,517122
2025-02-25 17:05:00+00:00,23.31999969482422,23.350000381469727,23.274999618530273,23.295000076293945,585646
2025-02-25 17:10:00+00:00,23.350000381469727,23.3700008392334,23.270000457763672,23.31999969482422,890076
2025-02-25 17:15:00+00:00,23.334999084472656,23.3799991607666,23.299999237060547,23.354999542236328,595561
2025-02-25 17:20:00+00:00,23.274999618530273,23.34000015258789,23.239999771118164,23.329999923706055,581191
2025-02-25 17:25:00+00:00,23.415000915527344,23.420000076293945,23.260099411010742,23.274999618530273,833643
2025-02-25 17:30:00+00:00,23.364999771118164,23.420000076293945,23.360000610351562,23.415000915527344,519393
2025-02-25 17:35:00+00:00,23.424999237060547,23.459999084472656,23.329999923706055,23.36370086669922,549735
2025-02-25 17:40:00+00:00,23.415000915527344,23.440000534057617,23.389999389648438,23.429899215698242,299979
2025-02-25 17:45:00+00:00,23.389999389648438,23.420000076293945,23.360000610351562,23.415000915527344,335615
2025-02-25 17:50:00+00:00,23.364999771118164,23.43000030517578,23.350000381469727,23.389999389648438,417950
2025-02-25 17:55:00+00:00,23.360000610351562,23.388999938964844,23.34000015258789,23.3612003326416,298549
2025-02-25 18:00:00+00:00,23.375,23.399999618530273,23.360000610351562,23.360000610351562,471086
2025-02-25 18:05:00+00:00,23.39929962158203,23.420000076293945,23.354999542236328,23.375,353156
2025-02-25 18:10:00+00:00,23.315000534057617,23.40999984741211,23.299999237060547,23.395000457763672,435356
2025-02-25 18:15:00+00:00,23.3174991607666,23.360000610351562,23.299999237060547,23.315000534057617,496576
2025-02-25 18:20:00+00:00,23.338199615478516,23.350000381469727,23.304100036621094,23.309999465942383,454729
2025-02-25 18:25:00+00:00,23.295000076293945,23.364999771118164,23.295000076293945,23.334999084472656,745239
2025-02-25 18:30:00+00:00,23.334999084472656,23.3700008392334,23.290000915527344,23.29990005493164,423066
2025-02-25 18:35:00+00:00,23.415000915527344,23.420000076293945,23.31999969482422,23.334999084472656,385347
2025-02-25 18:40:00+00:00,23.400100708007812,23.43000030517578,23.3799991607666,23.413299560546875,332340
2025-02-25 18:45:00+00:00,23.370800018310547,23.409900665283203,23.3700008392334,23.399999618530273,251558
2025-02-25 18:50:00+00:00,23.290000915527344,23.380699157714844,23.290000915527344,23.3799991607666,408589
2025-02-25 18:55:00+00:00,23.28499984741211,23.299999237060547,23.229999542236328,23.28499984741211,410643
2025-02-25 19:00:00+00:00,23.21500015258789,23.280000686645508,23.200000762939453,23.280000686645508,448016
2025-02-25 19:05:00+00:00,23.19499969482422,23.219999313354492,23.170000076293945,23.21500015258789,431500
2025-02-25 19:10:00+00:00,23.05500030517578,23.219999313354492,23.049999237060547,23.19499969482422,647947
2025-02-25 19:15:00+00:00,23.065000534057617,23.079999923706055,23.020000457763672,23.058700561523438,769153
2025-02-25 19:20:00+00:00,23.040000915527344,23.065000534057617,23.020000457763672,23.065000534057617,351466
2025-02-25 19:25:00+00:00,23.024999618530273,23.05500030517578,23.0,23.03499984741211,390385
2025-02-25 19:30:00+00:00,23.104999542236328,23.104999542236328,23.020000457763672,23.025800704956055,789600
2025-02-25 19:35:00+00:00,23.125,23.139999389648438,23.05500030517578,23.104999542236328,376883
2025-02-25 19:40:00+00:00,23.125,23.139999389648438,23.090200424194336,23.1299991607666,375922
2025-02-25 19:45:00+00:00,23.124000549316406,23.139999389648438,23.079999923706055,23.125,344117
2025-02-25 19:50:00+00:00,23.139999389648438,23.15999984741211,23.120100021362305,23.1299991607666,276027
2025-02-25 19:55:00+00:00,23.14299964904785,23.149999618530273,23.114999771118164,23.139999389648438,358361
2025-02-25 20:00:00+00:00,23.155000686645508,23.15999984741211,23.100000381469727,23.145000457763672,265183
2025-02-25 20:05:00+00:00,23.1200008392334,23.190000534057617,23.1200008392334,23.15999984741211,296923
2025-02-25 20:10:00+00:00,23.14069938659668,23.149999618530273,23.100000381469727,23.125,410852
2025-02-25 20:15:00+00:00,23.184999465942383,23.190000534057617,23.139999389648438,23.145000457763672,496538
2025-02-25 20:20:00+00:00,23.299999237060547,23.299999237060547,23.18000030517578,23.184999465942383,647654
2025-02-25 20:25:00+00:00,23.190099716186523,23.299999237060547,23.15999984741211,23.295000076293945,642760
2025-02-25 20:30:00+00:00,23.225000381469727,23.235599517822266,23.190000534057617,23.19499969482422,420582
2025-02-25 20:35:00+00:00,23.131999969482422,23.239999771118164,23.130699157714844,23.225000381469727,508413
2025-02-25 20:40:00+00:00,23.094999313354492,23.145000457763672,23.09000015258789,23.135000228881836,627775
2025-02-25 20:45:00+00:00,23.125,23.139999389648438,23.040000915527344,23.093299865722656,987774
2025-02-25 20:50:00+00:00,22.972900390625,23.1200008392334,22.950000762939453,23.1200008392334,1973741
2025-02-25 20:55:00+00:00,23.0,23.020000457763672,22.940000534057617,22.975000381469727,3433431
2025-02-26 14:30:00+00:00,23.440000534057617,23.649999618530273,23.209999084472656,23.2450008392334,4392852
2025-02-26 14:35:00+00:00,23.529300689697266,23.565000534057617,23.299999237060547,23.43000030517578,1407997
2025-02-26 14:40:00+00:00,23.4950008392334,23.56999969482422,23.389999389648438,23.529300689697266,1256306
2025-02-26 14:45:00+00:00,23.520000457763672,23.530000686645508,23.440000534057617,23.4950008392334,698426
2025-02-26 14:50:00+00:00,23.69499969482422,23.760000228881836,23.489999771118164,23.520000457763672,1790848
2025-02-26 14:55:00+00:00,23.545000076293945,23.729000091552734,23.5,23.690000534057617,974692
2025-02-26 15:00:00+00:00,23.600000381469727,23.649999618530273,23.430099487304688,23.55929946899414,1413541
2025-02-26 15:05:00+00:00,23.655000686645508,23.69499969482422,23.56999969482422,23.594999313354492,765384
2025-02-26 15:10:00+00:00,23.635000228881836,23.725000381469727,23.6299991607666,23.670000076293945,1060316
2025-02-26 15:15:00+00:00,23.614999771118164,23.690000534057617,23.55500030517578,23.6299991607666,869119
2025-02-26 15:20:00+00:00,23.645000457763672,23.690000534057617,23.594999313354492,23.625,909204
2025-02-26 15:25:00+00:00,23.450000762939453,23.667800903320312,23.434999465942383,23.645000457763672,729745
2025-02-26 15:30:00+00:00,23.475000381469727,23.559999465942383,23.450000762939453,23.454999923706055,1004750
2025-02-26 15:35:00+00:00,23.479999542236328,23.490699768066406,23.420000076293945,23.478599548339844,677349
2025-02-26 15:40:00+00:00,23.524999618530273,23.549999237060547,23.469999313354492,23.469999313354492,547567
2025-02-26 15:45:00+00:00,23.514999389648438,23.549999237060547,23.469999313354492,23.524999618530273,519001
2025-02-26 15:50:00+00:00,23.475000381469727,23.549999237060547,23.450000762939453,23.510000228881836,628889
2025-02-26 15:55:00+00:00,23.540700912475586,23.549999237060547,23.450000762939453,23.479999542236328,581160
2025-02-26 16:00:00+00:00,23.684999465942383,23.69499969482422,23.540800094604492,23.545000076293945,928910
2025-02-26 16:05:00+00:00,23.789899826049805,23.809999465942383,23.68000030517578,23.690000534057617,1405375
2025-02-26 16:10:00+00:00,23.725000381469727,23.799999237060547,23.725000381469727,23.780099868774414,800113
2025-02-26 16:15:00+00:00,23.693199157714844,23.729999542236328,23.639999389648438,23.72100067138672,617869
2025-02-26 16:20:00+00:00,23.735000610351562,23.749900817871094,23.65999984741211,23.700000762939453,687095
2025-02-26 16:25:00+00:00,23.700000762939453,23.80500030517578,23.69499969482422,23.739999771118164,997388
2025-02-26 16:30:00+00:00,23.684999465942383,23.725000381469727,23.604999542236328,23.69499969482422,1282598
2025-02-26 16:35:00+00:00,23.7450008392334,23.770000457763672,23.670000076293945,23.68000030517578,547853
2025-02-26 16:40:00+00:00,23.739999771118164,23.7549991607666,23.649999618530273,23.7450008392334,547666
2025-02-26 16:45:00+00:00,23.729000091552734,23.739999771118164,23.68000030517578,23.739999771118164,465272
2025-02-26 16:50:00+00:00,23.701200485229492,23.75,23.701200485229492,23.72010040283203,538720
2025-02-26 16:55:00+00:00,23.639999389648438,23.709999084472656,23.620100021362305,23.704999923706055,760836
2025-02-26 17:00:00+00:00,23.69499969482422,23.709999084472656,23.6299991607666,23.649999618530273,242120
2025-02-26 17:05:00+00:00,23.71500015258789,23.760000228881836,23.65999984741211,23.69499969482422,584550
2025-02-26 17:10:00+00:00,23.725000381469727,23.729999542236328,23.68000030517578,23.71500015258789,500145
2025-02-26 17:15:00+00:00,23.690000534057617,23.764999389648438,23.642000198364258,23.725000381469727,826503
2025-02-26 17:20:00+00:00,23.635000228881836,23.700000762939453,23.6299991607666,23.694499969482422,546256
2025-02-26 17:25:00+00:00,23.71500015258789,23.729999542236328,23.600000381469727,23.635000228881836,539468
2025-02-26 17:30:00+00:00,23.6299991607666,23.729999542236328,23.610000610351562,23.71500015258789,606753
2025-02-26 17:35:00+00:00,23.614999771118164,23.6299991607666,23.56999969482422,23.625,831449
2025-02-26 17:40:00+00:00,23.79680061340332,23.79990005493164,23.56999969482422,23.610000610351562,1100954
2025-02-26 17:45:00+00:00,23.7450008392334,23.81999969482422,23.729999542236328,23.795000076293945,764369
2025-02-26 17:50:00+00:00,23.684999465942383,23.75,23.6200008392334,23.7450008392334,673838
2025-02-26 17:55:00+00:00,23.645000457763672,23.725000381469727,23.610000610351562,23.690000534057617,708892
2025-02-26 18:00:00+00:00,23.579999923706055,23.665000915527344,23.550100326538086,23.639999389648438,850341
2025-02-26 18:05:00+00:00,23.600000381469727,23.604999542236328,23.524999618530273,23.56999969482422,645397
2025-02-26 18:10:00+00:00,23.559999465942383,23.6299991607666,23.530000686645508,23.610000610351562,466329
2025-02-26 18:15:00+00:00,23.510000228881836,23.559999465942383,23.5,23.55500030517578,586661
2025-02-26 18:20:00+00:00,23.524999618530273,23.56999969482422,23.510000228881836,23.510000228881836,485998
2025-02-26 18:25:00+00:00,23.415000915527344,23.530000686645508,23.40999984741211,23.524200439453125,715227
2025-02-26 18:30:00+00:00,23.440000534057617,23.459999084472656,23.400699615478516,23.40999984741211,667636
2025-02-26 18:35:00+00:00,23.478700637817383,23.514999389648438,23.40999984741211,23.434999465942383,682570
2025-02-26 18:40:00+00:00,23.449899673461914,23.5049991607666,23.42020034790039,23.479999542236328,531911
2025-02-26 18:45:00+00:00,23.434999465942383,23.469999313354492,23.40999984741211,23.44499969482422,580287
2025-02-26 18:50:00+00:00,23.395000457763672,23.459999084472656,23.395000457763672,23.43199920654297,558949
2025-02-26 18:55:00+00:00,23.390899658203125,23.40999984741211,23.31999969482422,23.395000457763672,800280
2025-02-26 19:00:00+00:00,23.485000610351562,23.539899826049805,23.360000610351562,23.389999389648438,734814
2025-02-26 19:05:00+00:00,23.475000381469727,23.485000610351562,23.420000076293945,23.479999542236328,354633
2025-02-26 19:10:00+00:00,23.440000534057617,23.4950008392334,23.440000534057617,23.479999542236328,336810
2025-02-26 19:15:00+00:00,23.530000686645508,23.549999237060547,23.415000915527344,23.44499969482422,433603
2025-02-26 19:20:00+00:00,23.524999618530273,23.579999923706055,23.5,23.540000915527344,424203
2025-02-26 19:25:00+00:00,23.53499984741211,23.549999237060547,23.5,23.520000457763672,269711
2025-02-26 19:30:00+00:00,23.604999542236328,23.6200008392334,23.510000228881836,23.530000686645508,398008
2025-02-26 19:35:00+00:00,23.614999771118164,23.649999618530273,23.559999465942383,23.600000381469727,515113
2025-02-26 19:40:00+00:00,23.6117000579834,23.665000915527344,23.59000015258789,23.610000610351562,330694
2025-02-26 19:45:00+00:00,23.604999542236328,23.649999618530273,23.594999313354492,23.6200008392334,261892
2025-02-26 19:50:00+00:00,23.649999618530273,23.670000076293945,23.594999313354492,23.604999542236328,343499
2025-02-26 19:55:00+00:00,23.489999771118164,23.65999984741211,23.479999542236328,23.655000686645508,532067
2025-02-26 20:00:00+00:00,23.44499969482422,23.518800735473633,23.43000030517578,23.489999771118164,545339
2025-02-26 20:05:00+00:00,23.485000610351562,23.510000228881836,23.440099716186523,23.44499969482422,458021
2025-02-26 20:10:00+00:00,23.4950008392334,23.520000457763672,23.485000610351562,23.485000610351562,554840
2025-02-26 20:15:00+00:00,23.459999084472656,23.4950008392334,23.43000030517578,23.4950008392334,733782
2025-02-26 20:20:00+00:00,23.424999237060547,23.46500015258789,23.399999618530273,23.459999084472656,432328
2025-02-26 20:25:00+00:00,23.424999237060547,23.479999542236328,23.420000076293945,23.424999237060547,547058
2025-02-26 20:30:00+00:00,23.44499969482422,23.479999542236328,23.399999618530273,23.420000076293945,560496
2025-02-26 20:35:00+00:00,23.454999923706055,23.481199264526367,23.43000030517578,23.44499969482422,510076
2025-02-26 20:40:00+00:00,23.5049991607666,23.510000228881836,23.40999984741211,23.454999923706055,677326
2025-02-26 20:45:00+00:00,23.5,23.540000915527344,23.469999313354492,23.5049991607666,736747
2025-02-26 20:50:00+00:00,23.510000228881836,23.520000457763672,23.420000076293945,23.5,1269378
2025-02-26 20:55:00+00:00,23.520000457763672,23.6200008392334,23.469999313354492,23.510000228881836,2829826
2025-02-27 14:30:00+00:00,24.030000686645508,24.1200008392334,23.670000076293945,23.700000762939453,9310802
2025-02-27 14:35:00+00:00,23.990100860595703,24.263599395751953,23.990100860595703,24.040000915527344,2566092
2025-02-27 14:40:00+00:00,23.68000030517578,24.058300018310547,23.640100479125977,23.9950008392334,1943915
2025-02-27 14:45:00+00:00,23.859100341796875,23.90880012512207,23.690000534057617,23.69499969482422,1421097
2025-02-27 14:50:00+00:00,23.700000762939453,23.899999618530273,23.690000534057617,23.859899520874023,1208550
2025-02-27 14:55:00+00:00,23.42060089111328,23.71500015258789,23.40999984741211,23.69499969482422,1997318
2025-02-27 15:00:00+00:00,23.53499984741211,23.549999237060547,23.209999084472656,23.420000076293945,1617196
2025-02-27 15:05:00+00:00,23.594999313354492,23.6299991607666,23.479999542236328,23.53499984741211,1037418
2025-02-27 15:10:00+00:00,23.875,23.889999389648438,23.584999084472656,23.59000015258789,1624803
2025-02-27 15:15:00+00:00,23.823999404907227,23.899999618530273,23.799999237060547,23.8700008392334,1054562
2025-02-27 15:20:00+00:00,23.899799346923828,24.05500030517578,23.729999542236328,23.825000762939453,1371763
2025-02-27 15:25:00+00:00,23.935300827026367,23.959999084472656,23.844999313354492,23.889999389648438,870948
2025-02-27 15:30:00+00:00,23.924999237060547,23.969999313354492,23.850000381469727,23.934999465942383,959174
2025-02-27 15:35:00+00:00,23.99090003967285,24.030000686645508,23.790000915527344,23.924999237060547,1141017
2025-02-27 15:40:00+00:00,24.125,24.135000228881836,23.915000915527344,23.989999771118164,1018965
2025-02-27 15:45:00+00:00,24.079299926757812,24.248300552368164,24.075000762939453,24.125,1582190
2025-02-27 15:50:00+00:00,24.035400390625,24.08930015563965,23.920000076293945,24.075000762939453,898476
2025-02-27 15:55:00+00:00,23.90019989013672,24.059999465942383,23.899999618530273,24.033000946044922,913684
2025-02-27 16:00:00+00:00,23.885000228881836,24.0,23.84000015258789,23.905000686645508,1089594
2025-02-27 16:05:00+00:00,23.78499984741211,23.920000076293945,23.780000686645508,23.885000228881836,903625
2025-02-27 16:10:00+00:00,23.905000686645508,23.93000030517578,23.790000915527344,23.790000915527344,953474
2025-02-27 16:15:00+00:00,23.899900436401367,23.959999084472656,23.860000610351562,23.905000686645508,1310910
2025-02-27 16:20:00+00:00,23.895000457763672,23.979999542236328,23.875,23.899999618530273,1006874
2025-02-27 16:25:00+00:00,23.835399627685547,23.950000762939453,23.799999237060547,23.899999618530273,541341
2025-02-27 16:30:00+00:00,23.954999923706055,23.989999771118164,23.81999969482422,23.834999084472656,500556
2025-02-27 16:35:00+00:00,23.950000762939453,23.98539924621582,23.93000030517578,23.954999923706055,483362
2025-02-27 16:40:00+00:00,23.96500015258789,23.9950008392334,23.90999984741211,23.950000762939453,562912
2025-02-27 16:45:00+00:00,23.975000381469727,24.010000228881836,23.950000762939453,23.96500015258789,536058
2025-02-27 16:50:00+00:00,23.954999923706055,24.0,23.90999984741211,23.976699829101562,567212
2025-02-27 16:55:00+00:00,23.95009994506836,23.989999771118164,23.90999984741211,23.959999084472656,376047
2025-02-27 17:00:00+00:00,24.075000762939453,24.094999313354492,23.93000030517578,23.959999084472656,686335
2025-02-27 17:05:00+00:00,24.014999389648438,24.094999313354492,23.979999542236328,24.075000762939453,670318
2025-02-27 17:10:00+00:00,24.05500030517578,24.084999084472656,23.989999771118164,24.014999389648438,513026
2025-02-27 17:15:00+00:00,23.97010040283203,24.059999465942383,23.959999084472656,24.049999237060547,419761
2025-02-27 17:20:00+00:00,24.05500030517578,24.05500030517578,23.950000762939453,23.975000381469727,508585
2025-02-27 17:25:00+00:00,24.160900115966797,24.179899215698242,24.049999237060547,24.059999465942383,730706
2025-02-27 17:30:00+00:00,24.150100708007812,24.18000030517578,24.110000610351562,24.165000915527344,542934
2025-02-27 17:35:00+00:00,24.169700622558594,24.200000762939453,24.139999389648438,24.15999984741211,717969
2025-02-27 17:40:00+00:00,24.1299991607666,24.170000076293945,24.09000015258789,24.165000915527344,428628
2025-02-27 17:45:00+00:00,24.104999542236328,24.18000030517578,24.100000381469727,24.125,635946
2025-02-27 17:50:00+00:00,24.084999084472656,24.170000076293945,24.049999237060547,24.104999542236328,715426
2025-02-27 17:55:00+00:00,24.149999618530273,24.149999618530273,24.079999923706055,24.084999084472656,483582
2025-02-27 18:00:00+00:00,24.075000762939453,24.200000762939453,24.059999465942383,24.139999389648438,743054
2025-02-27 18:05:00+00:00,24.125,24.139999389648438,24.06999969482422,24.075000762939453,462366
2025-02-27 18:10:00+00:00,24.184999465942383,24.200000762939453,24.094999313354492,24.1200008392334,608827
2025-02-27 18:15:00+00:00,24.2450008392334,24.25,24.18000030517578,24.183399200439453,594870
2025-02-27 18:20:00+00:00,24.3799991607666,24.3799991607666,24.219999313354492,24.239999771118164,1686812
2025-02-27 18:25:00+00:00,24.326400756835938,24.399999618530273,24.309999465942383,24.375,1185954
2025-02-27 18:30:00+00:00,24.344999313354492,24.3799991607666,24.309999465942383,24.325000762939453,517577
2025-02-27 18:35:00+00:00,24.260000228881836,24.350000381469727,24.239999771118164,24.344999313354492,1178364
2025-02-27 18:40:00+00:00,24.209999084472656,24.280000686645508,24.190000534057617,24.260000228881836,580437
2025-02-27 18:45:00+00:00,24.270000457763672,24.290000915527344,24.200000762939453,24.21500015258789,596404
2025-02-27 18:50:00+00:00,24.34000015258789,24.360000610351562,24.235000610351562,24.264999389648438,635661
2025-02-27 18:55:00+00:00,24.28499984741211,24.3700008392334,24.280000686645508,24.350000381469727,507355
2025-02-27 19:00:00+00:00,24.264999389648438,24.290000915527344,24.229999542236328,24.290000915527344,508580
2025-02-27 19:05:00+00:00,24.30500030517578,24.31999969482422,24.25,24.270000457763672,399257
2025-02-27 19:10:00+00:00,24.21500015258789,24.309999465942383,24.200000762939453,24.309999465942383,414057
2025-02-27 19:15:00+00:00,24.235000610351562,24.239999771118164,24.149999618530273,24.209999084472656,1182565
2025-02-27 19:20:00+00:00,24.100099563598633,24.239900588989258,24.100000381469727,24.235000610351562,527875
2025-02-27 19:25:00+00:00,23.950899124145508,24.1200008392334,23.950000762939453,24.100000381469727,887198
2025-02-27 19:30:00+00:00,23.854999542236328,23.985000610351562,23.829999923706055,23.959999084472656,917851
2025-02-27 19:35:00+00:00,23.799999237060547,23.90999984741211,23.790000915527344,23.858999252319336,750864
2025-02-27 19:40:00+00:00,23.774999618530273,23.829999923706055,23.719999313354492,23.799999237060547,868120
2025-02-27 19:45:00+00:00,23.780000686645508,23.834999084472656,23.739999771118164,23.774999618530273,849455
2025-02-27 19:50:00+00:00,23.79319953918457,23.82710075378418,23.75,23.774999618530273,695082
2025-02-27 19:55:00+00:00,23.75550079345703,23.815000534057617,23.739999771118164,23.799999237060547,647153
2025-02-27 20:00:00+00:00,23.600000381469727,23.780000686645508,23.540000915527344,23.760000228881836,1246137
2025-02-27 20:05:00+00:00,23.540000915527344,23.610000610351562,23.520000457763672,23.600000381469727,886696
2025-02-27 20:10:00+00:00,23.530000686645508,23.579999923706055,23.489999771118164,23.53499984741211,1153959
2025-02-27 20:15:00+00:00,23.360000610351562,23.559999465942383,23.360000610351562,23.530000686645508,1110464
2025-02-27 20:20:00+00:00,23.42169952392578,23.459999084472656,23.34000015258789,23.3656005859375,880066
2025-02-27 20:25:00+00:00,23.329999923706055,23.475000381469727,23.31999969482422,23.43000030517578,835931
2025-02-27 20:30:00+00:00,23.315000534057617,23.399999618530273,23.309999465942383,23.334999084472656,944596
2025-02-27 20:35:00+00:00,23.299999237060547,23.375,23.280000686645508,23.309999465942383,1105593
2025-02-27 20:40:00+00:00,23.304500579833984,23.344999313354492,23.280000686645508,23.308900833129883,851405
2025-02-27 20:45:00+00:00,23.260000228881836,23.31999969482422,23.190000534057617,23.299999237060547,1222152
2025-02-27 20:50:00+00:00,23.19499969482422,23.31999969482422,23.19499969482422,23.260000228881836,2430810
2025-02-27 20:55:00+00:00,23.079999923706055,23.19499969482422,23.06999969482422,23.19499969482422,5750496
2025-02-28 14:30:00+00:00,22.809999465942383,23.09000015258789,22.639999389648438,23.020000457763672,4173380
2025-02-28 14:35:00+00:00,23.104999542236328,23.18000030517578,22.809999465942383,22.809999465942383,2335064
2025-02-28 14:40:00+00:00,23.155000686645508,23.170000076293945,22.8799991607666,23.104999542236328,1274978
2025-02-28 14:45:00+00:00,23.290700912475586,23.395000457763672,23.139999389648438,23.155000686645508,1931035
2025-02-28 14:50:00+00:00,23.469999313354492,23.469999313354492,23.239999771118164,23.295000076293945,1550518
2025-02-28 14:55:00+00:00,23.440000534057617,23.510000228881836,23.325000762939453,23.46929931640625,1438526
2025-02-28 15:00:00+00:00,23.78499984741211,23.790000915527344,23.399999618530273,23.43000030517578,2979702
2025-02-28 15:05:00+00:00,23.924999237060547,23.93000030517578,23.65999984741211,23.788000106811523,2469161
2025-02-28 15:10:00+00:00,24.1299991607666,24.158000946044922,23.844999313354492,23.924999237060547,3201011
2025-02-28 15:15:00+00:00,24.0049991607666,24.239999771118164,24.0,24.120100021362305,2647083
2025-02-28 15:20:00+00:00,24.229999542236328,24.290000915527344,23.980100631713867,24.0049991607666,2279172
2025-02-28 15:25:00+00:00,24.303199768066406,24.350000381469727,24.21500015258789,24.229999542236328,2596219
2025-02-28 15:30:00+00:00,24.379499435424805,24.440000534057617,24.280000686645508,24.302400588989258,2307710
2025-02-28 15:35:00+00:00,24.135000228881836,24.38990020751953,24.100000381469727,24.3700008392334,2805542
2025-02-28 15:40:00+00:00,24.045000076293945,24.170000076293945,24.020000457763672,24.135000228881836,1778054
2025-02-28 15:45:00+00:00,24.079999923706055,24.139999389648438,24.030000686645508,24.040000915527344,1125985
2025-02-28 15:50:00+00:00,24.040000915527344,24.1200008392334,24.010000228881836,24.079999923706055,1533465
2025-02-28 15:55:00+00:00,24.020000457763672,24.09000015258789,23.989999771118164,24.030000686645508,1247826
2025-02-28 16:00:00+00:00,23.92259979248047,24.045000076293945,23.90999984741211,24.030000686645508,834507
2025-02-28 16:05:00+00:00,23.905000686645508,24.059999465942383,23.899999618530273,23.920000076293945,1181902
2025-02-28 16:10:00+00:00,23.885000228881836,23.969999313354492,23.84000015258789,23.905000686645508,880303
2025-02-28 16:15:00+00:00,23.91320037841797,23.924999237060547,23.770000457763672,23.895000457763672,767285
2025-02-28 16:20:00+00:00,23.795000076293945,23.959999084472656,23.78499984741211,23.920000076293945,616298
2025-02-28 16:25:00+00:00,23.690000534057617,23.850000381469727,23.670000076293945,23.795000076293945,1015442
2025-02-28 16:30:00+00:00,23.799999237060547,23.849899291992188,23.65999984741211,23.68000030517578,1234746
2025-02-28 16:35:00+00:00,23.80500030517578,23.829999923706055,23.770000457763672,23.80500030517578,666886
2025-02-28 16:40:00+00:00,23.899999618530273,23.989999771118164,23.795000076293945,23.799999237060547,1410720
2025-02-28 16:45:00+00:00,23.94499969482422,23.969999313354492,23.8700008392334,23.899999618530273,430940
2025-02-28 16:50:00+00:00,23.915000915527344,23.950000762939453,23.850000381469727,23.94499969482422,599594
2025-02-28 16:55:00+00:00,23.864999771118164,23.91990089416504,23.844999313354492,23.915000915527344,407003
2025-02-28 17:00:00+00:00,23.844999313354492,23.895000457763672,23.81999969482422,23.860000610351562,557936
2025-02-28 17:05:00+00:00,23.844999313354492,23.850000381469727,23.770000457763672,23.844999313354492,578776
2025-02-28 17:10:00+00:00,23.96500015258789,23.989999771118164,23.815000534057617,23.84000015258789,885271
2025-02-28 17:15:00+00:00,23.970699310302734,24.0,23.920000076293945,23.959999084472656,527414
2025-02-28 17:20:00+00:00,23.781400680541992,23.979999542236328,23.760000228881836,23.969999313354492,789681
2025-02-28 17:25:00+00:00,23.809999465942383,23.8700008392334,23.78070068359375,23.78499984741211,567610
2025-02-28 17:30:00+00:00,23.834999084472656,23.850000381469727,23.790000915527344,23.81999969482422,573621
2025-02-28 17:35:00+00:00,23.760099411010742,23.834999084472656,23.75,23.834999084472656,616318
2025-02-28 17:40:00+00:00,23.655000686645508,23.780000686645508,23.6200008392334,23.764999389648438,666780
2025-02-28 17:45:00+00:00,23.5049991607666,23.684999465942383,23.4950008392334,23.650100708007812,1082149
2025-02-28 17:50:00+00:00,23.55500030517578,23.600000381469727,23.469999313354492,23.5049991607666,1051219
2025-02-28 17:55:00+00:00,23.440000534057617,23.55500030517578,23.434999465942383,23.549999237060547,580269
2025-02-28 18:00:00+00:00,23.475000381469727,23.545000076293945,23.421300888061523,23.440000534057617,586304
2025-02-28 18:05:00+00:00,23.454999923706055,23.499900817871094,23.420000076293945,23.475000381469727,673259
2025-02-28 18:10:00+00:00,23.46500015258789,23.4950008392334,23.40999984741211,23.450000762939453,523616
2025-02-28 18:15:00+00:00,23.325000762939453,23.530000686645508,23.320199966430664,23.46500015258789,1104661
2025-02-28 18:20:00+00:00,23.315000534057617,23.385000228881836,23.290000915527344,23.31999969482422,1134053
2025-02-28 18:25:00+00:00,23.47559928894043,23.479999542236328,23.309999465942383,23.313199996948242,1179150
2025-02-28 18:30:00+00:00,23.549999237060547,23.56999969482422,23.430099487304688,23.479999542236328,1120479
2025-02-28 18:35:00+00:00,23.59000015258789,23.625,23.549999237060547,23.55500030517578,1028464
2025-02-28 18:40:00+00:00,23.569900512695312,23.6299991607666,23.5,23.594999313354492,940081
2025-02-28 18:45:00+00:00,23.600000381469727,23.600000381469727,23.540000915527344,23.565000534057617,435132
2025-02-28 18:50:00+00:00,23.579999923706055,23.655000686645508,23.559999465942383,23.59000015258789,527024
2025-02-28 18:55:00+00:00,23.392000198364258,23.594999313354492,23.392000198364258,23.584999084472656,636218
2025-02-28 19:00:00+00:00,23.469999313354492,23.51799964904785,23.385000228881836,23.389999389648438,548451
2025-02-28 19:05:00+00:00,23.475000381469727,23.514999389648438,23.4424991607666,23.46500015258789,351147
2025-02-28 19:10:00+00:00,23.459999084472656,23.479999542236328,23.43000030517578,23.475000381469727,423537
2025-02-28 19:15:00+00:00,23.5,23.5,23.43000030517578,23.454999923706055,441672
2025-02-28 19:20:00+00:00,23.431699752807617,23.5049991607666,23.392000198364258,23.4950008392334,586699
2025-02-28 19:25:00+00:00,23.454999923706055,23.479999542236328,23.420000076293945,23.434999465942383,486823
2025-02-28 19:30:00+00:00,23.53499984741211,23.565000534057617,23.424999237060547,23.454999923706055,711258
2025-02-28 19:35:00+00:00,23.604999542236328,23.645000457763672,23.5,23.53499984741211,567158
2025-02-28 19:40:00+00:00,23.635000228881836,23.68000030517578,23.59000015258789,23.610000610351562,717694
2025-02-28 19:45:00+00:00,23.69499969482422,23.725000381469727,23.61989974975586,23.635000228881836,1119686
2025-02-28 19:50:00+00:00,23.674999237060547,23.739999771118164,23.665000915527344,23.690000534057617,589660
2025-02-28 19:55:00+00:00,23.690000534057617,23.701900482177734,23.6299991607666,23.670000076293945,494102
2025-02-28 20:00:00+00:00,23.809999465942383,23.82699966430664,23.670000076293945,23.674999237060547,631427
2025-02-28 20:05:00+00:00,23.778600692749023,23.828800201416016,23.7549991607666,23.81999969482422,424647
2025-02-28 20:10:00+00:00,23.77989959716797,23.799999237060547,23.703100204467773,23.774999618530273,499375
2025-02-28 20:15:00+00:00,23.780000686645508,23.780000686645508,23.71500015258789,23.780000686645508,475564
2025-02-28 20:20:00+00:00,23.71500015258789,23.774999618530273,23.68000030517578,23.774999618530273,678756
2025-02-28 20:25:00+00:00,23.788799285888672,23.799999237060547,23.709999084472656,23.71269989013672,571225
2025-02-28 20:30:00+00:00,23.649999618530273,23.790000915527344,23.639999389648438,23.790000915527344,662802
2025-02-28 20:35:00+00:00,23.64929962158203,23.665000915527344,23.579999923706055,23.645000457763672,611183
2025-02-28 20:40:00+00:00,23.645000457763672,23.700000762939453,23.631799697875977,23.645000457763672,562703
2025-02-28 20:45:00+00:00,23.670000076293945,23.68000030517578,23.614999771118164,23.639999389648438,557095
2025-02-28 20:50:00+00:00,23.69499969482422,23.700000762939453,23.549999237060547,23.65999984741211,1603385
2025-02-28 20:55:00+00:00,23.790000915527344,23.790000915527344,23.700000762939453,23.700000762939453,4269821
2025-03-03 14:30:00+00:00,24.6653995513916,25.035600662231445,24.489999771118164,25.010000228881836,13856045
2025-03-03 14:35:00+00:00,24.4950008392334,24.84000015258789,24.420000076293945,24.668899536132812,3422739
2025-03-03 14:40:00+00:00,24.350900650024414,24.59000015258789,24.309999465942383,24.499300003051758,2328892
2025-03-03 14:45:00+00:00,24.43000030517578,24.61989974975586,24.329999923706055,24.35569953918457,2310363
2025-03-03 14:50:00+00:00,24.34320068359375,24.545000076293945,24.31999969482422,24.43000030517578,1392754
2025-03-03 14:55:00+00:00,24.21500015258789,24.5,24.1200008392334,24.360000610351562,2969194
2025-03-03 15:00:00+00:00,24.229999542236328,24.354999542236328,24.010000228881836,24.200000762939453,2157879
2025-03-03 15:05:00+00:00,24.2450008392334,24.349899291992188,24.135000228881836,24.2185001373291,1442197
2025-03-03 15:10:00+00:00,23.930099487304688,24.5,23.780000686645508,24.2450008392334,4808869
2025-03-03 15:15:00+00:00,24.20989990234375,24.280000686645508,23.799999237060547,23.93000030517578,4217773
2025-03-03 15:20:00+00:00,24.225000381469727,24.420000076293945,24.15999984741211,24.204999923706055,2620143
2025-03-03 15:25:00+00:00,24.645000457763672,24.670000076293945,24.200000762939453,24.225000381469727,2679360
2025-03-03 15:30:00+00:00,24.594999313354492,24.81999969482422,24.53499984741211,24.64539909362793,2546844
2025-03-03 15:35:00+00:00,24.545000076293945,24.63990020751953,24.43000030517578,24.59000015258789,1482812
2025-03-03 15:40:00+00:00,24.70989990234375,24.769699096679688,24.452999114990234,24.545000076293945,1698684
2025-03-03 15:45:00+00:00,24.545000076293945,24.770000457763672,24.479999542236328,24.709999084472656,1164231
2025-03-03 15:50:00+00:00,24.674999237060547,24.704999923706055,24.540000915527344,24.545000076293945,888430
2025-03-03 15:55:00+00:00,24.485000610351562,24.68000030517578,24.450000762939453,24.68000030517578,872302
2025-03-03 16:00:00+00:00,24.655000686645508,24.719999313354492,24.489999771118164,24.489999771118164,1053221
2025-03-03 16:05:00+00:00,24.559999465942383,24.725000381469727,24.520000457763672,24.659000396728516,808049
2025-03-03 16:10:00+00:00,24.58099937438965,24.6299991607666,24.469999313354492,24.55500030517578,1088891
2025-03-03 16:15:00+00:00,24.579999923706055,24.6200008392334,24.549999237060547,24.59000015258789,645245
2025-03-03 16:20:00+00:00,24.655000686645508,24.69499969482422,24.55500030517578,24.56999969482422,886780
2025-03-03 16:25:00+00:00,24.527000427246094,24.655000686645508,24.489999771118164,24.655000686645508,1179406
2025-03-03 16:30:00+00:00,24.385000228881836,24.549999237060547,24.360000610351562,24.530000686645508,1074204
2025-03-03 16:35:00+00:00,24.5049991607666,24.565000534057617,24.360000610351562,24.385000228881836,1758618
2025-03-03 16:40:00+00:00,24.41160011291504,24.5049991607666,24.3799991607666,24.5049991607666,565667
2025-03-03 16:45:00+00:00,24.545000076293945,24.549999237060547,24.385000228881836,24.415000915527344,630529
2025-03-03 16:50:00+00:00,24.579999923706055,24.670000076293945,24.540000915527344,24.545000076293945,910744
2025-03-03 16:55:00+00:00,24.53499984741211,24.635000228881836,24.510000228881836,24.59000015258789,625983
2025-03-03 17:00:00+00:00,24.389999389648438,24.53499984741211,24.3799991607666,24.53499984741211,797338
2025-03-03 17:05:00+00:00,24.364999771118164,24.43000030517578,24.364099502563477,24.392499923706055,703521
2025-03-03 17:10:00+00:00,24.385000228881836,24.43000030517578,24.350000381469727,24.3700008392334,552243
2025-03-03 17:15:00+00:00,24.405000686645508,24.475000381469727,24.360000610351562,24.388200759887695,626952
2025-03-03 17:20:00+00:00,24.420900344848633,24.450000762939453,24.3700008392334,24.405000686645508,481606
2025-03-03 17:25:00+00:00,24.405000686645508,24.439899444580078,24.352500915527344,24.412399291992188,361427
2025-03-03 17:30:00+00:00,24.31999969482422,24.41990089416504,24.299999237060547,24.405000686645508,619662
2025-03-03 17:35:00+00:00,24.375,24.399999618530273,24.290000915527344,24.329999923706055,471224
2025-03-03 17:40:00+00:00,24.399999618530273,24.439899444580078,24.354999542236328,24.370100021362305,512882
2025-03-03 17:45:00+00:00,24.354999542236328,24.399999618530273,24.315000534057617,24.390100479125977,451319
2025-03-03 17:50:00+00:00,24.184999465942383,24.360000610351562,24.18000030517578,24.350000381469727,714048
2025-03-03 17:55:00+00:00,24.135000228881836,24.19499969482422,24.049999237060547,24.18000030517578,1149150
2025-03-03 18:00:00+00:00,24.020000457763672,24.145000457763672,24.020000457763672,24.135000228881836,622242
2025-03-03 18:05:00+00:00,23.8799991607666,24.035400390625,23.8700008392334,24.01219940185547,1196983
2025-03-03 18:10:00+00:00,23.795000076293945,23.8799991607666,23.719999313354492,23.8799991607666,1419777
2025-03-03 18:15:00+00:00,23.918800354003906,23.93000030517578,23.791500091552734,23.795000076293945,852967
2025-03-03 18:20:00+00:00,23.920000076293945,23.954999923706055,23.829999923706055,23.91550064086914,604800
2025-03-03 18:25:00+00:00,23.704999923706055,23.915000915527344,23.69499969482422,23.915000915527344,1376177
2025-03-03 18:30:00+00:00,23.690000534057617,23.770000457763672,23.670000076293945,23.709999084472656,606510
2025-03-03 18:35:00+00:00,23.689300537109375,23.799999237060547,23.68000030517578,23.690000534057617,586893
2025-03-03 18:40:00+00:00,23.834999084472656,23.8700008392334,23.68000030517578,23.68910026550293,915394
2025-03-03 18:45:00+00:00,23.954999923706055,24.049999237060547,23.782400131225586,23.834999084472656,1581401
2025-03-03 18:50:00+00:00,23.921899795532227,24.069900512695312,23.90999984741211,23.950000762939453,782672
2025-03-03 18:55:00+00:00,23.959999084472656,24.014999389648438,23.899999618530273,23.924999237060547,635311
2025-03-03 19:00:00+00:00,24.00860023498535,24.06999969482422,23.934999465942383,23.950000762939453,1293911
2025-03-03 19:05:00+00:00,23.936800003051758,24.014999389648438,23.8799991607666,24.008899688720703,739485
2025-03-03 19:10:00+00:00,23.895000457763672,23.950000762939453,23.8799991607666,23.940000534057617,473476
2025-03-03 19:15:00+00:00,23.850000381469727,23.920000076293945,23.829999923706055,23.895000457763672,1025448
2025-03-03 19:20:00+00:00,23.90999984741211,23.93000030517578,23.850000381469727,23.854999542236328,492433
2025-03-03 19:25:00+00:00,23.879899978637695,23.920000076293945,23.850000381469727,23.915000915527344,436439
2025-03-03 19:30:00+00:00,23.934999465942383,23.989200592041016,23.875,23.875,548328
2025-03-03 19:35:00+00:00,23.915000915527344,23.946300506591797,23.860000610351562,23.934999465942383,374758
2025-03-03 19:40:00+00:00,23.975000381469727,24.09000015258789,23.924999237060547,23.924999237060547,1849365
2025-03-03 19:45:00+00:00,23.536100387573242,23.989999771118164,23.350000381469727,23.969999313354492,3547612
2025-03-03 19:50:00+00:00,23.410900115966797,23.559999465942383,23.329999923706055,23.530000686645508,3218666
2025-03-03 19:55:00+00:00,23.360000610351562,23.454999923706055,23.280000686645508,23.415000915527344,1583817
2025-03-03 20:00:00+00:00,23.18000030517578,23.354999542236328,23.139999389648438,23.354999542236328,1692604
2025-03-03 20:05:00+00:00,23.09000015258789,23.21769905090332,23.065000534057617,23.174999237060547,1859083
2025-03-03 20:10:00+00:00,22.985000610351562,23.1299991607666,22.899999618530273,23.097999572753906,2999334
2025-03-03 20:15:00+00:00,22.934999465942383,23.1200008392334,22.90999984741211,22.985000610351562,1637952
2025-03-03 20:20:00+00:00,22.815000534057617,22.940000534057617,22.780000686645508,22.940000534057617,1723951
2025-03-03 20:25:00+00:00,22.75659942626953,22.84000015258789,22.704999923706055,22.809999465942383,1407136
2025-03-03 20:30:00+00:00,22.704999923706055,22.815000534057617,22.68000030517578,22.7549991607666,1649911
2025-03-03 20:35:00+00:00,22.594999313354492,22.760000228881836,22.579999923706055,22.704999923706055,1830651
2025-03-03 20:40:00+00:00,22.559999465942383,22.6299991607666,22.520000457763672,22.594999313354492,1725136
2025-03-03 20:45:00+00:00,22.6299991607666,22.690000534057617,22.55500030517578,22.559099197387695,2119065
2025-03-03 20:50:00+00:00,22.678600311279297,22.68000030517578,22.550100326538086,22.6200008392334,2957000
2025-03-03 20:55:00+00:00,22.760000228881836,22.790000915527344,22.570499420166016,22.68000030517578,4553509
2025-03-04 14:30:00+00:00,22.05500030517578,22.6299991607666,21.93000030517578,22.540000915527344,10558895
2025-03-04 14:35:00+00:00,22.319700241088867,22.579999923706055,22.045000076293945,22.05500030517578,3433347
2025-03-04 14:40:00+00:00,22.094999313354492,22.34000015258789,21.93000030517578,22.309999465942383,2929656
2025-03-04 14:45:00+00:00,21.979999542236328,22.190000534057617,21.96500015258789,22.100000381469727,1962671
2025-03-04 14:50:00+00:00,21.8799991607666,22.030000686645508,21.81999969482422,21.989999771118164,2545662
2025-03-04 14:55:00+00:00,21.604999542236328,22.010000228881836,21.600000381469727,21.885000228881836,4182440
2025-03-04 15:00:00+00:00,21.354999542236328,21.604999542236328,21.260000228881836,21.604999542236328,6602385
2025-03-04 15:05:00+00:00,21.274999618530273,21.454999923706055,21.270000457763672,21.354999542236328,2512643
2025-03-04 15:10:00+00:00,21.270000457763672,21.3799991607666,21.200000762939453,21.274999618530273,3078838
2025-03-04 15:15:00+00:00,21.0049991607666,21.260000228881836,20.979999542236328,21.260000228881836,3954431
2025-03-04 15:20:00+00:00,20.930700302124023,21.07990074157715,20.864999771118164,21.010000228881836,3432311
2025-03-04 15:25:00+00:00,21.100000381469727,21.219999313354492,20.854999542236328,20.924999237060547,3186602
2025-03-04 15:30:00+00:00,21.094999313354492,21.18670082092285,21.020000457763672,21.100000381469727,2174870
2025-03-04 15:35:00+00:00,20.954999923706055,21.139999389648438,20.90999984741211,21.079999923706055,3738955
2025-03-04 15:40:00+00:00,20.920000076293945,21.0049991607666,20.829999923706055,20.959999084472656,2683700
2025-03-04 15:45:00+00:00,20.979999542236328,21.03499984741211,20.850000381469727,20.93000030517578,2288172
2025-03-04 15:50:00+00:00,20.850500106811523,21.0,20.850000381469727,20.979999542236328,2109897
2025-03-04 15:55:00+00:00,20.899999618530273,20.924999237060547,20.81999969482422,20.854999542236328,1454846
2025-03-04 16:00:00+00:00,20.829999923706055,20.920000076293945,20.760000228881836,20.889999389648438,1690681
2025-03-04 16:05:00+00:00,20.850000381469727,20.979999542236328,20.81999969482422,20.834999084472656,1679926
2025-03-04 16:10:00+00:00,20.989999771118164,21.0,20.815000534057617,20.860000610351562,1340201
2025-03-04 16:15:00+00:00,20.895000457763672,21.09000015258789,20.885000228881836,20.979999542236328,1345349
2025-03-04 16:20:00+00:00,20.864999771118164,21.020000457763672,20.850000381469727,20.899999618530273,1385211
2025-03-04 16:25:00+00:00,20.825000762939453,20.899999618530273,20.79010009765625,20.860000610351562,1344699
2025-03-04 16:30:00+00:00,20.985000610351562,21.049999237060547,20.820499420166016,20.825000762939453,1744272
2025-03-04 16:35:00+00:00,20.950000762939453,21.030000686645508,20.93000030517578,20.985000610351562,1098409
2025-03-04 16:40:00+00:00,21.084999084472656,21.100000381469727,20.94499969482422,20.950000762939453,1278576
2025-03-04 16:45:00+00:00,21.1299991607666,21.155000686645508,21.010000228881836,21.084999084472656,957145
2025-03-04 16:50:00+00:00,21.104999542236328,21.149999618530273,21.045000076293945,21.135000228881836,1018609
2025-03-04 16:55:00+00:00,21.09000015258789,21.170000076293945,21.065000534057617,21.094999313354492,1104293
2025-03-04 17:00:00+00:00,21.049999237060547,21.10890007019043,20.979999542236328,21.09000015258789,1019736
2025-03-04 17:05:00+00:00,20.9950008392334,21.049999237060547,20.969999313354492,21.040000915527344,822754
2025-03-04 17:10:00+00:00,21.040000915527344,21.042200088500977,20.983200073242188,20.9950008392334,865505
2025-03-04 17:15:00+00:00,20.99329948425293,21.040000915527344,20.940000534057617,21.040000915527344,1001926
2025-03-04 17:20:00+00:00,20.979999542236328,21.020000457763672,20.934499740600586,20.979999542236328,1057282
2025-03-04 17:25:00+00:00,21.06760025024414,21.139999389648438,20.969999313354492,20.97010040283203,1617811
2025-03-04 17:30:00+00:00,21.145599365234375,21.16990089416504,20.979999542236328,21.059999465942383,924615
2025-03-04 17:35:00+00:00,21.315000534057617,21.325000762939453,21.1299991607666,21.145000457763672,1676953
2025-03-04 17:40:00+00:00,21.21500015258789,21.31999969482422,21.1299991607666,21.299999237060547,1549780
2025-03-04 17:45:00+00:00,21.239900588989258,21.309999465942383,21.200000762939453,21.209999084472656,895170
2025-03-04 17:50:00+00:00,21.215999603271484,21.25,21.1200008392334,21.235000610351562,865770
2025-03-04 17:55:00+00:00,21.184999465942383,21.25,21.1299991607666,21.209999084472656,671009
2025-03-04 18:00:00+00:00,21.18000030517578,21.229999542236328,21.149999618530273,21.184999465942383,566811
2025-03-04 18:05:00+00:00,21.344999313354492,21.3799991607666,21.159299850463867,21.159299850463867,849658
2025-03-04 18:10:00+00:00,21.469999313354492,21.5,21.329999923706055,21.34000015258789,1342584
2025-03-04 18:15:00+00:00,21.354999542236328,21.479999542236328,21.29010009765625,21.46500015258789,1378801
2025-03-04 18:20:00+00:00,21.334999084472656,21.408899307250977,21.295000076293945,21.360000610351562,704954
2025-03-04 18:25:00+00:00,21.219999313354492,21.360000610351562,21.21500015258789,21.334999084472656,768124
2025-03-04 18:30:00+00:00,21.274999618530273,21.290000915527344,21.130699157714844,21.219999313354492,977832
2025-03-04 18:35:00+00:00,21.285400390625,21.319299697875977,21.239999771118164,21.270000457763672,553947
2025-03-04 18:40:00+00:00,21.34000015258789,21.3799991607666,21.280000686645508,21.290000915527344,940909
2025-03-04 18:45:00+00:00,21.295000076293945,21.3700008392334,21.28499984741211,21.334999084472656,614860
2025-03-04 18:50:00+00:00,21.30500030517578,21.334999084472656,21.260000228881836,21.296199798583984,494089
2025-03-04 18:55:00+00:00,21.329999923706055,21.415000915527344,21.30500030517578,21.30500030517578,592256
2025-03-04 19:00:00+00:00,21.386699676513672,21.440000534057617,21.315000534057617,21.329999923706055,788955
2025-03-04 19:05:00+00:00,21.46500015258789,21.479999542236328,21.3799991607666,21.38990020751953,852452
2025-03-04 19:10:00+00:00,21.434999465942383,21.469999313354492,21.280000686645508,21.46500015258789,1395619
2025-03-04 19:15:00+00:00,21.449899673461914,21.469999313354492,21.399999618530273,21.434999465942383,671695
2025-03-04 19:20:00+00:00,21.584999084472656,21.610000610351562,21.43000030517578,21.44499969482422,1601545
2025-03-04 19:25:00+00:00,21.61009979248047,21.690000534057617,21.520000457763672,21.584999084472656,2088334
2025-03-04 19:30:00+00:00,21.600000381469727,21.635000228881836,21.5,21.6200008392334,1483467
2025-03-04 19:35:00+00:00,21.604999542236328,21.6299991607666,21.510099411010742,21.59440040588379,884314
2025-03-04 19:40:00+00:00,21.71500015258789,21.739999771118164,21.584999084472656,21.604999542236328,1721345
2025-03-04 19:45:00+00:00,21.757400512695312,21.799999237060547,21.700000762939453,21.719999313354492,1360736
2025-03-04 19:50:00+00:00,21.725000381469727,21.809999465942383,21.68000030517578,21.75,1078838
2025-03-04 19:55:00+00:00,21.815000534057617,21.850000381469727,21.714500427246094,21.72640037536621,877461
2025-03-04 20:00:00+00:00,21.825000762939453,21.93000030517578,21.809999465942383,21.815000534057617,1433615
2025-03-04 20:05:00+00:00,21.875,21.920000076293945,21.790000915527344,21.825000762939453,1019257
2025-03-04 20:10:00+00:00,21.90999984741211,21.93000030517578,21.829999923706055,21.8700008392334,741271
2025-03-04 20:15:00+00:00,21.915000915527344,21.93000030517578,21.825000762939453,21.905000686645508,810882
2025-03-04 20:20:00+00:00,22.094999313354492,22.100000381469727,21.90999984741211,21.915000915527344,1524786
2025-03-04 20:25:00+00:00,21.954999923706055,22.099300384521484,21.931100845336914,22.094999313354492,1595462
2025-03-04 20:30:00+00:00,21.739900588989258,21.957599639892578,21.700000762939453,21.954999923706055,2120842
2025-03-04 20:35:00+00:00,21.594999313354492,21.770000457763672,21.594999313354492,21.735000610351562,1486692
2025-03-04 20:40:00+00:00,21.604999542236328,21.639999389648438,21.545000076293945,21.594999313354492,1702285
2025-03-04 20:45:00+00:00,21.485000610351562,21.649999618530273,21.46500015258789,21.604999542236328,1832065
2025-03-04 20:50:00+00:00,21.274999618530273,21.475000381469727,21.229999542236328,21.475000381469727,3205356
2025-03-04 20:55:00+00:00,21.354999542236328,21.375,21.280000686645508,21.280000686645508,4367053
2025-03-05 14:30:00+00:00,20.975000381469727,21.360000610351562,20.860000610351562,21.350000381469727,6730485
2025-03-05 14:35:00+00:00,21.04759979248047,21.059999465942383,20.8700008392334,20.979999542236328,2002821
2025-03-05 14:40:00+00:00,21.030000686645508,21.200000762939453,21.010000228881836,21.049999237060547,1792329
2025-03-05 14:45:00+00:00,20.829999923706055,21.049999237060547,20.760000228881836,21.030000686645508,2370522
2025-03-05 14:50:00+00:00,20.72010040283203,20.895000457763672,20.709999084472656,20.825000762939453,1768247
2025-03-05 14:55:00+00:00,20.69879913330078,20.850000381469727,20.68000030517578,20.728599548339844,1556725
2025-03-05 15:00:00+00:00,21.014999389648438,21.09000015258789,20.69499969482422,20.69499969482422,2587135
2025-03-05 15:05:00+00:00,20.920000076293945,21.05500030517578,20.899999618530273,21.02750015258789,1453268
2025-03-05 15:10:00+00:00,20.78499984741211,20.979999542236328,20.75,20.905000686645508,1491740
2025-03-05 15:15:00+00:00,20.665000915527344,20.809999465942383,20.600000381469727,20.78499984741211,1862283
2025-03-05 15:20:00+00:00,20.565000534057617,20.700000762939453,20.550100326538086,20.66990089416504,2213622
2025-03-05 15:25:00+00:00,20.5049991607666,20.600000381469727,20.485000610351562,20.564699172973633,1942575
2025-03-05 15:30:00+00:00,20.600099563598633,20.649999618530273,20.5,20.510000228881836,1481700
2025-03-05 15:35:00+00:00,20.71780014038086,20.729999542236328,20.600000381469727,20.60919952392578,1199862
2025-03-05 15:40:00+00:00,20.71500015258789,20.729999542236328,20.639999389648438,20.719999313354492,1125703
2025-03-05 15:45:00+00:00,20.619699478149414,20.770000457763672,20.600000381469727,20.709999084472656,991179
2025-03-05 15:50:00+00:00,20.700700759887695,20.719999313354492,20.540000915527344,20.614999771118164,909677
2025-03-05 15:55:00+00:00,20.665000915527344,20.719999313354492,20.639999389648438,20.704999923706055,815959
2025-03-05 16:00:00+00:00,20.639999389648438,20.670000076293945,20.584999084472656,20.665000915527344,750897
2025-03-05 16:05:00+00:00,20.54010009765625,20.650699615478516,20.530000686645508,20.640100479125977,845593
2025-03-05 16:10:00+00:00,20.549299240112305,20.559999465942383,20.459999084472656,20.549999237060547,1769604
2025-03-05 16:15:00+00:00,20.43120002746582,20.59000015258789,20.43000030517578,20.545000076293945,1524086
2025-03-05 16:20:00+00:00,20.454999923706055,20.479999542236328,20.40999984741211,20.437700271606445,1478428
2025-03-05 16:25:00+00:00,20.405000686645508,20.479999542236328,20.389999389648438,20.459999084472656,1426775
2025-03-05 16:30:00+00:00,20.3700008392334,20.459999084472656,20.31999969482422,20.405000686645508,1876637
2025-03-05 16:35:00+00:00,20.405000686645508,20.479999542236328,20.334999084472656,20.366899490356445,1030191
2025-03-05 16:40:00+00:00,20.33650016784668,20.40999984741211,20.31999969482422,20.405000686645508,1031428
2025-03-05 16:45:00+00:00,20.357200622558594,20.399999618530273,20.309999465942383,20.334999084472656,954737
2025-03-05 16:50:00+00:00,20.30500030517578,20.354999542236328,20.299999237060547,20.354999542236328,1005740
2025-03-05 16:55:00+00:00,20.364999771118164,20.459999084472656,20.280000686645508,20.309999465942383,2217750
2025-03-05 17:00:00+00:00,20.364999771118164,20.499300003051758,20.360000610351562,20.364999771118164,1370939
2025-03-05 17:05:00+00:00,20.434999465942383,20.440000534057617,20.353599548339844,20.3700008392334,643235
2025-03-05 17:10:00+00:00,20.409900665283203,20.489999771118164,20.390199661254883,20.434999465942383,1213590
2025-03-05 17:15:00+00:00,20.344999313354492,20.43000030517578,20.34000015258789,20.40999984741211,1113129
2025-03-05 17:20:00+00:00,20.45599937438965,20.479999542236328,20.329999923706055,20.344999313354492,1689915
2025-03-05 17:25:00+00:00,20.366500854492188,20.458999633789062,20.329999923706055,20.454999923706055,911505
2025-03-05 17:30:00+00:00,20.354999542236328,20.389999389648438,20.350000381469727,20.364999771118164,768611
2025-03-05 17:35:00+00:00,20.344999313354492,20.3700008392334,20.329999923706055,20.354999542236328,875599
2025-03-05 17:40:00+00:00,20.344999313354492,20.399999618530273,20.329999923706055,20.34000015258789,909323
2025-03-05 17:45:00+00:00,20.308500289916992,20.350000381469727,20.25,20.34819984436035,1559262
2025-03-05 17:50:00+00:00,20.34000015258789,20.399999618530273,20.299999237060547,20.309999465942383,1649067
2025-03-05 17:55:00+00:00,20.354999542236328,20.389999389648438,20.31999969482422,20.34000015258789,853727
2025-03-05 18:00:00+00:00,20.3799991607666,20.399999618530273,20.340099334716797,20.3518009185791,1105113
2025-03-05 18:05:00+00:00,20.264999389648438,20.428800582885742,20.229999542236328,20.375,1806647
2025-03-05 18:10:00+00:00,20.21500015258789,20.290000915527344,20.20009994506836,20.260000228881836,1360367
2025-03-05 18:15:00+00:00,20.235000610351562,20.266300201416016,20.18000030517578,20.219999313354492,1505136
2025-03-05 18:20:00+00:00,20.325000762939453,20.350000381469727,20.209999084472656,20.219999313354492,930146
2025-03-05 18:25:00+00:00,20.295000076293945,20.34000015258789,20.280000686645508,20.325000762939453,633570
2025-03-05 18:30:00+00:00,20.299999237060547,20.354999542236328,20.234399795532227,20.299999237060547,855660
2025-03-05 18:35:00+00:00,20.334999084472656,20.34000015258789,20.270000457763672,20.299999237060547,597763
2025-03-05 18:40:00+00:00,20.28499984741211,20.34000015258789,20.26300048828125,20.34000015258789,525400
2025-03-05 18:45:00+00:00,20.405000686645508,20.43000030517578,20.290000915527344,20.290000915527344,942007
2025-03-05 18:50:00+00:00,20.386199951171875,20.420000076293945,20.364999771118164,20.405000686645508,739865
2025-03-05 18:55:00+00:00,20.38920021057129,20.40999984741211,20.354999542236328,20.38010025024414,824209
2025-03-05 19:00:00+00:00,20.487300872802734,20.520000457763672,20.350000381469727,20.38990020751953,1697588
2025-03-05 19:05:00+00:00,20.570100784301758,20.600000381469727,20.450000762939453,20.485000610351562,1371620
2025-03-05 19:10:00+00:00,20.565000534057617,20.59000015258789,20.530000686645508,20.575000762939453,1156677
2025-03-05 19:15:00+00:00,20.476999282836914,20.610000610351562,20.430500030517578,20.565000534057617,1558389
2025-03-05 19:20:00+00:00,20.454999923706055,20.526599884033203,20.450000762939453,20.479999542236328,1184032
2025-03-05 19:25:00+00:00,20.354999542236328,20.46500015258789,20.350000381469727,20.456899642944336,1739020
2025-03-05 19:30:00+00:00,20.488800048828125,20.5,20.360000610351562,20.360000610351562,1395401
2025-03-05 19:35:00+00:00,20.479999542236328,20.510000228881836,20.424999237060547,20.475000381469727,810979
2025-03-05 19:40:00+00:00,20.459999084472656,20.520000457763672,20.434999465942383,20.479999542236328,1083653
2025-03-05 19:45:00+00:00,20.4950008392334,20.510000228881836,20.440000534057617,20.469999313354492,680861
2025-03-05 19:50:00+00:00,20.5049991607666,20.510000228881836,20.43000030517578,20.499900817871094,961266
2025-03-05 19:55:00+00:00,20.614999771118164,20.639999389648438,20.5,20.50589942932129,1670821
2025-03-05 20:00:00+00:00,20.757699966430664,20.795000076293945,20.604999542236328,20.610000610351562,2176273
2025-03-05 20:05:00+00:00,20.850099563598633,20.899999618530273,20.7450008392334,20.756099700927734,1823738
2025-03-05 20:10:00+00:00,20.950000762939453,20.979999542236328,20.81999969482422,20.854999542236328,2323683
2025-03-05 20:15:00+00:00,20.8700008392334,20.979999542236328,20.770000457763672,20.94499969482422,1669541
2025-03-05 20:20:00+00:00,20.81999969482422,20.889999389648438,20.760000228881836,20.8799991607666,1698856
2025-03-05 20:25:00+00:00,20.920000076293945,20.950000762939453,20.81999969482422,20.82859992980957,1346360
2025-03-05 20:30:00+00:00,20.975000381469727,20.979999542236328,20.8700008392334,20.924999237060547,1536056
2025-03-05 20:35:00+00:00,20.954999923706055,21.0,20.934999465942383,20.979999542236328,1742101
2025-03-05 20:40:00+00:00,20.979999542236328,20.989999771118164,20.93000030517578,20.959999084472656,1394596
2025-03-05 20:45:00+00:00,20.864999771118164,20.975000381469727,20.844999313354492,20.975000381469727,1513321
2025-03-05 20:50:00+00:00,20.864999771118164,20.8799991607666,20.729999542236328,20.860000610351562,3048213
2025-03-05 20:55:00+00:00,20.795000076293945,20.920000076293945,20.760000228881836,20.860000610351562,5124445
2025-03-06 14:30:00+00:00,20.19499969482422,20.270000457763672,20.0,20.2450008392334,8182542
2025-03-06 14:35:00+00:00,20.454999923706055,20.575000762939453,20.139999389648438,20.19499969482422,3241502
2025-03-06 14:40:00+00:00,20.315000534057617,20.479999542236328,20.299999237060547,20.454999923706055,2422473
2025-03-06 14:45:00+00:00,20.475000381469727,20.520000457763672,20.309999465942383,20.315000534057617,2580134
2025-03-06 14:50:00+00:00,20.38089942932129,20.565000534057617,20.329999923706055,20.469999313354492,1369969
2025-03-06 14:55:00+00:00,20.360000610351562,20.454999923706055,20.290000915527344,20.3799991607666,869251
2025-03-06 15:00:00+00:00,20.459999084472656,20.520000457763672,20.290000915527344,20.360000610351562,1190550
2025-03-06 15:05:00+00:00,20.584999084472656,20.610000610351562,20.46500015258789,20.46929931640625,1468572
2025-03-06 15:10:00+00:00,20.639799118041992,20.68000030517578,20.540000915527344,20.579999923706055,1007202
2025-03-06 15:15:00+00:00,20.739999771118164,20.809999465942383,20.6200008392334,20.635000228881836,1403976
2025-03-06 15:20:00+00:00,20.875,20.920000076293945,20.729999542236328,20.7450008392334,2449258
2025-03-06 15:25:00+00:00,20.83650016784668,20.889999389648438,20.719999313354492,20.8700008392334,1202221
2025-03-06 15:30:00+00:00,20.80500030517578,20.885000228881836,20.78190040588379,20.829999923706055,1295313
2025-03-06 15:35:00+00:00,20.959999084472656,20.989999771118164,20.795000076293945,20.80500030517578,1421954
2025-03-06 15:40:00+00:00,21.01099967956543,21.1299991607666,20.93000030517578,20.959999084472656,2994687
2025-03-06 15:45:00+00:00,20.960100173950195,21.100000381469727,20.959999084472656,21.024999618530273,1395513
2025-03-06 15:50:00+00:00,20.901100158691406,21.020000457763672,20.8700008392334,20.96109962463379,1108137
2025-03-06 15:55:00+00:00,20.922399520874023,20.940000534057617,20.809999465942383,20.905000686645508,1095644
2025-03-06 16:00:00+00:00,20.9950008392334,21.040000915527344,20.93000030517578,20.93000030517578,956084
2025-03-06 16:05:00+00:00,20.989999771118164,21.010000228881836,20.90999984741211,20.9950008392334,660923
2025-03-06 16:10:00+00:00,20.941600799560547,21.040000915527344,20.93120002746582,20.979999542236328,830180
2025-03-06 16:15:00+00:00,20.992900848388672,21.039899826049805,20.93000030517578,20.940000534057617,700730
2025-03-06 16:20:00+00:00,21.011600494384766,21.024999618530273,20.959999084472656,20.989999771118164,607725
2025-03-06 16:25:00+00:00,20.940000534057617,21.079999923706055,20.860000610351562,21.014999389648438,1606705
2025-03-06 16:30:00+00:00,20.940000534057617,21.045000076293945,20.885000228881836,20.934999465942383,763438
2025-03-06 16:35:00+00:00,20.86989974975586,20.959999084472656,20.809999465942383,20.940000534057617,822648
2025-03-06 16:40:00+00:00,20.88010025024414,20.895000457763672,20.780899047851562,20.864999771118164,958032
2025-03-06 16:45:00+00:00,20.892099380493164,20.940000534057617,20.860000610351562,20.870100021362305,550209
2025-03-06 16:50:00+00:00,20.850000381469727,20.895000457763672,20.799999237060547,20.895000457763672,761583
2025-03-06 16:55:00+00:00,20.844999313354492,20.899900436401367,20.81999969482422,20.844999313354492,922900
2025-03-06 17:00:00+00:00,20.690000534057617,20.895000457763672,20.68000030517578,20.84000015258789,1061718
2025-03-06 17:05:00+00:00,20.76219940185547,20.76930046081543,20.65999984741211,20.684999465942383,817769
2025-03-06 17:10:00+00:00,20.655000686645508,20.769899368286133,20.649999618530273,20.760000228881836,562884
2025-03-06 17:15:00+00:00,20.66990089416504,20.69499969482422,20.610000610351562,20.655000686645508,543843
2025-03-06 17:20:00+00:00,20.700000762939453,20.780000686645508,20.65999984741211,20.665000915527344,562959
2025-03-06 17:25:00+00:00,20.64189910888672,20.704999923706055,20.550500869750977,20.704999923706055,794745
2025-03-06 17:30:00+00:00,20.740100860595703,20.75,20.639999389648438,20.639999389648438,479639
2025-03-06 17:35:00+00:00,20.649999618530273,20.75,20.649999618530273,20.7450008392334,388510
2025-03-06 17:40:00+00:00,20.665000915527344,20.719999313354492,20.649999618530273,20.649999618530273,346513
2025-03-06 17:45:00+00:00,20.52090072631836,20.65999984741211,20.490100860595703,20.65999984741211,777488
2025-03-06 17:50:00+00:00,20.604999542236328,20.610000610351562,20.514999389648438,20.520000457763672,614252
2025-03-06 17:55:00+00:00,20.674999237060547,20.739999771118164,20.591299057006836,20.600099563598633,852610
2025-03-06 18:00:00+00:00,20.690000534057617,20.709999084472656,20.649999618530273,20.674999237060547,1000957
2025-03-06 18:05:00+00:00,20.7549991607666,20.769899368286133,20.674999237060547,20.690000534057617,644280
2025-03-06 18:10:00+00:00,20.834999084472656,20.834999084472656,20.729999542236328,20.760000228881836,463232
2025-03-06 18:15:00+00:00,20.969999313354492,20.979999542236328,20.829999923706055,20.834999084472656,812515
2025-03-06 18:20:00+00:00,20.889999389648438,20.969999313354492,20.8700008392334,20.96500015258789,598334
2025-03-06 18:25:00+00:00,20.827199935913086,20.915000915527344,20.809999465942383,20.8799991607666,556190
2025-03-06 18:30:00+00:00,20.905000686645508,20.940000534057617,20.809900283813477,20.825000762939453,762993
2025-03-06 18:35:00+00:00,20.78499984741211,20.924999237060547,20.780000686645508,20.905000686645508,798859
2025-03-06 18:40:00+00:00,20.78499984741211,20.799999237060547,20.674999237060547,20.78499984741211,857405
2025-03-06 18:45:00+00:00,20.815000534057617,20.90999984741211,20.780000686645508,20.78499984741211,693561
2025-03-06 18:50:00+00:00,20.8700008392334,20.889999389648438,20.790000915527344,20.815000534057617,595446
2025-03-06 18:55:00+00:00,20.864999771118164,20.8799991607666,20.815000534057617,20.8700008392334,402403
2025-03-06 19:00:00+00:00,20.7450008392334,20.8799991607666,20.739999771118164,20.864999771118164,512948
2025-03-06 19:05:00+00:00,20.764999389648438,20.799999237060547,20.729999542236328,20.75,346589
2025-03-06 19:10:00+00:00,20.740100860595703,20.799999237060547,20.719999313354492,20.764999389648438,460400
2025-03-06 19:15:00+00:00,20.69499969482422,20.78499984741211,20.670000076293945,20.75,606921
2025-03-06 19:20:00+00:00,20.69610023498535,20.709999084472656,20.650100708007812,20.69580078125,475023
2025-03-06 19:25:00+00:00,20.63559913635254,20.700000762939453,20.600000381469727,20.700000762939453,518246
2025-03-06 19:30:00+00:00,20.59000015258789,20.649999618530273,20.575000762939453,20.6299991607666,483240
2025-03-06 19:35:00+00:00,20.61989974975586,20.65530014038086,20.579999923706055,20.594999313354492,662425
2025-03-06 19:40:00+00:00,20.729900360107422,20.7549991607666,20.610000610351562,20.610000610351562,709883
2025-03-06 19:45:00+00:00,20.940000534057617,20.940000534057617,20.710100173950195,20.725000381469727,907061
2025-03-06 19:50:00+00:00,20.959999084472656,21.049999237060547,20.915000915527344,20.94499969482422,1015844
2025-03-06 19:55:00+00:00,20.69499969482422,20.954999923706055,20.690000534057617,20.954999923706055,780893
2025-03-06 20:00:00+00:00,20.797399520874023,20.825000762939453,20.655000686645508,20.690000534057617,798676
2025-03-06 20:05:00+00:00,20.809999465942383,20.8700008392334,20.770099639892578,20.79990005493164,777154
2025-03-06 20:10:00+00:00,20.844999313354492,20.875,20.79010009765625,20.815000534057617,871527
2025-03-06 20:15:00+00:00,20.806800842285156,20.8799991607666,20.729999542236328,20.84000015258789,756732
2025-03-06 20:20:00+00:00,20.680500030517578,20.81999969482422,20.655000686645508,20.799999237060547,771204
2025-03-06 20:25:00+00:00,20.770000457763672,20.780000686645508,20.670000076293945,20.684999465942383,715602
2025-03-06 20:30:00+00:00,20.740100860595703,20.829999923706055,20.729999542236328,20.764999389648438,855720
2025-03-06 20:35:00+00:00,20.790000915527344,20.81999969482422,20.729999542236328,20.7450008392334,747838
2025-03-06 20:40:00+00:00,20.780000686645508,20.815000534057617,20.739999771118164,20.780000686645508,931765
2025-03-06 20:45:00+00:00,20.795000076293945,20.799999237060547,20.719999313354492,20.770000457763672,977571
2025-03-06 20:50:00+00:00,20.80500030517578,20.837499618530273,20.735000610351562,20.795000076293945,2081175
2025-03-06 20:55:00+00:00,20.760000228881836,20.809999465942383,20.739999771118164,20.80500030517578,3596527
2025-03-07 14:30:00+00:00,20.684999465942383,20.769899368286133,20.25,20.270000457763672,5061764
2025-03-07 14:35:00+00:00,20.770000457763672,20.799999237060547,20.59000015258789,20.690000534057617,1444753
2025-03-07 14:40:00+00:00,20.97369956970215,21.020000457763672,20.7450008392334,20.774999618530273,2242638
2025-03-07 14:45:00+00:00,20.924999237060547,21.049999237060547,20.905000686645508,20.975000381469727,1721873
2025-03-07 14:50:00+00:00,20.950000762939453,20.989999771118164,20.844999313354492,20.924999237060547,1138797
2025-03-07 14:55:00+00:00,20.8799991607666,21.0049991607666,20.84149932861328,20.930599212646484,1638166
2025-03-07 15:00:00+00:00,21.04840087890625,21.139999389648438,20.78499984741211,20.8799991607666,2716572
2025-03-07 15:05:00+00:00,21.094999313354492,21.200000762939453,20.969999313354492,21.040000915527344,1266032
2025-03-07 15:10:00+00:00,21.0,21.100000381469727,20.93000030517578,21.094999313354492,1188697
2025-03-07 15:15:00+00:00,20.84119987487793,20.999000549316406,20.80500030517578,20.9950008392334,905470
2025-03-07 15:20:00+00:00,20.92970085144043,20.969999313354492,20.809999465942383,20.844999313354492,821001
2025-03-07 15:25:00+00:00,20.864999771118164,20.940000534057617,20.844999313354492,20.920000076293945,796554
2025-03-07 15:30:00+00:00,20.620100021362305,20.860000610351562,20.600000381469727,20.860000610351562,1372343
2025-03-07 15:35:00+00:00,20.645000457763672,20.690000534057617,20.600000381469727,20.625,785292
2025-03-07 15:40:00+00:00,20.670000076293945,20.68000030517578,20.549999237060547,20.649999618530273,1022270
2025-03-07 15:45:00+00:00,20.764999389648438,20.8700008392334,20.579999923706055,20.665000915527344,1175147
2025-03-07 15:50:00+00:00,20.720699310302734,20.78499984741211,20.600099563598633,20.770700454711914,714409
2025-03-07 15:55:00+00:00,20.639999389648438,20.739999771118164,20.600099563598633,20.719999313354492,532688
2025-03-07 16:00:00+00:00,20.549999237060547,20.639999389648438,20.549999237060547,20.639999389648438,736086
2025-03-07 16:05:00+00:00,20.545000076293945,20.6200008392334,20.524999618530273,20.549999237060547,801461
2025-03-07 16:10:00+00:00,20.514999389648438,20.56559944152832,20.489999771118164,20.549999237060547,577794
2025-03-07 16:15:00+00:00,20.409299850463867,20.524999618530273,20.399999618530273,20.520000457763672,1059792
2025-03-07 16:20:00+00:00,20.34000015258789,20.434999465942383,20.34000015258789,20.405000686645508,941065
2025-03-07 16:25:00+00:00,20.32710075378418,20.375,20.270000457763672,20.344999313354492,1282946
2025-03-07 16:30:00+00:00,20.290700912475586,20.350000381469727,20.280000686645508,20.329999923706055,857321
2025-03-07 16:35:00+00:00,20.2450008392334,20.299999237060547,20.219999313354492,20.295000076293945,869619
2025-03-07 16:40:00+00:00,20.204999923706055,20.24720001220703,20.139999389648438,20.239999771118164,1247124
2025-03-07 16:45:00+00:00,20.225000381469727,20.277599334716797,20.190000534057617,20.20009994506836,938438
2025-03-07 16:50:00+00:00,20.25,20.256799697875977,20.190000534057617,20.225000381469727,728853
2025-03-07 16:55:00+00:00,20.299999237060547,20.31999969482422,20.219999313354492,20.25,817196
2025-03-07 17:00:00+00:00,20.354999542236328,20.40999984741211,20.290000915527344,20.30500030517578,621781
2025-03-07 17:05:00+00:00,20.280000686645508,20.377599716186523,20.229999542236328,20.354999542236328,810675
2025-03-07 17:10:00+00:00,20.18000030517578,20.270000457763672,20.139999389648438,20.270000457763672,1296490
2025-03-07 17:15:00+00:00,20.155000686645508,20.209999084472656,20.139999389648438,20.184999465942383,976066
2025-03-07 17:20:00+00:00,20.190000534057617,20.200000762939453,20.110000610351562,20.149999618530273,1019753
2025-03-07 17:25:00+00:00,20.25979995727539,20.28499984741211,20.15999984741211,20.190000534057617,522866
2025-03-07 17:30:00+00:00,20.30500030517578,20.309999465942383,20.21500015258789,20.25,617332
2025-03-07 17:35:00+00:00,20.239999771118164,20.34000015258789,20.235000610351562,20.299999237060547,787221
2025-03-07 17:40:00+00:00,20.32900047302246,20.350000381469727,20.225000381469727,20.247600555419922,885365
2025-03-07 17:45:00+00:00,20.369199752807617,20.43000030517578,20.325000762939453,20.325000762939453,681742
2025-03-07 17:50:00+00:00,20.479999542236328,20.479999542236328,20.354999542236328,20.3700008392334,683018
2025-03-07 17:55:00+00:00,20.225000381469727,20.479999542236328,20.204999923706055,20.475000381469727,760339
2025-03-07 18:00:00+00:00,20.424999237060547,20.44499969482422,20.225000381469727,20.225000381469727,648049
2025-03-07 18:05:00+00:00,20.399900436401367,20.489999771118164,20.389999389648438,20.424999237060547,556211
2025-03-07 18:10:00+00:00,20.399999618530273,20.420000076293945,20.299999237060547,20.399999618530273,461480
2025-03-07 18:15:00+00:00,20.344999313354492,20.395000457763672,20.309999465942383,20.395000457763672,382554
2025-03-07 18:20:00+00:00,20.278400421142578,20.389999389648438,20.270000457763672,20.344999313354492,717328
2025-03-07 18:25:00+00:00,20.299999237060547,20.325000762939453,20.25,20.270000457763672,401457
2025-03-07 18:30:00+00:00,20.329999923706055,20.354999542236328,20.280099868774414,20.309999465942383,358306
2025-03-07 18:35:00+00:00,20.459999084472656,20.479999542236328,20.309999465942383,20.329999923706055,534886
2025-03-07 18:40:00+00:00,20.44499969482422,20.510000228881836,20.395000457763672,20.46500015258789,704612
2025-03-07 18:45:00+00:00,20.438899993896484,20.47920036315918,20.43000030517578,20.447900772094727,408424
2025-03-07 18:50:00+00:00,20.5,20.530000686645508,20.420000076293945,20.440000534057617,528032
2025-03-07 18:55:00+00:00,20.46500015258789,20.510000228881836,20.43000030517578,20.5049991607666,421452
2025-03-07 19:00:00+00:00,20.4950008392334,20.53890037536621,20.454700469970703,20.459999084472656,458791
2025-03-07 19:05:00+00:00,20.47260093688965,20.514999389648438,20.454999923706055,20.5,472141
2025-03-07 19:10:00+00:00,20.52989959716797,20.549999237060547,20.450000762939453,20.475000381469727,628579
2025-03-07 19:15:00+00:00,20.559999465942383,20.565000534057617,20.51930046081543,20.52680015563965,466547
2025-03-07 19:20:00+00:00,20.645000457763672,20.649999618530273,20.559999465942383,20.559999465942383,810293
2025-03-07 19:25:00+00:00,20.625,20.65999984741211,20.55500030517578,20.649999618530273,797919
2025-03-07 19:30:00+00:00,20.645000457763672,20.65999984741211,20.610000610351562,20.625,698362
2025-03-07 19:35:00+00:00,20.655000686645508,20.68000030517578,20.579999923706055,20.645000457763672,527861
2025-03-07 19:40:00+00:00,20.575000762939453,20.674999237060547,20.549999237060547,20.65999984741211,571623
2025-03-07 19:45:00+00:00,20.5049991607666,20.579999923706055,20.5,20.575000762939453,514230
2025-03-07 19:50:00+00:00,20.55500030517578,20.559999465942383,20.500699996948242,20.510000228881836,411320
2025-03-07 19:55:00+00:00,20.514999389648438,20.579999923706055,20.510000228881836,20.559999465942383,323283
2025-03-07 20:00:00+00:00,20.489999771118164,20.52989959716797,20.472000122070312,20.510000228881836,556186
2025-03-07 20:05:00+00:00,20.553199768066406,20.56999969482422,20.479999542236328,20.485000610351562,628777
2025-03-07 20:10:00+00:00,20.530000686645508,20.59000015258789,20.510000228881836,20.55500030517578,534678
2025-03-07 20:15:00+00:00,20.58989906311035,20.610000610351562,20.485000610351562,20.530000686645508,598340
2025-03-07 20:20:00+00:00,20.565000534057617,20.600000381469727,20.540000915527344,20.584999084472656,448750
2025-03-07 20:25:00+00:00,20.565000534057617,20.584999084472656,20.55139923095703,20.565000534057617,445392
2025-03-07 20:30:00+00:00,20.559900283813477,20.59000015258789,20.530099868774414,20.559999465942383,486458
2025-03-07 20:35:00+00:00,20.43000030517578,20.559999465942383,20.400100708007812,20.55500030517578,837217
2025-03-07 20:40:00+00:00,20.462099075317383,20.46619987487793,20.350000381469727,20.434999465942383,842783
2025-03-07 20:45:00+00:00,20.565000534057617,20.565000534057617,20.454999923706055,20.46500015258789,920918
2025-03-07 20:50:00+00:00,20.604999542236328,20.610000610351562,20.489999771118164,20.559999465942383,1488773
2025-03-07 20:55:00+00:00,20.6299991607666,20.729999542236328,20.610000610351562,20.610000610351562,4037564
2025-03-10 13:30:00+00:00,20.354999542236328,20.510000228881836,20.209999084472656,20.229999542236328,3428918
2025-03-10 13:35:00+00:00,20.329999923706055,20.440000534057617,20.290000915527344,20.360000610351562,1074250
2025-03-10 13:40:00+00:00,20.415000915527344,20.450000762939453,20.299999237060547,20.329999923706055,966143
2025-03-10 13:45:00+00:00,20.364999771118164,20.47879981994629,20.298799514770508,20.415000915527344,948863
2025-03-10 13:50:00+00:00,20.21500015258789,20.438800811767578,20.200000762939453,20.364999771118164,815043
2025-03-10 13:55:00+00:00,20.213499069213867,20.309999465942383,20.170000076293945,20.219999313354492,1166172
2025-03-10 14:00:00+00:00,20.045000076293945,20.21500015258789,20.030000686645508,20.21500015258789,1626660
2025-03-10 14:05:00+00:00,20.014999389648438,20.09000015258789,20.010000228881836,20.049999237060547,1215474
2025-03-10 14:10:00+00:00,20.030000686645508,20.059999465942383,20.0,20.010000228881836,1884541
2025-03-10 14:15:00+00:00,20.03499984741211,20.069900512695312,20.0,20.020000457763672,1180180
2025-03-10 14:20:00+00:00,20.110000610351562,20.110000610351562,20.0,20.03499984741211,804545
2025-03-10 14:25:00+00:00,20.020000457763672,20.128799438476562,20.010000228881836,20.110000610351562,625812
2025-03-10 14:30:00+00:00,20.020099639892578,20.09000015258789,20.0,20.014999389648438,1173540
2025-03-10 14:35:00+00:00,20.075000762939453,20.1200008392334,19.989999771118164,20.020000457763672,1102599
2025-03-10 14:40:00+00:00,20.110000610351562,20.139999389648438,20.061800003051758,20.075000762939453,671937
2025-03-10 14:45:00+00:00,20.110000610351562,20.1299991607666,20.059999465942383,20.104999542236328,705090
2025-03-10 14:50:00+00:00,20.03059959411621,20.1200008392334,20.010000228881836,20.110000610351562,883601
2025-03-10 14:55:00+00:00,20.075000762939453,20.079999923706055,20.0,20.040000915527344,1748641
2025-03-10 15:00:00+00:00,20.084999084472656,20.15999984741211,20.059999465942383,20.079999923706055,930801
2025-03-10 15:05:00+00:00,20.058399200439453,20.100000381469727,20.030000686645508,20.079999923706055,580283
2025-03-10 15:10:00+00:00,20.03499984741211,20.059999465942383,20.010000228881836,20.05500030517578,554520
2025-03-10 15:15:00+00:00,20.030000686645508,20.1200008392334,20.024999618530273,20.03499984741211,569307
2025-03-10 15:20:00+00:00,20.110000610351562,20.127300262451172,20.010000228881836,20.030000686645508,550827
2025-03-10 15:25:00+00:00,20.114999771118164,20.135000228881836,20.09000015258789,20.100000381469727,324836
2025-03-10 15:30:00+00:00,20.20989990234375,20.235000610351562,20.114999771118164,20.114999771118164,578302
2025-03-10 15:35:00+00:00,20.25,20.31999969482422,20.200000762939453,20.209999084472656,858131
2025-03-10 15:40:00+00:00,20.145000457763672,20.290000915527344,20.110000610351562,20.2549991607666,466120
2025-03-10 15:45:00+00:00,20.16900062561035,20.209999084472656,20.131999969482422,20.149900436401367,417454
2025-03-10 15:50:00+00:00,20.145000457763672,20.179899215698242,20.114999771118164,20.165000915527344,369618
2025-03-10 15:55:00+00:00,20.108800888061523,20.15880012512207,20.079999923706055,20.145000457763672,371130
2025-03-10 16:00:00+00:00,20.110000610351562,20.165000915527344,20.100000381469727,20.104999542236328,480582
2025-03-10 16:05:00+00:00,20.1200008392334,20.139999389648438,20.09000015258789,20.110000610351562,202820
2025-03-10 16:10:00+00:00,20.165000915527344,20.165000915527344,20.110000610351562,20.114999771118164,400857
2025-03-10 16:15:00+00:00,20.094999313354492,20.170000076293945,20.09000015258789,20.165000915527344,379621
2025-03-10 16:20:00+00:00,20.06999969482422,20.1200008392334,20.049999237060547,20.094999313354492,645562
2025-03-10 16:25:00+00:00,20.075000762939453,20.114999771118164,20.040000915527344,20.06999969482422,599156
2025-03-10 16:30:00+00:00,20.1200008392334,20.149999618530273,20.06999969482422,20.079999923706055,518057
2025-03-10 16:35:00+00:00,20.030000686645508,20.125,20.030000686645508,20.1200008392334,473603
2025-03-10 16:40:00+00:00,20.05190086364746,20.079999923706055,20.030000686645508,20.030000686645508,345653
2025-03-10 16:45:00+00:00,20.020099639892578,20.06999969482422,20.010000228881836,20.054399490356445,422354
2025-03-10 16:50:00+00:00,20.045000076293945,20.067899703979492,20.010000228881836,20.020000457763672,393590
2025-03-10 16:55:00+00:00,20.010000228881836,20.065000534057617,20.0,20.045000076293945,423990
2025-03-10 17:00:00+00:00,19.969999313354492,20.033300399780273,19.959999084472656,20.010000228881836,1239887
2025-03-10 17:05:00+00:00,19.90999984741211,19.969999313354492,19.90999984741211,19.96769905090332,892672
2025-03-10 17:10:00+00:00,19.924999237060547,19.93000030517578,19.860000610351562,19.915000915527344,1182505
2025-03-10 17:15:00+00:00,19.93000030517578,19.950000762939453,19.899999618530273,19.920000076293945,434071
2025-03-10 17:20:00+00:00,19.9950008392334,20.020000457763672,19.920000076293945,19.934999465942383,642091
2025-03-10 17:25:00+00:00,19.959999084472656,19.999900817871094,19.940000534057617,19.9950008392334,528909
2025-03-10 17:30:00+00:00,19.924999237060547,19.969999313354492,19.90999984741211,19.9512996673584,658172
2025-03-10 17:35:00+00:00,19.900100708007812,19.969900131225586,19.854999542236328,19.928300857543945,797080
2025-03-10 17:40:00+00:00,19.888200759887695,19.91990089416504,19.8700008392334,19.899999618530273,569789
2025-03-10 17:45:00+00:00,19.834999084472656,19.909799575805664,19.809999465942383,19.885900497436523,1329599
2025-03-10 17:50:00+00:00,19.864999771118164,19.864999771118164,19.799999237060547,19.834999084472656,708235
2025-03-10 17:55:00+00:00,19.81999969482422,19.864999771118164,19.799999237060547,19.864999771118164,498598
2025-03-10 18:00:00+00:00,19.815000534057617,19.84000015258789,19.799999237060547,19.828800201416016,493563
2025-03-10 18:05:00+00:00,19.79010009765625,19.81999969482422,19.75,19.81999969482422,991923
2025-03-10 18:10:00+00:00,19.895000457763672,19.915000915527344,19.790000915527344,19.790300369262695,899286
2025-03-10 18:15:00+00:00,19.895000457763672,19.939899444580078,19.885000228881836,19.899900436401367,582989
2025-03-10 18:20:00+00:00,19.905000686645508,19.92889976501465,19.8799991607666,19.899999618530273,416880
2025-03-10 18:25:00+00:00,19.844999313354492,19.915000915527344,19.823400497436523,19.905000686645508,513969
2025-03-10 18:30:00+00:00,19.885000228881836,19.91990089416504,19.84000015258789,19.844999313354492,493155
2025-03-10 18:35:00+00:00,19.840099334716797,19.885000228881836,19.829999923706055,19.885000228881836,705995
2025-03-10 18:40:00+00:00,19.815000534057617,19.844999313354492,19.780000686645508,19.844999313354492,772225
2025-03-10 18:45:00+00:00,19.800100326538086,19.829999923706055,19.795000076293945,19.81999969482422,476788
2025-03-10 18:50:00+00:00,19.7549991607666,19.809999465942383,19.739999771118164,19.809999465942383,1135887
2025-03-10 18:55:00+00:00,19.709999084472656,19.76849937438965,19.68000030517578,19.760000228881836,902379
2025-03-10 19:00:00+00:00,19.739999771118164,19.770000457763672,19.700000762939453,19.700000762939453,876447
2025-03-10 19:05:00+00:00,19.65999984741211,19.75,19.649999618530273,19.735000610351562,1282792
2025-03-10 19:10:00+00:00,19.770000457763672,19.780000686645508,19.65999984741211,19.65999984741211,1108105
2025-03-10 19:15:00+00:00,19.875,19.8799991607666,19.753599166870117,19.765600204467773,990184
2025-03-10 19:20:00+00:00,19.959999084472656,19.959999084472656,19.860000610351562,19.8799991607666,1016434
2025-03-10 19:25:00+00:00,19.8799991607666,20.010000228881836,19.8799991607666,19.951799392700195,1053340
2025-03-10 19:30:00+00:00,20.069299697875977,20.09000015258789,19.875,19.885000228881836,1578416
2025-03-10 19:35:00+00:00,20.0049991607666,20.09000015258789,19.950000762939453,20.059999465942383,1065077
2025-03-10 19:40:00+00:00,19.90999984741211,20.020000457763672,19.90999984741211,20.0049991607666,1201259
2025-03-10 19:45:00+00:00,19.934999465942383,19.969999313354492,19.90999984741211,19.911800384521484,1255497
2025-03-10 19:50:00+00:00,19.8799991607666,20.0049991607666,19.84000015258789,19.934999465942383,2357512
2025-03-10 19:55:00+00:00,19.954999923706055,19.979999542236328,19.860000610351562,19.885000228881836,3657126
2025-03-11 13:30:00+00:00,19.790000915527344,19.96500015258789,19.743999481201172,19.96500015258789,4803004
2025-03-11 13:35:00+00:00,20.010000228881836,20.014999389648438,19.7549991607666,19.774999618530273,1756616
2025-03-11 13:40:00+00:00,19.885000228881836,20.014999389648438,19.760000228881836,20.010000228881836,1718060
2025-03-11 13:45:00+00:00,19.889999389648438,19.920000076293945,19.790000915527344,19.8799991607666,1077784
2025-03-11 13:50:00+00:00,19.8700008392334,19.967300415039062,19.809999465942383,19.895000457763672,941161
2025-03-11 13:55:00+00:00,19.860000610351562,19.93000030517578,19.81999969482422,19.8700008392334,764159
2025-03-11 14:00:00+00:00,19.674999237060547,20.014999389648438,19.621000289916992,19.860000610351562,2101095
2025-03-11 14:05:00+00:00,19.8799991607666,19.940000534057617,19.639999389648438,19.669300079345703,1250210
2025-03-11 14:10:00+00:00,19.780000686645508,19.90999984741211,19.760000228881836,19.8799991607666,730917
2025-03-11 14:15:00+00:00,19.7549991607666,19.850000381469727,19.71500015258789,19.780000686645508,936395
2025-03-11 14:20:00+00:00,19.61009979248047,19.760000228881836,19.575000762939453,19.75,1382202
2025-03-11 14:25:00+00:00,19.504600524902344,19.6299991607666,19.469999313354492,19.614999771118164,2392075
2025-03-11 14:30:00+00:00,19.40999984741211,19.56999969482422,19.399999618530273,19.5049991607666,2382282
2025-03-11 14:35:00+00:00,19.325000762939453,19.479999542236328,19.290000915527344,19.415000915527344,1952485
2025-03-11 14:40:00+00:00,19.3799991607666,19.40999984741211,19.299999237060547,19.325000762939453,1560063
2025-03-11 14:45:00+00:00,19.33989906311035,19.40999984741211,19.31999969482422,19.375,1240926
2025-03-11 14:50:00+00:00,19.510000228881836,19.530000686645508,19.329999923706055,19.329999923706055,1204372
2025-03-11 14:55:00+00:00,19.452299118041992,19.510000228881836,19.40999984741211,19.5,801314
2025-03-11 15:00:00+00:00,19.43000030517578,19.530000686645508,19.360000610351562,19.454999923706055,1391078
2025-03-11 15:05:00+00:00,19.569299697875977,19.579999923706055,19.389999389648438,19.424999237060547,903793
2025-03-11 15:10:00+00:00,19.575000762939453,19.610000610351562,19.5,19.56999969482422,678253
2025-03-11 15:15:00+00:00,19.53499984741211,19.639999389648438,19.510000228881836,19.575000762939453,727565
2025-03-11 15:20:00+00:00,19.508800506591797,19.59000015258789,19.450000762939453,19.530000686645508,746657
2025-03-11 15:25:00+00:00,19.536699295043945,19.600000381469727,19.504899978637695,19.5049991607666,639669
2025-03-11 15:30:00+00:00,19.57819938659668,19.614999771118164,19.5,19.530000686645508,348293
2025-03-11 15:35:00+00:00,19.533100128173828,19.600000381469727,19.450000762939453,19.57990074157715,1092425
2025-03-11 15:40:00+00:00,19.6200008392334,19.649999618530273,19.533000946044922,19.538700103759766,690678
2025-03-11 15:45:00+00:00,19.6200008392334,19.6299991607666,19.53499984741211,19.610000610351562,478387
2025-03-11 15:50:00+00:00,19.623699188232422,19.649999618530273,19.56999969482422,19.6200008392334,398349
2025-03-11 15:55:00+00:00,19.485599517822266,19.639999389648438,19.469999313354492,19.6299991607666,468355
2025-03-11 16:00:00+00:00,19.5,19.565000534057617,19.440000534057617,19.485000610351562,598534
2025-03-11 16:05:00+00:00,19.44499969482422,19.524999618530273,19.420000076293945,19.4950008392334,535059
2025-03-11 16:10:00+00:00,19.446800231933594,19.469999313354492,19.424999237060547,19.44499969482422,680908
2025-03-11 16:15:00+00:00,19.479999542236328,19.5,19.440099716186523,19.442800521850586,444667
2025-03-11 16:20:00+00:00,19.559999465942383,19.559999465942383,19.469999313354492,19.485000610351562,426137
2025-03-11 16:25:00+00:00,19.604999542236328,19.6200008392334,19.549999237060547,19.550100326538086,589328
2025-03-11 16:30:00+00:00,19.739999771118164,19.75,19.59280014038086,19.610000610351562,852860
2025-03-11 16:35:00+00:00,19.7549991607666,19.770000457763672,19.700000762939453,19.74250030517578,944505
2025-03-11 16:40:00+00:00,19.718700408935547,19.780000686645508,19.67009925842285,19.760000228881836,527136
2025-03-11 16:45:00+00:00,19.743099212646484,19.770000457763672,19.71739959716797,19.725000381469727,408417
2025-03-11 16:50:00+00:00,19.672199249267578,19.76650047302246,19.642000198364258,19.75,446515
2025-03-11 16:55:00+00:00,19.614999771118164,19.690000534057617,19.584999084472656,19.670000076293945,346771
2025-03-11 17:00:00+00:00,19.575000762939453,19.6200008392334,19.549999237060547,19.610000610351562,413074
2025-03-11 17:05:00+00:00,19.569000244140625,19.594999313354492,19.52440071105957,19.575000762939453,373560
2025-03-11 17:10:00+00:00,19.549999237060547,19.59000015258789,19.530000686645508,19.567699432373047,298933
2025-03-11 17:15:00+00:00,19.53499984741211,19.579999923706055,19.528799057006836,19.540000915527344,469941
2025-03-11 17:20:00+00:00,19.514999389648438,19.540000915527344,19.469999313354492,19.53499984741211,547945
2025-03-11 17:25:00+00:00,19.479999542236328,19.549999237060547,19.459999084472656,19.520000457763672,414064
2025-03-11 17:30:00+00:00,19.475000381469727,19.56999969482422,19.454999923706055,19.478900909423828,672086
2025-03-11 17:35:00+00:00,19.514999389648438,19.520000457763672,19.450000762939453,19.469999313354492,460007
2025-03-11 17:40:00+00:00,19.59000015258789,19.600000381469727,19.510000228881836,19.520000457763672,399993
2025-03-11 17:45:00+00:00,19.649900436401367,19.709999084472656,19.56999969482422,19.59000015258789,545726
2025-03-11 17:50:00+00:00,19.635000228881836,19.665000915527344,19.604999542236328,19.645000457763672,627450
2025-03-11 17:55:00+00:00,19.584999084472656,19.638399124145508,19.510000228881836,19.635000228881836,733282
2025-03-11 18:00:00+00:00,19.725000381469727,19.780000686645508,19.575000762939453,19.581600189208984,672189
2025-03-11 18:05:00+00:00,19.735000610351562,19.790000915527344,19.67009925842285,19.729999542236328,443975
2025-03-11 18:10:00+00:00,19.825000762939453,19.829999923706055,19.72760009765625,19.736000061035156,533673
2025-03-11 18:15:00+00:00,19.809999465942383,19.81999969482422,19.75,19.81999969482422,521306
2025-03-11 18:20:00+00:00,19.81999969482422,19.889999389648438,19.790000915527344,19.808900833129883,581107
2025-03-11 18:25:00+00:00,19.815000534057617,19.850000381469727,19.770000457763672,19.81999969482422,480341
2025-03-11 18:30:00+00:00,19.795000076293945,19.854999542236328,19.739999771118164,19.815000534057617,621995
2025-03-11 18:35:00+00:00,19.854999542236328,19.864999771118164,19.770000457763672,19.799999237060547,419454
2025-03-11 18:40:00+00:00,19.989999771118164,20.010000228881836,19.84000015258789,19.864999771118164,1103084
2025-03-11 18:45:00+00:00,19.915000915527344,20.010000228881836,19.8700008392334,19.989999771118164,927288
2025-03-11 18:50:00+00:00,20.014999389648438,20.059999465942383,19.905000686645508,19.915000915527344,1103595
2025-03-11 18:55:00+00:00,19.889999389648438,20.010000228881836,19.850000381469727,20.010000228881836,1214334
2025-03-11 19:00:00+00:00,19.881200790405273,19.91010093688965,19.774999618530273,19.895000457763672,831595
2025-03-11 19:05:00+00:00,19.93000030517578,19.999900817871094,19.864999771118164,19.885000228881836,863376
2025-03-11 19:10:00+00:00,19.829999923706055,19.93000030517578,19.799999237060547,19.920000076293945,659979
2025-03-11 19:15:00+00:00,19.864999771118164,19.889999389648438,19.770000457763672,19.834400177001953,884397
2025-03-11 19:20:00+00:00,19.8799991607666,20.0,19.854999542236328,19.864999771118164,911007
2025-03-11 19:25:00+00:00,19.922500610351562,19.979999542236328,19.875,19.8799991607666,607359
2025-03-11 19:30:00+00:00,19.90999984741211,19.969999313354492,19.899999618530273,19.93000030517578,731934
2025-03-11 19:35:00+00:00,19.934999465942383,19.969999313354492,19.905000686645508,19.915000915527344,767738
2025-03-11 19:40:00+00:00,19.989999771118164,19.989999771118164,19.905000686645508,19.940000534057617,661498
2025-03-11 19:45:00+00:00,19.9950008392334,20.0,19.93000030517578,19.986499786376953,710429
2025-03-11 19:50:00+00:00,19.8799991607666,19.9950008392334,19.87030029296875,19.9950008392334,1473650
2025-03-11 19:55:00+00:00,19.780000686645508,19.899999618530273,19.780000686645508,19.8799991607666,2990376
2025-03-12 13:30:00+00:00,20.764999389648438,21.010000228881836,20.600000381469727,20.774999618530273,22211417
2025-03-12 13:35:00+00:00,20.834999084472656,20.86989974975586,20.709999084472656,20.769899368286133,3236598
2025-03-12 13:40:00+00:00,20.97089958190918,21.170000076293945,20.829999923706055,20.84000015258789,4450560
2025-03-12 13:45:00+00:00,20.905000686645508,21.110000610351562,20.8799991607666,20.975000381469727,2420911
2025-03-12 13:50:00+00:00,20.860000610351562,21.010000228881836,20.829999923706055,20.905000686645508,1624747
2025-03-12 13:55:00+00:00,20.985000610351562,21.020000457763672,20.719999313354492,20.8700008392334,2141641
2025-03-12 14:00:00+00:00,20.959999084472656,20.979999542236328,20.825000762939453,20.979999542236328,2239470
2025-03-12 14:05:00+00:00,20.790000915527344,20.969999313354492,20.735000610351562,20.954999923706055,1433449
2025-03-12 14:10:00+00:00,20.790000915527344,20.860000610351562,20.760000228881836,20.790000915527344,1238878
2025-03-12 14:15:00+00:00,20.719999313354492,20.799999237060547,20.670000076293945,20.797500610351562,1601625
2025-03-12 14:20:00+00:00,20.594999313354492,20.799999237060547,20.520000457763672,20.719999313354492,1722185
2025-03-12 14:25:00+00:00,20.55500030517578,20.645000457763672,20.520000457763672,20.59600067138672,1268981
2025-03-12 14:30:00+00:00,20.35110092163086,20.55500030517578,20.34000015258789,20.55500030517578,2106278
2025-03-12 14:35:00+00:00,20.409900665283203,20.450000762939453,20.31999969482422,20.354999542236328,1481113
2025-03-12 14:40:00+00:00,20.385000228881836,20.43000030517578,20.31999969482422,20.405000686645508,1025509
2025-03-12 14:45:00+00:00,20.438600540161133,20.450000762939453,20.3700008392334,20.385000228881836,780978
2025-03-12 14:50:00+00:00,20.565000534057617,20.58989906311035,20.420000076293945,20.43709945678711,1113221
2025-03-12 14:55:00+00:00,20.334999084472656,20.56999969482422,20.329999923706055,20.559999465942383,894127
2025-03-12 15:00:00+00:00,20.334999084472656,20.360000610351562,20.239999771118164,20.34000015258789,1214140
2025-03-12 15:05:00+00:00,20.274999618530273,20.3700008392334,20.239999771118164,20.34000015258789,827075
2025-03-12 15:10:00+00:00,20.264999389648438,20.309999465942383,20.2450008392334,20.274999618530273,588431
2025-03-12 15:15:00+00:00,20.274999618530273,20.31999969482422,20.209999084472656,20.264999389648438,737512
2025-03-12 15:20:00+00:00,20.288999557495117,20.325000762939453,20.210100173950195,20.274999618530273,752030
2025-03-12 15:25:00+00:00,20.309900283813477,20.389999389648438,20.280000686645508,20.290000915527344,761899
2025-03-12 15:30:00+00:00,20.364999771118164,20.40999984741211,20.30500030517578,20.309999465942383,719415
2025-03-12 15:35:00+00:00,20.449899673461914,20.450000762939453,20.350000381469727,20.364700317382812,656298
2025-03-12 15:40:00+00:00,20.498699188232422,20.5,20.40999984741211,20.44499969482422,626874
2025-03-12 15:45:00+00:00,20.625,20.6299991607666,20.46500015258789,20.4950008392334,1020784
2025-03-12 15:50:00+00:00,20.670000076293945,20.681400299072266,20.6200008392334,20.625,955782
2025-03-12 15:55:00+00:00,20.665000915527344,20.68000030517578,20.520000457763672,20.674999237060547,1206923
2025-03-12 16:00:00+00:00,20.57029914855957,20.65999984741211,20.559999465942383,20.65999984741211,571231
2025-03-12 16:05:00+00:00,20.600000381469727,20.610000610351562,20.549999237060547,20.575000762939453,481408
2025-03-12 16:10:00+00:00,20.610000610351562,20.639999389648438,20.545000076293945,20.594999313354492,785329
2025-03-12 16:15:00+00:00,20.614999771118164,20.65999984741211,20.584999084472656,20.614999771118164,672710
2025-03-12 16:20:00+00:00,20.67020034790039,20.68000030517578,20.61009979248047,20.613300323486328,530268
2025-03-12 16:25:00+00:00,20.635000228881836,20.68000030517578,20.59000015258789,20.674999237060547,692394
2025-03-12 16:30:00+00:00,20.709999084472656,20.709999084472656,20.6299991607666,20.635000228881836,581106
2025-03-12 16:35:00+00:00,20.645000457763672,20.75,20.645000457763672,20.704999923706055,625248
2025-03-12 16:40:00+00:00,20.530000686645508,20.641700744628906,20.511999130249023,20.641700744628906,683881
2025-03-12 16:45:00+00:00,20.653799057006836,20.65999984741211,20.514999389648438,20.530000686645508,722106
2025-03-12 16:50:00+00:00,20.65690040588379,20.700000762939453,20.604999542236328,20.655000686645508,549243
2025-03-12 16:55:00+00:00,20.565000534057617,20.670000076293945,20.559999465942383,20.65850067138672,366738
2025-03-12 17:00:00+00:00,20.619300842285156,20.649999618530273,20.550100326538086,20.56999969482422,475815
2025-03-12 17:05:00+00:00,20.659900665283203,20.65999984741211,20.559999465942383,20.618900299072266,388108
2025-03-12 17:10:00+00:00,20.6299991607666,20.6697998046875,20.600000381469727,20.65999984741211,382333
2025-03-12 17:15:00+00:00,20.635000228881836,20.649999618530273,20.579999923706055,20.6299991607666,381593
2025-03-12 17:20:00+00:00,20.635000228881836,20.68000030517578,20.6299991607666,20.639999389648438,417931
2025-03-12 17:25:00+00:00,20.659099578857422,20.68000030517578,20.610000610351562,20.63010025024414,458115
2025-03-12 17:30:00+00:00,20.681499481201172,20.729999542236328,20.649999618530273,20.655000686645508,460307
2025-03-12 17:35:00+00:00,20.674999237060547,20.739999771118164,20.670000076293945,20.690000534057617,524643
2025-03-12 17:40:00+00:00,20.614999771118164,20.700000762939453,20.614999771118164,20.674999237060547,318638
2025-03-12 17:45:00+00:00,20.59000015258789,20.66900062561035,20.59000015258789,20.61829948425293,389428
2025-03-12 17:50:00+00:00,20.485000610351562,20.610000610351562,20.479999542236328,20.59000015258789,675192
2025-03-12 17:55:00+00:00,20.375,20.489999771118164,20.360000610351562,20.485000610351562,832199
2025-03-12 18:00:00+00:00,20.489700317382812,20.530000686645508,20.361000061035156,20.379899978637695,886852
2025-03-12 18:05:00+00:00,20.46500015258789,20.520000457763672,20.450000762939453,20.485000610351562,471570
2025-03-12 18:10:00+00:00,20.520000457763672,20.530000686645508,20.46500015258789,20.46500015258789,722117
2025-03-12 18:15:00+00:00,20.52869987487793,20.549999237060547,20.5,20.510000228881836,597747
2025-03-12 18:20:00+00:00,20.515300750732422,20.549999237060547,20.489999771118164,20.527099609375,473179
2025-03-12 18:25:00+00:00,20.6299991607666,20.635000228881836,20.510499954223633,20.514999389648438,676829
2025-03-12 18:30:00+00:00,20.639999389648438,20.649999618530273,20.584999084472656,20.625,419810
2025-03-12 18:35:00+00:00,20.655000686645508,20.68000030517578,20.600000381469727,20.640100479125977,354838
2025-03-12 18:40:00+00:00,20.725000381469727,20.739999771118164,20.65999984741211,20.65999984741211,438031
2025-03-12 18:45:00+00:00,20.7450008392334,20.770700454711914,20.719999313354492,20.725000381469727,564194
2025-03-12 18:50:00+00:00,20.70009994506836,20.75,20.674999237060547,20.75,440780
2025-03-12 18:55:00+00:00,20.704999923706055,20.719999313354492,20.639999389648438,20.690000534057617,507427
2025-03-12 19:00:00+00:00,20.645000457763672,20.700000762939453,20.590099334716797,20.700000762939453,515135
2025-03-12 19:05:00+00:00,20.665000915527344,20.670000076293945,20.604999542236328,20.645000457763672,362554
2025-03-12 19:10:00+00:00,20.635000228881836,20.674999237060547,20.6200008392334,20.65999984741211,359041
2025-03-12 19:15:00+00:00,20.639999389648438,20.657499313354492,20.584999084472656,20.639999389648438,649394
2025-03-12 19:20:00+00:00,20.604999542236328,20.659900665283203,20.55500030517578,20.648300170898438,643693
2025-03-12 19:25:00+00:00,20.604999542236328,20.639999389648438,20.600000381469727,20.610000610351562,524702
2025-03-12 19:30:00+00:00,20.568099975585938,20.635000228881836,20.540000915527344,20.604999542236328,680432
2025-03-12 19:35:00+00:00,20.584999084472656,20.59000015258789,20.524999618530273,20.565000534057617,649484
2025-03-12 19:40:00+00:00,20.56730079650879,20.600000381469727,20.540000915527344,20.59000015258789,970035
2025-03-12 19:45:00+00:00,20.600000381469727,20.610000610351562,20.565000534057617,20.568199157714844,1087785
2025-03-12 19:50:00+00:00,20.65999984741211,20.68000030517578,20.530000686645508,20.594999313354492,1941900
2025-03-12 19:55:00+00:00,20.674999237060547,20.729999542236328,20.65999984741211,20.670000076293945,3557711
2025-03-13 13:30:00+00:00,23.97760009765625,24.049999237060547,23.1299991607666,23.5,45193720
2025-03-13 13:35:00+00:00,24.375,24.419300079345703,23.899999618530273,23.979999542236328,16531001
2025-03-13 13:40:00+00:00,23.969499588012695,24.530000686645508,23.950000762939453,24.375,9523001
2025-03-13 13:45:00+00:00,23.95439910888672,24.165000915527344,23.739999771118164,23.979999542236328,7443621
2025-03-13 13:50:00+00:00,23.899999618530273,24.020000457763672,23.760099411010742,23.950000762939453,5887375
2025-03-13 13:55:00+00:00,23.959999084472656,24.0,23.670000076293945,23.889999389648438,5783742
2025-03-13 14:00:00+00:00,24.0049991607666,24.110000610351562,23.7450008392334,23.954999923706055,6588277
2025-03-13 14:05:00+00:00,24.05500030517578,24.200000762939453,24.000999450683594,24.0049991607666,5019941
2025-03-13 14:10:00+00:00,24.0,24.100000381469727,23.8799991607666,24.049999237060547,4017708
2025-03-13 14:15:00+00:00,24.05500030517578,24.110000610351562,23.950000762939453,24.0049991607666,2723737
2025-03-13 14:20:00+00:00,24.21500015258789,24.229999542236328,23.979999542236328,24.05500030517578,3690960
2025-03-13 14:25:00+00:00,24.030000686645508,24.299999237060547,23.979999542236328,24.21500015258789,4201903
2025-03-13 14:30:00+00:00,23.954999923706055,24.135000228881836,23.899999618530273,24.030000686645508,3505516
2025-03-13 14:35:00+00:00,23.81999969482422,24.040000915527344,23.780000686645508,23.950000762939453,2404184
2025-03-13 14:40:00+00:00,23.8700008392334,23.895000457763672,23.579999923706055,23.815000534057617,3437983
2025-03-13 14:45:00+00:00,23.780000686645508,23.93000030517578,23.670000076293945,23.868999481201172,2129850
2025-03-13 14:50:00+00:00,23.84000015258789,23.950000762939453,23.78499984741211,23.78499984741211,1819176
2025-03-13 14:55:00+00:00,23.915000915527344,23.93000030517578,23.799999237060547,23.84000015258789,1504099
2025-03-13 15:00:00+00:00,23.975000381469727,24.099199295043945,23.900699615478516,23.915000915527344,3191310
2025-03-13 15:05:00+00:00,23.790000915527344,24.040000915527344,23.7549991607666,23.97949981689453,1820337
2025-03-13 15:10:00+00:00,23.756999969482422,23.879899978637695,23.709999084472656,23.78499984741211,1780877
2025-03-13 15:15:00+00:00,23.816499710083008,23.829999923706055,23.700000762939453,23.760000228881836,2249306
2025-03-13 15:20:00+00:00,23.762100219726562,23.844999313354492,23.709999084472656,23.815000534057617,1316752
2025-03-13 15:25:00+00:00,23.72249984741211,23.799999237060547,23.68000030517578,23.764999389648438,1763162
2025-03-13 15:30:00+00:00,23.78499984741211,23.80500030517578,23.691299438476562,23.725000381469727,1412350
2025-03-13 15:35:00+00:00,23.729999542236328,23.78499984741211,23.670000076293945,23.78499984741211,1514944
2025-03-13 15:40:00+00:00,23.858999252319336,23.950000762939453,23.71500015258789,23.735000610351562,1960658
2025-03-13 15:45:00+00:00,23.818500518798828,23.899999618530273,23.75,23.854999542236328,1379560
2025-03-13 15:50:00+00:00,23.729900360107422,23.81999969482422,23.670000076293945,23.809999465942383,1469229
2025-03-13 15:55:00+00:00,23.790000915527344,23.799999237060547,23.649999618530273,23.725000381469727,1474354
2025-03-13 16:00:00+00:00,23.94499969482422,23.950000762939453,23.76460075378418,23.78499984741211,1418415
2025-03-13 16:05:00+00:00,24.045000076293945,24.059999465942383,23.86009979248047,23.94499969482422,2193310
2025-03-13 16:10:00+00:00,23.94499969482422,24.059999465942383,23.915000915527344,24.045000076293945,1606157
2025-03-13 16:15:00+00:00,24.03689956665039,24.040000915527344,23.940000534057617,23.949899673461914,1263076
2025-03-13 16:20:00+00:00,24.0049991607666,24.079999923706055,23.940000534057617,24.03499984741211,1727943
2025-03-13 16:25:00+00:00,23.844999313354492,24.01930046081543,23.799999237060547,24.0049991607666,1716075
2025-03-13 16:30:00+00:00,23.954999923706055,23.989999771118164,23.790000915527344,23.844999313354492,1487678
2025-03-13 16:35:00+00:00,24.014999389648438,24.049999237060547,23.90999984741211,23.954999923706055,1263888
2025-03-13 16:40:00+00:00,23.969999313354492,24.040000915527344,23.950000762939453,24.014999389648438,1493471
2025-03-13 16:45:00+00:00,23.929500579833984,24.020000457763672,23.770000457763672,23.96500015258789,1988696
2025-03-13 16:50:00+00:00,23.825000762939453,23.934999465942383,23.790000915527344,23.924999237060547,1233375
2025-03-13 16:55:00+00:00,23.80109977722168,23.83919906616211,23.700000762939453,23.829999923706055,1448841
2025-03-13 17:00:00+00:00,23.795000076293945,23.829299926757812,23.739999771118164,23.807199478149414,1478098
2025-03-13 17:05:00+00:00,23.74090003967285,23.8572998046875,23.739999771118164,23.799999237060547,1534925
2025-03-13 17:10:00+00:00,23.7450008392334,23.78499984741211,23.700000762939453,23.7450008392334,1357882
2025-03-13 17:15:00+00:00,23.559999465942383,23.75,23.5,23.747400283813477,2773999
2025-03-13 17:20:00+00:00,23.5,23.610000610351562,23.5,23.559999465942383,1628542
2025-03-13 17:25:00+00:00,23.549999237060547,23.59000015258789,23.5,23.50860023498535,1553414
2025-03-13 17:30:00+00:00,23.517000198364258,23.540000915527344,23.489999771118164,23.540000915527344,2357444
2025-03-13 17:35:00+00:00,23.510000228881836,23.579999923706055,23.5,23.514999389648438,1500587
2025-03-13 17:40:00+00:00,23.575000762939453,23.6299991607666,23.510000228881836,23.514999389648438,1343974
2025-03-13 17:45:00+00:00,23.530000686645508,23.59000015258789,23.5,23.575000762939453,1190347
2025-03-13 17:50:00+00:00,23.514999389648438,23.559999465942383,23.5,23.528600692749023,1445708
2025-03-13 17:55:00+00:00,23.530000686645508,23.558500289916992,23.424999237060547,23.514999389648438,2435123
2025-03-13 18:00:00+00:00,23.70870018005371,23.75,23.520000457763672,23.520000457763672,1957820
2025-03-13 18:05:00+00:00,23.709999084472656,23.780000686645508,23.649999618530273,23.70009994506836,1073156
2025-03-13 18:10:00+00:00,23.836999893188477,23.8799991607666,23.704099655151367,23.704999923706055,1219299
2025-03-13 18:15:00+00:00,23.78499984741211,23.864999771118164,23.720699310302734,23.834999084472656,1132283
2025-03-13 18:20:00+00:00,23.8075008392334,23.81999969482422,23.739999771118164,23.780000686645508,701474
2025-03-13 18:25:00+00:00,23.875,23.875,23.795000076293945,23.80500030517578,1004912
2025-03-13 18:30:00+00:00,23.834999084472656,23.889999389648438,23.829999923706055,23.875,791309
2025-03-13 18:35:00+00:00,23.900100708007812,23.920000076293945,23.80500030517578,23.834999084472656,1074125
2025-03-13 18:40:00+00:00,23.880800247192383,23.950000762939453,23.870500564575195,23.905000686645508,815327
2025-03-13 18:45:00+00:00,23.91010093688965,23.920000076293945,23.84000015258789,23.885000228881836,637711
2025-03-13 18:50:00+00:00,23.760099411010742,23.920000076293945,23.729999542236328,23.915000915527344,1179398
2025-03-13 18:55:00+00:00,23.844999313354492,23.860000610351562,23.729999542236328,23.764999389648438,1052507
2025-03-13 19:00:00+00:00,23.795000076293945,23.920000076293945,23.780099868774414,23.844999313354492,913952
2025-03-13 19:05:00+00:00,23.625,23.795000076293945,23.610000610351562,23.795000076293945,1507378
2025-03-13 19:10:00+00:00,23.735000610351562,23.758800506591797,23.610000610351562,23.6200008392334,1338331
2025-03-13 19:15:00+00:00,23.70989990234375,23.739999771118164,23.665000915527344,23.735000610351562,1172041
2025-03-13 19:20:00+00:00,23.707500457763672,23.739999771118164,23.65999984741211,23.704999923706055,1579704
2025-03-13 19:25:00+00:00,23.56999969482422,23.704999923706055,23.53499984741211,23.704999923706055,2236493
2025-03-13 19:30:00+00:00,23.683700561523438,23.700000762939453,23.53499984741211,23.56999969482422,1726453
2025-03-13 19:35:00+00:00,23.56369972229004,23.690000534057617,23.560100555419922,23.684999465942383,1530706
2025-03-13 19:40:00+00:00,23.67530059814453,23.690000534057617,23.56329917907715,23.565000534057617,1783263
2025-03-13 19:45:00+00:00,23.70240020751953,23.770000457763672,23.651599884033203,23.674999237060547,2443059
2025-03-13 19:50:00+00:00,23.68000030517578,23.704999923706055,23.540000915527344,23.690000534057617,3682011
2025-03-13 19:55:00+00:00,23.704999923706055,23.709999084472656,23.670000076293945,23.68000030517578,6400064
2025-03-14 13:30:00+00:00,24.12310028076172,24.200000762939453,23.65999984741211,23.674999237060547,9645647
2025-03-14 13:35:00+00:00,23.93000030517578,24.31999969482422,23.860000610351562,24.125,4620540
2025-03-14 13:40:00+00:00,23.759199142456055,23.940000534057617,23.68000030517578,23.93000030517578,3422392
2025-03-14 13:45:00+00:00,23.82990074157715,23.844999313354492,23.690000534057617,23.7549991607666,2537327
2025-03-14 13:50:00+00:00,23.78499984741211,23.844999313354492,23.719999313354492,23.825000762939453,1830115
2025-03-14 13:55:00+00:00,23.690000534057617,23.80500030517578,23.68000030517578,23.78499984741211,2447641
2025-03-14 14:00:00+00:00,23.709999084472656,23.709999084472656,23.520000457763672,23.690000534057617,3217684
2025-03-14 14:05:00+00:00,23.841100692749023,23.9950008392334,23.63010025024414,23.709999084472656,3084046
2025-03-14 14:10:00+00:00,23.981800079345703,24.0,23.799999237060547,23.844999313354492,2183570
2025-03-14 14:15:00+00:00,24.049999237060547,24.086299896240234,23.93000030517578,23.979999542236328,2090061
2025-03-14 14:20:00+00:00,24.149999618530273,24.190000534057617,23.959999084472656,24.045000076293945,2292302
2025-03-14 14:25:00+00:00,23.875099182128906,24.159900665283203,23.829999923706055,24.155000686645508,2393873
2025-03-14 14:30:00+00:00,23.859899520874023,23.950000762939453,23.799999237060547,23.875,1445894
2025-03-14 14:35:00+00:00,23.965200424194336,23.979999542236328,23.75,23.854999542236328,1699476
2025-03-14 14:40:00+00:00,23.915000915527344,24.0,23.799999237060547,23.96500015258789,1197896
2025-03-14 14:45:00+00:00,23.834999084472656,23.969999313354492,23.815000534057617,23.920000076293945,1038167
2025-03-14 14:50:00+00:00,23.870100021362305,23.90850067138672,23.780000686645508,23.834999084472656,1112664
2025-03-14 14:55:00+00:00,23.975000381469727,23.979999542236328,23.809999465942383,23.875,989701
2025-03-14 15:00:00+00:00,23.954999923706055,24.040000915527344,23.90999984741211,23.979999542236328,1331006
2025-03-14 15:05:00+00:00,23.875,23.996700286865234,23.860000610351562,23.959999084472656,1420194
2025-03-14 15:10:00+00:00,23.88170051574707,23.89739990234375,23.770000457763672,23.8700008392334,1426554
2025-03-14 15:15:00+00:00,23.974899291992188,23.979999542236328,23.850000381469727,23.885000228881836,1650859
2025-03-14 15:20:00+00:00,23.954999923706055,24.009899139404297,23.93000030517578,23.975000381469727,997043
2025-03-14 15:25:00+00:00,23.940000534057617,23.985000610351562,23.889999389648438,23.954999923706055,727586
2025-03-14 15:30:00+00:00,23.889999389648438,24.0,23.889999389648438,23.9414005279541,761573
2025-03-14 15:35:00+00:00,23.940000534057617,23.959999084472656,23.8799991607666,23.895000457763672,957472
2025-03-14 15:40:00+00:00,23.95490074157715,23.989999771118164,23.88010025024414,23.946500778198242,906872
2025-03-14 15:45:00+00:00,23.915000915527344,23.979999542236328,23.891599655151367,23.954999923706055,561689
2025-03-14 15:50:00+00:00,23.924999237060547,23.954999923706055,23.892499923706055,23.915000915527344,700977
2025-03-14 15:55:00+00:00,23.899999618530273,23.924999237060547,23.850000381469727,23.920000076293945,536293
2025-03-14 16:00:00+00:00,23.871999740600586,23.93000030517578,23.860000610351562,23.898500442504883,638216
2025-03-14 16:05:00+00:00,23.832300186157227,23.8799991607666,23.81999969482422,23.875,748846
2025-03-14 16:10:00+00:00,23.834999084472656,23.84000015258789,23.760000228881836,23.83449935913086,870185
2025-03-14 16:15:00+00:00,23.881099700927734,23.920000076293945,23.81999969482422,23.834999084472656,687697
2025-03-14 16:20:00+00:00,23.969999313354492,23.969999313354492,23.8700008392334,23.885000228881836,947699
2025-03-14 16:25:00+00:00,23.93000030517578,23.989999771118164,23.915000915527344,23.969999313354492,730080
2025-03-14 16:30:00+00:00,24.024999618530273,24.040000915527344,23.920000076293945,23.934999465942383,1028874
2025-03-14 16:35:00+00:00,24.010000228881836,24.06999969482422,23.989999771118164,24.024999618530273,849162
2025-03-14 16:40:00+00:00,24.100000381469727,24.1299991607666,24.01490020751953,24.014999389648438,964810
2025-03-14 16:45:00+00:00,24.225000381469727,24.225000381469727,24.09000015258789,24.104999542236328,1583979
2025-03-14 16:50:00+00:00,24.274999618530273,24.3700008392334,24.219999313354492,24.229999542236328,2104514
2025-03-14 16:55:00+00:00,24.229999542236328,24.31999969482422,24.229999542236328,24.280000686645508,1001529
2025-03-14 17:00:00+00:00,24.21430015563965,24.270000457763672,24.1299991607666,24.229999542236328,1093475
2025-03-14 17:05:00+00:00,24.18790054321289,24.239999771118164,24.18000030517578,24.219999313354492,783151
2025-03-14 17:10:00+00:00,24.110000610351562,24.209999084472656,24.09000015258789,24.190000534057617,810181
2025-03-14 17:15:00+00:00,24.094999313354492,24.149999618530273,24.079999923706055,24.104999542236328,672442
2025-03-14 17:20:00+00:00,24.049999237060547,24.100000381469727,24.030000686645508,24.09000015258789,542669
2025-03-14 17:25:00+00:00,24.024999618530273,24.139999389648438,24.020099639892578,24.049999237060547,828587
2025-03-14 17:30:00+00:00,23.975799560546875,24.030000686645508,23.954999923706055,24.020000457763672,951742
2025-03-14 17:35:00+00:00,24.030000686645508,24.030000686645508,23.899999618530273,23.972400665283203,857685
2025-03-14 17:40:00+00:00,23.969999313354492,24.040000915527344,23.969999313354492,24.024999618530273,644207
2025-03-14 17:45:00+00:00,23.9950008392334,24.030000686645508,23.959999084472656,23.969999313354492,521364
2025-03-14 17:50:00+00:00,23.989999771118164,24.020000457763672,23.969999313354492,23.9950008392334,650951
2025-03-14 17:55:00+00:00,23.91830062866211,23.989999771118164,23.902599334716797,23.985000610351562,622759
2025-03-14 18:00:00+00:00,23.96109962463379,24.010000228881836,23.915000915527344,23.915000915527344,750546
2025-03-14 18:05:00+00:00,23.954999923706055,23.989999771118164,23.924999237060547,23.959999084472656,733454
2025-03-14 18:10:00+00:00,23.93000030517578,23.959999084472656,23.920000076293945,23.95009994506836,616822
2025-03-14 18:15:00+00:00,23.975000381469727,24.010000228881836,23.889999389648438,23.93000030517578,593689
2025-03-14 18:20:00+00:00,23.9950008392334,24.010000228881836,23.959999084472656,23.975000381469727,498648
2025-03-14 18:25:00+00:00,23.992000579833984,24.040000915527344,23.989999771118164,23.9950008392334,586825
2025-03-14 18:30:00+00:00,24.0049991607666,24.045000076293945,23.989999771118164,23.99839973449707,567182
2025-03-14 18:35:00+00:00,24.05500030517578,24.059999465942383,23.99139976501465,24.0,480521
2025-03-14 18:40:00+00:00,24.02199935913086,24.059999465942383,24.0,24.05500030517578,386601
2025-03-14 18:45:00+00:00,24.014999389648438,24.049999237060547,24.0,24.024999618530273,541447
2025-03-14 18:50:00+00:00,23.998600006103516,24.024999618530273,23.940000534057617,24.014999389648438,726075
2025-03-14 18:55:00+00:00,24.015499114990234,24.040000915527344,23.959999084472656,23.9950008392334,598749
2025-03-14 19:00:00+00:00,24.02989959716797,24.03700065612793,23.979999542236328,24.010000228881836,456609
2025-03-14 19:05:00+00:00,24.030000686645508,24.045000076293945,24.010000228881836,24.024900436401367,612021
2025-03-14 19:10:00+00:00,24.075000762939453,24.100000381469727,24.024999618530273,24.03499984741211,653914
2025-03-14 19:15:00+00:00,24.059999465942383,24.079999923706055,24.030000686645508,24.079999923706055,770432
2025-03-14 19:20:00+00:00,24.052499771118164,24.06999969482422,24.010000228881836,24.065000534057617,463098
2025-03-14 19:25:00+00:00,24.03499984741211,24.079999923706055,24.023500442504883,24.05500030517578,560026
2025-03-14 19:30:00+00:00,24.045000076293945,24.059999465942383,24.020000457763672,24.03499984741211,885116
2025-03-14 19:35:00+00:00,24.020000457763672,24.09000015258789,24.010000228881836,24.049999237060547,792847
2025-03-14 19:40:00+00:00,24.024999618530273,24.049999237060547,24.010000228881836,24.024999618530273,807083
2025-03-14 19:45:00+00:00,24.02989959716797,24.03499984741211,23.969999313354492,24.024999618530273,1259865
2025-03-14 19:50:00+00:00,24.114999771118164,24.170000076293945,24.010000228881836,24.024999618530273,3089210
2025-03-14 19:55:00+00:00,24.040000915527344,24.125,24.010000228881836,24.104999542236328,6044042
2025-03-17 13:30:00+00:00,25.43269920349121,25.459999084472656,24.3700008392334,24.434999465942383,11577870
2025-03-17 13:35:00+00:00,25.364999771118164,25.645000457763672,25.280099868774414,25.434999465942383,6173642
2025-03-17 13:40:00+00:00,25.395000457763672,25.440000534057617,25.200000762939453,25.364999771118164,3677607
2025-03-17 13:45:00+00:00,25.134899139404297,25.440000534057617,25.114999771118164,25.399999618530273,2845105
2025-03-17 13:50:00+00:00,25.2549991607666,25.315000534057617,25.030000686645508,25.139999389648438,2738358
2025-03-17 13:55:00+00:00,25.219999313354492,25.290000915527344,25.1200008392334,25.260000228881836,1608575
2025-03-17 14:00:00+00:00,25.454999923706055,25.4950008392334,25.170000076293945,25.21500015258789,2777081
2025-03-17 14:05:00+00:00,25.799999237060547,25.799999237060547,25.440000534057617,25.45870018005371,5815731
2025-03-17 14:10:00+00:00,26.014999389648438,26.145000457763672,25.709999084472656,25.795000076293945,7153121
2025-03-17 14:15:00+00:00,26.075000762939453,26.114999771118164,25.889999389648438,26.020000457763672,4594578
2025-03-17 14:20:00+00:00,26.030000686645508,26.09000015258789,25.950000762939453,26.075000762939453,2575495
2025-03-17 14:25:00+00:00,26.0,26.139999389648438,25.93000030517578,26.024999618530273,2802454
2025-03-17 14:30:00+00:00,25.878799438476562,26.009899139404297,25.790000915527344,26.0,2974378
2025-03-17 14:35:00+00:00,25.80500030517578,25.889999389648438,25.700000762939453,25.87190055847168,2984817
2025-03-17 14:40:00+00:00,25.770000457763672,25.920000076293945,25.68000030517578,25.80500030517578,2916385
2025-03-17 14:45:00+00:00,25.773300170898438,25.809900283813477,25.68000030517578,25.770000457763672,1566050
2025-03-17 14:50:00+00:00,25.725000381469727,25.78890037536621,25.649999618530273,25.774999618530273,1714811
2025-03-17 14:55:00+00:00,25.57229995727539,25.719900131225586,25.54010009765625,25.71500015258789,2006599
2025-03-17 15:00:00+00:00,25.53499984741211,25.690000534057617,25.510000228881836,25.575000762939453,2053277
2025-03-17 15:05:00+00:00,25.53499984741211,25.56999969482422,25.43000030517578,25.53499984741211,2673248
2025-03-17 15:10:00+00:00,25.57029914855957,25.635000228881836,25.510000228881836,25.53499984741211,1794495
2025-03-17 15:15:00+00:00,25.701000213623047,25.709999084472656,25.549999237060547,25.56999969482422,1698739
2025-03-17 15:20:00+00:00,25.68000030517578,25.780000686645508,25.670000076293945,25.707799911499023,1436815
2025-03-17 15:25:00+00:00,25.584400177001953,25.700000762939453,25.56999969482422,25.67889976501465,1116246
2025-03-17 15:30:00+00:00,25.540000915527344,25.63990020751953,25.4601993560791,25.584999084472656,1199739
2025-03-17 15:35:00+00:00,25.4955997467041,25.605100631713867,25.479999542236328,25.53499984741211,1036168
2025-03-17 15:40:00+00:00,25.65999984741211,25.65999984741211,25.450000762939453,25.4950008392334,1305231
2025-03-17 15:45:00+00:00,25.834999084472656,25.854999542236328,25.650100708007812,25.665000915527344,2016394
2025-03-17 15:50:00+00:00,25.939899444580078,25.969999313354492,25.799999237060547,25.834999084472656,1452115
2025-03-17 15:55:00+00:00,25.909900665283203,25.959999084472656,25.8799991607666,25.93000030517578,1619030
2025-03-17 16:00:00+00:00,25.875,25.905000686645508,25.809999465942383,25.905000686645508,928076
2025-03-17 16:05:00+00:00,25.854999542236328,25.90999984741211,25.822900772094727,25.875,923275
2025-03-17 16:10:00+00:00,25.95009994506836,25.959999084472656,25.81999969482422,25.854999542236328,1428458
2025-03-17 16:15:00+00:00,25.90999984741211,25.957799911499023,25.850000381469727,25.957799911499023,1356376
2025-03-17 16:20:00+00:00,25.895000457763672,25.920000076293945,25.860000610351562,25.90999984741211,1103195
2025-03-17 16:25:00+00:00,25.895000457763672,25.90999984741211,25.860000610351562,25.889999389648438,1034011
2025-03-17 16:30:00+00:00,25.989999771118164,25.989999771118164,25.8700008392334,25.89859962463379,1407027
2025-03-17 16:35:00+00:00,25.94499969482422,26.06999969482422,25.920000076293945,25.98870086669922,2480886
2025-03-17 16:40:00+00:00,25.774999618530273,25.954999923706055,25.75,25.94580078125,1511810
2025-03-17 16:45:00+00:00,25.832300186157227,25.859899520874023,25.68000030517578,25.774999618530273,1242146
2025-03-17 16:50:00+00:00,25.8799991607666,25.889999389648438,25.760000228881836,25.834999084472656,770755
2025-03-17 16:55:00+00:00,25.92919921875,25.950000762939453,25.868900299072266,25.868900299072266,854148
2025-03-17 17:00:00+00:00,26.0049991607666,26.024999618530273,25.875,25.924999237060547,1159120
2025-03-17 17:05:00+00:00,26.071199417114258,26.079999923706055,26.0,26.006500244140625,1137725
2025-03-17 17:10:00+00:00,26.0049991607666,26.06999969482422,25.989999771118164,26.06999969482422,982997
2025-03-17 17:15:00+00:00,26.010000228881836,26.079999923706055,25.99020004272461,26.0,963805
2025-03-17 17:20:00+00:00,26.01919937133789,26.030000686645508,25.959999084472656,26.010000228881836,1110639
2025-03-17 17:25:00+00:00,26.010000228881836,26.06999969482422,25.989999771118164,26.014999389648438,901974
2025-03-17 17:30:00+00:00,26.0,26.014999389648438,25.950000762939453,26.010000228881836,593656
2025-03-17 17:35:00+00:00,25.9950008392334,26.049999237060547,25.989999771118164,26.0049991607666,579898
2025-03-17 17:40:00+00:00,25.950300216674805,26.010000228881836,25.93000030517578,25.9950008392334,803465
2025-03-17 17:45:00+00:00,25.924999237060547,25.979900360107422,25.90999984741211,25.954999923706055,688285
2025-03-17 17:50:00+00:00,25.953500747680664,25.969999313354492,25.90999984741211,25.923099517822266,660034
2025-03-17 17:55:00+00:00,25.988300323486328,25.996400833129883,25.93000030517578,25.954999923706055,715996
2025-03-17 18:00:00+00:00,26.020000457763672,26.100000381469727,25.979999542236328,25.985000610351562,1743991
2025-03-17 18:05:00+00:00,26.0049991607666,26.06999969482422,25.9950008392334,26.016300201416016,924031
2025-03-17 18:10:00+00:00,26.03499984741211,26.059999465942383,25.959999084472656,26.0049991607666,807580
2025-03-17 18:15:00+00:00,26.03499984741211,26.049999237060547,26.0,26.036399841308594,852118
2025-03-17 18:20:00+00:00,26.0049991607666,26.040000915527344,26.0,26.03499984741211,798445
2025-03-17 18:25:00+00:00,25.94499969482422,26.020000457763672,25.940000534057617,26.009899139404297,846993
2025-03-17 18:30:00+00:00,25.950000762939453,25.979999542236328,25.90999984741211,25.94499969482422,717076
2025-03-17 18:35:00+00:00,25.864999771118164,25.958599090576172,25.84000015258789,25.94499969482422,850185
2025-03-17 18:40:00+00:00,25.8518009185791,25.8799991607666,25.790000915527344,25.864999771118164,1217486
2025-03-17 18:45:00+00:00,25.886199951171875,25.959999084472656,25.81999969482422,25.854999542236328,1215704
2025-03-17 18:50:00+00:00,25.764999389648438,25.8799991607666,25.75,25.8799991607666,1212147
2025-03-17 18:55:00+00:00,25.729999542236328,25.799999237060547,25.719999313354492,25.764999389648438,784411
2025-03-17 19:00:00+00:00,25.684999465942383,25.7549991607666,25.649999618530273,25.735000610351562,1069316
2025-03-17 19:05:00+00:00,25.7549991607666,25.780000686645508,25.68779945373535,25.68779945373535,1194086
2025-03-17 19:10:00+00:00,25.716699600219727,25.80500030517578,25.690000534057617,25.7549991607666,1201735
2025-03-17 19:15:00+00:00,25.726600646972656,25.739999771118164,25.670000076293945,25.709999084472656,1105664
2025-03-17 19:20:00+00:00,25.71500015258789,25.84000015258789,25.709999084472656,25.725000381469727,1374989
2025-03-17 19:25:00+00:00,25.739999771118164,25.760000228881836,25.681400299072266,25.713499069213867,1407683
2025-03-17 19:30:00+00:00,25.69499969482422,25.735000610351562,25.670000076293945,25.735000610351562,1363209
2025-03-17 19:35:00+00:00,25.649999618530273,25.719999313354492,25.63010025024414,25.69499969482422,1602725
2025-03-17 19:40:00+00:00,25.684999465942383,25.719999313354492,25.6299991607666,25.6466007232666,1267284
2025-03-17 19:45:00+00:00,25.704999923706055,25.729999542236328,25.610000610351562,25.680099487304688,2116569
2025-03-17 19:50:00+00:00,25.725000381469727,25.739999771118164,25.614999771118164,25.700000762939453,2874941
2025-03-17 19:55:00+00:00,25.700000762939453,25.729999542236328,25.625,25.725000381469727,6804283
2025-03-18 13:30:00+00:00,25.524999618530273,25.649999618530273,25.389999389648438,25.552000045776367,7570878
2025-03-18 13:35:00+00:00,25.770000457763672,25.81999969482422,25.489999771118164,25.528099060058594,2635482
2025-03-18 13:40:00+00:00,25.891199111938477,26.05500030517578,25.680200576782227,25.764999389648438,4010158
2025-03-18 13:45:00+00:00,25.981300354003906,26.05970001220703,25.81999969482422,25.895000457763672,3930004
2025-03-18 13:50:00+00:00,25.989999771118164,26.05500030517578,25.8799991607666,25.979999542236328,3012230
2025-03-18 13:55:00+00:00,25.704999923706055,26.010000228881836,25.56999969482422,25.979999542236328,3816844
2025-03-18 14:00:00+00:00,25.7450008392334,25.809999465942383,25.594999313354492,25.709999084472656,2500170
2025-03-18 14:05:00+00:00,25.808000564575195,25.809999465942383,25.6200008392334,25.75,1405190
2025-03-18 14:10:00+00:00,25.954999923706055,26.049999237060547,25.799999237060547,25.809999465942383,3122163
2025-03-18 14:15:00+00:00,26.1200008392334,26.200000762939453,25.94300079345703,25.954999923706055,3306660
2025-03-18 14:20:00+00:00,26.075000762939453,26.299999237060547,26.030000686645508,26.125,3035842
2025-03-18 14:25:00+00:00,26.184999465942383,26.200000762939453,26.020000457763672,26.079999923706055,1913165
2025-03-18 14:30:00+00:00,26.23200035095215,26.260000228881836,26.1299991607666,26.184999465942383,2103927
2025-03-18 14:35:00+00:00,26.371200561523438,26.399999618530273,26.219999313354492,26.23710060119629,2949501
2025-03-18 14:40:00+00:00,26.260000228881836,26.40999984741211,26.209999084472656,26.375,1986908
2025-03-18 14:45:00+00:00,26.191200256347656,26.295000076293945,26.149999618530273,26.270000457763672,1416385
2025-03-18 14:50:00+00:00,26.221399307250977,26.23550033569336,26.1200008392334,26.190000534057617,1325648
2025-03-18 14:55:00+00:00,26.239999771118164,26.359899520874023,26.170000076293945,26.219999313354492,1587476
2025-03-18 15:00:00+00:00,26.051300048828125,26.2549991607666,25.924999237060547,26.25,2728819
2025-03-18 15:05:00+00:00,26.010000228881836,26.07859992980957,25.940000534057617,26.05500030517578,1746237
2025-03-18 15:10:00+00:00,26.03499984741211,26.09000015258789,26.0,26.011499404907227,948423
2025-03-18 15:15:00+00:00,26.145000457763672,26.170000076293945,26.020000457763672,26.030000686645508,1069438
2025-03-18 15:20:00+00:00,26.165000915527344,26.18000030517578,26.079999923706055,26.145000457763672,899918
2025-03-18 15:25:00+00:00,26.05500030517578,26.219999313354492,26.030000686645508,26.164899826049805,969686
2025-03-18 15:30:00+00:00,25.991100311279297,26.125,25.989999771118164,26.055099487304688,1279971
2025-03-18 15:35:00+00:00,25.860000610351562,26.010000228881836,25.860000610351562,25.9950008392334,1660134
2025-03-18 15:40:00+00:00,25.891700744628906,25.905000686645508,25.809999465942383,25.86009979248047,1095733
2025-03-18 15:45:00+00:00,25.860000610351562,25.920000076293945,25.80299949645996,25.895000457763672,923081
2025-03-18 15:50:00+00:00,25.84980010986328,25.91699981689453,25.822500228881836,25.86989974975586,713219
2025-03-18 15:55:00+00:00,25.829999923706055,25.87849998474121,25.809999465942383,25.84000015258789,764613
2025-03-18 16:00:00+00:00,25.8799991607666,25.920000076293945,25.809999465942383,25.825000762939453,676136
2025-03-18 16:05:00+00:00,25.95330047607422,25.96500015258789,25.8700008392334,25.885099411010742,760132
2025-03-18 16:10:00+00:00,25.959999084472656,25.999900817871094,25.940000534057617,25.959999084472656,817525
2025-03-18 16:15:00+00:00,25.94499969482422,26.0,25.92259979248047,25.959999084472656,700054
2025-03-18 16:20:00+00:00,26.002099990844727,26.010000228881836,25.940000534057617,25.940000534057617,657472
2025-03-18 16:25:00+00:00,25.98710060119629,26.020000457763672,25.920000076293945,26.0049991607666,780647
2025-03-18 16:30:00+00:00,26.0,26.049999237060547,25.950000762939453,25.979999542236328,785571
2025-03-18 16:35:00+00:00,26.0841007232666,26.145000457763672,26.002099990844727,26.002099990844727,1056199
2025-03-18 16:40:00+00:00,26.021900177001953,26.139999389648438,25.989999771118164,26.084999084472656,817290
2025-03-18 16:45:00+00:00,26.020000457763672,26.06999969482422,26.010000228881836,26.024999618530273,532830
2025-03-18 16:50:00+00:00,26.040000915527344,26.040000915527344,25.989999771118164,26.021400451660156,514982
2025-03-18 16:55:00+00:00,26.104999542236328,26.104999542236328,26.020000457763672,26.03499984741211,430696
2025-03-18 17:00:00+00:00,26.225000381469727,26.2450008392334,26.08009910583496,26.10300064086914,885035
2025-03-18 17:05:00+00:00,26.20989990234375,26.228599548339844,26.1200008392334,26.225000381469727,640982
2025-03-18 17:10:00+00:00,26.219999313354492,26.25,26.165000915527344,26.204999923706055,792675
2025-03-18 17:15:00+00:00,26.1200008392334,26.249900817871094,26.079999923706055,26.22010040283203,942116
2025-03-18 17:20:00+00:00,26.225000381469727,26.25,26.1299991607666,26.1299991607666,665333
2025-03-18 17:25:00+00:00,26.21500015258789,26.25,26.18000030517578,26.220199584960938,628102
2025-03-18 17:30:00+00:00,26.209999084472656,26.2450008392334,26.170000076293945,26.209999084472656,550834
2025-03-18 17:35:00+00:00,26.242300033569336,26.25,26.174999237060547,26.21500015258789,383674
2025-03-18 17:40:00+00:00,26.125,26.2549991607666,26.100000381469727,26.2450008392334,711182
2025-03-18 17:45:00+00:00,26.17490005493164,26.204999923706055,26.1200008392334,26.125,498203
2025-03-18 17:50:00+00:00,26.135000228881836,26.209999084472656,26.1299991607666,26.174999237060547,327411
2025-03-18 17:55:00+00:00,26.121999740600586,26.139999389648438,26.079999923706055,26.13759994506836,503521
2025-03-18 18:00:00+00:00,26.075000762939453,26.125,26.049999237060547,26.1200008392334,674931
2025-03-18 18:05:00+00:00,26.103099822998047,26.104999542236328,26.030000686645508,26.075000762939453,520721
2025-03-18 18:10:00+00:00,26.065000534057617,26.100000381469727,26.030000686645508,26.100000381469727,4455801
2025-03-18 18:15:00+00:00,26.082700729370117,26.114999771118164,26.040000915527344,26.065000534057617,547833
2025-03-18 18:20:00+00:00,26.094999313354492,26.1200008392334,26.049999237060547,26.084999084472656,1651718
2025-03-18 18:25:00+00:00,26.010000228881836,26.1200008392334,26.0,26.094999313354492,616262
2025-03-18 18:30:00+00:00,26.031700134277344,26.09000015258789,26.0,26.014999389648438,736707
2025-03-18 18:35:00+00:00,26.075000762939453,26.100000381469727,26.030000686645508,26.030000686645508,587712
2025-03-18 18:40:00+00:00,26.104999542236328,26.110000610351562,26.049999237060547,26.075000762939453,620351
2025-03-18 18:45:00+00:00,26.201200485229492,26.219999313354492,26.094999313354492,26.104999542236328,1035325
2025-03-18 18:50:00+00:00,26.140100479125977,26.235000610351562,26.1299991607666,26.204999923706055,786625
2025-03-18 18:55:00+00:00,26.149999618530273,26.170000076293945,26.100000381469727,26.141399383544922,527827
2025-03-18 19:00:00+00:00,26.110000610351562,26.149999618530273,26.09000015258789,26.139999389648438,419822
2025-03-18 19:05:00+00:00,26.04159927368164,26.128999710083008,26.030000686645508,26.110000610351562,684547
2025-03-18 19:10:00+00:00,26.045000076293945,26.06999969482422,26.0,26.045000076293945,708193
2025-03-18 19:15:00+00:00,26.024999618530273,26.045000076293945,26.0,26.045000076293945,667888
2025-03-18 19:20:00+00:00,25.93199920654297,26.030000686645508,25.920000076293945,26.024999618530273,1357098
2025-03-18 19:25:00+00:00,25.864999771118164,25.940000534057617,25.81999969482422,25.934999465942383,2229955
2025-03-18 19:30:00+00:00,25.953699111938477,25.969999313354492,25.860000610351562,25.864999771118164,1340885
2025-03-18 19:35:00+00:00,25.895000457763672,25.975000381469727,25.889999389648438,25.954999923706055,1415566
2025-03-18 19:40:00+00:00,25.890300750732422,25.934999465942383,25.864999771118164,25.895000457763672,860513
2025-03-18 19:45:00+00:00,25.864999771118164,25.91510009765625,25.860000610351562,25.895000457763672,1165940
2025-03-18 19:50:00+00:00,25.844999313354492,25.969999313354492,25.84000015258789,25.860000610351562,2744878
2025-03-18 19:55:00+00:00,25.940000534057617,25.989999771118164,25.825000762939453,25.844999313354492,6315964
2025-03-19 13:30:00+00:00,24.579999923706055,25.229900360107422,24.469999313354492,24.885000228881836,13102622
2025-03-19 13:35:00+00:00,24.764999389648438,24.829999923706055,24.549999237060547,24.57939910888672,3235160
2025-03-19 13:40:00+00:00,24.69930076599121,24.829999923706055,24.540000915527344,24.764999389648438,2788871
2025-03-19 13:45:00+00:00,24.539899826049805,24.700000762939453,24.510000228881836,24.700000762939453,2607012
2025-03-19 13:50:00+00:00,24.635000228881836,24.719999313354492,24.510000228881836,24.540000915527344,2406877
2025-03-19 13:55:00+00:00,24.475000381469727,24.700000762939453,24.469999313354492,24.6299991607666,2622599
2025-03-19 14:00:00+00:00,24.669300079345703,24.690000534057617,24.378999710083008,24.475000381469727,3378657
2025-03-19 14:05:00+00:00,24.604999542236328,24.799999237060547,24.59000015258789,24.665000915527344,2121365
2025-03-19 14:10:00+00:00,24.635000228881836,24.690000534057617,24.520000457763672,24.609899520874023,1320156
2025-03-19 14:15:00+00:00,24.674999237060547,24.760000228881836,24.6200008392334,24.631500244140625,1279504
2025-03-19 14:20:00+00:00,24.58970069885254,24.80500030517578,24.56999969482422,24.670000076293945,1885872
2025-03-19 14:25:00+00:00,24.434999465942383,24.61989974975586,24.43000030517578,24.59000015258789,1941127
2025-03-19 14:30:00+00:00,24.38450050354004,24.475000381469727,24.350000381469727,24.43000030517578,2443174
2025-03-19 14:35:00+00:00,24.2893009185791,24.40999984741211,24.25,24.385000228881836,2014288
2025-03-19 14:40:00+00:00,24.121999740600586,24.31999969482422,24.110000610351562,24.28499984741211,2606325
2025-03-19 14:45:00+00:00,24.354999542236328,24.360000610351562,24.049999237060547,24.125,3657316
2025-03-19 14:50:00+00:00,24.229999542236328,24.389999389648438,24.200000762939453,24.354999542236328,2536683
2025-03-19 14:55:00+00:00,24.2549991607666,24.270000457763672,24.15999984741211,24.229999542236328,1392213
2025-03-19 15:00:00+00:00,24.264999389648438,24.329999923706055,24.200000762939453,24.25,1706707
2025-03-19 15:05:00+00:00,24.302000045776367,24.364999771118164,24.170000076293945,24.264999389648438,1537704
2025-03-19 15:10:00+00:00,24.34000015258789,24.385000228881836,24.290000915527344,24.29010009765625,1263210
2025-03-19 15:15:00+00:00,24.29560089111328,24.375,24.270000457763672,24.344999313354492,833466
2025-03-19 15:20:00+00:00,24.274999618530273,24.350000381469727,24.260000228881836,24.291400909423828,727337
2025-03-19 15:25:00+00:00,24.325000762939453,24.329999923706055,24.219999313354492,24.274999618530273,696958
2025-03-19 15:30:00+00:00,24.424999237060547,24.43000030517578,24.31999969482422,24.325000762939453,1077483
2025-03-19 15:35:00+00:00,24.385000228881836,24.438199996948242,24.34000015258789,24.42009925842285,660351
2025-03-19 15:40:00+00:00,24.422000885009766,24.434999465942383,24.360000610351562,24.38990020751953,668137
2025-03-19 15:45:00+00:00,24.44499969482422,24.469999313354492,24.399999618530273,24.424999237060547,1028263
2025-03-19 15:50:00+00:00,24.459999084472656,24.510000228881836,24.43000030517578,24.449899673461914,974977
2025-03-19 15:55:00+00:00,24.405000686645508,24.5049991607666,24.3799991607666,24.46500015258789,800567
2025-03-19 16:00:00+00:00,24.399999618530273,24.43000030517578,24.334999084472656,24.405000686645508,670315
2025-03-19 16:05:00+00:00,24.395000457763672,24.469999313354492,24.389999389648438,24.392000198364258,695270
2025-03-19 16:10:00+00:00,24.450000762939453,24.479999542236328,24.390499114990234,24.390499114990234,1063659
2025-03-19 16:15:00+00:00,24.5,24.520000457763672,24.450000762939453,24.459999084472656,861191
2025-03-19 16:20:00+00:00,24.485000610351562,24.5,24.420000076293945,24.4950008392334,793956
2025-03-19 16:25:00+00:00,24.5049991607666,24.530000686645508,24.469999313354492,24.479999542236328,946781
2025-03-19 16:30:00+00:00,24.479999542236328,24.540000915527344,24.43000030517578,24.5049991607666,896402
2025-03-19 16:35:00+00:00,24.344999313354492,24.510000228881836,24.340900421142578,24.475000381469727,1106842
2025-03-19 16:40:00+00:00,24.315000534057617,24.360000610351562,24.270000457763672,24.346500396728516,1020429
2025-03-19 16:45:00+00:00,24.290000915527344,24.315000534057617,24.25,24.315000534057617,706991
2025-03-19 16:50:00+00:00,24.280000686645508,24.309999465942383,24.260000228881836,24.295000076293945,705390
2025-03-19 16:55:00+00:00,24.204999923706055,24.279199600219727,24.18000030517578,24.273500442504883,1054432
2025-03-19 17:00:00+00:00,24.225000381469727,24.249900817871094,24.18000030517578,24.200000762939453,777267
2025-03-19 17:05:00+00:00,24.165000915527344,24.229999542236328,24.139999389648438,24.225000381469727,884511
2025-03-19 17:10:00+00:00,24.181800842285156,24.200000762939453,24.149999618530273,24.165000915527344,794999
2025-03-19 17:15:00+00:00,24.174999237060547,24.229999542236328,24.139999389648438,24.184999465942383,672888
2025-03-19 17:20:00+00:00,24.1200008392334,24.204999923706055,24.104999542236328,24.18000030517578,926232
2025-03-19 17:25:00+00:00,24.094999313354492,24.139999389648438,24.08009910583496,24.120100021362305,809003
2025-03-19 17:30:00+00:00,24.125,24.139999389648438,24.079999923706055,24.09239959716797,1075292
2025-03-19 17:35:00+00:00,24.135000228881836,24.162500381469727,24.1200008392334,24.125,989804
2025-03-19 17:40:00+00:00,24.104999542236328,24.170000076293945,24.09000015258789,24.135000228881836,979535
2025-03-19 17:45:00+00:00,24.084999084472656,24.139999389648438,24.059999465942383,24.100000381469727,822580
2025-03-19 17:50:00+00:00,24.18000030517578,24.18000030517578,24.079999923706055,24.08340072631836,670247
2025-03-19 17:55:00+00:00,24.219999313354492,24.25,24.139999389648438,24.18000030517578,1349556
2025-03-19 18:00:00+00:00,24.255599975585938,24.3799991607666,24.149999618530273,24.219999313354492,1741244
2025-03-19 18:05:00+00:00,24.329999923706055,24.34000015258789,24.200000762939453,24.2549991607666,1022117
2025-03-19 18:10:00+00:00,24.329999923706055,24.405000686645508,24.309999465942383,24.326499938964844,1066417
2025-03-19 18:15:00+00:00,24.3700008392334,24.399999618530273,24.325000762939453,24.33169937133789,938927
2025-03-19 18:20:00+00:00,24.343700408935547,24.43000030517578,24.329999923706055,24.375,946405
2025-03-19 18:25:00+00:00,24.184999465942383,24.375600814819336,24.15999984741211,24.348800659179688,1441224
2025-03-19 18:30:00+00:00,24.239999771118164,24.309999465942383,24.18000030517578,24.184999465942383,1479340
2025-03-19 18:35:00+00:00,24.079999923706055,24.274999618530273,24.079999923706055,24.2450008392334,1577617
2025-03-19 18:40:00+00:00,24.125,24.1299991607666,24.030000686645508,24.079999923706055,1780342
2025-03-19 18:45:00+00:00,24.095500946044922,24.145000457763672,24.059999465942383,24.125,1366976
2025-03-19 18:50:00+00:00,24.1299991607666,24.149999618530273,24.09000015258789,24.09440040588379,969678
2025-03-19 18:55:00+00:00,24.125,24.18000030517578,24.104999542236328,24.125,1312986
2025-03-19 19:00:00+00:00,24.135000228881836,24.15999984741211,24.059999465942383,24.125,2426117
2025-03-19 19:05:00+00:00,24.274999618530273,24.290000915527344,24.06999969482422,24.13759994506836,2049737
2025-03-19 19:10:00+00:00,24.31999969482422,24.34000015258789,24.18000030517578,24.274999618530273,2230634
2025-03-19 19:15:00+00:00,24.344999313354492,24.3700008392334,24.285499572753906,24.315000534057617,1237872
2025-03-19 19:20:00+00:00,24.325000762939453,24.350000381469727,24.239999771118164,24.344999313354492,1189389
2025-03-19 19:25:00+00:00,24.204999923706055,24.34000015258789,24.190000534057617,24.329700469970703,1267253
2025-03-19 19:30:00+00:00,24.204999923706055,24.24850082397461,24.1299991607666,24.204999923706055,1168823
2025-03-19 19:35:00+00:00,24.264999389648438,24.299999237060547,24.18000030517578,24.204999923706055,1192955
2025-03-19 19:40:00+00:00,24.2814998626709,24.31999969482422,24.225000381469727,24.270000457763672,1535797
2025-03-19 19:45:00+00:00,24.263099670410156,24.31999969482422,24.210100173950195,24.28499984741211,1449158
2025-03-19 19:50:00+00:00,24.174999237060547,24.260000228881836,24.149999618530273,24.260000228881836,2429024
2025-03-19 19:55:00+00:00,24.1200008392334,24.174999237060547,24.110000610351562,24.174999237060547,4264215
2025-03-20 13:30:00+00:00,23.885000228881836,24.020000457763672,23.729999542236328,23.770000457763672,6811063
2025-03-20 13:35:00+00:00,24.05500030517578,24.110000610351562,23.860000610351562,23.889999389648438,2102332
2025-03-20 13:40:00+00:00,24.139999389648438,24.219999313354492,24.05500030517578,24.05500030517578,1551741
2025-03-20 13:45:00+00:00,24.2189998626709,24.25,24.06999969482422,24.145000457763672,1672590
2025-03-20 13:50:00+00:00,24.065000534057617,24.309999465942383,24.049999237060547,24.209999084472656,1800814
2025-03-20 13:55:00+00:00,24.059999465942383,24.110000610351562,24.0,24.049999237060547,960022
2025-03-20 14:00:00+00:00,24.18000030517578,24.219999313354492,24.030000686645508,24.059999465942383,1083768
2025-03-20 14:05:00+00:00,24.174999237060547,24.219999313354492,24.1299991607666,24.190000534057617,850884
2025-03-20 14:10:00+00:00,24.16200065612793,24.190000534057617,24.09000015258789,24.174999237060547,912832
2025-03-20 14:15:00+00:00,24.135000228881836,24.229799270629883,24.1200008392334,24.165000915527344,713519
2025-03-20 14:20:00+00:00,24.184999465942383,24.200000762939453,24.079999923706055,24.135000228881836,884562
2025-03-20 14:25:00+00:00,24.091800689697266,24.184999465942383,24.06999969482422,24.184999465942383,695027
2025-03-20 14:30:00+00:00,23.959999084472656,24.110000610351562,23.950000762939453,24.094999313354492,1135837
2025-03-20 14:35:00+00:00,23.949899673461914,24.030000686645508,23.93000030517578,23.959999084472656,1309500
2025-03-20 14:40:00+00:00,24.05500030517578,24.059999465942383,23.920000076293945,23.940000534057617,1106930
2025-03-20 14:45:00+00:00,23.954999923706055,24.079999923706055,23.940000534057617,24.05500030517578,763620
2025-03-20 14:50:00+00:00,23.920000076293945,23.969999313354492,23.915000915527344,23.954999923706055,824465
2025-03-20 14:55:00+00:00,23.979999542236328,24.0,23.905000686645508,23.93000030517578,1196989
2025-03-20 15:00:00+00:00,23.940000534057617,23.980100631713867,23.921100616455078,23.975000381469727,604495
2025-03-20 15:05:00+00:00,23.959999084472656,23.959999084472656,23.899999618530273,23.940000534057617,620809
2025-03-20 15:10:00+00:00,24.035499572753906,24.040000915527344,23.950000762939453,23.954999923706055,773976
2025-03-20 15:15:00+00:00,24.030099868774414,24.049999237060547,24.0,24.040000915527344,523051
2025-03-20 15:20:00+00:00,24.03499984741211,24.049999237060547,24.010000228881836,24.033199310302734,479554
2025-03-20 15:25:00+00:00,24.0049991607666,24.040000915527344,24.0,24.03499984741211,352976
2025-03-20 15:30:00+00:00,24.060100555419922,24.09000015258789,23.979999542236328,24.005699157714844,777873
2025-03-20 15:35:00+00:00,24.03499984741211,24.075000762939453,23.959999084472656,24.06999969482422,636681
2025-03-20 15:40:00+00:00,24.040000915527344,24.079999923706055,24.020000457763672,24.03499984741211,430771
2025-03-20 15:45:00+00:00,24.08930015563965,24.1299991607666,24.030000686645508,24.039899826049805,602969
2025-03-20 15:50:00+00:00,24.059999465942383,24.117599487304688,24.050100326538086,24.084999084472656,491304
2025-03-20 15:55:00+00:00,23.989999771118164,24.065000534057617,23.979999542236328,24.065000534057617,556507
2025-03-20 16:00:00+00:00,23.920000076293945,24.010000228881836,23.920000076293945,23.985000610351562,1004449
2025-03-20 16:05:00+00:00,23.924999237060547,23.940000534057617,23.889999389648438,23.920000076293945,995182
2025-03-20 16:10:00+00:00,23.954200744628906,23.954999923706055,23.8799991607666,23.929899215698242,755954
2025-03-20 16:15:00+00:00,23.954200744628906,24.0049991607666,23.920000076293945,23.959999084472656,1022256
2025-03-20 16:20:00+00:00,23.931100845336914,23.959999084472656,23.899999618530273,23.954999923706055,515931
2025-03-20 16:25:00+00:00,23.885000228881836,23.940000534057617,23.875,23.933300018310547,657026
2025-03-20 16:30:00+00:00,23.901199340820312,23.940000534057617,23.882699966430664,23.885000228881836,382258
2025-03-20 16:35:00+00:00,23.928699493408203,23.934999465942383,23.885000228881836,23.905000686645508,458898
2025-03-20 16:40:00+00:00,23.85110092163086,23.921300888061523,23.829999923706055,23.921300888061523,922016
2025-03-20 16:45:00+00:00,23.799999237060547,23.860000610351562,23.790000915527344,23.850000381469727,747068
2025-03-20 16:50:00+00:00,23.885000228881836,23.889999389648438,23.793800354003906,23.799999237060547,420493
2025-03-20 16:55:00+00:00,23.881200790405273,23.90999984741211,23.844999313354492,23.8799991607666,374968
2025-03-20 17:00:00+00:00,23.930999755859375,23.940000534057617,23.86009979248047,23.885000228881836,392550
2025-03-20 17:05:00+00:00,24.065000534057617,24.06999969482422,23.93000030517578,23.934999465942383,800263
2025-03-20 17:10:00+00:00,24.030000686645508,24.079999923706055,24.010000228881836,24.065000534057617,424389
2025-03-20 17:15:00+00:00,24.03529930114746,24.040000915527344,23.969999313354492,24.02989959716797,696009
2025-03-20 17:20:00+00:00,23.96500015258789,24.049999237060547,23.959999084472656,24.034000396728516,327149
2025-03-20 17:25:00+00:00,23.883499145507812,23.985000610351562,23.875,23.96500015258789,501935
2025-03-20 17:30:00+00:00,23.882299423217773,23.940000534057617,23.8700008392334,23.88909912109375,559990
2025-03-20 17:35:00+00:00,23.905000686645508,23.920000076293945,23.8705997467041,23.88800048828125,477158
2025-03-20 17:40:00+00:00,23.829999923706055,23.909900665283203,23.81999969482422,23.905000686645508,470182
2025-03-20 17:45:00+00:00,23.834999084472656,23.889999389648438,23.829999923706055,23.834999084472656,485785
2025-03-20 17:50:00+00:00,23.815000534057617,23.860000610351562,23.815000534057617,23.834999084472656,313132
2025-03-20 17:55:00+00:00,23.844999313354492,23.850000381469727,23.799999237060547,23.815500259399414,400309
2025-03-20 18:00:00+00:00,23.844999313354492,23.864999771118164,23.829999923706055,23.844999313354492,270805
2025-03-20 18:05:00+00:00,23.864999771118164,23.8799991607666,23.835500717163086,23.849899291992188,335816
2025-03-20 18:10:00+00:00,23.85849952697754,23.899999618530273,23.850000381469727,23.86989974975586,415181
2025-03-20 18:15:00+00:00,23.850000381469727,23.879899978637695,23.850000381469727,23.852800369262695,192707
2025-03-20 18:20:00+00:00,23.84000015258789,23.850000381469727,23.799999237060547,23.850000381469727,539845
2025-03-20 18:25:00+00:00,23.774999618530273,23.844999313354492,23.770000457763672,23.83989906311035,551054
2025-03-20 18:30:00+00:00,23.75320053100586,23.790000915527344,23.739999771118164,23.771799087524414,867027
2025-03-20 18:35:00+00:00,23.829999923706055,23.84000015258789,23.75189971923828,23.7549991607666,455478
2025-03-20 18:40:00+00:00,23.795000076293945,23.83989906311035,23.780000686645508,23.829999923706055,468176
2025-03-20 18:45:00+00:00,23.815000534057617,23.81999969482422,23.780000686645508,23.795000076293945,399958
2025-03-20 18:50:00+00:00,23.892900466918945,23.899999618530273,23.811399459838867,23.813100814819336,462634
2025-03-20 18:55:00+00:00,23.794700622558594,23.899999618530273,23.780000686645508,23.889999389648438,458213
2025-03-20 19:00:00+00:00,23.825000762939453,23.86989974975586,23.78890037536621,23.790000915527344,493907
2025-03-20 19:05:00+00:00,23.833999633789062,23.8700008392334,23.825000762939453,23.82990074157715,406375
2025-03-20 19:10:00+00:00,23.870100021362305,23.889999389648438,23.81999969482422,23.834999084472656,538405
2025-03-20 19:15:00+00:00,23.908000946044922,23.93000030517578,23.860700607299805,23.875,553756
2025-03-20 19:20:00+00:00,23.905000686645508,23.93000030517578,23.895000457763672,23.901599884033203,450727
2025-03-20 19:25:00+00:00,23.84000015258789,23.905000686645508,23.81999969482422,23.905000686645508,630552
2025-03-20 19:30:00+00:00,23.854999542236328,23.8966007232666,23.84000015258789,23.84000015258789,587856
2025-03-20 19:35:00+00:00,23.854999542236328,23.889999389648438,23.840999603271484,23.854999542236328,535339
2025-03-20 19:40:00+00:00,23.93470001220703,23.940000534057617,23.854999542236328,23.854999542236328,725926
2025-03-20 19:45:00+00:00,23.971099853515625,23.979999542236328,23.930700302124023,23.934999465942383,862179
2025-03-20 19:50:00+00:00,24.0049991607666,24.020000457763672,23.93000030517578,23.975000381469727,2302792
2025-03-20 19:55:00+00:00,23.950000762939453,24.045000076293945,23.93000030517578,24.010000228881836,2501484
2025-03-21 13:30:00+00:00,23.704999923706055,23.825000762939453,23.489999771118164,23.520000457763672,9907199
2025-03-21 13:35:00+00:00,23.63159942626953,23.739999771118164,23.6200008392334,23.704999923706055,969646
2025-03-21 13:40:00+00:00,23.700199127197266,23.774999618530273,23.6200008392334,23.632200241088867,992449
2025-03-21 13:45:00+00:00,23.809999465942383,23.850000381469727,23.680099487304688,23.704999923706055,1300000
2025-03-21 13:50:00+00:00,23.8799991607666,23.889999389648438,23.700000762939453,23.815000534057617,1564789
2025-03-21 13:55:00+00:00,23.78499984741211,23.899999618530273,23.760000228881836,23.885000228881836,1029340
2025-03-21 14:00:00+00:00,23.95989990234375,23.969999313354492,23.764999389648438,23.78499984741211,1279606
2025-03-21 14:05:00+00:00,23.8799991607666,23.989999771118164,23.8700008392334,23.959999084472656,1048835
2025-03-21 14:10:00+00:00,23.969999313354492,23.969999313354492,23.829999923706055,23.8799991607666,735872
2025-03-21 14:15:00+00:00,24.094999313354492,24.149900436401367,23.940000534057617,23.959999084472656,1877712
2025-03-21 14:20:00+00:00,24.094999313354492,24.139999389648438,24.030000686645508,24.09000015258789,610313
2025-03-21 14:25:00+00:00,24.149900436401367,24.184999465942383,24.092500686645508,24.094999313354492,829444
2025-03-21 14:30:00+00:00,24.065000534057617,24.145000457763672,24.024999618530273,24.145000457763672,1464385
2025-03-21 14:35:00+00:00,24.053699493408203,24.110000610351562,24.030000686645508,24.065000534057617,613592
2025-03-21 14:40:00+00:00,24.1299991607666,24.139999389648438,24.049999237060547,24.05500030517578,566254
2025-03-21 14:45:00+00:00,24.084999084472656,24.135000228881836,24.06999969482422,24.130699157714844,331982
2025-03-21 14:50:00+00:00,24.114999771118164,24.125,24.049999237060547,24.086999893188477,489923
2025-03-21 14:55:00+00:00,24.170000076293945,24.200000762939453,24.104999542236328,24.114999771118164,662464
2025-03-21 15:00:00+00:00,24.065000534057617,24.190000534057617,24.049999237060547,24.174999237060547,486293
2025-03-21 15:05:00+00:00,24.075000762939453,24.09000015258789,24.049999237060547,24.059999465942383,499582
2025-03-21 15:10:00+00:00,24.053699493408203,24.084999084472656,24.049999237060547,24.07550048828125,546429
2025-03-21 15:15:00+00:00,24.024999618530273,24.07659912109375,24.0,24.05500030517578,635172
2025-03-21 15:20:00+00:00,24.036300659179688,24.049999237060547,23.989999771118164,24.023399353027344,361513
2025-03-21 15:25:00+00:00,23.954999923706055,24.049999237060547,23.940000534057617,24.03499984741211,459220
2025-03-21 15:30:00+00:00,23.969999313354492,24.0049991607666,23.950000762939453,23.954999923706055,375563
2025-03-21 15:35:00+00:00,23.940000534057617,23.989999771118164,23.940000534057617,23.969999313354492,338347
2025-03-21 15:40:00+00:00,23.915000915527344,23.959999084472656,23.901199340820312,23.940000534057617,695707
2025-03-21 15:45:00+00:00,23.927400588989258,23.95989990234375,23.90999984741211,23.915000915527344,504881
2025-03-21 15:50:00+00:00,23.96500015258789,24.0,23.90999984741211,23.920000076293945,517844
2025-03-21 15:55:00+00:00,23.969999313354492,24.030000686645508,23.959999084472656,23.959999084472656,408745
2025-03-21 16:00:00+00:00,23.9950008392334,24.024999618530273,23.93000030517578,23.975000381469727,505221
2025-03-21 16:05:00+00:00,24.033000946044922,24.049999237060547,23.999000549316406,23.999000549316406,238058
2025-03-21 16:10:00+00:00,24.157899856567383,24.170000076293945,24.030000686645508,24.03499984741211,1010500
2025-03-21 16:15:00+00:00,24.2549991607666,24.270000457763672,24.15999984741211,24.15999984741211,924194
2025-03-21 16:20:00+00:00,24.399999618530273,24.43000030517578,24.239999771118164,24.25,1483170
2025-03-21 16:25:00+00:00,24.379899978637695,24.420000076293945,24.325000762939453,24.405000686645508,1358124
2025-03-21 16:30:00+00:00,24.388599395751953,24.399999618530273,24.31999969482422,24.376800537109375,721241
2025-03-21 16:35:00+00:00,24.375,24.389999389648438,24.325000762939453,24.38249969482422,628521
2025-03-21 16:40:00+00:00,24.385000228881836,24.420000076293945,24.360000610351562,24.3700008392334,807974
2025-03-21 16:45:00+00:00,24.375,24.440000534057617,24.370100021362305,24.38319969177246,645713
2025-03-21 16:50:00+00:00,24.46500015258789,24.469999313354492,24.360000610351562,24.3700008392334,879352
2025-03-21 16:55:00+00:00,24.491500854492188,24.530000686645508,24.450000762939453,24.46500015258789,969445
2025-03-21 17:00:00+00:00,24.530000686645508,24.530000686645508,24.459999084472656,24.4950008392334,458314
2025-03-21 17:05:00+00:00,24.545000076293945,24.549999237060547,24.51420021057129,24.524999618530273,515253
2025-03-21 17:10:00+00:00,24.485000610351562,24.549999237060547,24.459999084472656,24.545000076293945,544049
2025-03-21 17:15:00+00:00,24.489999771118164,24.530000686645508,24.459999084472656,24.489900588989258,604728
2025-03-21 17:20:00+00:00,24.600000381469727,24.610000610351562,24.469999313354492,24.485000610351562,757079
2025-03-21 17:25:00+00:00,24.565000534057617,24.610000610351562,24.540000915527344,24.594999313354492,632631
2025-03-21 17:30:00+00:00,24.530000686645508,24.56599998474121,24.510000228881836,24.56599998474121,486094
2025-03-21 17:35:00+00:00,24.514999389648438,24.559999465942383,24.510000228881836,24.530000686645508,433162
2025-03-21 17:40:00+00:00,24.545000076293945,24.549999237060547,24.5,24.514999389648438,478517
2025-03-21 17:45:00+00:00,24.579999923706055,24.579999923706055,24.5,24.542999267578125,490945
2025-03-21 17:50:00+00:00,24.540000915527344,24.588899612426758,24.524999618530273,24.575000762939453,551674
2025-03-21 17:55:00+00:00,24.51810073852539,24.549999237060547,24.510000228881836,24.540000915527344,322711
2025-03-21 18:00:00+00:00,24.53499984741211,24.549999237060547,24.510000228881836,24.514999389648438,422542
2025-03-21 18:05:00+00:00,24.479999542236328,24.530000686645508,24.399999618530273,24.530000686645508,885605
2025-03-21 18:10:00+00:00,24.524999618530273,24.530000686645508,24.459999084472656,24.479999542236328,550497
2025-03-21 18:15:00+00:00,24.575000762939453,24.59000015258789,24.5,24.524999618530273,678216
2025-03-21 18:20:00+00:00,24.53499984741211,24.575000762939453,24.530000686645508,24.575000762939453,388629
2025-03-21 18:25:00+00:00,24.4950008392334,24.53499984741211,24.479999542236328,24.53499984741211,373839
2025-03-21 18:30:00+00:00,24.524999618530273,24.55500030517578,24.489999771118164,24.4950008392334,460401
2025-03-21 18:35:00+00:00,24.579999923706055,24.610000610351562,24.521099090576172,24.530000686645508,572457
2025-03-21 18:40:00+00:00,24.635000228881836,24.649999618530273,24.56999969482422,24.57699966430664,833939
2025-03-21 18:45:00+00:00,24.625,24.649999618530273,24.579999923706055,24.635000228881836,1229145
2025-03-21 18:50:00+00:00,24.635000228881836,24.65999984741211,24.610000610351562,24.6299991607666,771935
2025-03-21 18:55:00+00:00,24.665000915527344,24.700000762939453,24.639999389648438,24.639999389648438,1097862
2025-03-21 19:00:00+00:00,24.6200008392334,24.674999237060547,24.600000381469727,24.665000915527344,988559
2025-03-21 19:05:00+00:00,24.520000457763672,24.6299991607666,24.510000228881836,24.6200008392334,678684
2025-03-21 19:10:00+00:00,24.520099639892578,24.530000686645508,24.459999084472656,24.510000228881836,995495
2025-03-21 19:15:00+00:00,24.540000915527344,24.549999237060547,24.5,24.524999618530273,801365
2025-03-21 19:20:00+00:00,24.4867000579834,24.549999237060547,24.479999542236328,24.53660011291504,730967
2025-03-21 19:25:00+00:00,24.469999313354492,24.5,24.444900512695312,24.485000610351562,513342
2025-03-21 19:30:00+00:00,24.469999313354492,24.489999771118164,24.450000762939453,24.46500015258789,535558
2025-03-21 19:35:00+00:00,24.46500015258789,24.5,24.450000762939453,24.475000381469727,688642
2025-03-21 19:40:00+00:00,24.424999237060547,24.46500015258789,24.40999984741211,24.46500015258789,752654
2025-03-21 19:45:00+00:00,24.421899795532227,24.450000762939453,24.405000686645508,24.420000076293945,1076480
2025-03-21 19:50:00+00:00,24.28499984741211,24.450000762939453,24.270000457763672,24.43000030517578,2378695
2025-03-21 19:55:00+00:00,24.25,24.290000915527344,24.200000762939453,24.28499984741211,4418675
2025-03-24 13:30:00+00:00,24.679899215698242,24.989999771118164,24.600000381469727,24.71500015258789,5588245
2025-03-24 13:35:00+00:00,24.73859977722168,24.770000457763672,24.639999389648438,24.674999237060547,1398617
2025-03-24 13:40:00+00:00,24.59000015258789,24.739999771118164,24.549999237060547,24.739999771118164,1277040
2025-03-24 13:45:00+00:00,24.619300842285156,24.690000534057617,24.530000686645508,24.594999313354492,1451100
2025-03-24 13:50:00+00:00,24.5,24.649999618530273,24.489999771118164,24.618999481201172,1384495
2025-03-24 13:55:00+00:00,24.50200080871582,24.56999969482422,24.489999771118164,24.5049991607666,729940
2025-03-24 14:00:00+00:00,24.53860092163086,24.6200008392334,24.5049991607666,24.5049991607666,999626
2025-03-24 14:05:00+00:00,24.4950008392334,24.594999313354492,24.489999771118164,24.540000915527344,1098643
2025-03-24 14:10:00+00:00,24.625,24.690000534057617,24.489999771118164,24.489999771118164,1056563
2025-03-24 14:15:00+00:00,24.600000381469727,24.6200008392334,24.540000915527344,24.6200008392334,635669
2025-03-24 14:20:00+00:00,24.545000076293945,24.604999542236328,24.530000686645508,24.604999542236328,591657
2025-03-24 14:25:00+00:00,24.48539924621582,24.54520034790039,24.399999618530273,24.545000076293945,1037207
2025-03-24 14:30:00+00:00,24.350000381469727,24.489999771118164,24.310699462890625,24.489999771118164,985203
2025-03-24 14:35:00+00:00,24.395000457763672,24.399999618530273,24.299999237060547,24.350000381469727,801047
2025-03-24 14:40:00+00:00,24.489999771118164,24.5,24.391000747680664,24.395000457763672,1036709
2025-03-24 14:45:00+00:00,24.485000610351562,24.524999618530273,24.461999893188477,24.496700286865234,702299
2025-03-24 14:50:00+00:00,24.489900588989258,24.559999465942383,24.483999252319336,24.485000610351562,570640
2025-03-24 14:55:00+00:00,24.485000610351562,24.540000915527344,24.479999542236328,24.485000610351562,440785
2025-03-24 15:00:00+00:00,24.489900588989258,24.5,24.43000030517578,24.485000610351562,582886
2025-03-24 15:05:00+00:00,24.390100479125977,24.489999771118164,24.3799991607666,24.485000610351562,662632
2025-03-24 15:10:00+00:00,24.424999237060547,24.459299087524414,24.3799991607666,24.395000457763672,530727
2025-03-24 15:15:00+00:00,24.5049991607666,24.510000228881836,24.40999984741211,24.43000030517578,474820
2025-03-24 15:20:00+00:00,24.46540069580078,24.510000228881836,24.450000762939453,24.5049991607666,376414
2025-03-24 15:25:00+00:00,24.415000915527344,24.46500015258789,24.360000610351562,24.46500015258789,874102
2025-03-24 15:30:00+00:00,24.360000610351562,24.420000076293945,24.350000381469727,24.41069984436035,454670
2025-03-24 15:35:00+00:00,24.28499984741211,24.3799991607666,24.280000686645508,24.364999771118164,774502
2025-03-24 15:40:00+00:00,24.243600845336914,24.299999237060547,24.209999084472656,24.28499984741211,856427
2025-03-24 15:45:00+00:00,24.2450008392334,24.299999237060547,24.239999771118164,24.2450008392334,627052
2025-03-24 15:50:00+00:00,24.235000610351562,24.25,24.18000030517578,24.2450008392334,850542
2025-03-24 15:55:00+00:00,24.21500015258789,24.239999771118164,24.18000030517578,24.235000610351562,692646
2025-03-24 16:00:00+00:00,24.334999084472656,24.33989906311035,24.209999084472656,24.21500015258789,787576
2025-03-24 16:05:00+00:00,24.334999084472656,24.360000610351562,24.299999237060547,24.334999084472656,668567
2025-03-24 16:10:00+00:00,24.28499984741211,24.34000015258789,24.280000686645508,24.334999084472656,378043
2025-03-24 16:15:00+00:00,24.267200469970703,24.299999237060547,24.229999542236328,24.283300399780273,450523
2025-03-24 16:20:00+00:00,24.30500030517578,24.31999969482422,24.2549991607666,24.260000228881836,465445
2025-03-24 16:25:00+00:00,24.274999618530273,24.334999084472656,24.225000381469727,24.30500030517578,556924
2025-03-24 16:30:00+00:00,24.274999618530273,24.329999923706055,24.25,24.270000457763672,478881
2025-03-24 16:35:00+00:00,24.235000610351562,24.290000915527344,24.235000610351562,24.276199340820312,331650
2025-03-24 16:40:00+00:00,24.229999542236328,24.239999771118164,24.18000030517578,24.235000610351562,528307
2025-03-24 16:45:00+00:00,24.29010009765625,24.309999465942383,24.22010040283203,24.225000381469727,457690
2025-03-24 16:50:00+00:00,24.325000762939453,24.34749984741211,24.290000915527344,24.295000076293945,499489
2025-03-24 16:55:00+00:00,24.330699920654297,24.345399856567383,24.299999237060547,24.322099685668945,415057
2025-03-24 17:00:00+00:00,24.287500381469727,24.344999313354492,24.280000686645508,24.34000015258789,610966
2025-03-24 17:05:00+00:00,24.246299743652344,24.309999465942383,24.23069953918457,24.28499984741211,449782
2025-03-24 17:10:00+00:00,24.184999465942383,24.260000228881836,24.18000030517578,24.239999771118164,452870
2025-03-24 17:15:00+00:00,24.18779945373535,24.219999313354492,24.18000030517578,24.184999465942383,422321
2025-03-24 17:20:00+00:00,24.177099227905273,24.200000762939453,24.139999389648438,24.190000534057617,501693
2025-03-24 17:25:00+00:00,24.204999923706055,24.219999313354492,24.15999984741211,24.1742000579834,342928
2025-03-24 17:30:00+00:00,24.184999465942383,24.209999084472656,24.180099487304688,24.204999923706055,348198
2025-03-24 17:35:00+00:00,24.16790008544922,24.200000762939453,24.15999984741211,24.184999465942383,371772
2025-03-24 17:40:00+00:00,24.155000686645508,24.170000076293945,24.139999389648438,24.165000915527344,393832
2025-03-24 17:45:00+00:00,24.167600631713867,24.188899993896484,24.149999618530273,24.15999984741211,378092
2025-03-24 17:50:00+00:00,24.225000381469727,24.227399826049805,24.165000915527344,24.165000915527344,381642
2025-03-24 17:55:00+00:00,24.23539924621582,24.25,24.209999084472656,24.228500366210938,394745
2025-03-24 18:00:00+00:00,24.190099716186523,24.239999771118164,24.18000030517578,24.235000610351562,607904
2025-03-24 18:05:00+00:00,24.165000915527344,24.204999923706055,24.15999984741211,24.195499420166016,522739
2025-03-24 18:10:00+00:00,24.165000915527344,24.18000030517578,24.149999618530273,24.165000915527344,449913
2025-03-24 18:15:00+00:00,24.174999237060547,24.219999313354492,24.161500930786133,24.16990089416504,389848
2025-03-24 18:20:00+00:00,24.184999465942383,24.19499969482422,24.15999984741211,24.174999237060547,308428
2025-03-24 18:25:00+00:00,24.174999237060547,24.200000762939453,24.15999984741211,24.184999465942383,362207
2025-03-24 18:30:00+00:00,24.149999618530273,24.18000030517578,24.1299991607666,24.174999237060547,385249
2025-03-24 18:35:00+00:00,24.197099685668945,24.200000762939453,24.1299991607666,24.155000686645508,497803
2025-03-24 18:40:00+00:00,24.190200805664062,24.219999313354492,24.171100616455078,24.190000534057617,401994
2025-03-24 18:45:00+00:00,24.21500015258789,24.239999771118164,24.174999237060547,24.19499969482422,594667
2025-03-24 18:50:00+00:00,24.2450008392334,24.259899139404297,24.209999084472656,24.215999603271484,429019
2025-03-24 18:55:00+00:00,24.295000076293945,24.299999237060547,24.239999771118164,24.2450008392334,499189
2025-03-24 19:00:00+00:00,24.2450008392334,24.295000076293945,24.2106990814209,24.295000076293945,536694
2025-03-24 19:05:00+00:00,24.264999389648438,24.31999969482422,24.232900619506836,24.2450008392334,581772
2025-03-24 19:10:00+00:00,24.239999771118164,24.290000915527344,24.239999771118164,24.264999389648438,344860
2025-03-24 19:15:00+00:00,24.280000686645508,24.280000686645508,24.239999771118164,24.24810028076172,399202
2025-03-24 19:20:00+00:00,24.30500030517578,24.309900283813477,24.2549991607666,24.274999618530273,590649
2025-03-24 19:25:00+00:00,24.235000610351562,24.309999465942383,24.229999542236328,24.30500030517578,644465
2025-03-24 19:30:00+00:00,24.225000381469727,24.260000228881836,24.209999084472656,24.239999771118164,491451
2025-03-24 19:35:00+00:00,24.21500015258789,24.239999771118164,24.190000534057617,24.219999313354492,752944
2025-03-24 19:40:00+00:00,24.219999313354492,24.25,24.200000762939453,24.219999313354492,791620
2025-03-24 19:45:00+00:00,24.155000686645508,24.219999313354492,24.139999389648438,24.21500015258789,848108
2025-03-24 19:50:00+00:00,24.316600799560547,24.34000015258789,24.155000686645508,24.15999984741211,2088822
2025-03-24 19:55:00+00:00,24.191099166870117,24.344999313354492,24.190000534057617,24.31999969482422,4329118
2025-03-25 13:30:00+00:00,24.364999771118164,24.440000534057617,24.110000610351562,24.174999237060547,4013642
2025-03-25 13:35:00+00:00,24.385000228881836,24.530000686645508,24.34000015258789,24.364999771118164,1586312
2025-03-25 13:40:00+00:00,24.48870086669922,24.489700317382812,24.344999313354492,24.3799991607666,1196766
2025-03-25 13:45:00+00:00,24.6299991607666,24.75,24.469999313354492,24.485000610351562,2388831
2025-03-25 13:50:00+00:00,24.575000762939453,24.649999618530273,24.479999542236328,24.629899978637695,1398947
2025-03-25 13:55:00+00:00,24.3799991607666,24.598800659179688,24.350000381469727,24.57069969177246,1024858
2025-03-25 14:00:00+00:00,24.47100067138672,24.489999771118164,24.34000015258789,24.389999389648438,979859
2025-03-25 14:05:00+00:00,24.665000915527344,24.690000534057617,24.475000381469727,24.475000381469727,1477735
2025-03-25 14:10:00+00:00,24.385000228881836,24.690000534057617,24.350000381469727,24.65999984741211,1313977
2025-03-25 14:15:00+00:00,24.469999313354492,24.5,24.3700008392334,24.385000228881836,1007906
2025-03-25 14:20:00+00:00,24.420000076293945,24.489999771118164,24.360000610351562,24.47209930419922,675717
2025-03-25 14:25:00+00:00,24.454999923706055,24.454999923706055,24.3799991607666,24.414899826049805,406674
2025-03-25 14:30:00+00:00,24.379100799560547,24.456899642944336,24.364999771118164,24.454999923706055,467619
2025-03-25 14:35:00+00:00,24.415000915527344,24.424999237060547,24.360000610351562,24.375,560931
2025-03-25 14:40:00+00:00,24.434999465942383,24.468799591064453,24.40999984741211,24.411500930786133,580249
2025-03-25 14:45:00+00:00,24.4950008392334,24.514999389648438,24.420000076293945,24.434999465942383,764381
2025-03-25 14:50:00+00:00,24.532699584960938,24.600000381469727,24.489999771118164,24.4950008392334,1048507
2025-03-25 14:55:00+00:00,24.385000228881836,24.53499984741211,24.350000381469727,24.530000686645508,1110364
2025-03-25 15:00:00+00:00,24.325000762939453,24.40999984741211,24.280000686645508,24.389999389648438,847988
2025-03-25 15:05:00+00:00,24.329999923706055,24.40999984741211,24.299999237060547,24.325000762939453,674301
2025-03-25 15:10:00+00:00,24.2549991607666,24.344999313354492,24.239999771118164,24.315000534057617,989871
2025-03-25 15:15:00+00:00,24.274999618530273,24.299999237060547,24.25,24.2549991607666,855124
2025-03-25 15:20:00+00:00,24.264999389648438,24.274999618530273,24.21500015258789,24.274999618530273,696056
2025-03-25 15:25:00+00:00,24.235000610351562,24.31999969482422,24.219999313354492,24.260000228881836,774857
2025-03-25 15:30:00+00:00,24.2450008392334,24.270000457763672,24.209999084472656,24.235000610351562,389342
2025-03-25 15:35:00+00:00,24.29990005493164,24.299999237060547,24.239999771118164,24.2450008392334,281890
2025-03-25 15:40:00+00:00,24.30500030517578,24.325000762939453,24.280000686645508,24.295000076293945,592460
2025-03-25 15:45:00+00:00,24.280000686645508,24.31999969482422,24.270000457763672,24.30500030517578,281257
2025-03-25 15:50:00+00:00,24.27560043334961,24.299999237060547,24.270000457763672,24.28499984741211,355068
2025-03-25 15:55:00+00:00,24.235000610351562,24.290000915527344,24.219999313354492,24.274999618530273,248869
2025-03-25 16:00:00+00:00,24.209999084472656,24.2450008392334,24.190000534057617,24.239900588989258,377835
2025-03-25 16:05:00+00:00,24.239700317382812,24.239999771118164,24.200000762939453,24.21500015258789,208292
2025-03-25 16:10:00+00:00,24.204999923706055,24.239999771118164,24.165000915527344,24.235000610351562,422781
2025-03-25 16:15:00+00:00,24.190000534057617,24.209999084472656,24.18000030517578,24.201400756835938,225523
2025-03-25 16:20:00+00:00,24.196699142456055,24.209999084472656,24.18000030517578,24.184999465942383,566465
2025-03-25 16:25:00+00:00,24.155000686645508,24.204999923706055,24.1299991607666,24.19499969482422,343985
2025-03-25 16:30:00+00:00,24.1200008392334,24.177200317382812,24.110000610351562,24.15999984741211,384722
2025-03-25 16:35:00+00:00,24.133499145507812,24.15999984741211,24.1200008392334,24.125,287868
2025-03-25 16:40:00+00:00,24.19499969482422,24.204999923706055,24.1299991607666,24.13629913330078,292163
2025-03-25 16:45:00+00:00,24.19499969482422,24.200000762939453,24.170000076293945,24.19499969482422,158443
2025-03-25 16:50:00+00:00,24.197500228881836,24.20989990234375,24.18470001220703,24.19499969482422,316075
2025-03-25 16:55:00+00:00,24.25,24.260000228881836,24.18000030517578,24.190500259399414,364851
2025-03-25 17:00:00+00:00,24.219999313354492,24.274999618530273,24.219999313354492,24.2450008392334,241017
2025-03-25 17:05:00+00:00,24.2450008392334,24.280000686645508,24.239999771118164,24.25749969482422,240926
2025-03-25 17:10:00+00:00,24.204999923706055,24.24180030822754,24.202499389648438,24.240299224853516,177861
2025-03-25 17:15:00+00:00,24.204999923706055,24.209999084472656,24.190000534057617,24.20210075378418,320671
2025-03-25 17:20:00+00:00,24.21500015258789,24.219999313354492,24.19499969482422,24.209999084472656,403385
2025-03-25 17:25:00+00:00,24.15999984741211,24.21500015258789,24.139999389648438,24.21500015258789,282168
2025-03-25 17:30:00+00:00,24.204999923706055,24.209999084472656,24.155000686645508,24.155000686645508,183482
2025-03-25 17:35:00+00:00,24.2450008392334,24.270000457763672,24.200000762939453,24.209999084472656,242248
2025-03-25 17:40:00+00:00,24.355100631713867,24.360000610351562,24.239999771118164,24.2450008392334,330171
2025-03-25 17:45:00+00:00,24.3174991607666,24.360000610351562,24.309999465942383,24.354999542236328,298383
2025-03-25 17:50:00+00:00,24.264999389648438,24.31999969482422,24.260000228881836,24.315000534057617,287423
2025-03-25 17:55:00+00:00,24.210100173950195,24.265100479125977,24.200000762939453,24.264999389648438,258683
2025-03-25 18:00:00+00:00,24.204999923706055,24.229999542236328,24.190000534057617,24.21500015258789,298159
2025-03-25 18:05:00+00:00,24.19499969482422,24.209999084472656,24.18000030517578,24.204999923706055,216212
2025-03-25 18:10:00+00:00,24.162700653076172,24.21500015258789,24.15999984741211,24.19499969482422,291203
2025-03-25 18:15:00+00:00,24.163799285888672,24.18000030517578,24.149999618530273,24.16900062561035,318329
2025-03-25 18:20:00+00:00,24.15999984741211,24.190000534057617,24.15999984741211,24.165000915527344,219222
2025-03-25 18:25:00+00:00,24.125,24.15999984741211,24.1200008392334,24.15999984741211,329136
2025-03-25 18:30:00+00:00,24.155000686645508,24.15999984741211,24.1200008392334,24.125,267573
2025-03-25 18:35:00+00:00,24.174999237060547,24.18000030517578,24.149999618530273,24.155000686645508,283503
2025-03-25 18:40:00+00:00,24.15489959716797,24.190000534057617,24.149999618530273,24.1742000579834,211095
2025-03-25 18:45:00+00:00,24.1299991607666,24.165000915527344,24.1200008392334,24.155000686645508,425719
2025-03-25 18:50:00+00:00,24.15999984741211,24.174999237060547,24.1200008392334,24.125,209085
2025-03-25 18:55:00+00:00,24.149999618530273,24.170000076293945,24.139999389648438,24.16010093688965,216569
2025-03-25 19:00:00+00:00,24.204999923706055,24.239999771118164,24.149999618530273,24.155000686645508,446198
2025-03-25 19:05:00+00:00,24.184999465942383,24.204999923706055,24.18000030517578,24.202600479125977,158153
2025-03-25 19:10:00+00:00,24.174999237060547,24.205299377441406,24.172500610351562,24.184999465942383,388823
2025-03-25 19:15:00+00:00,24.200000762939453,24.20509910583496,24.15999984741211,24.174999237060547,231005
2025-03-25 19:20:00+00:00,24.219999313354492,24.25,24.1919002532959,24.204999923706055,587312
2025-03-25 19:25:00+00:00,24.197999954223633,24.229999542236328,24.190000534057617,24.221599578857422,308612
2025-03-25 19:30:00+00:00,24.290000915527344,24.299999237060547,24.1924991607666,24.19499969482422,465665
2025-03-25 19:35:00+00:00,24.295000076293945,24.344999313354492,24.280000686645508,24.299999237060547,670672
2025-03-25 19:40:00+00:00,24.28420066833496,24.31999969482422,24.280000686645508,24.299999237060547,475682
2025-03-25 19:45:00+00:00,24.274999618530273,24.30500030517578,24.260000228881836,24.28499984741211,436855
2025-03-25 19:50:00+00:00,24.264999389648438,24.299999237060547,24.209999084472656,24.274999618530273,981704
2025-03-25 19:55:00+00:00,24.200000762939453,24.274999618530273,24.170000076293945,24.270000457763672,2183360
2025-03-26 13:30:00+00:00,24.31999969482422,24.378999710083008,24.190000534057617,24.209999084472656,2059996
2025-03-26 13:35:00+00:00,24.334999084472656,24.40999984741211,24.280000686645508,24.315000534057617,833853
2025-03-26 13:40:00+00:00,24.325000762939453,24.41939926147461,24.290000915527344,24.334999084472656,922676
2025-03-26 13:45:00+00:00,24.03499984741211,24.329999923706055,24.030000686645508,24.325000762939453,1612344
2025-03-26 13:50:00+00:00,23.905000686645508,24.040000915527344,23.8799991607666,24.030000686645508,1364953
2025-03-26 13:55:00+00:00,23.725000381469727,23.908199310302734,23.704999923706055,23.905000686645508,1702900
2025-03-26 14:00:00+00:00,23.81999969482422,23.889999389648438,23.709999084472656,23.725000381469727,1284345
2025-03-26 14:05:00+00:00,23.739999771118164,23.834999084472656,23.719999313354492,23.825000762939453,1070581
2025-03-26 14:10:00+00:00,23.665000915527344,23.770000457763672,23.614999771118164,23.729999542236328,1512179
2025-03-26 14:15:00+00:00,23.635000228881836,23.690000534057617,23.600000381469727,23.665000915527344,1037943
2025-03-26 14:20:00+00:00,23.594999313354492,23.645000457763672,23.549999237060547,23.635000228881836,757102
2025-03-26 14:25:00+00:00,23.530000686645508,23.60569953918457,23.520000457763672,23.598100662231445,1033330
2025-03-26 14:30:00+00:00,23.61440086364746,23.6299991607666,23.520000457763672,23.53499984741211,688036
2025-03-26 14:35:00+00:00,23.6343994140625,23.670000076293945,23.600000381469727,23.6200008392334,859453
2025-03-26 14:40:00+00:00,23.594999313354492,23.65999984741211,23.545000076293945,23.635000228881836,620459
2025-03-26 14:45:00+00:00,23.444400787353516,23.600000381469727,23.360000610351562,23.594999313354492,2395895
2025-03-26 14:50:00+00:00,23.508499145507812,23.540000915527344,23.420000076293945,23.440000534057617,950151
2025-03-26 14:55:00+00:00,23.385000228881836,23.510000228881836,23.3799991607666,23.5049991607666,919921
2025-03-26 15:00:00+00:00,23.424999237060547,23.450000762939453,23.360000610351562,23.385000228881836,831449
2025-03-26 15:05:00+00:00,23.436500549316406,23.459999084472656,23.40999984741211,23.424999237060547,665991
2025-03-26 15:10:00+00:00,23.41990089416504,23.449899673461914,23.389999389648438,23.434999465942383,538095
2025-03-26 15:15:00+00:00,23.485000610351562,23.489999771118164,23.399999618530273,23.425600051879883,426555
2025-03-26 15:20:00+00:00,23.375,23.489900588989258,23.360000610351562,23.489900588989258,666783
2025-03-26 15:25:00+00:00,23.325000762939453,23.3799991607666,23.290000915527344,23.375,811315
2025-03-26 15:30:00+00:00,23.395000457763672,23.420000076293945,23.315000534057617,23.325000762939453,436763
2025-03-26 15:35:00+00:00,23.440099716186523,23.458999633789062,23.389999389648438,23.395000457763672,445223
2025-03-26 15:40:00+00:00,23.420000076293945,23.450000762939453,23.415000915527344,23.44499969482422,416996
2025-03-26 15:45:00+00:00,23.400100708007812,23.450000762939453,23.3799991607666,23.425800323486328,435227
2025-03-26 15:50:00+00:00,23.3700008392334,23.40999984741211,23.34000015258789,23.404399871826172,516870
2025-03-26 15:55:00+00:00,23.375,23.375,23.290000915527344,23.364999771118164,755598
2025-03-26 16:00:00+00:00,23.354999542236328,23.3799991607666,23.34000015258789,23.375,283139
2025-03-26 16:05:00+00:00,23.350000381469727,23.416900634765625,23.350000381469727,23.360000610351562,494826
2025-03-26 16:10:00+00:00,23.30500030517578,23.344999313354492,23.280000686645508,23.344999313354492,491370
2025-03-26 16:15:00+00:00,23.299999237060547,23.309999465942383,23.270000457763672,23.30500030517578,387189
2025-03-26 16:20:00+00:00,23.375,23.389999389648438,23.290000915527344,23.30500030517578,461479
2025-03-26 16:25:00+00:00,23.440000534057617,23.450000762939453,23.3700008392334,23.375,352245
2025-03-26 16:30:00+00:00,23.496599197387695,23.5,23.440000534057617,23.440000534057617,530445
2025-03-26 16:35:00+00:00,23.475000381469727,23.53499984741211,23.469999313354492,23.5,539048
2025-03-26 16:40:00+00:00,23.51020050048828,23.514999389648438,23.46500015258789,23.479999542236328,337644
2025-03-26 16:45:00+00:00,23.485000610351562,23.565000534057617,23.485000610351562,23.514999389648438,619891
2025-03-26 16:50:00+00:00,23.405000686645508,23.485599517822266,23.389999389648438,23.485000610351562,284897
2025-03-26 16:55:00+00:00,23.42889976501465,23.450000762939453,23.3799991607666,23.405000686645508,594608
2025-03-26 17:00:00+00:00,23.44969940185547,23.459999084472656,23.40999984741211,23.424999237060547,390803
2025-03-26 17:05:00+00:00,23.439899444580078,23.469999313354492,23.420000076293945,23.450000762939453,422172
2025-03-26 17:10:00+00:00,23.415000915527344,23.440000534057617,23.40999984741211,23.439699172973633,228648
2025-03-26 17:15:00+00:00,23.374900817871094,23.420000076293945,23.34000015258789,23.415000915527344,324288
2025-03-26 17:20:00+00:00,23.405000686645508,23.415599822998047,23.3700008392334,23.375,461081
2025-03-26 17:25:00+00:00,23.405000686645508,23.41900062561035,23.375,23.405000686645508,242207
2025-03-26 17:30:00+00:00,23.3700008392334,23.40999984741211,23.3700008392334,23.399999618530273,266449
2025-03-26 17:35:00+00:00,23.375600814819336,23.3799991607666,23.360000610351562,23.3700008392334,234425
2025-03-26 17:40:00+00:00,23.439899444580078,23.469999313354492,23.374399185180664,23.3799991607666,464087
2025-03-26 17:45:00+00:00,23.415000915527344,23.448400497436523,23.399999618530273,23.43280029296875,339283
2025-03-26 17:50:00+00:00,23.424999237060547,23.42650032043457,23.3799991607666,23.415000915527344,352542
2025-03-26 17:55:00+00:00,23.364999771118164,23.424999237060547,23.350000381469727,23.424999237060547,337541
2025-03-26 18:00:00+00:00,23.399999618530273,23.40999984741211,23.364999771118164,23.364999771118164,303339
2025-03-26 18:05:00+00:00,23.352100372314453,23.399999618530273,23.34000015258789,23.390100479125977,370562
2025-03-26 18:10:00+00:00,23.385000228881836,23.399999618530273,23.350000381469727,23.354999542236328,254243
2025-03-26 18:15:00+00:00,23.375,23.399999618530273,23.360000610351562,23.385000228881836,246393
2025-03-26 18:20:00+00:00,23.385000228881836,23.389999389648438,23.360000610351562,23.3700008392334,269657
2025-03-26 18:25:00+00:00,23.34309959411621,23.385000228881836,23.34000015258789,23.385000228881836,366561
2025-03-26 18:30:00+00:00,23.350000381469727,23.360000610351562,23.309999465942383,23.344999313354492,460432
2025-03-26 18:35:00+00:00,23.360000610351562,23.3799991607666,23.34000015258789,23.344999313354492,215106
2025-03-26 18:40:00+00:00,23.329999923706055,23.3700008392334,23.31999969482422,23.36009979248047,305267
2025-03-26 18:45:00+00:00,23.300100326538086,23.34000015258789,23.290000915527344,23.324899673461914,448146
2025-03-26 18:50:00+00:00,23.315000534057617,23.31999969482422,23.280000686645508,23.30699920654297,581790
2025-03-26 18:55:00+00:00,23.28499984741211,23.31999969482422,23.280000686645508,23.310100555419922,292377
2025-03-26 19:00:00+00:00,23.34000015258789,23.34000015258789,23.28499984741211,23.28499984741211,386932
2025-03-26 19:05:00+00:00,23.295000076293945,23.350000381469727,23.280000686645508,23.344999313354492,368736
2025-03-26 19:10:00+00:00,23.283700942993164,23.299999237060547,23.25,23.295000076293945,800993
2025-03-26 19:15:00+00:00,23.344999313354492,23.344999313354492,23.270000457763672,23.28499984741211,634104
2025-03-26 19:20:00+00:00,23.354999542236328,23.389999389648438,23.31999969482422,23.344999313354492,608713
2025-03-26 19:25:00+00:00,23.389999389648438,23.43000030517578,23.350000381469727,23.350000381469727,897070
2025-03-26 19:30:00+00:00,23.424999237060547,23.43000030517578,23.364999771118164,23.395000457763672,678437
2025-03-26 19:35:00+00:00,23.424999237060547,23.450000762939453,23.3799991607666,23.43000030517578,731588
2025-03-26 19:40:00+00:00,23.434999465942383,23.44499969482422,23.3799991607666,23.424999237060547,586265
2025-03-26 19:45:00+00:00,23.46500015258789,23.469999313354492,23.395000457763672,23.434999465942383,720357
2025-03-26 19:50:00+00:00,23.434999465942383,23.469999313354492,23.395000457763672,23.46500015258789,1469172
2025-03-26 19:55:00+00:00,23.44499969482422,23.459999084472656,23.40999984741211,23.434999465942383,2474038
2025-03-27 13:30:00+00:00,23.219999313354492,23.415000915527344,23.165000915527344,23.28499984741211,2263007
2025-03-27 13:35:00+00:00,22.969999313354492,23.270000457763672,22.90999984741211,23.219999313354492,2274603
2025-03-27 13:40:00+00:00,22.952499389648438,23.025699615478516,22.854999542236328,22.969999313354492,1711518
2025-03-27 13:45:00+00:00,23.100000381469727,23.139999389648438,22.93000030517578,22.96500015258789,1196435
2025-03-27 13:50:00+00:00,23.170000076293945,23.190000534057617,23.040000915527344,23.104999542236328,1157553
2025-03-27 13:55:00+00:00,23.049999237060547,23.219999313354492,23.040000915527344,23.170000076293945,1092963
2025-03-27 14:00:00+00:00,23.1200008392334,23.18000030517578,23.040000915527344,23.049999237060547,783240
2025-03-27 14:05:00+00:00,22.989999771118164,23.145299911499023,22.950000762939453,23.1299991607666,870039
2025-03-27 14:10:00+00:00,22.979999542236328,23.010000228881836,22.899999618530273,22.9950008392334,1066737
2025-03-27 14:15:00+00:00,22.954999923706055,22.989999771118164,22.93000030517578,22.985000610351562,644746
2025-03-27 14:20:00+00:00,22.940000534057617,22.969900131225586,22.90999984741211,22.954999923706055,479675
2025-03-27 14:25:00+00:00,22.994400024414062,23.0,22.90999984741211,22.940000534057617,538415
2025-03-27 14:30:00+00:00,23.1200008392334,23.1299991607666,22.99970054626465,22.99970054626465,689422
2025-03-27 14:35:00+00:00,23.219999313354492,23.270000457763672,23.104999542236328,23.125,874811
2025-03-27 14:40:00+00:00,23.165000915527344,23.239999771118164,23.15999984741211,23.228599548339844,608430
2025-03-27 14:45:00+00:00,23.1200008392334,23.209999084472656,23.1200008392334,23.165000915527344,523863
2025-03-27 14:50:00+00:00,23.1299991607666,23.149999618530273,23.100000381469727,23.125,357857
2025-03-27 14:55:00+00:00,23.125,23.139999389648438,23.06999969482422,23.139999389648438,481834
2025-03-27 15:00:00+00:00,23.084999084472656,23.125,23.06999969482422,23.125,607123
2025-03-27 15:05:00+00:00,23.03350067138672,23.084999084472656,23.030000686645508,23.084999084472656,298562
2025-03-27 15:10:00+00:00,23.040000915527344,23.059900283813477,23.010000228881836,23.03499984741211,566100
2025-03-27 15:15:00+00:00,23.07990074157715,23.09000015258789,23.010000228881836,23.04450035095215,665592
2025-03-27 15:20:00+00:00,23.01099967956543,23.079999923706055,23.0,23.079299926757812,645563
2025-03-27 15:25:00+00:00,22.982900619506836,23.030000686645508,22.979999542236328,23.010000228881836,298224
2025-03-27 15:30:00+00:00,22.950000762939453,22.9950008392334,22.950000762939453,22.985000610351562,433211
2025-03-27 15:35:00+00:00,22.916900634765625,22.985000610351562,22.901399612426758,22.959999084472656,376611
2025-03-27 15:40:00+00:00,22.915000915527344,22.93000030517578,22.860000610351562,22.915000915527344,510667
2025-03-27 15:45:00+00:00,22.920000076293945,22.954999923706055,22.90999984741211,22.915000915527344,466710
2025-03-27 15:50:00+00:00,22.99530029296875,23.0,22.924999237060547,22.924999237060547,303951
2025-03-27 15:55:00+00:00,22.93560028076172,22.9950008392334,22.920000076293945,22.9950008392334,211134
2025-03-27 16:00:00+00:00,22.954999923706055,22.975000381469727,22.920000076293945,22.940000534057617,192041
2025-03-27 16:05:00+00:00,22.954999923706055,22.969999313354492,22.920000076293945,22.954999923706055,296174
2025-03-27 16:10:00+00:00,22.952299118041992,22.96500015258789,22.93000030517578,22.954999923706055,258630
2025-03-27 16:15:00+00:00,23.04010009765625,23.059900283813477,22.950000762939453,22.950000762939453,443090
2025-03-27 16:20:00+00:00,23.05500030517578,23.079999923706055,23.03499984741211,23.045000076293945,342850
2025-03-27 16:25:00+00:00,23.045000076293945,23.06999969482422,23.030000686645508,23.05500030517578,296550
2025-03-27 16:30:00+00:00,23.075000762939453,23.100000381469727,23.040000915527344,23.042699813842773,428506
2025-03-27 16:35:00+00:00,23.045000076293945,23.079999923706055,23.020000457763672,23.075000762939453,217252
2025-03-27 16:40:00+00:00,23.045000076293945,23.059999465942383,23.030000686645508,23.045000076293945,221433
2025-03-27 16:45:00+00:00,23.020200729370117,23.055700302124023,23.0,23.045000076293945,221240
2025-03-27 16:50:00+00:00,23.024999618530273,23.030000686645508,23.0,23.024999618530273,166054
2025-03-27 16:55:00+00:00,23.012800216674805,23.030000686645508,23.0,23.024999618530273,242772
2025-03-27 17:00:00+00:00,23.100200653076172,23.10930061340332,23.010000228881836,23.014999389648438,622571
2025-03-27 17:05:00+00:00,23.1200008392334,23.170000076293945,23.05500030517578,23.104999542236328,582229
2025-03-27 17:10:00+00:00,23.189899444580078,23.189899444580078,23.110000610351562,23.1299991607666,424684
2025-03-27 17:15:00+00:00,23.190000534057617,23.235000610351562,23.15999984741211,23.18779945373535,511233
2025-03-27 17:20:00+00:00,23.25,23.274999618530273,23.170000076293945,23.19499969482422,673225
2025-03-27 17:25:00+00:00,23.225000381469727,23.270000457763672,23.200000762939453,23.25,502740
2025-03-27 17:30:00+00:00,23.315000534057617,23.350000381469727,23.22010040283203,23.225000381469727,544580
2025-03-27 17:35:00+00:00,23.344999313354492,23.350000381469727,23.299999237060547,23.309999465942383,455646
2025-03-27 17:40:00+00:00,23.299999237060547,23.346599578857422,23.284400939941406,23.346599578857422,283043
2025-03-27 17:45:00+00:00,23.360000610351562,23.385000228881836,23.296499252319336,23.299999237060547,858215
2025-03-27 17:50:00+00:00,23.399999618530273,23.479999542236328,23.360000610351562,23.364999771118164,948336
2025-03-27 17:55:00+00:00,23.475000381469727,23.475000381469727,23.40999984741211,23.40999984741211,561182
2025-03-27 18:00:00+00:00,23.575000762939453,23.579999923706055,23.460100173950195,23.475000381469727,1293164
2025-03-27 18:05:00+00:00,23.545000076293945,23.614999771118164,23.540000915527344,23.56999969482422,1030706
2025-03-27 18:10:00+00:00,23.614999771118164,23.6200008392334,23.530000686645508,23.541500091552734,756151
2025-03-27 18:15:00+00:00,23.614999771118164,23.639999389648438,23.56999969482422,23.614999771118164,994858
2025-03-27 18:20:00+00:00,23.559900283813477,23.649999618530273,23.549999237060547,23.614999771118164,644947
2025-03-27 18:25:00+00:00,23.53499984741211,23.584999084472656,23.510000228881836,23.55900001525879,448755
2025-03-27 18:30:00+00:00,23.533599853515625,23.577999114990234,23.510000228881836,23.53499984741211,381268
2025-03-27 18:35:00+00:00,23.575000762939453,23.594999313354492,23.520000457763672,23.53499984741211,491514
2025-03-27 18:40:00+00:00,23.614999771118164,23.635000228881836,23.56999969482422,23.577899932861328,500661
2025-03-27 18:45:00+00:00,23.620100021362305,23.639999389648438,23.610000610351562,23.614999771118164,350955
2025-03-27 18:50:00+00:00,23.645000457763672,23.690000534057617,23.610000610351562,23.625,560175
2025-03-27 18:55:00+00:00,23.54759979248047,23.649999618530273,23.530000686645508,23.645000457763672,399024
2025-03-27 19:00:00+00:00,23.565000534057617,23.6200008392334,23.540000915527344,23.545000076293945,484919
2025-03-27 19:05:00+00:00,23.5664005279541,23.594999313354492,23.559999465942383,23.559999465942383,335940
2025-03-27 19:10:00+00:00,23.625699996948242,23.625699996948242,23.559999465942383,23.56399917602539,430099
2025-03-27 19:15:00+00:00,23.645000457763672,23.670000076293945,23.610000610351562,23.625,505448
2025-03-27 19:20:00+00:00,23.702999114990234,23.75979995727539,23.639999389648438,23.645000457763672,807927
2025-03-27 19:25:00+00:00,23.739999771118164,23.7450008392334,23.690000534057617,23.704999923706055,640856
2025-03-27 19:30:00+00:00,23.709999084472656,23.7450008392334,23.68000030517578,23.7450008392334,733822
2025-03-27 19:35:00+00:00,23.684999465942383,23.71500015258789,23.655000686645508,23.71500015258789,655649
2025-03-27 19:40:00+00:00,23.684999465942383,23.719999313354492,23.65999984741211,23.684999465942383,629896
2025-03-27 19:45:00+00:00,23.73150062561035,23.749900817871094,23.670000076293945,23.684999465942383,740873
2025-03-27 19:50:00+00:00,23.604999542236328,23.7450008392334,23.579999923706055,23.739999771118164,1427968
2025-03-27 19:55:00+00:00,23.6299991607666,23.65999984741211,23.604999542236328,23.604999542236328,2818054
2025-03-28 13:30:00+00:00,23.3700008392334,23.459999084472656,23.270000457763672,23.31999969482422,2667908
2025-03-28 13:35:00+00:00,23.514400482177734,23.575000762939453,23.389999389648438,23.389999389648438,866871
2025-03-28 13:40:00+00:00,23.489999771118164,23.579999923706055,23.440000534057617,23.510000228881836,809618
2025-03-28 13:45:00+00:00,23.4950008392334,23.530000686645508,23.450000762939453,23.485000610351562,527877
2025-03-28 13:50:00+00:00,23.44569969177246,23.4950008392334,23.389999389648438,23.4950008392334,554370
2025-03-28 13:55:00+00:00,23.350000381469727,23.450000762939453,23.299999237060547,23.44499969482422,716618
2025-03-28 14:00:00+00:00,23.274700164794922,23.395000457763672,23.25,23.350000381469727,1248680
2025-03-28 14:05:00+00:00,23.114999771118164,23.280000686645508,23.059999465942383,23.271099090576172,1419134
2025-03-28 14:10:00+00:00,23.031200408935547,23.15999984741211,22.989999771118164,23.114999771118164,1468200
2025-03-28 14:15:00+00:00,22.905000686645508,23.069700241088867,22.899999618530273,23.030000686645508,1097738
2025-03-28 14:20:00+00:00,22.8799991607666,22.940000534057617,22.8700008392334,22.90999984741211,1050416
2025-03-28 14:25:00+00:00,22.704999923706055,22.88010025024414,22.700000762939453,22.8799991607666,1708312
2025-03-28 14:30:00+00:00,22.6299991607666,22.764999389648438,22.59000015258789,22.704999923706055,1384211
2025-03-28 14:35:00+00:00,22.614999771118164,22.65999984741211,22.559999465942383,22.6299991607666,1022090
2025-03-28 14:40:00+00:00,22.699899673461914,22.709999084472656,22.579999923706055,22.610000610351562,1060343
2025-03-28 14:45:00+00:00,22.614999771118164,22.696800231933594,22.59000015258789,22.69499969482422,769125
2025-03-28 14:50:00+00:00,22.729999542236328,22.739999771118164,22.610000610351562,22.610000610351562,942074
2025-03-28 14:55:00+00:00,22.725000381469727,22.739999771118164,22.649999618530273,22.725000381469727,655458
2025-03-28 15:00:00+00:00,22.664400100708008,22.760000228881836,22.625,22.725000381469727,663115
2025-03-28 15:05:00+00:00,22.70400047302246,22.729900360107422,22.660499572753906,22.665000915527344,424646
2025-03-28 15:10:00+00:00,22.760000228881836,22.799999237060547,22.690000534057617,22.704999923706055,660681
2025-03-28 15:15:00+00:00,22.830699920654297,22.860000610351562,22.740800857543945,22.770000457763672,798903
2025-03-28 15:20:00+00:00,22.82830047607422,22.859899520874023,22.815000534057617,22.829999923706055,531311
2025-03-28 15:25:00+00:00,22.879899978637695,22.895000457763672,22.770000457763672,22.825000762939453,825146
2025-03-28 15:30:00+00:00,22.924999237060547,22.945600509643555,22.850000381469727,22.8799991607666,474006
2025-03-28 15:35:00+00:00,22.959299087524414,22.989999771118164,22.899999618530273,22.924999237060547,645626
2025-03-28 15:40:00+00:00,22.869300842285156,22.965599060058594,22.851299285888672,22.954999923706055,535793
2025-03-28 15:45:00+00:00,22.875,22.885000228881836,22.829999923706055,22.864999771118164,359285
2025-03-28 15:50:00+00:00,22.80500030517578,22.875,22.799999237060547,22.8700008392334,399340
2025-03-28 15:55:00+00:00,22.79560089111328,22.809999465942383,22.763099670410156,22.80500030517578,375702
2025-03-28 16:00:00+00:00,22.795000076293945,22.84000015258789,22.780000686645508,22.790000915527344,305722
2025-03-28 16:05:00+00:00,22.76110076904297,22.815000534057617,22.760000228881836,22.795000076293945,346829
2025-03-28 16:10:00+00:00,22.79560089111328,22.829999923706055,22.760000228881836,22.764999389648438,532423
2025-03-28 16:15:00+00:00,22.719999313354492,22.809999465942383,22.700000762939453,22.799999237060547,561748
2025-03-28 16:20:00+00:00,22.735000610351562,22.75,22.700000762939453,22.71500015258789,312816
2025-03-28 16:25:00+00:00,22.750999450683594,22.760000228881836,22.709999084472656,22.735000610351562,187338
2025-03-28 16:30:00+00:00,22.774999618530273,22.789899826049805,22.75,22.7549991607666,194005
2025-03-28 16:35:00+00:00,22.735000610351562,22.809999465942383,22.719999313354492,22.780000686645508,416264
2025-03-28 16:40:00+00:00,22.734399795532227,22.769899368286133,22.719999313354492,22.739999771118164,259060
2025-03-28 16:45:00+00:00,22.7549991607666,22.790000915527344,22.719999313354492,22.739999771118164,375357
2025-03-28 16:50:00+00:00,22.764999389648438,22.780000686645508,22.75,22.7549991607666,238111
2025-03-28 16:55:00+00:00,22.729999542236328,22.770000457763672,22.719999313354492,22.770000457763672,263136
2025-03-28 17:00:00+00:00,22.725000381469727,22.739999771118164,22.674999237060547,22.729999542236328,361184
2025-03-28 17:05:00+00:00,22.66349983215332,22.725000381469727,22.65999984741211,22.725000381469727,493865
2025-03-28 17:10:00+00:00,22.66990089416504,22.68000030517578,22.649999618530273,22.65999984741211,256885
2025-03-28 17:15:00+00:00,22.71500015258789,22.739999771118164,22.64150047302246,22.661100387573242,397765
2025-03-28 17:20:00+00:00,22.69499969482422,22.719999313354492,22.68090057373047,22.71500015258789,182929
2025-03-28 17:25:00+00:00,22.674999237060547,22.700000762939453,22.639999389648438,22.69499969482422,244015
2025-03-28 17:30:00+00:00,22.709999084472656,22.709999084472656,22.674999237060547,22.68000030517578,269331
2025-03-28 17:35:00+00:00,22.684999465942383,22.709999084472656,22.665000915527344,22.70009994506836,241777
2025-03-28 17:40:00+00:00,22.655000686645508,22.690000534057617,22.640100479125977,22.684999465942383,331775
2025-03-28 17:45:00+00:00,22.639999389648438,22.670000076293945,22.6299991607666,22.655000686645508,276198
2025-03-28 17:50:00+00:00,22.639999389648438,22.65999984741211,22.610000610351562,22.635000228881836,415927
2025-03-28 17:55:00+00:00,22.68000030517578,22.68000030517578,22.6299991607666,22.649999618530273,235315
2025-03-28 18:00:00+00:00,22.709999084472656,22.739700317382812,22.665000915527344,22.674999237060547,423433
2025-03-28 18:05:00+00:00,22.735000610351562,22.7450008392334,22.68000030517578,22.704999923706055,331817
2025-03-28 18:10:00+00:00,22.684999465942383,22.75,22.674999237060547,22.735000610351562,257987
2025-03-28 18:15:00+00:00,22.684999465942383,22.709999084472656,22.670000076293945,22.684999465942383,255108
2025-03-28 18:20:00+00:00,22.671199798583984,22.70989990234375,22.65999984741211,22.690000534057617,226189
2025-03-28 18:25:00+00:00,22.665000915527344,22.684999465942383,22.65999984741211,22.674999237060547,233048
2025-03-28 18:30:00+00:00,22.674999237060547,22.700000762939453,22.65999984741211,22.665000915527344,240461
2025-03-28 18:35:00+00:00,22.65999984741211,22.67970085144043,22.639999389648438,22.674999237060547,246068
2025-03-28 18:40:00+00:00,22.665000915527344,22.68000030517578,22.65999984741211,22.664400100708008,137046
2025-03-28 18:45:00+00:00,22.6737003326416,22.690000534057617,22.649999618530273,22.66010093688965,343779
2025-03-28 18:50:00+00:00,22.73349952697754,22.739999771118164,22.670000076293945,22.674999237060547,223166
2025-03-28 18:55:00+00:00,22.7549991607666,22.780000686645508,22.73240089416504,22.735000610351562,416717
2025-03-28 19:00:00+00:00,22.815000534057617,22.81999969482422,22.75,22.7549991607666,403774
2025-03-28 19:05:00+00:00,22.889999389648438,22.929899215698242,22.809999465942383,22.815000534057617,591820
2025-03-28 19:10:00+00:00,22.888500213623047,22.889999389648438,22.850000381469727,22.885000228881836,372521
2025-03-28 19:15:00+00:00,22.875,22.895000457763672,22.84000015258789,22.885000228881836,398399
2025-03-28 19:20:00+00:00,22.799999237060547,22.879899978637695,22.790000915527344,22.879899978637695,547913
2025-03-28 19:25:00+00:00,22.774999618530273,22.806299209594727,22.760000228881836,22.799299240112305,537569
2025-03-28 19:30:00+00:00,22.729999542236328,22.796300888061523,22.729999542236328,22.774999618530273,577988
2025-03-28 19:35:00+00:00,22.719999313354492,22.739999771118164,22.700000762939453,22.735000610351562,746544
2025-03-28 19:40:00+00:00,22.714399337768555,22.729999542236328,22.700000762939453,22.719999313354492,570550
2025-03-28 19:45:00+00:00,22.709999084472656,22.729999542236328,22.683300018310547,22.719900131225586,951734
2025-03-28 19:50:00+00:00,22.704999923706055,22.75,22.649999618530273,22.719999313354492,2047999
2025-03-28 19:55:00+00:00,22.719999313354492,22.739999771118164,22.655000686645508,22.700000762939453,3214998
2025-03-31 13:30:00+00:00,22.042999267578125,22.469999313354492,22.024999618530273,22.3799991607666,4220863
2025-03-31 13:35:00+00:00,22.03350067138672,22.190000534057617,21.905000686645508,22.040000915527344,2850894
2025-03-31 13:40:00+00:00,21.844999313354492,22.040000915527344,21.829999923706055,22.03499984741211,1415707
2025-03-31 13:45:00+00:00,21.895000457763672,21.93000030517578,21.75,21.844999313354492,1903765
2025-03-31 13:50:00+00:00,22.139999389648438,22.155000686645508,21.864999771118164,21.895000457763672,1543451
2025-03-31 13:55:00+00:00,22.155000686645508,22.28499984741211,22.1299991607666,22.145000457763672,1599201
2025-03-31 14:00:00+00:00,22.231199264526367,22.309999465942383,22.155000686645508,22.155000686645508,1016443
2025-03-31 14:05:00+00:00,22.295000076293945,22.350000381469727,22.170000076293945,22.235000610351562,674257
2025-03-31 14:10:00+00:00,22.485000610351562,22.510000228881836,22.280000686645508,22.295000076293945,1118251
2025-03-31 14:15:00+00:00,22.315000534057617,22.530000686645508,22.309999465942383,22.485000610351562,1100440
2025-03-31 14:20:00+00:00,22.309999465942383,22.38990020751953,22.290000915527344,22.309999465942383,948663
2025-03-31 14:25:00+00:00,22.264999389648438,22.30500030517578,22.19499969482422,22.30500030517578,491296
2025-03-31 14:30:00+00:00,22.500099182128906,22.530000686645508,22.264999389648438,22.264999389648438,655045
2025-03-31 14:35:00+00:00,22.53499984741211,22.549999237060547,22.415000915527344,22.5049991607666,476691
2025-03-31 14:40:00+00:00,22.415000915527344,22.53499984741211,22.399999618530273,22.530000686645508,518601
2025-03-31 14:45:00+00:00,22.440000534057617,22.53499984741211,22.420000076293945,22.420000076293945,587979
2025-03-31 14:50:00+00:00,22.399999618530273,22.454999923706055,22.360000610351562,22.434999465942383,528064
2025-03-31 14:55:00+00:00,22.34149932861328,22.399900436401367,22.290000915527344,22.39109992980957,397567
2025-03-31 15:00:00+00:00,22.325000762939453,22.399999618530273,22.290000915527344,22.344999313354492,560844
2025-03-31 15:05:00+00:00,22.280000686645508,22.3700008392334,22.250099182128906,22.325000762939453,327615
2025-03-31 15:10:00+00:00,22.2549991607666,22.309999465942383,22.219999313354492,22.274999618530273,444143
2025-03-31 15:15:00+00:00,22.309999465942383,22.32990074157715,22.25,22.2549991607666,461187
2025-03-31 15:20:00+00:00,22.389999389648438,22.389999389648438,22.309900283813477,22.309999465942383,537978
2025-03-31 15:25:00+00:00,22.280000686645508,22.420000076293945,22.239999771118164,22.385000228881836,683658
2025-03-31 15:30:00+00:00,22.260000228881836,22.290000915527344,22.239999771118164,22.274999618530273,340342
2025-03-31 15:35:00+00:00,22.219999313354492,22.264999389648438,22.204999923706055,22.260000228881836,571891
2025-03-31 15:40:00+00:00,22.17959976196289,22.26889991760254,22.165000915527344,22.219999313354492,493092
2025-03-31 15:45:00+00:00,22.149999618530273,22.190000534057617,22.1299991607666,22.174999237060547,856248
2025-03-31 15:50:00+00:00,22.174999237060547,22.229999542236328,22.10219955444336,22.155000686645508,699349
2025-03-31 15:55:00+00:00,22.149999618530273,22.209999084472656,22.1299991607666,22.170000076293945,417609
2025-03-31 16:00:00+00:00,22.184999465942383,22.209999084472656,22.114999771118164,22.149999618530273,443876
2025-03-31 16:05:00+00:00,22.104999542236328,22.190000534057617,22.079999923706055,22.181800842285156,490197
2025-03-31 16:10:00+00:00,22.114999771118164,22.11989974975586,22.040000915527344,22.104999542236328,365753
2025-03-31 16:15:00+00:00,22.135000228881836,22.139999389648438,22.079999923706055,22.114999771118164,305843
2025-03-31 16:20:00+00:00,22.129600524902344,22.145000457763672,22.09440040588379,22.13010025024414,264402
2025-03-31 16:25:00+00:00,22.26099967956543,22.269899368286133,22.1200008392334,22.1200008392334,1084061
2025-03-31 16:30:00+00:00,22.2322998046875,22.280000686645508,22.209999084472656,22.264999389648438,651095
2025-03-31 16:35:00+00:00,22.232799530029297,22.2450008392334,22.200000762939453,22.239999771118164,338884
2025-03-31 16:40:00+00:00,22.21500015258789,22.238000869750977,22.204999923706055,22.235000610351562,279649
2025-03-31 16:45:00+00:00,22.204999923706055,22.225000381469727,22.170000076293945,22.21500015258789,314084
2025-03-31 16:50:00+00:00,22.31999969482422,22.335599899291992,22.191699981689453,22.204999923706055,458299
2025-03-31 16:55:00+00:00,22.28499984741211,22.354999542236328,22.260000228881836,22.325000762939453,403773
2025-03-31 17:00:00+00:00,22.3700008392334,22.38990020751953,22.239999771118164,22.280000686645508,452977
2025-03-31 17:05:00+00:00,22.46150016784668,22.469999313354492,22.350000381469727,22.364999771118164,479778
2025-03-31 17:10:00+00:00,22.489900588989258,22.514999389648438,22.450000762939453,22.459999084472656,605099
2025-03-31 17:15:00+00:00,22.43000030517578,22.4950008392334,22.42140007019043,22.489999771118164,564114
2025-03-31 17:20:00+00:00,22.447500228881836,22.45989990234375,22.3700008392334,22.43000030517578,414403
2025-03-31 17:25:00+00:00,22.38559913635254,22.454999923706055,22.350000381469727,22.44499969482422,350717
2025-03-31 17:30:00+00:00,22.405000686645508,22.40999984741211,22.3700008392334,22.389999389648438,194608
2025-03-31 17:35:00+00:00,22.409900665283203,22.43000030517578,22.360000610351562,22.405000686645508,271914
2025-03-31 17:40:00+00:00,22.334999084472656,22.415000915527344,22.329999923706055,22.405000686645508,291644
2025-03-31 17:45:00+00:00,22.34000015258789,22.358299255371094,22.309999465942383,22.334999084472656,278001
2025-03-31 17:50:00+00:00,22.3799991607666,22.395000457763672,22.31999969482422,22.334999084472656,267714
2025-03-31 17:55:00+00:00,22.299999237060547,22.375,22.290000915527344,22.375,235660
2025-03-31 18:00:00+00:00,22.375,22.40999984741211,22.295000076293945,22.299999237060547,467488
2025-03-31 18:05:00+00:00,22.450000762939453,22.459999084472656,22.350000381469727,22.375,390351
2025-03-31 18:10:00+00:00,22.434999465942383,22.4950008392334,22.43000030517578,22.454999923706055,563101
2025-03-31 18:15:00+00:00,22.46809959411621,22.469999313354492,22.3799991607666,22.434999465942383,393408
2025-03-31 18:20:00+00:00,22.4950008392334,22.549999237060547,22.40999984741211,22.469999313354492,858110
2025-03-31 18:25:00+00:00,22.514999389648438,22.520000457763672,22.475000381469727,22.489999771118164,293456
2025-03-31 18:30:00+00:00,22.565000534057617,22.584999084472656,22.5,22.514999389648438,490643
2025-03-31 18:35:00+00:00,22.610000610351562,22.629899978637695,22.559999465942383,22.565000534057617,758239
2025-03-31 18:40:00+00:00,22.625,22.68000030517578,22.59000015258789,22.604999542236328,571922
2025-03-31 18:45:00+00:00,22.614999771118164,22.6299991607666,22.530000686645508,22.6299991607666,584592
2025-03-31 18:50:00+00:00,22.66990089416504,22.709999084472656,22.610000610351562,22.6200008392334,529917
2025-03-31 18:55:00+00:00,22.549999237060547,22.668699264526367,22.54439926147461,22.665000915527344,388590
2025-03-31 19:00:00+00:00,22.625,22.645000457763672,22.530000686645508,22.545000076293945,463565
2025-03-31 19:05:00+00:00,22.639999389648438,22.670000076293945,22.6200008392334,22.625,394557
2025-03-31 19:10:00+00:00,22.684999465942383,22.719999313354492,22.6200008392334,22.6299991607666,532356
2025-03-31 19:15:00+00:00,22.65559959411621,22.699899673461914,22.6299991607666,22.684999465942383,373724
2025-03-31 19:20:00+00:00,22.649999618530273,22.700000762939453,22.600000381469727,22.655000686645508,658545
2025-03-31 19:25:00+00:00,22.575000762939453,22.65999984741211,22.549999237060547,22.655000686645508,459303
2025-03-31 19:30:00+00:00,22.621599197387695,22.648000717163086,22.552499771118164,22.575000762939453,536585
2025-03-31 19:35:00+00:00,22.594999313354492,22.635000228881836,22.559999465942383,22.625,554528
2025-03-31 19:40:00+00:00,22.598100662231445,22.690000534057617,22.594999313354492,22.600000381469727,747897
2025-03-31 19:45:00+00:00,22.619300842285156,22.665000915527344,22.56999969482422,22.59000015258789,727854
2025-03-31 19:50:00+00:00,22.655000686645508,22.665000915527344,22.545000076293945,22.614999771118164,1448619
2025-03-31 19:55:00+00:00,22.709999084472656,22.7450008392334,22.639999389648438,22.655000686645508,3679430
2025-04-01 13:30:00+00:00,22.264999389648438,22.600000381469727,22.25,22.549999237060547,3827232
2025-04-01 13:35:00+00:00,22.165000915527344,22.31999969482422,22.109899520874023,22.264999389648438,1864151
2025-04-01 13:40:00+00:00,22.21500015258789,22.260000228881836,22.121200561523438,22.165000915527344,1466372
2025-04-01 13:45:00+00:00,22.33989906311035,22.395000457763672,22.190000534057617,22.21500015258789,1137973
2025-04-01 13:50:00+00:00,22.280000686645508,22.360000610351562,22.261600494384766,22.334999084472656,991554
2025-04-01 13:55:00+00:00,22.32990074157715,22.43000030517578,22.209999084472656,22.274999618530273,969711
2025-04-01 14:00:00+00:00,22.075000762939453,22.385000228881836,22.075000762939453,22.31999969482422,1556849
2025-04-01 14:05:00+00:00,22.045000076293945,22.165000915527344,21.959999084472656,22.075000762939453,1293484
2025-04-01 14:10:00+00:00,21.934999465942383,22.075000762939453,21.920000076293945,22.045000076293945,992718
2025-04-01 14:15:00+00:00,21.885000228881836,21.989999771118164,21.850000381469727,21.934999465942383,1021869
2025-04-01 14:20:00+00:00,21.899799346923828,21.90999984741211,21.809999465942383,21.8799991607666,905143
2025-04-01 14:25:00+00:00,21.90999984741211,21.93000030517578,21.844999313354492,21.885000228881836,1253512
2025-04-01 14:30:00+00:00,22.05500030517578,22.06999969482422,21.899999618530273,21.909299850463867,1393983
2025-04-01 14:35:00+00:00,22.06999969482422,22.114999771118164,22.017000198364258,22.05500030517578,617745
2025-04-01 14:40:00+00:00,22.091800689697266,22.18869972229004,22.05970001220703,22.06999969482422,774338
2025-04-01 14:45:00+00:00,22.100000381469727,22.1299991607666,22.049999237060547,22.094999313354492,607697
2025-04-01 14:50:00+00:00,22.190000534057617,22.200000762939453,22.100000381469727,22.104999542236328,705410
2025-04-01 14:55:00+00:00,22.165000915527344,22.209999084472656,22.100000381469727,22.184999465942383,585176
2025-04-01 15:00:00+00:00,22.149999618530273,22.195100784301758,22.13010025024414,22.165000915527344,385478
2025-04-01 15:05:00+00:00,22.184999465942383,22.19930076599121,22.149999618530273,22.155000686645508,412959
2025-04-01 15:10:00+00:00,22.340099334716797,22.360000610351562,22.16010093688965,22.184999465942383,881513
2025-04-01 15:15:00+00:00,22.2450008392334,22.34000015258789,22.2450008392334,22.34000015258789,649710
2025-04-01 15:20:00+00:00,22.280000686645508,22.295000076293945,22.18000030517578,22.2450008392334,766774
2025-04-01 15:25:00+00:00,22.2450008392334,22.30500030517578,22.229999542236328,22.280000686645508,616179
2025-04-01 15:30:00+00:00,22.190000534057617,22.2450008392334,22.18000030517578,22.2450008392334,503915
2025-04-01 15:35:00+00:00,22.170000076293945,22.21500015258789,22.149999618530273,22.19499969482422,366318
2025-04-01 15:40:00+00:00,22.15999984741211,22.184999465942383,22.1299991607666,22.174999237060547,468816
2025-04-01 15:45:00+00:00,22.174999237060547,22.209999084472656,22.15220069885254,22.165000915527344,357961
2025-04-01 15:50:00+00:00,22.135000228881836,22.197500228881836,22.1200008392334,22.174999237060547,359827
2025-04-01 15:55:00+00:00,22.174999237060547,22.18000030517578,22.1299991607666,22.135000228881836,316710
2025-04-01 16:00:00+00:00,22.19499969482422,22.229999542236328,22.139999389648438,22.174999237060547,358461
2025-04-01 16:05:00+00:00,22.235000610351562,22.235000610351562,22.165000915527344,22.19499969482422,338461
2025-04-01 16:10:00+00:00,22.200000762939453,22.260000228881836,22.19499969482422,22.235000610351562,404573
2025-04-01 16:15:00+00:00,22.219999313354492,22.2450008392334,22.200000762939453,22.204999923706055,319431
2025-04-01 16:20:00+00:00,22.1299991607666,22.239999771118164,22.1200008392334,22.225000381469727,437096
2025-04-01 16:25:00+00:00,22.032100677490234,22.139999389648438,22.020000457763672,22.135000228881836,557221
2025-04-01 16:30:00+00:00,22.079999923706055,22.094999313354492,22.010000228881836,22.03499984741211,446203
2025-04-01 16:35:00+00:00,22.024999618530273,22.094999313354492,22.0,22.084999084472656,514624
2025-04-01 16:40:00+00:00,21.979999542236328,22.024999618530273,21.96500015258789,22.024999618530273,369239
2025-04-01 16:45:00+00:00,22.024999618530273,22.029699325561523,21.959999084472656,21.985000610351562,349501
2025-04-01 16:50:00+00:00,22.065000534057617,22.08989906311035,22.010099411010742,22.024999618530273,403986
2025-04-01 16:55:00+00:00,22.06999969482422,22.100000381469727,22.049999237060547,22.065000534057617,260485
2025-04-01 17:00:00+00:00,22.075000762939453,22.100000381469727,22.049999237060547,22.075000762939453,248712
2025-04-01 17:05:00+00:00,22.03499984741211,22.075000762939453,22.030000686645508,22.075000762939453,289208
2025-04-01 17:10:00+00:00,22.084999084472656,22.09000015258789,22.010000228881836,22.03499984741211,356194
2025-04-01 17:15:00+00:00,22.039899826049805,22.125,22.03499984741211,22.084999084472656,291367
2025-04-01 17:20:00+00:00,22.045000076293945,22.059999465942383,22.030000686645508,22.040000915527344,227841
2025-04-01 17:25:00+00:00,22.00349998474121,22.077600479125977,21.989999771118164,22.045000076293945,300866
2025-04-01 17:30:00+00:00,21.969999313354492,22.036500930786133,21.959999084472656,22.0049991607666,363966
2025-04-01 17:35:00+00:00,22.014999389648438,22.020000457763672,21.969999313354492,21.975000381469727,406816
2025-04-01 17:40:00+00:00,21.99250030517578,22.059999465942383,21.989999771118164,22.014999389648438,329196
2025-04-01 17:45:00+00:00,22.004899978637695,22.030000686645508,21.979999542236328,21.9950008392334,188018
2025-04-01 17:50:00+00:00,21.985300064086914,22.039899826049805,21.969999313354492,22.0049991607666,326813
2025-04-01 17:55:00+00:00,21.934999465942383,21.989999771118164,21.93000030517578,21.989999771118164,375088
2025-04-01 18:00:00+00:00,21.81999969482422,21.94499969482422,21.809999465942383,21.934999465942383,650027
2025-04-01 18:05:00+00:00,21.78499984741211,21.860000610351562,21.774999618530273,21.825000762939453,955066
2025-04-01 18:10:00+00:00,21.825000762939453,21.847400665283203,21.760000228881836,21.78499984741211,555350
2025-04-01 18:15:00+00:00,21.75979995727539,21.829999923706055,21.739999771118164,21.825000762939453,625375
2025-04-01 18:20:00+00:00,21.735000610351562,21.770000457763672,21.725000381469727,21.7549991607666,465129
2025-04-01 18:25:00+00:00,21.790000915527344,21.809999465942383,21.729999542236328,21.735000610351562,481149
2025-04-01 18:30:00+00:00,21.764999389648438,21.81999969482422,21.764999389648438,21.78499984741211,328595
2025-04-01 18:35:00+00:00,21.729999542236328,21.770000457763672,21.719999313354492,21.770000457763672,402652
2025-04-01 18:40:00+00:00,21.768400192260742,21.770000457763672,21.729999542236328,21.735000610351562,372310
2025-04-01 18:45:00+00:00,21.68000030517578,21.764999389648438,21.68000030517578,21.764999389648438,618017
2025-04-01 18:50:00+00:00,21.725000381469727,21.725099563598633,21.65999984741211,21.68000030517578,698739
2025-04-01 18:55:00+00:00,21.729999542236328,21.774999618530273,21.709999084472656,21.725000381469727,627124
2025-04-01 19:00:00+00:00,21.747299194335938,21.770000457763672,21.709999084472656,21.725000381469727,625977
2025-04-01 19:05:00+00:00,21.719999313354492,21.764999389648438,21.700000762939453,21.7450008392334,411780
2025-04-01 19:10:00+00:00,21.730100631713867,21.735000610351562,21.700000762939453,21.71500015258789,472531
2025-04-01 19:15:00+00:00,21.739700317382812,21.75,21.719999313354492,21.735000610351562,384570
2025-04-01 19:20:00+00:00,21.760000228881836,21.780000686645508,21.730100631713867,21.73390007019043,575897
2025-04-01 19:25:00+00:00,21.77669906616211,21.780000686645508,21.739999771118164,21.764999389648438,586512
2025-04-01 19:30:00+00:00,21.844999313354492,21.8700008392334,21.750099182128906,21.774999618530273,1417964
2025-04-01 19:35:00+00:00,21.844999313354492,21.865100860595703,21.799999237060547,21.844999313354492,706805
2025-04-01 19:40:00+00:00,21.815000534057617,21.844999313354492,21.790000915527344,21.844999313354492,845286
2025-04-01 19:45:00+00:00,21.855100631713867,21.860000610351562,21.799999237060547,21.815000534057617,990678
2025-04-01 19:50:00+00:00,21.983200073242188,21.989999771118164,21.84000015258789,21.860000610351562,1782903
2025-04-01 19:55:00+00:00,22.05500030517578,22.06999969482422,21.959999084472656,21.985000610351562,4727924
2025-04-02 13:30:00+00:00,21.875,21.950000762939453,21.760000228881836,21.8799991607666,2517273
2025-04-02 13:35:00+00:00,21.895000457763672,22.020000457763672,21.81999969482422,21.878999710083008,1096563
2025-04-02 13:40:00+00:00,21.799999237060547,21.895000457763672,21.700000762939453,21.895000457763672,960369
2025-04-02 13:45:00+00:00,21.924999237060547,21.924999237060547,21.791400909423828,21.80500030517578,743576
2025-04-02 13:50:00+00:00,21.829999923706055,21.96500015258789,21.829999923706055,21.920000076293945,595044
2025-04-02 13:55:00+00:00,21.809999465942383,21.899999618530273,21.80500030517578,21.829999923706055,588023
2025-04-02 14:00:00+00:00,21.934999465942383,21.956300735473633,21.780000686645508,21.809999465942383,1030593
2025-04-02 14:05:00+00:00,21.93120002746582,21.979999542236328,21.889999389648438,21.940000534057617,735358
2025-04-02 14:10:00+00:00,21.889999389648438,21.969999313354492,21.844999313354492,21.93470001220703,700592
2025-04-02 14:15:00+00:00,21.899999618530273,21.950000762939453,21.864999771118164,21.885000228881836,489424
2025-04-02 14:20:00+00:00,21.94499969482422,22.0,21.8799991607666,21.905000686645508,677449
2025-04-02 14:25:00+00:00,21.924999237060547,21.954999923706055,21.864999771118164,21.950000762939453,552492
2025-04-02 14:30:00+00:00,21.950000762939453,22.0,21.905000686645508,21.924999237060547,526885
2025-04-02 14:35:00+00:00,21.915000915527344,21.96500015258789,21.8700008392334,21.959999084472656,551668
2025-04-02 14:40:00+00:00,21.895000457763672,21.940000534057617,21.8700008392334,21.915000915527344,492103
2025-04-02 14:45:00+00:00,21.90999984741211,21.950000762939453,21.8799991607666,21.890100479125977,508653
2025-04-02 14:50:00+00:00,21.795000076293945,21.920000076293945,21.790000915527344,21.905000686645508,703571
2025-04-02 14:55:00+00:00,21.875,21.899999618530273,21.790000915527344,21.795000076293945,583369
2025-04-02 15:00:00+00:00,21.849899291992188,21.889999389648438,21.81999969482422,21.875,350976
2025-04-02 15:05:00+00:00,21.854999542236328,21.864999771118164,21.809999465942383,21.844999313354492,509528
2025-04-02 15:10:00+00:00,21.77989959716797,21.860000610351562,21.770000457763672,21.854999542236328,887629
2025-04-02 15:15:00+00:00,21.825000762939453,21.829999923706055,21.75,21.770099639892578,652017
2025-04-02 15:20:00+00:00,21.93000030517578,21.96500015258789,21.809999465942383,21.825000762939453,843915
2025-04-02 15:25:00+00:00,21.989999771118164,22.020000457763672,21.940000534057617,21.940000534057617,821844
2025-04-02 15:30:00+00:00,21.985000610351562,22.010000228881836,21.940000534057617,21.985000610351562,652975
2025-04-02 15:35:00+00:00,21.975000381469727,22.020000457763672,21.950000762939453,21.989999771118164,593271
2025-04-02 15:40:00+00:00,21.912500381469727,21.989999771118164,21.90999984741211,21.969999313354492,336127
2025-04-02 15:45:00+00:00,21.90530014038086,21.959999084472656,21.899999618530273,21.915000915527344,527088
2025-04-02 15:50:00+00:00,21.875,21.920000076293945,21.850000381469727,21.905000686645508,505773
2025-04-02 15:55:00+00:00,21.885000228881836,21.905000686645508,21.860000610351562,21.875,412088
2025-04-02 16:00:00+00:00,21.850000381469727,21.895000457763672,21.829999923706055,21.885000228881836,288934
2025-04-02 16:05:00+00:00,21.860000610351562,21.860000610351562,21.81999969482422,21.844999313354492,225359
2025-04-02 16:10:00+00:00,21.954999923706055,21.975000381469727,21.860000610351562,21.8700008392334,440684
2025-04-02 16:15:00+00:00,22.03499984741211,22.06999969482422,21.950000762939453,21.954299926757812,1103029
2025-04-02 16:20:00+00:00,22.014999389648438,22.059999465942383,22.010000228881836,22.03499984741211,302814
2025-04-02 16:25:00+00:00,22.020000457763672,22.040000915527344,21.979999542236328,22.014999389648438,404674
2025-04-02 16:30:00+00:00,22.024999618530273,22.049999237060547,22.00349998474121,22.024999618530273,311549
2025-04-02 16:35:00+00:00,22.020000457763672,22.030000686645508,21.979999542236328,22.024999618530273,277660
2025-04-02 16:40:00+00:00,22.094999313354492,22.094999313354492,21.979999542236328,22.014999389648438,435402
2025-04-02 16:45:00+00:00,22.16950035095215,22.18000030517578,22.065000534057617,22.094999313354492,331693
2025-04-02 16:50:00+00:00,22.149900436401367,22.200000762939453,22.121400833129883,22.161699295043945,545029
2025-04-02 16:55:00+00:00,22.145000457763672,22.15999984741211,22.110000610351562,22.139999389648438,476821
2025-04-02 17:00:00+00:00,22.236499786376953,22.25,22.139999389648438,22.145000457763672,1873477
2025-04-02 17:05:00+00:00,22.299999237060547,22.31999969482422,22.219999313354492,22.23069953918457,559484
2025-04-02 17:10:00+00:00,22.371999740600586,22.3799991607666,22.30500030517578,22.30500030517578,1922393
2025-04-02 17:15:00+00:00,22.351200103759766,22.375,22.309999465942383,22.375,574700
2025-04-02 17:20:00+00:00,22.280000686645508,22.358800888061523,22.229999542236328,22.354999542236328,674324
2025-04-02 17:25:00+00:00,22.229999542236328,22.299999237060547,22.049999237060547,22.28499984741211,553285
2025-04-02 17:30:00+00:00,22.094999313354492,22.239999771118164,22.049999237060547,22.235000610351562,916552
2025-04-02 17:35:00+00:00,22.100000381469727,22.109899520874023,22.010000228881836,22.090999603271484,730250
2025-04-02 17:40:00+00:00,22.09000015258789,22.1299991607666,22.049999237060547,22.110000610351562,371426
2025-04-02 17:45:00+00:00,22.045000076293945,22.094999313354492,22.030000686645508,22.084999084472656,291329
2025-04-02 17:50:00+00:00,22.03499984741211,22.05500030517578,22.010000228881836,22.045000076293945,349652
2025-04-02 17:55:00+00:00,22.045000076293945,22.06999969482422,22.030000686645508,22.03499984741211,233785
2025-04-02 18:00:00+00:00,22.02199935913086,22.084999084472656,22.020000457763672,22.045000076293945,368218
2025-04-02 18:05:00+00:00,21.940000534057617,22.02989959716797,21.90999984741211,22.020000457763672,1758349
2025-04-02 18:10:00+00:00,21.920000076293945,21.954999923706055,21.899999618530273,21.949899673461914,321502
2025-04-02 18:15:00+00:00,21.8700008392334,21.950000762939453,21.860000610351562,21.924999237060547,434824
2025-04-02 18:20:00+00:00,21.864999771118164,21.9064998626709,21.850000381469727,21.873600006103516,380521
2025-04-02 18:25:00+00:00,21.825000762939453,21.8700008392334,21.809999465942383,21.862699508666992,404843
2025-04-02 18:30:00+00:00,21.8700008392334,21.895000457763672,21.809999465942383,21.825000762939453,649366
2025-04-02 18:35:00+00:00,21.93000030517578,21.940000534057617,21.854999542236328,21.875,396276
2025-04-02 18:40:00+00:00,21.875,21.96500015258789,21.860000610351562,21.934999465942383,453196
2025-04-02 18:45:00+00:00,21.899999618530273,21.899999618530273,21.854999542236328,21.875,262511
2025-04-02 18:50:00+00:00,21.86829948425293,21.899999618530273,21.850000381469727,21.899999618530273,254576
2025-04-02 18:55:00+00:00,21.80500030517578,21.860000610351562,21.799999237060547,21.860000610351562,589483
2025-04-02 19:00:00+00:00,21.924999237060547,21.93000030517578,21.80500030517578,21.80500030517578,677614
2025-04-02 19:05:00+00:00,21.872299194335938,21.950000762939453,21.8700008392334,21.924999237060547,676247
2025-04-02 19:10:00+00:00,21.81999969482422,21.8799991607666,21.81999969482422,21.875,380996
2025-04-02 19:15:00+00:00,21.844999313354492,21.860000610351562,21.815000534057617,21.825000762939453,565196
2025-04-02 19:20:00+00:00,21.895000457763672,21.909900665283203,21.829999923706055,21.844999313354492,388693
2025-04-02 19:25:00+00:00,21.90999984741211,21.93000030517578,21.84000015258789,21.895000457763672,487906
2025-04-02 19:30:00+00:00,21.954999923706055,21.969999313354492,21.8700008392334,21.899999618530273,771348
2025-04-02 19:35:00+00:00,21.934999465942383,22.0,21.93000030517578,21.954999923706055,535859
2025-04-02 19:40:00+00:00,21.993200302124023,22.0,21.920000076293945,21.934999465942383,600099
2025-04-02 19:45:00+00:00,22.045900344848633,22.079999923706055,21.989999771118164,21.9950008392334,777502
2025-04-02 19:50:00+00:00,21.99489974975586,22.049999237060547,21.979999542236328,22.040000915527344,1031915
2025-04-02 19:55:00+00:00,21.975000381469727,22.049999237060547,21.969999313354492,21.9950008392334,2256456
2025-04-03 13:30:00+00:00,21.813800811767578,21.875,21.315000534057617,21.399999618530273,8047866
2025-04-03 13:35:00+00:00,21.80500030517578,21.834999084472656,21.54360008239746,21.81999969482422,2233966
2025-04-03 13:40:00+00:00,21.719999313354492,21.80500030517578,21.610000610351562,21.799999237060547,1237934
2025-04-03 13:45:00+00:00,21.489900588989258,21.725000381469727,21.46500015258789,21.725000381469727,1460774
2025-04-03 13:50:00+00:00,21.809999465942383,21.829999923706055,21.459999084472656,21.479999542236328,1618335
2025-04-03 13:55:00+00:00,21.684999465942383,21.915000915527344,21.639999389648438,21.815000534057617,1380950
2025-04-03 14:00:00+00:00,21.59000015258789,21.7549991607666,21.579999923706055,21.684999465942383,1394038
2025-04-03 14:05:00+00:00,21.735000610351562,21.799999237060547,21.575000762939453,21.594999313354492,1088871
2025-04-03 14:10:00+00:00,21.795000076293945,21.81999969482422,21.65999984741211,21.732200622558594,1419769
2025-04-03 14:15:00+00:00,21.850000381469727,21.899999618530273,21.781700134277344,21.795000076293945,1553918
2025-04-03 14:20:00+00:00,21.94499969482422,21.950000762939453,21.802799224853516,21.844999313354492,1794868
2025-04-03 14:25:00+00:00,22.210100173950195,22.329999923706055,21.940000534057617,21.94499969482422,5141988
2025-04-03 14:30:00+00:00,22.165000915527344,22.329999923706055,22.15999984741211,22.219900131225586,3172097
2025-04-03 14:35:00+00:00,21.915000915527344,22.200000762939453,21.915000915527344,22.165000915527344,2377790
2025-04-03 14:40:00+00:00,21.96500015258789,22.094999313354492,21.8799991607666,21.90999984741211,1744394
2025-04-03 14:45:00+00:00,21.739999771118164,22.0,21.729999542236328,21.959999084472656,1674524
2025-04-03 14:50:00+00:00,21.56089973449707,21.77989959716797,21.510000228881836,21.75,1805527
2025-04-03 14:55:00+00:00,21.514999389648438,21.594999313354492,21.485000610351562,21.565000534057617,1531317
2025-04-03 15:00:00+00:00,21.639999389648438,21.639999389648438,21.5,21.510000228881836,1205793
2025-04-03 15:05:00+00:00,21.375,21.649999618530273,21.321399688720703,21.639999389648438,1689865
2025-04-03 15:10:00+00:00,21.20680046081543,21.40999984741211,21.200000762939453,21.3700008392334,2046733
2025-04-03 15:15:00+00:00,21.075000762939453,21.219999313354492,21.059999465942383,21.202699661254883,2488071
2025-04-03 15:20:00+00:00,21.284700393676758,21.399999618530273,21.049999237060547,21.075000762939453,2328901
2025-04-03 15:25:00+00:00,21.260299682617188,21.375,21.229999542236328,21.28499984741211,1446337
2025-04-03 15:30:00+00:00,21.360000610351562,21.379899978637695,21.229999542236328,21.264999389648438,1004367
2025-04-03 15:35:00+00:00,21.459999084472656,21.479999542236328,21.309999465942383,21.360000610351562,990654
2025-04-03 15:40:00+00:00,21.385000228881836,21.46500015258789,21.3700008392334,21.454999923706055,589946
2025-04-03 15:45:00+00:00,21.184999465942383,21.38990020751953,21.18000030517578,21.3799991607666,798128
2025-04-03 15:50:00+00:00,21.145000457763672,21.19499969482422,21.100000381469727,21.184999465942383,927584
2025-04-03 15:55:00+00:00,21.135000228881836,21.200000762939453,21.100000381469727,21.145000457763672,723850
2025-04-03 16:00:00+00:00,21.239900588989258,21.299999237060547,21.125,21.1299991607666,705642
2025-04-03 16:05:00+00:00,21.18000030517578,21.270000457763672,21.170000076293945,21.239900588989258,476653
2025-04-03 16:10:00+00:00,21.310100555419922,21.350000381469727,21.18000030517578,21.184999465942383,523387
2025-04-03 16:15:00+00:00,21.375,21.385000228881836,21.309999465942383,21.315000534057617,426163
2025-04-03 16:20:00+00:00,21.3799991607666,21.40999984741211,21.350000381469727,21.375,521376
2025-04-03 16:25:00+00:00,21.407499313354492,21.409900665283203,21.280000686645508,21.381999969482422,496489
2025-04-03 16:30:00+00:00,21.28499984741211,21.434999465942383,21.280000686645508,21.40999984741211,524788
2025-04-03 16:35:00+00:00,21.204999923706055,21.299999237060547,21.190000534057617,21.28499984741211,507728
2025-04-03 16:40:00+00:00,21.264999389648438,21.360000610351562,21.204999923706055,21.204999923706055,834152
2025-04-03 16:45:00+00:00,21.225000381469727,21.274999618530273,21.18000030517578,21.260000228881836,546393
2025-04-03 16:50:00+00:00,21.114700317382812,21.229900360107422,21.114700317382812,21.229900360107422,847398
2025-04-03 16:55:00+00:00,21.084999084472656,21.1200008392334,21.06999969482422,21.11989974975586,719511
2025-04-03 17:00:00+00:00,21.19499969482422,21.200000762939453,21.09000015258789,21.09000015258789,1126265
2025-04-03 17:05:00+00:00,21.310800552368164,21.3799991607666,21.190000534057617,21.190000534057617,1263081
2025-04-03 17:10:00+00:00,21.364999771118164,21.40850067138672,21.290000915527344,21.309999465942383,792422
2025-04-03 17:15:00+00:00,21.334999084472656,21.375,21.299999237060547,21.364999771118164,691853
2025-04-03 17:20:00+00:00,21.225000381469727,21.375,21.209999084472656,21.34000015258789,739175
2025-04-03 17:25:00+00:00,21.264999389648438,21.290000915527344,21.219999313354492,21.225000381469727,401750
2025-04-03 17:30:00+00:00,21.28499984741211,21.309999465942383,21.25,21.264999389648438,413531
2025-04-03 17:35:00+00:00,21.299999237060547,21.344999313354492,21.28499984741211,21.290000915527344,377190
2025-04-03 17:40:00+00:00,21.290000915527344,21.309999465942383,21.25,21.30500030517578,277250
2025-04-03 17:45:00+00:00,21.16469955444336,21.290000915527344,21.135000228881836,21.28499984741211,596825
2025-04-03 17:50:00+00:00,21.155000686645508,21.18000030517578,21.13170051574707,21.165000915527344,604794
2025-04-03 17:55:00+00:00,21.040000915527344,21.159900665283203,21.040000915527344,21.155000686645508,941691
2025-04-03 18:00:00+00:00,20.924999237060547,21.049999237060547,20.920000076293945,21.045000076293945,1906631
2025-04-03 18:05:00+00:00,20.94499969482422,20.959999084472656,20.885000228881836,20.924999237060547,1003131
2025-04-03 18:10:00+00:00,20.934999465942383,20.979999542236328,20.920000076293945,20.94499969482422,541982
2025-04-03 18:15:00+00:00,20.905000686645508,20.954999923706055,20.860000610351562,20.934999465942383,824155
2025-04-03 18:20:00+00:00,20.934999465942383,20.959999084472656,20.895000457763672,20.899999618530273,621995
2025-04-03 18:25:00+00:00,20.94499969482422,20.969999313354492,20.90999984741211,20.934999465942383,646917
2025-04-03 18:30:00+00:00,20.94499969482422,21.024999618530273,20.90999984741211,20.94499969482422,1005543
2025-04-03 18:35:00+00:00,21.032400131225586,21.046499252319336,20.940000534057617,20.940000534057617,592017
2025-04-03 18:40:00+00:00,21.05500030517578,21.059999465942383,20.979999542236328,21.03499984741211,724357
2025-04-03 18:45:00+00:00,21.700000762939453,22.049999237060547,21.030000686645508,21.05500030517578,10599028
2025-04-03 18:50:00+00:00,22.384899139404297,22.459999084472656,21.56999969482422,21.699100494384766,23777509
2025-04-03 18:55:00+00:00,22.975000381469727,23.0,22.139999389648438,22.389999389648438,14559547
2025-04-03 19:00:00+00:00,22.989999771118164,23.290000915527344,22.6200008392334,22.975000381469727,14347283
2025-04-03 19:05:00+00:00,23.299999237060547,23.59000015258789,22.980100631713867,22.98150062561035,9604429
2025-04-03 19:10:00+00:00,23.5393009185791,23.899999618530273,23.299999237060547,23.30500030517578,10068612
2025-04-03 19:15:00+00:00,23.065000534057617,23.575000762939453,22.959999084472656,23.53499984741211,8293922
2025-04-03 19:20:00+00:00,22.770000457763672,23.139999389648438,22.760700225830078,23.059999465942383,5274826
2025-04-03 19:25:00+00:00,22.489999771118164,22.795000076293945,22.40999984741211,22.764999389648438,7294494
2025-04-03 19:30:00+00:00,22.298599243164062,22.6200008392334,22.184999465942383,22.4950008392334,7969289
2025-04-03 19:35:00+00:00,22.469999313354492,22.5049991607666,22.260000228881836,22.289100646972656,3777894
2025-04-03 19:40:00+00:00,22.725000381469727,22.764999389648438,22.399999618530273,22.459999084472656,4377289
2025-04-03 19:45:00+00:00,22.66029930114746,22.770000457763672,22.591999053955078,22.725000381469727,4186746
2025-04-03 19:50:00+00:00,22.684999465942383,22.749300003051758,22.4950008392334,22.670000076293945,5657064
2025-04-03 19:55:00+00:00,22.434999465942383,22.700000762939453,22.420000076293945,22.690000534057617,10716706
2025-04-04 13:30:00+00:00,21.53499984741211,22.190000534057617,21.353099822998047,21.702499389648438,18228049
2025-04-04 13:35:00+00:00,21.129899978637695,21.579999923706055,21.09000015258789,21.540000915527344,3685043
2025-04-04 13:40:00+00:00,20.93000030517578,21.121999740600586,20.8799991607666,21.1200008392334,3847358
2025-04-04 13:45:00+00:00,20.84000015258789,21.084999084472656,20.84000015258789,20.934999465942383,3457144
2025-04-04 13:50:00+00:00,20.7549991607666,21.0,20.739999771118164,20.844999313354492,4594283
2025-04-04 13:55:00+00:00,20.916500091552734,21.0,20.649999618530273,20.75,3567352
2025-04-04 14:00:00+00:00,20.880699157714844,20.954999923706055,20.790000915527344,20.915000915527344,2494107
2025-04-04 14:05:00+00:00,20.674999237060547,20.96500015258789,20.610000610351562,20.885000228881836,2910012
2025-04-04 14:10:00+00:00,20.629899978637695,20.764999389648438,20.559999465942383,20.670000076293945,2302451
2025-04-04 14:15:00+00:00,20.625,20.635000228881836,20.510000228881836,20.6200008392334,2037137
2025-04-04 14:20:00+00:00,20.539899826049805,20.690000534057617,20.489999771118164,20.625,2144236
2025-04-04 14:25:00+00:00,20.489999771118164,20.565000534057617,20.469999313354492,20.53499984741211,2778644
2025-04-04 14:30:00+00:00,20.43000030517578,20.599899291992188,20.3700008392334,20.4950008392334,2702238
2025-04-04 14:35:00+00:00,20.479999542236328,20.56999969482422,20.399999618530273,20.43000030517578,1915828
2025-04-04 14:40:00+00:00,20.510000228881836,20.520000457763672,20.350000381469727,20.479999542236328,1824685
2025-04-04 14:45:00+00:00,20.135000228881836,20.530000686645508,20.1200008392334,20.5,3129607
2025-04-04 14:50:00+00:00,20.3700008392334,20.450000762939453,20.020000457763672,20.135000228881836,3914447
2025-04-04 14:55:00+00:00,20.350000381469727,20.459999084472656,20.309999465942383,20.375,1855447
2025-04-04 15:00:00+00:00,20.729299545288086,20.760000228881836,20.31999969482422,20.354999542236328,2287589
2025-04-04 15:05:00+00:00,20.584999084472656,20.756900787353516,20.47010040283203,20.725000381469727,1524389
2025-04-04 15:10:00+00:00,20.739999771118164,20.829299926757812,20.559999465942383,20.584999084472656,1863669
2025-04-04 15:15:00+00:00,20.774999618530273,20.889999389648438,20.709999084472656,20.729999542236328,2594645
2025-04-04 15:20:00+00:00,21.020000457763672,21.040000915527344,20.774999618530273,20.774999618530273,2398132
2025-04-04 15:25:00+00:00,20.670000076293945,21.024999618530273,20.649999618530273,21.024999618530273,2543862
2025-04-04 15:30:00+00:00,20.671499252319336,20.760000228881836,20.662900924682617,20.665000915527344,1242321
2025-04-04 15:35:00+00:00,20.55500030517578,20.704999923706055,20.540000915527344,20.68000030517578,1352143
2025-04-04 15:40:00+00:00,20.584999084472656,20.639999389648438,20.520000457763672,20.55500030517578,1122936
2025-04-04 15:45:00+00:00,20.556299209594727,20.58989906311035,20.440000534057617,20.579999923706055,1670119
2025-04-04 15:50:00+00:00,20.327499389648438,20.579999923706055,20.299999237060547,20.55500030517578,1732622
2025-04-04 15:55:00+00:00,20.308799743652344,20.364999771118164,20.270000457763672,20.31999969482422,1321719
2025-04-04 16:00:00+00:00,20.395000457763672,20.469999313354492,20.309999465942383,20.309999465942383,1128337
2025-04-04 16:05:00+00:00,20.29010009765625,20.459999084472656,20.280000686645508,20.395000457763672,870796
2025-04-04 16:10:00+00:00,20.350000381469727,20.389299392700195,20.280099868774414,20.28499984741211,973627
2025-04-04 16:15:00+00:00,20.20989990234375,20.389999389648438,20.200000762939453,20.354999542236328,978966
2025-04-04 16:20:00+00:00,20.231199264526367,20.290000915527344,20.19499969482422,20.204999923706055,959672
2025-04-04 16:25:00+00:00,20.250099182128906,20.280000686645508,20.209999084472656,20.235000610351562,866276
2025-04-04 16:30:00+00:00,20.213499069213867,20.309999465942383,20.213499069213867,20.2549991607666,797376
2025-04-04 16:35:00+00:00,20.350099563598633,20.3700008392334,20.200000762939453,20.21500015258789,1213612
2025-04-04 16:40:00+00:00,20.30500030517578,20.399999618530273,20.290000915527344,20.354999542236328,929612
2025-04-04 16:45:00+00:00,20.268199920654297,20.350000381469727,20.200000762939453,20.305299758911133,1025259
2025-04-04 16:50:00+00:00,20.229999542236328,20.299999237060547,20.200000762939453,20.264999389648438,872396
2025-04-04 16:55:00+00:00,20.229999542236328,20.283300399780273,20.209999084472656,20.225000381469727,748486
2025-04-04 17:00:00+00:00,20.259899139404297,20.329999923706055,20.209999084472656,20.229999542236328,940451
2025-04-04 17:05:00+00:00,20.159299850463867,20.28499984741211,20.145000457763672,20.2549991607666,1006803
2025-04-04 17:10:00+00:00,20.02750015258789,20.170000076293945,20.020000457763672,20.155000686645508,1427996
2025-04-04 17:15:00+00:00,20.014999389648438,20.038299560546875,20.0,20.024700164794922,2678752
2025-04-04 17:20:00+00:00,20.03499984741211,20.079999923706055,20.0049991607666,20.014999389648438,1309264
2025-04-04 17:25:00+00:00,20.014999389648438,20.065000534057617,20.010000228881836,20.040000915527344,1064578
2025-04-04 17:30:00+00:00,20.014999389648438,20.06999969482422,20.0,20.01849937438965,1640898
2025-04-04 17:35:00+00:00,20.114999771118164,20.114999771118164,20.010099411010742,20.014999389648438,1530726
2025-04-04 17:40:00+00:00,20.155000686645508,20.219999313354492,20.110000610351562,20.114999771118164,1265588
2025-04-04 17:45:00+00:00,20.190000534057617,20.225799560546875,20.110000610351562,20.15999984741211,1042396
2025-04-04 17:50:00+00:00,20.139999389648438,20.19849967956543,20.059999465942383,20.19499969482422,997316
2025-04-04 17:55:00+00:00,20.065000534057617,20.135000228881836,20.040000915527344,20.135000228881836,1361839
2025-04-04 18:00:00+00:00,20.0398006439209,20.165000915527344,20.030000686645508,20.065000534057617,1628377
2025-04-04 18:05:00+00:00,20.0049991607666,20.065000534057617,20.0,20.03499984741211,2426252
2025-04-04 18:10:00+00:00,20.0049991607666,20.030000686645508,20.0,20.0049991607666,1597126
2025-04-04 18:15:00+00:00,19.774999618530273,20.010000228881836,19.75,20.0049991607666,3071660
2025-04-04 18:20:00+00:00,19.815000534057617,19.829999923706055,19.700000762939453,19.780000686645508,2091093
2025-04-04 18:25:00+00:00,19.820100784301758,19.829999923706055,19.760000228881836,19.81999969482422,1044035
2025-04-04 18:30:00+00:00,19.846399307250977,19.90999984741211,19.800100326538086,19.829999923706055,1390309
2025-04-04 18:35:00+00:00,19.90999984741211,19.959999084472656,19.844999313354492,19.844999313354492,1210378
2025-04-04 18:40:00+00:00,19.851699829101562,19.959999084472656,19.850000381469727,19.90999984741211,852512
2025-04-04 18:45:00+00:00,19.885000228881836,19.93000030517578,19.809999465942383,19.854900360107422,1356435
2025-04-04 18:50:00+00:00,19.93000030517578,19.940000534057617,19.84000015258789,19.885000228881836,954841
2025-04-04 18:55:00+00:00,19.85930061340332,19.940000534057617,19.850000381469727,19.924999237060547,820146
2025-04-04 19:00:00+00:00,19.93000030517578,19.959999084472656,19.850000381469727,19.850000381469727,1222746
2025-04-04 19:05:00+00:00,19.899999618530273,19.957500457763672,19.88010025024414,19.924999237060547,965411
2025-04-04 19:10:00+00:00,20.05270004272461,20.09000015258789,19.889999389648438,19.895000457763672,1344267
2025-04-04 19:15:00+00:00,19.905000686645508,20.1200008392334,19.885000228881836,20.05620002746582,1606194
2025-04-04 19:20:00+00:00,20.07360076904297,20.100000381469727,19.899999618530273,19.905000686645508,1657019
2025-04-04 19:25:00+00:00,20.094999313354492,20.139999389648438,20.0,20.079999923706055,1610285
2025-04-04 19:30:00+00:00,20.174999237060547,20.190000534057617,20.060100555419922,20.094999313354492,1531280
2025-04-04 19:35:00+00:00,20.06999969482422,20.190000534057617,20.030000686645508,20.174999237060547,1711082
2025-04-04 19:40:00+00:00,20.065000534057617,20.09000015258789,20.020000457763672,20.075000762939453,1602993
2025-04-04 19:45:00+00:00,20.05500030517578,20.1200008392334,20.010000228881836,20.065000534057617,2058596
2025-04-04 19:50:00+00:00,19.934999465942383,20.05500030517578,19.860000610351562,20.049999237060547,4148422
2025-04-04 19:55:00+00:00,19.860000610351562,19.934999465942383,19.850000381469727,19.934999465942383,6298310
2025-04-07 13:30:00+00:00,19.06999969482422,19.06999969482422,18.81999969482422,18.975099563598633,11889599
2025-04-07 13:35:00+00:00,18.74489974975586,19.075000762939453,18.66119956970215,19.06999969482422,2854592
2025-04-07 13:40:00+00:00,18.729999542236328,18.780000686645508,18.559999465942383,18.739999771118164,2604230
2025-04-07 13:45:00+00:00,19.091999053955078,19.200000762939453,18.635000228881836,18.725000381469727,2540730
2025-04-07 13:50:00+00:00,19.360000610351562,19.440000534057617,19.079999923706055,19.090099334716797,2225480
2025-04-07 13:55:00+00:00,19.46500015258789,19.559999465942383,19.280000686645508,19.36989974975586,2720310
2025-04-07 14:00:00+00:00,19.259700775146484,19.690000534057617,19.184999465942383,19.469999313354492,2513790
2025-04-07 14:05:00+00:00,19.450000762939453,19.520000457763672,19.229999542236328,19.260000228881836,1750565
2025-04-07 14:10:00+00:00,20.15999984741211,20.420000076293945,19.441200256347656,19.44499969482422,4342329
2025-04-07 14:15:00+00:00,20.200000762939453,20.670000076293945,20.1200008392334,20.155000686645508,3771343
2025-04-07 14:20:00+00:00,19.31999969482422,20.201200485229492,19.260000228881836,20.19499969482422,3891251
2025-04-07 14:25:00+00:00,19.2450008392334,19.649999618530273,19.170000076293945,19.315000534057617,2835344
2025-04-07 14:30:00+00:00,19.149999618530273,19.510000228881836,19.084999084472656,19.25,2663307
2025-04-07 14:35:00+00:00,18.940000534057617,19.209999084472656,18.90999984741211,19.145000457763672,2600654
2025-04-07 14:40:00+00:00,19.274999618530273,19.309900283813477,18.924999237060547,18.934999465942383,2152402
2025-04-07 14:45:00+00:00,19.43000030517578,19.440000534057617,19.149999618530273,19.270000457763672,1956543
2025-04-07 14:50:00+00:00,19.789899826049805,19.829999923706055,19.420000076293945,19.43000030517578,2004858
2025-04-07 14:55:00+00:00,19.6200008392334,19.79990005493164,19.540000915527344,19.790000915527344,1456432
2025-04-07 15:00:00+00:00,19.80970001220703,19.899999618530273,19.545000076293945,19.6200008392334,1715399
2025-04-07 15:05:00+00:00,19.440000534057617,19.809999465942383,19.42169952392578,19.809900283813477,1708833
2025-04-07 15:10:00+00:00,19.200000762939453,19.665000915527344,19.15999984741211,19.43000030517578,2343448
2025-04-07 15:15:00+00:00,19.270000457763672,19.43000030517578,19.1200008392334,19.209999084472656,2957982
2025-04-07 15:20:00+00:00,19.09000015258789,19.360000610351562,19.049999237060547,19.274999618530273,1542254
2025-04-07 15:25:00+00:00,19.040000915527344,19.14900016784668,19.010000228881836,19.100000381469727,1258715
2025-04-07 15:30:00+00:00,19.25,19.270000457763672,19.040000915527344,19.040000915527344,1361545
2025-04-07 15:35:00+00:00,19.260000228881836,19.43000030517578,19.235000610351562,19.248600006103516,1708691
2025-04-07 15:40:00+00:00,19.466299057006836,19.524999618530273,19.2450008392334,19.270000457763672,1213288
2025-04-07 15:45:00+00:00,19.389999389648438,19.489999771118164,19.299999237060547,19.46500015258789,779338
2025-04-07 15:50:00+00:00,19.170700073242188,19.479999542236328,19.149999618530273,19.385000228881836,913614
2025-04-07 15:55:00+00:00,19.148700714111328,19.280000686645508,19.1299991607666,19.174999237060547,845554
2025-04-07 16:00:00+00:00,19.084999084472656,19.155000686645508,19.04010009765625,19.139999389648438,883135
2025-04-07 16:05:00+00:00,19.024999618530273,19.09000015258789,19.010000228881836,19.084999084472656,987939
2025-04-07 16:10:00+00:00,19.110000610351562,19.18000030517578,19.010000228881836,19.024999618530273,1006289
2025-04-07 16:15:00+00:00,19.125,19.14929962158203,19.010000228881836,19.094999313354492,957467
2025-04-07 16:20:00+00:00,19.170000076293945,19.21500015258789,19.0,19.110000610351562,1154456
2025-04-07 16:25:00+00:00,19.270000457763672,19.320999145507812,19.18000030517578,19.18000030517578,814854
2025-04-07 16:30:00+00:00,19.309999465942383,19.345300674438477,19.239999771118164,19.270000457763672,818662
2025-04-07 16:35:00+00:00,19.239900588989258,19.329999923706055,19.225000381469727,19.325000762939453,737263
2025-04-07 16:40:00+00:00,19.104999542236328,19.28499984741211,19.049999237060547,19.239999771118164,911912
2025-04-07 16:45:00+00:00,19.045000076293945,19.110000610351562,19.01110076904297,19.104999542236328,849390
2025-04-07 16:50:00+00:00,19.09830093383789,19.12820053100586,19.010000228881836,19.049999237060547,754407
2025-04-07 16:55:00+00:00,19.049999237060547,19.110000610351562,19.0,19.099899291992188,899419
2025-04-07 17:00:00+00:00,19.09000015258789,19.469999313354492,19.045000076293945,19.045000076293945,2110142
2025-04-07 17:05:00+00:00,19.1200008392334,19.200000762939453,19.050100326538086,19.094999313354492,821888
2025-04-07 17:10:00+00:00,19.310100555419922,19.334999084472656,19.059999465942383,19.125,836422
2025-04-07 17:15:00+00:00,19.3700008392334,19.43000030517578,19.25,19.31999969482422,1078428
2025-04-07 17:20:00+00:00,19.33989906311035,19.43000030517578,19.325000762939453,19.3700008392334,1009561
2025-04-07 17:25:00+00:00,19.514699935913086,19.530000686645508,19.315000534057617,19.34000015258789,1029852
2025-04-07 17:30:00+00:00,19.440000534057617,19.524999618530273,19.329999923706055,19.514999389648438,1002439
2025-04-07 17:35:00+00:00,19.549999237060547,19.559999465942383,19.360000610351562,19.440000534057617,1150507
2025-04-07 17:40:00+00:00,19.68000030517578,19.700000762939453,19.5,19.55500030517578,1174080
2025-04-07 17:45:00+00:00,19.645000457763672,19.795000076293945,19.520000457763672,19.690000534057617,1453727
2025-04-07 17:50:00+00:00,19.700700759887695,19.729999542236328,19.540000915527344,19.645000457763672,1077691
2025-04-07 17:55:00+00:00,19.78499984741211,19.81999969482422,19.65999984741211,19.700700759887695,888327
2025-04-07 18:00:00+00:00,19.854999542236328,19.93000030517578,19.69499969482422,19.790000915527344,1334317
2025-04-07 18:05:00+00:00,19.709999084472656,19.860000610351562,19.65999984741211,19.855100631713867,1094867
2025-04-07 18:10:00+00:00,19.71500015258789,19.806400299072266,19.565099716186523,19.709999084472656,1045241
2025-04-07 18:15:00+00:00,19.81999969482422,19.8799991607666,19.665000915527344,19.710500717163086,1120961
2025-04-07 18:20:00+00:00,19.825000762939453,19.889999389648438,19.729999542236328,19.829999923706055,852952
2025-04-07 18:25:00+00:00,19.549999237060547,19.82990074157715,19.540000915527344,19.829700469970703,676521
2025-04-07 18:30:00+00:00,19.665300369262695,19.690000534057617,19.549999237060547,19.55500030517578,791175
2025-04-07 18:35:00+00:00,19.760000228881836,19.780000686645508,19.645000457763672,19.65999984741211,693576
2025-04-07 18:40:00+00:00,19.66510009765625,19.809999465942383,19.649999618530273,19.760000228881836,776110
2025-04-07 18:45:00+00:00,19.6200008392334,19.709999084472656,19.56999969482422,19.670000076293945,768912
2025-04-07 18:50:00+00:00,19.520000457763672,19.639999389648438,19.5,19.629899978637695,631684
2025-04-07 18:55:00+00:00,19.46500015258789,19.549999237060547,19.424999237060547,19.510299682617188,769998
2025-04-07 19:00:00+00:00,19.524999618530273,19.66900062561035,19.46500015258789,19.46500015258789,1047230
2025-04-07 19:05:00+00:00,19.43000030517578,19.559999465942383,19.415000915527344,19.524999618530273,681252
2025-04-07 19:10:00+00:00,19.415000915527344,19.469999313354492,19.3799991607666,19.420000076293945,733794
2025-04-07 19:15:00+00:00,19.530000686645508,19.59000015258789,19.34000015258789,19.415000915527344,905013
2025-04-07 19:20:00+00:00,19.405000686645508,19.559999465942383,19.360000610351562,19.530000686645508,1056031
2025-04-07 19:25:00+00:00,19.385000228881836,19.459999084472656,19.334999084472656,19.40839958190918,879065
2025-04-07 19:30:00+00:00,19.52989959716797,19.610000610351562,19.385000228881836,19.385000228881836,1050414
2025-04-07 19:35:00+00:00,19.540000915527344,19.649999618530273,19.5,19.524999618530273,971204
2025-04-07 19:40:00+00:00,19.434999465942383,19.549999237060547,19.40999984741211,19.53499984741211,874726
2025-04-07 19:45:00+00:00,19.440099716186523,19.5049991607666,19.405000686645508,19.434999465942383,1035545
2025-04-07 19:50:00+00:00,19.274999618530273,19.475000381469727,19.209999084472656,19.440000534057617,3072574
2025-04-07 19:55:00+00:00,19.559999465942383,19.56999969482422,19.274999618530273,19.274999618530273,6028024
2025-04-08 13:30:00+00:00,19.95009994506836,20.149999618530273,19.899999618530273,20.040000915527344,7656604
2025-04-08 13:35:00+00:00,19.979999542236328,20.058399200439453,19.82159996032715,19.959999084472656,3044046
2025-04-08 13:40:00+00:00,19.989999771118164,20.110000610351562,19.911500930786133,19.979999542236328,2511047
2025-04-08 13:45:00+00:00,20.040000915527344,20.09000015258789,19.940000534057617,19.985000610351562,1810476
2025-04-08 13:50:00+00:00,20.15999984741211,20.20989990234375,19.989999771118164,20.049999237060547,2073513
2025-04-08 13:55:00+00:00,20.209999084472656,20.2450008392334,20.100000381469727,20.165000915527344,1338954
2025-04-08 14:00:00+00:00,20.299999237060547,20.3700008392334,20.13170051574707,20.209999084472656,2188127
2025-04-08 14:05:00+00:00,20.155000686645508,20.3799991607666,20.100000381469727,20.300100326538086,2327410
2025-04-08 14:10:00+00:00,20.100000381469727,20.198200225830078,20.020099639892578,20.15999984741211,2055527
2025-04-08 14:15:00+00:00,20.290199279785156,20.329999923706055,20.075000762939453,20.104999542236328,1895465
2025-04-08 14:20:00+00:00,20.295000076293945,20.389999389648438,20.2450008392334,20.299999237060547,1485879
2025-04-08 14:25:00+00:00,20.264999389648438,20.375,20.239999771118164,20.295000076293945,1279662
2025-04-08 14:30:00+00:00,20.21109962463379,20.290000915527344,20.17490005493164,20.264999389648438,995803
2025-04-08 14:35:00+00:00,20.204999923706055,20.280000686645508,20.125,20.225000381469727,984435
2025-04-08 14:40:00+00:00,20.05500030517578,20.209999084472656,20.020000457763672,20.204999923706055,1371906
2025-04-08 14:45:00+00:00,20.040000915527344,20.139999389648438,20.030000686645508,20.05500030517578,1567422
2025-04-08 14:50:00+00:00,19.920000076293945,20.06999969482422,19.920000076293945,20.045000076293945,1545696
2025-04-08 14:55:00+00:00,19.875,19.969900131225586,19.829999923706055,19.920000076293945,1715642
2025-04-08 15:00:00+00:00,19.979999542236328,20.020000457763672,19.864900588989258,19.875,1326618
2025-04-08 15:05:00+00:00,19.84000015258789,19.979999542236328,19.825000762939453,19.971099853515625,1092019
2025-04-08 15:10:00+00:00,19.75659942626953,19.844999313354492,19.709999084472656,19.834999084472656,1765078
2025-04-08 15:15:00+00:00,19.69499969482422,19.760000228881836,19.6200008392334,19.7549991607666,1396940
2025-04-08 15:20:00+00:00,19.594999313354492,19.760000228881836,19.575000762939453,19.69499969482422,1610360
2025-04-08 15:25:00+00:00,19.510000228881836,19.6200008392334,19.5,19.59000015258789,1379141
2025-04-08 15:30:00+00:00,19.56999969482422,19.6200008392334,19.510000228881836,19.514999389648438,1282438
2025-04-08 15:35:00+00:00,19.635000228881836,19.68000030517578,19.559999465942383,19.575000762939453,1216400
2025-04-08 15:40:00+00:00,19.700000762939453,19.709999084472656,19.620100021362305,19.635000228881836,732475
2025-04-08 15:45:00+00:00,19.6200008392334,19.739999771118164,19.600000381469727,19.69499969482422,966441
2025-04-08 15:50:00+00:00,19.575000762939453,19.629100799560547,19.510000228881836,19.614999771118164,1178589
2025-04-08 15:55:00+00:00,19.655000686645508,19.68000030517578,19.549999237060547,19.579999923706055,932644
2025-04-08 16:00:00+00:00,19.678300857543945,19.68000030517578,19.579999923706055,19.649999618530273,690776
2025-04-08 16:05:00+00:00,19.674999237060547,19.770000457763672,19.65250015258789,19.68000030517578,825622
2025-04-08 16:10:00+00:00,19.674999237060547,19.780000686645508,19.665000915527344,19.674999237060547,722839
2025-04-08 16:15:00+00:00,19.584999084472656,19.688600540161133,19.55500030517578,19.674999237060547,819918
2025-04-08 16:20:00+00:00,19.479999542236328,19.6200008392334,19.46500015258789,19.584999084472656,1288876
2025-04-08 16:25:00+00:00,19.5,19.510000228881836,19.43000030517578,19.485000610351562,867872
2025-04-08 16:30:00+00:00,19.30500030517578,19.530000686645508,19.299999237060547,19.4950008392334,1630158
2025-04-08 16:35:00+00:00,19.149999618530273,19.334999084472656,19.11009979248047,19.299999237060547,1517420
2025-04-08 16:40:00+00:00,19.049999237060547,19.18000030517578,19.010000228881836,19.145000457763672,1699130
2025-04-08 16:45:00+00:00,19.084999084472656,19.15999984741211,18.972999572753906,19.049999237060547,2550604
2025-04-08 16:50:00+00:00,19.040000915527344,19.11750030517578,18.979999542236328,19.084999084472656,1084805
2025-04-08 16:55:00+00:00,18.917800903320312,19.138599395751953,18.90999984741211,19.045000076293945,1529315
2025-04-08 17:00:00+00:00,18.940000534057617,18.979999542236328,18.8799991607666,18.915000915527344,1220464
2025-04-08 17:05:00+00:00,18.795000076293945,18.985000610351562,18.790000915527344,18.93000030517578,1619125
2025-04-08 17:10:00+00:00,18.825000762939453,18.860000610351562,18.729999542236328,18.790000915527344,1443626
2025-04-08 17:15:00+00:00,18.850000381469727,18.940000534057617,18.814899444580078,18.827499389648438,1407571
2025-04-08 17:20:00+00:00,18.839799880981445,18.885000228881836,18.7549991607666,18.850000381469727,959461
2025-04-08 17:25:00+00:00,18.7450008392334,18.860000610351562,18.7101993560791,18.829999923706055,888834
2025-04-08 17:30:00+00:00,18.704999923706055,18.779300689697266,18.690000534057617,18.739999771118164,1103810
2025-04-08 17:35:00+00:00,18.864999771118164,18.93000030517578,18.700000762939453,18.704299926757812,2015993
2025-04-08 17:40:00+00:00,18.96500015258789,19.040000915527344,18.850000381469727,18.8700008392334,1504249
2025-04-08 17:45:00+00:00,18.82360076904297,18.975000381469727,18.815000534057617,18.969999313354492,950676
2025-04-08 17:50:00+00:00,18.834999084472656,18.920000076293945,18.780000686645508,18.82740020751953,899721
2025-04-08 17:55:00+00:00,18.905000686645508,18.93000030517578,18.834999084472656,18.834999084472656,909069
2025-04-08 18:00:00+00:00,18.837900161743164,18.920000076293945,18.83099937438965,18.905000686645508,891539
2025-04-08 18:05:00+00:00,18.77989959716797,18.834999084472656,18.739999771118164,18.829999923706055,896195
2025-04-08 18:10:00+00:00,18.767000198364258,18.809999465942383,18.740100860595703,18.77589988708496,658859
2025-04-08 18:15:00+00:00,18.89430046081543,18.915000915527344,18.764999389648438,18.769699096679688,883409
2025-04-08 18:20:00+00:00,18.820999145507812,18.907699584960938,18.792299270629883,18.899999618530273,788116
2025-04-08 18:25:00+00:00,18.66990089416504,18.829999923706055,18.65999984741211,18.825000762939453,1085441
2025-04-08 18:30:00+00:00,18.7549991607666,18.979999542236328,18.65999984741211,18.665000915527344,1910261
2025-04-08 18:35:00+00:00,18.665000915527344,18.770000457763672,18.639999389648438,18.755699157714844,1053789
2025-04-08 18:40:00+00:00,18.575000762939453,18.670000076293945,18.565000534057617,18.665000915527344,1426295
2025-04-08 18:45:00+00:00,18.635000228881836,18.68000030517578,18.5718994140625,18.5718994140625,1255368
2025-04-08 18:50:00+00:00,18.606300354003906,18.674999237060547,18.59000015258789,18.635000228881836,895941
2025-04-08 18:55:00+00:00,18.510000228881836,18.605899810791016,18.510000228881836,18.604999542236328,1192424
2025-04-08 19:00:00+00:00,18.43000030517578,18.549999237060547,18.40999984741211,18.514999389648438,2425575
2025-04-08 19:05:00+00:00,18.259300231933594,18.45989990234375,18.25,18.434999465942383,2282290
2025-04-08 19:10:00+00:00,18.15999984741211,18.309999465942383,18.15999984741211,18.2549991607666,2120504
2025-04-08 19:15:00+00:00,18.0,18.18000030517578,17.944299697875977,18.165000915527344,3971943
2025-04-08 19:20:00+00:00,18.067699432373047,18.1200008392334,17.989999771118164,17.9950008392334,2314969
2025-04-08 19:25:00+00:00,18.03499984741211,18.139999389648438,18.030000686645508,18.065000534057617,1777216
2025-04-08 19:30:00+00:00,17.915000915527344,18.045000076293945,17.889999389648438,18.03499984741211,2715948
2025-04-08 19:35:00+00:00,17.860000610351562,17.91990089416504,17.81999969482422,17.915000915527344,3673480
2025-04-08 19:40:00+00:00,17.7549991607666,17.950000762939453,17.75,17.858400344848633,3054350
2025-04-08 19:45:00+00:00,17.674999237060547,17.81909942626953,17.665000915527344,17.7549991607666,2885439
2025-04-08 19:50:00+00:00,18.028799057006836,18.09000015258789,17.670000076293945,17.68000030517578,4771919
2025-04-08 19:55:00+00:00,18.149999618530273,18.259300231933594,17.8700008392334,18.024999618530273,15294879
2025-04-09 13:30:00+00:00,18.060100555419922,18.25,17.975000381469727,18.079999923706055,10810594
2025-04-09 13:35:00+00:00,18.329999923706055,18.329999923706055,18.020000457763672,18.059999465942383,3286821
2025-04-09 13:40:00+00:00,18.295000076293945,18.614999771118164,18.25,18.325000762939453,3107218
2025-04-09 13:45:00+00:00,18.280000686645508,18.34000015258789,18.189300537109375,18.295000076293945,1373787
2025-04-09 13:50:00+00:00,18.354999542236328,18.469999313354492,18.219999313354492,18.280000686645508,2197545
2025-04-09 13:55:00+00:00,18.434999465942383,18.5,18.309999465942383,18.354999542236328,1323028
2025-04-09 14:00:00+00:00,18.575000762939453,18.69499969482422,18.510000228881836,18.53499984741211,2404960
2025-04-09 14:05:00+00:00,18.40999984741211,18.579999923706055,18.360000610351562,18.56999969482422,1452329
2025-04-09 14:10:00+00:00,18.44219970703125,18.559999465942383,18.3799991607666,18.415000915527344,1582874
2025-04-09 14:15:00+00:00,18.711299896240234,18.73870086669922,18.44499969482422,18.44499969482422,1539068
2025-04-09 14:20:00+00:00,18.670000076293945,18.739999771118164,18.530099868774414,18.71109962463379,1799125
2025-04-09 14:25:00+00:00,18.655000686645508,18.690000534057617,18.510099411010742,18.665000915527344,1338430
2025-04-09 14:30:00+00:00,18.789899826049805,18.829999923706055,18.610000610351562,18.65999984741211,1941914
2025-04-09 14:35:00+00:00,18.68000030517578,18.84000015258789,18.635000228881836,18.78499984741211,1615351
2025-04-09 14:40:00+00:00,18.739999771118164,18.789899826049805,18.6200008392334,18.684999465942383,1176202
2025-04-09 14:45:00+00:00,18.745500564575195,18.93000030517578,18.719999313354492,18.7450008392334,1381801
2025-04-09 14:50:00+00:00,18.575000762939453,18.760000228881836,18.524999618530273,18.7450008392334,1370698
2025-04-09 14:55:00+00:00,18.454999923706055,18.629899978637695,18.450000762939453,18.575000762939453,1576566
2025-04-09 15:00:00+00:00,18.674999237060547,18.679899215698242,18.434999465942383,18.454999923706055,1488061
2025-04-09 15:05:00+00:00,18.96500015258789,18.979999542236328,18.655000686645508,18.674999237060547,2051419
2025-04-09 15:10:00+00:00,18.93429946899414,19.11989974975586,18.93429946899414,18.96500015258789,2901292
2025-04-09 15:15:00+00:00,18.924999237060547,19.059999465942383,18.90999984741211,18.934999465942383,1196488
2025-04-09 15:20:00+00:00,18.94499969482422,19.014999389648438,18.8799991607666,18.93000030517578,1174752
2025-04-09 15:25:00+00:00,18.934999465942383,18.96500015258789,18.850000381469727,18.94499969482422,1213901
2025-04-09 15:30:00+00:00,18.850000381469727,18.979999542236328,18.799999237060547,18.934999465942383,1264713
2025-04-09 15:35:00+00:00,18.76810073852539,18.885000228881836,18.760000228881836,18.854999542236328,881995
2025-04-09 15:40:00+00:00,18.709999084472656,18.79509925842285,18.68000030517578,18.760000228881836,924544
2025-04-09 15:45:00+00:00,18.889999389648438,18.975000381469727,18.709999084472656,18.709999084472656,1251926
2025-04-09 15:50:00+00:00,18.915000915527344,19.0,18.860000610351562,18.895000457763672,1280571
2025-04-09 15:55:00+00:00,18.96500015258789,18.989999771118164,18.851499557495117,18.920000076293945,1061371
2025-04-09 16:00:00+00:00,19.0049991607666,19.084999084472656,18.93000030517578,18.969999313354492,1061589
2025-04-09 16:05:00+00:00,19.100000381469727,19.1200008392334,18.979999542236328,19.0049991607666,1058977
2025-04-09 16:10:00+00:00,19.274999618530273,19.309999465942383,19.09000015258789,19.109899520874023,1606527
2025-04-09 16:15:00+00:00,19.21500015258789,19.29990005493164,19.149999618530273,19.274999618530273,1659150
2025-04-09 16:20:00+00:00,19.125,19.219999313354492,19.100000381469727,19.219999313354492,788033
2025-04-09 16:25:00+00:00,19.165000915527344,19.270000457763672,19.110000610351562,19.1200008392334,939144
2025-04-09 16:30:00+00:00,19.216299057006836,19.235000610351562,19.135000228881836,19.165000915527344,537940
2025-04-09 16:35:00+00:00,19.280000686645508,19.295000076293945,19.200000762939453,19.219999313354492,890364
2025-04-09 16:40:00+00:00,19.24489974975586,19.28510093688965,19.180099487304688,19.280000686645508,1112868
2025-04-09 16:45:00+00:00,19.28499984741211,19.285900115966797,19.15999984741211,19.2450008392334,877762
2025-04-09 16:50:00+00:00,19.28499984741211,19.344999313354492,19.212600708007812,19.283000946044922,1165379
2025-04-09 16:55:00+00:00,19.295000076293945,19.3700008392334,19.270000457763672,19.28499984741211,1449023
2025-04-09 17:00:00+00:00,19.639999389648438,19.66990089416504,19.295000076293945,19.295000076293945,2175359
2025-04-09 17:05:00+00:00,19.454999923706055,19.649999618530273,19.399999618530273,19.639999389648438,1640303
2025-04-09 17:10:00+00:00,19.559200286865234,19.565000534057617,19.399999618530273,19.454999923706055,966918
2025-04-09 17:15:00+00:00,19.924999237060547,19.959999084472656,19.229999542236328,19.55500030517578,4386158
2025-04-09 17:20:00+00:00,20.3700008392334,20.40999984741211,19.6299991607666,19.905000686645508,7632728
2025-04-09 17:25:00+00:00,20.300100326538086,20.84000015258789,20.25,20.375,5085499
2025-04-09 17:30:00+00:00,20.78499984741211,20.81999969482422,20.209999084472656,20.31999969482422,4336430
2025-04-09 17:35:00+00:00,20.575000762939453,20.979999542236328,20.559999465942383,20.780000686645508,4690548
2025-04-09 17:40:00+00:00,20.469999313354492,20.67569923400879,20.3799991607666,20.579999923706055,4383876
2025-04-09 17:45:00+00:00,20.689899444580078,20.829999923706055,20.450000762939453,20.479999542236328,2923852
2025-04-09 17:50:00+00:00,20.844999313354492,20.850000381469727,20.530000686645508,20.684999465942383,2029052
2025-04-09 17:55:00+00:00,21.036399841308594,21.139999389648438,20.739999771118164,20.840499877929688,2916627
2025-04-09 18:00:00+00:00,21.263599395751953,21.3700008392334,21.03179931640625,21.03179931640625,4175908
2025-04-09 18:05:00+00:00,21.21500015258789,21.34000015258789,21.020000457763672,21.274999618530273,2735594
2025-04-09 18:10:00+00:00,21.170000076293945,21.280000686645508,21.155000686645508,21.209999084472656,2896510
2025-04-09 18:15:00+00:00,21.1299991607666,21.270000457763672,21.020000457763672,21.18000030517578,2794720
2025-04-09 18:20:00+00:00,21.219999313354492,21.25,21.075000762939453,21.135000228881836,2696129
2025-04-09 18:25:00+00:00,21.344999313354492,21.424999237060547,21.184999465942383,21.21500015258789,2906905
2025-04-09 18:30:00+00:00,21.195100784301758,21.479999542236328,21.145000457763672,21.344999313354492,2897509
2025-04-09 18:35:00+00:00,21.235000610351562,21.290000915527344,21.1299991607666,21.200000762939453,2030784
2025-04-09 18:40:00+00:00,21.0,21.2450008392334,20.954999923706055,21.229999542236328,2979303
2025-04-09 18:45:00+00:00,20.9950008392334,21.09000015258789,20.915000915527344,21.0049991607666,2659028
2025-04-09 18:50:00+00:00,20.94499969482422,21.155000686645508,20.920000076293945,20.9950008392334,2122141
2025-04-09 18:55:00+00:00,20.704999923706055,20.975000381469727,20.65999984741211,20.954999923706055,2347911
2025-04-09 19:00:00+00:00,20.8700008392334,20.888700485229492,20.549999237060547,20.704999923706055,2343263
2025-04-09 19:05:00+00:00,20.954999923706055,21.0,20.725000381469727,20.8700008392334,1719724
2025-04-09 19:10:00+00:00,21.110000610351562,21.1299991607666,20.940000534057617,20.954999923706055,1616756
2025-04-09 19:15:00+00:00,21.225000381469727,21.225000381469727,21.059999465942383,21.104999542236328,1766299
2025-04-09 19:20:00+00:00,21.200000762939453,21.299999237060547,21.15999984741211,21.225000381469727,2694503
2025-04-09 19:25:00+00:00,21.15290069580078,21.290000915527344,21.124900817871094,21.200700759887695,2169585
2025-04-09 19:30:00+00:00,21.30500030517578,21.309999465942383,21.110000610351562,21.149999618530273,3147162
2025-04-09 19:35:00+00:00,21.274999618530273,21.32670021057129,21.184999465942383,21.30500030517578,2925636
2025-04-09 19:40:00+00:00,21.30500030517578,21.420000076293945,21.239999771118164,21.274999618530273,3969080
2025-04-09 19:45:00+00:00,21.389999389648438,21.395000457763672,21.2450008392334,21.30500030517578,2660978
2025-04-09 19:50:00+00:00,21.514999389648438,21.65999984741211,21.395000457763672,21.399999618530273,5910449
2025-04-09 19:55:00+00:00,21.489999771118164,21.729999542236328,21.420000076293945,21.514999389648438,10626811
2025-04-10 13:30:00+00:00,20.760000228881836,20.81999969482422,20.549999237060547,20.674999237060547,7583392
2025-04-10 13:35:00+00:00,20.565000534057617,20.796600341796875,20.46500015258789,20.764999389648438,3339104
2025-04-10 13:40:00+00:00,20.36359977722168,20.600000381469727,20.343799591064453,20.565000534057617,3335091
2025-04-10 13:45:00+00:00,20.434999465942383,20.489999771118164,20.30500030517578,20.364999771118164,2842248
2025-04-10 13:50:00+00:00,20.231000900268555,20.483600616455078,20.190000534057617,20.43000030517578,2062640
2025-04-10 13:55:00+00:00,19.978900909423828,20.239999771118164,19.959999084472656,20.229999542236328,3094383
2025-04-10 14:00:00+00:00,19.969999313354492,20.05500030517578,19.850000381469727,19.975000381469727,2410632
2025-04-10 14:05:00+00:00,20.024999618530273,20.079999923706055,19.93000030517578,19.979999542236328,1606508
2025-04-10 14:10:00+00:00,19.989999771118164,20.049999237060547,19.920000076293945,20.024999618530273,1276873
2025-04-10 14:15:00+00:00,20.13629913330078,20.219999313354492,19.979999542236328,19.985000610351562,1704697
2025-04-10 14:20:00+00:00,20.360000610351562,20.395000457763672,20.1299991607666,20.1299991607666,2179708
2025-04-10 14:25:00+00:00,20.299999237060547,20.469900131225586,20.290000915527344,20.354999542236328,2513727
2025-04-10 14:30:00+00:00,20.4950008392334,20.5049991607666,20.299999237060547,20.299999237060547,1551211
2025-04-10 14:35:00+00:00,20.3700008392334,20.549999237060547,20.360000610351562,20.4950008392334,1342621
2025-04-10 14:40:00+00:00,20.2450008392334,20.424999237060547,20.209999084472656,20.37470054626465,1230898
2025-04-10 14:45:00+00:00,20.19499969482422,20.34000015258789,20.18000030517578,20.2549991607666,1083407
2025-04-10 14:50:00+00:00,20.295000076293945,20.309999465942383,20.170000076293945,20.19499969482422,1139770
2025-04-10 14:55:00+00:00,20.19499969482422,20.350000381469727,20.15999984741211,20.299999237060547,840236
2025-04-10 15:00:00+00:00,20.165000915527344,20.200000762939453,20.100000381469727,20.19499969482422,995010
2025-04-10 15:05:00+00:00,20.235000610351562,20.260000228881836,20.1200008392334,20.165000915527344,864718
2025-04-10 15:10:00+00:00,20.1299991607666,20.239999771118164,20.110000610351562,20.229999542236328,1077603
2025-04-10 15:15:00+00:00,20.05500030517578,20.149999618530273,20.030000686645508,20.1299991607666,1467624
2025-04-10 15:20:00+00:00,20.045000076293945,20.09000015258789,19.989999771118164,20.05500030517578,1115555
2025-04-10 15:25:00+00:00,20.0,20.06999969482422,19.989999771118164,20.040000915527344,851744
2025-04-10 15:30:00+00:00,19.9950008392334,20.039499282836914,19.899999618530273,20.0049991607666,1440831
2025-04-10 15:35:00+00:00,19.81999969482422,20.0,19.809999465942383,19.9950008392334,1583643
2025-04-10 15:40:00+00:00,19.815000534057617,19.90999984741211,19.799999237060547,19.825000762939453,1221527
2025-04-10 15:45:00+00:00,19.731599807739258,19.844999313354492,19.719999313354492,19.809999465942383,1377605
2025-04-10 15:50:00+00:00,19.719999313354492,19.735000610351562,19.59000015258789,19.735000610351562,2272033
2025-04-10 15:55:00+00:00,19.684999465942383,19.770000457763672,19.622900009155273,19.719999313354492,1137044
2025-04-10 16:00:00+00:00,19.514999389648438,19.790000915527344,19.514999389648438,19.684999465942383,1269336
2025-04-10 16:05:00+00:00,19.545000076293945,19.600000381469727,19.510000228881836,19.512699127197266,1083081
2025-04-10 16:10:00+00:00,19.440000534057617,19.600000381469727,19.415000915527344,19.540000915527344,1442520
2025-04-10 16:15:00+00:00,19.34869956970215,19.440000534057617,19.25,19.440000534057617,1607177
2025-04-10 16:20:00+00:00,19.329999923706055,19.359899520874023,19.15999984741211,19.34760093688965,1583327
2025-04-10 16:25:00+00:00,19.26849937438965,19.360000610351562,19.239999771118164,19.33690071105957,1365647
2025-04-10 16:30:00+00:00,19.549999237060547,19.569900512695312,19.25,19.260000228881836,1461539
2025-04-10 16:35:00+00:00,19.604999542236328,19.670000076293945,19.479999542236328,19.549999237060547,1213081
2025-04-10 16:40:00+00:00,19.6299991607666,19.700000762939453,19.53499984741211,19.600000381469727,1101516
2025-04-10 16:45:00+00:00,19.665000915527344,19.709999084472656,19.510000228881836,19.625,868721
2025-04-10 16:50:00+00:00,19.550100326538086,19.71500015258789,19.550100326538086,19.670000076293945,1023324
2025-04-10 16:55:00+00:00,19.71500015258789,19.739999771118164,19.540000915527344,19.55500030517578,769118
2025-04-10 17:00:00+00:00,19.78499984741211,19.939899444580078,19.6299991607666,19.717599868774414,1522653
2025-04-10 17:05:00+00:00,19.600000381469727,19.780000686645508,19.594999313354492,19.780000686645508,669691
2025-04-10 17:10:00+00:00,19.399999618530273,19.6200008392334,19.3700008392334,19.594999313354492,908943
2025-04-10 17:15:00+00:00,19.40999984741211,19.420000076293945,19.320100784301758,19.389999389648438,708417
2025-04-10 17:20:00+00:00,19.364999771118164,19.420000076293945,19.270000457763672,19.40999984741211,946825
2025-04-10 17:25:00+00:00,19.434999465942383,19.510000228881836,19.329999923706055,19.364999771118164,1012598
2025-04-10 17:30:00+00:00,19.575000762939453,19.670000076293945,19.39069938659668,19.434999465942383,1063496
2025-04-10 17:35:00+00:00,19.56999969482422,19.68720054626465,19.559999465942383,19.56999969482422,912034
2025-04-10 17:40:00+00:00,19.709999084472656,19.729900360107422,19.54010009765625,19.569799423217773,743017
2025-04-10 17:45:00+00:00,19.610000610351562,19.760000228881836,19.59630012512207,19.709999084472656,951010
2025-04-10 17:50:00+00:00,19.645000457763672,19.708099365234375,19.549999237060547,19.604999542236328,984209
2025-04-10 17:55:00+00:00,19.655000686645508,19.739999771118164,19.635000228881836,19.645000457763672,1049286
2025-04-10 18:00:00+00:00,19.817699432373047,19.829999923706055,19.59000015258789,19.655000686645508,1268938
2025-04-10 18:05:00+00:00,19.614999771118164,19.84000015258789,19.590099334716797,19.815000534057617,905638
2025-04-10 18:10:00+00:00,19.53499984741211,19.655000686645508,19.514999389648438,19.610000610351562,699094
2025-04-10 18:15:00+00:00,19.655000686645508,19.670000076293945,19.5,19.530000686645508,974010
2025-04-10 18:20:00+00:00,19.78499984741211,19.848400115966797,19.655000686645508,19.655000686645508,766963
2025-04-10 18:25:00+00:00,19.890100479125977,19.915000915527344,19.760000228881836,19.789899826049805,755992
2025-04-10 18:30:00+00:00,19.844999313354492,20.0,19.84000015258789,19.899999618530273,1107381
2025-04-10 18:35:00+00:00,19.900100708007812,19.920000076293945,19.774999618530273,19.844999313354492,817169
2025-04-10 18:40:00+00:00,19.950000762939453,19.969999313354492,19.829999923706055,19.905000686645508,561170
2025-04-10 18:45:00+00:00,19.81999969482422,19.959299087524414,19.760000228881836,19.954999923706055,768225
2025-04-10 18:50:00+00:00,19.746299743652344,19.895000457763672,19.740100860595703,19.815000534057617,1149637
2025-04-10 18:55:00+00:00,19.837200164794922,19.920000076293945,19.684999465942383,19.7450008392334,783996
2025-04-10 19:00:00+00:00,19.950000762939453,20.0,19.780000686645508,19.834999084472656,992207
2025-04-10 19:05:00+00:00,19.708099365234375,20.0,19.703500747680664,19.9507999420166,795326
2025-04-10 19:10:00+00:00,19.7450008392334,19.770000457763672,19.67009925842285,19.704999923706055,957450
2025-04-10 19:15:00+00:00,19.75,19.780000686645508,19.680099487304688,19.7450008392334,1015740
2025-04-10 19:20:00+00:00,19.720199584960938,19.829999923706055,19.700000762939453,19.7450008392334,987168
2025-04-10 19:25:00+00:00,19.600000381469727,19.815000534057617,19.594999313354492,19.725000381469727,1002355
2025-04-10 19:30:00+00:00,19.649999618530273,19.75,19.579999923706055,19.600000381469727,1321671
2025-04-10 19:35:00+00:00,19.614999771118164,19.719999313354492,19.602500915527344,19.655000686645508,1108866
2025-04-10 19:40:00+00:00,19.536699295043945,19.639999389648438,19.530000686645508,19.6200008392334,1397854
2025-04-10 19:45:00+00:00,19.600000381469727,19.649999618530273,19.510099411010742,19.53499984741211,1766999
2025-04-10 19:50:00+00:00,19.850000381469727,19.899999618530273,19.579999923706055,19.59000015258789,2906400
2025-04-10 19:55:00+00:00,19.875,19.899999618530273,19.69499969482422,19.844999313354492,5977573
2025-04-11 13:30:00+00:00,18.520000457763672,19.325000762939453,18.405000686645508,19.2450008392334,14042316
2025-04-11 13:35:00+00:00,18.4591007232666,18.510000228881836,18.174999237060547,18.510000228881836,8568872
2025-04-11 13:40:00+00:00,18.479999542236328,18.56999969482422,18.240100860595703,18.44499969482422,4923550
2025-04-11 13:45:00+00:00,18.545000076293945,18.799999237060547,18.459999084472656,18.479999542236328,4894185
2025-04-11 13:50:00+00:00,18.7450008392334,18.809999465942383,18.520000457763672,18.549299240112305,3077096
2025-04-11 13:55:00+00:00,18.780000686645508,18.8700008392334,18.65999984741211,18.7450008392334,2601844
2025-04-11 14:00:00+00:00,18.639999389648438,18.868499755859375,18.549999237060547,18.780000686645508,3310034
2025-04-11 14:05:00+00:00,18.895000457763672,18.920000076293945,18.611000061035156,18.6382999420166,2541575
2025-04-11 14:10:00+00:00,18.89739990234375,18.940000534057617,18.78499984741211,18.895000457763672,1901622
2025-04-11 14:15:00+00:00,18.707799911499023,18.937700271606445,18.700000762939453,18.889999389648438,2015495
2025-04-11 14:20:00+00:00,18.645000457763672,18.737499237060547,18.540000915527344,18.709999084472656,2962876
2025-04-11 14:25:00+00:00,18.545000076293945,18.668899536132812,18.510000228881836,18.645000457763672,1567323
2025-04-11 14:30:00+00:00,18.7450008392334,18.81999969482422,18.514999389648438,18.545000076293945,1867193
2025-04-11 14:35:00+00:00,18.777999877929688,18.81999969482422,18.719999313354492,18.7450008392334,1189898
2025-04-11 14:40:00+00:00,18.825000762939453,18.850000381469727,18.700000762939453,18.770000457763672,1399939
2025-04-11 14:45:00+00:00,18.665000915527344,18.829999923706055,18.649900436401367,18.81999969482422,1367550
2025-04-11 14:50:00+00:00,18.645000457763672,18.670000076293945,18.579999923706055,18.65999984741211,1409034
2025-04-11 14:55:00+00:00,18.594999313354492,18.68000030517578,18.560100555419922,18.648500442504883,973100
2025-04-11 15:00:00+00:00,18.540000915527344,18.81999969482422,18.520000457763672,18.59000015258789,1722817
2025-04-11 15:05:00+00:00,18.645000457763672,18.649999618530273,18.511899948120117,18.540000915527344,1311253
2025-04-11 15:10:00+00:00,18.645000457763672,18.709999084472656,18.625,18.645000457763672,985484
2025-04-11 15:15:00+00:00,18.629899978637695,18.670000076293945,18.559999465942383,18.645000457763672,930462
2025-04-11 15:20:00+00:00,18.68829917907715,18.709999084472656,18.62030029296875,18.625,989137
2025-04-11 15:25:00+00:00,18.7450008392334,18.760000228881836,18.68000030517578,18.684999465942383,986429
2025-04-11 15:30:00+00:00,18.78499984741211,18.790000915527344,18.69499969482422,18.75,781343
2025-04-11 15:35:00+00:00,18.84469985961914,18.84910011291504,18.75469970703125,18.780099868774414,783098
2025-04-11 15:40:00+00:00,18.844999313354492,18.850000381469727,18.780799865722656,18.844999313354492,926907
2025-04-11 15:45:00+00:00,18.905500411987305,18.940000534057617,18.829999923706055,18.844999313354492,1169992
2025-04-11 15:50:00+00:00,18.969999313354492,18.989999771118164,18.88010025024414,18.903499603271484,1007024
2025-04-11 15:55:00+00:00,18.975000381469727,19.049999237060547,18.96500015258789,18.96500015258789,1004185
2025-04-11 16:00:00+00:00,18.92889976501465,19.0,18.889999389648438,18.979999542236328,816863
2025-04-11 16:05:00+00:00,18.969999313354492,19.059999465942383,18.92009925842285,18.924999237060547,969542
2025-04-11 16:10:00+00:00,19.049999237060547,19.079999923706055,18.96500015258789,18.96500015258789,647129
2025-04-11 16:15:00+00:00,19.038799285888672,19.079999923706055,19.030000686645508,19.05500030517578,778501
2025-04-11 16:20:00+00:00,19.014999389648438,19.06999969482422,19.0,19.033100128173828,547947
2025-04-11 16:25:00+00:00,19.0,19.069799423217773,18.950000762939453,19.020000457763672,885798
2025-04-11 16:30:00+00:00,19.135000228881836,19.170000076293945,18.990100860595703,19.0,1479826
2025-04-11 16:35:00+00:00,19.181299209594727,19.260000228881836,19.13010025024414,19.139999389648438,1263650
2025-04-11 16:40:00+00:00,19.284700393676758,19.290000915527344,19.149999618530273,19.184999465942383,964414
2025-04-11 16:45:00+00:00,19.290700912475586,19.299999237060547,19.200000762939453,19.28499984741211,853638
2025-04-11 16:50:00+00:00,19.225000381469727,19.31999969482422,19.219999313354492,19.291000366210938,933515
2025-04-11 16:55:00+00:00,19.139999389648438,19.239999771118164,19.1299991607666,19.227100372314453,732783
2025-04-11 17:00:00+00:00,19.17650032043457,19.190000534057617,19.06999969482422,19.145000457763672,1175783
2025-04-11 17:05:00+00:00,19.225000381469727,19.25,19.170000076293945,19.174999237060547,980046
2025-04-11 17:10:00+00:00,19.18000030517578,19.229999542236328,19.110000610351562,19.225000381469727,786405
2025-04-11 17:15:00+00:00,19.078500747680664,19.209999084472656,19.049999237060547,19.17009925842285,620146
2025-04-11 17:20:00+00:00,19.1299991607666,19.18000030517578,19.045000076293945,19.06999969482422,659217
2025-04-11 17:25:00+00:00,19.05500030517578,19.125,19.049999237060547,19.1200008392334,480265
2025-04-11 17:30:00+00:00,19.084999084472656,19.1200008392334,19.030000686645508,19.059999465942383,591144
2025-04-11 17:35:00+00:00,19.225000381469727,19.235000610351562,19.043500900268555,19.084999084472656,562295
2025-04-11 17:40:00+00:00,19.309999465942383,19.368099212646484,19.170000076293945,19.225000381469727,1472830
2025-04-11 17:45:00+00:00,19.2450008392334,19.309999465942383,19.13159942626953,19.30500030517578,773651
2025-04-11 17:50:00+00:00,19.314699172973633,19.350000381469727,19.211000442504883,19.239999771118164,1719895
2025-04-11 17:55:00+00:00,19.290000915527344,19.360000610351562,19.25,19.315000534057617,729635
2025-04-11 18:00:00+00:00,19.37190055847168,19.3799991607666,19.2450008392334,19.295000076293945,667098
2025-04-11 18:05:00+00:00,19.315000534057617,19.3799991607666,19.270099639892578,19.370100021362305,577811
2025-04-11 18:10:00+00:00,19.30500030517578,19.367799758911133,19.270200729370117,19.319299697875977,569951
2025-04-11 18:15:00+00:00,19.204999923706055,19.350000381469727,19.18000030517578,19.30500030517578,619714
2025-04-11 18:20:00+00:00,19.184999465942383,19.239999771118164,19.1299991607666,19.204999923706055,584211
2025-04-11 18:25:00+00:00,19.21649932861328,19.219999313354492,19.1200008392334,19.184999465942383,532854
2025-04-11 18:30:00+00:00,19.184900283813477,19.270000457763672,19.165000915527344,19.21500015258789,543075
2025-04-11 18:35:00+00:00,19.264999389648438,19.299999237060547,19.170000076293945,19.18000030517578,453164
2025-04-11 18:40:00+00:00,19.270000457763672,19.329999923706055,19.239999771118164,19.269100189208984,536988
2025-04-11 18:45:00+00:00,19.309999465942383,19.329999923706055,19.250099182128906,19.264999389648438,402965
2025-04-11 18:50:00+00:00,19.309999465942383,19.328100204467773,19.190000534057617,19.315000534057617,524527
2025-04-11 18:55:00+00:00,19.231300354003906,19.326400756835938,19.219999313354492,19.304500579833984,496468
2025-04-11 19:00:00+00:00,19.340299606323242,19.3700008392334,19.235000610351562,19.239099502563477,532703
2025-04-11 19:05:00+00:00,19.42530059814453,19.43000030517578,19.313600540161133,19.344999313354492,710609
2025-04-11 19:10:00+00:00,19.459999084472656,19.479999542236328,19.385000228881836,19.424999237060547,950812
2025-04-11 19:15:00+00:00,19.490100860595703,19.5,19.3700008392334,19.454999923706055,661033
2025-04-11 19:20:00+00:00,19.528400421142578,19.549999237060547,19.469999313354492,19.4950008392334,1288984
2025-04-11 19:25:00+00:00,19.4867000579834,19.53499984741211,19.47100067138672,19.527700424194336,794832
2025-04-11 19:30:00+00:00,19.485000610351562,19.520000457763672,19.441999435424805,19.482500076293945,978359
2025-04-11 19:35:00+00:00,19.510000228881836,19.520000457763672,19.450000762939453,19.485000610351562,680356
2025-04-11 19:40:00+00:00,19.545000076293945,19.548500061035156,19.5,19.514999389648438,918971
2025-04-11 19:45:00+00:00,19.611799240112305,19.700000762939453,19.510000228881836,19.545000076293945,3025799
2025-04-11 19:50:00+00:00,19.690000534057617,19.795000076293945,19.530000686645508,19.6200008392334,2272106
2025-04-11 19:55:00+00:00,19.723400115966797,19.780000686645508,19.690000534057617,19.700000762939453,4408948
