Price,Close,High,Low,Open,Volume
Ticker,META,META,META,META,META
Datetime,,,,,
2025-02-12 14:30:00+00:00,716.91259765625,717.7000122070312,712.8499755859375,715.7000122070312,1044354
2025-02-12 14:35:00+00:00,717.523193359375,718.3189697265625,715.4993286132812,716.9199829101562,353128
2025-02-12 14:40:00+00:00,718.6699829101562,719.1900024414062,717.260009765625,717.5399780273438,235393
2025-02-12 14:45:00+00:00,718.719970703125,719.4000244140625,717.47998046875,718.7100219726562,232615
2025-02-12 14:50:00+00:00,719.0,719.0599975585938,717.8099975585938,718.8400268554688,154405
2025-02-12 14:55:00+00:00,719.2999877929688,720.2000122070312,718.3662719726562,718.9249877929688,241942
2025-02-12 15:00:00+00:00,716.02001953125,719.3200073242188,716.0,719.3200073242188,317548
2025-02-12 15:05:00+00:00,717.47998046875,717.7299194335938,715.0599975585938,716.2899780273438,266649
2025-02-12 15:10:00+00:00,717.7420043945312,717.7999877929688,716.2774047851562,717.364990234375,162563
2025-02-12 15:15:00+00:00,719.75,719.7999877929688,716.8599853515625,717.6099853515625,224083
2025-02-12 15:20:00+00:00,720.2481079101562,720.4349975585938,718.6500244140625,719.760009765625,194870
2025-02-12 15:25:00+00:00,719.4400024414062,721.0650024414062,719.0800170898438,720.22998046875,187321
2025-02-12 15:30:00+00:00,720.5598754882812,721.239990234375,718.6900024414062,719.1901245117188,148314
2025-02-12 15:35:00+00:00,722.1400146484375,722.6300048828125,720.1900024414062,720.260009765625,246564
2025-02-12 15:40:00+00:00,721.1519165039062,722.5999755859375,720.5501098632812,722.1699829101562,120536
2025-02-12 15:45:00+00:00,720.8049926757812,721.4967041015625,720.2100830078125,721.1699829101562,102269
2025-02-12 15:50:00+00:00,721.4085083007812,722.0,720.219970703125,721.0,125484
2025-02-12 15:55:00+00:00,721.6300048828125,722.0,721.1900024414062,721.3200073242188,75735
2025-02-12 16:00:00+00:00,720.260009765625,721.489990234375,720.0601196289062,721.0601196289062,85920
2025-02-12 16:05:00+00:00,719.7050170898438,720.5,719.1599731445312,720.0,78667
2025-02-12 16:10:00+00:00,719.3599853515625,720.4000244140625,718.2000122070312,719.8800048828125,92825
2025-02-12 16:15:00+00:00,719.530029296875,719.9500122070312,719.0,719.27001953125,71599
2025-02-12 16:20:00+00:00,718.9600219726562,720.0167236328125,718.3699951171875,719.52001953125,95051
2025-02-12 16:25:00+00:00,718.0800170898438,719.25830078125,718.0499877929688,719.0999755859375,78183
2025-02-12 16:30:00+00:00,718.4500122070312,719.0449829101562,718.0900268554688,718.0900268554688,89342
2025-02-12 16:35:00+00:00,719.4650268554688,719.5800170898438,718.469970703125,718.5999755859375,71522
2025-02-12 16:40:00+00:00,721.4400024414062,721.7100219726562,719.3099975585938,719.3900146484375,141495
2025-02-12 16:45:00+00:00,720.97998046875,721.47998046875,720.130126953125,721.4000244140625,72612
2025-02-12 16:50:00+00:00,721.8300170898438,722.010009765625,720.7999877929688,720.9500122070312,110477
2025-02-12 16:55:00+00:00,723.489990234375,723.489990234375,721.6895751953125,721.8200073242188,148603
2025-02-12 17:00:00+00:00,723.5499877929688,724.4500122070312,723.0640258789062,723.444580078125,191282
2025-02-12 17:05:00+00:00,724.3587036132812,724.9000244140625,723.4600219726562,723.5499877929688,165970
2025-02-12 17:10:00+00:00,724.7000122070312,725.760009765625,724.1561889648438,724.4711303710938,224582
2025-02-12 17:15:00+00:00,724.7100219726562,725.2999877929688,724.1701049804688,724.5750122070312,120064
2025-02-12 17:20:00+00:00,724.3200073242188,725.0,724.3200073242188,724.469970703125,72116
2025-02-12 17:25:00+00:00,724.5599975585938,724.989990234375,724.0,724.489990234375,95324
2025-02-12 17:30:00+00:00,724.0150146484375,725.0,723.6199951171875,724.5999755859375,96205
2025-02-12 17:35:00+00:00,724.1900024414062,724.3399047851562,723.6099853515625,724.2418823242188,75580
2025-02-12 17:40:00+00:00,723.864990234375,724.3599853515625,723.6484985351562,724.1799926757812,64756
2025-02-12 17:45:00+00:00,724.280029296875,724.719970703125,723.8724975585938,723.97998046875,64481
2025-02-12 17:50:00+00:00,724.630126953125,724.97998046875,724.1107177734375,724.1729125976562,68473
2025-02-12 17:55:00+00:00,725.0018920898438,725.1500244140625,724.5399780273438,724.9199829101562,88280
2025-02-12 18:00:00+00:00,724.3798828125,725.0,723.75,724.7999877929688,71173
2025-02-12 18:05:00+00:00,723.948486328125,724.3350219726562,723.7000122070312,724.3300170898438,55035
2025-02-12 18:10:00+00:00,724.5037841796875,724.5900268554688,723.760009765625,723.9299926757812,50113
2025-02-12 18:15:00+00:00,724.6599731445312,724.8400268554688,724.2949829101562,724.530029296875,59903
2025-02-12 18:20:00+00:00,723.9249877929688,724.9299926757812,723.7999877929688,724.60302734375,47666
2025-02-12 18:25:00+00:00,724.4401245117188,724.7498779296875,723.3015747070312,724.0399780273438,72119
2025-02-12 18:30:00+00:00,724.9786987304688,725.02001953125,724.1599731445312,724.5695190429688,54015
2025-02-12 18:35:00+00:00,724.844970703125,725.1599731445312,724.7349853515625,724.9199829101562,55149
2025-02-12 18:40:00+00:00,723.9600219726562,724.9146118164062,723.7324829101562,724.864990234375,64172
2025-02-12 18:45:00+00:00,724.0900268554688,724.4299926757812,723.760009765625,723.8300170898438,59472
2025-02-12 18:50:00+00:00,724.6500244140625,725.0999755859375,724.0499877929688,724.2349853515625,73836
2025-02-12 18:55:00+00:00,724.3350219726562,725.0,724.1199951171875,724.8099975585938,66632
2025-02-12 19:00:00+00:00,722.614990234375,724.3800048828125,722.5,724.3049926757812,125804
2025-02-12 19:05:00+00:00,722.9835815429688,723.6599731445312,722.5,722.625,85827
2025-02-12 19:10:00+00:00,722.510009765625,723.260009765625,722.4000244140625,723.0999755859375,55610
2025-02-12 19:15:00+00:00,722.580078125,722.989990234375,722.25,722.5150146484375,76241
2025-02-12 19:20:00+00:00,723.3300170898438,723.4299926757812,722.5980224609375,722.6950073242188,59058
2025-02-12 19:25:00+00:00,723.4993286132812,723.77001953125,722.72998046875,723.2100219726562,58481
2025-02-12 19:30:00+00:00,723.0399780273438,723.70361328125,722.8098754882812,723.70361328125,53904
2025-02-12 19:35:00+00:00,723.0399780273438,723.5999145507812,723.02001953125,723.0549926757812,71055
2025-02-12 19:40:00+00:00,723.6849975585938,723.760009765625,722.9616088867188,723.0067138671875,60281
2025-02-12 19:45:00+00:00,724.52001953125,724.5800170898438,723.47998046875,723.7020263671875,103292
2025-02-12 19:50:00+00:00,724.698974609375,724.7000122070312,724.0100708007812,724.5700073242188,78190
2025-02-12 19:55:00+00:00,725.2000122070312,725.6292114257812,724.610107421875,724.7000122070312,163919
2025-02-12 20:00:00+00:00,725.0211791992188,725.4000244140625,724.9000244140625,725.1799926757812,93729
2025-02-12 20:05:00+00:00,725.39501953125,725.6414184570312,725.010009765625,725.0399780273438,82029
2025-02-12 20:10:00+00:00,725.27001953125,725.9400024414062,725.0,725.39501953125,131048
2025-02-12 20:15:00+00:00,726.0750122070312,726.1400146484375,725.0499877929688,725.27001953125,120857
2025-02-12 20:20:00+00:00,726.8291015625,726.9000244140625,725.97998046875,726.0999755859375,157842
2025-02-12 20:25:00+00:00,726.1801147460938,727.0999755859375,726.0,726.8300170898438,139929
2025-02-12 20:30:00+00:00,726.0798950195312,726.6599731445312,725.530029296875,726.3599853515625,131427
2025-02-12 20:35:00+00:00,725.5800170898438,726.6599731445312,725.3292236328125,726.0599975585938,97416
2025-02-12 20:40:00+00:00,725.0479736328125,725.8800048828125,724.8200073242188,725.4749755859375,132552
2025-02-12 20:45:00+00:00,724.739990234375,725.1799926757812,724.35009765625,724.760009765625,132167
2025-02-12 20:50:00+00:00,726.1170043945312,726.1500244140625,724.8099975585938,724.8099975585938,181677
2025-02-12 20:55:00+00:00,725.0800170898438,726.1699829101562,724.7000122070312,726.1400146484375,348149
2025-02-13 14:30:00+00:00,722.7999877929688,724.6655883789062,719.860107421875,721.5197143554688,998802
2025-02-13 14:35:00+00:00,721.4949951171875,723.780029296875,720.3499755859375,722.9099731445312,371856
2025-02-13 14:40:00+00:00,723.8300170898438,724.0,720.5499877929688,721.2949829101562,210061
2025-02-13 14:45:00+00:00,722.1099853515625,723.9860229492188,721.7600708007812,723.8300170898438,235372
2025-02-13 14:50:00+00:00,723.1849975585938,723.1998901367188,721.280029296875,722.0,226028
2025-02-13 14:55:00+00:00,722.8200073242188,724.22998046875,722.4000244140625,722.9500122070312,183675
2025-02-13 15:00:00+00:00,723.3200073242188,724.47998046875,721.7000122070312,722.8400268554688,158572
2025-02-13 15:05:00+00:00,722.75,723.8800048828125,721.7843017578125,723.3900146484375,157864
2025-02-13 15:10:00+00:00,723.0650024414062,723.469970703125,722.1599731445312,722.739990234375,168182
2025-02-13 15:15:00+00:00,724.280029296875,724.6400146484375,723.1337280273438,723.1500244140625,130697
2025-02-13 15:20:00+00:00,725.9000244140625,726.2999267578125,724.1201171875,724.4826049804688,235625
2025-02-13 15:25:00+00:00,723.8599853515625,725.9600219726562,723.75,725.7000122070312,148048
2025-02-13 15:30:00+00:00,723.760009765625,725.0,723.5,723.9600219726562,111030
2025-02-13 15:35:00+00:00,725.25,725.4338989257812,723.0900268554688,723.72998046875,180823
2025-02-13 15:40:00+00:00,725.364990234375,725.72998046875,724.5499877929688,725.135009765625,138271
2025-02-13 15:45:00+00:00,725.9400024414062,726.1099853515625,724.9099731445312,725.364990234375,135658
2025-02-13 15:50:00+00:00,726.1978149414062,726.5,725.2100219726562,725.9199829101562,116633
2025-02-13 15:55:00+00:00,725.4400024414062,726.4299926757812,725.030029296875,726.2000122070312,93549
2025-02-13 16:00:00+00:00,724.77001953125,725.7150268554688,724.4000244140625,725.4400024414062,99419
2025-02-13 16:05:00+00:00,726.625,727.47998046875,724.6599731445312,724.6907958984375,201906
2025-02-13 16:10:00+00:00,726.52001953125,726.7100219726562,725.8900756835938,726.6099853515625,92040
2025-02-13 16:15:00+00:00,725.510009765625,726.72998046875,725.3233032226562,726.5399780273438,102628
2025-02-13 16:20:00+00:00,724.7000122070312,725.780029296875,724.530029296875,725.6699829101562,106832
2025-02-13 16:25:00+00:00,723.47998046875,724.8699951171875,723.1151123046875,724.869873046875,144799
2025-02-13 16:30:00+00:00,723.260009765625,723.6099853515625,722.6029052734375,723.47998046875,127965
2025-02-13 16:35:00+00:00,723.5599975585938,723.9000244140625,723.2501220703125,723.3400268554688,61285
2025-02-13 16:40:00+00:00,723.719970703125,724.8900146484375,723.4805297851562,723.5800170898438,81280
2025-02-13 16:45:00+00:00,724.4600219726562,724.489990234375,723.4400024414062,723.6199951171875,64031
2025-02-13 16:50:00+00:00,722.3485107421875,724.4600219726562,722.1699829101562,724.4600219726562,86405
2025-02-13 16:55:00+00:00,721.989990234375,722.52001953125,721.357177734375,722.344970703125,110555
2025-02-13 17:00:00+00:00,721.6749877929688,722.5,721.22998046875,721.8800048828125,123717
2025-02-13 17:05:00+00:00,721.260009765625,722.0999145507812,721.0599975585938,721.739990234375,94406
2025-02-13 17:10:00+00:00,721.1806030273438,721.6400146484375,720.1099853515625,721.27001953125,111095
2025-02-13 17:15:00+00:00,720.6799926757812,721.7615966796875,720.5,721.260009765625,73702
2025-02-13 17:20:00+00:00,720.7449951171875,720.9500122070312,719.6599731445312,720.6799926757812,165641
2025-02-13 17:25:00+00:00,720.47998046875,721.2100219726562,720.239990234375,720.7449951171875,83482
2025-02-13 17:30:00+00:00,720.1898803710938,720.4299926757812,719.4500122070312,720.4299926757812,81817
2025-02-13 17:35:00+00:00,720.6199951171875,720.780029296875,719.9000244140625,720.0800170898438,81418
2025-02-13 17:40:00+00:00,721.1099853515625,721.5800170898438,720.5250244140625,720.5250244140625,92197
2025-02-13 17:45:00+00:00,721.7999877929688,721.9199829101562,720.9299926757812,721.1799926757812,67301
2025-02-13 17:50:00+00:00,720.152587890625,722.010009765625,719.840087890625,721.9500122070312,94297
2025-02-13 17:55:00+00:00,719.163818359375,720.4199829101562,718.7824096679688,720.1300048828125,116559
2025-02-13 18:00:00+00:00,718.2349853515625,718.97998046875,718.0399780273438,718.8699951171875,89418
2025-02-13 18:05:00+00:00,718.6649780273438,719.0499877929688,718.1900024414062,718.222412109375,75161
2025-02-13 18:10:00+00:00,719.7999877929688,719.9000244140625,718.6900024414062,718.6900024414062,91476
2025-02-13 18:15:00+00:00,718.7999877929688,719.9199829101562,718.1799926757812,719.844970703125,83649
2025-02-13 18:20:00+00:00,719.5,719.5999755859375,718.6099853515625,718.6699829101562,57611
2025-02-13 18:25:00+00:00,719.5399169921875,719.7000122070312,718.8200073242188,719.4450073242188,82408
2025-02-13 18:30:00+00:00,719.4747924804688,719.510009765625,718.2999877929688,719.3585815429688,98375
2025-02-13 18:35:00+00:00,721.5,721.5,719.2680053710938,719.3699951171875,183898
2025-02-13 18:40:00+00:00,720.97998046875,721.8699951171875,719.8099975585938,721.530029296875,116835
2025-02-13 18:45:00+00:00,721.3300170898438,721.5,720.5833129882812,720.9813232421875,75198
2025-02-13 18:50:00+00:00,722.6300048828125,723.0,720.880126953125,721.4299926757812,171984
2025-02-13 18:55:00+00:00,722.7999877929688,723.2100219726562,721.7600708007812,722.6619262695312,83185
2025-02-13 19:00:00+00:00,723.4349975585938,723.4349975585938,722.0601196289062,722.77001953125,81948
2025-02-13 19:05:00+00:00,723.3897705078125,723.8200073242188,723.0,723.5,83918
2025-02-13 19:10:00+00:00,723.4199829101562,723.6699829101562,722.9199829101562,723.35498046875,96522
2025-02-13 19:15:00+00:00,723.2100219726562,723.47998046875,722.6900024414062,723.3300170898438,79649
2025-02-13 19:20:00+00:00,723.1599731445312,723.7100219726562,722.989990234375,723.010009765625,69989
2025-02-13 19:25:00+00:00,723.9099731445312,724.2299194335938,723.1699829101562,723.27001953125,99781
2025-02-13 19:30:00+00:00,724.3300170898438,724.3900146484375,723.489990234375,723.9600219726562,58990
2025-02-13 19:35:00+00:00,724.4299926757812,724.75,724.1925048828125,724.3900146484375,82094
2025-02-13 19:40:00+00:00,724.239990234375,724.5700073242188,723.8800048828125,724.4600219726562,71886
2025-02-13 19:45:00+00:00,724.8699951171875,724.9199829101562,723.93798828125,724.2899780273438,71010
2025-02-13 19:50:00+00:00,725.5,725.6099853515625,724.6400146484375,724.780029296875,139946
2025-02-13 19:55:00+00:00,725.3300170898438,725.6199951171875,724.4251708984375,725.421875,102450
2025-02-13 20:00:00+00:00,725.6400146484375,725.75,724.5999755859375,725.239990234375,102231
2025-02-13 20:05:00+00:00,726.4149780273438,726.4699096679688,725.4199829101562,725.7365112304688,167681
2025-02-13 20:10:00+00:00,726.9819946289062,727.25,726.35009765625,726.4658203125,200021
2025-02-13 20:15:00+00:00,727.3400268554688,727.4500122070312,726.47998046875,726.8900146484375,132482
2025-02-13 20:20:00+00:00,727.9099731445312,728.3699951171875,727.1224975585938,727.2501220703125,240274
2025-02-13 20:25:00+00:00,727.66162109375,727.989990234375,727.0999755859375,727.8200073242188,166338
2025-02-13 20:30:00+00:00,726.8200073242188,727.760009765625,726.8200073242188,727.6099853515625,119210
2025-02-13 20:35:00+00:00,727.60009765625,728.2000122070312,726.8099975585938,726.8099975585938,149555
2025-02-13 20:40:00+00:00,727.8499755859375,728.2999877929688,727.6099853515625,727.6099853515625,118454
2025-02-13 20:45:00+00:00,726.8300170898438,727.9899291992188,726.5399780273438,727.9899291992188,154456
2025-02-13 20:50:00+00:00,728.4600219726562,728.969970703125,726.4600219726562,726.6599731445312,232671
2025-02-13 20:55:00+00:00,728.489990234375,728.969970703125,728.0900268554688,728.4299926757812,569151
2025-02-14 14:30:00+00:00,730.5999755859375,730.739990234375,725.6199951171875,726.219970703125,1084490
2025-02-14 14:35:00+00:00,728.9650268554688,730.719970703125,727.9431762695312,730.594970703125,484535
2025-02-14 14:40:00+00:00,728.2899780273438,730.6912231445312,727.7100219726562,728.9650268554688,247255
2025-02-14 14:45:00+00:00,728.905029296875,729.239990234375,727.9500122070312,728.1199951171875,170596
2025-02-14 14:50:00+00:00,731.0460205078125,731.3200073242188,728.77001953125,728.8099975585938,445765
2025-02-14 14:55:00+00:00,730.60498046875,732.6508178710938,730.5700073242188,730.9600219726562,423441
2025-02-14 15:00:00+00:00,729.4349975585938,731.0006103515625,728.530029296875,730.4199829101562,284063
2025-02-14 15:05:00+00:00,730.635009765625,730.7899780273438,728.8200073242188,729.4349975585938,170109
2025-02-14 15:10:00+00:00,732.0,732.9000244140625,730.75,730.75,248799
2025-02-14 15:15:00+00:00,731.030029296875,732.3975219726562,730.9099731445312,732.0800170898438,153449
2025-02-14 15:20:00+00:00,731.64501953125,731.9000244140625,731.030029296875,731.0800170898438,135511
2025-02-14 15:25:00+00:00,729.81640625,731.97998046875,729.7409057617188,731.6599731445312,203637
2025-02-14 15:30:00+00:00,729.9880981445312,730.0974731445312,728.8699951171875,729.7999877929688,210477
2025-02-14 15:35:00+00:00,730.1141967773438,730.2000122070312,729.010009765625,729.89501953125,135412
2025-02-14 15:40:00+00:00,730.6900024414062,731.0499877929688,729.9500122070312,730.1199951171875,126500
2025-02-14 15:45:00+00:00,731.0499877929688,731.5487060546875,730.5,730.6500244140625,107069
2025-02-14 15:50:00+00:00,732.0081176757812,732.5800170898438,730.4299926757812,730.9783935546875,108906
2025-02-14 15:55:00+00:00,733.2098999023438,733.4099731445312,731.2899780273438,731.7949829101562,183947
2025-02-14 16:00:00+00:00,734.6801147460938,735.5800170898438,731.5,733.22998046875,594646
2025-02-14 16:05:00+00:00,736.8831176757812,737.375,734.719970703125,735.0700073242188,383163
2025-02-14 16:10:00+00:00,738.5999755859375,738.6199951171875,736.1799926757812,736.8599853515625,390921
2025-02-14 16:15:00+00:00,737.1323852539062,738.9099731445312,736.8900146484375,738.4705200195312,358526
2025-02-14 16:20:00+00:00,735.1300048828125,737.52001953125,734.60009765625,737.1300048828125,338506
2025-02-14 16:25:00+00:00,737.0599975585938,737.25,734.4700927734375,735.0,219655
2025-02-14 16:30:00+00:00,734.77001953125,737.0599975585938,734.5,737.0399780273438,314851
2025-02-14 16:35:00+00:00,736.3876953125,736.739990234375,734.7000122070312,734.739990234375,102495
2025-02-14 16:40:00+00:00,736.27001953125,736.9508056640625,735.9600219726562,736.280029296875,113647
2025-02-14 16:45:00+00:00,735.6599731445312,736.6400146484375,735.3200073242188,736.33349609375,137612
2025-02-14 16:50:00+00:00,736.1624755859375,736.8408813476562,734.739990234375,735.4749755859375,141853
2025-02-14 16:55:00+00:00,736.4149780273438,736.5900268554688,735.5,736.1649780273438,70408
2025-02-14 17:00:00+00:00,734.7890014648438,736.5,734.780029296875,736.5,114903
2025-02-14 17:05:00+00:00,734.7899780273438,735.2000122070312,734.6900024414062,734.8350219726562,91639
2025-02-14 17:10:00+00:00,734.9387817382812,735.0050048828125,734.1500244140625,734.844970703125,160713
2025-02-14 17:15:00+00:00,734.7069702148438,735.0,734.1099853515625,734.9674072265625,85927
2025-02-14 17:20:00+00:00,733.323974609375,735.2299194335938,733.3200073242188,734.7100219726562,145351
2025-02-14 17:25:00+00:00,734.0750122070312,734.9600219726562,733.5399780273438,733.5399780273438,109171
2025-02-14 17:30:00+00:00,734.5700073242188,734.9099731445312,733.5501098632812,734.1500244140625,87193
2025-02-14 17:35:00+00:00,734.1699829101562,735.3200073242188,733.8001098632812,734.625,64972
2025-02-14 17:40:00+00:00,733.2899780273438,734.47998046875,733.1619873046875,734.1699829101562,106765
2025-02-14 17:45:00+00:00,735.22998046875,735.2498779296875,733.0827026367188,733.2150268554688,107001
2025-02-14 17:50:00+00:00,735.60009765625,735.9500122070312,734.3499755859375,735.1199951171875,117633
2025-02-14 17:55:00+00:00,736.2999877929688,736.3900146484375,735.4749755859375,735.7999877929688,102702
2025-02-14 18:00:00+00:00,736.6400146484375,736.989990234375,736.0499877929688,736.3699951171875,116513
2025-02-14 18:05:00+00:00,736.1500244140625,736.780029296875,735.9299926757812,736.6929931640625,74383
2025-02-14 18:10:00+00:00,735.97998046875,736.6400146484375,735.8099975585938,736.2969970703125,67875
2025-02-14 18:15:00+00:00,735.9400024414062,736.4498901367188,735.2150268554688,735.97998046875,111773
2025-02-14 18:20:00+00:00,735.530029296875,735.989990234375,735.17431640625,735.969970703125,56431
2025-02-14 18:25:00+00:00,736.030029296875,736.030029296875,735.1500244140625,735.5800170898438,69748
2025-02-14 18:30:00+00:00,736.7999877929688,736.8798828125,735.8099975585938,736.0299072265625,74740
2025-02-14 18:35:00+00:00,736.9600219726562,737.3798828125,736.5,736.7249755859375,95403
2025-02-14 18:40:00+00:00,737.9190063476562,738.0499877929688,736.9400024414062,737.1500244140625,133860
2025-02-14 18:45:00+00:00,737.25,738.0999755859375,737.239990234375,737.875,125907
2025-02-14 18:50:00+00:00,737.8699951171875,738.3300170898438,737.280029296875,737.3150024414062,109374
2025-02-14 18:55:00+00:00,737.4299926757812,738.1044921875,737.2899780273438,737.869873046875,70384
2025-02-14 19:00:00+00:00,737.5499877929688,737.805908203125,736.9000244140625,737.4000244140625,75885
2025-02-14 19:05:00+00:00,737.2949829101562,737.75,737.0,737.5599975585938,75535
2025-02-14 19:10:00+00:00,738.3681030273438,738.405029296875,737.1099853515625,737.3400268554688,120243
2025-02-14 19:15:00+00:00,738.5999755859375,738.7899780273438,738.0,738.4500122070312,137760
2025-02-14 19:20:00+00:00,738.27001953125,738.7199096679688,738.1099853515625,738.6854248046875,94637
2025-02-14 19:25:00+00:00,738.0910034179688,738.4000244140625,737.8499755859375,738.2999877929688,75184
2025-02-14 19:30:00+00:00,738.4940185546875,738.5,737.2999877929688,738.02001953125,105392
2025-02-14 19:35:00+00:00,739.3499755859375,739.4400024414062,738.2723999023438,738.4993896484375,160139
2025-02-14 19:40:00+00:00,739.0900268554688,739.3900146484375,738.8499755859375,739.3099975585938,109044
2025-02-14 19:45:00+00:00,739.1400146484375,739.2899780273438,738.8099975585938,739.0714111328125,98007
2025-02-14 19:50:00+00:00,739.1400146484375,739.3599853515625,738.6300048828125,739.2000122070312,96313
2025-02-14 19:55:00+00:00,739.02001953125,739.3599853515625,738.8101196289062,739.1900024414062,88473
2025-02-14 20:00:00+00:00,738.639892578125,738.9149780273438,738.2999877929688,738.9149780273438,106338
2025-02-14 20:05:00+00:00,738.77001953125,738.9500122070312,738.1599731445312,738.52001953125,96745
2025-02-14 20:10:00+00:00,738.989990234375,739.4299926757812,738.5,738.780029296875,361662
2025-02-14 20:15:00+00:00,739.2899780273438,739.4000244140625,738.7550048828125,738.9600219726562,136421
2025-02-14 20:20:00+00:00,738.7225952148438,739.4000244140625,738.7000122070312,739.3547973632812,134085
2025-02-14 20:25:00+00:00,739.25,739.6300048828125,738.6099853515625,738.719970703125,174692
2025-02-14 20:30:00+00:00,740.4091796875,740.8900146484375,739.260009765625,739.260009765625,293916
2025-02-14 20:35:00+00:00,739.8400268554688,740.4749755859375,739.4201049804688,740.3699951171875,478867
2025-02-14 20:40:00+00:00,739.6917114257812,739.97998046875,739.0999755859375,739.7899780273438,126392
2025-02-14 20:45:00+00:00,740.16162109375,740.3499145507812,739.4299926757812,739.6074829101562,201569
2025-02-14 20:50:00+00:00,738.5999755859375,740.6799926757812,738.1900024414062,740.239990234375,871882
2025-02-14 20:55:00+00:00,736.5999755859375,738.6199951171875,736.510009765625,738.6199951171875,709370
2025-02-18 14:30:00+00:00,733.25,736.72998046875,732.1199951171875,736.0,1402976
2025-02-18 14:35:00+00:00,728.0103149414062,734.780029296875,727.5,733.219970703125,575988
2025-02-18 14:40:00+00:00,728.052978515625,729.3098754882812,726.3300170898438,728.0,550352
2025-02-18 14:45:00+00:00,724.530029296875,728.0999755859375,724.0700073242188,728.0999755859375,566818
2025-02-18 14:50:00+00:00,722.7999877929688,725.469970703125,722.6799926757812,724.5399780273438,539794
2025-02-18 14:55:00+00:00,724.239990234375,724.7598876953125,722.1699829101562,722.7999877929688,424056
2025-02-18 15:00:00+00:00,721.1799926757812,724.2463989257812,720.3699951171875,723.6300048828125,407064
2025-02-18 15:05:00+00:00,722.4124145507812,722.58740234375,720.5599975585938,721.1300048828125,351271
2025-02-18 15:10:00+00:00,720.1099853515625,722.4500122070312,719.2999877929688,722.4500122070312,378459
2025-02-18 15:15:00+00:00,718.3400268554688,720.5800170898438,717.6171875,720.2100219726562,491610
2025-02-18 15:20:00+00:00,716.97998046875,719.02001953125,716.7172241210938,718.1699829101562,346342
2025-02-18 15:25:00+00:00,716.0399780273438,717.6799926757812,715.0999755859375,717.0,426862
2025-02-18 15:30:00+00:00,717.1099243164062,718.0999755859375,715.9129028320312,716.10498046875,323435
2025-02-18 15:35:00+00:00,718.5327758789062,719.239990234375,717.0,717.1500244140625,300735
2025-02-18 15:40:00+00:00,718.280029296875,718.75,717.3200073242188,718.6699829101562,204779
2025-02-18 15:45:00+00:00,717.0401000976562,718.497802734375,717.0,718.280029296875,162940
2025-02-18 15:50:00+00:00,718.260009765625,718.9970092773438,717.1300048828125,717.219970703125,235708
2025-02-18 15:55:00+00:00,718.3699951171875,719.2550048828125,718.0,718.260009765625,249734
2025-02-18 16:00:00+00:00,720.4450073242188,720.5999145507812,718.2376098632812,718.3699951171875,234353
2025-02-18 16:05:00+00:00,720.0300903320312,720.4495849609375,719.110107421875,720.3900146484375,231283
2025-02-18 16:10:00+00:00,718.9650268554688,720.5885009765625,718.6799926757812,720.22998046875,133540
2025-02-18 16:15:00+00:00,719.91650390625,721.2000122070312,718.9650268554688,718.9650268554688,145765
2025-02-18 16:20:00+00:00,719.6400146484375,720.3350219726562,719.530029296875,720.0,117806
2025-02-18 16:25:00+00:00,719.0700073242188,719.77001953125,718.5,719.5700073242188,100608
2025-02-18 16:30:00+00:00,717.010009765625,719.5499877929688,716.4199829101562,719.10498046875,186860
2025-02-18 16:35:00+00:00,718.7999877929688,718.7999877929688,716.7999877929688,717.0700073242188,117439
2025-02-18 16:40:00+00:00,717.3699951171875,718.8099975585938,717.260009765625,718.6500244140625,68514
2025-02-18 16:45:00+00:00,717.8900146484375,718.14990234375,717.0700073242188,717.260009765625,117043
2025-02-18 16:50:00+00:00,717.9263916015625,718.0974731445312,717.5399780273438,717.7559814453125,56907
2025-02-18 16:55:00+00:00,717.2340087890625,718.159912109375,717.0,718.0966186523438,94291
2025-02-18 17:00:00+00:00,717.3300170898438,718.0,716.5723876953125,717.0499877929688,94320
2025-02-18 17:05:00+00:00,717.489990234375,717.8800048828125,717.3699951171875,717.39501953125,67657
2025-02-18 17:10:00+00:00,716.844970703125,717.5899047851562,716.7000122070312,717.5607299804688,116436
2025-02-18 17:15:00+00:00,715.876708984375,716.969970703125,715.5300903320312,716.9600219726562,193493
2025-02-18 17:20:00+00:00,715.7999877929688,716.3900146484375,715.52001953125,715.8009033203125,126518
2025-02-18 17:25:00+00:00,716.47998046875,716.5700073242188,715.5399780273438,715.6900024414062,89529
2025-02-18 17:30:00+00:00,715.6699829101562,717.25,715.4000244140625,716.4849853515625,135875
2025-02-18 17:35:00+00:00,716.3040161132812,716.4199829101562,715.5372924804688,715.5900268554688,88562
2025-02-18 17:40:00+00:00,716.4000244140625,717.139892578125,716.2000122070312,716.3284301757812,69374
2025-02-18 17:45:00+00:00,715.8599853515625,716.510009765625,715.6901245117188,716.364990234375,71723
2025-02-18 17:50:00+00:00,716.8499755859375,717.1400146484375,715.8424072265625,715.8424072265625,88545
2025-02-18 17:55:00+00:00,716.760009765625,717.1279907226562,716.3599853515625,716.8150024414062,84721
2025-02-18 18:00:00+00:00,715.4099731445312,717.2000122070312,715.4099731445312,716.7000122070312,185064
2025-02-18 18:05:00+00:00,713.25,715.655029296875,712.6500244140625,715.4166259765625,275685
2025-02-18 18:10:00+00:00,712.9500122070312,713.39697265625,712.2371826171875,713.25,167295
2025-02-18 18:15:00+00:00,712.5482788085938,713.010009765625,712.4301147460938,712.9450073242188,116303
2025-02-18 18:20:00+00:00,711.3099975585938,712.8699951171875,711.2318115234375,712.5999755859375,224939
2025-02-18 18:25:00+00:00,709.969970703125,711.4099731445312,709.5885009765625,711.2808837890625,434157
2025-02-18 18:30:00+00:00,709.4849853515625,710.2899780273438,708.8499755859375,710.0809936523438,321276
2025-02-18 18:35:00+00:00,709.8699951171875,710.2000122070312,709.260009765625,709.4849853515625,150005
2025-02-18 18:40:00+00:00,709.2999877929688,710.0399169921875,709.0,709.9299926757812,144543
2025-02-18 18:45:00+00:00,709.27001953125,710.2260131835938,709.0,709.3099975585938,172680
2025-02-18 18:50:00+00:00,709.7487182617188,710.3400268554688,708.83251953125,709.3200073242188,198781
2025-02-18 18:55:00+00:00,710.7100219726562,711.369873046875,709.7100219726562,709.7100219726562,184905
2025-02-18 19:00:00+00:00,711.7249755859375,711.8300170898438,710.5599975585938,710.6950073242188,151901
2025-02-18 19:05:00+00:00,708.6500244140625,711.97998046875,708.27880859375,711.719970703125,241645
2025-02-18 19:10:00+00:00,709.4425048828125,709.8499755859375,708.4099731445312,708.5001220703125,230861
2025-02-18 19:15:00+00:00,707.8200073242188,709.4600219726562,707.7999877929688,709.4349975585938,189209
2025-02-18 19:20:00+00:00,708.5015869140625,709.489990234375,707.010009765625,707.7999877929688,266263
2025-02-18 19:25:00+00:00,708.5001220703125,708.894287109375,708.02001953125,708.6505737304688,96438
2025-02-18 19:30:00+00:00,709.2899780273438,709.5899047851562,708.3800048828125,708.5800170898438,133913
2025-02-18 19:35:00+00:00,708.4089965820312,709.7998046875,708.2000122070312,709.2899780273438,113988
2025-02-18 19:40:00+00:00,707.47998046875,708.489990234375,707.1735229492188,708.4400024414062,154823
2025-02-18 19:45:00+00:00,708.0,708.159912109375,706.4400024414062,707.5980224609375,201902
2025-02-18 19:50:00+00:00,708.1099853515625,708.280029296875,707.2899780273438,708.0700073242188,144959
2025-02-18 19:55:00+00:00,708.2943115234375,708.4299926757812,707.8099975585938,708.0549926757812,109596
2025-02-18 20:00:00+00:00,708.5750122070312,708.77001953125,708.0599975585938,708.3400268554688,112834
2025-02-18 20:05:00+00:00,708.2864990234375,709.0050048828125,708.2100219726562,708.5333251953125,142467
2025-02-18 20:10:00+00:00,707.97998046875,708.2783813476562,707.3900756835938,708.2783813476562,123875
2025-02-18 20:15:00+00:00,707.7518920898438,708.298828125,707.5401000976562,707.97998046875,107730
2025-02-18 20:20:00+00:00,707.7000122070312,707.915771484375,706.9099731445312,707.844970703125,184211
2025-02-18 20:25:00+00:00,708.0,709.0,707.6199951171875,707.6199951171875,288793
2025-02-18 20:30:00+00:00,708.6099853515625,708.97998046875,707.280029296875,708.010009765625,658153
2025-02-18 20:35:00+00:00,709.42919921875,709.5,708.3001098632812,708.75,137853
2025-02-18 20:40:00+00:00,709.9199829101562,710.5599975585938,709.0999755859375,709.4299926757812,280398
2025-02-18 20:45:00+00:00,710.219970703125,710.75,709.7100219726562,709.969970703125,256876
2025-02-18 20:50:00+00:00,713.7199096679688,714.0399780273438,710.2899780273438,710.2899780273438,457986
2025-02-18 20:55:00+00:00,716.280029296875,716.530029296875,713.77001953125,713.77001953125,1095937
2025-02-19 14:30:00+00:00,705.14501953125,707.0,700.5100708007812,704.094970703125,2197320
2025-02-19 14:35:00+00:00,700.2899780273438,705.739990234375,699.1400146484375,705.3900146484375,708219
2025-02-19 14:40:00+00:00,701.0999755859375,702.739990234375,698.3756103515625,700.4099731445312,567754
2025-02-19 14:45:00+00:00,701.6699829101562,703.1699829101562,700.3300170898438,701.1749877929688,387570
2025-02-19 14:50:00+00:00,703.2999877929688,703.3699951171875,700.2000122070312,701.4500122070312,320080
2025-02-19 14:55:00+00:00,701.4749755859375,703.3280029296875,700.25,703.2999877929688,275053
2025-02-19 15:00:00+00:00,699.3399047851562,702.0499877929688,698.8499755859375,701.4749755859375,369560
2025-02-19 15:05:00+00:00,698.119873046875,699.7349853515625,697.0,699.2999877929688,413078
2025-02-19 15:10:00+00:00,697.2000122070312,699.2100219726562,696.9500122070312,697.9099731445312,317827
2025-02-19 15:15:00+00:00,695.7999877929688,698.75,695.4044189453125,697.143798828125,464331
2025-02-19 15:20:00+00:00,696.2100219726562,696.9000244140625,695.6400756835938,695.7999877929688,298686
2025-02-19 15:25:00+00:00,697.8300170898438,698.3699951171875,695.7999877929688,696.1799926757812,308937
2025-02-19 15:30:00+00:00,699.6978759765625,699.75,697.6201171875,697.7750244140625,306371
2025-02-19 15:35:00+00:00,698.27001953125,700.094970703125,698.1300048828125,699.6599731445312,254437
2025-02-19 15:40:00+00:00,699.2899780273438,700.1962280273438,698.0999755859375,698.4000244140625,230578
2025-02-19 15:45:00+00:00,697.969970703125,699.405029296875,697.5,699.405029296875,237546
2025-02-19 15:50:00+00:00,698.6749877929688,699.2000122070312,696.8499755859375,697.7000122070312,157944
2025-02-19 15:55:00+00:00,698.1364135742188,698.7999877929688,697.3499755859375,698.6414184570312,122867
2025-02-19 16:00:00+00:00,699.489990234375,700.0067138671875,697.5,698.135009765625,213247
2025-02-19 16:05:00+00:00,699.85498046875,700.2000122070312,698.6400756835938,699.4000244140625,214148
2025-02-19 16:10:00+00:00,701.4550170898438,701.6699829101562,699.5399780273438,699.989990234375,280823
2025-02-19 16:15:00+00:00,702.7044067382812,703.0399780273438,701.2100219726562,701.5,267057
2025-02-19 16:20:00+00:00,702.5,703.0,702.0200805664062,702.841796875,172675
2025-02-19 16:25:00+00:00,702.219970703125,702.6400146484375,701.3099975585938,702.5349731445312,147814
2025-02-19 16:30:00+00:00,701.3300170898438,702.4199829101562,700.9099731445312,702.0599975585938,124083
2025-02-19 16:35:00+00:00,701.3699951171875,701.7999877929688,701.1099853515625,701.3300170898438,152263
2025-02-19 16:40:00+00:00,703.8798828125,703.8798828125,701.2000122070312,701.4299926757812,254708
2025-02-19 16:45:00+00:00,704.1649780273438,704.52001953125,703.0,703.7938842773438,172696
2025-02-19 16:50:00+00:00,705.7698974609375,706.1400146484375,704.1649780273438,704.1649780273438,223234
2025-02-19 16:55:00+00:00,704.8740234375,705.8699951171875,703.90478515625,705.7349853515625,193301
2025-02-19 17:00:00+00:00,705.5650024414062,705.7205810546875,704.5599975585938,704.7131958007812,140009
2025-02-19 17:05:00+00:00,705.3200073242188,706.6300048828125,705.2244262695312,705.5650024414062,127858
2025-02-19 17:10:00+00:00,704.9796142578125,705.7000122070312,704.4600830078125,705.3400268554688,147815
2025-02-19 17:15:00+00:00,704.6300048828125,705.47998046875,704.5368041992188,705.0,101326
2025-02-19 17:20:00+00:00,704.8150024414062,705.1500244140625,704.2589721679688,704.5900268554688,107215
2025-02-19 17:25:00+00:00,704.7100219726562,705.0800170898438,704.1300048828125,704.7000122070312,125345
2025-02-19 17:30:00+00:00,703.719970703125,705.2000122070312,703.6400146484375,704.7813720703125,124964
2025-02-19 17:35:00+00:00,704.1400146484375,704.7899780273438,703.719970703125,703.719970703125,81018
2025-02-19 17:40:00+00:00,703.9525146484375,704.2899780273438,703.5449829101562,704.1500244140625,68268
2025-02-19 17:45:00+00:00,703.7650146484375,704.4600219726562,703.1799926757812,703.9749755859375,81952
2025-02-19 17:50:00+00:00,703.4556274414062,703.8499755859375,703.1099853515625,703.77001953125,74741
2025-02-19 17:55:00+00:00,702.5764770507812,703.4874877929688,702.4000244140625,703.3699951171875,91899
2025-02-19 18:00:00+00:00,702.6699829101562,703.115478515625,702.260009765625,702.5750122070312,87484
2025-02-19 18:05:00+00:00,702.030029296875,702.7000122070312,701.5609741210938,702.655029296875,118649
2025-02-19 18:10:00+00:00,702.0499877929688,702.4400024414062,701.7899780273438,701.969970703125,102260
2025-02-19 18:15:00+00:00,702.4324951171875,703.1685791015625,702.030029296875,702.1799926757812,107725
2025-02-19 18:20:00+00:00,702.4232788085938,703.0599975585938,702.280029296875,702.5750122070312,94142
2025-02-19 18:25:00+00:00,702.489990234375,702.4940185546875,701.2999877929688,702.3499755859375,108264
2025-02-19 18:30:00+00:00,702.9525756835938,703.22998046875,702.5,702.5,87206
2025-02-19 18:35:00+00:00,702.6408081054688,703.2407836914062,702.5001220703125,703.0399780273438,82665
2025-02-19 18:40:00+00:00,702.8699951171875,703.25,702.5800170898438,702.77001953125,75486
2025-02-19 18:45:00+00:00,702.489990234375,702.989990234375,702.3400268554688,702.9000244140625,57732
2025-02-19 18:50:00+00:00,702.5999755859375,703.1099243164062,702.0999755859375,702.510009765625,78439
2025-02-19 18:55:00+00:00,702.3099975585938,702.7150268554688,702.0051879882812,702.5999755859375,69964
2025-02-19 19:00:00+00:00,702.7575073242188,703.010009765625,702.0499877929688,702.2650146484375,72890
2025-02-19 19:05:00+00:00,703.0549926757812,703.3400268554688,702.6099853515625,702.7449951171875,83251
2025-02-19 19:10:00+00:00,703.32080078125,703.510009765625,702.1400756835938,703.1599731445312,134245
2025-02-19 19:15:00+00:00,703.344970703125,704.0599975585938,702.5,703.5,144085
2025-02-19 19:20:00+00:00,703.530029296875,704.1224975585938,703.3499755859375,703.3499755859375,85639
2025-02-19 19:25:00+00:00,703.27001953125,703.52001953125,702.2999877929688,703.52001953125,101306
2025-02-19 19:30:00+00:00,704.5,704.5,703.1400146484375,703.27001953125,104002
2025-02-19 19:35:00+00:00,704.8458862304688,705.0549926757812,704.27001953125,704.4550170898438,99640
2025-02-19 19:40:00+00:00,704.4500122070312,706.0250244140625,704.1699829101562,704.8599853515625,175265
2025-02-19 19:45:00+00:00,704.614990234375,704.8034057617188,703.72998046875,704.3099975585938,72200
2025-02-19 19:50:00+00:00,705.3555908203125,705.489990234375,704.5399780273438,704.6785278320312,85198
2025-02-19 19:55:00+00:00,704.77001953125,705.4000244140625,704.219970703125,705.1500244140625,69548
2025-02-19 20:00:00+00:00,704.6380004882812,705.2117919921875,704.5001220703125,704.9000244140625,57248
2025-02-19 20:05:00+00:00,704.5599975585938,705.489990234375,704.3800048828125,704.66748046875,138479
2025-02-19 20:10:00+00:00,704.02001953125,704.6300048828125,703.7200927734375,704.5599975585938,373621
2025-02-19 20:15:00+00:00,703.239990234375,704.4199829101562,703.1712036132812,704.2849731445312,93043
2025-02-19 20:20:00+00:00,703.1400146484375,703.989990234375,702.7999877929688,703.219970703125,106509
2025-02-19 20:25:00+00:00,701.2000122070312,703.4500122070312,701.0900268554688,703.1083984375,204055
2025-02-19 20:30:00+00:00,702.5399780273438,703.4395751953125,701.2000122070312,701.2000122070312,144689
2025-02-19 20:35:00+00:00,702.3499755859375,702.8099975585938,701.7000122070312,702.510009765625,107692
2025-02-19 20:40:00+00:00,702.27001953125,702.5999755859375,701.8574829101562,702.4000244140625,189902
2025-02-19 20:45:00+00:00,702.2550048828125,702.4411010742188,701.6900024414062,702.3099975585938,159931
2025-02-19 20:50:00+00:00,703.1799926757812,703.280029296875,701.989990234375,702.4299926757812,172364
2025-02-19 20:55:00+00:00,703.75,704.4000244140625,703.3400268554688,703.3400268554688,372862
2025-02-20 14:30:00+00:00,699.719970703125,701.8900146484375,694.2100219726562,697.2750244140625,1508504
2025-02-20 14:35:00+00:00,705.25,705.489990234375,699.8300170898438,699.8300170898438,358417
2025-02-20 14:40:00+00:00,701.9324951171875,705.6300048828125,701.739990234375,705.1699829101562,314124
2025-02-20 14:45:00+00:00,703.14501953125,703.97998046875,701.5999755859375,701.8400268554688,204286
2025-02-20 14:50:00+00:00,699.0468139648438,703.296875,698.3400268554688,703.296875,250720
2025-02-20 14:55:00+00:00,698.3200073242188,699.3099975585938,696.6500854492188,698.8599853515625,257442
2025-02-20 15:00:00+00:00,696.72998046875,698.6199951171875,695.489990234375,698.2349853515625,269136
2025-02-20 15:05:00+00:00,697.260009765625,698.3800048828125,696.6099853515625,696.7249755859375,186068
2025-02-20 15:10:00+00:00,699.3049926757812,699.6298828125,696.4099731445312,697.4617919921875,208824
2025-02-20 15:15:00+00:00,700.7100219726562,702.5,699.2000122070312,699.4688110351562,237433
2025-02-20 15:20:00+00:00,700.7949829101562,701.8599853515625,699.72998046875,700.8466186523438,133074
2025-02-20 15:25:00+00:00,700.7127075195312,700.9799194335938,699.4299926757812,700.89501953125,124040
2025-02-20 15:30:00+00:00,699.9765014648438,702.0,699.8499755859375,700.97998046875,122023
2025-02-20 15:35:00+00:00,698.9349975585938,700.0,698.2000122070312,699.8900146484375,127745
2025-02-20 15:40:00+00:00,698.3223876953125,699.169921875,697.830078125,699.0399780273438,101686
2025-02-20 15:45:00+00:00,698.02001953125,699.5,697.5800170898438,698.3499755859375,117163
2025-02-20 15:50:00+00:00,696.5399780273438,698.2595825195312,695.9093017578125,698.02001953125,161016
2025-02-20 15:55:00+00:00,696.5479736328125,697.6699829101562,696.0499877929688,696.7100219726562,92869
2025-02-20 16:00:00+00:00,697.3582763671875,698.1832885742188,696.635009765625,696.9000244140625,90974
2025-02-20 16:05:00+00:00,698.7750244140625,698.969970703125,697.0250244140625,697.52001953125,90393
2025-02-20 16:10:00+00:00,698.8699951171875,699.1400146484375,698.4299926757812,698.5989990234375,91450
2025-02-20 16:15:00+00:00,697.6300048828125,698.8599853515625,697.52001953125,698.8400268554688,85689
2025-02-20 16:20:00+00:00,698.47998046875,698.9000244140625,697.6300048828125,697.6887817382812,247996
2025-02-20 16:25:00+00:00,698.0900268554688,698.5999755859375,697.5399780273438,698.3599853515625,76649
2025-02-20 16:30:00+00:00,697.7899780273438,698.1599731445312,697.030029296875,698.0,78445
2025-02-20 16:35:00+00:00,697.1895141601562,697.864990234375,695.8900146484375,697.8599853515625,163944
2025-02-20 16:40:00+00:00,697.7299194335938,697.7299194335938,696.2899780273438,697.3499755859375,86360
2025-02-20 16:45:00+00:00,696.5800170898438,697.6799926757812,696.2899780273438,697.6799926757812,65531
2025-02-20 16:50:00+00:00,697.3607788085938,697.9899291992188,696.2037963867188,696.5228271484375,53961
2025-02-20 16:55:00+00:00,696.6199951171875,697.5700073242188,696.3043823242188,697.469970703125,79256
2025-02-20 17:00:00+00:00,696.94921875,697.0999755859375,696.4000244140625,696.6199951171875,68220
2025-02-20 17:05:00+00:00,697.364990234375,697.8200073242188,696.739990234375,696.8800048828125,73471
2025-02-20 17:10:00+00:00,696.7150268554688,697.77001953125,696.5999755859375,697.2681274414062,55889
2025-02-20 17:15:00+00:00,696.9400024414062,697.0050048828125,696.4334106445312,696.632080078125,75559
2025-02-20 17:20:00+00:00,697.47998046875,697.5399780273438,696.6901245117188,696.9749755859375,67159
2025-02-20 17:25:00+00:00,697.1500244140625,697.9199829101562,696.9099731445312,697.5599975585938,68683
2025-02-20 17:30:00+00:00,697.0,697.760009765625,697.0,697.1500244140625,83823
2025-02-20 17:35:00+00:00,697.1900024414062,697.8699951171875,696.9000854492188,696.989990234375,66624
2025-02-20 17:40:00+00:00,697.27001953125,697.5,696.6500244140625,697.2449951171875,47809
2025-02-20 17:45:00+00:00,697.27001953125,697.2999877929688,696.6605834960938,697.239990234375,58580
2025-02-20 17:50:00+00:00,697.1801147460938,697.4500122070312,696.8250122070312,696.9700927734375,39307
2025-02-20 17:55:00+00:00,696.5,697.239990234375,696.2503051757812,697.239990234375,78980
2025-02-20 18:00:00+00:00,697.114990234375,697.2498779296875,696.1300048828125,696.2899780273438,76536
2025-02-20 18:05:00+00:00,696.6950073242188,697.2194213867188,696.4600219726562,697.2194213867188,55956
2025-02-20 18:10:00+00:00,696.4099731445312,696.919921875,696.3099975585938,696.6099853515625,68415
2025-02-20 18:15:00+00:00,695.5800170898438,696.4099731445312,695.4000244140625,696.375,130914
2025-02-20 18:20:00+00:00,693.8800048828125,695.5850219726562,693.6400146484375,695.5800170898438,205344
2025-02-20 18:25:00+00:00,694.885009765625,695.4699096679688,693.6699829101562,694.0684204101562,104560
2025-02-20 18:30:00+00:00,695.344970703125,695.8900146484375,694.7064819335938,694.7999877929688,93477
2025-02-20 18:35:00+00:00,696.2999877929688,696.5499877929688,695.280029296875,695.5194702148438,75858
2025-02-20 18:40:00+00:00,696.0,696.239990234375,695.3118286132812,696.1074829101562,80845
2025-02-20 18:45:00+00:00,695.5,696.1300048828125,695.0900268554688,695.969970703125,44632
2025-02-20 18:50:00+00:00,695.5850219726562,695.7598876953125,695.1201171875,695.3800048828125,46501
2025-02-20 18:55:00+00:00,695.5,695.9500122070312,695.4100952148438,695.5700073242188,53440
2025-02-20 19:00:00+00:00,695.2449951171875,695.6699829101562,695.2000122070312,695.4949951171875,48081
2025-02-20 19:05:00+00:00,695.72998046875,695.780029296875,695.1500244140625,695.1500244140625,86471
2025-02-20 19:10:00+00:00,696.5,696.7999877929688,695.6500244140625,695.7050170898438,157003
2025-02-20 19:15:00+00:00,696.3800048828125,696.5014038085938,696.0700073242188,696.5,54029
2025-02-20 19:20:00+00:00,696.4000244140625,697.0900268554688,696.4000244140625,696.47998046875,62104
2025-02-20 19:25:00+00:00,695.9749755859375,696.4500122070312,695.7000122070312,696.4000244140625,46960
2025-02-20 19:30:00+00:00,695.4849853515625,696.0504150390625,695.2899780273438,695.9299926757812,212048
2025-02-20 19:35:00+00:00,694.9299926757812,695.5900268554688,694.9299926757812,695.469970703125,76242
2025-02-20 19:40:00+00:00,695.739990234375,695.739990234375,694.5548095703125,694.989990234375,45671
2025-02-20 19:45:00+00:00,696.7899780273438,696.7999877929688,695.4199829101562,695.6300048828125,243764
2025-02-20 19:50:00+00:00,696.9000244140625,697.5900268554688,696.6099853515625,696.9299926757812,79843
2025-02-20 19:55:00+00:00,696.7899780273438,697.2999877929688,696.6500244140625,696.905029296875,57575
2025-02-20 20:00:00+00:00,696.719970703125,697.1099853515625,696.5800170898438,696.72998046875,50796
2025-02-20 20:05:00+00:00,696.5499877929688,697.0499877929688,696.3699951171875,696.719970703125,73164
2025-02-20 20:10:00+00:00,696.5399780273438,696.7000122070312,696.3499755859375,696.6699829101562,78170
2025-02-20 20:15:00+00:00,696.89501953125,696.9000244140625,696.0,696.5250244140625,74529
2025-02-20 20:20:00+00:00,696.1400146484375,697.0999145507812,696.1400146484375,696.9796142578125,66843
2025-02-20 20:25:00+00:00,696.3165283203125,696.4371948242188,695.6801147460938,696.1300048828125,63490
2025-02-20 20:30:00+00:00,696.7949829101562,696.9600219726562,695.989990234375,696.260009765625,84318
2025-02-20 20:35:00+00:00,695.9652099609375,696.8421020507812,695.6900024414062,696.75,78331
2025-02-20 20:40:00+00:00,696.7899780273438,696.7999877929688,695.8300170898438,695.9450073242188,93016
2025-02-20 20:45:00+00:00,696.905029296875,697.39990234375,696.5250244140625,696.77001953125,142978
2025-02-20 20:50:00+00:00,696.7974853515625,697.8699951171875,696.3599853515625,696.9600219726562,244703
2025-02-20 20:55:00+00:00,694.8499755859375,696.5499877929688,694.5999755859375,695.989990234375,633818
2025-02-21 14:30:00+00:00,702.228271484375,703.8699951171875,696.0,696.5800170898438,1269724
2025-02-21 14:35:00+00:00,700.4099731445312,703.1199951171875,698.8504028320312,702.22998046875,336397
2025-02-21 14:40:00+00:00,700.3150024414062,701.7249755859375,698.8900756835938,700.510009765625,279660
2025-02-21 14:45:00+00:00,701.1749877929688,702.4000244140625,700.1500244140625,700.594970703125,268839
2025-02-21 14:50:00+00:00,700.1799926757812,702.1400146484375,699.7999877929688,701.3106079101562,196756
2025-02-21 14:55:00+00:00,699.72998046875,701.094970703125,699.0800170898438,700.3499755859375,170809
2025-02-21 15:00:00+00:00,699.530029296875,701.2598876953125,698.8800048828125,699.3499755859375,171790
2025-02-21 15:05:00+00:00,700.47998046875,700.5900268554688,698.0825805664062,699.239990234375,177619
2025-02-21 15:10:00+00:00,700.1701049804688,701.8900146484375,700.1199951171875,700.52001953125,473208
2025-02-21 15:15:00+00:00,699.0,700.5800170898438,699.0,700.1699829101562,116815
2025-02-21 15:20:00+00:00,697.9425048828125,699.6900024414062,697.1500244140625,699.0388793945312,202231
2025-02-21 15:25:00+00:00,697.239990234375,698.297119140625,696.3599853515625,698.1347045898438,131121
2025-02-21 15:30:00+00:00,696.5,697.8300170898438,695.8800048828125,697.010009765625,139055
2025-02-21 15:35:00+00:00,697.1099853515625,697.1956176757812,696.2000122070312,696.4600219726562,97296
2025-02-21 15:40:00+00:00,692.2899780273438,697.389892578125,692.280029296875,697.1599731445312,392047
2025-02-21 15:45:00+00:00,692.85498046875,694.9091186523438,692.25,692.3099975585938,397266
2025-02-21 15:50:00+00:00,694.135009765625,695.469970703125,691.8400268554688,692.75,203109
2025-02-21 15:55:00+00:00,695.0750122070312,695.2498779296875,693.6199951171875,693.9099731445312,131102
2025-02-21 16:00:00+00:00,694.25,696.0399780273438,693.75,694.9600219726562,111720
2025-02-21 16:05:00+00:00,695.0399780273438,695.3099975585938,694.030029296875,694.2150268554688,111618
2025-02-21 16:10:00+00:00,694.510009765625,695.0999755859375,693.8099975585938,695.0449829101562,98244
2025-02-21 16:15:00+00:00,694.52001953125,694.9498901367188,693.780029296875,694.6699829101562,90121
2025-02-21 16:20:00+00:00,694.0900268554688,694.5449829101562,693.6599731445312,694.530029296875,95652
2025-02-21 16:25:00+00:00,693.4149780273438,694.0999755859375,692.8699951171875,694.0900268554688,99095
2025-02-21 16:30:00+00:00,694.5432739257812,694.6898803710938,692.7800903320312,693.27001953125,89586
2025-02-21 16:35:00+00:00,693.4450073242188,694.5,693.25,694.5,57055
2025-02-21 16:40:00+00:00,693.25,694.280029296875,692.8800048828125,693.5239868164062,68479
2025-02-21 16:45:00+00:00,692.27001953125,693.7199096679688,692.27001953125,693.4617919921875,92984
2025-02-21 16:50:00+00:00,691.5,692.344970703125,690.739990234375,692.344970703125,165185
2025-02-21 16:55:00+00:00,691.8800048828125,692.697998046875,691.2570190429688,691.52001953125,90223
2025-02-21 17:00:00+00:00,692.1461791992188,692.5399780273438,691.75,691.8099975585938,64290
2025-02-21 17:05:00+00:00,690.780029296875,692.2249755859375,690.5,692.1119995117188,106361
2025-02-21 17:10:00+00:00,690.60498046875,690.9036865234375,690.27001953125,690.780029296875,82131
2025-02-21 17:15:00+00:00,688.842529296875,690.6900024414062,688.6900024414062,690.6900024414062,186140
2025-02-21 17:20:00+00:00,689.4299926757812,689.6900024414062,688.0999755859375,688.7999877929688,161838
2025-02-21 17:25:00+00:00,689.405029296875,689.7999877929688,689.0380249023438,689.4992065429688,75985
2025-02-21 17:30:00+00:00,688.7000122070312,690.2150268554688,688.7000122070312,689.469970703125,102850
2025-02-21 17:35:00+00:00,688.0399780273438,689.3175048828125,687.4299926757812,688.6900024414062,157327
2025-02-21 17:40:00+00:00,688.7100219726562,689.0900268554688,687.0,688.0863037109375,140664
2025-02-21 17:45:00+00:00,688.260009765625,688.85498046875,687.9824829101562,688.85498046875,92525
2025-02-21 17:50:00+00:00,688.0900268554688,688.3499755859375,687.6801147460938,688.260009765625,88791
2025-02-21 17:55:00+00:00,687.3400268554688,688.4000244140625,687.0399780273438,688.0900268554688,121992
2025-02-21 18:00:00+00:00,687.3800048828125,687.6099853515625,686.9332885742188,687.3800048828125,117272
2025-02-21 18:05:00+00:00,686.8499755859375,687.75,686.52001953125,687.47998046875,102143
2025-02-21 18:10:00+00:00,686.6849975585938,687.1699829101562,685.9199829101562,687.02001953125,145027
2025-02-21 18:15:00+00:00,685.7550048828125,686.760009765625,685.6900024414062,686.7000122070312,159795
2025-02-21 18:20:00+00:00,686.2899780273438,686.3800048828125,685.2017211914062,685.7550048828125,121000
2025-02-21 18:25:00+00:00,686.7100219726562,687.2999877929688,686.0499877929688,686.260009765625,130113
2025-02-21 18:30:00+00:00,687.4500122070312,687.5999755859375,686.6699829101562,686.739990234375,121321
2025-02-21 18:35:00+00:00,687.844970703125,689.3599243164062,687.2401123046875,687.4450073242188,137677
2025-02-21 18:40:00+00:00,687.280029296875,688.3400268554688,687.280029296875,687.9500122070312,79909
2025-02-21 18:45:00+00:00,686.9000854492188,687.6599731445312,686.9000854492188,687.27001953125,61262
2025-02-21 18:50:00+00:00,686.9849853515625,687.3635864257812,686.4299926757812,686.9500122070312,68381
2025-02-21 18:55:00+00:00,686.3200073242188,687.4581909179688,686.0700073242188,686.8499755859375,92316
2025-02-21 19:00:00+00:00,686.489990234375,686.8900146484375,685.8201293945312,686.3200073242188,88296
2025-02-21 19:05:00+00:00,687.0800170898438,687.0800170898438,686.260009765625,686.5700073242188,73188
2025-02-21 19:10:00+00:00,687.4550170898438,687.6799926757812,686.5700073242188,687.114990234375,71938
2025-02-21 19:15:00+00:00,686.47998046875,687.4998779296875,686.4299926757812,687.4400024414062,68064
2025-02-21 19:20:00+00:00,685.722900390625,686.530029296875,685.0700073242188,686.2999877929688,114376
2025-02-21 19:25:00+00:00,685.461181640625,686.0999145507812,684.5999755859375,685.625,131095
2025-02-21 19:30:00+00:00,686.6799926757812,687.4400024414062,685.3599853515625,685.375,121721
2025-02-21 19:35:00+00:00,684.9400024414062,686.7999877929688,684.7000122070312,686.5800170898438,106436
2025-02-21 19:40:00+00:00,684.4199829101562,685.1199951171875,683.2899780273438,685.0800170898438,207835
2025-02-21 19:45:00+00:00,683.7650146484375,684.5,683.1804809570312,684.1550903320312,90922
2025-02-21 19:50:00+00:00,683.260009765625,684.5,683.1699829101562,683.7650146484375,130627
2025-02-21 19:55:00+00:00,683.1300048828125,684.2999877929688,683.1099853515625,683.280029296875,164371
2025-02-21 20:00:00+00:00,683.1900024414062,683.6849975585938,682.61328125,683.1199951171875,158432
2025-02-21 20:05:00+00:00,683.4749755859375,683.8800048828125,683.2000122070312,683.2000122070312,107970
2025-02-21 20:10:00+00:00,683.780029296875,684.1799926757812,683.1900024414062,683.47998046875,137877
2025-02-21 20:15:00+00:00,684.0,684.4866943359375,683.4099731445312,683.780029296875,251292
2025-02-21 20:20:00+00:00,684.3306884765625,684.3306884765625,683.4000854492188,684.02001953125,140778
2025-02-21 20:25:00+00:00,684.0,684.4299926757812,683.5499877929688,684.27001953125,145576
2025-02-21 20:30:00+00:00,683.5999755859375,684.5855102539062,683.5800170898438,684.0,174398
2025-02-21 20:35:00+00:00,683.1749877929688,683.8099975585938,682.9349975585938,683.6699829101562,177687
2025-02-21 20:40:00+00:00,682.869873046875,683.7153930664062,682.8200073242188,683.1749877929688,160925
2025-02-21 20:45:00+00:00,683.5999755859375,683.780029296875,682.5,682.75,303812
2025-02-21 20:50:00+00:00,684.0999755859375,684.0999755859375,682.3599853515625,683.5999755859375,384102
2025-02-21 20:55:00+00:00,683.6400146484375,685.5,683.0,684.4500122070312,836401
2025-02-24 14:30:00+00:00,685.0349731445312,687.27001953125,681.6640014648438,686.8800048828125,784838
2025-02-24 14:35:00+00:00,681.27001953125,685.3900146484375,681.2000122070312,684.9949951171875,272262
2025-02-24 14:40:00+00:00,680.760009765625,682.5800170898438,678.9600219726562,681.4500122070312,332368
2025-02-24 14:45:00+00:00,678.9600219726562,681.5999145507812,678.739990234375,680.5,311511
2025-02-24 14:50:00+00:00,674.405029296875,679.0,673.9000854492188,679.0,426114
2025-02-24 14:55:00+00:00,672.0900268554688,675.2125244140625,672.030029296875,674.4951171875,333618
2025-02-24 15:00:00+00:00,668.02001953125,673.2000122070312,667.2100219726562,672.3800048828125,488764
2025-02-24 15:05:00+00:00,668.3699951171875,669.489990234375,664.4400024414062,668.02001953125,675578
2025-02-24 15:10:00+00:00,670.5999755859375,671.0,667.8400268554688,668.881103515625,328868
2025-02-24 15:15:00+00:00,668.8599853515625,671.489990234375,667.8200073242188,670.5999755859375,361973
2025-02-24 15:20:00+00:00,667.7650146484375,669.6400146484375,665.280029296875,669.6400146484375,254334
2025-02-24 15:25:00+00:00,666.1561889648438,669.4000244140625,666.1561889648438,667.8099975585938,236373
2025-02-24 15:30:00+00:00,667.0700073242188,668.3139038085938,666.260009765625,667.0,228593
2025-02-24 15:35:00+00:00,668.1799926757812,668.857177734375,666.9149780273438,667.135498046875,174969
2025-02-24 15:40:00+00:00,667.280029296875,668.7849731445312,667.280029296875,668.010009765625,141817
2025-02-24 15:45:00+00:00,665.3099975585938,667.8599853515625,664.3400268554688,667.3900146484375,251413
2025-02-24 15:50:00+00:00,664.489990234375,665.8057250976562,664.0999755859375,665.3099975585938,206160
2025-02-24 15:55:00+00:00,663.6400146484375,664.5899047851562,662.4500122070312,664.4921875,431926
2025-02-24 16:00:00+00:00,665.3753051757812,665.7100219726562,663.39501953125,663.6500244140625,274401
2025-02-24 16:05:00+00:00,665.88330078125,666.77001953125,665.25,665.6500244140625,164518
2025-02-24 16:10:00+00:00,666.9000244140625,667.1099853515625,665.913330078125,666.0316162109375,155012
2025-02-24 16:15:00+00:00,668.3800048828125,668.6500244140625,666.1500244140625,666.8599853515625,224077
2025-02-24 16:20:00+00:00,669.5,669.6998901367188,668.1907958984375,668.6300048828125,168345
2025-02-24 16:25:00+00:00,669.4749755859375,670.5,669.2999877929688,669.5,241919
2025-02-24 16:30:00+00:00,670.3599853515625,670.5535278320312,668.739990234375,669.6300048828125,168106
2025-02-24 16:35:00+00:00,668.7000122070312,671.2037963867188,668.4400024414062,670.3350219726562,157440
2025-02-24 16:40:00+00:00,670.3499755859375,671.5,668.5831298828125,668.739990234375,124673
2025-02-24 16:45:00+00:00,670.0900268554688,671.2100219726562,670.0,670.3432006835938,102869
2025-02-24 16:50:00+00:00,669.0162963867188,670.1799926757812,668.7999877929688,670.1300048828125,83915
2025-02-24 16:55:00+00:00,669.0,669.7000122070312,668.6500244140625,668.940673828125,103396
2025-02-24 17:00:00+00:00,669.6072998046875,669.6295166015625,668.260009765625,668.7100830078125,84615
2025-02-24 17:05:00+00:00,669.2899780273438,670.2324829101562,668.2200927734375,669.5599975585938,124314
2025-02-24 17:10:00+00:00,669.5700073242188,670.4099731445312,669.0659790039062,669.1699829101562,110357
2025-02-24 17:15:00+00:00,671.260009765625,671.3200073242188,669.4301147460938,669.5499877929688,109505
2025-02-24 17:20:00+00:00,673.1199951171875,673.1300048828125,671.1799926757812,671.260009765625,172524
2025-02-24 17:25:00+00:00,673.056884765625,673.75,672.5443725585938,673.0700073242188,160875
2025-02-24 17:30:00+00:00,672.489990234375,673.469970703125,672.280029296875,673.0650024414062,93529
2025-02-24 17:35:00+00:00,672.3900146484375,672.5,671.510009765625,672.4400024414062,78876
2025-02-24 17:40:00+00:00,673.6300048828125,673.8966064453125,672.0,672.4625244140625,115508
2025-02-24 17:45:00+00:00,674.344970703125,674.4500122070312,672.6500854492188,673.6199951171875,106338
2025-02-24 17:50:00+00:00,673.1400146484375,674.5164184570312,672.663330078125,674.1533203125,69814
2025-02-24 17:55:00+00:00,672.635009765625,674.0,672.280029296875,673.02001953125,72132
2025-02-24 18:00:00+00:00,672.280029296875,672.875,672.0399780273438,672.7000122070312,82475
2025-02-24 18:05:00+00:00,672.2000122070312,672.7000122070312,672.0599975585938,672.280029296875,100978
2025-02-24 18:10:00+00:00,672.0700073242188,672.8798828125,671.5399780273438,672.260009765625,94641
2025-02-24 18:15:00+00:00,672.8499755859375,672.9000244140625,671.9199829101562,672.193115234375,62170
2025-02-24 18:20:00+00:00,671.9099731445312,672.9299926757812,671.6599731445312,672.8800048828125,80126
2025-02-24 18:25:00+00:00,673.7999877929688,673.8800048828125,672.1799926757812,672.1799926757812,128136
2025-02-24 18:30:00+00:00,672.3101196289062,673.8300170898438,672.010009765625,673.7449951171875,95570
2025-02-24 18:35:00+00:00,671.9425048828125,672.6500244140625,671.7999877929688,672.3800048828125,77719
2025-02-24 18:40:00+00:00,672.9301147460938,673.27001953125,671.9550170898438,671.9550170898438,57576
2025-02-24 18:45:00+00:00,673.14501953125,673.4400024414062,672.22998046875,673.1699829101562,62634
2025-02-24 18:50:00+00:00,672.3900146484375,673.219970703125,671.9600219726562,673.1099853515625,57943
2025-02-24 18:55:00+00:00,671.5449829101562,672.577392578125,671.0100708007812,672.2999877929688,72869
2025-02-24 19:00:00+00:00,671.8599853515625,672.36669921875,671.3800048828125,671.3800048828125,65157
2025-02-24 19:05:00+00:00,671.0599975585938,672.1959838867188,670.4099731445312,671.72998046875,85982
2025-02-24 19:10:00+00:00,671.38330078125,671.5399780273438,670.4000244140625,670.9500122070312,397775
2025-02-24 19:15:00+00:00,670.2000122070312,671.239990234375,669.9235229492188,671.239990234375,84557
2025-02-24 19:20:00+00:00,670.22998046875,670.719970703125,669.6500244140625,670.0399780273438,78636
2025-02-24 19:25:00+00:00,669.489990234375,670.5650024414062,669.4199829101562,670.27001953125,66240
2025-02-24 19:30:00+00:00,670.239990234375,670.4299926757812,669.36328125,669.47998046875,89489
2025-02-24 19:35:00+00:00,670.2650146484375,670.4600219726562,669.5999755859375,670.239990234375,82874
2025-02-24 19:40:00+00:00,669.97998046875,670.3800048828125,669.3699951171875,670.1599731445312,70749
2025-02-24 19:45:00+00:00,670.2249755859375,670.3599853515625,669.6099853515625,669.9650268554688,99493
2025-02-24 19:50:00+00:00,669.77001953125,670.4400024414062,669.6099853515625,670.0499877929688,45021
2025-02-24 19:55:00+00:00,670.0,670.1099853515625,669.6400146484375,669.6599731445312,84572
2025-02-24 20:00:00+00:00,669.9500122070312,670.25,669.510009765625,669.9749755859375,79146
2025-02-24 20:05:00+00:00,670.8200073242188,671.0750122070312,669.6649780273438,670.0050048828125,94547
2025-02-24 20:10:00+00:00,671.3701782226562,671.3701782226562,670.4500122070312,670.8150024414062,86765
2025-02-24 20:15:00+00:00,670.5499877929688,671.9099731445312,670.0,671.5499877929688,125852
2025-02-24 20:20:00+00:00,670.489990234375,671.4144897460938,670.0,670.6599731445312,114478
2025-02-24 20:25:00+00:00,669.5650024414062,670.8800048828125,669.489990234375,670.4000244140625,91361
2025-02-24 20:30:00+00:00,670.0875244140625,670.3886108398438,669.5800170898438,669.5999755859375,95237
2025-02-24 20:35:00+00:00,669.760009765625,670.7100219726562,669.3200073242188,670.239990234375,114251
2025-02-24 20:40:00+00:00,669.7899780273438,669.8900146484375,669.1599731445312,669.6950073242188,145854
2025-02-24 20:45:00+00:00,669.7100219726562,669.9400024414062,669.02001953125,669.6900024414062,174784
2025-02-24 20:50:00+00:00,667.0479736328125,670.010009765625,666.8350219726562,669.6900024414062,353356
2025-02-24 20:55:00+00:00,667.7899780273438,668.27001953125,666.239990234375,667.030029296875,547880
2025-02-25 14:30:00+00:00,662.3599853515625,665.9899291992188,661.7999877929688,662.969970703125,978534
2025-02-25 14:35:00+00:00,667.5850219726562,668.0,661.2899780273438,661.8499755859375,462484
2025-02-25 14:40:00+00:00,662.4415283203125,667.7000122070312,662.3599853515625,667.5999755859375,229381
2025-02-25 14:45:00+00:00,663.9099731445312,665.0999755859375,661.2899780273438,662.3499755859375,279907
2025-02-25 14:50:00+00:00,657.6500244140625,664.3499755859375,657.5,664.1300048828125,458844
2025-02-25 14:55:00+00:00,659.6599731445312,660.9500122070312,657.3599853515625,657.6500244140625,386364
2025-02-25 15:00:00+00:00,655.1699829101562,659.9500122070312,654.77001953125,659.6599731445312,395980
2025-02-25 15:05:00+00:00,656.469970703125,657.3300170898438,654.5999755859375,655.030029296875,379856
2025-02-25 15:10:00+00:00,654.5999755859375,658.5900268554688,654.5900268554688,656.7100219726562,289134
2025-02-25 15:15:00+00:00,650.1900024414062,656.1400146484375,650.1599731445312,654.77001953125,401017
2025-02-25 15:20:00+00:00,651.8300170898438,652.6099243164062,648.0999755859375,650.1900024414062,676981
2025-02-25 15:25:00+00:00,648.780029296875,652.3569946289062,648.1199951171875,651.8300170898438,382862
2025-02-25 15:30:00+00:00,648.9500122070312,650.3599853515625,647.6300048828125,648.8699951171875,342948
2025-02-25 15:35:00+00:00,652.780029296875,653.1912231445312,648.75,649.27001953125,388949
2025-02-25 15:40:00+00:00,650.9550170898438,653.4299926757812,650.510009765625,652.760009765625,283699
2025-02-25 15:45:00+00:00,653.7119750976562,653.8300170898438,650.6799926757812,650.8800048828125,276896
2025-02-25 15:50:00+00:00,653.9400024414062,655.489990234375,653.1732177734375,653.7235107421875,266366
2025-02-25 15:55:00+00:00,652.1300048828125,654.6400146484375,651.82177734375,653.9400024414062,167561
2025-02-25 16:00:00+00:00,647.8099975585938,652.1566162109375,647.010009765625,652.0,354867
2025-02-25 16:05:00+00:00,648.385009765625,649.4979248046875,645.02001953125,647.9199829101562,332058
2025-02-25 16:10:00+00:00,646.969970703125,648.9873046875,645.8800048828125,648.25,260311
2025-02-25 16:15:00+00:00,647.5700073242188,647.72998046875,644.219970703125,646.6143798828125,402373
2025-02-25 16:20:00+00:00,645.9000244140625,647.7000122070312,644.3800048828125,647.5700073242188,252767
2025-02-25 16:25:00+00:00,644.6099853515625,646.3400268554688,643.7999877929688,645.9000244140625,266548
2025-02-25 16:30:00+00:00,644.5399780273438,645.53857421875,641.8699951171875,644.5900268554688,290418
2025-02-25 16:35:00+00:00,643.989990234375,645.219970703125,643.090087890625,644.47998046875,231781
2025-02-25 16:40:00+00:00,647.1199951171875,647.5499877929688,643.7100219726562,644.0599975585938,470295
2025-02-25 16:45:00+00:00,648.7550048828125,648.7899169921875,646.9099731445312,647.22998046875,297005
2025-02-25 16:50:00+00:00,649.8599853515625,650.489990234375,648.2056274414062,648.8049926757812,348014
2025-02-25 16:55:00+00:00,651.9849853515625,653.969970703125,649.9000244140625,649.9000244140625,346626
2025-02-25 17:00:00+00:00,652.5800170898438,653.6300048828125,651.2650146484375,651.7999877929688,254048
2025-02-25 17:05:00+00:00,651.844970703125,653.3300170898438,651.6099853515625,652.2899780273438,249581
2025-02-25 17:10:00+00:00,652.8499755859375,653.3699951171875,651.1400146484375,651.6099853515625,230596
2025-02-25 17:15:00+00:00,651.7249755859375,653.0549926757812,651.0499877929688,652.52001953125,144218
2025-02-25 17:20:00+00:00,653.5449829101562,653.6400146484375,650.880126953125,651.6799926757812,182055
2025-02-25 17:25:00+00:00,656.3499145507812,656.5,653.3599853515625,653.6799926757812,283935
2025-02-25 17:30:00+00:00,656.2000122070312,656.469970703125,654.97998046875,656.14501953125,226833
2025-02-25 17:35:00+00:00,655.9749755859375,657.0,655.1300048828125,656.219970703125,167050
2025-02-25 17:40:00+00:00,656.2949829101562,657.3674926757812,655.360107421875,655.97998046875,211850
2025-02-25 17:45:00+00:00,656.6799926757812,657.0999755859375,656.114990234375,656.5900268554688,131918
2025-02-25 17:50:00+00:00,657.094970703125,657.376220703125,656.010009765625,656.6799926757812,215270
2025-02-25 17:55:00+00:00,658.0349731445312,658.3900146484375,656.8699951171875,657.1099853515625,229967
2025-02-25 18:00:00+00:00,659.8300170898438,659.8300170898438,657.9500122070312,657.9500122070312,190719
2025-02-25 18:05:00+00:00,659.47998046875,661.2498779296875,659.3200073242188,659.7150268554688,227422
2025-02-25 18:10:00+00:00,658.4099731445312,660.1500244140625,658.02001953125,659.5549926757812,152637
2025-02-25 18:15:00+00:00,658.0,658.6998901367188,657.0999755859375,658.385009765625,187744
2025-02-25 18:20:00+00:00,658.760009765625,658.9400024414062,657.0999755859375,657.8900146484375,145562
2025-02-25 18:25:00+00:00,655.5139770507812,658.7766723632812,655.489990234375,658.5900268554688,142165
2025-02-25 18:30:00+00:00,657.3499755859375,657.614990234375,655.0,655.7100219726562,158318
2025-02-25 18:35:00+00:00,659.5850219726562,659.77001953125,657.0599975585938,657.4500122070312,130718
2025-02-25 18:40:00+00:00,659.9749755859375,660.489990234375,659.360107421875,659.5850219726562,127118
2025-02-25 18:45:00+00:00,660.9500122070312,661.4000244140625,659.8599853515625,659.9299926757812,163884
2025-02-25 18:50:00+00:00,660.4349975585938,661.3198852539062,659.635009765625,661.0,102566
2025-02-25 18:55:00+00:00,661.1799926757812,661.489990234375,660.2332763671875,660.4349975585938,117021
2025-02-25 19:00:00+00:00,660.1171264648438,661.260009765625,659.8300170898438,661.1099853515625,96572
2025-02-25 19:05:00+00:00,659.7100219726562,660.4000244140625,659.3499755859375,660.1950073242188,103881
2025-02-25 19:10:00+00:00,657.3049926757812,659.92431640625,657.2999877929688,659.7297973632812,98989
2025-02-25 19:15:00+00:00,658.3800048828125,658.6190795898438,656.5800170898438,657.5,115803
2025-02-25 19:20:00+00:00,657.8049926757812,658.5,657.0,658.27001953125,68266
2025-02-25 19:25:00+00:00,657.2650146484375,657.8599853515625,657.02001953125,657.739990234375,56910
2025-02-25 19:30:00+00:00,658.9749755859375,659.0,657.0,657.1199951171875,87823
2025-02-25 19:35:00+00:00,660.280029296875,660.3300170898438,657.7996826171875,659.010009765625,111090
2025-02-25 19:40:00+00:00,660.25,661.2000122070312,660.0700073242188,660.3200073242188,128350
2025-02-25 19:45:00+00:00,661.0250244140625,661.25,659.2999877929688,660.4199829101562,149707
2025-02-25 19:50:00+00:00,661.5,662.0,660.8865966796875,661.1199951171875,121505
2025-02-25 19:55:00+00:00,661.0599975585938,661.7598876953125,660.8699951171875,661.5,88123
2025-02-25 20:00:00+00:00,660.85498046875,661.5999755859375,659.5900268554688,660.9000244140625,121137
2025-02-25 20:05:00+00:00,660.9425048828125,662.0700073242188,660.8499755859375,660.85498046875,140081
2025-02-25 20:10:00+00:00,660.0399780273438,661.3350219726562,659.5700073242188,660.97998046875,161559
2025-02-25 20:15:00+00:00,660.5800170898438,660.9000244140625,659.1400146484375,660.0499877929688,113872
2025-02-25 20:20:00+00:00,661.6699829101562,661.8699951171875,660.1400146484375,660.5800170898438,134242
2025-02-25 20:25:00+00:00,660.0349731445312,661.8099975585938,659.6630249023438,661.7650146484375,135367
2025-02-25 20:30:00+00:00,659.47998046875,660.3800048828125,658.72998046875,660.1500244140625,138660
2025-02-25 20:35:00+00:00,659.0999755859375,660.2100219726562,658.8499755859375,659.5449829101562,137802
2025-02-25 20:40:00+00:00,658.7000122070312,659.9600219726562,658.7000122070312,659.1749877929688,116723
2025-02-25 20:45:00+00:00,658.75,659.2940063476562,658.2899780273438,658.7249755859375,138084
2025-02-25 20:50:00+00:00,656.969970703125,658.8300170898438,656.47998046875,658.739990234375,257492
2025-02-25 20:55:00+00:00,657.52001953125,658.2849731445312,656.206298828125,656.8599853515625,552927
2025-02-26 14:30:00+00:00,660.7324829101562,663.280029296875,658.2183837890625,659.6900024414062,883840
2025-02-26 14:35:00+00:00,665.8200073242188,666.1199951171875,660.47998046875,660.739990234375,392655
2025-02-26 14:40:00+00:00,665.405029296875,666.1968994140625,663.0252075195312,665.8900146484375,265225
2025-02-26 14:45:00+00:00,668.72998046875,669.1099243164062,664.25,665.6300048828125,369210
2025-02-26 14:50:00+00:00,671.7000122070312,671.7999267578125,667.8499755859375,668.72998046875,333035
2025-02-26 14:55:00+00:00,672.2000122070312,672.3900146484375,670.0451049804688,671.5850219726562,381069
2025-02-26 15:00:00+00:00,675.0399780273438,676.4600219726562,671.6799926757812,672.2100219726562,717399
2025-02-26 15:05:00+00:00,673.239990234375,675.219970703125,671.130126953125,675.1599731445312,356768
2025-02-26 15:10:00+00:00,675.5095825195312,676.3900146484375,672.559326171875,673.47998046875,357990
2025-02-26 15:15:00+00:00,678.3300170898438,678.5999755859375,675.1701049804688,675.489990234375,431662
2025-02-26 15:20:00+00:00,676.6099853515625,679.7000122070312,676.1099853515625,678.3699951171875,374149
2025-02-26 15:25:00+00:00,675.2921142578125,679.1900024414062,674.6505126953125,676.6697998046875,324915
2025-02-26 15:30:00+00:00,678.0399780273438,678.9500122070312,675.2449951171875,675.2899780273438,174485
2025-02-26 15:35:00+00:00,677.6138916015625,680.2000122070312,677.2200927734375,678.0399780273438,289741
2025-02-26 15:40:00+00:00,678.0,679.1784057617188,677.22998046875,677.9600219726562,152408
2025-02-26 15:45:00+00:00,678.6799926757812,678.889892578125,677.3200073242188,677.885986328125,128507
2025-02-26 15:50:00+00:00,677.97998046875,679.369873046875,676.3400268554688,678.6649780273438,162787
2025-02-26 15:55:00+00:00,677.9450073242188,678.4500122070312,677.4099731445312,677.469970703125,102684
2025-02-26 16:00:00+00:00,678.3800048828125,679.6699829101562,677.739990234375,678.0900268554688,111239
2025-02-26 16:05:00+00:00,679.530029296875,679.969970703125,678.3699951171875,678.47998046875,101436
2025-02-26 16:10:00+00:00,679.8150024414062,680.6400146484375,679.10009765625,679.6500244140625,171688
2025-02-26 16:15:00+00:00,679.5599975585938,679.9199829101562,678.6199951171875,679.6799926757812,120095
2025-02-26 16:20:00+00:00,677.993896484375,679.8048095703125,677.7000122070312,679.719970703125,152429
2025-02-26 16:25:00+00:00,677.6099853515625,678.8099975585938,677.3400268554688,678.1300048828125,84724
2025-02-26 16:30:00+00:00,679.3800048828125,679.5399780273438,677.489990234375,677.5700073242188,132627
2025-02-26 16:35:00+00:00,681.719970703125,681.9199829101562,679.3101196289062,679.5399780273438,226203
2025-02-26 16:40:00+00:00,680.75,681.9600219726562,679.7346801757812,681.719970703125,214896
2025-02-26 16:45:00+00:00,681.4672241210938,681.7598876953125,680.1900024414062,680.75,164127
2025-02-26 16:50:00+00:00,682.5800170898438,683.0078125,681.10498046875,681.5050048828125,190832
2025-02-26 16:55:00+00:00,679.6300048828125,683.0,679.25,682.4600830078125,168160
2025-02-26 17:00:00+00:00,680.1862182617188,680.6300048828125,679.5037841796875,679.760009765625,98285
2025-02-26 17:05:00+00:00,679.9598999023438,681.0,679.6807861328125,680.385009765625,87305
2025-02-26 17:10:00+00:00,680.9000244140625,680.9000244140625,679.5999755859375,679.9382934570312,63373
2025-02-26 17:15:00+00:00,679.5800170898438,681.0050048828125,678.1500244140625,680.989990234375,109883
2025-02-26 17:20:00+00:00,679.2261962890625,679.77001953125,678.2999877929688,679.47998046875,58062
2025-02-26 17:25:00+00:00,679.1300048828125,679.5,678.0615844726562,679.2550048828125,81068
2025-02-26 17:30:00+00:00,677.969970703125,679.1300048828125,677.489990234375,678.8800048828125,106850
2025-02-26 17:35:00+00:00,676.6400146484375,677.8350219726562,676.4199829101562,677.8350219726562,101272
2025-02-26 17:40:00+00:00,676.989990234375,677.739990234375,675.72998046875,676.47998046875,120055
2025-02-26 17:45:00+00:00,676.3353881835938,677.22998046875,675.6699829101562,677.0582275390625,86970
2025-02-26 17:50:00+00:00,676.4199829101562,676.6599731445312,675.2999877929688,676.0399780273438,114820
2025-02-26 17:55:00+00:00,674.9099731445312,676.5900268554688,674.1099853515625,676.47998046875,136534
2025-02-26 18:00:00+00:00,674.885009765625,675.3992919921875,673.5599975585938,674.8400268554688,109566
2025-02-26 18:05:00+00:00,676.0499877929688,676.260009765625,674.4749755859375,674.760009765625,98957
2025-02-26 18:10:00+00:00,676.0499877929688,676.4857177734375,675.6821899414062,676.2376098632812,126643
2025-02-26 18:15:00+00:00,675.5599975585938,676.1898803710938,674.364990234375,676.0499877929688,84785
2025-02-26 18:20:00+00:00,675.5484008789062,676.1824951171875,675.0208740234375,675.7000122070312,59853
2025-02-26 18:25:00+00:00,673.6300048828125,675.780029296875,673.404296875,675.5499877929688,78798
2025-02-26 18:30:00+00:00,674.8300170898438,675.1497802734375,673.0,673.4000244140625,87122
2025-02-26 18:35:00+00:00,673.0,674.9299926757812,672.8599853515625,674.8400268554688,85875
2025-02-26 18:40:00+00:00,672.530029296875,673.1900024414062,671.7249755859375,673.0,127472
2025-02-26 18:45:00+00:00,672.405029296875,673.2000122070312,671.8800048828125,672.5900268554688,92057
2025-02-26 18:50:00+00:00,671.7750244140625,672.5499877929688,671.280029296875,672.3599853515625,75205
2025-02-26 18:55:00+00:00,669.8499755859375,671.9299926757812,669.489990234375,671.9099731445312,152451
2025-02-26 19:00:00+00:00,671.1900024414062,671.9094848632812,669.0,669.9099731445312,189286
2025-02-26 19:05:00+00:00,671.4398803710938,671.47998046875,670.5599975585938,670.9199829101562,124041
2025-02-26 19:10:00+00:00,671.5999755859375,671.719970703125,670.989990234375,671.3699951171875,92371
2025-02-26 19:15:00+00:00,672.5900268554688,672.614990234375,670.7000122070312,671.5999755859375,120070
2025-02-26 19:20:00+00:00,672.6300048828125,673.8300170898438,672.1099853515625,672.5750122070312,132015
2025-02-26 19:25:00+00:00,672.3499755859375,672.8599243164062,672.030029296875,672.5399780273438,68295
2025-02-26 19:30:00+00:00,673.3300170898438,673.4299926757812,672.1300048828125,672.2000122070312,59875
2025-02-26 19:35:00+00:00,673.5816040039062,673.7098999023438,672.739990234375,673.2000122070312,56248
2025-02-26 19:40:00+00:00,673.7550048828125,674.3800048828125,673.1801147460938,673.3800048828125,89114
2025-02-26 19:45:00+00:00,673.2650146484375,674.25,673.1400146484375,673.7550048828125,65279
2025-02-26 19:50:00+00:00,672.6599731445312,673.3867797851562,672.3300170898438,673.1300048828125,55540
2025-02-26 19:55:00+00:00,670.969970703125,672.6701049804688,670.219970703125,672.5599975585938,92037
2025-02-26 20:00:00+00:00,671.010009765625,671.8800048828125,670.4600219726562,670.9450073242188,87368
2025-02-26 20:05:00+00:00,673.1950073242188,673.2100219726562,670.9400024414062,671.1300048828125,81490
2025-02-26 20:10:00+00:00,672.844970703125,673.9000244140625,672.6900024414062,673.2899780273438,99734
2025-02-26 20:15:00+00:00,673.4249877929688,673.5999145507812,672.760009765625,672.955322265625,64276
2025-02-26 20:20:00+00:00,673.5349731445312,673.8900146484375,672.72998046875,673.4500122070312,85948
2025-02-26 20:25:00+00:00,673.3400268554688,673.9970092773438,673.3400268554688,673.4299926757812,95130
2025-02-26 20:30:00+00:00,672.6400146484375,673.1199951171875,672.3400268554688,673.0999755859375,122688
2025-02-26 20:35:00+00:00,672.5,672.75,671.5,672.5900268554688,90609
2025-02-26 20:40:00+00:00,673.97998046875,674.1962890625,671.9215698242188,672.469970703125,115540
2025-02-26 20:45:00+00:00,674.3300170898438,674.653076171875,673.1834716796875,673.97998046875,136652
2025-02-26 20:50:00+00:00,674.0399780273438,674.7000122070312,673.0599975585938,674.0,199253
2025-02-26 20:55:00+00:00,673.9199829101562,674.1099853515625,673.0100708007812,673.9600219726562,387367
2025-02-27 14:30:00+00:00,685.47998046875,688.6469116210938,684.0,688.02001953125,1132518
2025-02-27 14:35:00+00:00,679.3599853515625,685.9400024414062,678.5,685.5800170898438,362901
2025-02-27 14:40:00+00:00,675.219970703125,679.489990234375,673.2202758789062,679.0,355950
2025-02-27 14:45:00+00:00,670.8300170898438,676.889892578125,669.7100219726562,675.3300170898438,321631
2025-02-27 14:50:00+00:00,666.1300048828125,671.72998046875,665.010009765625,671.0800170898438,396877
2025-02-27 14:55:00+00:00,663.3040161132812,666.3632202148438,662.5,666.155029296875,287525
2025-02-27 15:00:00+00:00,665.239990234375,665.8800048828125,660.9149780273438,663.5750122070312,391179
2025-02-27 15:05:00+00:00,665.2449951171875,666.6705932617188,663.0,665.0579223632812,230596
2025-02-27 15:10:00+00:00,670.0,671.1300048828125,665.3200073242188,665.4500122070312,259330
2025-02-27 15:15:00+00:00,672.3499755859375,672.4600219726562,669.530029296875,669.7650146484375,185046
2025-02-27 15:20:00+00:00,671.64501953125,674.344970703125,670.7100219726562,672.344970703125,294566
2025-02-27 15:25:00+00:00,671.6400146484375,673.3099975585938,670.75,671.635009765625,159591
2025-02-27 15:30:00+00:00,670.3099975585938,671.8350219726562,668.598876953125,671.5,190859
2025-02-27 15:35:00+00:00,672.5,673.7999267578125,669.7589721679688,670.7100219726562,134020
2025-02-27 15:40:00+00:00,672.344970703125,673.010009765625,671.3499755859375,672.5250244140625,69991
2025-02-27 15:45:00+00:00,672.4400024414062,673.2899780273438,671.489990234375,672.239990234375,69976
2025-02-27 15:50:00+00:00,669.7650146484375,672.489990234375,669.6099853515625,672.4400024414062,96889
2025-02-27 15:55:00+00:00,670.8499755859375,672.4000244140625,669.2100219726562,669.530029296875,94336
2025-02-27 16:00:00+00:00,671.2042236328125,672.739990234375,670.4951171875,670.7150268554688,65278
2025-02-27 16:05:00+00:00,672.0399780273438,672.47998046875,671.1400146484375,671.280029296875,85921
2025-02-27 16:10:00+00:00,675.4400024414062,675.47998046875,672.2000122070312,672.2000122070312,176942
2025-02-27 16:15:00+00:00,675.375,676.1400146484375,674.36962890625,675.25,122947
2025-02-27 16:20:00+00:00,675.0900268554688,676.2000122070312,674.860107421875,675.510009765625,94401
2025-02-27 16:25:00+00:00,672.4569702148438,675.4199829101562,672.1901245117188,675.0999755859375,224458
2025-02-27 16:30:00+00:00,672.52099609375,673.2620239257812,672.0601196289062,672.239990234375,54257
2025-02-27 16:35:00+00:00,672.375,673.3200073242188,672.0,672.4500122070312,64981
2025-02-27 16:40:00+00:00,671.3699951171875,673.0,670.9299926757812,672.52001953125,121205
2025-02-27 16:45:00+00:00,671.875,672.4093017578125,671.3800048828125,671.7999877929688,43116
2025-02-27 16:50:00+00:00,669.5900268554688,671.875,668.7999877929688,671.875,130953
2025-02-27 16:55:00+00:00,669.9940185546875,670.3200073242188,669.0,669.7783813476562,58460
2025-02-27 17:00:00+00:00,670.4249877929688,670.8699951171875,669.355224609375,669.9000244140625,44174
2025-02-27 17:05:00+00:00,670.1279907226562,670.75,669.630126953125,670.6654052734375,54135
2025-02-27 17:10:00+00:00,670.0800170898438,670.8099975585938,669.6400146484375,669.857421875,32604
2025-02-27 17:15:00+00:00,669.0650024414062,670.8499755859375,668.8800048828125,670.47998046875,52288
2025-02-27 17:20:00+00:00,670.24267578125,670.24267578125,668.5499877929688,668.9500122070312,64514
2025-02-27 17:25:00+00:00,672.419921875,672.419921875,670.2479858398438,670.4000244140625,53614
2025-02-27 17:30:00+00:00,671.6500244140625,672.7059936523438,671.6500244140625,672.2750244140625,47466
2025-02-27 17:35:00+00:00,671.9749755859375,672.5999755859375,671.8200073242188,671.8499755859375,34888
2025-02-27 17:40:00+00:00,669.9199829101562,672.0599975585938,669.5,672.0599975585938,73936
2025-02-27 17:45:00+00:00,669.9099731445312,670.9299926757812,669.7849731445312,670.0800170898438,64968
2025-02-27 17:50:00+00:00,669.7800903320312,670.719970703125,669.1099853515625,669.9199829101562,30844
2025-02-27 17:55:00+00:00,669.87841796875,670.3298950195312,668.6599731445312,670.1400146484375,37580
2025-02-27 18:00:00+00:00,669.9949951171875,671.989990234375,669.4099731445312,670.0,95517
2025-02-27 18:05:00+00:00,670.594970703125,670.7836303710938,669.0,669.4199829101562,64467
2025-02-27 18:10:00+00:00,672.22998046875,672.5900268554688,670.2000122070312,670.4199829101562,73434
2025-02-27 18:15:00+00:00,672.7636108398438,672.969970703125,671.731689453125,672.0999755859375,55644
2025-02-27 18:20:00+00:00,673.114990234375,673.369873046875,671.6300048828125,672.5999755859375,60599
2025-02-27 18:25:00+00:00,671.780029296875,673.5,671.2899780273438,673.114990234375,71781
2025-02-27 18:30:00+00:00,672.9000244140625,672.9600219726562,671.3900146484375,671.8599853515625,42230
2025-02-27 18:35:00+00:00,673.2000122070312,673.5,672.5050048828125,672.5800170898438,39106
2025-02-27 18:40:00+00:00,671.9400024414062,673.6699829101562,671.7216796875,673.3200073242188,45820
2025-02-27 18:45:00+00:00,671.9500122070312,672.5,671.0399780273438,671.6765747070312,38268
2025-02-27 18:50:00+00:00,671.9644775390625,672.4199829101562,671.1500244140625,671.9500122070312,29489
2025-02-27 18:55:00+00:00,671.0250244140625,672.47998046875,670.8099975585938,672.1950073242188,49759
2025-02-27 19:00:00+00:00,671.2449951171875,671.5900268554688,670.280029296875,671.1300048828125,40898
2025-02-27 19:05:00+00:00,670.4290161132812,671.1500244140625,670.3001098632812,671.0,40655
2025-02-27 19:10:00+00:00,669.3900146484375,670.510009765625,669.3599853515625,670.510009765625,60397
2025-02-27 19:15:00+00:00,668.7999877929688,669.4000244140625,667.2849731445312,669.0900268554688,58107
2025-02-27 19:20:00+00:00,667.2000122070312,668.6500244140625,666.77001953125,668.6099853515625,102018
2025-02-27 19:25:00+00:00,665.6326904296875,667.4249877929688,665.5800170898438,667.2349853515625,95707
2025-02-27 19:30:00+00:00,663.1400146484375,665.7449951171875,662.3599853515625,665.7449951171875,145670
2025-02-27 19:35:00+00:00,664.8400268554688,665.3914794921875,663.4500122070312,663.6900024414062,108779
2025-02-27 19:40:00+00:00,663.530029296875,664.8499755859375,661.6201782226562,664.6392211914062,133188
2025-02-27 19:45:00+00:00,663.3599243164062,664.4199829101562,662.52001953125,663.375,98034
2025-02-27 19:50:00+00:00,663.530029296875,664.0999755859375,662.1500854492188,663.02001953125,80571
2025-02-27 19:55:00+00:00,663.6179809570312,664.260009765625,663.3200073242188,663.75,85311
2025-02-27 20:00:00+00:00,661.969970703125,663.9000244140625,661.2000122070312,663.8900146484375,131650
2025-02-27 20:05:00+00:00,662.2899780273438,662.947998046875,661.0700073242188,661.9500122070312,127558
2025-02-27 20:10:00+00:00,662.1320190429688,663.2196044921875,660.9901123046875,662.25,110900
2025-02-27 20:15:00+00:00,661.9400024414062,662.9400024414062,661.1599731445312,662.4815063476562,124399
2025-02-27 20:20:00+00:00,662.9000244140625,663.5999755859375,661.0999755859375,661.739990234375,142045
2025-02-27 20:25:00+00:00,660.75,663.2999877929688,660.5,662.9299926757812,140392
2025-02-27 20:30:00+00:00,660.9099731445312,662.5,660.75,660.75,150525
2025-02-27 20:35:00+00:00,660.5850219726562,662.4210205078125,660.4299926757812,660.9299926757812,133988
2025-02-27 20:40:00+00:00,659.3200073242188,660.6400146484375,658.9000244140625,660.489990234375,235679
2025-02-27 20:45:00+00:00,660.5549926757812,660.896484375,658.6500244140625,659.135009765625,169678
2025-02-27 20:50:00+00:00,658.97998046875,661.2000122070312,658.5150146484375,660.0,209485
2025-02-27 20:55:00+00:00,658.1799926757812,659.5399780273438,657.5700073242188,659.0599975585938,590500
2025-02-28 14:30:00+00:00,644.9299926757812,658.6950073242188,642.6016845703125,652.5499877929688,1289410
2025-02-28 14:35:00+00:00,652.3150024414062,652.9299926757812,644.9299926757812,645.0,683926
2025-02-28 14:40:00+00:00,654.0150146484375,654.919921875,651.4140014648438,652.2899780273438,375666
2025-02-28 14:45:00+00:00,654.6599731445312,656.1699829101562,653.3599853515625,654.25,230418
2025-02-28 14:50:00+00:00,655.0,655.75,652.5701293945312,654.635009765625,215990
2025-02-28 14:55:00+00:00,655.2750244140625,655.5,652.6799926757812,655.1849975585938,177156
2025-02-28 15:00:00+00:00,655.7000122070312,658.6798706054688,652.580078125,654.989990234375,283974
2025-02-28 15:05:00+00:00,657.3900146484375,657.9400024414062,653.8400268554688,655.8400268554688,188356
2025-02-28 15:10:00+00:00,659.6900024414062,660.0,656.6201171875,657.3900146484375,246033
2025-02-28 15:15:00+00:00,657.2899780273438,660.280029296875,656.4600219726562,659.5919799804688,204476
2025-02-28 15:20:00+00:00,659.8099975585938,660.0,656.8200073242188,657.1699829101562,192649
2025-02-28 15:25:00+00:00,661.5396118164062,661.9298706054688,659.6467895507812,659.7349853515625,153101
2025-02-28 15:30:00+00:00,661.8900146484375,662.3585205078125,660.5499877929688,661.7608032226562,228108
2025-02-28 15:35:00+00:00,660.1840209960938,662.3599243164062,659.6199951171875,662.0999755859375,156759
2025-02-28 15:40:00+00:00,660.2999877929688,661.1699829101562,659.030029296875,660.1300048828125,122816
2025-02-28 15:45:00+00:00,661.114990234375,661.77001953125,659.6900024414062,660.2999877929688,137033
2025-02-28 15:50:00+00:00,662.4600219726562,663.0,661.0,661.0,158697
2025-02-28 15:55:00+00:00,664.8300170898438,664.869873046875,661.7999877929688,662.1199951171875,145276
2025-02-28 16:00:00+00:00,664.7100219726562,666.3499755859375,664.2000122070312,664.6600952148438,229971
2025-02-28 16:05:00+00:00,664.385009765625,665.6300048828125,663.8400268554688,664.7150268554688,175679
2025-02-28 16:10:00+00:00,662.0999755859375,665.2100219726562,661.8499755859375,664.385009765625,191718
2025-02-28 16:15:00+00:00,661.10498046875,662.1799926757812,659.3300170898438,662.1799926757812,152196
2025-02-28 16:20:00+00:00,660.8699951171875,662.3198852539062,660.451171875,661.155029296875,109241
2025-02-28 16:25:00+00:00,659.0349731445312,660.8800048828125,658.8800048828125,660.7849731445312,126440
2025-02-28 16:30:00+00:00,660.8831176757812,661.1599731445312,658.0499877929688,658.7100219726562,152094
2025-02-28 16:35:00+00:00,661.4974975585938,661.989990234375,660.7672729492188,661.3624267578125,82996
2025-02-28 16:40:00+00:00,662.042724609375,663.02001953125,661.330078125,661.5,87300
2025-02-28 16:45:00+00:00,662.5,662.79052734375,661.75,662.0250244140625,70477
2025-02-28 16:50:00+00:00,661.52001953125,662.52001953125,660.469970703125,662.4500122070312,61337
2025-02-28 16:55:00+00:00,660.0858764648438,661.4450073242188,660.0147094726562,661.4450073242188,60000
2025-02-28 17:00:00+00:00,659.3699951171875,660.9000244140625,659.27001953125,660.010009765625,68349
2025-02-28 17:05:00+00:00,660.1300048828125,660.8250122070312,659.0106811523438,659.52001953125,84490
2025-02-28 17:10:00+00:00,660.9550170898438,661.1900024414062,659.9180908203125,659.9199829101562,75825
2025-02-28 17:15:00+00:00,662.3836059570312,662.5499267578125,660.2960815429688,660.6500244140625,89101
2025-02-28 17:20:00+00:00,660.35400390625,662.72998046875,660.0399780273438,662.385009765625,96113
2025-02-28 17:25:00+00:00,660.5,661.239990234375,660.3800048828125,660.5700073242188,46924
2025-02-28 17:30:00+00:00,660.6199951171875,660.9498901367188,659.7999877929688,660.719970703125,277309
2025-02-28 17:35:00+00:00,661.3400268554688,661.9641723632812,660.1099853515625,660.4732055664062,128756
2025-02-28 17:40:00+00:00,658.8900146484375,661.4099731445312,658.3699951171875,661.3400268554688,324518
2025-02-28 17:45:00+00:00,656.614990234375,659.4998168945312,656.4100952148438,658.8900146484375,230061
2025-02-28 17:50:00+00:00,657.9332275390625,658.739990234375,655.6599731445312,656.6168823242188,150718
2025-02-28 17:55:00+00:00,655.4000244140625,657.739990234375,655.0499877929688,657.739990234375,132648
2025-02-28 18:00:00+00:00,656.3099975585938,657.4299926757812,654.6900024414062,655.0599975585938,104473
2025-02-28 18:05:00+00:00,655.4500732421875,656.6798706054688,655.1923217773438,656.3300170898438,74010
2025-02-28 18:10:00+00:00,655.573974609375,656.0700073242188,654.700927734375,655.6599731445312,106161
2025-02-28 18:15:00+00:00,654.72998046875,657.0,654.25,655.5750122070312,126267
2025-02-28 18:20:00+00:00,654.7384033203125,655.8300170898438,654.0449829101562,654.8900146484375,69527
2025-02-28 18:25:00+00:00,658.4456176757812,658.6900024414062,654.7999877929688,654.8800048828125,111540
2025-02-28 18:30:00+00:00,658.52001953125,659.5,657.1201171875,658.3300170898438,46563
2025-02-28 18:35:00+00:00,658.7017822265625,659.0321044921875,657.75,658.7000122070312,84683
2025-02-28 18:40:00+00:00,659.656005859375,659.9000244140625,658.1699829101562,658.989990234375,91078
2025-02-28 18:45:00+00:00,658.6900024414062,659.7000122070312,658.0399780273438,659.6500244140625,68796
2025-02-28 18:50:00+00:00,658.77001953125,659.3800048828125,658.260009765625,658.5850219726562,63665
2025-02-28 18:55:00+00:00,655.6099853515625,659.02001953125,655.1864013671875,658.9500122070312,104903
2025-02-28 19:00:00+00:00,655.7899780273438,657.1599731445312,655.2100830078125,655.3800048828125,61373
2025-02-28 19:05:00+00:00,655.8900146484375,656.6699829101562,655.506103515625,655.7899780273438,59255
2025-02-28 19:10:00+00:00,655.35498046875,656.2399291992188,655.0399780273438,655.7100219726562,56730
2025-02-28 19:15:00+00:00,657.75,657.8280029296875,655.4000244140625,655.4000244140625,86721
2025-02-28 19:20:00+00:00,656.9949951171875,657.7100219726562,655.719970703125,657.7050170898438,49187
2025-02-28 19:25:00+00:00,657.4884033203125,657.739990234375,656.7600708007812,656.7600708007812,66072
2025-02-28 19:30:00+00:00,658.739990234375,659.0,657.0449829101562,657.739990234375,64243
2025-02-28 19:35:00+00:00,660.25,660.8099975585938,658.6339721679688,658.8699951171875,159236
2025-02-28 19:40:00+00:00,661.0,661.6099243164062,660.1099853515625,660.4000244140625,87542
2025-02-28 19:45:00+00:00,662.0499877929688,662.5,660.9099731445312,661.0900268554688,94791
2025-02-28 19:50:00+00:00,662.1599731445312,663.2000122070312,661.77001953125,662.0549926757812,129726
2025-02-28 19:55:00+00:00,662.3499755859375,663.0900268554688,661.6099853515625,662.0599975585938,82413
2025-02-28 20:00:00+00:00,662.85498046875,663.1099853515625,661.6400146484375,662.1599731445312,81497
2025-02-28 20:05:00+00:00,663.260009765625,663.3900146484375,662.280029296875,662.9495849609375,135554
2025-02-28 20:10:00+00:00,662.7525024414062,663.5800170898438,662.4199829101562,663.260009765625,107728
2025-02-28 20:15:00+00:00,661.6716918945312,663.0147094726562,661.67138671875,662.760009765625,92733
2025-02-28 20:20:00+00:00,661.4650268554688,661.989990234375,660.5999755859375,661.6300048828125,101177
2025-02-28 20:25:00+00:00,662.9099731445312,663.0399780273438,661.360107421875,661.4600219726562,115849
2025-02-28 20:30:00+00:00,660.5599975585938,662.9149780273438,660.3900146484375,662.905029296875,114408
2025-02-28 20:35:00+00:00,660.7899780273438,661.3493041992188,659.760009765625,660.5399780273438,122767
2025-02-28 20:40:00+00:00,661.3599853515625,661.8300170898438,660.8900146484375,660.8900146484375,162172
2025-02-28 20:45:00+00:00,663.510009765625,663.77001953125,661.1699829101562,661.5,185446
2025-02-28 20:50:00+00:00,669.0,669.6300048828125,663.7999877929688,663.7999877929688,531151
2025-02-28 20:55:00+00:00,668.530029296875,669.1599731445312,667.3300170898438,668.9149780273438,993908
2025-03-03 14:30:00+00:00,679.3201293945312,681.25,674.3450927734375,674.3450927734375,868255
2025-03-03 14:35:00+00:00,671.3284301757812,679.719970703125,670.7349853515625,679.3200073242188,348466
2025-03-03 14:40:00+00:00,672.4749755859375,673.844970703125,670.5700073242188,671.6099853515625,213143
2025-03-03 14:45:00+00:00,670.9400024414062,673.8933715820312,669.6400146484375,672.3099975585938,226603
2025-03-03 14:50:00+00:00,669.6900024414062,671.3300170898438,668.8800048828125,670.5264282226562,175046
2025-03-03 14:55:00+00:00,666.1699829101562,670.1099853515625,665.1099853515625,669.780029296875,230039
2025-03-03 15:00:00+00:00,668.52001953125,668.6165771484375,662.6799926757812,664.9000244140625,188147
2025-03-03 15:05:00+00:00,667.760009765625,670.2498168945312,667.2158813476562,668.5900268554688,156096
2025-03-03 15:10:00+00:00,667.9874877929688,670.3900146484375,667.2150268554688,667.7449951171875,115573
2025-03-03 15:15:00+00:00,668.280029296875,669.8599853515625,667.0195922851562,667.885009765625,99588
2025-03-03 15:20:00+00:00,670.2650146484375,672.0999145507812,667.97998046875,667.97998046875,195297
2025-03-03 15:25:00+00:00,672.5499877929688,672.5900268554688,669.3099975585938,670.2650146484375,105466
2025-03-03 15:30:00+00:00,670.8599853515625,673.5518798828125,669.6058959960938,672.4299926757812,163612
2025-03-03 15:35:00+00:00,669.1884155273438,671.60498046875,668.0999755859375,671.0399780273438,120163
2025-03-03 15:40:00+00:00,671.532470703125,671.6932983398438,668.0001220703125,669.0750122070312,58066
2025-03-03 15:45:00+00:00,668.9849853515625,671.5549926757812,668.510009765625,671.5549926757812,65803
2025-03-03 15:50:00+00:00,670.1799926757812,671.0,668.3400268554688,669.0499877929688,63704
2025-03-03 15:55:00+00:00,666.4000244140625,670.405029296875,666.0,670.405029296875,92257
2025-03-03 16:00:00+00:00,668.3400268554688,669.0349731445312,666.739990234375,666.739990234375,79635
2025-03-03 16:05:00+00:00,668.8800048828125,669.5098876953125,667.8900756835938,668.4099731445312,74329
2025-03-03 16:10:00+00:00,669.5,669.780029296875,667.780029296875,668.8800048828125,88660
2025-03-03 16:15:00+00:00,670.7280883789062,670.72998046875,668.530029296875,669.72998046875,43982
2025-03-03 16:20:00+00:00,671.3499755859375,672.0,670.030029296875,670.510009765625,93889
2025-03-03 16:25:00+00:00,668.155029296875,671.489990234375,667.7000122070312,671.1199951171875,55594
2025-03-03 16:30:00+00:00,667.6300048828125,668.5599975585938,667.2100219726562,668.1649780273438,96403
2025-03-03 16:35:00+00:00,666.6599731445312,668.2218017578125,666.27001953125,667.2000122070312,52914
2025-03-03 16:40:00+00:00,666.91748046875,667.447509765625,666.1900024414062,666.6749877929688,49146
2025-03-03 16:45:00+00:00,669.0,669.0457153320312,666.7200927734375,666.9650268554688,81591
2025-03-03 16:50:00+00:00,669.010009765625,669.9498901367188,668.5499877929688,668.6724853515625,51529
2025-03-03 16:55:00+00:00,668.8099975585938,669.6199951171875,668.469970703125,668.7838134765625,43284
2025-03-03 17:00:00+00:00,668.72998046875,668.9899291992188,668.1400146484375,668.52001953125,38352
2025-03-03 17:05:00+00:00,668.1799926757812,669.5,668.0,668.4600219726562,44805
2025-03-03 17:10:00+00:00,669.2249755859375,669.5,668.0599975585938,668.280029296875,52065
2025-03-03 17:15:00+00:00,669.64501953125,670.0800170898438,668.5700073242188,669.1900024414062,87564
2025-03-03 17:20:00+00:00,669.6799926757812,670.3798828125,669.5,669.7949829101562,65471
2025-03-03 17:25:00+00:00,669.2000122070312,670.0399169921875,668.625,669.5599975585938,34538
2025-03-03 17:30:00+00:00,669.1699829101562,669.9067993164062,668.8300170898438,669.5,44392
2025-03-03 17:35:00+00:00,669.5349731445312,669.7100219726562,668.580078125,669.2949829101562,28063
2025-03-03 17:40:00+00:00,669.4199829101562,670.6500244140625,669.2501220703125,669.4099731445312,39413
2025-03-03 17:45:00+00:00,668.5599975585938,669.6300048828125,667.5050048828125,669.6300048828125,58617
2025-03-03 17:50:00+00:00,667.5499877929688,668.6804809570312,667.0501098632812,668.5499877929688,44032
2025-03-03 17:55:00+00:00,667.239990234375,667.469970703125,665.9000244140625,667.264404296875,73947
2025-03-03 18:00:00+00:00,666.510009765625,667.2000122070312,666.1599731445312,667.1400146484375,54335
2025-03-03 18:05:00+00:00,662.7100219726562,666.4099731445312,662.3200073242188,666.4099731445312,102634
2025-03-03 18:10:00+00:00,661.530029296875,663.6392822265625,661.2073974609375,662.4299926757812,126853
2025-03-03 18:15:00+00:00,662.7775268554688,663.3800048828125,661.3900756835938,661.52001953125,73674
2025-03-03 18:20:00+00:00,664.2000122070312,664.5700073242188,662.25,663.02001953125,67906
2025-03-03 18:25:00+00:00,661.6199951171875,663.6968994140625,660.9000244140625,663.6599731445312,70830
2025-03-03 18:30:00+00:00,661.5250244140625,662.9298706054688,660.7127075195312,661.510009765625,86889
2025-03-03 18:35:00+00:00,661.3599853515625,661.9299926757812,660.1660766601562,661.5349731445312,81633
2025-03-03 18:40:00+00:00,661.8305053710938,662.9600219726562,660.8800048828125,660.8800048828125,64958
2025-03-03 18:45:00+00:00,662.3300170898438,664.530029296875,660.8643188476562,661.4199829101562,98754
2025-03-03 18:50:00+00:00,662.4400024414062,663.5192260742188,661.8779296875,662.2650146484375,68293
2025-03-03 18:55:00+00:00,664.27001953125,664.6400146484375,662.030029296875,662.4299926757812,75568
2025-03-03 19:00:00+00:00,664.7589721679688,665.8563232421875,664.0,664.3099975585938,80531
2025-03-03 19:05:00+00:00,664.6900024414062,665.2650146484375,664.1199951171875,664.5700073242188,49975
2025-03-03 19:10:00+00:00,664.2150268554688,665.2000122070312,664.030029296875,664.655029296875,38580
2025-03-03 19:15:00+00:00,662.6862182617188,664.4816284179688,661.9329833984375,664.1699829101562,76624
2025-03-03 19:20:00+00:00,664.0,664.489990234375,663.1599731445312,663.1699829101562,36901
2025-03-03 19:25:00+00:00,664.1099853515625,664.4044189453125,663.5700073242188,663.9569091796875,43381
2025-03-03 19:30:00+00:00,665.7750244140625,666.3499755859375,663.8599853515625,663.8599853515625,127276
2025-03-03 19:35:00+00:00,665.8359985351562,666.22998046875,664.8499755859375,665.5900268554688,46290
2025-03-03 19:40:00+00:00,665.85009765625,667.0599975585938,665.5888061523438,665.5888061523438,64168
2025-03-03 19:45:00+00:00,663.8438720703125,665.8563232421875,663.6143188476562,665.8563232421875,58967
2025-03-03 19:50:00+00:00,661.4249877929688,664.989990234375,660.4401245117188,664.0800170898438,103085
2025-03-03 19:55:00+00:00,660.1199951171875,662.5900268554688,659.8507080078125,661.52001953125,109543
2025-03-03 20:00:00+00:00,657.6900024414062,660.3300170898438,656.6900024414062,660.3300170898438,166251
2025-03-03 20:05:00+00:00,656.4099731445312,658.6884155273438,656.3189697265625,657.6900024414062,104749
2025-03-03 20:10:00+00:00,654.6300048828125,656.9619750976562,653.77001953125,656.8499755859375,159893
2025-03-03 20:15:00+00:00,655.4774780273438,657.4299926757812,654.4400024414062,654.4400024414062,140141
2025-03-03 20:20:00+00:00,654.0499877929688,656.4437866210938,653.8400268554688,655.6199951171875,148250
2025-03-03 20:25:00+00:00,653.1199951171875,655.4899291992188,652.5499877929688,654.219970703125,141664
2025-03-03 20:30:00+00:00,653.0250244140625,655.0399780273438,652.7672119140625,652.9450073242188,175182
2025-03-03 20:35:00+00:00,651.8300170898438,654.0599975585938,651.7503051757812,653.0250244140625,155894
2025-03-03 20:40:00+00:00,651.969970703125,653.3099975585938,650.8438720703125,651.9450073242188,162924
2025-03-03 20:45:00+00:00,653.0399780273438,654.0,651.6599731445312,652.0416259765625,182043
2025-03-03 20:50:00+00:00,654.4349975585938,654.5800170898438,651.2301025390625,652.8300170898438,286291
2025-03-03 20:55:00+00:00,655.0900268554688,655.1799926757812,653.0850219726562,654.5,445016
2025-03-04 14:30:00+00:00,637.60498046875,647.989990234375,636.0,644.0,1762736
2025-03-04 14:35:00+00:00,639.5,642.7899780273438,636.77001953125,637.8887939453125,528255
2025-03-04 14:40:00+00:00,634.6950073242188,640.9400024414062,632.7401123046875,639.47998046875,527952
2025-03-04 14:45:00+00:00,638.1099853515625,640.5,633.8101196289062,634.9605102539062,427757
2025-03-04 14:50:00+00:00,636.974609375,638.4837036132812,634.0999755859375,638.2100219726562,337512
2025-03-04 14:55:00+00:00,635.719970703125,640.5,635.3599853515625,637.0,295378
2025-03-04 15:00:00+00:00,634.969970703125,637.9299926757812,632.8300170898438,635.64501953125,331944
2025-03-04 15:05:00+00:00,629.7899780273438,635.75,629.3599853515625,635.0,490147
2025-03-04 15:10:00+00:00,632.3099975585938,634.2299194335938,628.9500122070312,629.5599975585938,347278
2025-03-04 15:15:00+00:00,628.3099975585938,632.10009765625,626.2550048828125,632.10009765625,411689
2025-03-04 15:20:00+00:00,628.219970703125,629.7999877929688,626.3599853515625,628.260009765625,327481
2025-03-04 15:25:00+00:00,628.0380249023438,629.4263916015625,625.969970703125,628.1599731445312,408526
2025-03-04 15:30:00+00:00,630.72998046875,631.9699096679688,626.030029296875,627.72998046875,439910
2025-03-04 15:35:00+00:00,629.5999755859375,632.4998779296875,629.02001953125,630.530029296875,301950
2025-03-04 15:40:00+00:00,628.3800048828125,630.9295043945312,627.1400756835938,629.5999755859375,258057
2025-03-04 15:45:00+00:00,630.9312744140625,631.5499877929688,627.780029296875,628.4650268554688,229406
2025-03-04 15:50:00+00:00,625.2999877929688,630.9229736328125,624.5689697265625,630.719970703125,328957
2025-03-04 15:55:00+00:00,628.2550048828125,628.5499877929688,624.4299926757812,625.3150024414062,316391
2025-03-04 16:00:00+00:00,628.280029296875,630.5,626.030029296875,628.0349731445312,219646
2025-03-04 16:05:00+00:00,627.0,628.8004150390625,626.2899780273438,628.22998046875,200886
2025-03-04 16:10:00+00:00,628.7000122070312,629.25,625.8099975585938,627.1599731445312,202272
2025-03-04 16:15:00+00:00,627.0549926757812,629.1599731445312,626.4500122070312,628.9249877929688,214200
2025-03-04 16:20:00+00:00,626.8200073242188,628.7999877929688,626.135009765625,627.0675048828125,198941
2025-03-04 16:25:00+00:00,625.0999755859375,627.010009765625,623.6599731445312,627.010009765625,216296
2025-03-04 16:30:00+00:00,626.2999877929688,627.6099853515625,624.6884155273438,625.0999755859375,227127
2025-03-04 16:35:00+00:00,625.5900268554688,627.523193359375,625.0100708007812,626.5399780273438,225841
2025-03-04 16:40:00+00:00,627.510009765625,628.7100219726562,625.0800170898438,625.2600708007812,254624
2025-03-04 16:45:00+00:00,629.4299926757812,629.6199951171875,627.260009765625,627.7550048828125,220268
2025-03-04 16:50:00+00:00,630.5599975585938,631.6245727539062,627.760009765625,629.219970703125,204587
2025-03-04 16:55:00+00:00,631.8400268554688,633.10498046875,630.22998046875,630.7249755859375,289943
2025-03-04 17:00:00+00:00,630.8920288085938,632.344970703125,630.2039184570312,631.8049926757812,222289
2025-03-04 17:05:00+00:00,629.7166137695312,631.27001953125,629.2000122070312,630.5100708007812,163617
2025-03-04 17:10:00+00:00,630.9655151367188,631.22998046875,629.010009765625,629.9102783203125,159814
2025-03-04 17:15:00+00:00,631.5599975585938,632.5499877929688,630.0900268554688,630.6701049804688,160497
2025-03-04 17:20:00+00:00,632.5650024414062,633.8800048828125,630.9901123046875,631.219970703125,191139
2025-03-04 17:25:00+00:00,633.969970703125,634.5999145507812,632.2999877929688,632.3101196289062,240739
2025-03-04 17:30:00+00:00,631.989990234375,633.9400024414062,630.6578979492188,633.9400024414062,157892
2025-03-04 17:35:00+00:00,632.2100219726562,633.2000122070312,631.5599975585938,631.6199951171875,116806
2025-03-04 17:40:00+00:00,631.6849975585938,632.7000122070312,630.5599975585938,632.0549926757812,134281
2025-03-04 17:45:00+00:00,632.22998046875,633.2000122070312,631.0042114257812,631.5,123606
2025-03-04 17:50:00+00:00,630.8699951171875,631.8599853515625,629.3300170898438,631.8599853515625,186568
2025-03-04 17:55:00+00:00,630.8038940429688,631.469970703125,629.719970703125,630.510009765625,133438
2025-03-04 18:00:00+00:00,630.469970703125,630.9600219726562,628.8300170898438,630.5900268554688,151584
2025-03-04 18:05:00+00:00,634.5349731445312,634.8142700195312,629.7100219726562,630.25,190229
2025-03-04 18:10:00+00:00,637.9500122070312,638.0,634.0700073242188,634.5349731445312,312001
2025-03-04 18:15:00+00:00,635.2974853515625,638.167724609375,634.02001953125,637.8400268554688,235182
2025-03-04 18:20:00+00:00,632.5203247070312,635.9456787109375,632.1400146484375,635.4000244140625,149922
2025-03-04 18:25:00+00:00,632.3049926757812,633.5,631.780029296875,632.52001953125,145014
2025-03-04 18:30:00+00:00,633.4199829101562,633.7153930664062,631.5499877929688,632.1300048828125,133985
2025-03-04 18:35:00+00:00,633.6300048828125,633.9299926757812,632.3375244140625,633.2849731445312,109147
2025-03-04 18:40:00+00:00,635.7899780273438,636.0499877929688,633.4199829101562,633.6699829101562,163593
2025-03-04 18:45:00+00:00,635.3554077148438,637.0399780273438,635.239990234375,635.5599975585938,124918
2025-03-04 18:50:00+00:00,637.1099853515625,637.4998779296875,635.0599975585938,635.625,116818
2025-03-04 18:55:00+00:00,638.7249755859375,639.5455932617188,636.6099853515625,636.9000244140625,216031
2025-03-04 19:00:00+00:00,641.85498046875,641.9887084960938,638.530029296875,638.5599975585938,223470
2025-03-04 19:05:00+00:00,642.1900024414062,643.139892578125,640.5,641.780029296875,176810
2025-03-04 19:10:00+00:00,641.239990234375,642.7399291992188,640.47998046875,642.010009765625,158249
2025-03-04 19:15:00+00:00,641.52001953125,642.5,640.8099975585938,641.469970703125,105941
2025-03-04 19:20:00+00:00,644.0800170898438,644.9199829101562,641.2150268554688,641.52001953125,178127
2025-03-04 19:25:00+00:00,641.9249877929688,644.7470703125,641.77001953125,643.9749755859375,176379
2025-03-04 19:30:00+00:00,640.7999877929688,642.2000122070312,639.8400268554688,642.094970703125,144866
2025-03-04 19:35:00+00:00,643.7999877929688,644.4600219726562,640.6500244140625,640.8099975585938,161908
2025-03-04 19:40:00+00:00,646.2512817382812,646.5499877929688,643.510009765625,643.875,147231
2025-03-04 19:45:00+00:00,643.75,646.52001953125,643.2949829101562,646.2349853515625,140669
2025-03-04 19:50:00+00:00,644.0999755859375,644.8800048828125,643.489990234375,643.5,85460
2025-03-04 19:55:00+00:00,644.8624267578125,645.5,643.8599853515625,643.8599853515625,99170
2025-03-04 20:00:00+00:00,645.844970703125,646.8400268554688,644.7999877929688,644.9299926757812,134417
2025-03-04 20:05:00+00:00,647.7100219726562,647.989990234375,645.2100219726562,645.469970703125,203703
2025-03-04 20:10:00+00:00,648.1500244140625,648.8699951171875,646.5999755859375,647.77001953125,166843
2025-03-04 20:15:00+00:00,648.6500244140625,648.8099975585938,647.0399780273438,648.1799926757812,116010
2025-03-04 20:20:00+00:00,649.4600219726562,649.7432861328125,648.0100708007812,649.0,142173
2025-03-04 20:25:00+00:00,647.6779174804688,649.6099853515625,647.2650146484375,649.4650268554688,228061
2025-03-04 20:30:00+00:00,643.6162109375,648.2199096679688,643.4849853515625,647.9450073242188,247074
2025-03-04 20:35:00+00:00,642.4149780273438,645.5399780273438,642.3499755859375,644.3499755859375,179406
2025-03-04 20:40:00+00:00,642.5488891601562,643.469970703125,640.97998046875,642.0,211644
2025-03-04 20:45:00+00:00,640.6199951171875,643.6091918945312,640.27001953125,642.635009765625,147173
2025-03-04 20:50:00+00:00,637.6400146484375,640.1300048828125,635.72998046875,640.0999755859375,439581
2025-03-04 20:55:00+00:00,639.5800170898438,640.3599853515625,638.3350219726562,638.5599975585938,660919
2025-03-05 14:30:00+00:00,646.2899780273438,646.7899780273438,641.4500122070312,641.4500122070312,1302664
2025-03-05 14:35:00+00:00,643.6849975585938,648.1300048828125,641.60498046875,646.6199951171875,330259
2025-03-05 14:40:00+00:00,646.25,647.529296875,643.780029296875,643.780029296875,235319
2025-03-05 14:45:00+00:00,643.5554809570312,646.60498046875,642.2401123046875,646.010009765625,218993
2025-03-05 14:50:00+00:00,642.3499755859375,645.639892578125,641.8400268554688,643.219970703125,139606
2025-03-05 14:55:00+00:00,640.4600219726562,643.7999877929688,638.0499877929688,642.3099975585938,219059
2025-03-05 15:00:00+00:00,646.7000122070312,647.6500244140625,641.4099731445312,641.4099731445312,209096
2025-03-05 15:05:00+00:00,648.1599731445312,649.2686157226562,646.1699829101562,647.1099853515625,272357
2025-03-05 15:10:00+00:00,646.9000244140625,648.489990234375,645.6099853515625,648.1699829101562,140177
2025-03-05 15:15:00+00:00,644.719970703125,647.2100219726562,643.97998046875,646.969970703125,153718
2025-03-05 15:20:00+00:00,642.0,645.4400024414062,640.6099853515625,644.9118041992188,192928
2025-03-05 15:25:00+00:00,641.5,642.5900268554688,640.2000122070312,641.822509765625,116694
2025-03-05 15:30:00+00:00,643.2352905273438,643.9598999023438,640.3699951171875,641.4874877929688,103071
2025-03-05 15:35:00+00:00,645.14501953125,645.4658203125,643.0360717773438,643.5700073242188,97918
2025-03-05 15:40:00+00:00,645.969970703125,645.969970703125,643.510009765625,645.1799926757812,112580
2025-03-05 15:45:00+00:00,643.7999877929688,646.0,643.0700073242188,645.719970703125,89587
2025-03-05 15:50:00+00:00,645.7753295898438,645.9227294921875,642.6099853515625,643.9199829101562,93170
2025-03-05 15:55:00+00:00,644.6038818359375,646.3516235351562,644.3800048828125,645.5499877929688,63929
2025-03-05 16:00:00+00:00,643.0275268554688,644.5399780273438,642.3499755859375,644.5399780273438,66643
2025-03-05 16:05:00+00:00,641.280029296875,643.6400146484375,640.7100219726562,642.9650268554688,111450
2025-03-05 16:10:00+00:00,641.1964111328125,642.0700073242188,639.3699951171875,641.280029296875,139883
2025-03-05 16:15:00+00:00,639.6799926757812,641.5899047851562,638.5,641.4099731445312,183976
2025-03-05 16:20:00+00:00,641.0599975585938,641.3641967773438,639.0,639.6799926757812,98822
2025-03-05 16:25:00+00:00,641.3800048828125,641.8599853515625,639.97998046875,641.3300170898438,95124
2025-03-05 16:30:00+00:00,638.7999877929688,641.1649780273438,638.77001953125,641.1649780273438,83001
2025-03-05 16:35:00+00:00,640.4400024414062,640.659423828125,638.4099731445312,638.8099975585938,85192
2025-03-05 16:40:00+00:00,638.8400268554688,640.52001953125,638.5999755859375,640.52001953125,77873
2025-03-05 16:45:00+00:00,639.6900024414062,640.026123046875,637.6849975585938,638.8499755859375,87440
2025-03-05 16:50:00+00:00,640.0335083007812,640.781494140625,639.0999755859375,639.7000122070312,64663
2025-03-05 16:55:00+00:00,641.7100219726562,644.0,639.4199829101562,640.280029296875,137602
2025-03-05 17:00:00+00:00,640.6099853515625,643.5698852539062,640.510009765625,641.75,108395
2025-03-05 17:05:00+00:00,642.9000244140625,642.9199829101562,640.780029296875,640.780029296875,69448
2025-03-05 17:10:00+00:00,642.0399780273438,643.385009765625,641.8099975585938,642.6199951171875,88327
2025-03-05 17:15:00+00:00,643.530029296875,644.2717895507812,641.9299926757812,642.260009765625,85522
2025-03-05 17:20:00+00:00,645.7061767578125,646.875,643.0001220703125,643.5999755859375,138552
2025-03-05 17:25:00+00:00,647.7999877929688,647.8800048828125,645.1199951171875,645.5430908203125,123873
2025-03-05 17:30:00+00:00,647.22998046875,648.7799072265625,646.719970703125,647.8900146484375,162217
2025-03-05 17:35:00+00:00,648.2899780273438,648.5700073242188,646.9620971679688,647.239990234375,108739
2025-03-05 17:40:00+00:00,648.010009765625,648.8800048828125,647.739990234375,648.280029296875,110166
2025-03-05 17:45:00+00:00,648.169921875,648.1699829101562,645.77001953125,648.02001953125,123961
2025-03-05 17:50:00+00:00,651.2050170898438,652.2899169921875,647.8200073242188,648.1699829101562,235360
2025-03-05 17:55:00+00:00,651.7598876953125,652.0900268554688,650.280029296875,651.010009765625,122424
2025-03-05 18:00:00+00:00,650.6199951171875,651.8699951171875,650.0900268554688,651.760009765625,126872
2025-03-05 18:05:00+00:00,647.0499877929688,651.3800048828125,645.7000122070312,650.5399780273438,185993
2025-03-05 18:10:00+00:00,650.405029296875,651.4462890625,646.6099853515625,646.7100219726562,118984
2025-03-05 18:15:00+00:00,652.0,652.2899780273438,649.8070068359375,650.510009765625,168410
2025-03-05 18:20:00+00:00,650.8200073242188,652.8699951171875,650.5599975585938,652.0800170898438,155519
2025-03-05 18:25:00+00:00,650.159912109375,651.4749755859375,649.1599731445312,651.3099975585938,98722
2025-03-05 18:30:00+00:00,649.1536254882812,651.0900268554688,647.9052734375,649.9400024414062,96489
2025-03-05 18:35:00+00:00,650.344970703125,650.4600219726562,648.6799926757812,649.530029296875,72548
2025-03-05 18:40:00+00:00,649.8499755859375,650.6099853515625,649.14501953125,650.405029296875,97153
2025-03-05 18:45:00+00:00,651.280029296875,652.2000122070312,649.9299926757812,650.2100219726562,104761
2025-03-05 18:50:00+00:00,653.2100219726562,653.2100219726562,651.2100219726562,651.6400146484375,118020
2025-03-05 18:55:00+00:00,653.289306640625,653.6300048828125,652.4199829101562,653.2799072265625,151548
2025-03-05 19:00:00+00:00,654.280029296875,654.3400268554688,652.4600219726562,653.02001953125,104370
2025-03-05 19:05:00+00:00,656.489990234375,656.4949951171875,653.6199951171875,654.2849731445312,138348
2025-03-05 19:10:00+00:00,657.1400146484375,657.8599853515625,656.0363159179688,656.489990234375,226089
2025-03-05 19:15:00+00:00,655.5999755859375,657.9400024414062,655.5599975585938,657.14501953125,200017
2025-03-05 19:20:00+00:00,657.2424926757812,657.4600219726562,655.4749755859375,655.75,140802
2025-03-05 19:25:00+00:00,655.9990234375,657.47998046875,655.7899780273438,657.4199829101562,112867
2025-03-05 19:30:00+00:00,656.2899780273438,657.5,656.0,656.2999877929688,126777
2025-03-05 19:35:00+00:00,655.8499755859375,657.1599731445312,654.22998046875,656.2999877929688,92829
2025-03-05 19:40:00+00:00,655.8350219726562,656.8599853515625,655.3499755859375,655.6599731445312,68589
2025-03-05 19:45:00+00:00,655.719970703125,656.4282836914062,654.5999755859375,656.030029296875,79554
2025-03-05 19:50:00+00:00,655.739990234375,656.469970703125,655.0700073242188,655.989990234375,43630
2025-03-05 19:55:00+00:00,655.0250244140625,656.469970703125,654.7800903320312,655.6019897460938,73598
2025-03-05 20:00:00+00:00,657.8300170898438,658.6400146484375,655.1799926757812,655.2000122070312,199342
2025-03-05 20:05:00+00:00,659.2100219726562,659.5,657.260009765625,657.9000244140625,149933
2025-03-05 20:10:00+00:00,658.4901123046875,659.4199829101562,658.0999755859375,658.780029296875,131819
2025-03-05 20:15:00+00:00,656.2000122070312,659.0,655.219970703125,658.719970703125,127449
2025-03-05 20:20:00+00:00,656.22998046875,656.9199829101562,654.2000122070312,656.469970703125,117053
2025-03-05 20:25:00+00:00,657.2999877929688,657.72998046875,655.64501953125,655.9849853515625,86097
2025-03-05 20:30:00+00:00,656.47802734375,657.2999877929688,655.6500244140625,657.2000122070312,129157
2025-03-05 20:35:00+00:00,655.9400024414062,656.5900268554688,655.3466796875,656.510009765625,89712
2025-03-05 20:40:00+00:00,656.9400024414062,657.780029296875,655.532470703125,656.0700073242188,134358
2025-03-05 20:45:00+00:00,655.77001953125,656.9000244140625,655.3300170898438,656.8200073242188,115038
2025-03-05 20:50:00+00:00,658.0,658.47998046875,654.3099975585938,655.7899780273438,238669
2025-03-05 20:55:00+00:00,656.2999877929688,657.9099731445312,655.8900146484375,657.9099731445312,425118
2025-03-06 14:30:00+00:00,646.5399780273438,648.1580810546875,643.219970703125,647.780029296875,780517
2025-03-06 14:35:00+00:00,644.8200073242188,646.8900146484375,642.7349853515625,646.1099853515625,306386
2025-03-06 14:40:00+00:00,642.4600219726562,646.4600219726562,642.4600219726562,644.5999755859375,188437
2025-03-06 14:45:00+00:00,644.6749877929688,645.8900146484375,642.1099853515625,642.77001953125,168396
2025-03-06 14:50:00+00:00,645.2999267578125,647.1799926757812,644.0,644.7252807617188,180450
2025-03-06 14:55:00+00:00,644.1649780273438,646.0490112304688,643.4400024414062,644.4199829101562,125980
2025-03-06 15:00:00+00:00,645.3150024414062,647.4500122070312,642.3400268554688,643.6400146484375,187388
2025-03-06 15:05:00+00:00,645.2999877929688,647.5900268554688,645.0499877929688,645.260009765625,207328
2025-03-06 15:10:00+00:00,644.8400268554688,646.0399780273438,644.1099853515625,645.2899780273438,168599
2025-03-06 15:15:00+00:00,648.0449829101562,648.3599853515625,644.4600219726562,644.6270141601562,153099
2025-03-06 15:20:00+00:00,648.5050048828125,650.5625,647.7000122070312,648.1699829101562,243585
2025-03-06 15:25:00+00:00,648.4400024414062,648.8599853515625,645.6900024414062,648.0499877929688,137850
2025-03-06 15:30:00+00:00,647.2949829101562,648.6763916015625,646.4349975585938,648.2000122070312,82006
2025-03-06 15:35:00+00:00,649.760009765625,649.9998779296875,646.75,647.280029296875,93601
2025-03-06 15:40:00+00:00,649.2249755859375,650.4500122070312,648.2957763671875,649.760009765625,132817
2025-03-06 15:45:00+00:00,648.0800170898438,650.25,647.8200073242188,649.02001953125,90641
2025-03-06 15:50:00+00:00,646.9199829101562,648.530029296875,646.3699951171875,648.0399780273438,102822
2025-03-06 15:55:00+00:00,647.1099853515625,647.780029296875,646.25,646.9199829101562,67268
2025-03-06 16:00:00+00:00,647.9149780273438,648.8400268554688,647.1500244140625,647.52001953125,70385
2025-03-06 16:05:00+00:00,648.9500122070312,648.9600219726562,646.5499877929688,647.6320190429688,71811
2025-03-06 16:10:00+00:00,647.530029296875,648.635009765625,646.7650146484375,648.510009765625,84552
2025-03-06 16:15:00+00:00,647.5700073242188,648.4199829101562,646.5599975585938,647.64501953125,66450
2025-03-06 16:20:00+00:00,646.3699951171875,647.6799926757812,644.739990234375,647.6799926757812,96766
2025-03-06 16:25:00+00:00,646.5499877929688,647.5,643.8200073242188,646.155029296875,186159
2025-03-06 16:30:00+00:00,647.5,648.7899780273438,645.4500732421875,646.3800048828125,118265
2025-03-06 16:35:00+00:00,644.5800170898438,647.8699951171875,644.2899780273438,647.19677734375,63069
2025-03-06 16:40:00+00:00,643.1849975585938,644.6649780273438,642.7100219726562,644.6649780273438,95942
2025-03-06 16:45:00+00:00,642.260009765625,643.8599853515625,641.530029296875,643.3200073242188,76994
2025-03-06 16:50:00+00:00,639.77001953125,641.8800048828125,638.989990234375,641.8800048828125,160207
2025-03-06 16:55:00+00:00,637.5,639.2550048828125,637.3400268554688,639.25,149790
2025-03-06 17:00:00+00:00,635.7529296875,638.5198974609375,635.406005859375,637.969970703125,145076
2025-03-06 17:05:00+00:00,635.9199829101562,636.489990234375,634.0300903320312,635.5800170898438,272811
2025-03-06 17:10:00+00:00,634.9244995117188,636.5032958984375,634.5800170898438,635.8095092773438,106148
2025-03-06 17:15:00+00:00,634.9949951171875,635.3099975585938,633.5117797851562,634.6599731445312,193159
2025-03-06 17:20:00+00:00,634.7376708984375,636.5,634.0800170898438,635.0,141293
2025-03-06 17:25:00+00:00,632.5499267578125,634.7999877929688,631.2700805664062,634.7999877929688,199148
2025-03-06 17:30:00+00:00,634.3400268554688,634.8499755859375,632.5,632.5,111201
2025-03-06 17:35:00+00:00,633.5062255859375,634.3143920898438,633.27001953125,634.0850219726562,106688
2025-03-06 17:40:00+00:00,633.4349975585938,634.9500122070312,633.2100219726562,633.3800048828125,102402
2025-03-06 17:45:00+00:00,630.97998046875,633.989990234375,630.6799926757812,633.27001953125,131212
2025-03-06 17:50:00+00:00,631.739990234375,632.3375244140625,630.5800170898438,630.9849853515625,113051
2025-03-06 17:55:00+00:00,634.0225830078125,634.4600219726562,631.6799926757812,631.7750244140625,160802
2025-03-06 18:00:00+00:00,632.7999877929688,634.4998779296875,631.6799926757812,633.7550048828125,174302
2025-03-06 18:05:00+00:00,632.719970703125,633.80322265625,632.0,632.5499877929688,86467
2025-03-06 18:10:00+00:00,632.85498046875,633.60888671875,631.5,632.9199829101562,98462
2025-03-06 18:15:00+00:00,633.5599975585938,634.1998901367188,632.85498046875,633.1199951171875,94558
2025-03-06 18:20:00+00:00,634.0700073242188,634.87158203125,632.9299926757812,633.3900146484375,105163
2025-03-06 18:25:00+00:00,631.9349975585938,634.1699829101562,631.719970703125,634.0,75269
2025-03-06 18:30:00+00:00,631.1599731445312,632.2100219726562,631.010009765625,631.8800048828125,115501
2025-03-06 18:35:00+00:00,629.5499877929688,631.463623046875,629.5499877929688,631.2349853515625,145134
2025-03-06 18:40:00+00:00,628.6199951171875,629.4199829101562,627.7999877929688,629.4000244140625,191413
2025-03-06 18:45:00+00:00,630.3250122070312,630.8690185546875,628.0650024414062,628.9600219726562,116037
2025-03-06 18:50:00+00:00,630.7750244140625,631.77490234375,629.9340209960938,630.1099853515625,81268
2025-03-06 18:55:00+00:00,630.1900024414062,631.1599731445312,629.489990234375,630.6500244140625,106755
2025-03-06 19:00:00+00:00,627.8499755859375,630.1124877929688,627.5599975585938,630.1124877929688,129899
2025-03-06 19:05:00+00:00,628.22998046875,628.8499755859375,627.6400146484375,627.8499755859375,78832
2025-03-06 19:10:00+00:00,627.9949951171875,629.8234252929688,627.510009765625,628.4293212890625,124605
2025-03-06 19:15:00+00:00,626.5850219726562,628.3499755859375,626.1799926757812,627.97998046875,130070
2025-03-06 19:20:00+00:00,626.75,627.0,625.6019287109375,626.5900268554688,150198
2025-03-06 19:25:00+00:00,625.719970703125,626.7374877929688,624.5,626.7374877929688,156273
2025-03-06 19:30:00+00:00,625.0836181640625,625.9899291992188,624.1099853515625,625.47607421875,163260
2025-03-06 19:35:00+00:00,624.47998046875,626.6749877929688,624.4099731445312,625.1300048828125,199357
2025-03-06 19:40:00+00:00,627.8099975585938,628.4400024414062,624.469970703125,624.47998046875,257715
2025-03-06 19:45:00+00:00,630.2550048828125,631.989990234375,627.010009765625,627.8099975585938,288835
2025-03-06 19:50:00+00:00,630.469970703125,631.989990234375,629.635009765625,630.5994873046875,193227
2025-03-06 19:55:00+00:00,626.1400146484375,630.5800170898438,625.7902221679688,630.469970703125,107785
2025-03-06 20:00:00+00:00,627.8641967773438,628.2000122070312,625.5999755859375,626.010009765625,143799
2025-03-06 20:05:00+00:00,628.1699829101562,629.4498901367188,627.2899780273438,627.8499755859375,142959
2025-03-06 20:10:00+00:00,628.635009765625,628.7949829101562,626.5599975585938,628.0399780273438,173705
2025-03-06 20:15:00+00:00,628.530029296875,629.5399780273438,627.6300048828125,628.6658935546875,113957
2025-03-06 20:20:00+00:00,626.1204833984375,628.9000244140625,625.0999755859375,628.2000122070312,133264
2025-03-06 20:25:00+00:00,627.7050170898438,627.955078125,625.5599975585938,626.1124877929688,115097
2025-03-06 20:30:00+00:00,627.3300170898438,628.9199829101562,627.010009765625,627.6799926757812,165363
2025-03-06 20:35:00+00:00,626.6317138671875,628.4600219726562,626.602294921875,627.3300170898438,134965
2025-03-06 20:40:00+00:00,626.0250244140625,627.1199951171875,625.4849853515625,626.5,149664
2025-03-06 20:45:00+00:00,627.27001953125,627.5,625.5,625.99169921875,171394
2025-03-06 20:50:00+00:00,628.6699829101562,628.9398803710938,627.0599975585938,627.5700073242188,243650
2025-03-06 20:55:00+00:00,627.9400024414062,628.9332275390625,626.9600219726562,628.6649780273438,503527
2025-03-07 14:30:00+00:00,627.4400024414062,627.4400024414062,622.1500244140625,625.3400268554688,1211722
2025-03-07 14:35:00+00:00,625.364990234375,629.2999267578125,624.010009765625,627.2899780273438,253176
2025-03-07 14:40:00+00:00,629.5,631.2100219726562,625.0,625.2849731445312,387774
2025-03-07 14:45:00+00:00,630.3499755859375,631.2100219726562,628.0100708007812,629.2849731445312,203270
2025-03-07 14:50:00+00:00,633.0499877929688,634.52001953125,629.52001953125,630.4450073242188,369663
2025-03-07 14:55:00+00:00,628.3250122070312,634.7899169921875,628.3250122070312,633.125,221910
2025-03-07 15:00:00+00:00,628.0750122070312,628.7100219726562,625.7899780273438,628.6099853515625,211526
2025-03-07 15:05:00+00:00,628.1199951171875,629.0800170898438,627.0,627.9500122070312,135840
2025-03-07 15:10:00+00:00,627.3499755859375,630.1699829101562,626.5700073242188,628.3599853515625,131565
2025-03-07 15:15:00+00:00,625.3463745117188,627.3499755859375,624.239990234375,627.2000122070312,146360
2025-03-07 15:20:00+00:00,625.4299926757812,625.9998779296875,623.3300170898438,625.6400146484375,188373
2025-03-07 15:25:00+00:00,620.5,625.0999145507812,620.1599731445312,625.0599975585938,307201
2025-03-07 15:30:00+00:00,615.75,620.4149780273438,615.010009765625,620.3099975585938,503408
2025-03-07 15:35:00+00:00,613.02001953125,615.6649780273438,611.489990234375,615.5,545799
2025-03-07 15:40:00+00:00,614.02001953125,615.4149780273438,611.1099853515625,613.1799926757812,387458
2025-03-07 15:45:00+00:00,615.5999755859375,617.6900024414062,611.4190063476562,614.0900268554688,485518
2025-03-07 15:50:00+00:00,614.6199951171875,616.6500244140625,613.25,616.4500122070312,307400
2025-03-07 15:55:00+00:00,614.489990234375,615.8198852539062,613.5599975585938,614.489990234375,165828
2025-03-07 16:00:00+00:00,612.6099853515625,615.4172973632812,611.148193359375,614.27001953125,236720
2025-03-07 16:05:00+00:00,613.2100219726562,614.39990234375,611.6199951171875,612.7999877929688,224110
2025-03-07 16:10:00+00:00,613.385009765625,613.8200073242188,612.0599975585938,613.5,171761
2025-03-07 16:15:00+00:00,610.1400146484375,613.3925170898438,609.3699951171875,613.385009765625,324667
2025-03-07 16:20:00+00:00,609.4500122070312,610.8300170898438,609.1500244140625,610.0599975585938,366657
2025-03-07 16:25:00+00:00,607.094970703125,609.659912109375,606.530029296875,609.3499755859375,426535
2025-03-07 16:30:00+00:00,606.0,607.7000122070312,605.6900024414062,607.2899780273438,361891
2025-03-07 16:35:00+00:00,605.5,606.5551147460938,604.3551025390625,606.1599731445312,378132
2025-03-07 16:40:00+00:00,602.8001098632812,605.1749877929688,600.85009765625,604.989990234375,497178
2025-03-07 16:45:00+00:00,602.7449951171875,603.75,602.1599731445312,603.1199951171875,330401
2025-03-07 16:50:00+00:00,602.5349731445312,602.869873046875,600.6099853515625,602.7449951171875,322795
2025-03-07 16:55:00+00:00,601.5999755859375,602.7100219726562,601.25,602.530029296875,283471
2025-03-07 17:00:00+00:00,605.3350219726562,606.8099975585938,601.719970703125,601.719970703125,458393
2025-03-07 17:05:00+00:00,603.1699829101562,606.0999755859375,602.8200073242188,605.5999755859375,194599
2025-03-07 17:10:00+00:00,602.8499755859375,603.5900268554688,601.1199951171875,603.27001953125,206561
2025-03-07 17:15:00+00:00,601.8419189453125,603.2100219726562,601.4099731445312,602.8200073242188,205591
2025-03-07 17:20:00+00:00,604.77001953125,604.8599853515625,601.8701171875,602.22998046875,208159
2025-03-07 17:25:00+00:00,606.4149780273438,606.97998046875,604.5399780273438,604.7899780273438,177640
2025-03-07 17:30:00+00:00,608.8049926757812,608.9400024414062,605.218994140625,606.1799926757812,223472
2025-03-07 17:35:00+00:00,608.1900024414062,609.4000244140625,606.6699829101562,608.780029296875,187916
2025-03-07 17:40:00+00:00,611.8399047851562,611.97998046875,608.0264282226562,608.1099853515625,208830
2025-03-07 17:45:00+00:00,610.989990234375,613.0499877929688,610.6300048828125,611.5833740234375,217615
2025-03-07 17:50:00+00:00,612.25,612.780029296875,610.2100219726562,610.989990234375,174132
2025-03-07 17:55:00+00:00,608.0599975585938,612.7799072265625,606.6300048828125,612.4000244140625,238084
2025-03-07 18:00:00+00:00,613.9400024414062,614.6500244140625,607.9354858398438,608.0999755859375,196038
2025-03-07 18:05:00+00:00,614.2100219726562,616.530029296875,613.864990234375,613.9400024414062,204399
2025-03-07 18:10:00+00:00,616.260009765625,616.5900268554688,613.3300170898438,614.2100219726562,213607
2025-03-07 18:15:00+00:00,617.2899780273438,617.5,615.6400146484375,616.469970703125,241636
2025-03-07 18:20:00+00:00,615.7000122070312,618.7899780273438,615.080078125,617.030029296875,207099
2025-03-07 18:25:00+00:00,615.52001953125,616.52001953125,614.5900268554688,615.47998046875,122323
2025-03-07 18:30:00+00:00,616.7100219726562,617.9600219726562,615.1199951171875,615.5750122070312,110437
2025-03-07 18:35:00+00:00,620.2550048828125,620.489990234375,616.35009765625,616.7100219726562,164915
2025-03-07 18:40:00+00:00,619.0,621.0,617.72998046875,620.0800170898438,210058
2025-03-07 18:45:00+00:00,620.6099853515625,621.3074951171875,618.6055908203125,618.989990234375,146336
2025-03-07 18:50:00+00:00,621.7169189453125,622.6599731445312,620.2572021484375,620.5900268554688,177114
2025-03-07 18:55:00+00:00,622.4459228515625,622.6300048828125,620.6400146484375,621.6749877929688,122538
2025-03-07 19:00:00+00:00,623.5900268554688,623.8602294921875,621.4791870117188,622.219970703125,200740
2025-03-07 19:05:00+00:00,620.1699829101562,623.3699951171875,620.0438232421875,623.2999877929688,135664
2025-03-07 19:10:00+00:00,623.489990234375,623.5,620.25,620.25,137475
2025-03-07 19:15:00+00:00,625.4149780273438,625.6900024414062,622.8350219726562,623.2000122070312,214594
2025-03-07 19:20:00+00:00,627.694091796875,628.22998046875,625.0399780273438,625.4149780273438,269135
2025-03-07 19:25:00+00:00,626.8599853515625,628.0999755859375,625.1901245117188,627.8499755859375,186326
2025-03-07 19:30:00+00:00,625.469970703125,627.35498046875,624.5,627.02001953125,211273
2025-03-07 19:35:00+00:00,625.0449829101562,626.3499145507812,623.8035278320312,625.469970703125,117395
2025-03-07 19:40:00+00:00,622.9000244140625,625.280029296875,622.86376953125,625.157470703125,108048
2025-03-07 19:45:00+00:00,622.3499755859375,623.6199951171875,621.5999755859375,623.0175170898438,224510
2025-03-07 19:50:00+00:00,624.0599975585938,624.6041870117188,622.239990234375,622.364990234375,86757
2025-03-07 19:55:00+00:00,624.6799926757812,625.3399047851562,624.0501708984375,624.2650146484375,108326
2025-03-07 20:00:00+00:00,624.219970703125,626.0,623.615478515625,624.3699951171875,104283
2025-03-07 20:05:00+00:00,626.2050170898438,626.4400024414062,623.27001953125,624.1849975585938,107772
2025-03-07 20:10:00+00:00,626.3900146484375,627.1799926757812,625.5900268554688,626.1514892578125,167110
2025-03-07 20:15:00+00:00,626.4600219726562,626.4650268554688,623.8001098632812,626.405029296875,138780
2025-03-07 20:20:00+00:00,623.72998046875,626.4600219726562,623.051025390625,626.4600219726562,137658
2025-03-07 20:25:00+00:00,624.1425170898438,624.5399780273438,623.1099853515625,623.6199951171875,104869
2025-03-07 20:30:00+00:00,624.7050170898438,624.9204711914062,622.5200805664062,623.97998046875,160404
2025-03-07 20:35:00+00:00,622.7050170898438,625.119873046875,621.864990234375,624.9600219726562,227563
2025-03-07 20:40:00+00:00,623.0399780273438,623.1900024414062,621.010009765625,622.6099853515625,178957
2025-03-07 20:45:00+00:00,625.3599853515625,625.8983154296875,622.8499755859375,623.1199951171875,176937
2025-03-07 20:50:00+00:00,626.7990112304688,626.7990112304688,624.5800170898438,625.1699829101562,226334
2025-03-07 20:55:00+00:00,625.3499755859375,627.6500244140625,625.0999755859375,626.7999877929688,881422
2025-03-10 13:30:00+00:00,605.5399780273438,610.0,603.5,608.0700073242188,1100914
2025-03-10 13:35:00+00:00,605.4550170898438,608.2899780273438,603.5701293945312,605.594970703125,326175
2025-03-10 13:40:00+00:00,608.8900146484375,609.5999755859375,604.763671875,605.4550170898438,317767
2025-03-10 13:45:00+00:00,607.9445190429688,610.1058959960938,606.8499755859375,608.8900146484375,315587
2025-03-10 13:50:00+00:00,604.4600219726562,609.0,603.8099975585938,608.0,270714
2025-03-10 13:55:00+00:00,605.22998046875,607.5999755859375,604.5700073242188,604.635009765625,214970
2025-03-10 14:00:00+00:00,601.9249877929688,605.0,600.260009765625,604.989990234375,452915
2025-03-10 14:05:00+00:00,599.5399780273438,602.8624877929688,599.02001953125,601.7000732421875,359789
2025-03-10 14:10:00+00:00,601.0,601.7999877929688,598.4500122070312,599.1900024414062,312433
2025-03-10 14:15:00+00:00,600.1400146484375,602.5999755859375,599.0700073242188,600.7100219726562,261235
2025-03-10 14:20:00+00:00,600.260009765625,600.989990234375,598.1099853515625,600.4425048828125,197081
2025-03-10 14:25:00+00:00,599.5700073242188,601.64990234375,599.1900024414062,600.4844970703125,204586
2025-03-10 14:30:00+00:00,597.0499877929688,600.6300048828125,595.7999877929688,599.7999877929688,332719
2025-03-10 14:35:00+00:00,598.3250122070312,598.9600219726562,595.7000122070312,597.0399780273438,276695
2025-03-10 14:40:00+00:00,596.0,598.9149780273438,596.0,598.1868286132812,234147
2025-03-10 14:45:00+00:00,594.1099853515625,596.3300170898438,593.0999755859375,596.0999755859375,430516
2025-03-10 14:50:00+00:00,589.4400024414062,594.52001953125,589.4400024414062,594.239990234375,398513
2025-03-10 14:55:00+00:00,587.4099731445312,590.1400146484375,586.8701171875,589.7150268554688,540050
2025-03-10 15:00:00+00:00,588.2332153320312,590.8400268554688,587.4199829101562,587.4199829101562,579521
2025-03-10 15:05:00+00:00,592.0599975585938,592.1898803710938,587.5,588.0,419916
2025-03-10 15:10:00+00:00,590.7000122070312,592.1798706054688,589.22998046875,591.7899780273438,268476
2025-03-10 15:15:00+00:00,588.8900146484375,591.2999877929688,588.6400146484375,590.5200805664062,241784
2025-03-10 15:20:00+00:00,591.5253295898438,592.3624267578125,587.8699951171875,588.77001953125,278256
2025-03-10 15:25:00+00:00,594.9000244140625,595.4099731445312,591.1544189453125,591.22998046875,406903
2025-03-10 15:30:00+00:00,597.2332763671875,598.0,594.3142700195312,594.9000244140625,376507
2025-03-10 15:35:00+00:00,598.3900146484375,600.2100219726562,597.2349853515625,597.2999877929688,440412
2025-03-10 15:40:00+00:00,597.0150146484375,598.8300170898438,596.2009887695312,598.405029296875,246146
2025-03-10 15:45:00+00:00,599.8391723632812,600.7150268554688,596.7650146484375,597.2000122070312,225430
2025-03-10 15:50:00+00:00,598.739990234375,600.62451171875,598.489990234375,600.030029296875,187757
2025-03-10 15:55:00+00:00,595.4099731445312,599.385009765625,595.0499877929688,598.739990234375,252103
2025-03-10 16:00:00+00:00,596.1649780273438,597.8143920898438,595.2899780273438,595.3300170898438,182324
2025-03-10 16:05:00+00:00,596.114990234375,596.9000244140625,595.0700073242188,596.1953735351562,120211
2025-03-10 16:10:00+00:00,598.0700073242188,598.0700073242188,596.155029296875,596.4500122070312,112195
2025-03-10 16:15:00+00:00,594.5656127929688,597.9600219726562,594.010009765625,597.9550170898438,175662
2025-03-10 16:20:00+00:00,593.4400024414062,594.8099975585938,592.5499877929688,594.47998046875,182566
2025-03-10 16:25:00+00:00,595.1973876953125,595.3800048828125,592.8499755859375,593.4429931640625,129999
2025-03-10 16:30:00+00:00,597.75,598.010009765625,594.8400268554688,595.5,164318
2025-03-10 16:35:00+00:00,592.6900024414062,598.0130004882812,592.3800048828125,597.7100219726562,154956
2025-03-10 16:40:00+00:00,591.3099975585938,593.1400146484375,591.010009765625,592.3800048828125,170451
2025-03-10 16:45:00+00:00,592.6799926757812,593.3399047851562,591.1300048828125,591.239990234375,194869
2025-03-10 16:50:00+00:00,592.5640869140625,593.869873046875,592.0001220703125,592.4400024414062,141011
2025-03-10 16:55:00+00:00,593.52001953125,594.3099975585938,592.1699829101562,592.625,141635
2025-03-10 17:00:00+00:00,592.0,594.280029296875,591.5800170898438,593.3200073242188,154383
2025-03-10 17:05:00+00:00,592.239990234375,593.1900024414062,590.52001953125,591.9299926757812,191882
2025-03-10 17:10:00+00:00,594.0,594.0,591.0001220703125,592.0999755859375,167688
2025-03-10 17:15:00+00:00,595.1900024414062,595.1900024414062,593.5900268554688,594.0599975585938,112894
2025-03-10 17:20:00+00:00,595.4135131835938,595.989990234375,594.4000854492188,595.0430908203125,138081
2025-03-10 17:25:00+00:00,594.739990234375,595.4550170898438,594.3099975585938,595.3250122070312,108323
2025-03-10 17:30:00+00:00,592.47998046875,594.9000244140625,592.2999877929688,594.7899780273438,113418
2025-03-10 17:35:00+00:00,591.260009765625,592.7999877929688,590.0103149414062,592.6600952148438,171136
2025-03-10 17:40:00+00:00,590.1701049804688,591.6284790039062,590.1600952148438,591.260009765625,113545
2025-03-10 17:45:00+00:00,590.4074096679688,592.0,589.75,590.469970703125,169779
2025-03-10 17:50:00+00:00,592.4600219726562,592.4600219726562,589.8499755859375,590.5349731445312,142235
2025-03-10 17:55:00+00:00,591.646728515625,592.719970703125,591.030029296875,592.489990234375,92238
2025-03-10 18:00:00+00:00,591.0700073242188,591.7999877929688,590.364990234375,591.7949829101562,87445
2025-03-10 18:05:00+00:00,591.77001953125,591.8499755859375,589.8222045898438,591.0700073242188,120367
2025-03-10 18:10:00+00:00,592.719970703125,594.572021484375,591.5001220703125,591.8200073242188,157522
2025-03-10 18:15:00+00:00,593.05517578125,593.9000244140625,592.6099853515625,592.6099853515625,137767
2025-03-10 18:20:00+00:00,593.109375,594.030029296875,592.8900146484375,593.0599975585938,464156
2025-03-10 18:25:00+00:00,592.25,593.4299926757812,591.25,593.1900024414062,91783
2025-03-10 18:30:00+00:00,592.469970703125,593.5399780273438,592.010009765625,592.6799926757812,77333
2025-03-10 18:35:00+00:00,591.5599975585938,592.5999755859375,591.5300903320312,592.469970703125,77332
2025-03-10 18:40:00+00:00,591.3300170898438,591.7999877929688,590.510009765625,591.6500244140625,95681
2025-03-10 18:45:00+00:00,591.8800048828125,592.2999877929688,591.051025390625,591.3250122070312,145678
2025-03-10 18:50:00+00:00,591.5449829101562,592.9899291992188,591.260009765625,592.02001953125,133155
2025-03-10 18:55:00+00:00,590.02001953125,591.5449829101562,590.02001953125,591.5399780273438,126122
2025-03-10 19:00:00+00:00,590.7100219726562,592.6599731445312,590.02001953125,590.030029296875,179145
2025-03-10 19:05:00+00:00,590.0999755859375,591.2000122070312,589.7301025390625,590.469970703125,189893
2025-03-10 19:10:00+00:00,591.469970703125,591.7000122070312,590.0,590.1920166015625,243041
2025-03-10 19:15:00+00:00,594.1749877929688,594.3300170898438,591.3499755859375,591.467529296875,218616
2025-03-10 19:20:00+00:00,595.9600219726562,596.1298828125,593.7999877929688,594.114990234375,228330
2025-03-10 19:25:00+00:00,597.1929931640625,599.1900024414062,595.22998046875,595.969970703125,345184
2025-03-10 19:30:00+00:00,600.8099975585938,601.1699829101562,597.1339111328125,597.2775268554688,254224
2025-03-10 19:35:00+00:00,599.2849731445312,601.27001953125,597.5399780273438,600.8499755859375,330678
2025-03-10 19:40:00+00:00,594.780029296875,599.5233764648438,594.6099853515625,599.2849731445312,341763
2025-03-10 19:45:00+00:00,597.385009765625,597.7576293945312,594.340087890625,595.3098754882812,221206
2025-03-10 19:50:00+00:00,596.5750122070312,598.5399169921875,595.8300170898438,597.6400146484375,363768
2025-03-10 19:55:00+00:00,598.1199951171875,598.530029296875,596.219970703125,596.594970703125,766893
2025-03-11 13:30:00+00:00,602.0050048828125,602.7269897460938,598.510009765625,598.6749877929688,1320345
2025-03-11 13:35:00+00:00,606.9013061523438,608.2098999023438,600.8599853515625,602.1400146484375,643457
2025-03-11 13:40:00+00:00,610.7050170898438,610.8798828125,605.510009765625,607.239990234375,604577
2025-03-11 13:45:00+00:00,611.1799926757812,611.8800048828125,608.219970703125,610.4119873046875,402330
2025-03-11 13:50:00+00:00,610.97998046875,613.4299926757812,609.5,611.1799926757812,451934
2025-03-11 13:55:00+00:00,609.8099975585938,612.5599975585938,609.0900268554688,611.0900268554688,315555
2025-03-11 14:00:00+00:00,604.905029296875,612.8200073242188,604.0499877929688,609.7849731445312,474536
2025-03-11 14:05:00+00:00,610.7000122070312,611.0499877929688,604.72998046875,604.72998046875,227035
2025-03-11 14:10:00+00:00,606.0,611.0,605.0,610.4000244140625,202615
2025-03-11 14:15:00+00:00,605.6500244140625,608.1699829101562,603.510009765625,606.030029296875,239195
2025-03-11 14:20:00+00:00,603.1170043945312,607.0,602.010009765625,605.4219970703125,185162
2025-03-11 14:25:00+00:00,600.7877807617188,603.875,600.1400146484375,603.114990234375,214833
2025-03-11 14:30:00+00:00,601.5449829101562,603.4857788085938,600.6199951171875,600.6199951171875,248547
2025-03-11 14:35:00+00:00,601.5250244140625,603.510009765625,600.2047119140625,601.97998046875,199256
2025-03-11 14:40:00+00:00,603.2000122070312,603.9837036132812,599.3699951171875,601.5499877929688,222430
2025-03-11 14:45:00+00:00,602.0399780273438,605.1699829101562,601.4000244140625,602.9400024414062,188587
2025-03-11 14:50:00+00:00,606.719970703125,607.6309814453125,601.2700805664062,602.2550048828125,251777
2025-03-11 14:55:00+00:00,600.594970703125,606.9185791015625,600.225830078125,606.9185791015625,242916
2025-03-11 15:00:00+00:00,601.52001953125,603.9500122070312,599.010009765625,600.8300170898438,186825
2025-03-11 15:05:00+00:00,605.5499877929688,606.3399047851562,601.2150268554688,601.5241088867188,224690
2025-03-11 15:10:00+00:00,604.8200073242188,607.0999755859375,603.9500122070312,605.5499877929688,172341
2025-03-11 15:15:00+00:00,604.7109985351562,606.3800048828125,603.718994140625,604.5349731445312,190065
2025-03-11 15:20:00+00:00,603.8699951171875,606.2999877929688,603.3300170898438,605.0499877929688,144916
2025-03-11 15:25:00+00:00,604.469970703125,606.22998046875,603.719970703125,603.8699951171875,111774
2025-03-11 15:30:00+00:00,607.0499877929688,607.5538940429688,604.0,604.7100219726562,113174
2025-03-11 15:35:00+00:00,607.0,607.75,604.8400268554688,607.3400268554688,125650
2025-03-11 15:40:00+00:00,609.0399780273438,610.2000122070312,606.7899780273438,606.9650268554688,158500
2025-03-11 15:45:00+00:00,609.125,609.49462890625,607.1799926757812,609.280029296875,79779
2025-03-11 15:50:00+00:00,608.22998046875,609.7747192382812,607.010009765625,609.1275024414062,85395
2025-03-11 15:55:00+00:00,605.3200073242188,608.4556884765625,605.1599731445312,608.3895263671875,89999
2025-03-11 16:00:00+00:00,604.6826171875,606.5349731445312,604.030029296875,605.1799926757812,102543
2025-03-11 16:05:00+00:00,603.7999877929688,605.5599975585938,602.8099975585938,604.85498046875,99176
2025-03-11 16:10:00+00:00,603.0,604.9998779296875,602.7000122070312,603.5,91437
2025-03-11 16:15:00+00:00,604.1400146484375,604.5,602.9099731445312,602.9349975585938,92738
2025-03-11 16:20:00+00:00,604.5548095703125,605.3499755859375,603.2501220703125,604.3800048828125,123914
2025-03-11 16:25:00+00:00,606.3499755859375,606.969970703125,604.25,604.405029296875,81651
2025-03-11 16:30:00+00:00,606.385009765625,607.72998046875,606.0,606.4600219726562,126121
2025-03-11 16:35:00+00:00,604.7637939453125,606.9500122070312,604.1571044921875,606.1649780273438,77572
2025-03-11 16:40:00+00:00,603.4249877929688,605.3350219726562,602.8001098632812,604.4600219726562,75762
2025-03-11 16:45:00+00:00,602.4650268554688,604.389892578125,602.1375732421875,603.5399780273438,107706
2025-03-11 16:50:00+00:00,601.510009765625,604.389892578125,600.6900024414062,602.4650268554688,154453
2025-03-11 16:55:00+00:00,600.7000122070312,603.003173828125,600.5,601.2550048828125,96401
2025-03-11 17:00:00+00:00,600.2449951171875,601.0549926757812,599.6199951171875,600.7000122070312,155959
2025-03-11 17:05:00+00:00,599.4849853515625,600.9533081054688,599.1599731445312,600.2899780273438,124126
2025-03-11 17:10:00+00:00,599.1400146484375,600.8099975585938,599.1400146484375,599.4000244140625,145584
2025-03-11 17:15:00+00:00,599.6099853515625,600.9484252929688,598.5100708007812,599.4299926757812,105774
2025-03-11 17:20:00+00:00,597.7000122070312,599.97998046875,596.719970703125,599.6099853515625,141051
2025-03-11 17:25:00+00:00,596.2000122070312,598.0316772460938,596.0700073242188,597.7050170898438,94222
2025-03-11 17:30:00+00:00,596.4091796875,597.8699951171875,595.5599975585938,596.030029296875,128467
2025-03-11 17:35:00+00:00,597.989990234375,598.4400024414062,595.7009887695312,596.4600219726562,98344
2025-03-11 17:40:00+00:00,599.9349975585938,600.1300048828125,597.6159057617188,597.8150024414062,103176
2025-03-11 17:45:00+00:00,602.1649780273438,602.9998779296875,599.7020874023438,600.02001953125,122449
2025-03-11 17:50:00+00:00,601.8800048828125,603.393798828125,600.7899780273438,602.1649780273438,108399
2025-03-11 17:55:00+00:00,601.4199829101562,602.1755981445312,599.2000122070312,602.1300048828125,105650
2025-03-11 18:00:00+00:00,604.3150024414062,605.3200073242188,600.7999877929688,601.3629150390625,102853
2025-03-11 18:05:00+00:00,604.4199829101562,605.280029296875,603.0,604.25,110126
2025-03-11 18:10:00+00:00,606.369873046875,606.369873046875,604.2550048828125,604.2550048828125,117671
2025-03-11 18:15:00+00:00,605.844970703125,606.3300170898438,604.989990234375,605.9400024414062,67835
2025-03-11 18:20:00+00:00,606.10009765625,608.2650146484375,605.306884765625,605.875,130924
2025-03-11 18:25:00+00:00,606.6099853515625,607.47998046875,605.489990234375,606.4349975585938,120377
2025-03-11 18:30:00+00:00,605.6699829101562,607.969970703125,605.3200073242188,606.6099853515625,126472
2025-03-11 18:35:00+00:00,607.1209716796875,607.419921875,605.0,606.1199951171875,116642
2025-03-11 18:40:00+00:00,609.9199829101562,610.7999877929688,606.9091796875,607.1500244140625,203310
2025-03-11 18:45:00+00:00,611.1799926757812,611.760009765625,609.6599731445312,610.1300048828125,204450
2025-03-11 18:50:00+00:00,613.0079956054688,614.5,610.9299926757812,610.9600219726562,275892
2025-03-11 18:55:00+00:00,611.8099975585938,613.469970703125,610.7581787109375,612.735595703125,194907
2025-03-11 19:00:00+00:00,611.5250244140625,612.469970703125,609.8499755859375,612.010009765625,167712
2025-03-11 19:05:00+00:00,613.8001098632812,614.9340209960938,611.3400268554688,611.739990234375,237422
2025-03-11 19:10:00+00:00,610.560791015625,614.0,610.25,613.9299926757812,261337
2025-03-11 19:15:00+00:00,610.2150268554688,610.659912109375,608.4901123046875,610.4500122070312,182488
2025-03-11 19:20:00+00:00,607.0599975585938,611.47998046875,607.0,610.280029296875,109560
2025-03-11 19:25:00+00:00,609.27001953125,609.8289794921875,606.9450073242188,607.0999755859375,191956
2025-03-11 19:30:00+00:00,607.9199829101562,609.5798950195312,607.5599975585938,609.27001953125,85173
2025-03-11 19:35:00+00:00,608.25,609.530029296875,607.3599853515625,607.6300048828125,90322
2025-03-11 19:40:00+00:00,609.6950073242188,610.0,607.8201293945312,608.219970703125,88034
2025-03-11 19:45:00+00:00,610.64501953125,610.93359375,608.4277954101562,609.6950073242188,108035
2025-03-11 19:50:00+00:00,608.219970703125,610.52001953125,606.3900146484375,610.2999877929688,183919
2025-03-11 19:55:00+00:00,605.4199829101562,608.094970703125,604.719970703125,607.260009765625,498520
2025-03-12 13:30:00+00:00,630.0,631.75,625.0,629.1599731445312,1845751
2025-03-12 13:35:00+00:00,629.280029296875,632.3300170898438,628.0,629.8900146484375,579484
2025-03-12 13:40:00+00:00,627.1099853515625,633.3300170898438,626.2623901367188,629.2750244140625,723729
2025-03-12 13:45:00+00:00,626.8599853515625,630.8840942382812,625.880126953125,630.625,408316
2025-03-12 13:50:00+00:00,623.7349853515625,627.72998046875,623.21142578125,627.0,327589
2025-03-12 13:55:00+00:00,623.1699829101562,624.0700073242188,620.8300170898438,623.5,311556
2025-03-12 14:00:00+00:00,624.0,624.010009765625,620.5733032226562,622.97998046875,339043
2025-03-12 14:05:00+00:00,628.6099853515625,628.6199951171875,624.0,624.0,367509
2025-03-12 14:10:00+00:00,625.0650024414062,628.8847045898438,624.7999877929688,628.4450073242188,241446
2025-03-12 14:15:00+00:00,621.655029296875,624.9329223632812,620.7760009765625,624.8499755859375,286057
2025-03-12 14:20:00+00:00,623.0650024414062,624.8499755859375,621.239990234375,621.5800170898438,252605
2025-03-12 14:25:00+00:00,623.6099853515625,624.7999877929688,622.2675170898438,622.8563842773438,171460
2025-03-12 14:30:00+00:00,618.9199829101562,623.8300170898438,618.010009765625,623.4299926757812,193803
2025-03-12 14:35:00+00:00,618.969970703125,619.636474609375,617.2550048828125,618.7794189453125,210095
2025-03-12 14:40:00+00:00,617.8699951171875,619.8300170898438,617.5999755859375,618.9199829101562,146898
2025-03-12 14:45:00+00:00,617.3900146484375,619.169921875,617.1799926757812,617.6900024414062,109461
2025-03-12 14:50:00+00:00,618.7000122070312,618.8328247070312,616.5549926757812,617.2000122070312,170309
2025-03-12 14:55:00+00:00,614.125,618.8079223632812,613.719970703125,618.8079223632812,199374
2025-03-12 15:00:00+00:00,611.8350219726562,615.510009765625,611.7999877929688,614.2999877929688,198690
2025-03-12 15:05:00+00:00,610.5098876953125,612.27001953125,609.52001953125,612.0,352511
2025-03-12 15:10:00+00:00,611.9749755859375,612.9998779296875,610.2100219726562,610.2100219726562,181553
2025-03-12 15:15:00+00:00,614.0349731445312,614.7000122070312,611.1300048828125,612.0,148784
2025-03-12 15:20:00+00:00,614.989990234375,615.4998779296875,612.8200073242188,614.0599975585938,132535
2025-03-12 15:25:00+00:00,615.1599731445312,616.3599243164062,614.1099853515625,615.1799926757812,241764
2025-03-12 15:30:00+00:00,615.0,616.0753784179688,613.97998046875,615.3200073242188,129966
2025-03-12 15:35:00+00:00,616.948974609375,617.260009765625,614.7750244140625,615.0,102383
2025-03-12 15:40:00+00:00,616.6275024414062,617.469970703125,616.1099853515625,616.541015625,188849
2025-03-12 15:45:00+00:00,618.3049926757812,618.8400268554688,616.0,616.6300048828125,133087
2025-03-12 15:50:00+00:00,619.1799926757812,619.669921875,618.2100219726562,618.510009765625,106048
2025-03-12 15:55:00+00:00,619.3900146484375,619.4199829101562,616.7899780273438,619.1799926757812,115711
2025-03-12 16:00:00+00:00,618.2100219726562,619.5800170898438,617.5042114257812,619.260009765625,153495
2025-03-12 16:05:00+00:00,621.717529296875,622.010009765625,617.8900146484375,618.27001953125,116522
2025-03-12 16:10:00+00:00,622.0499877929688,622.7999877929688,620.260009765625,621.7550048828125,179473
2025-03-12 16:15:00+00:00,621.3300170898438,622.0499877929688,620.260009765625,621.5599975585938,105736
2025-03-12 16:20:00+00:00,622.5599975585938,622.75,621.239990234375,621.5599975585938,123779
2025-03-12 16:25:00+00:00,621.6799926757812,622.739990234375,621.1500854492188,622.5399780273438,105932
2025-03-12 16:30:00+00:00,623.5399780273438,623.6359252929688,621.8049926757812,621.989990234375,107042
2025-03-12 16:35:00+00:00,622.0001220703125,624.4498291015625,622.0001220703125,623.5399780273438,152786
2025-03-12 16:40:00+00:00,619.1951293945312,622.2449951171875,618.8884887695312,622.2449951171875,223391
2025-03-12 16:45:00+00:00,622.7550048828125,623.0698852539062,619.219970703125,619.4099731445312,127539
2025-03-12 16:50:00+00:00,623.1400146484375,623.7999877929688,621.548828125,623.0219116210938,132462
2025-03-12 16:55:00+00:00,621.2681884765625,623.5599975585938,620.8001098632812,623.2899780273438,74432
2025-03-12 17:00:00+00:00,620.5800170898438,621.5399780273438,619.6901245117188,621.0599975585938,106474
2025-03-12 17:05:00+00:00,621.8099975585938,621.989990234375,619.27001953125,620.3699951171875,72798
2025-03-12 17:10:00+00:00,622.5900268554688,622.7999877929688,620.7949829101562,621.7999877929688,93713
2025-03-12 17:15:00+00:00,621.927490234375,622.77001953125,621.1400146484375,622.60498046875,77929
2025-03-12 17:20:00+00:00,623.0,623.260009765625,621.5,621.5,81941
2025-03-12 17:25:00+00:00,621.9199829101562,623.1099853515625,621.1799926757812,622.8699951171875,83603
2025-03-12 17:30:00+00:00,620.9199829101562,622.6699829101562,620.3800048828125,622.010009765625,97373
2025-03-12 17:35:00+00:00,620.1693725585938,621.5670776367188,620.1693725585938,621.0,63431
2025-03-12 17:40:00+00:00,619.3300170898438,620.8798828125,619.130126953125,620.405029296875,77817
2025-03-12 17:45:00+00:00,618.60009765625,620.9968872070312,618.60009765625,619.3900146484375,80603
2025-03-12 17:50:00+00:00,617.9586181640625,619.3900146484375,617.4500122070312,618.8800048828125,113004
2025-03-12 17:55:00+00:00,614.9600219726562,617.97998046875,614.8699951171875,617.7200927734375,143333
2025-03-12 18:00:00+00:00,616.8049926757812,618.219970703125,614.6699829101562,614.9600219726562,111227
2025-03-12 18:05:00+00:00,616.5,617.3200073242188,616.0731811523438,616.6699829101562,69998
2025-03-12 18:10:00+00:00,618.47998046875,618.7999877929688,616.7249755859375,616.8300170898438,84684
2025-03-12 18:15:00+00:00,619.7484741210938,619.8800048828125,618.5050048828125,618.5050048828125,66133
2025-03-12 18:20:00+00:00,618.989990234375,620.3599243164062,618.4401245117188,619.8800048828125,81764
2025-03-12 18:25:00+00:00,619.77001953125,619.9298706054688,618.5499877929688,619.0999755859375,61943
2025-03-12 18:30:00+00:00,620.1749877929688,620.6599731445312,619.02001953125,619.760009765625,74515
2025-03-12 18:35:00+00:00,619.739990234375,620.3200073242188,619.2999877929688,620.114990234375,54980
2025-03-12 18:40:00+00:00,620.6500244140625,620.7360229492188,619.77001953125,619.7750244140625,71204
2025-03-12 18:45:00+00:00,621.9099731445312,622.3300170898438,620.4949951171875,620.6199951171875,77004
2025-03-12 18:50:00+00:00,620.7210083007812,622.0261840820312,620.2600708007812,621.9099731445312,79245
2025-03-12 18:55:00+00:00,621.7000122070312,621.8670043945312,619.7130126953125,620.739990234375,56941
2025-03-12 19:00:00+00:00,620.989990234375,621.6799926757812,620.10009765625,621.530029296875,78520
2025-03-12 19:05:00+00:00,621.4000244140625,621.4500122070312,620.0999755859375,620.6099853515625,72270
2025-03-12 19:10:00+00:00,621.623291015625,621.969970703125,620.9849853515625,621.280029296875,89083
2025-03-12 19:15:00+00:00,622.3499755859375,622.7000122070312,620.8400268554688,621.625,144357
2025-03-12 19:20:00+00:00,621.4600219726562,622.6300048828125,620.7800903320312,622.3499755859375,121817
2025-03-12 19:25:00+00:00,621.5399780273438,622.2899780273438,620.9495239257812,621.4400024414062,151983
2025-03-12 19:30:00+00:00,621.5795288085938,622.5,621.2000122070312,621.6599731445312,103002
2025-03-12 19:35:00+00:00,619.9299926757812,621.5800170898438,619.4168701171875,621.5800170898438,137649
2025-03-12 19:40:00+00:00,619.1950073242188,619.9500122070312,618.2999877929688,619.9299926757812,116360
2025-03-12 19:45:00+00:00,620.530029296875,620.6900024414062,619.1500244140625,619.3300170898438,118724
2025-03-12 19:50:00+00:00,620.4400024414062,620.5700073242188,618.4334716796875,620.47998046875,179849
2025-03-12 19:55:00+00:00,619.3400268554688,621.3400268554688,619.3200073242188,620.4099731445312,375220
2025-03-13 13:30:00+00:00,618.0725708007812,620.5,615.6300048828125,620.2449951171875,548351
2025-03-13 13:35:00+00:00,611.2449951171875,618.5338134765625,610.8800048828125,618.0700073242188,226925
2025-03-13 13:40:00+00:00,607.869873046875,612.52001953125,607.1199951171875,611.1099853515625,320012
2025-03-13 13:45:00+00:00,606.1799926757812,608.3504028320312,605.0599975585938,607.3699951171875,323772
2025-03-13 13:50:00+00:00,601.64501953125,606.92529296875,600.2100830078125,606.0499877929688,406731
2025-03-13 13:55:00+00:00,597.9575805664062,602.2807006835938,597.1199951171875,601.64501953125,494375
2025-03-13 14:00:00+00:00,600.0549926757812,600.72998046875,596.0399780273438,597.5,369822
2025-03-13 14:05:00+00:00,600.0,601.7429809570312,599.3524780273438,600.2282104492188,284305
2025-03-13 14:10:00+00:00,601.0999755859375,601.1998901367188,597.5499877929688,600.1199951171875,245190
2025-03-13 14:15:00+00:00,603.489990234375,603.760009765625,600.655029296875,601.0814208984375,283991
2025-03-13 14:20:00+00:00,605.3499755859375,605.5399780273438,602.8250122070312,603.5800170898438,200326
2025-03-13 14:25:00+00:00,603.625,606.8900146484375,603.0,605.4400024414062,269074
2025-03-13 14:30:00+00:00,603.5599975585938,605.4598999023438,602.510009765625,603.6099853515625,166985
2025-03-13 14:35:00+00:00,602.1799926757812,604.3300170898438,601.510009765625,603.8952026367188,155373
2025-03-13 14:40:00+00:00,601.2999877929688,602.2864990234375,600.6900024414062,602.239990234375,133730
2025-03-13 14:45:00+00:00,601.4650268554688,602.989990234375,600.75,601.2999877929688,126909
2025-03-13 14:50:00+00:00,603.7899780273438,604.5618286132812,601.4035034179688,601.4650268554688,216370
2025-03-13 14:55:00+00:00,601.4000244140625,604.0499877929688,600.7899780273438,603.7999877929688,145650
2025-03-13 15:00:00+00:00,601.4099731445312,603.010009765625,601.2949829101562,601.2949829101562,133782
2025-03-13 15:05:00+00:00,598.2249755859375,602.2354125976562,598.030029296875,601.47998046875,179206
2025-03-13 15:10:00+00:00,597.6900024414062,599.2799072265625,597.0900268554688,598.4199829101562,162495
2025-03-13 15:15:00+00:00,598.239990234375,598.239990234375,596.5,597.7999877929688,234856
2025-03-13 15:20:00+00:00,597.6099853515625,598.0474243164062,596.6799926757812,597.9400024414062,127132
2025-03-13 15:25:00+00:00,595.97998046875,598.040283203125,595.0999755859375,597.625,195683
2025-03-13 15:30:00+00:00,597.2249755859375,597.47998046875,595.573974609375,595.7000122070312,102246
2025-03-13 15:35:00+00:00,594.8355712890625,597.3663940429688,594.3599853515625,597.22998046875,155080
2025-03-13 15:40:00+00:00,597.4400024414062,598.4345703125,594.219970703125,594.8400268554688,187215
2025-03-13 15:45:00+00:00,597.97998046875,598.3599853515625,596.7999877929688,597.22998046875,92421
2025-03-13 15:50:00+00:00,595.02001953125,597.7774047851562,594.8699951171875,597.7100219726562,171331
2025-03-13 15:55:00+00:00,593.3599853515625,595.27001953125,593.2899780273438,595.0900268554688,118200
2025-03-13 16:00:00+00:00,594.8499755859375,594.8499755859375,593.010009765625,593.510009765625,198584
2025-03-13 16:05:00+00:00,594.97998046875,595.239990234375,593.780029296875,595.0,139152
2025-03-13 16:10:00+00:00,592.6799926757812,595.0186767578125,592.5700073242188,594.8499755859375,157253
2025-03-13 16:15:00+00:00,592.9962768554688,593.814208984375,592.5800170898438,592.655029296875,155570
2025-03-13 16:20:00+00:00,594.2000732421875,595.159912109375,592.7100219726562,592.7849731445312,147955
2025-03-13 16:25:00+00:00,595.0,595.2672119140625,594.22998046875,594.4000244140625,122287
2025-03-13 16:30:00+00:00,596.7324829101562,596.9099731445312,594.5900268554688,594.7999877929688,117132
2025-03-13 16:35:00+00:00,597.4949951171875,597.9000244140625,596.1199951171875,596.719970703125,116396
2025-03-13 16:40:00+00:00,595.5,597.72998046875,595.1599731445312,597.65771484375,127413
2025-03-13 16:45:00+00:00,593.093505859375,595.8599853515625,591.6900024414062,595.5,181038
2025-03-13 16:50:00+00:00,593.2150268554688,594.8474731445312,592.5551147460938,593.155029296875,123305
2025-03-13 16:55:00+00:00,593.14501953125,593.6199951171875,592.0999755859375,593.6091918945312,124024
2025-03-13 17:00:00+00:00,592.344970703125,593.3699951171875,591.260009765625,593.3699951171875,168179
2025-03-13 17:05:00+00:00,592.3060913085938,593.5599975585938,591.3400268554688,592.52001953125,142957
2025-03-13 17:10:00+00:00,590.5250244140625,592.8743286132812,589.75,592.3250122070312,197505
2025-03-13 17:15:00+00:00,589.1799926757812,591.444580078125,588.7349243164062,590.5250244140625,195072
2025-03-13 17:20:00+00:00,590.4249877929688,590.8895263671875,588.6801147460938,589.3599853515625,245638
2025-03-13 17:25:00+00:00,590.5,591.239990234375,589.9500122070312,590.2449951171875,152368
2025-03-13 17:30:00+00:00,589.0797729492188,590.5,588.7999877929688,590.3599853515625,166570
2025-03-13 17:35:00+00:00,589.2816772460938,589.8300170898438,588.010009765625,589.0449829101562,154786
2025-03-13 17:40:00+00:00,586.8800048828125,589.9099731445312,586.6099853515625,589.0,227217
2025-03-13 17:45:00+00:00,588.8140258789062,588.8140258789062,586.510009765625,586.97998046875,155199
2025-03-13 17:50:00+00:00,588.8699951171875,589.7000122070312,587.8679809570312,588.6900024414062,176942
2025-03-13 17:55:00+00:00,588.27001953125,588.969970703125,587.5,588.8499755859375,155882
2025-03-13 18:00:00+00:00,590.4949951171875,591.1500244140625,588.1599731445312,588.27001953125,210812
2025-03-13 18:05:00+00:00,591.27001953125,591.7098999023438,589.8521728515625,590.469970703125,165791
2025-03-13 18:10:00+00:00,593.5800170898438,593.8900146484375,591.239990234375,591.2808227539062,159152
2025-03-13 18:15:00+00:00,592.5,593.489990234375,592.0,593.344970703125,161195
2025-03-13 18:20:00+00:00,593.4749755859375,594.1400146484375,592.135009765625,592.280029296875,133882
2025-03-13 18:25:00+00:00,594.0700073242188,594.3200073242188,592.5401000976562,593.6788940429688,152387
2025-03-13 18:30:00+00:00,594.3400268554688,595.3300170898438,593.0900268554688,594.1569213867188,118267
2025-03-13 18:35:00+00:00,595.719970703125,596.2000122070312,594.1201171875,594.364990234375,132844
2025-03-13 18:40:00+00:00,596.7080078125,596.8997192382812,595.1199951171875,595.7871704101562,119694
2025-03-13 18:45:00+00:00,596.6724853515625,597.010009765625,595.5399780273438,596.64501953125,88076
2025-03-13 18:50:00+00:00,595.489990234375,596.9500122070312,594.5999755859375,596.3200073242188,153269
2025-03-13 18:55:00+00:00,597.1669921875,597.3875122070312,595.1599731445312,595.4099731445312,124972
2025-03-13 19:00:00+00:00,595.8599853515625,598.3779907226562,595.5,597.02001953125,162721
2025-03-13 19:05:00+00:00,594.4400024414062,595.9099731445312,594.1199951171875,595.8599853515625,144532
2025-03-13 19:10:00+00:00,594.4400024414062,595.409912109375,594.0,594.2100219726562,161220
2025-03-13 19:15:00+00:00,595.2899780273438,595.7968139648438,594.22998046875,594.75,110361
2025-03-13 19:20:00+00:00,594.1522216796875,595.405029296875,594.0,595.405029296875,93314
2025-03-13 19:25:00+00:00,592.489990234375,594.260009765625,591.7899780273438,594.2100219726562,229742
2025-03-13 19:30:00+00:00,593.2000122070312,593.280029296875,591.6242065429688,592.5900268554688,152983
2025-03-13 19:35:00+00:00,590.8099975585938,593.1799926757812,590.7899780273438,592.9000244140625,149937
2025-03-13 19:40:00+00:00,591.1599731445312,591.6500244140625,590.4232177734375,591.0,172100
2025-03-13 19:45:00+00:00,591.1624755859375,591.7999877929688,590.322998046875,591.0700073242188,232390
2025-03-13 19:50:00+00:00,590.0700073242188,591.27001953125,589.3499755859375,591.010009765625,326281
2025-03-13 19:55:00+00:00,590.760009765625,591.030029296875,589.2349853515625,590.2100219726562,591067
2025-03-14 13:30:00+00:00,602.0650024414062,604.2000122070312,600.5999755859375,603.02001953125,1015330
2025-03-14 13:35:00+00:00,604.6799926757812,606.5,602.27001953125,602.3900146484375,489988
2025-03-14 13:40:00+00:00,602.5399780273438,605.1799926757812,601.7540283203125,604.989990234375,267696
2025-03-14 13:45:00+00:00,602.0499877929688,603.3499755859375,601.8699951171875,602.52001953125,219433
2025-03-14 13:50:00+00:00,600.3001098632812,603.7000122070312,600.3001098632812,602.1799926757812,201094
2025-03-14 13:55:00+00:00,598.5598754882812,601.2100219726562,597.9299926757812,600.4600219726562,288363
2025-03-14 14:00:00+00:00,598.4199829101562,598.8955078125,594.780029296875,598.280029296875,370019
2025-03-14 14:05:00+00:00,597.8599853515625,601.6500244140625,597.5,598.5,266211
2025-03-14 14:10:00+00:00,597.9500122070312,599.639892578125,597.219970703125,598.1099853515625,206435
2025-03-14 14:15:00+00:00,599.6400146484375,599.6400146484375,597.7000122070312,597.9500122070312,139039
2025-03-14 14:20:00+00:00,599.7340698242188,600.2142944335938,597.0285034179688,599.3599853515625,180180
2025-03-14 14:25:00+00:00,597.1900024414062,599.9600219726562,596.52001953125,599.8220825195312,122530
2025-03-14 14:30:00+00:00,598.6950073242188,598.9249877929688,596.780029296875,597.1599731445312,94435
2025-03-14 14:35:00+00:00,600.530029296875,601.0,597.3499755859375,598.6300048828125,103054
2025-03-14 14:40:00+00:00,600.260009765625,601.3298950195312,598.7999877929688,600.5999755859375,154729
2025-03-14 14:45:00+00:00,601.5850219726562,602.2000122070312,600.1500244140625,600.27001953125,158156
2025-03-14 14:50:00+00:00,601.6500244140625,602.4600219726562,601.2545166015625,601.7999877929688,111352
2025-03-14 14:55:00+00:00,602.885498046875,602.8895263671875,600.4400024414062,601.47998046875,186929
2025-03-14 15:00:00+00:00,602.7550048828125,604.3800048828125,602.4099731445312,602.8900146484375,191258
2025-03-14 15:05:00+00:00,601.9600219726562,603.5800170898438,601.5999755859375,602.7575073242188,161117
2025-03-14 15:10:00+00:00,602.5999755859375,603.5800170898438,601.5,601.7899780273438,154086
2025-03-14 15:15:00+00:00,604.0399780273438,604.2100219726562,602.47998046875,602.625,144111
2025-03-14 15:20:00+00:00,604.2794799804688,605.25,603.8300170898438,603.8300170898438,181192
2025-03-14 15:25:00+00:00,603.47998046875,605.2553100585938,603.0,604.219970703125,99429
2025-03-14 15:30:00+00:00,605.219970703125,605.5800170898438,603.1201171875,603.4749755859375,102573
2025-03-14 15:35:00+00:00,607.0,607.0,605.094970703125,605.22998046875,256132
2025-03-14 15:40:00+00:00,607.0,607.7799072265625,606.7000122070312,606.9299926757812,196713
2025-03-14 15:45:00+00:00,605.3486938476562,607.2000122070312,604.760009765625,606.8599853515625,155404
2025-03-14 15:50:00+00:00,605.739990234375,605.9099731445312,604.5,605.530029296875,85136
2025-03-14 15:55:00+00:00,607.2100219726562,607.3599853515625,605.5468139648438,605.780029296875,149490
2025-03-14 16:00:00+00:00,607.0900268554688,607.885009765625,606.530029296875,607.25,114904
2025-03-14 16:05:00+00:00,607.0650024414062,607.5499877929688,606.5900268554688,606.9000244140625,112332
2025-03-14 16:10:00+00:00,606.47998046875,607.47998046875,605.4500122070312,607.260009765625,160352
2025-03-14 16:15:00+00:00,605.8699951171875,606.6199951171875,605.0,606.4299926757812,147682
2025-03-14 16:20:00+00:00,607.3150024414062,607.5,605.969970703125,606.0,163476
2025-03-14 16:25:00+00:00,605.1400146484375,607.6799926757812,604.9000244140625,607.4500122070312,115813
2025-03-14 16:30:00+00:00,606.1799926757812,606.1799926757812,604.8900146484375,605.1300048828125,74923
2025-03-14 16:35:00+00:00,605.864990234375,607.27001953125,605.7769775390625,606.0,78622
2025-03-14 16:40:00+00:00,606.3900146484375,606.6400146484375,605.7700805664062,605.864990234375,48581
2025-03-14 16:45:00+00:00,606.260009765625,606.619873046875,606.0,606.22998046875,58114
2025-03-14 16:50:00+00:00,607.0900268554688,607.5579223632812,606.0634155273438,606.3499755859375,102726
2025-03-14 16:55:00+00:00,606.3099975585938,607.219970703125,606.2750244140625,607.06689453125,70825
2025-03-14 17:00:00+00:00,606.2150268554688,607.409912109375,605.5999755859375,606.1799926757812,106262
2025-03-14 17:05:00+00:00,607.2349853515625,607.3499145507812,605.7899780273438,606.2100219726562,84282
2025-03-14 17:10:00+00:00,606.7849731445312,607.2000122070312,606.3599853515625,607.2000122070312,65733
2025-03-14 17:15:00+00:00,606.0,607.3200073242188,605.9199829101562,606.7750244140625,46260
2025-03-14 17:20:00+00:00,605.7246704101562,606.8800048828125,605.7246704101562,605.8369750976562,74095
2025-03-14 17:25:00+00:00,604.8400268554688,606.1400146484375,604.5753784179688,605.9149780273438,87580
2025-03-14 17:30:00+00:00,604.5800170898438,605.8900146484375,604.2420043945312,605.0499877929688,60165
2025-03-14 17:35:00+00:00,604.614990234375,605.02001953125,603.5900268554688,604.5850219726562,89707
2025-03-14 17:40:00+00:00,604.1008911132812,604.77001953125,603.8400268554688,604.6099853515625,53757
2025-03-14 17:45:00+00:00,603.4949951171875,604.4099731445312,603.2000122070312,603.9299926757812,67152
2025-03-14 17:50:00+00:00,604.5430297851562,604.7999877929688,603.3757934570312,603.4949951171875,59572
2025-03-14 17:55:00+00:00,604.3499755859375,604.7000122070312,603.692626953125,604.530029296875,64224
2025-03-14 18:00:00+00:00,605.0,605.1508178710938,604.0725708007812,604.47998046875,75454
2025-03-14 18:05:00+00:00,605.8499755859375,605.8499755859375,604.7899780273438,605.0850219726562,43118
2025-03-14 18:10:00+00:00,605.3200073242188,606.10498046875,605.1716918945312,605.9758911132812,54451
2025-03-14 18:15:00+00:00,604.9349975585938,605.39501953125,604.5999755859375,605.39501953125,82002
2025-03-14 18:20:00+00:00,604.5670776367188,605.6300048828125,604.2899780273438,604.9349975585938,50162
2025-03-14 18:25:00+00:00,605.4500122070312,605.969970703125,604.5432739257812,604.6599731445312,51872
2025-03-14 18:30:00+00:00,606.375,606.5800170898438,605.3499755859375,605.4500122070312,56574
2025-03-14 18:35:00+00:00,607.10498046875,607.25,606.239990234375,606.25,68634
2025-03-14 18:40:00+00:00,606.8900146484375,607.4019775390625,606.5,607.25,58246
2025-03-14 18:45:00+00:00,606.9000244140625,607.5335083007812,606.7175903320312,606.75,62431
2025-03-14 18:50:00+00:00,606.1900024414062,607.2827758789062,606.0499877929688,606.8800048828125,49290
2025-03-14 18:55:00+00:00,606.6799926757812,606.8900146484375,605.72998046875,606.2899780273438,62387
2025-03-14 19:00:00+00:00,607.2150268554688,607.3499755859375,606.2296752929688,606.4400024414062,58359
2025-03-14 19:05:00+00:00,606.6500244140625,607.5,606.6500244140625,607.2000122070312,59529
2025-03-14 19:10:00+00:00,606.9000244140625,607.1500244140625,606.3709106445312,606.6849975585938,40946
2025-03-14 19:15:00+00:00,606.0499877929688,607.1179809570312,605.8200073242188,607.1179809570312,57421
2025-03-14 19:20:00+00:00,605.030029296875,606.3699951171875,604.4199829101562,606.0800170898438,91644
2025-03-14 19:25:00+00:00,605.1749877929688,605.760009765625,605.030029296875,605.1500244140625,66611
2025-03-14 19:30:00+00:00,606.4099731445312,606.5999755859375,605.1099853515625,605.1950073242188,99439
2025-03-14 19:35:00+00:00,605.9299926757812,606.6812133789062,605.7999877929688,606.385009765625,93252
2025-03-14 19:40:00+00:00,606.1300048828125,606.3300170898438,605.530029296875,605.8900146484375,77978
2025-03-14 19:45:00+00:00,607.3400268554688,607.489990234375,605.5999755859375,606.0449829101562,150099
2025-03-14 19:50:00+00:00,608.4149780273438,608.8400268554688,605.8701171875,607.3800048828125,268150
2025-03-14 19:55:00+00:00,607.5700073242188,608.8599853515625,607.3200073242188,608.260009765625,652296
2025-03-17 13:30:00+00:00,605.8499755859375,610.7299194335938,604.7000122070312,607.4600219726562,767070
2025-03-17 13:35:00+00:00,611.4149780273438,611.8900146484375,604.780029296875,605.5999755859375,294350
2025-03-17 13:40:00+00:00,609.60009765625,613.0,609.5999755859375,611.4149780273438,291061
2025-03-17 13:45:00+00:00,605.8400268554688,610.5800170898438,605.3099975585938,609.7849731445312,269804
2025-03-17 13:50:00+00:00,609.594970703125,610.159912109375,605.0650024414062,605.726806640625,220953
2025-03-17 13:55:00+00:00,608.0,610.1199951171875,607.989990234375,609.5150146484375,184886
2025-03-17 14:00:00+00:00,606.1400146484375,608.2999877929688,604.2999877929688,607.75,200995
2025-03-17 14:05:00+00:00,606.0599975585938,607.0,604.6599731445312,605.9500122070312,213391
2025-03-17 14:10:00+00:00,607.9099731445312,608.47998046875,605.6500244140625,605.780029296875,182723
2025-03-17 14:15:00+00:00,606.4349975585938,608.2000122070312,605.6599731445312,608.1950073242188,127852
2025-03-17 14:20:00+00:00,604.969970703125,607.1699829101562,604.2000732421875,606.4249877929688,162246
2025-03-17 14:25:00+00:00,601.2999877929688,605.6798706054688,601.2899780273438,604.9400024414062,211398
2025-03-17 14:30:00+00:00,600.9400024414062,602.8242797851562,600.2000122070312,601.52001953125,223514
2025-03-17 14:35:00+00:00,602.4998168945312,602.5994873046875,599.8200073242188,600.9400024414062,226198
2025-03-17 14:40:00+00:00,601.7000122070312,602.6558227539062,600.8101196289062,602.2833251953125,180126
2025-03-17 14:45:00+00:00,602.3900146484375,602.7645263671875,600.6849975585938,601.6649780273438,132717
2025-03-17 14:50:00+00:00,600.8599853515625,602.4600219726562,600.2274780273438,602.4600219726562,138251
2025-03-17 14:55:00+00:00,600.6943969726562,600.9199829101562,599.2000122070312,600.6199951171875,207010
2025-03-17 15:00:00+00:00,599.3807983398438,601.4500732421875,599.0,600.9299926757812,224254
2025-03-17 15:05:00+00:00,599.5535888671875,599.7905883789062,598.6900024414062,599.3200073242188,166847
2025-03-17 15:10:00+00:00,599.6799926757812,600.280029296875,598.3300170898438,599.4993896484375,203804
2025-03-17 15:15:00+00:00,602.22998046875,602.2899780273438,599.4000244140625,599.7150268554688,140757
2025-03-17 15:20:00+00:00,601.260009765625,602.3900146484375,601.02001953125,602.1199951171875,120481
2025-03-17 15:25:00+00:00,600.094970703125,601.3049926757812,599.6749877929688,601.260009765625,147860
2025-03-17 15:30:00+00:00,598.7000122070312,600.7714233398438,598.030029296875,600.2308959960938,140017
2025-03-17 15:35:00+00:00,599.52001953125,599.909912109375,598.3400268554688,598.52001953125,133864
2025-03-17 15:40:00+00:00,599.4116821289062,599.7999877929688,598.3599853515625,599.52001953125,125308
2025-03-17 15:45:00+00:00,600.9199829101562,601.3300170898438,599.3820190429688,599.402099609375,131701
2025-03-17 15:50:00+00:00,600.75,601.719970703125,600.2899780273438,601.0003051757812,133813
2025-03-17 15:55:00+00:00,599.1599731445312,600.8599853515625,598.8400268554688,600.75,183293
2025-03-17 16:00:00+00:00,599.8098754882812,599.8098754882812,598.0750122070312,599.0900268554688,203148
2025-03-17 16:05:00+00:00,600.8499755859375,600.969970703125,599.5999755859375,599.739990234375,169787
2025-03-17 16:10:00+00:00,600.4199829101562,601.260009765625,600.4000244140625,600.8150024414062,117371
2025-03-17 16:15:00+00:00,600.6799926757812,601.1699829101562,600.3099975585938,600.5750122070312,176975
2025-03-17 16:20:00+00:00,600.6400146484375,601.47998046875,600.2550048828125,600.6099853515625,110448
2025-03-17 16:25:00+00:00,600.1599731445312,601.1713256835938,600.0,600.7000122070312,72183
2025-03-17 16:30:00+00:00,601.6525268554688,601.780029296875,600.010009765625,600.14501953125,125093
2025-03-17 16:35:00+00:00,601.7000122070312,602.8900146484375,601.4000244140625,601.6300048828125,134052
2025-03-17 16:40:00+00:00,600.239990234375,601.552978515625,599.4000244140625,601.5269165039062,92594
2025-03-17 16:45:00+00:00,600.4600219726562,600.75,599.1300048828125,600.3200073242188,84155
2025-03-17 16:50:00+00:00,600.469970703125,600.8862915039062,599.094970703125,600.4600219726562,87669
2025-03-17 16:55:00+00:00,599.905029296875,600.75,599.3400268554688,600.5700073242188,123064
2025-03-17 17:00:00+00:00,599.3800048828125,600.2963256835938,599.0100708007812,599.9899291992188,156308
2025-03-17 17:05:00+00:00,599.405029296875,600.2000122070312,598.760009765625,599.4400024414062,131770
2025-03-17 17:10:00+00:00,600.010009765625,600.22998046875,599.1099853515625,599.405029296875,99397
2025-03-17 17:15:00+00:00,599.6649780273438,600.1500244140625,599.5800170898438,599.8773803710938,82755
2025-03-17 17:20:00+00:00,600.6599731445312,600.77001953125,599.4099731445312,599.6649780273438,157636
2025-03-17 17:25:00+00:00,601.0999755859375,601.6900024414062,600.3408203125,600.52001953125,112178
2025-03-17 17:30:00+00:00,601.6849975585938,602.1300048828125,600.2000122070312,601.114990234375,147560
2025-03-17 17:35:00+00:00,602.6400146484375,602.7100219726562,601.2999877929688,601.60009765625,171957
2025-03-17 17:40:00+00:00,602.4500122070312,603.0800170898438,602.3499755859375,602.6400146484375,158420
2025-03-17 17:45:00+00:00,601.97998046875,602.5499877929688,600.9400024414062,602.4500122070312,139320
2025-03-17 17:50:00+00:00,602.864990234375,603.0,601.77001953125,602.0,111573
2025-03-17 17:55:00+00:00,602.3350219726562,603.1300048828125,602.1900024414062,602.8400268554688,123201
2025-03-17 18:00:00+00:00,602.1400146484375,603.3499755859375,601.3900146484375,602.27099609375,173440
2025-03-17 18:05:00+00:00,602.469970703125,602.969970703125,601.9400024414062,602.1199951171875,111928
2025-03-17 18:10:00+00:00,603.8350219726562,604.2072143554688,602.0526123046875,602.4099731445312,149851
2025-03-17 18:15:00+00:00,604.6699829101562,605.0,603.1500854492188,603.92822265625,198794
2025-03-17 18:20:00+00:00,604.9400024414062,605.25,603.8099975585938,604.6699829101562,170547
2025-03-17 18:25:00+00:00,605.8150024414062,605.969970703125,604.9000244140625,604.9000244140625,137960
2025-03-17 18:30:00+00:00,605.7100219726562,605.9099731445312,604.8499755859375,605.6599731445312,202442
2025-03-17 18:35:00+00:00,604.8150024414062,605.8154296875,604.25,605.7100219726562,142434
2025-03-17 18:40:00+00:00,604.4000854492188,605.1300048828125,604.2449951171875,604.72998046875,121362
2025-03-17 18:45:00+00:00,605.2050170898438,605.6699829101562,604.4000854492188,604.5499877929688,139314
2025-03-17 18:50:00+00:00,605.333984375,606.0,604.8400268554688,605.3397827148438,148883
2025-03-17 18:55:00+00:00,605.7551879882812,606.6608276367188,605.3211059570312,605.3211059570312,95733
2025-03-17 19:00:00+00:00,605.9650268554688,606.1599731445312,605.1699829101562,605.8499755859375,105237
2025-03-17 19:05:00+00:00,605.969970703125,607.3192749023438,605.7899780273438,606.0700073242188,171250
2025-03-17 19:10:00+00:00,605.385009765625,606.1199951171875,605.1599731445312,606.0399780273438,132359
2025-03-17 19:15:00+00:00,605.385009765625,605.6245727539062,605.1199951171875,605.3001098632812,121197
2025-03-17 19:20:00+00:00,605.885009765625,606.7100219726562,605.3499755859375,605.3499755859375,114986
2025-03-17 19:25:00+00:00,605.989990234375,606.159912109375,605.0,605.8099975585938,100862
2025-03-17 19:30:00+00:00,605.5599975585938,606.6599731445312,605.219970703125,605.9000244140625,83100
2025-03-17 19:35:00+00:00,606.2100219726562,606.8599853515625,605.3911743164062,605.5399780273438,124410
2025-03-17 19:40:00+00:00,605.905029296875,606.3245239257812,605.5599975585938,606.2150268554688,86532
2025-03-17 19:45:00+00:00,605.4650268554688,606.27001953125,604.830078125,605.9500122070312,157746
2025-03-17 19:50:00+00:00,605.1099853515625,606.9600219726562,604.7000122070312,605.1900024414062,266889
2025-03-17 19:55:00+00:00,604.7100219726562,605.7825927734375,604.1699829101562,604.8300170898438,749562
2025-03-18 13:30:00+00:00,595.239990234375,600.25,593.630126953125,600.25,1516522
2025-03-18 13:35:00+00:00,589.719970703125,595.3800048828125,589.25,595.260009765625,443757
2025-03-18 13:40:00+00:00,586.5,591.2999877929688,586.2501220703125,589.5,437058
2025-03-18 13:45:00+00:00,588.8400268554688,589.27001953125,585.4832153320312,586.25,432543
2025-03-18 13:50:00+00:00,584.6699829101562,590.0,584.1599731445312,588.6300048828125,422904
2025-03-18 13:55:00+00:00,581.5,585.1629028320312,581.4500122070312,584.7849731445312,458129
2025-03-18 14:00:00+00:00,580.8200073242188,581.4650268554688,579.239990234375,581.4000244140625,547772
2025-03-18 14:05:00+00:00,583.094970703125,583.1798095703125,580.4000244140625,581.0999755859375,385650
2025-03-18 14:10:00+00:00,580.2000122070312,583.2999877929688,580.0,583.252197265625,263857
2025-03-18 14:15:00+00:00,579.155029296875,580.8187255859375,578.27001953125,580.239990234375,387684
2025-03-18 14:20:00+00:00,579.9826049804688,580.3836059570312,578.5399780273438,579.1849975585938,352777
2025-03-18 14:25:00+00:00,578.7999877929688,580.1900024414062,578.0,579.7899780273438,266671
2025-03-18 14:30:00+00:00,577.760009765625,579.7399291992188,576.4000244140625,578.8099975585938,376375
2025-03-18 14:35:00+00:00,578.6799926757812,578.6799926757812,575.7899780273438,577.6849975585938,392023
2025-03-18 14:40:00+00:00,578.6900024414062,579.8599853515625,578.1500244140625,578.6799926757812,352144
2025-03-18 14:45:00+00:00,576.8695068359375,579.219970703125,576.7000122070312,578.7849731445312,219074
2025-03-18 14:50:00+00:00,577.5471801757812,579.0599975585938,576.7000122070312,576.9299926757812,424918
2025-03-18 14:55:00+00:00,577.7000732421875,578.9749755859375,577.0999755859375,577.4550170898438,218539
2025-03-18 15:00:00+00:00,575.594970703125,578.0800170898438,574.75,577.9749755859375,376197
2025-03-18 15:05:00+00:00,575.8800048828125,576.3740844726562,574.6599731445312,575.594970703125,303254
2025-03-18 15:10:00+00:00,575.4000244140625,576.3499145507812,575.2100219726562,575.844970703125,239477
2025-03-18 15:15:00+00:00,575.530029296875,576.0999755859375,574.8099975585938,575.4349975585938,296754
2025-03-18 15:20:00+00:00,575.8804931640625,576.0999145507812,575.0,575.530029296875,309003
2025-03-18 15:25:00+00:00,576.9299926757812,578.6099853515625,576.0,576.0,344296
2025-03-18 15:30:00+00:00,578.635009765625,579.3499145507812,576.6199951171875,576.8150024414062,205408
2025-03-18 15:35:00+00:00,579.9500122070312,579.9500122070312,578.1953125,578.6199951171875,235631
2025-03-18 15:40:00+00:00,578.594970703125,580.27001953125,578.1099853515625,580.0,242336
2025-03-18 15:45:00+00:00,579.2098999023438,579.7899169921875,578.5050048828125,578.7000122070312,145502
2025-03-18 15:50:00+00:00,579.1199951171875,579.4099731445312,578.7899780273438,579.0881958007812,185525
2025-03-18 15:55:00+00:00,577.989990234375,579.280029296875,577.0499877929688,579.1859741210938,175584
2025-03-18 16:00:00+00:00,579.25,579.4813842773438,577.7324829101562,577.9199829101562,152305
2025-03-18 16:05:00+00:00,579.239990234375,579.47998046875,578.5700073242188,579.1060791015625,210292
2025-03-18 16:10:00+00:00,579.5599975585938,580.7000122070312,578.8300170898438,579.0999755859375,249902
2025-03-18 16:15:00+00:00,578.0501098632812,579.739990234375,578.0499877929688,579.655029296875,158876
2025-03-18 16:20:00+00:00,578.4249877929688,578.9598999023438,577.9100952148438,578.22998046875,137529
2025-03-18 16:25:00+00:00,579.6799926757812,579.985107421875,578.380126953125,578.4099731445312,167997
2025-03-18 16:30:00+00:00,579.1580200195312,580.0,578.4749755859375,579.7050170898438,177172
2025-03-18 16:35:00+00:00,580.7349853515625,580.969970703125,578.6300048828125,579.2899780273438,153763
2025-03-18 16:40:00+00:00,579.2100219726562,581.0,579.0499877929688,580.7949829101562,129456
2025-03-18 16:45:00+00:00,578.22998046875,579.3900146484375,578.0089721679688,579.2150268554688,101003
2025-03-18 16:50:00+00:00,578.7999877929688,578.989990234375,577.1600952148438,578.2387084960938,127089
2025-03-18 16:55:00+00:00,580.7072143554688,581.4000244140625,578.8300170898438,578.8438110351562,129027
2025-03-18 17:00:00+00:00,579.8049926757812,580.9212036132812,579.8049926757812,580.625,108201
2025-03-18 17:05:00+00:00,578.114990234375,579.9000244140625,577.3101196289062,579.8049926757812,120859
2025-03-18 17:10:00+00:00,579.0800170898438,579.4400024414062,577.1400756835938,578.1500244140625,101704
2025-03-18 17:15:00+00:00,578.0435791015625,579.4918212890625,576.780029296875,579.0800170898438,184312
2025-03-18 17:20:00+00:00,579.2000122070312,579.2000122070312,577.5999755859375,577.8200073242188,98820
2025-03-18 17:25:00+00:00,579.4299926757812,580.3400268554688,578.8101196289062,579.1622924804688,107109
2025-03-18 17:30:00+00:00,579.6199951171875,579.9600219726562,578.5599975585938,579.4926147460938,63737
2025-03-18 17:35:00+00:00,580.7000122070312,581.1699829101562,579.2935791015625,579.510009765625,123877
2025-03-18 17:40:00+00:00,581.2614135742188,581.68798828125,580.6400146484375,581.0999755859375,133550
2025-03-18 17:45:00+00:00,582.9500122070312,582.9799194335938,581.1699829101562,581.5408935546875,153823
2025-03-18 17:50:00+00:00,581.669921875,583.3400268554688,581.3599853515625,582.9898071289062,133388
2025-03-18 17:55:00+00:00,580.6699829101562,581.5299072265625,580.010009765625,581.2750244140625,88651
2025-03-18 18:00:00+00:00,580.1021118164062,580.8179931640625,579.3300170898438,580.7100219726562,110202
2025-03-18 18:05:00+00:00,580.2349853515625,580.7503051757812,579.5150146484375,580.030029296875,99307
2025-03-18 18:10:00+00:00,579.1799926757812,580.4000244140625,579.0599975585938,580.2324829101562,93942
2025-03-18 18:15:00+00:00,580.4199829101562,580.4598999023438,579.1799926757812,579.2050170898438,96152
2025-03-18 18:20:00+00:00,580.9400024414062,581.58837890625,579.8187255859375,580.1799926757812,98735
2025-03-18 18:25:00+00:00,580.8900146484375,582.1510009765625,580.52001953125,580.9500122070312,92139
2025-03-18 18:30:00+00:00,581.6400146484375,582.1900024414062,580.7999877929688,580.8900146484375,79546
2025-03-18 18:35:00+00:00,583.75,583.892822265625,581.5001220703125,581.635009765625,182643
2025-03-18 18:40:00+00:00,583.0,583.6337890625,582.3101196289062,583.52001953125,109242
2025-03-18 18:45:00+00:00,583.91650390625,584.3900146484375,582.6599731445312,582.9998779296875,159822
2025-03-18 18:50:00+00:00,584.5346069335938,585.9500122070312,583.5399780273438,584.0,287635
2025-03-18 18:55:00+00:00,584.4901123046875,585.369873046875,583.610107421875,584.5499877929688,130946
2025-03-18 19:00:00+00:00,584.8099975585938,585.1500244140625,583.6425170898438,584.5700073242188,80959
2025-03-18 19:05:00+00:00,584.1199951171875,584.977783203125,583.7999877929688,584.6749877929688,79555
2025-03-18 19:10:00+00:00,583.3383178710938,584.6900024414062,582.8499755859375,584.2304077148438,109427
2025-03-18 19:15:00+00:00,583.3250122070312,583.7100219726562,582.357421875,583.3400268554688,169896
2025-03-18 19:20:00+00:00,583.1707763671875,584.1900024414062,582.8226928710938,583.2999877929688,105160
2025-03-18 19:25:00+00:00,582.8499755859375,583.3400268554688,581.5614013671875,583.22998046875,123735
2025-03-18 19:30:00+00:00,582.7310791015625,583.4176025390625,582.4199829101562,582.97998046875,97208
2025-03-18 19:35:00+00:00,580.626220703125,582.855224609375,580.6199951171875,582.855224609375,162788
2025-03-18 19:40:00+00:00,579.9500122070312,581.030029296875,579.8502807617188,580.6199951171875,200356
2025-03-18 19:45:00+00:00,579.6599731445312,580.3400268554688,579.280029296875,579.9500122070312,212113
2025-03-18 19:50:00+00:00,581.1749877929688,582.219970703125,579.6599731445312,579.6599731445312,310385
2025-03-18 19:55:00+00:00,582.4600219726562,582.5,580.1699829101562,581.3499755859375,495163
2025-03-19 13:30:00+00:00,580.280029296875,585.280029296875,579.9249877929688,584.02001953125,1019194
2025-03-19 13:35:00+00:00,580.5900268554688,581.7100219726562,578.7449951171875,580.280029296875,322580
2025-03-19 13:40:00+00:00,581.1900024414062,581.5499877929688,579.0,580.7730102539062,207372
2025-03-19 13:45:00+00:00,582.968505859375,584.0,579.7999877929688,581.02001953125,264850
2025-03-19 13:50:00+00:00,584.0,584.3079223632812,581.6699829101562,583.281005859375,210759
2025-03-19 13:55:00+00:00,584.4500122070312,584.7899780273438,583.010009765625,584.0449829101562,207878
2025-03-19 14:00:00+00:00,585.8599853515625,586.4699096679688,584.47900390625,584.489990234375,251309
2025-03-19 14:05:00+00:00,587.125,588.3499755859375,584.9000244140625,585.594970703125,317358
2025-03-19 14:10:00+00:00,585.4500122070312,587.3900146484375,585.3660278320312,587.1699829101562,245876
2025-03-19 14:15:00+00:00,585.4650268554688,586.47998046875,584.0,585.489990234375,201874
2025-03-19 14:20:00+00:00,583.8699951171875,585.760009765625,583.27001953125,585.4500122070312,146736
2025-03-19 14:25:00+00:00,583.1168823242188,584.9899291992188,582.97998046875,583.614990234375,137580
2025-03-19 14:30:00+00:00,583.2899780273438,584.1500244140625,582.530029296875,583.739990234375,133418
2025-03-19 14:35:00+00:00,583.4000244140625,584.1400146484375,582.8300170898438,583.4500122070312,97902
2025-03-19 14:40:00+00:00,582.1099853515625,584.0,581.8800048828125,583.5850219726562,150859
2025-03-19 14:45:00+00:00,581.8474731445312,582.60498046875,581.5,582.010009765625,135958
2025-03-19 14:50:00+00:00,580.1900024414062,581.9066162109375,579.8200073242188,581.6099853515625,221452
2025-03-19 14:55:00+00:00,580.3200073242188,581.02001953125,579.8300170898438,580.1900024414062,152626
2025-03-19 15:00:00+00:00,581.24169921875,581.3366088867188,579.8599853515625,580.1099853515625,196383
2025-03-19 15:05:00+00:00,582.219970703125,582.219970703125,580.8900146484375,581.1199951171875,163692
2025-03-19 15:10:00+00:00,582.0700073242188,582.6804809570312,581.5800170898438,582.0750122070312,164962
2025-03-19 15:15:00+00:00,579.5800170898438,581.8699951171875,579.3599853515625,581.864990234375,146203
2025-03-19 15:20:00+00:00,581.1099243164062,581.4848022460938,579.130126953125,579.5900268554688,106599
2025-03-19 15:25:00+00:00,581.0599975585938,582.2999877929688,580.510009765625,580.739990234375,146734
2025-03-19 15:30:00+00:00,581.0,581.3499755859375,580.02001953125,581.10498046875,89482
2025-03-19 15:35:00+00:00,580.9224853515625,581.6461791992188,580.7999877929688,581.1900024414062,101254
2025-03-19 15:40:00+00:00,581.7100219726562,581.9782104492188,580.8082275390625,580.89501953125,104446
2025-03-19 15:45:00+00:00,582.072509765625,582.1400146484375,581.0700073242188,581.885009765625,261044
2025-03-19 15:50:00+00:00,582.0,583.0,582.0,582.0250244140625,187841
2025-03-19 15:55:00+00:00,582.2030029296875,582.4525146484375,581.510009765625,582.010009765625,86756
2025-03-19 16:00:00+00:00,581.8599853515625,582.2999877929688,581.2999877929688,582.14501953125,92543
2025-03-19 16:05:00+00:00,582.0,582.7327270507812,581.5599975585938,581.85498046875,93121
2025-03-19 16:10:00+00:00,581.4000244140625,582.0410766601562,581.1099853515625,582.0410766601562,84997
2025-03-19 16:15:00+00:00,580.52001953125,581.489990234375,580.1099853515625,581.4099731445312,94485
2025-03-19 16:20:00+00:00,580.52001953125,580.8878784179688,579.7100219726562,580.5999755859375,118513
2025-03-19 16:25:00+00:00,580.3150024414062,580.7999877929688,579.6199951171875,580.4000244140625,92817
2025-03-19 16:30:00+00:00,579.3150024414062,580.5999755859375,579.1900024414062,580.2100219726562,120242
2025-03-19 16:35:00+00:00,578.8099975585938,579.8200073242188,578.510009765625,579.4450073242188,174940
2025-03-19 16:40:00+00:00,578.2523803710938,578.7999877929688,577.7999877929688,578.7999877929688,139802
2025-03-19 16:45:00+00:00,578.0,578.5,577.5001220703125,578.010009765625,246167
2025-03-19 16:50:00+00:00,579.59521484375,579.5999755859375,577.719970703125,578.0,144062
2025-03-19 16:55:00+00:00,579.1300048828125,579.5864868164062,578.3800048828125,579.52587890625,106211
2025-03-19 17:00:00+00:00,578.7335205078125,579.375,578.3200073242188,579.239990234375,101267
2025-03-19 17:05:00+00:00,577.364990234375,578.969970703125,577.2100219726562,578.6500244140625,162091
2025-03-19 17:10:00+00:00,575.260009765625,577.5,575.0100708007812,577.3200073242188,246911
2025-03-19 17:15:00+00:00,576.29248046875,576.6099853515625,574.77001953125,575.1300048828125,205309
2025-03-19 17:20:00+00:00,576.4600219726562,576.6699829101562,576.0,576.260009765625,94701
2025-03-19 17:25:00+00:00,575.8599853515625,576.5800170898438,575.6300048828125,576.448974609375,93278
2025-03-19 17:30:00+00:00,576.094970703125,576.3966064453125,574.9500122070312,575.75,190720
2025-03-19 17:35:00+00:00,577.0178833007812,577.1314086914062,575.989990234375,576.010009765625,147468
2025-03-19 17:40:00+00:00,577.1900024414062,578.0599975585938,576.6500244140625,577.0399780273438,144915
2025-03-19 17:45:00+00:00,577.8400268554688,577.8400268554688,576.9301147460938,577.3300170898438,125548
2025-03-19 17:50:00+00:00,578.4650268554688,578.5800170898438,577.6699829101562,577.75,118236
2025-03-19 17:55:00+00:00,578.4099731445312,578.9475708007812,578.219970703125,578.4650268554688,103086
2025-03-19 18:00:00+00:00,579.1900024414062,581.5999755859375,576.7899780273438,578.219970703125,309274
2025-03-19 18:05:00+00:00,579.5399780273438,579.9500122070312,577.3400268554688,578.9400024414062,156577
2025-03-19 18:10:00+00:00,581.1699829101562,581.98779296875,579.4299926757812,579.5499877929688,187483
2025-03-19 18:15:00+00:00,581.625,582.3499145507812,581.2999877929688,581.4500122070312,163380
2025-03-19 18:20:00+00:00,581.1300048828125,582.1298828125,580.469970703125,581.521484375,114178
2025-03-19 18:25:00+00:00,580.3099975585938,581.3098754882812,580.030029296875,580.9500122070312,80016
2025-03-19 18:30:00+00:00,583.77001953125,584.5,580.6900024414062,580.6900024414062,236408
2025-03-19 18:35:00+00:00,582.6824951171875,584.3187866210938,582.385009765625,583.6300048828125,165826
2025-03-19 18:40:00+00:00,584.780029296875,585.4879150390625,582.4000244140625,582.780029296875,206080
2025-03-19 18:45:00+00:00,583.9915161132812,585.3798828125,583.6599731445312,585.0599975585938,166821
2025-03-19 18:50:00+00:00,585.2100219726562,586.0999755859375,583.6500244140625,583.9749755859375,186913
2025-03-19 18:55:00+00:00,586.510009765625,586.8400268554688,584.5700073242188,585.1799926757812,184515
2025-03-19 19:00:00+00:00,587.5,587.77001953125,586.4000244140625,586.4000244140625,247833
2025-03-19 19:05:00+00:00,591.7100219726562,592.1400146484375,587.510009765625,587.6300048828125,415505
2025-03-19 19:10:00+00:00,589.1099853515625,592.3223266601562,588.3997802734375,591.5999755859375,300961
2025-03-19 19:15:00+00:00,588.2550048828125,590.2572021484375,587.8099975585938,589.2100219726562,218130
2025-03-19 19:20:00+00:00,587.094970703125,588.4400024414062,585.4299926757812,588.1599731445312,240150
2025-03-19 19:25:00+00:00,584.739990234375,587.260009765625,583.9000244140625,587.094970703125,246053
2025-03-19 19:30:00+00:00,586.5399780273438,587.7100219726562,583.9099731445312,584.5,217172
2025-03-19 19:35:00+00:00,588.8300170898438,589.02001953125,585.5599975585938,586.5549926757812,199119
2025-03-19 19:40:00+00:00,590.572509765625,590.75,588.3900146484375,588.7000122070312,240411
2025-03-19 19:45:00+00:00,589.0449829101562,590.5549926757812,588.5999755859375,590.5549926757812,179289
2025-03-19 19:50:00+00:00,585.469970703125,589.030029296875,585.076904296875,588.8900146484375,384638
2025-03-19 19:55:00+00:00,583.9500122070312,585.260009765625,583.27001953125,585.25,894193
2025-03-20 13:30:00+00:00,588.2420043945312,588.3798828125,579.510009765625,582.7550048828125,926999
2025-03-20 13:35:00+00:00,590.7449951171875,591.0,586.4600219726562,588.135009765625,403718
2025-03-20 13:40:00+00:00,589.02001953125,591.4865112304688,587.6799926757812,590.9400024414062,315058
2025-03-20 13:45:00+00:00,594.4534912109375,594.6998901367188,589.02001953125,589.02001953125,453109
2025-03-20 13:50:00+00:00,595.5999755859375,596.780029296875,593.3400268554688,594.4299926757812,446339
2025-03-20 13:55:00+00:00,596.3699951171875,596.6300048828125,594.1099853515625,595.5999755859375,366194
2025-03-20 14:00:00+00:00,599.52001953125,600.2847290039062,596.1199951171875,596.60888671875,557202
2025-03-20 14:05:00+00:00,600.489990234375,601.1199951171875,598.510009765625,599.52001953125,431973
2025-03-20 14:10:00+00:00,601.7999877929688,601.8400268554688,599.8200073242188,600.6701049804688,354897
2025-03-20 14:15:00+00:00,603.7559814453125,604.4000244140625,600.5401000976562,601.7999877929688,562778
2025-03-20 14:20:00+00:00,604.14501953125,605.8961791992188,602.0,603.7349853515625,548200
2025-03-20 14:25:00+00:00,604.868896484375,606.4400024414062,604.2899780273438,604.2899780273438,425729
2025-03-20 14:30:00+00:00,604.1300048828125,605.9000244140625,603.6500244140625,604.8099975585938,389995
2025-03-20 14:35:00+00:00,606.3250122070312,607.3991088867188,603.7999877929688,604.4199829101562,344312
2025-03-20 14:40:00+00:00,608.7498779296875,608.9099731445312,606.0100708007812,606.3150024414062,383659
2025-03-20 14:45:00+00:00,609.5,609.6099853515625,607.75,608.625,325458
2025-03-20 14:50:00+00:00,608.344970703125,609.4837036132812,607.489990234375,609.3699951171875,263196
2025-03-20 14:55:00+00:00,608.0399780273438,608.5899047851562,606.5,608.3499755859375,392515
2025-03-20 15:00:00+00:00,606.6599731445312,608.7299194335938,606.0700073242188,608.0399780273438,243275
2025-03-20 15:05:00+00:00,609.1300048828125,609.3198852539062,606.2999877929688,606.6190185546875,233829
2025-03-20 15:10:00+00:00,608.6300048828125,609.77001953125,608.1199951171875,608.9199829101562,184164
2025-03-20 15:15:00+00:00,607.7849731445312,608.75,607.3099975585938,608.6099853515625,147977
2025-03-20 15:20:00+00:00,607.6799926757812,608.2899780273438,606.9199829101562,607.8350219726562,163423
2025-03-20 15:25:00+00:00,609.25,609.3300170898438,607.090087890625,607.6799926757812,175258
2025-03-20 15:30:00+00:00,608.5999755859375,610.2000122070312,608.0399780273438,609.0286865234375,274939
2025-03-20 15:35:00+00:00,608.1649780273438,608.6799926757812,606.47998046875,608.6799926757812,240620
2025-03-20 15:40:00+00:00,607.4099731445312,608.9500122070312,607.0999755859375,608.4099731445312,129193
2025-03-20 15:45:00+00:00,608.22998046875,608.5899047851562,606.5,607.25,126622
2025-03-20 15:50:00+00:00,607.510009765625,608.2000122070312,607.0,608.2000122070312,82817
2025-03-20 15:55:00+00:00,604.5999755859375,607.5673217773438,604.260009765625,607.4000244140625,281359
2025-03-20 16:00:00+00:00,604.6599731445312,605.89892578125,604.1599731445312,604.5700073242188,220946
2025-03-20 16:05:00+00:00,604.6199951171875,604.848388671875,603.3724975585938,604.5800170898438,178852
2025-03-20 16:10:00+00:00,604.3499755859375,605.39990234375,602.9299926757812,604.760009765625,250834
2025-03-20 16:15:00+00:00,603.6199951171875,604.4328002929688,603.5499877929688,604.3200073242188,113794
2025-03-20 16:20:00+00:00,602.5617065429688,603.9598999023438,602.2999877929688,603.5900268554688,117976
2025-03-20 16:25:00+00:00,600.9776000976562,603.39990234375,600.5599975585938,602.4882202148438,224736
2025-03-20 16:30:00+00:00,600.4299926757812,602.1799926757812,600.2401123046875,601.2445068359375,446656
2025-03-20 16:35:00+00:00,601.739990234375,601.9600219726562,600.0,600.5281982421875,179363
2025-03-20 16:40:00+00:00,599.86572265625,601.7299194335938,599.3699951171875,601.7299194335938,163728
2025-03-20 16:45:00+00:00,600.4000244140625,601.7579956054688,599.8701171875,599.9299926757812,134344
2025-03-20 16:50:00+00:00,601.4710083007812,601.4993896484375,599.8800048828125,600.2949829101562,121259
2025-03-20 16:55:00+00:00,600.4600219726562,601.9199829101562,600.1799926757812,601.3599853515625,90152
2025-03-20 17:00:00+00:00,601.8800048828125,601.8900146484375,600.3489990234375,600.7100219726562,88783
2025-03-20 17:05:00+00:00,602.0050048828125,602.6799926757812,601.2949829101562,601.8900146484375,203506
2025-03-20 17:10:00+00:00,601.6257934570312,602.1610717773438,600.784912109375,601.9400024414062,128164
2025-03-20 17:15:00+00:00,600.4600219726562,601.8499755859375,600.1400146484375,601.6348266601562,84221
2025-03-20 17:20:00+00:00,597.8300170898438,600.52001953125,597.7000122070312,600.4849853515625,153569
2025-03-20 17:25:00+00:00,596.369873046875,598.3300170898438,596.0584106445312,597.9249877929688,148627
2025-03-20 17:30:00+00:00,596.0499877929688,597.0800170898438,595.5499877929688,596.2100219726562,189002
2025-03-20 17:35:00+00:00,596.8300170898438,597.119873046875,595.3699951171875,596.0499877929688,144517
2025-03-20 17:40:00+00:00,597.7550048828125,597.9298706054688,596.3400268554688,596.6599731445312,174171
2025-03-20 17:45:00+00:00,597.010009765625,598.1199951171875,596.6500244140625,597.6199951171875,142590
2025-03-20 17:50:00+00:00,596.3200073242188,597.2899780273438,596.1201171875,597.1740112304688,110534
2025-03-20 17:55:00+00:00,596.13623046875,596.5999755859375,595.52001953125,596.52001953125,132559
2025-03-20 18:00:00+00:00,596.0,596.3499755859375,595.3201293945312,595.9849853515625,141124
2025-03-20 18:05:00+00:00,595.5239868164062,596.1699829101562,595.3300170898438,596.0,116714
2025-03-20 18:10:00+00:00,595.8699951171875,597.1900024414062,595.405029296875,595.405029296875,197541
2025-03-20 18:15:00+00:00,594.5999755859375,596.2000122070312,594.22998046875,595.72998046875,217069
2025-03-20 18:20:00+00:00,592.5535888671875,594.6253051757812,592.47998046875,594.4099731445312,257037
2025-03-20 18:25:00+00:00,591.77001953125,592.9099731445312,591.27001953125,592.72998046875,330943
2025-03-20 18:30:00+00:00,590.8800048828125,592.1799926757812,590.6099853515625,591.655029296875,228593
2025-03-20 18:35:00+00:00,590.9149780273438,591.4833984375,589.75,590.875,337100
2025-03-20 18:40:00+00:00,589.6300048828125,591.1900024414062,589.2753295898438,591.0432739257812,197846
2025-03-20 18:45:00+00:00,591.9500122070312,591.989990234375,589.2349853515625,589.6400146484375,213420
2025-03-20 18:50:00+00:00,592.7335205078125,593.27001953125,591.7100830078125,591.9340209960938,269263
2025-03-20 18:55:00+00:00,590.4650268554688,592.8499755859375,590.1799926757812,592.7000122070312,177760
2025-03-20 19:00:00+00:00,591.6300048828125,592.4959106445312,590.4749755859375,590.4749755859375,173452
2025-03-20 19:05:00+00:00,590.7999877929688,592.260009765625,590.7293701171875,591.3900146484375,173436
2025-03-20 19:10:00+00:00,590.6431884765625,591.2999267578125,590.5001220703125,590.75,176452
2025-03-20 19:15:00+00:00,591.0449829101562,591.8599853515625,590.5001220703125,590.719970703125,142555
2025-03-20 19:20:00+00:00,592.0150146484375,592.4298706054688,590.7899780273438,591.0449829101562,199160
2025-03-20 19:25:00+00:00,588.6500244140625,592.0,588.5,591.9249877929688,272928
2025-03-20 19:30:00+00:00,588.5900268554688,589.7999877929688,588.3200073242188,588.7899780273438,242976
2025-03-20 19:35:00+00:00,587.9400024414062,589.1799926757812,587.6799926757812,588.530029296875,283093
2025-03-20 19:40:00+00:00,586.9500122070312,588.4000244140625,586.1500244140625,587.8599853515625,300739
2025-03-20 19:45:00+00:00,587.530029296875,587.989990234375,586.5399780273438,586.9299926757812,358430
2025-03-20 19:50:00+00:00,585.3200073242188,588.2999877929688,585.22998046875,587.52001953125,473970
2025-03-20 19:55:00+00:00,585.97998046875,586.7999877929688,585.010009765625,585.344970703125,954769
2025-03-21 13:30:00+00:00,587.4201049804688,590.0,581.6599731445312,583.3900146484375,3138584
2025-03-21 13:35:00+00:00,582.0999755859375,587.7100219726562,580.9500122070312,587.7100219726562,458269
2025-03-21 13:40:00+00:00,587.1356201171875,587.3900146484375,581.6024780273438,582.0750122070312,298772
2025-03-21 13:45:00+00:00,587.469970703125,588.1900024414062,584.6328125,587.4000244140625,246787
2025-03-21 13:50:00+00:00,589.0850219726562,589.77001953125,586.36181640625,587.7698974609375,358780
2025-03-21 13:55:00+00:00,588.6199951171875,590.72998046875,587.1799926757812,588.9000244140625,317819
2025-03-21 14:00:00+00:00,589.9600219726562,590.5,587.7977294921875,588.8599853515625,237705
2025-03-21 14:05:00+00:00,587.1799926757812,590.8298950195312,586.0599975585938,589.9600219726562,225915
2025-03-21 14:10:00+00:00,588.1837768554688,588.5399169921875,585.5999755859375,587.17626953125,202738
2025-03-21 14:15:00+00:00,589.0999755859375,589.1099853515625,586.9500122070312,588.1099853515625,226073
2025-03-21 14:20:00+00:00,591.6799926757812,592.4052124023438,588.5700073242188,588.72998046875,339923
2025-03-21 14:25:00+00:00,590.3499755859375,592.2100219726562,590.0,591.3900146484375,261206
2025-03-21 14:30:00+00:00,590.6599731445312,591.3200073242188,589.469970703125,590.0800170898438,151044
2025-03-21 14:35:00+00:00,588.10009765625,590.760009765625,588.10009765625,590.4099731445312,110466
2025-03-21 14:40:00+00:00,589.0,589.52001953125,587.1799926757812,588.0999755859375,145535
2025-03-21 14:45:00+00:00,589.6199951171875,590.3800048828125,588.6405029296875,589.0029907226562,111411
2025-03-21 14:50:00+00:00,590.2899780273438,590.3499755859375,588.5399780273438,589.6400146484375,108675
2025-03-21 14:55:00+00:00,592.6400146484375,592.8499145507812,590.0615234375,590.2899780273438,191860
2025-03-21 15:00:00+00:00,593.85498046875,594.6898803710938,592.5800170898438,592.8400268554688,291776
2025-03-21 15:05:00+00:00,593.2100219726562,595.0891723632812,592.75,593.9600219726562,257965
2025-03-21 15:10:00+00:00,592.4849853515625,593.8300170898438,592.2000122070312,593.3499755859375,113962
2025-03-21 15:15:00+00:00,591.5745239257812,593.596923828125,591.4600219726562,592.4600219726562,147264
2025-03-21 15:20:00+00:00,590.8499755859375,592.1099853515625,590.6300048828125,591.5900268554688,141113
2025-03-21 15:25:00+00:00,590.0,591.0599975585938,589.8599853515625,590.8973999023438,125953
2025-03-21 15:30:00+00:00,590.5499877929688,591.7064208984375,589.60009765625,589.9389038085938,107643
2025-03-21 15:35:00+00:00,590.947509765625,591.7000122070312,590.0999755859375,590.3099975585938,85093
2025-03-21 15:40:00+00:00,588.1516723632812,590.989990234375,588.1516723632812,590.8499755859375,167603
2025-03-21 15:45:00+00:00,588.719970703125,589.353515625,587.5999755859375,588.1401977539062,116960
2025-03-21 15:50:00+00:00,588.9301147460938,589.635009765625,587.8800048828125,588.6400146484375,136883
2025-03-21 15:55:00+00:00,587.97998046875,589.25,587.97998046875,589.1199951171875,58957
2025-03-21 16:00:00+00:00,588.22998046875,589.030029296875,587.0,587.9600219726562,153933
2025-03-21 16:05:00+00:00,589.719970703125,589.8015747070312,588.0977783203125,588.4409790039062,91833
2025-03-21 16:10:00+00:00,591.8499755859375,592.1799926757812,589.5999755859375,589.75,234331
2025-03-21 16:15:00+00:00,593.780029296875,594.4000244140625,591.6500244140625,592.0800170898438,255616
2025-03-21 16:20:00+00:00,593.8499755859375,594.5399780273438,592.9700927734375,593.6199951171875,185391
2025-03-21 16:25:00+00:00,592.6035766601562,593.969970703125,592.1500244140625,593.6849975585938,162398
2025-03-21 16:30:00+00:00,593.1400146484375,594.1270141601562,592.5001220703125,592.6799926757812,172864
2025-03-21 16:35:00+00:00,592.35498046875,593.4500122070312,591.4600830078125,593.2550048828125,109579
2025-03-21 16:40:00+00:00,592.344970703125,593.1300048828125,591.9199829101562,592.3900146484375,76272
2025-03-21 16:45:00+00:00,594.5,594.9398803710938,592.1500854492188,592.5499877929688,124602
2025-03-21 16:50:00+00:00,594.989990234375,595.6799926757812,594.3082275390625,594.5349731445312,337451
2025-03-21 16:55:00+00:00,597.27001953125,597.5449829101562,594.6900024414062,594.8499755859375,309686
2025-03-21 17:00:00+00:00,595.5599975585938,597.3098754882812,595.1221923828125,597.1749877929688,222735
2025-03-21 17:05:00+00:00,595.8798828125,596.2155151367188,595.3101196289062,595.5750122070312,170596
2025-03-21 17:10:00+00:00,595.4824829101562,596.27001953125,594.5501098632812,595.8699951171875,158275
2025-03-21 17:15:00+00:00,593.9400024414062,595.5599975585938,593.9099731445312,595.5599975585938,141887
2025-03-21 17:20:00+00:00,594.4600219726562,594.8400268554688,593.5599975585938,593.9199829101562,118908
2025-03-21 17:25:00+00:00,592.7249755859375,594.791015625,592.5150146484375,594.6300048828125,145312
2025-03-21 17:30:00+00:00,593.1099853515625,593.27001953125,591.7000122070312,592.5,121241
2025-03-21 17:35:00+00:00,594.6973266601562,594.6973266601562,592.8900756835938,593.0549926757812,112899
2025-03-21 17:40:00+00:00,594.8424072265625,595.6798706054688,594.25,594.6900024414062,84015
2025-03-21 17:45:00+00:00,595.4000244140625,595.530029296875,594.52001953125,594.8416137695312,67909
2025-03-21 17:50:00+00:00,594.9400024414062,596.0,594.6300048828125,595.3770141601562,99676
2025-03-21 17:55:00+00:00,594.0540161132812,594.9500122070312,593.5325927734375,594.9400024414062,76320
2025-03-21 18:00:00+00:00,594.9949951171875,595.1699829101562,593.7100219726562,593.9000244140625,101428
2025-03-21 18:05:00+00:00,595.0175170898438,595.3099975585938,593.5900268554688,594.905029296875,93440
2025-03-21 18:10:00+00:00,594.25,595.0,593.7650146484375,595.0,75173
2025-03-21 18:15:00+00:00,594.7650146484375,594.9000244140625,593.8400268554688,594.0001220703125,62240
2025-03-21 18:20:00+00:00,593.469970703125,594.989990234375,593.090087890625,594.6799926757812,180767
2025-03-21 18:25:00+00:00,593.6599731445312,594.0435791015625,592.97998046875,593.22998046875,78629
2025-03-21 18:30:00+00:00,594.0399780273438,594.760009765625,593.4600219726562,593.6099853515625,80801
2025-03-21 18:35:00+00:00,594.5700073242188,595.1799926757812,593.9000244140625,593.9299926757812,64357
2025-03-21 18:40:00+00:00,594.530029296875,594.9287109375,594.1799926757812,594.6900024414062,70300
2025-03-21 18:45:00+00:00,594.489990234375,595.1199951171875,593.9168701171875,594.530029296875,102568
2025-03-21 18:50:00+00:00,593.9099731445312,594.747802734375,593.6309204101562,594.489990234375,60058
2025-03-21 18:55:00+00:00,594.719970703125,595.510009765625,594.0800170898438,594.0800170898438,80005
2025-03-21 19:00:00+00:00,594.3300170898438,594.97509765625,594.0,594.739990234375,95632
2025-03-21 19:05:00+00:00,593.7949829101562,594.8499755859375,593.7000122070312,594.469970703125,89800
2025-03-21 19:10:00+00:00,595.0999755859375,595.2000122070312,593.2849731445312,593.72998046875,102948
2025-03-21 19:15:00+00:00,595.4600219726562,595.8900146484375,594.3599853515625,595.0999755859375,211691
2025-03-21 19:20:00+00:00,595.8599853515625,596.0999755859375,594.6201171875,595.4450073242188,178396
2025-03-21 19:25:00+00:00,595.6799926757812,595.9500122070312,594.8200073242188,595.8300170898438,92991
2025-03-21 19:30:00+00:00,594.8764038085938,596.0,594.5819702148438,595.52001953125,146407
2025-03-21 19:35:00+00:00,594.2550048828125,595.3599853515625,594.0864868164062,594.8699951171875,150446
2025-03-21 19:40:00+00:00,593.8099975585938,594.25,593.3200073242188,594.1799926757812,167599
2025-03-21 19:45:00+00:00,593.5499877929688,594.219970703125,593.3499755859375,593.72998046875,217225
2025-03-21 19:50:00+00:00,594.75,596.6998901367188,593.3699951171875,593.5599975585938,537180
2025-03-21 19:55:00+00:00,596.239990234375,596.72998046875,594.4099731445312,594.5599975585938,1256629
2025-03-24 13:30:00+00:00,613.469970703125,617.1599731445312,612.2000732421875,614.4954223632812,1848801
2025-03-24 13:35:00+00:00,617.0850219726562,618.1900024414062,613.25,613.3900146484375,651838
2025-03-24 13:40:00+00:00,618.4299926757812,618.719970703125,615.010009765625,617.0850219726562,608282
2025-03-24 13:45:00+00:00,620.1563720703125,622.0,618.260009765625,618.7999877929688,748012
2025-03-24 13:50:00+00:00,620.1799926757812,622.5399780273438,619.9500122070312,620.2039794921875,442374
2025-03-24 13:55:00+00:00,620.510009765625,621.760009765625,619.989990234375,620.2000122070312,282548
2025-03-24 14:00:00+00:00,618.8300170898438,621.0299072265625,618.0,620.7100219726562,255104
2025-03-24 14:05:00+00:00,616.135009765625,619.3099975585938,615.6900024414062,618.8250122070312,275962
2025-03-24 14:10:00+00:00,617.7999267578125,618.0499877929688,615.8300170898438,616.010009765625,199371
2025-03-24 14:15:00+00:00,618.4500122070312,618.611328125,617.2000122070312,617.6849975585938,163372
2025-03-24 14:20:00+00:00,619.97998046875,620.169921875,617.523193359375,618.4099731445312,164572
2025-03-24 14:25:00+00:00,620.3250122070312,620.4500122070312,618.8800048828125,619.9249877929688,205682
2025-03-24 14:30:00+00:00,618.0975952148438,620.60498046875,617.7999877929688,620.4199829101562,202414
2025-03-24 14:35:00+00:00,617.9332885742188,619.280029296875,617.3599853515625,618.1400146484375,131183
2025-03-24 14:40:00+00:00,617.3499755859375,618.3939819335938,617.02001953125,617.7750244140625,104262
2025-03-24 14:45:00+00:00,618.4099731445312,618.5900268554688,616.802978515625,617.260009765625,113568
2025-03-24 14:50:00+00:00,617.0900268554688,618.5900268554688,616.77001953125,618.4099731445312,168700
2025-03-24 14:55:00+00:00,616.5125122070312,617.52001953125,615.7899780273438,616.9099731445312,141244
2025-03-24 15:00:00+00:00,616.7449951171875,617.1599731445312,615.5,616.7100219726562,172308
2025-03-24 15:05:00+00:00,616.0900268554688,617.4000244140625,615.664794921875,616.7520751953125,100773
2025-03-24 15:10:00+00:00,615.9998779296875,616.9970703125,615.5,616.0900268554688,129738
2025-03-24 15:15:00+00:00,616.2224731445312,616.7423095703125,615.010009765625,615.8865966796875,139613
2025-03-24 15:20:00+00:00,615.719970703125,616.4299926757812,615.010009765625,616.1300048828125,126523
2025-03-24 15:25:00+00:00,615.4432983398438,615.9705810546875,614.7095947265625,615.719970703125,147385
2025-03-24 15:30:00+00:00,614.2750244140625,615.5050048828125,614.1400146484375,615.5050048828125,113758
2025-03-24 15:35:00+00:00,613.4249877929688,614.3900146484375,612.6400146484375,614.2750244140625,211689
2025-03-24 15:40:00+00:00,613.2000122070312,614.2000122070312,613.0599975585938,613.2985229492188,137802
2025-03-24 15:45:00+00:00,613.7349853515625,614.489990234375,613.080078125,613.2239990234375,127264
2025-03-24 15:50:00+00:00,615.2000122070312,615.3400268554688,613.510009765625,613.7100219726562,143946
2025-03-24 15:55:00+00:00,615.3800048828125,615.9500122070312,614.9401245117188,615.2050170898438,109383
2025-03-24 16:00:00+00:00,614.9508056640625,615.5899047851562,614.3599853515625,615.3770141601562,93891
2025-03-24 16:05:00+00:00,615.6895751953125,616.0399780273438,614.947998046875,615.0900268554688,113230
2025-03-24 16:10:00+00:00,614.7849731445312,615.4099731445312,614.5599975585938,615.4000244140625,80977
2025-03-24 16:15:00+00:00,614.280029296875,615.0,614.030029296875,614.7000122070312,84757
2025-03-24 16:20:00+00:00,615.4500122070312,615.5001220703125,614.280029296875,614.405029296875,81620
2025-03-24 16:25:00+00:00,614.0050048828125,615.7799072265625,613.5,615.5,139046
2025-03-24 16:30:00+00:00,614.4000244140625,614.4500122070312,613.3599853515625,614.0050048828125,113979
2025-03-24 16:35:00+00:00,614.75,614.976806640625,614.0300903320312,614.4000244140625,84728
2025-03-24 16:40:00+00:00,614.9749755859375,614.98388671875,613.510009765625,614.8609008789062,57486
2025-03-24 16:45:00+00:00,616.719970703125,616.719970703125,614.9949951171875,614.9949951171875,127457
2025-03-24 16:50:00+00:00,616.4354858398438,616.739990234375,615.8400268554688,616.5599975585938,98582
2025-03-24 16:55:00+00:00,616.9400024414062,616.9500122070312,616.0,616.5399780273438,88851
2025-03-24 17:00:00+00:00,615.6849975585938,617.2999877929688,615.5618896484375,616.8699951171875,104188
2025-03-24 17:05:00+00:00,615.301025390625,615.9400024414062,614.3800048828125,615.5,114021
2025-03-24 17:10:00+00:00,614.219970703125,615.38330078125,614.0,615.0999755859375,102776
2025-03-24 17:15:00+00:00,614.2249755859375,615.0272827148438,613.7999877929688,614.219970703125,79290
2025-03-24 17:20:00+00:00,615.0549926757812,615.1900024414062,614.0498046875,614.1099853515625,46440
2025-03-24 17:25:00+00:00,615.4550170898438,615.576416015625,614.8099975585938,615.0549926757812,55730
2025-03-24 17:30:00+00:00,615.530029296875,616.219970703125,614.9199829101562,615.4000244140625,94416
2025-03-24 17:35:00+00:00,615.2949829101562,615.530029296875,614.5999755859375,615.530029296875,66297
2025-03-24 17:40:00+00:00,615.0850219726562,615.4000244140625,614.5999755859375,615.2000122070312,61265
2025-03-24 17:45:00+00:00,615.4249877929688,615.5942993164062,615.0,615.2100219726562,45964
2025-03-24 17:50:00+00:00,615.0599975585938,615.8800048828125,614.7100219726562,615.5599975585938,90220
2025-03-24 17:55:00+00:00,615.2349853515625,615.3378295898438,614.5599975585938,615.02880859375,50240
2025-03-24 18:00:00+00:00,613.9199829101562,615.5,613.4628295898438,615.2100219726562,73317
2025-03-24 18:05:00+00:00,613.844970703125,614.260009765625,613.3211059570312,613.8599853515625,88914
2025-03-24 18:10:00+00:00,613.91357421875,614.3385009765625,613.5682983398438,613.9299926757812,61882
2025-03-24 18:15:00+00:00,614.6699829101562,615.0,613.7291259765625,613.7291259765625,73788
2025-03-24 18:20:00+00:00,615.0250244140625,615.2100219726562,614.5499877929688,614.7899780273438,72694
2025-03-24 18:25:00+00:00,615.3699951171875,615.47998046875,614.6234741210938,614.9099731445312,76655
2025-03-24 18:30:00+00:00,614.3099975585938,615.489990234375,614.030029296875,615.47998046875,84775
2025-03-24 18:35:00+00:00,614.85498046875,615.3800048828125,614.1400146484375,614.3099975585938,88642
2025-03-24 18:40:00+00:00,615.6500244140625,616.1199951171875,614.6900024414062,614.719970703125,84048
2025-03-24 18:45:00+00:00,615.8250122070312,615.8400268554688,614.4099731445312,615.6300048828125,95390
2025-03-24 18:50:00+00:00,617.3242797851562,617.3242797851562,615.844970703125,615.8499755859375,129733
2025-03-24 18:55:00+00:00,616.777587890625,617.4899291992188,616.777587890625,617.2999877929688,107243
2025-03-24 19:00:00+00:00,617.6799926757812,617.75,616.6099853515625,617.0,117104
2025-03-24 19:05:00+00:00,617.8800048828125,618.1099853515625,617.4600219726562,617.5999755859375,108290
2025-03-24 19:10:00+00:00,616.9461059570312,617.8499755859375,616.8201293945312,617.8499755859375,91582
2025-03-24 19:15:00+00:00,617.1799926757812,617.6353149414062,616.9650268554688,617.0250244140625,65690
2025-03-24 19:20:00+00:00,617.169921875,617.1799926757812,616.4299926757812,617.1099853515625,129179
2025-03-24 19:25:00+00:00,617.2598876953125,617.4398803710938,616.469970703125,616.884521484375,94940
2025-03-24 19:30:00+00:00,617.4600219726562,617.8099975585938,617.0050048828125,617.10498046875,95651
2025-03-24 19:35:00+00:00,616.9299926757812,617.5399780273438,616.6109008789062,617.5050048828125,93706
2025-03-24 19:40:00+00:00,617.35498046875,617.375,616.6900024414062,616.989990234375,107431
2025-03-24 19:45:00+00:00,618.1699829101562,618.4000244140625,616.719970703125,617.2100219726562,201606
2025-03-24 19:50:00+00:00,619.72998046875,620.0,617.1300048828125,618.0800170898438,294916
2025-03-24 19:55:00+00:00,618.4099731445312,620.3200073242188,618.3200073242188,619.75,739123
2025-03-25 13:30:00+00:00,626.22998046875,628.780029296875,625.7000122070312,627.2000122070312,1422195
2025-03-25 13:35:00+00:00,623.3049926757812,626.5700073242188,621.185302734375,626.2999877929688,637257
2025-03-25 13:40:00+00:00,625.3900146484375,626.5698852539062,622.989990234375,623.22998046875,462503
2025-03-25 13:45:00+00:00,624.271484375,626.6500244140625,624.25,625.3400268554688,355505
2025-03-25 13:50:00+00:00,627.7899780273438,628.635009765625,623.8900146484375,624.4000244140625,348804
2025-03-25 13:55:00+00:00,627.8673095703125,630.0900268554688,627.489990234375,627.6325073242188,454909
2025-03-25 14:00:00+00:00,624.9500122070312,628.31689453125,623.1199951171875,627.6029052734375,304144
2025-03-25 14:05:00+00:00,625.9849853515625,626.2999877929688,623.7200927734375,625.02001953125,225999
2025-03-25 14:10:00+00:00,626.5150146484375,627.4000244140625,625.4500122070312,626.0399780273438,266554
2025-03-25 14:15:00+00:00,627.4500122070312,627.9500122070312,626.0,626.4000244140625,152026
2025-03-25 14:20:00+00:00,627.0999755859375,628.2100219726562,626.6300048828125,627.3800048828125,155472
2025-03-25 14:25:00+00:00,629.2335815429688,629.25,626.77001953125,627.2999877929688,145238
2025-03-25 14:30:00+00:00,629.7349853515625,630.0,628.9400024414062,629.2849731445312,219739
2025-03-25 14:35:00+00:00,632.3599853515625,632.6599731445312,629.7349853515625,629.7349853515625,338119
2025-03-25 14:40:00+00:00,633.2000122070312,633.5999755859375,631.4100952148438,632.3499755859375,327182
2025-03-25 14:45:00+00:00,631.6900024414062,633.8499755859375,631.489990234375,633.2913818359375,284409
2025-03-25 14:50:00+00:00,631.8900146484375,632.1599731445312,630.0999755859375,631.77001953125,220573
2025-03-25 14:55:00+00:00,630.7529907226562,632.4400024414062,630.2999877929688,631.6300048828125,166599
2025-03-25 15:00:00+00:00,630.27001953125,631.989990234375,629.8699951171875,630.6400146484375,178734
2025-03-25 15:05:00+00:00,631.3587036132812,631.7750244140625,630.1599731445312,630.2999877929688,87104
2025-03-25 15:10:00+00:00,630.9000244140625,631.510009765625,630.01123046875,631.4398803710938,96710
2025-03-25 15:15:00+00:00,630.2730102539062,630.9650268554688,629.5,630.9000244140625,95045
2025-03-25 15:20:00+00:00,629.7783203125,630.2899780273438,629.4000244140625,630.1699829101562,84058
2025-03-25 15:25:00+00:00,629.2838134765625,630.27001953125,629.25,629.6099853515625,86290
2025-03-25 15:30:00+00:00,628.2750244140625,629.4600219726562,627.9299926757812,629.4600219726562,126750
2025-03-25 15:35:00+00:00,628.1900024414062,628.3300170898438,627.2672729492188,628.3300170898438,116362
2025-03-25 15:40:00+00:00,627.6500244140625,628.4998779296875,627.4976806640625,628.2100219726562,74436
2025-03-25 15:45:00+00:00,628.3800048828125,628.5800170898438,627.544921875,627.544921875,126689
2025-03-25 15:50:00+00:00,627.0045166015625,628.530029296875,627.0,628.3800048828125,88187
2025-03-25 15:55:00+00:00,626.8099975585938,627.4647827148438,626.5,626.9498901367188,97936
2025-03-25 16:00:00+00:00,626.3699951171875,627.1500244140625,626.0545043945312,626.8099975585938,109072
2025-03-25 16:05:00+00:00,626.47998046875,626.5700073242188,625.8109130859375,626.2949829101562,127492
2025-03-25 16:10:00+00:00,626.6699829101562,626.8900146484375,625.9976196289062,626.4000244140625,68802
2025-03-25 16:15:00+00:00,626.6502075195312,626.9099731445312,626.2742919921875,626.6900024414062,66333
2025-03-25 16:20:00+00:00,626.8400268554688,627.1099853515625,626.2999877929688,626.61328125,83967
2025-03-25 16:25:00+00:00,626.8300170898438,627.52001953125,626.6099853515625,626.6300048828125,159677
2025-03-25 16:30:00+00:00,626.64208984375,627.1649780273438,626.1268920898438,627.0477294921875,86830
2025-03-25 16:35:00+00:00,626.7000122070312,627.1099243164062,626.2901000976562,626.6599731445312,65496
2025-03-25 16:40:00+00:00,626.969970703125,627.469970703125,626.6500854492188,626.7000732421875,98200
2025-03-25 16:45:00+00:00,626.4840087890625,627.0399780273438,626.4312133789062,626.97998046875,54174
2025-03-25 16:50:00+00:00,628.0700073242188,628.2568969726562,626.6199951171875,626.625,179322
2025-03-25 16:55:00+00:00,627.6099853515625,628.2399291992188,627.0134887695312,628.0449829101562,61846
2025-03-25 17:00:00+00:00,618.8499755859375,629.0189208984375,618.8499755859375,627.6599731445312,81813
2025-03-25 17:05:00+00:00,629.5610961914062,629.8900146484375,628.9000244140625,628.9949951171875,126031
2025-03-25 17:10:00+00:00,628.469970703125,629.75,628.4249877929688,629.6978149414062,82126
2025-03-25 17:15:00+00:00,628.4249877929688,628.8099975585938,627.97998046875,628.5499877929688,100307
2025-03-25 17:20:00+00:00,628.6300048828125,628.8098754882812,628.180908203125,628.405029296875,64041
2025-03-25 17:25:00+00:00,627.2100219726562,628.5499877929688,626.3499755859375,628.5499877929688,112092
2025-03-25 17:30:00+00:00,626.8099975585938,627.6199951171875,626.5850219726562,627.0549926757812,63502
2025-03-25 17:35:00+00:00,626.7000122070312,627.25,626.4481811523438,626.7100219726562,55052
2025-03-25 17:40:00+00:00,626.9149169921875,627.239990234375,626.3900146484375,626.7899780273438,63075
2025-03-25 17:45:00+00:00,626.02001953125,626.6599731445312,626.0,626.5858154296875,63913
2025-03-25 17:50:00+00:00,625.8076171875,626.4400024414062,625.6699829101562,626.25,69317
2025-03-25 17:55:00+00:00,625.5285034179688,626.4105834960938,625.0900268554688,625.9550170898438,100353
2025-03-25 18:00:00+00:00,625.5302124023438,625.8900146484375,625.0900268554688,625.530029296875,63879
2025-03-25 18:05:00+00:00,625.3765869140625,625.7299194335938,624.2401123046875,625.4400024414062,146051
2025-03-25 18:10:00+00:00,625.614990234375,625.6400146484375,624.8599853515625,625.1599731445312,90840
2025-03-25 18:15:00+00:00,626.010009765625,626.1099243164062,625.3099975585938,625.75,83477
2025-03-25 18:20:00+00:00,625.7000122070312,626.6080932617188,625.5999755859375,626.010009765625,75548
2025-03-25 18:25:00+00:00,624.8099975585938,625.780029296875,624.6699829101562,625.6900024414062,82648
2025-03-25 18:30:00+00:00,624.5700073242188,625.1799926757812,624.1329956054688,624.9600219726562,70017
2025-03-25 18:35:00+00:00,624.510009765625,624.8800048828125,624.2849731445312,624.614990234375,50666
2025-03-25 18:40:00+00:00,624.1599731445312,624.6199951171875,623.3599853515625,624.510009765625,92420
2025-03-25 18:45:00+00:00,623.8800048828125,624.3099975585938,623.72900390625,624.02001953125,50921
2025-03-25 18:50:00+00:00,624.3400268554688,624.3599853515625,623.4401245117188,623.7999877929688,97142
2025-03-25 18:55:00+00:00,624.1649780273438,624.6599731445312,624.1411743164062,624.3499145507812,65155
2025-03-25 19:00:00+00:00,624.8900146484375,625.219970703125,624.1121215820312,624.1121215820312,85490
2025-03-25 19:05:00+00:00,625.47998046875,625.6954956054688,624.8400268554688,624.9199829101562,105516
2025-03-25 19:10:00+00:00,624.4600219726562,625.8330078125,624.0499877929688,625.469970703125,112694
2025-03-25 19:15:00+00:00,624.8099975585938,624.8200073242188,624.0858154296875,624.4600219726562,65664
2025-03-25 19:20:00+00:00,624.739990234375,624.9500122070312,624.469970703125,624.7449951171875,74787
2025-03-25 19:25:00+00:00,624.5574951171875,624.8521118164062,624.3300170898438,624.6900024414062,65187
2025-03-25 19:30:00+00:00,624.8900146484375,624.989990234375,624.47998046875,624.5399780273438,88680
2025-03-25 19:35:00+00:00,624.969970703125,625.52001953125,624.5,624.7999877929688,99186
2025-03-25 19:40:00+00:00,624.9450073242188,625.3699951171875,624.77001953125,625.010009765625,88883
2025-03-25 19:45:00+00:00,626.25,626.2899780273438,624.7510986328125,624.9450073242188,142761
2025-03-25 19:50:00+00:00,626.155029296875,626.8599853515625,625.4000244140625,626.2249755859375,296556
2025-03-25 19:55:00+00:00,626.2899780273438,627.0,625.7999877929688,626.2000122070312,360715
2025-03-26 13:30:00+00:00,622.6500244140625,626.239990234375,620.7100219726562,625.989990234375,895188
2025-03-26 13:35:00+00:00,625.3699951171875,626.3900146484375,622.5999755859375,622.8300170898438,364411
2025-03-26 13:40:00+00:00,624.3300170898438,625.989990234375,623.1099853515625,625.3250122070312,224519
2025-03-26 13:45:00+00:00,621.2650146484375,625.260009765625,620.7274780273438,624.9299926757812,219548
2025-03-26 13:50:00+00:00,619.7449951171875,621.2540283203125,618.6199951171875,621.0999755859375,369448
2025-03-26 13:55:00+00:00,615.8499145507812,620.1599731445312,614.75,619.8599853515625,424760
2025-03-26 14:00:00+00:00,617.27001953125,618.7907104492188,615.3800048828125,615.8300170898438,215234
2025-03-26 14:05:00+00:00,616.5150146484375,618.3300170898438,616.0,617.030029296875,144919
2025-03-26 14:10:00+00:00,616.4525146484375,617.2125244140625,615.125,616.47998046875,175413
2025-03-26 14:15:00+00:00,613.1749877929688,617.1699829101562,612.8900146484375,616.989990234375,253686
2025-03-26 14:20:00+00:00,611.5,613.1699829101562,610.5,613.1699829101562,290749
2025-03-26 14:25:00+00:00,614.5800170898438,614.8651123046875,611.27001953125,611.4000244140625,188409
2025-03-26 14:30:00+00:00,615.655029296875,615.8699951171875,614.1500244140625,614.6799926757812,202282
2025-03-26 14:35:00+00:00,615.75,616.5900268554688,615.3651733398438,615.7000122070312,151266
2025-03-26 14:40:00+00:00,614.4199829101562,616.3300170898438,614.2039794921875,615.6950073242188,121145
2025-03-26 14:45:00+00:00,614.5999755859375,615.0,613.5,614.3300170898438,117448
2025-03-26 14:50:00+00:00,617.3599853515625,617.5,614.6099853515625,614.6099853515625,146088
2025-03-26 14:55:00+00:00,617.47998046875,617.97998046875,616.27001953125,617.1500244140625,134953
2025-03-26 15:00:00+00:00,617.760009765625,618.3599853515625,616.8010864257812,617.4749755859375,101270
2025-03-26 15:05:00+00:00,618.719970703125,619.1099853515625,617.4600219726562,617.530029296875,146512
2025-03-26 15:10:00+00:00,618.5050048828125,618.89990234375,617.9500122070312,618.739990234375,113369
2025-03-26 15:15:00+00:00,618.284423828125,618.6799926757812,617.6500854492188,618.5650024414062,122775
2025-03-26 15:20:00+00:00,617.2899780273438,618.77001953125,617.1099853515625,618.1268920898438,96029
2025-03-26 15:25:00+00:00,617.0504150390625,617.2550048828125,616.1699829101562,617.2550048828125,85937
2025-03-26 15:30:00+00:00,617.64501953125,618.6300048828125,616.97998046875,616.9849853515625,122269
2025-03-26 15:35:00+00:00,617.8823852539062,617.8823852539062,616.86767578125,617.5499877929688,50351
2025-03-26 15:40:00+00:00,616.7598876953125,618.1165161132812,616.5,617.7899780273438,74082
2025-03-26 15:45:00+00:00,616.4970092773438,617.3715209960938,616.0,616.6649780273438,72188
2025-03-26 15:50:00+00:00,615.3699951171875,616.6799926757812,614.3200073242188,616.4949951171875,115058
2025-03-26 15:55:00+00:00,614.969970703125,615.6300048828125,613.6500244140625,615.5599975585938,121423
2025-03-26 16:00:00+00:00,614.0800170898438,615.4398803710938,613.510009765625,614.8900146484375,96290
2025-03-26 16:05:00+00:00,614.9500122070312,615.3900146484375,613.9400024414062,613.97998046875,119158
2025-03-26 16:10:00+00:00,614.9896850585938,615.6500244140625,614.322998046875,614.9500122070312,69511
2025-03-26 16:15:00+00:00,614.2000122070312,615.0,614.0,614.9219970703125,72336
2025-03-26 16:20:00+00:00,613.7249755859375,614.5999755859375,613.5999755859375,614.1749877929688,67980
2025-03-26 16:25:00+00:00,614.9450073242188,615.2999877929688,613.6400146484375,613.8300170898438,121660
2025-03-26 16:30:00+00:00,614.6649780273438,615.8798828125,614.3800048828125,614.905029296875,115729
2025-03-26 16:35:00+00:00,613.8300170898438,615.3049926757812,613.6199951171875,614.75,69731
2025-03-26 16:40:00+00:00,613.0300903320312,614.8399047851562,612.9000244140625,613.780029296875,69344
2025-03-26 16:45:00+00:00,613.4949951171875,613.88037109375,613.16552734375,613.2000122070312,52816
2025-03-26 16:50:00+00:00,612.6699829101562,613.777099609375,612.5800170898438,613.5599975585938,78523
2025-03-26 16:55:00+00:00,610.3800048828125,612.6699829101562,610.1099853515625,612.5800170898438,269557
2025-03-26 17:00:00+00:00,611.1052856445312,611.7100219726562,610.2999877929688,610.4000244140625,133357
2025-03-26 17:05:00+00:00,611.8599853515625,612.4503173828125,610.9199829101562,611.1500244140625,102597
2025-03-26 17:10:00+00:00,612.81298828125,613.489990234375,611.760009765625,611.8250122070312,93566
2025-03-26 17:15:00+00:00,611.780029296875,613.0499877929688,611.47998046875,612.719970703125,82948
2025-03-26 17:20:00+00:00,612.5349731445312,612.6900024414062,611.5499877929688,611.969970703125,68546
2025-03-26 17:25:00+00:00,612.25,612.8792114257812,611.7449951171875,612.5504760742188,63531
2025-03-26 17:30:00+00:00,611.31640625,612.14501953125,610.9000244140625,612.1400146484375,83133
2025-03-26 17:35:00+00:00,611.6635131835938,611.7698974609375,610.510009765625,611.3150024414062,87412
2025-03-26 17:40:00+00:00,612.7949829101562,613.6400146484375,611.75,611.75,139885
2025-03-26 17:45:00+00:00,612.1201171875,613.5399780273438,611.9299926757812,612.719970703125,95200
2025-03-26 17:50:00+00:00,612.4600219726562,612.6500244140625,612.0399780273438,612.26171875,82070
2025-03-26 17:55:00+00:00,611.85498046875,612.5,611.844970703125,612.4199829101562,65420
2025-03-26 18:00:00+00:00,611.2999877929688,612.05908203125,610.8800048828125,611.989990234375,72761
2025-03-26 18:05:00+00:00,611.3300170898438,611.5499877929688,610.6199951171875,611.3099975585938,66669
2025-03-26 18:10:00+00:00,612.0523071289062,612.5800170898438,611.344970703125,611.3499755859375,83551
2025-03-26 18:15:00+00:00,611.9500122070312,612.4598999023438,611.469970703125,612.0599975585938,85845
2025-03-26 18:20:00+00:00,611.3400268554688,611.8657836914062,611.2000122070312,611.72998046875,62584
2025-03-26 18:25:00+00:00,611.27001953125,611.8300170898438,611.0700073242188,611.2000122070312,81902
2025-03-26 18:30:00+00:00,610.6599731445312,611.8800048828125,610.6599731445312,611.25,93062
2025-03-26 18:35:00+00:00,609.9600219726562,610.788330078125,609.8599853515625,610.75,106865
2025-03-26 18:40:00+00:00,608.6851196289062,610.0399780273438,608.5,610.0399780273438,129687
2025-03-26 18:45:00+00:00,607.8026123046875,609.0900268554688,607.3599853515625,608.6849975585938,130649
2025-03-26 18:50:00+00:00,607.530029296875,608.0399780273438,607.22998046875,607.8099975585938,87400
2025-03-26 18:55:00+00:00,606.9425048828125,607.5900268554688,606.6099853515625,607.47998046875,86909
2025-03-26 19:00:00+00:00,607.969970703125,608.8499755859375,606.9525146484375,606.9550170898438,99249
2025-03-26 19:05:00+00:00,608.0750122070312,608.5800170898438,607.260009765625,607.969970703125,91317
2025-03-26 19:10:00+00:00,608.5399780273438,608.719970703125,607.5900268554688,607.989990234375,79400
2025-03-26 19:15:00+00:00,609.8952026367188,609.969970703125,608.4199829101562,608.5499877929688,102214
2025-03-26 19:20:00+00:00,609.4400024414062,610.625,609.4199829101562,609.969970703125,106974
2025-03-26 19:25:00+00:00,608.780029296875,609.8399047851562,608.5999755859375,609.4249877929688,121495
2025-03-26 19:30:00+00:00,608.8099975585938,609.1500244140625,608.110107421875,608.780029296875,141486
2025-03-26 19:35:00+00:00,608.9409790039062,609.3499145507812,608.3900146484375,608.8544921875,130944
2025-03-26 19:40:00+00:00,609.60498046875,609.7789916992188,608.8599853515625,608.9849853515625,119592
2025-03-26 19:45:00+00:00,610.385009765625,610.5399780273438,609.3167724609375,609.6099853515625,115703
2025-03-26 19:50:00+00:00,611.2899780273438,611.7399291992188,610.239990234375,610.25,266218
2025-03-26 19:55:00+00:00,610.9290161132812,611.6500244140625,610.719970703125,611.1300048828125,380647
2025-03-27 13:30:00+00:00,603.6799926757812,605.1199951171875,600.510009765625,601.25,640273
2025-03-27 13:35:00+00:00,602.2550048828125,605.5198974609375,601.52001953125,603.6799926757812,380718
2025-03-27 13:40:00+00:00,601.5599975585938,602.77001953125,600.0999755859375,602.2550048828125,307070
2025-03-27 13:45:00+00:00,604.4849853515625,604.743896484375,601.25,601.54248046875,245252
2025-03-27 13:50:00+00:00,607.6320190429688,609.0,604.4600219726562,604.4849853515625,356135
2025-03-27 13:55:00+00:00,608.8447875976562,608.9398803710938,607.1900024414062,607.7249755859375,175600
2025-03-27 14:00:00+00:00,608.5399780273438,609.97998046875,607.7667846679688,608.3200073242188,193688
2025-03-27 14:05:00+00:00,608.2650146484375,610.8300170898438,607.5001220703125,608.5700073242188,256148
2025-03-27 14:10:00+00:00,610.8049926757812,611.6298828125,607.5,608.0900268554688,152987
2025-03-27 14:15:00+00:00,610.5997924804688,611.0800170898438,609.2700805664062,610.9199829101562,98952
2025-03-27 14:20:00+00:00,609.1099853515625,610.739990234375,608.0,610.5750122070312,117956
2025-03-27 14:25:00+00:00,612.0700073242188,612.2000122070312,609.0050048828125,609.0050048828125,158382
2025-03-27 14:30:00+00:00,611.4959106445312,612.0999755859375,610.9199829101562,612.0549926757812,161447
2025-03-27 14:35:00+00:00,612.0800170898438,613.6799926757812,610.9500122070312,611.5650024414062,180608
2025-03-27 14:40:00+00:00,612.969970703125,613.1843872070312,611.6058959960938,611.9749755859375,119860
2025-03-27 14:45:00+00:00,612.7515869140625,613.8800048828125,612.3200073242188,613.0700073242188,149821
2025-03-27 14:50:00+00:00,613.3499755859375,613.38232421875,611.1599731445312,612.77001953125,97781
2025-03-27 14:55:00+00:00,613.614990234375,614.0964965820312,612.8200073242188,613.4373168945312,120631
2025-03-27 15:00:00+00:00,612.6300048828125,614.25,612.510009765625,613.6400146484375,105826
2025-03-27 15:05:00+00:00,611.5137939453125,613.219970703125,611.4199829101562,612.73681640625,98232
2025-03-27 15:10:00+00:00,612.2150268554688,612.510009765625,611.3599853515625,611.489990234375,146955
2025-03-27 15:15:00+00:00,612.3499755859375,612.4000244140625,611.206787109375,612.1099853515625,79931
2025-03-27 15:20:00+00:00,612.0325927734375,612.5,611.344970703125,612.3499755859375,56427
2025-03-27 15:25:00+00:00,610.4849853515625,612.2000122070312,610.280029296875,612.0,47079
2025-03-27 15:30:00+00:00,608.530029296875,610.5050048828125,608.3800048828125,610.5050048828125,110479
2025-03-27 15:35:00+00:00,608.5499877929688,609.1599731445312,607.7556762695312,608.6533813476562,98819
2025-03-27 15:40:00+00:00,608.4600219726562,608.7999877929688,607.3300170898438,608.6900024414062,117703
2025-03-27 15:45:00+00:00,607.3267211914062,608.5499267578125,607.0,608.4400024414062,63194
2025-03-27 15:50:00+00:00,607.419677734375,607.8599243164062,607.010009765625,607.0800170898438,84924
2025-03-27 15:55:00+00:00,607.030029296875,607.8068237304688,606.47998046875,607.5850219726562,57390
2025-03-27 16:00:00+00:00,607.5499877929688,607.8099975585938,606.5,607.1099853515625,90415
2025-03-27 16:05:00+00:00,609.27001953125,609.4799194335938,607.0999755859375,607.5449829101562,96632
2025-03-27 16:10:00+00:00,608.9600219726562,609.3499145507812,608.3001098632812,609.2899780273438,54872
2025-03-27 16:15:00+00:00,610.5001220703125,610.75,608.739990234375,608.9500122070312,69164
2025-03-27 16:20:00+00:00,609.0,611.1500244140625,609.0,610.5999755859375,80061
2025-03-27 16:25:00+00:00,607.7050170898438,609.010009765625,607.469970703125,609.010009765625,59768
2025-03-27 16:30:00+00:00,608.989990234375,609.6099243164062,607.7349853515625,607.7349853515625,108172
2025-03-27 16:35:00+00:00,609.010009765625,609.1099853515625,608.2301025390625,608.8400268554688,99806
2025-03-27 16:40:00+00:00,609.3300170898438,609.8599243164062,608.7000122070312,609.02001953125,46962
2025-03-27 16:45:00+00:00,607.4611206054688,609.6199951171875,607.3300170898438,609.2000122070312,63551
2025-03-27 16:50:00+00:00,606.9199829101562,607.6749877929688,606.4868774414062,607.4650268554688,99619
2025-03-27 16:55:00+00:00,605.780029296875,606.9739990234375,605.6129150390625,606.9739990234375,93343
2025-03-27 17:00:00+00:00,606.489990234375,606.9600219726562,605.510009765625,605.8800048828125,86811
2025-03-27 17:05:00+00:00,606.6649780273438,607.1199951171875,605.860107421875,606.5349731445312,60804
2025-03-27 17:10:00+00:00,607.68798828125,607.9962158203125,606.6699829101562,606.72998046875,51385
2025-03-27 17:15:00+00:00,607.0050048828125,607.8800048828125,606.902099609375,607.5999755859375,47750
2025-03-27 17:20:00+00:00,606.8729858398438,607.22998046875,606.3599853515625,606.9400024414062,37473
2025-03-27 17:25:00+00:00,605.6199951171875,607.1185302734375,605.3400268554688,606.7064819335938,47012
2025-03-27 17:30:00+00:00,606.1599731445312,606.6464233398438,605.4650268554688,605.4949951171875,49918
2025-03-27 17:35:00+00:00,605.25,606.0999755859375,604.6500244140625,606.0872192382812,87391
2025-03-27 17:40:00+00:00,605.4450073242188,605.9530029296875,605.02001953125,605.0999755859375,63621
2025-03-27 17:45:00+00:00,606.219970703125,606.72998046875,605.4835205078125,605.530029296875,63819
2025-03-27 17:50:00+00:00,604.780029296875,606.8198852539062,604.6229858398438,606.3300170898438,49058
2025-03-27 17:55:00+00:00,604.844970703125,605.2150268554688,604.5466918945312,604.8099975585938,51079
2025-03-27 18:00:00+00:00,605.7000122070312,605.8599853515625,604.75,604.97998046875,50691
2025-03-27 18:05:00+00:00,605.8800048828125,606.719970703125,605.719970703125,605.7899780273438,61501
2025-03-27 18:10:00+00:00,607.5369873046875,607.5369873046875,606.010009765625,606.0399780273438,60161
2025-03-27 18:15:00+00:00,606.8775024414062,607.6798706054688,606.4401245117188,607.4650268554688,60243
2025-03-27 18:20:00+00:00,606.2949829101562,607.1699829101562,606.25,606.8599853515625,53238
2025-03-27 18:25:00+00:00,605.9400024414062,606.791015625,605.7901000976562,606.2949829101562,56483
2025-03-27 18:30:00+00:00,606.0349731445312,606.4199829101562,605.3499755859375,605.9400024414062,61655
2025-03-27 18:35:00+00:00,606.6699829101562,607.1400146484375,606.0399780273438,606.0399780273438,79660
2025-03-27 18:40:00+00:00,606.5399780273438,607.6699829101562,606.2999877929688,606.6500244140625,51518
2025-03-27 18:45:00+00:00,607.4450073242188,607.5399780273438,606.5,606.6300048828125,60151
2025-03-27 18:50:00+00:00,607.739990234375,608.3200073242188,607.02001953125,607.489990234375,89432
2025-03-27 18:55:00+00:00,605.10498046875,607.6400146484375,605.0,607.6400146484375,70844
2025-03-27 19:00:00+00:00,606.25,606.77001953125,604.760009765625,605.10498046875,69972
2025-03-27 19:05:00+00:00,605.6799926757812,606.2584838867188,605.4099731445312,606.1900024414062,62089
2025-03-27 19:10:00+00:00,607.489990234375,607.5,605.58740234375,605.7449951171875,64401
2025-03-27 19:15:00+00:00,607.1300048828125,607.7498779296875,606.55517578125,607.27001953125,62166
2025-03-27 19:20:00+00:00,607.8099975585938,608.1300048828125,607.0,607.14501953125,86675
2025-03-27 19:25:00+00:00,607.3900146484375,607.9299926757812,607.0499877929688,607.6099853515625,64640
2025-03-27 19:30:00+00:00,606.2249755859375,607.27001953125,605.8400268554688,607.27001953125,73885
2025-03-27 19:35:00+00:00,605.3699951171875,606.409912109375,605.3099975585938,606.3300170898438,64469
2025-03-27 19:40:00+00:00,605.1900024414062,606.1199951171875,604.8900146484375,605.4199829101562,95501
2025-03-27 19:45:00+00:00,605.260009765625,605.5753784179688,604.9000244140625,605.280029296875,102094
2025-03-27 19:50:00+00:00,601.8983764648438,605.02001953125,601.2999877929688,605.02001953125,298889
2025-03-27 19:55:00+00:00,602.510009765625,603.5999755859375,601.905029296875,602.1500244140625,529267
2025-03-28 13:30:00+00:00,596.780029296875,601.489990234375,596.0399780273438,600.3150024414062,937203
2025-03-28 13:35:00+00:00,600.5700073242188,601.7380981445312,596.5499877929688,596.7570190429688,255139
2025-03-28 13:40:00+00:00,598.617919921875,601.4500122070312,598.5,600.47998046875,201886
2025-03-28 13:45:00+00:00,599.0999755859375,599.3798828125,597.3400268554688,598.5499877929688,142309
2025-03-28 13:50:00+00:00,596.5250244140625,600.1699829101562,595.1900024414062,598.9749755859375,183304
2025-03-28 13:55:00+00:00,593.9771728515625,596.6900024414062,593.3380126953125,596.5999755859375,218021
2025-03-28 14:00:00+00:00,592.9199829101562,595.2680053710938,591.8300170898438,593.6699829101562,278050
2025-03-28 14:05:00+00:00,589.989990234375,593.392822265625,589.1699829101562,593.1400146484375,355926
2025-03-28 14:10:00+00:00,589.125,590.0999145507812,588.3300170898438,589.9730834960938,280714
2025-03-28 14:15:00+00:00,589.3400268554688,590.1904296875,588.0700073242188,589.0800170898438,226792
2025-03-28 14:20:00+00:00,589.0250244140625,590.1799926757812,588.5900268554688,589.4199829101562,197969
2025-03-28 14:25:00+00:00,587.52001953125,588.9915771484375,587.3099975585938,588.6500244140625,225059
2025-03-28 14:30:00+00:00,586.1900024414062,588.1892700195312,585.5800170898438,587.594970703125,282190
2025-03-28 14:35:00+00:00,586.3900146484375,586.97998046875,584.9149780273438,586.1799926757812,196716
2025-03-28 14:40:00+00:00,586.7874755859375,587.4498901367188,585.8956298828125,586.4400024414062,143045
2025-03-28 14:45:00+00:00,585.72998046875,587.22998046875,585.5200805664062,586.72998046875,118330
2025-03-28 14:50:00+00:00,585.8499755859375,586.5700073242188,585.1799926757812,585.739990234375,129227
2025-03-28 14:55:00+00:00,585.47998046875,585.8499755859375,584.1801147460938,585.77001953125,186642
2025-03-28 15:00:00+00:00,584.8300170898438,585.5499877929688,583.6799926757812,585.3900146484375,195244
2025-03-28 15:05:00+00:00,584.7999877929688,585.489990234375,584.1566162109375,584.6199951171875,173447
2025-03-28 15:10:00+00:00,586.010009765625,586.3599243164062,584.3803100585938,584.7849731445312,189038
2025-03-28 15:15:00+00:00,584.5750122070312,586.2000122070312,584.25,586.0,162878
2025-03-28 15:20:00+00:00,583.9199829101562,584.6375732421875,583.2584228515625,584.3800048828125,96872
2025-03-28 15:25:00+00:00,586.0900268554688,586.25,583.9249877929688,583.9249877929688,138778
2025-03-28 15:30:00+00:00,586.8200073242188,587.0850219726562,585.7022705078125,586.1099853515625,125973
2025-03-28 15:35:00+00:00,586.4500122070312,587.889892578125,586.3300170898438,586.8200073242188,122858
2025-03-28 15:40:00+00:00,585.0,586.75,584.5800170898438,586.3300170898438,140604
2025-03-28 15:45:00+00:00,586.8200073242188,586.8200073242188,584.77001953125,584.9000244140625,103932
2025-03-28 15:50:00+00:00,585.77001953125,587.1400146484375,585.52001953125,586.7650146484375,101831
2025-03-28 15:55:00+00:00,584.22998046875,585.8880004882812,584.0100708007812,585.8880004882812,106258
2025-03-28 16:00:00+00:00,585.56298828125,585.56298828125,584.2550048828125,584.2550048828125,104089
2025-03-28 16:05:00+00:00,584.9000244140625,585.7418212890625,584.7738037109375,585.4199829101562,70951
2025-03-28 16:10:00+00:00,584.4901123046875,585.625,584.4901123046875,584.760009765625,92641
2025-03-28 16:15:00+00:00,583.0233764648438,584.719970703125,582.8800048828125,584.7100219726562,152163
2025-03-28 16:20:00+00:00,582.16162109375,583.4000244140625,581.6099853515625,583.0449829101562,149693
2025-03-28 16:25:00+00:00,582.3400268554688,582.4600219726562,581.280029296875,582.0,118527
2025-03-28 16:30:00+00:00,583.0900268554688,583.5098876953125,582.2100219726562,582.4000244140625,171400
2025-03-28 16:35:00+00:00,582.3400268554688,583.4915161132812,582.1099853515625,583.02001953125,98098
2025-03-28 16:40:00+00:00,581.9199829101562,583.0620727539062,581.5499877929688,582.3259887695312,90662
2025-03-28 16:45:00+00:00,582.0999755859375,582.689208984375,581.5,581.8200073242188,184916
2025-03-28 16:50:00+00:00,583.5999755859375,583.5999755859375,581.970703125,581.9949951171875,119277
2025-03-28 16:55:00+00:00,582.2100219726562,583.5880737304688,581.9901123046875,583.4935913085938,64691
2025-03-28 17:00:00+00:00,582.3150024414062,582.5999755859375,581.7100219726562,582.0900268554688,105024
2025-03-28 17:05:00+00:00,581.7999877929688,582.294189453125,581.5700073242188,582.294189453125,112452
2025-03-28 17:10:00+00:00,582.280029296875,582.6799926757812,581.5850219726562,581.72998046875,92964
2025-03-28 17:15:00+00:00,583.2899780273438,583.8800048828125,582.1500244140625,582.4744873046875,137673
2025-03-28 17:20:00+00:00,583.0,583.9749755859375,583.0,583.3524780273438,77540
2025-03-28 17:25:00+00:00,581.8499755859375,583.1699829101562,581.5599975585938,582.8900146484375,112585
2025-03-28 17:30:00+00:00,581.219970703125,582.0,580.8189697265625,581.7249755859375,129914
2025-03-28 17:35:00+00:00,580.7667846679688,581.1699829101562,580.259521484375,581.0750122070312,124603
2025-03-28 17:40:00+00:00,580.3900146484375,581.2000122070312,580.3800048828125,580.7647094726562,118542
2025-03-28 17:45:00+00:00,580.1849975585938,581.0800170898438,580.0999755859375,580.5598754882812,132601
2025-03-28 17:50:00+00:00,579.8720703125,580.5399780273438,579.6900024414062,580.239990234375,178457
2025-03-28 17:55:00+00:00,580.7999877929688,581.0139770507812,579.7999877929688,579.8327026367188,128673
2025-03-28 18:00:00+00:00,580.39501953125,581.0800170898438,580.030029296875,580.77001953125,126763
2025-03-28 18:05:00+00:00,580.943603515625,581.0,579.6699829101562,580.3599853515625,169096
2025-03-28 18:10:00+00:00,580.6199951171875,582.1817016601562,580.5,581.0075073242188,183482
2025-03-28 18:15:00+00:00,579.3107299804688,580.8200073242188,578.719970703125,580.6199951171875,205179
2025-03-28 18:20:00+00:00,578.3447875976562,579.6099853515625,578.2501220703125,579.405029296875,185885
2025-03-28 18:25:00+00:00,578.780029296875,578.8699951171875,577.8817138671875,578.3200073242188,171974
2025-03-28 18:30:00+00:00,579.9199829101562,579.9600219726562,578.4600219726562,578.7849731445312,154693
2025-03-28 18:35:00+00:00,578.4400024414062,580.1699829101562,578.3200073242188,579.9600219726562,163967
2025-03-28 18:40:00+00:00,577.6994018554688,578.4400024414062,577.2999877929688,578.427978515625,155821
2025-03-28 18:45:00+00:00,576.22998046875,577.8499755859375,576.2000122070312,577.8049926757812,265610
2025-03-28 18:50:00+00:00,576.4000244140625,577.1799926757812,575.989990234375,576.1500244140625,254487
2025-03-28 18:55:00+00:00,576.0700073242188,576.6300048828125,575.6099853515625,576.3200073242188,267642
2025-03-28 19:00:00+00:00,575.7349853515625,576.2999877929688,575.3599853515625,576.0399780273438,239925
2025-03-28 19:05:00+00:00,576.0700073242188,576.4235229492188,575.344970703125,575.7150268554688,297813
2025-03-28 19:10:00+00:00,575.7899780273438,576.0999755859375,575.510009765625,576.0999755859375,163882
2025-03-28 19:15:00+00:00,576.4299926757812,576.7150268554688,575.47998046875,575.8300170898438,315228
2025-03-28 19:20:00+00:00,576.5900268554688,576.6199951171875,575.7100219726562,576.3499755859375,182751
2025-03-28 19:25:00+00:00,576.280029296875,576.739990234375,575.4500732421875,576.5750122070312,220977
2025-03-28 19:30:00+00:00,575.0999755859375,576.5598754882812,575.0,576.22998046875,291948
2025-03-28 19:35:00+00:00,576.4824829101562,576.5698852539062,575.0,575.260009765625,180665
2025-03-28 19:40:00+00:00,576.1400146484375,576.97998046875,575.3400268554688,576.469970703125,318136
2025-03-28 19:45:00+00:00,576.64501953125,576.8198852539062,575.0,576.0700073242188,347956
2025-03-28 19:50:00+00:00,576.4299926757812,576.8800048828125,573.923583984375,576.8200073242188,508888
2025-03-28 19:55:00+00:00,576.760009765625,577.905029296875,575.2999877929688,576.3499755859375,749598
2025-03-31 13:30:00+00:00,555.5999755859375,566.3599853515625,554.8400268554688,563.094970703125,1818078
2025-03-31 13:35:00+00:00,555.77001953125,559.760009765625,555.0,555.5999755859375,784568
2025-03-31 13:40:00+00:00,553.7999877929688,556.5,553.6699829101562,555.8200073242188,608030
2025-03-31 13:45:00+00:00,557.9149780273438,558.1500244140625,553.3099975585938,553.6699829101562,537501
2025-03-31 13:50:00+00:00,558.5634155273438,559.760009765625,557.0,557.7849731445312,337753
2025-03-31 13:55:00+00:00,560.5401000976562,562.97998046875,558.6303100585938,558.7249755859375,417576
2025-03-31 14:00:00+00:00,561.7979736328125,563.8900146484375,560.4249877929688,560.5399780273438,305878
2025-03-31 14:05:00+00:00,564.7849731445312,565.869873046875,560.7476806640625,561.8599853515625,319895
2025-03-31 14:10:00+00:00,565.27001953125,566.2089233398438,563.1699829101562,564.7550048828125,318608
2025-03-31 14:15:00+00:00,562.5499877929688,566.1300048828125,562.47998046875,565.2949829101562,300404
2025-03-31 14:20:00+00:00,562.4000244140625,563.82861328125,561.3350219726562,562.4600219726562,250550
2025-03-31 14:25:00+00:00,560.219970703125,562.39501953125,560.0,562.3499755859375,218971
2025-03-31 14:30:00+00:00,564.4500122070312,564.4500122070312,559.8800048828125,560.2349853515625,366185
2025-03-31 14:35:00+00:00,561.5817260742188,564.719970703125,560.8599853515625,564.4500122070312,229889
2025-03-31 14:40:00+00:00,559.75,562.3975219726562,559.1599731445312,561.5449829101562,253665
2025-03-31 14:45:00+00:00,561.6140747070312,561.70849609375,559.0700073242188,559.7449951171875,252964
2025-03-31 14:50:00+00:00,562.4299926757812,562.4799194335938,559.8200073242188,561.5999755859375,187206
2025-03-31 14:55:00+00:00,562.4749755859375,562.8800048828125,561.3200073242188,562.5,169529
2025-03-31 15:00:00+00:00,562.8499755859375,564.5050048828125,562.3599853515625,562.530029296875,219833
2025-03-31 15:05:00+00:00,561.9000244140625,564.0800170898438,561.2999877929688,562.9860229492188,185864
2025-03-31 15:10:00+00:00,561.3250122070312,564.3800048828125,561.260009765625,561.8800048828125,176799
2025-03-31 15:15:00+00:00,563.3499755859375,563.6599731445312,561.260009765625,561.3300170898438,236785
2025-03-31 15:20:00+00:00,565.1699829101562,565.44482421875,563.0999755859375,563.280029296875,182516
2025-03-31 15:25:00+00:00,564.5650024414062,566.2113037109375,564.2899780273438,565.1599731445312,217172
2025-03-31 15:30:00+00:00,566.7899780273438,566.7899780273438,564.094970703125,564.3900146484375,212710
2025-03-31 15:35:00+00:00,568.8049926757812,568.8800048828125,566.3400268554688,566.7100219726562,188854
2025-03-31 15:40:00+00:00,568.8900146484375,569.8123779296875,568.4099731445312,568.8699951171875,217205
2025-03-31 15:45:00+00:00,569.7100219726562,569.8900146484375,568.9249877929688,568.989990234375,120856
2025-03-31 15:50:00+00:00,572.02001953125,572.4400024414062,569.5850219726562,569.7000122070312,289810
2025-03-31 15:55:00+00:00,569.219970703125,572.103271484375,569.010009765625,572.02001953125,235365
2025-03-31 16:00:00+00:00,569.71630859375,570.6998901367188,568.8699951171875,569.25,92194
2025-03-31 16:05:00+00:00,568.4215698242188,569.8724975585938,568.2000122070312,569.6300048828125,104893
2025-03-31 16:10:00+00:00,568.7634887695312,569.4400024414062,567.27001953125,568.47998046875,167028
2025-03-31 16:15:00+00:00,570.4949951171875,570.7100219726562,568.0960083007812,568.6500244140625,93789
2025-03-31 16:20:00+00:00,570.081298828125,570.5900268554688,569.1699829101562,570.5900268554688,96823
2025-03-31 16:25:00+00:00,571.6199951171875,571.9544067382812,569.9099731445312,569.96630859375,107478
2025-03-31 16:30:00+00:00,571.6400146484375,572.1699829101562,570.2899780273438,571.5599975585938,127002
2025-03-31 16:35:00+00:00,572.5800170898438,572.77001953125,571.02001953125,571.64501953125,133064
2025-03-31 16:40:00+00:00,571.1900024414062,572.47998046875,570.8499755859375,572.47998046875,99267
2025-03-31 16:45:00+00:00,571.8350219726562,571.8350219726562,570.9099731445312,571.1099853515625,78630
2025-03-31 16:50:00+00:00,571.719970703125,571.97998046875,571.094970703125,571.8118286132812,59247
2025-03-31 16:55:00+00:00,569.5399780273438,571.530029296875,568.7000122070312,571.5,116518
2025-03-31 17:00:00+00:00,571.4099731445312,571.969970703125,569.2371826171875,569.47998046875,111544
2025-03-31 17:05:00+00:00,574.010009765625,574.0499877929688,571.3200073242188,571.5999755859375,131418
2025-03-31 17:10:00+00:00,572.89501953125,574.5599975585938,572.760009765625,574.030029296875,130751
2025-03-31 17:15:00+00:00,571.350830078125,573.1157836914062,571.1403198242188,573.0499877929688,98385
2025-03-31 17:20:00+00:00,571.2449951171875,571.5800170898438,570.469970703125,571.219970703125,73651
2025-03-31 17:25:00+00:00,571.22998046875,571.7000122070312,570.52001953125,571.489990234375,57216
2025-03-31 17:30:00+00:00,571.0349731445312,571.280029296875,570.280029296875,571.219970703125,63425
2025-03-31 17:35:00+00:00,571.6467895507812,571.6599731445312,570.1500244140625,570.89501953125,66960
2025-03-31 17:40:00+00:00,569.8699951171875,571.6699829101562,569.739990234375,571.6400146484375,76713
2025-03-31 17:45:00+00:00,569.736083984375,569.8300170898438,569.0,569.8300170898438,104156
2025-03-31 17:50:00+00:00,571.2050170898438,571.423828125,569.5150146484375,569.8499755859375,56972
2025-03-31 17:55:00+00:00,569.7899780273438,571.280029296875,569.7899780273438,571.2050170898438,65143
2025-03-31 18:00:00+00:00,571.8499755859375,572.2000122070312,569.7899780273438,569.7899780273438,98571
2025-03-31 18:05:00+00:00,573.6400146484375,573.8200073242188,571.3599853515625,571.7899780273438,131020
2025-03-31 18:10:00+00:00,573.780029296875,574.9500122070312,573.5,573.6400146484375,158454
2025-03-31 18:15:00+00:00,574.7789916992188,574.7899780273438,572.9500122070312,573.6099853515625,101223
2025-03-31 18:20:00+00:00,575.25,575.35498046875,573.8300170898438,574.7808227539062,175678
2025-03-31 18:25:00+00:00,576.2100219726562,576.2100219726562,574.8800048828125,575.1749877929688,201246
2025-03-31 18:30:00+00:00,575.7449951171875,576.4400024414062,575.030029296875,576.1754150390625,144560
2025-03-31 18:35:00+00:00,575.4849853515625,576.4865112304688,575.3082275390625,575.6599731445312,124704
2025-03-31 18:40:00+00:00,574.85498046875,576.2000122070312,574.8400268554688,575.4299926757812,84809
2025-03-31 18:45:00+00:00,574.6300048828125,575.1849975585938,573.0599975585938,574.969970703125,121776
2025-03-31 18:50:00+00:00,574.9500122070312,575.4600219726562,574.4000244140625,574.469970703125,83170
2025-03-31 18:55:00+00:00,573.25,574.8800048828125,573.1500244140625,574.8800048828125,101079
2025-03-31 19:00:00+00:00,573.8250122070312,574.72998046875,573.135009765625,573.1799926757812,124344
2025-03-31 19:05:00+00:00,574.5,574.8098754882812,573.719970703125,573.8359985351562,106422
2025-03-31 19:10:00+00:00,575.1599731445312,575.8099975585938,574.3350219726562,574.4450073242188,115142
2025-03-31 19:15:00+00:00,574.8800048828125,575.510009765625,574.6500244140625,575.1400146484375,153391
2025-03-31 19:20:00+00:00,574.8699951171875,575.6799926757812,574.7000122070312,574.9500122070312,100146
2025-03-31 19:25:00+00:00,573.780029296875,575.1500244140625,573.1201171875,574.9299926757812,139325
2025-03-31 19:30:00+00:00,575.4456176757812,575.4456176757812,572.9299926757812,573.7000122070312,128350
2025-03-31 19:35:00+00:00,575.6799926757812,575.9384765625,574.9400024414062,575.3300170898438,202895
2025-03-31 19:40:00+00:00,576.6599731445312,578.7000122070312,575.6500244140625,575.6799926757812,291955
2025-03-31 19:45:00+00:00,575.8300170898438,577.5850219726562,575.1610107421875,576.6699829101562,170863
2025-03-31 19:50:00+00:00,577.5421142578125,577.5599975585938,573.4299926757812,576.0,407702
2025-03-31 19:55:00+00:00,576.5,577.530029296875,574.8499755859375,577.1799926757812,776103
2025-04-01 13:30:00+00:00,575.4600219726562,577.9199829101562,570.010009765625,570.8400268554688,697578
2025-04-01 13:35:00+00:00,577.6932983398438,578.6223754882812,574.10498046875,575.219970703125,280285
2025-04-01 13:40:00+00:00,579.655029296875,580.0,577.1224975585938,577.489990234375,301302
2025-04-01 13:45:00+00:00,579.5949096679688,580.4400024414062,577.8800048828125,579.5,273504
2025-04-01 13:50:00+00:00,575.625,580.0599975585938,575.3200073242188,579.719970703125,224121
2025-04-01 13:55:00+00:00,576.5399780273438,577.77001953125,575.0,575.510009765625,165073
2025-04-01 14:00:00+00:00,574.8699951171875,577.6900024414062,574.4249877929688,576.8499755859375,307923
2025-04-01 14:05:00+00:00,576.1599731445312,576.9500122070312,574.2432250976562,575.0499877929688,157638
2025-04-01 14:10:00+00:00,574.74609375,577.0,574.280029296875,576.2899780273438,197241
2025-04-01 14:15:00+00:00,574.8099975585938,576.1400146484375,574.5546875,574.885009765625,118640
2025-04-01 14:20:00+00:00,577.830078125,578.4099731445312,574.0900268554688,574.9400024414062,201287
2025-04-01 14:25:00+00:00,577.9899291992188,579.2780151367188,576.9605712890625,578.0499877929688,136216
2025-04-01 14:30:00+00:00,577.0999755859375,578.81640625,576.5275268554688,577.5900268554688,99198
2025-04-01 14:35:00+00:00,578.7000122070312,579.8699951171875,576.5399780273438,577.0,115339
2025-04-01 14:40:00+00:00,580.6900024414062,581.27001953125,578.0800170898438,578.52001953125,185719
2025-04-01 14:45:00+00:00,580.6900024414062,581.5499877929688,579.839111328125,580.6998901367188,125560
2025-04-01 14:50:00+00:00,582.2999877929688,582.4998779296875,580.6900024414062,580.6900024414062,136765
2025-04-01 14:55:00+00:00,582.8267822265625,583.280029296875,581.280029296875,582.3499755859375,229117
2025-04-01 15:00:00+00:00,582.97998046875,584.25,582.25,582.8099975585938,163713
2025-04-01 15:05:00+00:00,583.6749877929688,584.7000122070312,582.7999877929688,582.9600219726562,203384
2025-04-01 15:10:00+00:00,583.6900024414062,583.9500122070312,582.6099853515625,583.6599731445312,177821
2025-04-01 15:15:00+00:00,582.6849975585938,583.9500122070312,582.614501953125,583.7098999023438,152888
2025-04-01 15:20:00+00:00,584.3900146484375,584.4099731445312,581.6500244140625,582.6099853515625,181136
2025-04-01 15:25:00+00:00,582.0499877929688,584.5999755859375,582.010009765625,584.280029296875,106002
2025-04-01 15:30:00+00:00,583.0,583.4266967773438,581.9199829101562,582.1400146484375,114964
2025-04-01 15:35:00+00:00,583.8099975585938,583.89501953125,582.0900268554688,583.1199951171875,110859
2025-04-01 15:40:00+00:00,585.094970703125,585.2000122070312,583.0289916992188,583.3499755859375,114103
2025-04-01 15:45:00+00:00,586.0,586.2000122070312,585.0,585.0999755859375,113440
2025-04-01 15:50:00+00:00,584.72998046875,586.0399780273438,583.969970703125,586.0,116737
2025-04-01 15:55:00+00:00,585.1400146484375,585.5070190429688,584.260009765625,584.780029296875,65823
2025-04-01 16:00:00+00:00,585.8300170898438,586.4199829101562,584.719970703125,585.219970703125,94983
2025-04-01 16:05:00+00:00,586.9910278320312,587.0,585.4901123046875,585.844970703125,134369
2025-04-01 16:10:00+00:00,587.6798706054688,587.7081909179688,585.8468017578125,586.9650268554688,214068
2025-04-01 16:15:00+00:00,588.780029296875,588.97998046875,587.6444091796875,587.6799926757812,137481
2025-04-01 16:20:00+00:00,587.760009765625,589.2899780273438,585.5399780273438,588.77001953125,505343
2025-04-01 16:25:00+00:00,585.8499755859375,587.9500122070312,585.5,587.8800048828125,177122
2025-04-01 16:30:00+00:00,585.719970703125,586.5,584.5,586.0250244140625,138628
2025-04-01 16:35:00+00:00,585.7000122070312,586.3068237304688,584.6497192382812,585.2899780273438,99575
2025-04-01 16:40:00+00:00,586.1199951171875,586.7390747070312,585.260009765625,585.8499755859375,128929
2025-04-01 16:45:00+00:00,587.7899780273438,587.7899780273438,585.7100219726562,586.0,99754
2025-04-01 16:50:00+00:00,588.9520263671875,589.9099731445312,587.3839721679688,587.719970703125,138967
2025-04-01 16:55:00+00:00,587.9349975585938,589.2498779296875,587.7631225585938,588.9199829101562,96086
2025-04-01 17:00:00+00:00,588.3599853515625,588.9299926757812,587.739990234375,587.9324951171875,97092
2025-04-01 17:05:00+00:00,586.3300170898438,588.4199829101562,586.1580200195312,588.35400390625,116132
2025-04-01 17:10:00+00:00,586.614990234375,587.2000122070312,585.75,586.1500244140625,105639
2025-04-01 17:15:00+00:00,584.9000244140625,586.719970703125,584.8024291992188,586.6199951171875,93287
2025-04-01 17:20:00+00:00,585.1799926757812,585.77001953125,584.7999877929688,584.97998046875,68022
2025-04-01 17:25:00+00:00,585.239990234375,585.655029296875,584.8284301757812,585.1799926757812,65401
2025-04-01 17:30:00+00:00,584.7993774414062,586.47998046875,584.7509155273438,585.25,60200
2025-04-01 17:35:00+00:00,585.6199951171875,585.7899780273438,584.7493286132812,584.864990234375,41994
2025-04-01 17:40:00+00:00,584.89501953125,586.576416015625,584.64501953125,585.5449829101562,56333
2025-04-01 17:45:00+00:00,585.9600219726562,586.2100219726562,584.7000122070312,584.8800048828125,35449
2025-04-01 17:50:00+00:00,584.969970703125,586.4600219726562,584.9495849609375,585.8400268554688,51341
2025-04-01 17:55:00+00:00,583.6757202148438,585.0599975585938,583.672119140625,585.02001953125,87216
2025-04-01 18:00:00+00:00,581.3599853515625,584.0650024414062,580.8599853515625,584.0,117388
2025-04-01 18:05:00+00:00,580.5999755859375,581.919921875,580.255615234375,581.6599731445312,89240
2025-04-01 18:10:00+00:00,581.5999145507812,581.8800048828125,580.219970703125,580.6400146484375,70691
2025-04-01 18:15:00+00:00,580.125,581.5863037109375,579.7100219726562,581.47998046875,107395
2025-04-01 18:20:00+00:00,578.7000122070312,580.3607788085938,578.510009765625,580.125,125290
2025-04-01 18:25:00+00:00,579.5410766601562,580.3400268554688,578.4000244140625,578.52001953125,142700
2025-04-01 18:30:00+00:00,580.3499755859375,581.0499877929688,579.6699829101562,579.8828125,66303
2025-04-01 18:35:00+00:00,579.8223266601562,580.9714965820312,579.6199951171875,580.469970703125,68083
2025-04-01 18:40:00+00:00,580.8699951171875,580.8699951171875,579.77001953125,579.9349975585938,71615
2025-04-01 18:45:00+00:00,579.4400024414062,580.89501953125,579.3300170898438,580.780029296875,70282
2025-04-01 18:50:00+00:00,580.2750244140625,580.3200073242188,579.239990234375,579.364990234375,55853
2025-04-01 18:55:00+00:00,581.5452270507812,581.5700073242188,580.2750244140625,580.2750244140625,87276
2025-04-01 19:00:00+00:00,581.8909301757812,582.1364135742188,581.0999755859375,581.260009765625,74573
2025-04-01 19:05:00+00:00,581.719970703125,582.9788818359375,581.6444091796875,581.8128051757812,96269
2025-04-01 19:10:00+00:00,582.4349975585938,582.5399780273438,581.27001953125,581.6300048828125,55373
2025-04-01 19:15:00+00:00,582.9299926757812,583.639892578125,582.4500122070312,582.52001953125,118368
2025-04-01 19:20:00+00:00,583.6699829101562,583.8300170898438,582.9354248046875,582.9409790039062,77657
2025-04-01 19:25:00+00:00,583.1699829101562,584.0900268554688,583.0100708007812,583.6699829101562,90263
2025-04-01 19:30:00+00:00,584.3800048828125,585.0656127929688,582.8267822265625,583.125,132390
2025-04-01 19:35:00+00:00,584.9299926757812,585.7075805664062,584.2000122070312,584.4099731445312,152211
2025-04-01 19:40:00+00:00,584.5250244140625,585.1500244140625,584.2899780273438,584.7999877929688,121913
2025-04-01 19:45:00+00:00,585.1300048828125,586.3699951171875,584.3499755859375,584.47998046875,290801
2025-04-01 19:50:00+00:00,586.6599731445312,587.0,584.8099975585938,585.280029296875,284721
2025-04-01 19:55:00+00:00,585.9500122070312,587.3699951171875,585.4400024414062,586.6599731445312,573863
2025-04-02 13:30:00+00:00,579.6950073242188,580.7498779296875,573.3599853515625,574.5999755859375,779674
2025-04-02 13:35:00+00:00,583.9810180664062,584.4299926757812,579.456787109375,579.6950073242188,310607
2025-04-02 13:40:00+00:00,587.0549926757812,587.2236938476562,582.1801147460938,583.8499755859375,291711
2025-04-02 13:45:00+00:00,588.9998779296875,588.9998779296875,586.4500732421875,587.0549926757812,276949
2025-04-02 13:50:00+00:00,587.0223999023438,589.659912109375,586.8599853515625,588.8599853515625,247758
2025-04-02 13:55:00+00:00,586.4099731445312,587.9398803710938,586.3599853515625,587.02001953125,181036
2025-04-02 14:00:00+00:00,588.6699829101562,589.3300170898438,585.0,586.0399780273438,207965
2025-04-02 14:05:00+00:00,583.75,589.114990234375,583.0,588.530029296875,161960
2025-04-02 14:10:00+00:00,583.8516235351562,584.5,581.8250122070312,583.7205810546875,205382
2025-04-02 14:15:00+00:00,584.8576049804688,585.89990234375,583.2999877929688,583.85498046875,163494
2025-04-02 14:20:00+00:00,585.39501953125,585.7899780273438,583.6427001953125,584.8604736328125,158913
2025-04-02 14:25:00+00:00,584.239990234375,585.6599731445312,583.0399780273438,585.3400268554688,103788
2025-04-02 14:30:00+00:00,583.8400268554688,585.5,583.7100219726562,584.3350219726562,87196
2025-04-02 14:35:00+00:00,585.25,585.469970703125,583.0759887695312,583.8400268554688,82905
2025-04-02 14:40:00+00:00,584.7080078125,586.0800170898438,584.2310180664062,585.2899780273438,91743
2025-04-02 14:45:00+00:00,585.030029296875,585.3900146484375,584.25,584.6099853515625,67878
2025-04-02 14:50:00+00:00,585.5599975585938,585.8200073242188,584.590087890625,585.010009765625,81531
2025-04-02 14:55:00+00:00,586.1799926757812,587.0700073242188,584.510009765625,585.7598876953125,93339
2025-04-02 15:00:00+00:00,585.3250122070312,586.239990234375,584.6900024414062,586.2100219726562,88377
2025-04-02 15:05:00+00:00,586.030029296875,586.030029296875,584.9249877929688,585.4349975585938,50006
2025-04-02 15:10:00+00:00,583.6199951171875,585.9749755859375,583.3099975585938,585.9149780273438,92155
2025-04-02 15:15:00+00:00,584.7999877929688,585.0,583.4099731445312,583.60498046875,61305
2025-04-02 15:20:00+00:00,586.6199951171875,586.7000122070312,584.5858764648438,584.8300170898438,104849
2025-04-02 15:25:00+00:00,586.8900146484375,587.6199951171875,586.25,586.5999755859375,113812
2025-04-02 15:30:00+00:00,586.494873046875,586.9500122070312,585.5999755859375,586.8624877929688,79975
2025-04-02 15:35:00+00:00,586.2150268554688,586.75,585.5999755859375,586.5,68393
2025-04-02 15:40:00+00:00,585.0250244140625,586.5195922851562,584.9299926757812,586.22998046875,88155
2025-04-02 15:45:00+00:00,583.9859008789062,585.3471069335938,583.7000122070312,584.8350219726562,88116
2025-04-02 15:50:00+00:00,578.344970703125,584.6099853515625,578.0,583.8400268554688,475901
2025-04-02 15:55:00+00:00,583.2150268554688,583.9099731445312,576.6201171875,578.344970703125,394914
2025-04-02 16:00:00+00:00,583.1099853515625,584.8200073242188,582.969970703125,583.1099853515625,151438
2025-04-02 16:05:00+00:00,585.2188110351562,585.5399780273438,583.0800170898438,583.1400146484375,130118
2025-04-02 16:10:00+00:00,586.4600219726562,586.9600219726562,585.0684814453125,585.3350219726562,156258
2025-04-02 16:15:00+00:00,586.6400146484375,587.4000244140625,585.4500122070312,586.3920288085938,122300
2025-04-02 16:20:00+00:00,587.4000244140625,588.1599731445312,586.3250122070312,586.6400146484375,163220
2025-04-02 16:25:00+00:00,588.7750244140625,588.8499755859375,587.135009765625,587.3049926757812,129297
2025-04-02 16:30:00+00:00,589.0599975585938,589.594482421875,588.3099975585938,588.8900146484375,164969
2025-04-02 16:35:00+00:00,587.6699829101562,589.1699829101562,587.25,589.0850219726562,121475
2025-04-02 16:40:00+00:00,588.4000244140625,588.4672241210938,586.9600219726562,587.5900268554688,64983
2025-04-02 16:45:00+00:00,589.8200073242188,590.0,587.3599853515625,588.5900268554688,94440
2025-04-02 16:50:00+00:00,590.739990234375,590.8900146484375,588.9199829101562,589.9199829101562,161813
2025-04-02 16:55:00+00:00,591.3499755859375,591.8776245117188,590.2891845703125,590.739990234375,142020
2025-04-02 17:00:00+00:00,591.79248046875,591.8699951171875,591.010009765625,591.4000244140625,165888
2025-04-02 17:05:00+00:00,591.9849853515625,592.5900268554688,591.0715942382812,591.739990234375,184945
2025-04-02 17:10:00+00:00,591.6500244140625,592.6599731445312,591.385009765625,592.0709838867188,97282
2025-04-02 17:15:00+00:00,591.5,591.989990234375,591.080078125,591.7999877929688,66311
2025-04-02 17:20:00+00:00,591.2050170898438,591.7949829101562,590.1699829101562,591.6875,140749
2025-04-02 17:25:00+00:00,590.135009765625,591.2799072265625,586.0,591.0548095703125,71526
2025-04-02 17:30:00+00:00,589.405029296875,590.4899291992188,586.0,590.0,108015
2025-04-02 17:35:00+00:00,588.0150146484375,589.2100219726562,587.4500122070312,589.1799926757812,111205
2025-04-02 17:40:00+00:00,586.3367919921875,588.3099975585938,585.64599609375,588.0349731445312,117932
2025-04-02 17:45:00+00:00,584.780029296875,586.22998046875,584.3400268554688,586.2100219726562,126045
2025-04-02 17:50:00+00:00,585.5449829101562,585.5449829101562,584.0549926757812,584.8489990234375,76246
2025-04-02 17:55:00+00:00,586.2899780273438,586.7791748046875,585.3800048828125,585.3800048828125,82895
2025-04-02 18:00:00+00:00,584.989990234375,586.6799926757812,584.989990234375,586.2550048828125,88726
2025-04-02 18:05:00+00:00,583.6875,585.0449829101562,583.5,585.0449829101562,114424
2025-04-02 18:10:00+00:00,583.9650268554688,584.3400268554688,582.77001953125,583.989990234375,81365
2025-04-02 18:15:00+00:00,583.3400268554688,584.5800170898438,583.0,583.9400024414062,63550
2025-04-02 18:20:00+00:00,581.9650268554688,583.6669921875,581.8099975585938,583.280029296875,68716
2025-04-02 18:25:00+00:00,580.8699951171875,582.8099975585938,580.8699951171875,581.8900146484375,92204
2025-04-02 18:30:00+00:00,582.0800170898438,582.2337036132812,580.5900268554688,580.8599853515625,76257
2025-04-02 18:35:00+00:00,582.9550170898438,583.1099853515625,581.989990234375,582.260009765625,82488
2025-04-02 18:40:00+00:00,582.5999755859375,583.739990234375,582.06201171875,582.9550170898438,79979
2025-04-02 18:45:00+00:00,582.64501953125,582.89990234375,581.9071044921875,582.530029296875,50611
2025-04-02 18:50:00+00:00,581.9099731445312,582.6099243164062,581.5,582.510009765625,59468
2025-04-02 18:55:00+00:00,579.5612182617188,581.8200073242188,579.239990234375,581.8200073242188,118330
2025-04-02 19:00:00+00:00,582.4500122070312,582.5999755859375,579.4600219726562,579.4600219726562,107900
2025-04-02 19:05:00+00:00,581.875,583.7999877929688,581.4000244140625,582.405029296875,159722
2025-04-02 19:10:00+00:00,581.0,582.0822143554688,580.8049926757812,581.7999877929688,92481
2025-04-02 19:15:00+00:00,580.1900024414062,581.3024291992188,579.6900024414062,580.7899780273438,100724
2025-04-02 19:20:00+00:00,581.419677734375,581.760009765625,579.7999877929688,580.1649780273438,108691
2025-04-02 19:25:00+00:00,581.9827270507812,582.3200073242188,580.7100219726562,581.5850219726562,122293
2025-04-02 19:30:00+00:00,584.1824951171875,584.510009765625,581.2000122070312,581.9450073242188,186235
2025-04-02 19:35:00+00:00,584.010009765625,585.35791015625,583.63720703125,584.0,154717
2025-04-02 19:40:00+00:00,584.5,584.9500122070312,583.5900268554688,584.0999755859375,113107
2025-04-02 19:45:00+00:00,584.9949951171875,585.7550048828125,584.5,584.5750122070312,124229
2025-04-02 19:50:00+00:00,584.5399780273438,585.7000122070312,584.3800048828125,585.010009765625,189355
2025-04-02 19:55:00+00:00,583.9299926757812,585.1799926757812,583.9299926757812,584.7249755859375,403344
2025-04-03 13:30:00+00:00,546.3320922851562,548.4498901367188,544.5900268554688,546.2999877929688,2966839
2025-04-03 13:35:00+00:00,543.010009765625,546.8900146484375,540.4000244140625,546.2000122070312,1331279
2025-04-03 13:40:00+00:00,539.497802734375,543.1500244140625,536.5999755859375,542.8099975585938,1220225
2025-04-03 13:45:00+00:00,537.72998046875,540.0800170898438,537.3699951171875,539.3900146484375,777492
2025-04-03 13:50:00+00:00,542.6699829101562,543.8599243164062,537.2899780273438,537.7739868164062,751684
2025-04-03 13:55:00+00:00,543.6799926757812,544.1900024414062,541.75,542.8250122070312,559279
2025-04-03 14:00:00+00:00,541.1900024414062,544.97998046875,540.77001953125,543.3699951171875,475005
2025-04-03 14:05:00+00:00,539.330078125,541.6943969726562,538.9099731445312,541.2999877929688,478834
2025-04-03 14:10:00+00:00,540.1699829101562,540.2039794921875,537.1500244140625,539.5150146484375,485621
2025-04-03 14:15:00+00:00,541.3499755859375,542.7799072265625,540.0650024414062,540.0650024414062,479110
2025-04-03 14:20:00+00:00,539.1300048828125,541.9744262695312,538.7000732421875,540.8900146484375,465012
2025-04-03 14:25:00+00:00,541.6900024414062,542.409912109375,539.0145263671875,539.1500244140625,544745
2025-04-03 14:30:00+00:00,540.4199829101562,542.7000122070312,540.27001953125,541.719970703125,384535
2025-04-03 14:35:00+00:00,538.8099975585938,540.655029296875,537.510009765625,540.3781127929688,625366
2025-04-03 14:40:00+00:00,540.0,540.25,537.6300048828125,538.85498046875,422040
2025-04-03 14:45:00+00:00,536.010009765625,540.5999755859375,535.8057861328125,540.1400146484375,631643
2025-04-03 14:50:00+00:00,535.98291015625,536.1300048828125,535.0,535.9299926757812,599897
2025-04-03 14:55:00+00:00,536.822509765625,537.7100219726562,535.8699951171875,535.8699951171875,359377
2025-04-03 15:00:00+00:00,538.8200073242188,538.989501953125,536.364501953125,536.7050170898438,289027
2025-04-03 15:05:00+00:00,538.72998046875,539.0,537.1599731445312,538.7449951171875,287582
2025-04-03 15:10:00+00:00,541.0217895507812,541.739990234375,538.6649780273438,538.77001953125,351431
2025-04-03 15:15:00+00:00,542.9500122070312,543.0999755859375,540.5620727539062,540.9099731445312,322731
2025-04-03 15:20:00+00:00,541.9902954101562,543.2899780273438,540.9000244140625,542.864990234375,377502
2025-04-03 15:25:00+00:00,543.2022094726562,544.639892578125,541.739990234375,541.8699951171875,367421
2025-04-03 15:30:00+00:00,546.8400268554688,547.25,542.9199829101562,543.1300048828125,384266
2025-04-03 15:35:00+00:00,548.0700073242188,548.77001953125,545.5800170898438,546.7349853515625,392464
2025-04-03 15:40:00+00:00,548.635009765625,549.9678955078125,547.72998046875,548.2000122070312,431989
2025-04-03 15:45:00+00:00,547.7949829101562,549.6055908203125,546.4299926757812,548.635009765625,264743
2025-04-03 15:50:00+00:00,550.22998046875,550.3900146484375,546.4099731445312,547.7949829101562,272381
2025-04-03 15:55:00+00:00,550.1950073242188,552.0,549.9199829101562,550.3499755859375,306293
2025-04-03 16:00:00+00:00,550.3800048828125,551.8699951171875,550.1599731445312,550.1950073242188,275452
2025-04-03 16:05:00+00:00,549.989990234375,551.3599243164062,549.7000122070312,550.405029296875,222073
2025-04-03 16:10:00+00:00,552.0,552.5595703125,549.530029296875,550.10498046875,276146
2025-04-03 16:15:00+00:00,551.3400268554688,552.2449951171875,550.0,551.9500122070312,255360
2025-04-03 16:20:00+00:00,550.5499877929688,551.4299926757812,549.719970703125,551.4299926757812,225616
2025-04-03 16:25:00+00:00,550.3200073242188,550.6199951171875,548.510009765625,550.5150146484375,188573
2025-04-03 16:30:00+00:00,548.2100219726562,551.0526733398438,548.2100219726562,550.4099731445312,193191
2025-04-03 16:35:00+00:00,549.1500244140625,549.8099975585938,548.010009765625,548.2899780273438,224390
2025-04-03 16:40:00+00:00,549.6124877929688,550.8505249023438,548.8150024414062,548.89990234375,183067
2025-04-03 16:45:00+00:00,550.22998046875,550.4860229492188,549.2100219726562,549.7158813476562,271629
2025-04-03 16:50:00+00:00,548.3150024414062,550.3900146484375,548.2269897460938,550.02001953125,212195
2025-04-03 16:55:00+00:00,548.219970703125,549.4927978515625,547.6500244140625,548.135009765625,192717
2025-04-03 17:00:00+00:00,547.2249755859375,549.0999755859375,547.0,548.219970703125,161127
2025-04-03 17:05:00+00:00,546.8350219726562,548.7877197265625,546.6699829101562,547.2072143554688,125661
2025-04-03 17:10:00+00:00,546.7150268554688,547.4400024414062,546.3800048828125,546.75,125110
2025-04-03 17:15:00+00:00,545.0349731445312,547.0900268554688,544.5399780273438,546.7150268554688,184969
2025-04-03 17:20:00+00:00,544.5050048828125,545.87548828125,543.3245849609375,545.1300048828125,183769
2025-04-03 17:25:00+00:00,544.3099975585938,545.3150024414062,543.7542114257812,544.5750122070312,148887
2025-04-03 17:30:00+00:00,545.38671875,545.4199829101562,543.989990234375,544.260009765625,110220
2025-04-03 17:35:00+00:00,546.0,546.655029296875,545.2785034179688,545.385009765625,161240
2025-04-03 17:40:00+00:00,545.8773803710938,546.3800048828125,545.2899780273438,545.9949951171875,157365
2025-04-03 17:45:00+00:00,544.2150268554688,545.8049926757812,544.0,545.72998046875,166253
2025-04-03 17:50:00+00:00,544.8668823242188,544.9998779296875,543.739990234375,544.2150268554688,147697
2025-04-03 17:55:00+00:00,543.6400146484375,544.6900024414062,543.348388671875,544.6900024414062,138746
2025-04-03 18:00:00+00:00,543.280029296875,544.510009765625,543.25,543.64501953125,167085
2025-04-03 18:05:00+00:00,541.635009765625,543.3599853515625,541.4949951171875,543.25,232578
2025-04-03 18:10:00+00:00,539.9349975585938,542.034912109375,539.6702880859375,541.7000122070312,377470
2025-04-03 18:15:00+00:00,539.1799926757812,540.5800170898438,539.0,539.9299926757812,338783
2025-04-03 18:20:00+00:00,539.10498046875,539.889892578125,538.4450073242188,539.1799926757812,308031
2025-04-03 18:25:00+00:00,539.5900268554688,539.609375,538.97998046875,539.10498046875,172861
2025-04-03 18:30:00+00:00,539.260009765625,540.7199096679688,539.0,539.4949951171875,244965
2025-04-03 18:35:00+00:00,540.0999755859375,540.4298706054688,539.0900268554688,539.1900024414062,203369
2025-04-03 18:40:00+00:00,541.739990234375,541.8699951171875,539.9517822265625,540.0999755859375,234040
2025-04-03 18:45:00+00:00,541.5850219726562,542.3200073242188,540.7794799804688,541.7999877929688,145410
2025-04-03 18:50:00+00:00,541.155029296875,542.02001953125,540.655029296875,541.5499877929688,210583
2025-04-03 18:55:00+00:00,540.10498046875,541.3400268554688,539.5,541.125,246199
2025-04-03 19:00:00+00:00,539.8825073242188,540.52001953125,539.35009765625,540.0150146484375,259697
2025-04-03 19:05:00+00:00,539.010009765625,540.4498901367188,538.75,539.905029296875,236983
2025-04-03 19:10:00+00:00,538.77001953125,539.2999877929688,537.8200073242188,538.8699951171875,310550
2025-04-03 19:15:00+00:00,534.4400024414062,538.7091064453125,533.47998046875,538.6400146484375,661246
2025-04-03 19:20:00+00:00,533.6699829101562,535.4149780273438,533.5499877929688,534.4149780273438,407588
2025-04-03 19:25:00+00:00,532.7952270507812,534.4600219726562,532.2100219726562,533.6799926757812,383966
2025-04-03 19:30:00+00:00,533.1400146484375,533.8300170898438,532.0,532.739990234375,476497
2025-04-03 19:35:00+00:00,533.0999755859375,533.594970703125,532.5,533.1400146484375,359691
2025-04-03 19:40:00+00:00,535.489990234375,535.7999877929688,532.6917724609375,533.1749877929688,495657
2025-04-03 19:45:00+00:00,533.510009765625,536.8499755859375,533.3599853515625,535.489990234375,388303
2025-04-03 19:50:00+00:00,533.0499877929688,534.72998046875,531.8499755859375,533.635009765625,607808
2025-04-03 19:55:00+00:00,531.5999755859375,533.3099975585938,530.2999877929688,533.1699829101562,1158720
2025-04-04 13:30:00+00:00,510.1300048828125,512.4998779296875,502.42999267578125,506.6199951171875,3736029
2025-04-04 13:35:00+00:00,511.1700134277344,512.8300170898438,507.0000915527344,510.4200134277344,1122426
2025-04-04 13:40:00+00:00,508.09271240234375,511.75,507.19000244140625,511.1700134277344,869701
2025-04-04 13:45:00+00:00,511.20098876953125,516.0499267578125,507.25,508.25,876359
2025-04-04 13:50:00+00:00,512.0062255859375,514.9558715820312,510.55999755859375,511.57000732421875,627956
2025-04-04 13:55:00+00:00,515.951904296875,518.0,511.3299865722656,512.0,679482
2025-04-04 14:00:00+00:00,515.25,517.5496215820312,513.9349975585938,515.9550170898438,489492
2025-04-04 14:05:00+00:00,510.2799987792969,516.3200073242188,510.0,515.1199951171875,541351
2025-04-04 14:10:00+00:00,510.3800048828125,511.1600036621094,508.30999755859375,510.2200012207031,503822
2025-04-04 14:15:00+00:00,509.9750061035156,511.5299987792969,509.29998779296875,510.18499755859375,364408
2025-04-04 14:20:00+00:00,508.32000732421875,511.8457946777344,507.54010009765625,510.1000061035156,517124
2025-04-04 14:25:00+00:00,506.9800109863281,510.2179870605469,506.6300048828125,508.54998779296875,474952
2025-04-04 14:30:00+00:00,503.1700134277344,508.4888916015625,503.1700134277344,506.989990234375,664124
2025-04-04 14:35:00+00:00,505.2099914550781,505.92999267578125,503.0,503.20001220703125,487231
2025-04-04 14:40:00+00:00,502.66009521484375,506.6736145019531,502.5,505.1000061035156,408186
2025-04-04 14:45:00+00:00,496.8399963378906,502.8699951171875,496.7099914550781,502.510009765625,833316
2025-04-04 14:50:00+00:00,504.3450012207031,505.8233947753906,494.20001220703125,496.7099914550781,824029
2025-04-04 14:55:00+00:00,505.84100341796875,507.69000244140625,504.1199951171875,504.1499938964844,457135
2025-04-04 15:00:00+00:00,512.9849853515625,513.5999755859375,504.54998779296875,505.69000244140625,709091
2025-04-04 15:05:00+00:00,510.8800048828125,513.3074951171875,508.6400146484375,512.9849853515625,400742
2025-04-04 15:10:00+00:00,513.8400268554688,515.25,510.0,510.5199890136719,482458
2025-04-04 15:15:00+00:00,510.9200134277344,515.469970703125,510.69000244140625,513.8400268554688,441574
2025-04-04 15:20:00+00:00,514.2349853515625,514.75,510.4100036621094,510.95001220703125,376675
2025-04-04 15:25:00+00:00,510.55499267578125,514.0700073242188,510.3699951171875,514.0700073242188,659938
2025-04-04 15:30:00+00:00,511.0,513.1599731445312,509.9800109863281,510.80999755859375,362517
2025-04-04 15:35:00+00:00,507.0,511.8500061035156,506.57000732421875,510.9952087402344,455256
2025-04-04 15:40:00+00:00,510.6000061035156,512.02001953125,506.6499938964844,507.0150146484375,455543
2025-04-04 15:45:00+00:00,512.260009765625,513.7000122070312,509.2300109863281,510.6600036621094,322847
2025-04-04 15:50:00+00:00,511.1000061035156,513.4600219726562,509.77398681640625,512.3250122070312,293739
2025-04-04 15:55:00+00:00,508.8299865722656,512.5999755859375,508.614990234375,510.8500061035156,277754
2025-04-04 16:00:00+00:00,510.8500061035156,511.8536071777344,508.2200012207031,508.7550048828125,208968
2025-04-04 16:05:00+00:00,509.9700012207031,513.760009765625,509.95001220703125,510.9100036621094,248643
2025-04-04 16:10:00+00:00,512.344970703125,513.6099853515625,509.69500732421875,509.9700012207031,317668
2025-04-04 16:15:00+00:00,507.92498779296875,513.2000122070312,507.5799865722656,512.8800048828125,404774
2025-04-04 16:20:00+00:00,507.114990234375,508.42999267578125,505.3116149902344,507.9324035644531,377868
2025-04-04 16:25:00+00:00,506.07000732421875,507.60211181640625,505.5199890136719,507.32501220703125,196760
2025-04-04 16:30:00+00:00,505.0950012207031,506.80999755859375,505.0,506.0450134277344,250198
2025-04-04 16:35:00+00:00,509.2500915527344,510.0,505.0,505.07000732421875,275828
2025-04-04 16:40:00+00:00,507.8800048828125,510.94000244140625,507.67999267578125,509.439697265625,229217
2025-04-04 16:45:00+00:00,507.802001953125,508.63409423828125,506.9100036621094,507.74749755859375,194814
2025-04-04 16:50:00+00:00,508.93499755859375,510.260009765625,507.3450012207031,507.7340087890625,182606
2025-04-04 16:55:00+00:00,510.69000244140625,511.510009765625,508.5212097167969,508.8800048828125,310552
2025-04-04 17:00:00+00:00,511.1600036621094,512.5,509.6400146484375,510.69000244140625,273133
2025-04-04 17:05:00+00:00,510.0,511.75,509.2301025390625,511.32000732421875,209308
2025-04-04 17:10:00+00:00,507.2055969238281,510.1687927246094,506.8619079589844,509.8800048828125,297147
2025-04-04 17:15:00+00:00,506.30499267578125,507.404296875,504.760009765625,507.20001220703125,239367
2025-04-04 17:20:00+00:00,507.44000244140625,507.760009765625,506.10791015625,506.4100036621094,176225
2025-04-04 17:25:00+00:00,508.1606140136719,509.0950012207031,507.5299987792969,507.5299987792969,148095
2025-04-04 17:30:00+00:00,509.4200134277344,510.0950012207031,506.7699890136719,508.1400146484375,352179
2025-04-04 17:35:00+00:00,511.2099914550781,512.2899780273438,509.0,509.2149963378906,250476
2025-04-04 17:40:00+00:00,511.2799987792969,513.1099853515625,510.7200012207031,511.1600036621094,354531
2025-04-04 17:45:00+00:00,513.8350219726562,514.6199951171875,510.8299865722656,511.55999755859375,300415
2025-04-04 17:50:00+00:00,513.7150268554688,514.4011840820312,512.5142822265625,513.97998046875,187845
2025-04-04 17:55:00+00:00,514.8800048828125,515.0900268554688,512.239990234375,513.5900268554688,263518
2025-04-04 18:00:00+00:00,515.4299926757812,517.1400146484375,514.885009765625,514.8900146484375,313962
2025-04-04 18:05:00+00:00,511.42999267578125,515.9400024414062,511.0400085449219,515.4349975585938,277034
2025-04-04 18:10:00+00:00,509.68499755859375,511.7699890136719,509.5,511.42999267578125,242734
2025-04-04 18:15:00+00:00,507.5799865722656,509.760009765625,507.0,509.69000244140625,283836
2025-04-04 18:20:00+00:00,508.8367919921875,510.2049865722656,507.5400085449219,507.5400085449219,342244
2025-04-04 18:25:00+00:00,507.8999938964844,508.8699951171875,507.3999938964844,508.57000732421875,244393
2025-04-04 18:30:00+00:00,507.5799865722656,508.79998779296875,506.57000732421875,507.9700012207031,230577
2025-04-04 18:35:00+00:00,505.92999267578125,508.56219482421875,504.8800048828125,507.57000732421875,305010
2025-04-04 18:40:00+00:00,504.885009765625,507.1199951171875,504.57000732421875,505.9898986816406,289819
2025-04-04 18:45:00+00:00,507.42498779296875,507.8656005859375,503.75,504.8299865722656,280476
2025-04-04 18:50:00+00:00,508.5,509.239990234375,506.45001220703125,507.447509765625,221581
2025-04-04 18:55:00+00:00,506.7878112792969,508.6499938964844,506.39080810546875,508.427490234375,171714
2025-04-04 19:00:00+00:00,505.5201110839844,508.34820556640625,504.44140625,506.8699951171875,266919
2025-04-04 19:05:00+00:00,506.8900146484375,507.32000732421875,504.5,505.5,245038
2025-04-04 19:10:00+00:00,510.5849914550781,511.1701965332031,506.4071044921875,506.8500061035156,304472
2025-04-04 19:15:00+00:00,508.9599914550781,510.95001220703125,508.0400085449219,510.57000732421875,397437
2025-04-04 19:20:00+00:00,513.469970703125,513.7514038085938,508.80999755859375,508.9599914550781,432302
2025-04-04 19:25:00+00:00,511.0899963378906,513.8699951171875,511.0899963378906,513.4349975585938,339668
2025-04-04 19:30:00+00:00,514.2050170898438,514.4550170898438,510.45001220703125,510.6390075683594,398517
2025-04-04 19:35:00+00:00,514.02001953125,515.161376953125,512.1500244140625,514.02001953125,419290
2025-04-04 19:40:00+00:00,513.89501953125,514.77001953125,511.5400085449219,514.1500244140625,631048
2025-04-04 19:45:00+00:00,511.3900146484375,515.0250244140625,510.5627136230469,513.9500122070312,436413
2025-04-04 19:50:00+00:00,508.2799987792969,511.3500061035156,507.1600036621094,511.2099914550781,614443
2025-04-04 19:55:00+00:00,504.739990234375,508.29998779296875,504.32000732421875,508.17999267578125,1508672
2025-04-07 13:30:00+00:00,488.010009765625,490.19000244140625,481.8999938964844,482.0,2864521
2025-04-07 13:35:00+00:00,485.3500061035156,488.8648986816406,484.0,488.1600036621094,858764
2025-04-07 13:40:00+00:00,484.3900146484375,486.3299865722656,481.9013977050781,485.3500061035156,949431
2025-04-07 13:45:00+00:00,489.44378662109375,490.989990234375,483.0199890136719,484.4800109863281,934660
2025-04-07 13:50:00+00:00,495.61968994140625,496.29998779296875,489.44000244140625,489.635009765625,767109
2025-04-07 13:55:00+00:00,498.0199890136719,499.0,495.04998779296875,495.6394958496094,654896
2025-04-07 14:00:00+00:00,498.42999267578125,501.3999938964844,496.3500061035156,498.1199951171875,841034
2025-04-07 14:05:00+00:00,500.909912109375,501.79998779296875,498.04998779296875,498.3450012207031,486776
2025-04-07 14:10:00+00:00,523.7949829101562,530.3333740234375,500.1700134277344,500.56500244140625,1482552
2025-04-07 14:15:00+00:00,525.4249877929688,539.2999877929688,523.4412231445312,523.6649780273438,1460703
2025-04-07 14:20:00+00:00,505.8999938964844,525.6500244140625,503.5299987792969,524.8300170898438,1040722
2025-04-07 14:25:00+00:00,505.32000732421875,514.9307861328125,503.57000732421875,505.3539123535156,709224
2025-04-07 14:30:00+00:00,509.29998779296875,519.1099853515625,504.71881103515625,505.010009765625,667085
2025-04-07 14:35:00+00:00,500.8912048339844,510.4200134277344,499.5000915527344,508.9200134277344,641372
2025-04-07 14:40:00+00:00,510.7900085449219,511.389892578125,500.20001220703125,500.7799987792969,491782
2025-04-07 14:45:00+00:00,509.4150085449219,513.1199951171875,504.3901062011719,510.8949890136719,397995
2025-04-07 14:50:00+00:00,522.280029296875,523.0250244140625,508.9599914550781,509.385009765625,551652
2025-04-07 14:55:00+00:00,516.5499877929688,522.4299926757812,515.239990234375,522.4299926757812,519639
2025-04-07 15:00:00+00:00,519.1699829101562,522.623291015625,514.9000244140625,516.8099975585938,388962
2025-04-07 15:05:00+00:00,511.44000244140625,519.3699951171875,510.80999755859375,518.875,409389
2025-04-07 15:10:00+00:00,502.6387023925781,515.0800170898438,500.5,511.4049987792969,671781
2025-04-07 15:15:00+00:00,505.2799987792969,506.3599853515625,499.97430419921875,503.260009765625,752080
2025-04-07 15:20:00+00:00,502.8349914550781,509.2898864746094,502.1700134277344,504.6199951171875,318786
2025-04-07 15:25:00+00:00,503.3299865722656,505.2650146484375,502.010009765625,503.239990234375,257683
2025-04-07 15:30:00+00:00,507.29998779296875,508.5899963378906,503.2301025390625,503.3349914550781,286511
2025-04-07 15:35:00+00:00,510.7799987792969,513.510009765625,507.3399963378906,507.3399963378906,402227
2025-04-07 15:40:00+00:00,515.9099731445312,516.97998046875,510.0,510.3599853515625,354494
2025-04-07 15:45:00+00:00,514.3400268554688,516.1400146484375,511.32000732421875,515.989990234375,344005
2025-04-07 15:50:00+00:00,511.0,515.9199829101562,509.75,514.5599975585938,332910
2025-04-07 15:55:00+00:00,511.7550048828125,514.3599853515625,511.0,511.2300109863281,215443
2025-04-07 16:00:00+00:00,509.5799865722656,512.0,508.75,511.67999267578125,286362
2025-04-07 16:05:00+00:00,506.19000244140625,509.57000732421875,505.3901062011719,509.260009765625,214547
2025-04-07 16:10:00+00:00,508.25,509.8699951171875,504.7300109863281,506.07501220703125,243531
2025-04-07 16:15:00+00:00,508.8450012207031,509.67999267578125,505.489990234375,508.2950134277344,200477
2025-04-07 16:20:00+00:00,510.4649963378906,510.79998779296875,506.0799865722656,508.8450012207031,214917
2025-04-07 16:25:00+00:00,511.8900146484375,513.0800170898438,509.35791015625,510.75,183939
2025-04-07 16:30:00+00:00,513.0673828125,514.5863037109375,510.69000244140625,511.548095703125,191329
2025-04-07 16:35:00+00:00,511.7040100097656,513.3699951171875,510.8999938964844,513.0750122070312,181460
2025-04-07 16:40:00+00:00,510.44000244140625,512.9498901367188,508.8800048828125,511.7149963378906,176465
2025-04-07 16:45:00+00:00,510.1600036621094,510.510009765625,508.1000061035156,510.3900146484375,162033
2025-04-07 16:50:00+00:00,510.82501220703125,511.8039855957031,508.7300109863281,510.29998779296875,173460
2025-04-07 16:55:00+00:00,507.8597106933594,511.0,506.70001220703125,510.8399963378906,198607
2025-04-07 17:00:00+00:00,509.6199951171875,518.6900024414062,508.1400146484375,508.1400146484375,381262
2025-04-07 17:05:00+00:00,510.17999267578125,511.2799987792969,507.0199890136719,509.5299987792969,153836
2025-04-07 17:10:00+00:00,515.6500244140625,515.7874755859375,508.8599853515625,510.2749938964844,182750
2025-04-07 17:15:00+00:00,516.4099731445312,517.5800170898438,514.010009765625,515.4199829101562,239963
2025-04-07 17:20:00+00:00,516.72998046875,518.3400268554688,515.1599731445312,516.4149780273438,210336
2025-04-07 17:25:00+00:00,520.1599731445312,520.97998046875,515.8060302734375,516.6950073242188,260000
2025-04-07 17:30:00+00:00,517.7000122070312,520.47998046875,515.4299926757812,520.47998046875,253668
2025-04-07 17:35:00+00:00,520.0700073242188,520.7150268554688,516.8200073242188,517.530029296875,249406
2025-04-07 17:40:00+00:00,520.52001953125,521.2703247070312,518.280029296875,520.280029296875,220441
2025-04-07 17:45:00+00:00,522.1235961914062,524.9600219726562,518.6699829101562,520.9965209960938,366846
2025-04-07 17:50:00+00:00,523.3699951171875,524.25,520.8599853515625,522.1400146484375,219105
2025-04-07 17:55:00+00:00,524.14501953125,525.010009765625,521.4700927734375,523.1500244140625,224989
2025-04-07 18:00:00+00:00,521.97998046875,525.3900146484375,521.5499877929688,524.3699951171875,229500
2025-04-07 18:05:00+00:00,520.2899780273438,522.260009765625,518.1292724609375,522.1599731445312,250924
2025-04-07 18:10:00+00:00,518.5250244140625,522.768310546875,518.27001953125,520.1900024414062,236120
2025-04-07 18:15:00+00:00,523.2349853515625,523.9099731445312,518.3300170898438,518.5045776367188,215809
2025-04-07 18:20:00+00:00,522.4425048828125,524.5,520.5999755859375,523.239990234375,295195
2025-04-07 18:25:00+00:00,517.5499877929688,522.89990234375,516.8734130859375,522.5800170898438,259295
2025-04-07 18:30:00+00:00,519.7849731445312,520.2050170898438,517.3099975585938,517.3099975585938,218762
2025-04-07 18:35:00+00:00,522.0,523.0,519.4349975585938,520.052978515625,248176
2025-04-07 18:40:00+00:00,520.885009765625,523.5599975585938,520.6400146484375,522.1099853515625,196944
2025-04-07 18:45:00+00:00,519.9000244140625,522.0,518.9199829101562,520.885009765625,267786
2025-04-07 18:50:00+00:00,516.6950073242188,520.3800048828125,516.5,519.77001953125,274020
2025-04-07 18:55:00+00:00,516.6300048828125,517.4199829101562,514.9500122070312,516.7650146484375,323318
2025-04-07 19:00:00+00:00,516.9199829101562,520.6599731445312,516.4149780273438,516.6400146484375,293350
2025-04-07 19:05:00+00:00,514.9000244140625,518.0,514.6099853515625,517.0499877929688,228052
2025-04-07 19:10:00+00:00,515.22998046875,516.0,513.4000244140625,514.510009765625,220414
2025-04-07 19:15:00+00:00,517.4199829101562,518.5700073242188,512.8900756835938,515.1199951171875,250530
2025-04-07 19:20:00+00:00,515.280029296875,518.77001953125,514.5499877929688,517.469970703125,287931
2025-04-07 19:25:00+00:00,513.010009765625,516.27001953125,513.0,515.4299926757812,226357
2025-04-07 19:30:00+00:00,518.9349975585938,520.4600219726562,513.0549926757812,513.1950073242188,284695
2025-04-07 19:35:00+00:00,518.4299926757812,521.489990234375,518.25,519.0499877929688,506114
2025-04-07 19:40:00+00:00,513.6900024414062,518.7999877929688,513.1331176757812,518.25,262367
2025-04-07 19:45:00+00:00,514.47998046875,516.1900024414062,513.4299926757812,513.69189453125,251659
2025-04-07 19:50:00+00:00,514.0650024414062,514.9630126953125,511.2200012207031,513.7000122070312,478472
2025-04-07 19:55:00+00:00,516.5399780273438,517.3200073242188,514.3400268554688,514.3400268554688,816772
2025-04-08 13:30:00+00:00,543.659912109375,546.280029296875,540.0,543.25,2696170
2025-04-08 13:35:00+00:00,544.2000122070312,547.4299926757812,542.4450073242188,543.239990234375,1007471
2025-04-08 13:40:00+00:00,542.6900024414062,545.260009765625,541.8900146484375,544.2650146484375,836235
2025-04-08 13:45:00+00:00,540.739990234375,545.5,540.6279907226562,542.844970703125,558274
2025-04-08 13:50:00+00:00,543.4400024414062,544.7100219726562,540.0,540.9299926757812,450143
2025-04-08 13:55:00+00:00,543.3250122070312,544.5,540.7575073242188,543.0599975585938,365535
2025-04-08 14:00:00+00:00,543.2949829101562,545.0,542.2999877929688,543.3049926757812,293128
2025-04-08 14:05:00+00:00,544.2899780273438,545.6799926757812,541.5599975585938,543.3250122070312,428333
2025-04-08 14:10:00+00:00,543.47998046875,544.7399291992188,541.8200073242188,544.3250122070312,258163
2025-04-08 14:15:00+00:00,542.7050170898438,544.0150146484375,541.7174072265625,543.4749755859375,316691
2025-04-08 14:20:00+00:00,542.47998046875,545.1768798828125,541.9099731445312,542.7050170898438,305131
2025-04-08 14:25:00+00:00,541.1699829101562,544.7899780273438,541.0,542.7050170898438,404367
2025-04-08 14:30:00+00:00,538.9349975585938,541.75,538.6599731445312,541.1400146484375,337008
2025-04-08 14:35:00+00:00,540.4500122070312,540.6799926757812,537.969970703125,538.97998046875,276567
2025-04-08 14:40:00+00:00,538.8099975585938,540.3602294921875,538.0,540.2550048828125,233683
2025-04-08 14:45:00+00:00,536.030029296875,539.989990234375,535.5900268554688,538.7000122070312,392251
2025-04-08 14:50:00+00:00,534.3099975585938,536.8800048828125,534.0800170898438,536.0,280041
2025-04-08 14:55:00+00:00,532.530029296875,534.6099853515625,532.530029296875,534.3001098632812,243252
2025-04-08 15:00:00+00:00,534.97998046875,535.8823852539062,532.4000854492188,532.64501953125,368445
2025-04-08 15:05:00+00:00,532.6400146484375,535.0050048828125,531.1849975585938,534.7999877929688,303156
2025-04-08 15:10:00+00:00,530.60498046875,533.169921875,529.6199951171875,532.7100219726562,337044
2025-04-08 15:15:00+00:00,531.2108764648438,531.2299194335938,529.010009765625,530.4450073242188,217480
2025-04-08 15:20:00+00:00,529.4299926757812,532.8298950195312,529.0,530.9249877929688,290185
2025-04-08 15:25:00+00:00,527.2932739257812,530.2000122070312,527.2932739257812,529.3099975585938,243906
2025-04-08 15:30:00+00:00,527.5900268554688,529.5,527.5050048828125,527.510009765625,210239
2025-04-08 15:35:00+00:00,530.114990234375,530.6900024414062,527.0,527.4299926757812,359790
2025-04-08 15:40:00+00:00,530.0,531.5798950195312,529.3699951171875,530.125,195932
2025-04-08 15:45:00+00:00,527.7105102539062,531.0499877929688,527.3099975585938,530.0349731445312,137508
2025-04-08 15:50:00+00:00,527.0599975585938,528.5787963867188,525.6306762695312,527.7083129882812,185944
2025-04-08 15:55:00+00:00,529.6799926757812,530.2000122070312,526.6749877929688,527.1599731445312,232757
2025-04-08 16:00:00+00:00,528.8900146484375,529.780029296875,528.0900268554688,529.5700073242188,133290
2025-04-08 16:05:00+00:00,528.6364135742188,530.27001953125,527.7999877929688,528.610107421875,122440
2025-04-08 16:10:00+00:00,527.6174926757812,530.0599975585938,527.4849853515625,528.614990234375,157632
2025-04-08 16:15:00+00:00,525.1799926757812,527.969970703125,524.7100219726562,527.7150268554688,190767
2025-04-08 16:20:00+00:00,523.02001953125,525.5800170898438,522.6599731445312,525.0599975585938,213388
2025-04-08 16:25:00+00:00,525.9600219726562,526.0399780273438,522.5399780273438,523.1500244140625,181090
2025-04-08 16:30:00+00:00,523.5499877929688,526.5700073242188,522.260009765625,525.8200073242188,232505
2025-04-08 16:35:00+00:00,519.760009765625,524.0800170898438,518.9027099609375,523.510009765625,265528
2025-04-08 16:40:00+00:00,520.3499755859375,521.2039184570312,518.219970703125,519.6099853515625,262600
2025-04-08 16:45:00+00:00,523.0,524.97998046875,519.530029296875,520.3200073242188,337080
2025-04-08 16:50:00+00:00,521.4849853515625,523.6400146484375,520.6701049804688,522.9849853515625,172015
2025-04-08 16:55:00+00:00,518.4349975585938,523.3441772460938,518.2349853515625,521.5800170898438,249623
2025-04-08 17:00:00+00:00,519.972412109375,519.972412109375,517.2999877929688,518.45751953125,217184
2025-04-08 17:05:00+00:00,517.4099731445312,521.0399780273438,516.8599853515625,520.0,221376
2025-04-08 17:10:00+00:00,519.1500244140625,519.5399780273438,516.02001953125,517.4550170898438,288777
2025-04-08 17:15:00+00:00,519.3674926757812,521.0726928710938,518.6500244140625,519.3200073242188,253443
2025-04-08 17:20:00+00:00,517.3400268554688,519.8300170898438,516.77001953125,519.2221069335938,135721
2025-04-08 17:25:00+00:00,514.719970703125,518.3632202148438,514.4600219726562,517.3599853515625,170760
2025-04-08 17:30:00+00:00,515.2750244140625,516.469970703125,513.8599853515625,514.6849975585938,146190
2025-04-08 17:35:00+00:00,518.260009765625,519.8475952148438,515.0,515.234619140625,293005
2025-04-08 17:40:00+00:00,522.2899780273438,524.6900024414062,518.0499877929688,518.0499877929688,334899
2025-04-08 17:45:00+00:00,519.5650024414062,522.3150024414062,518.7999877929688,522.280029296875,144317
2025-04-08 17:50:00+00:00,520.3300170898438,521.9002075195312,518.4644165039062,519.635009765625,176663
2025-04-08 17:55:00+00:00,521.8099975585938,522.3250122070312,520.3250122070312,520.3300170898438,130479
2025-04-08 18:00:00+00:00,519.905029296875,521.9984741210938,519.4349975585938,521.5599975585938,137862
2025-04-08 18:05:00+00:00,518.7000122070312,519.8800048828125,517.25,519.8099975585938,146982
2025-04-08 18:10:00+00:00,517.8499755859375,519.0700073242188,516.719970703125,518.35498046875,152777
2025-04-08 18:15:00+00:00,521.0050048828125,521.39111328125,517.6749877929688,517.6749877929688,137549
2025-04-08 18:20:00+00:00,520.0499877929688,521.280029296875,519.1699829101562,521.0850219726562,113989
2025-04-08 18:25:00+00:00,517.3300170898438,519.8400268554688,516.9400024414062,519.8400268554688,115872
2025-04-08 18:30:00+00:00,518.3646240234375,523.77001953125,517.2249755859375,517.2249755859375,291967
2025-04-08 18:35:00+00:00,516.6099853515625,518.1799926757812,515.590087890625,518.1799926757812,165138
2025-04-08 18:40:00+00:00,514.1010131835938,516.5374755859375,514.0999755859375,516.5374755859375,126692
2025-04-08 18:45:00+00:00,516.7750244140625,517.47998046875,514.2109985351562,514.239990234375,196647
2025-04-08 18:50:00+00:00,516.1475219726562,517.8699951171875,515.6300048828125,516.7750244140625,170130
2025-04-08 18:55:00+00:00,515.239990234375,516.2540283203125,514.27001953125,516.010009765625,163473
2025-04-08 19:00:00+00:00,513.3125,515.9879150390625,512.9500122070312,515.2650146484375,150259
2025-04-08 19:05:00+00:00,510.29998779296875,514.3900146484375,509.45001220703125,513.4257202148438,308287
2025-04-08 19:10:00+00:00,508.25860595703125,511.6400146484375,508.0199890136719,510.375,279271
2025-04-08 19:15:00+00:00,506.7799987792969,508.64990234375,505.489990234375,508.2449951171875,303098
2025-04-08 19:20:00+00:00,510.30999755859375,510.6199035644531,506.6099853515625,506.8475036621094,324565
2025-04-08 19:25:00+00:00,511.1099853515625,512.5,509.9599914550781,510.2200012207031,243277
2025-04-08 19:30:00+00:00,509.3500061035156,511.6300048828125,508.3800048828125,511.05499267578125,308835
2025-04-08 19:35:00+00:00,505.54998779296875,509.6098937988281,504.7301025390625,509.6098937988281,489017
2025-04-08 19:40:00+00:00,504.7398986816406,508.1000061035156,504.5635986328125,505.55999755859375,573409
2025-04-08 19:45:00+00:00,503.2755126953125,505.9862060546875,502.8599853515625,504.5299987792969,345046
2025-04-08 19:50:00+00:00,509.79998779296875,511.3399963378906,503.1650085449219,503.2900085449219,791097
2025-04-08 19:55:00+00:00,510.7900085449219,510.9949951171875,505.239990234375,509.3500061035156,1189930
2025-04-09 13:30:00+00:00,509.9150085449219,514.0,504.9599914550781,508.54998779296875,1594154
2025-04-09 13:35:00+00:00,512.3699951171875,512.6900024414062,508.0,509.6099853515625,580508
2025-04-09 13:40:00+00:00,510.6300048828125,517.0,510.010009765625,512.0999755859375,617517
2025-04-09 13:45:00+00:00,512.5599975585938,513.3444213867188,508.54998779296875,510.8800048828125,611004
2025-04-09 13:50:00+00:00,515.030029296875,515.5999145507812,511.1400146484375,512.5599975585938,338339
2025-04-09 13:55:00+00:00,512.9149780273438,515.5443725585938,512.5399780273438,514.8599853515625,340852
2025-04-09 14:00:00+00:00,515.7000122070312,518.1790161132812,514.7100219726562,516.2949829101562,488883
2025-04-09 14:05:00+00:00,512.302490234375,515.8200073242188,510.5400085449219,515.6699829101562,328684
2025-04-09 14:10:00+00:00,510.92999267578125,515.0599975585938,509.35009765625,512.260009765625,314102
2025-04-09 14:15:00+00:00,513.4713745117188,513.760009765625,510.5,510.7799987792969,212746
2025-04-09 14:20:00+00:00,513.8900146484375,515.8333129882812,511.3599853515625,513.094970703125,213167
2025-04-09 14:25:00+00:00,513.1400146484375,514.1599731445312,510.67498779296875,513.6649780273438,243231
2025-04-09 14:30:00+00:00,516.0999755859375,516.7233276367188,512.7128295898438,513.2249755859375,173336
2025-04-09 14:35:00+00:00,513.0800170898438,516.6812133789062,511.9100036621094,516.0700073242188,155608
2025-04-09 14:40:00+00:00,511.2950134277344,513.3499755859375,510.9100036621094,513.125,155710
2025-04-09 14:45:00+00:00,509.1449890136719,513.7999877929688,508.8399963378906,511.30499267578125,275083
2025-04-09 14:50:00+00:00,506.56500244140625,509.7200012207031,505.17999267578125,509.2699890136719,302712
2025-04-09 14:55:00+00:00,502.6700134277344,507.8500061035156,502.54998779296875,506.7200012207031,347168
2025-04-09 15:00:00+00:00,506.875,507.1000061035156,502.1099853515625,502.69500732421875,279846
2025-04-09 15:05:00+00:00,509.6300048828125,510.50640869140625,506.4649963378906,506.8900146484375,255330
2025-04-09 15:10:00+00:00,509.2900085449219,510.1874084472656,508.3699951171875,509.6300048828125,152602
2025-04-09 15:15:00+00:00,510.6650085449219,512.0800170898438,509.239990234375,509.239990234375,185840
2025-04-09 15:20:00+00:00,512.0988159179688,512.4400024414062,510.260009765625,510.7850036621094,125186
2025-04-09 15:25:00+00:00,510.1648864746094,512.0549926757812,509.7477111816406,511.8900146484375,142848
2025-04-09 15:30:00+00:00,509.2900085449219,511.7099914550781,508.3999938964844,510.19000244140625,130683
2025-04-09 15:35:00+00:00,507.6499938964844,510.2149963378906,507.19000244140625,509.4949951171875,126248
2025-04-09 15:40:00+00:00,506.05499267578125,508.2499084472656,505.510009765625,507.5199890136719,119351
2025-04-09 15:45:00+00:00,509.42999267578125,511.7703857421875,506.6000061035156,506.75,191307
2025-04-09 15:50:00+00:00,508.55999755859375,510.1231994628906,507.8550109863281,509.6521911621094,108613
2025-04-09 15:55:00+00:00,506.2550048828125,508.7799987792969,504.75,508.55999755859375,351790
2025-04-09 16:00:00+00:00,506.875,507.6000061035156,505.0,506.239990234375,153148
2025-04-09 16:05:00+00:00,509.56719970703125,510.0,506.3800048828125,506.80999755859375,137861
2025-04-09 16:10:00+00:00,512.9650268554688,513.405029296875,508.9549865722656,509.5199890136719,152903
2025-04-09 16:15:00+00:00,512.3300170898438,513.2799072265625,511.6000061035156,512.9650268554688,145098
2025-04-09 16:20:00+00:00,510.7972106933594,512.27001953125,510.6300964355469,512.0599975585938,71587
2025-04-09 16:25:00+00:00,511.19140625,512.4251708984375,510.4100036621094,510.8257141113281,80976
2025-04-09 16:30:00+00:00,511.875,512.49951171875,510.2784118652344,510.9849853515625,78907
2025-04-09 16:35:00+00:00,511.86859130859375,512.157470703125,510.610107421875,511.875,87343
2025-04-09 16:40:00+00:00,510.9849853515625,511.7395935058594,510.3800048828125,511.6199951171875,123772
2025-04-09 16:45:00+00:00,511.8999938964844,512.0656127929688,510.1400146484375,511.0,144699
2025-04-09 16:50:00+00:00,511.9700012207031,513.0,510.0,511.989990234375,156765
2025-04-09 16:55:00+00:00,511.8999938964844,513.8900146484375,511.5,511.9100036621094,112928
2025-04-09 17:00:00+00:00,515.27001953125,516.0,511.7300109863281,511.8999938964844,441561
2025-04-09 17:05:00+00:00,512.47998046875,515.3099975585938,512.1074829101562,514.739990234375,172856
2025-04-09 17:10:00+00:00,513.9000244140625,513.9000244140625,511.07501220703125,512.6900024414062,180518
2025-04-09 17:15:00+00:00,525.7224731445312,527.530029296875,507.3699951171875,514.0399780273438,570911
2025-04-09 17:20:00+00:00,541.2949829101562,542.0,519.001708984375,526.239990234375,1126092
2025-04-09 17:25:00+00:00,542.6199951171875,555.3300170898438,541.030029296875,541.3400268554688,1266135
2025-04-09 17:30:00+00:00,555.885009765625,556.0,519.6300048828125,542.8895874023438,881208
2025-04-09 17:35:00+00:00,549.27001953125,563.989990234375,549.22998046875,555.875,1187029
2025-04-09 17:40:00+00:00,547.9351196289062,554.260009765625,546.60498046875,549.8499755859375,676316
2025-04-09 17:45:00+00:00,555.693115234375,557.7399291992188,546.8699951171875,548.3699951171875,708171
2025-04-09 17:50:00+00:00,557.5599975585938,557.8699951171875,551.5800170898438,555.4920043945312,569390
2025-04-09 17:55:00+00:00,563.719970703125,563.989990234375,554.10498046875,557.6400146484375,780500
2025-04-09 18:00:00+00:00,568.0900268554688,569.9260864257812,563.4000244140625,563.7999877929688,981771
2025-04-09 18:05:00+00:00,565.4550170898438,568.739990234375,560.1300048828125,567.9849853515625,753247
2025-04-09 18:10:00+00:00,568.510009765625,571.5999755859375,563.8148193359375,565.4000244140625,667136
2025-04-09 18:15:00+00:00,566.8400268554688,572.0900268554688,566.7042846679688,568.625,622627
2025-04-09 18:20:00+00:00,573.1799926757812,573.8400268554688,566.030029296875,567.1300048828125,732135
2025-04-09 18:25:00+00:00,573.0399780273438,575.8677978515625,572.0,573.1699829101562,662264
2025-04-09 18:30:00+00:00,574.7000122070312,576.9400024414062,572.8599853515625,573.1300048828125,619014
2025-04-09 18:35:00+00:00,576.4349975585938,577.7100219726562,574.010009765625,574.739990234375,625312
2025-04-09 18:40:00+00:00,571.3599853515625,578.389404296875,570.0401000976562,576.47998046875,599468
2025-04-09 18:45:00+00:00,572.7550048828125,577.0,569.8021240234375,571.9099731445312,617339
2025-04-09 18:50:00+00:00,573.97998046875,575.75,571.5894775390625,572.7550048828125,465078
2025-04-09 18:55:00+00:00,569.5650024414062,574.3699951171875,568.02001953125,574.0900268554688,448878
2025-04-09 19:00:00+00:00,573.530029296875,573.6799926757812,565.5499877929688,569.4450073242188,588501
2025-04-09 19:05:00+00:00,573.1599731445312,574.89990234375,570.8200073242188,573.5125122070312,336444
2025-04-09 19:10:00+00:00,578.52001953125,578.9000244140625,573.02001953125,573.2550048828125,462880
2025-04-09 19:15:00+00:00,580.3200073242188,580.4400024414062,576.260009765625,578.5,535425
2025-04-09 19:20:00+00:00,582.3699951171875,583.2000122070312,579.7999877929688,580.3900146484375,547045
2025-04-09 19:25:00+00:00,581.6300048828125,584.6699829101562,581.239990234375,582.3300170898438,495399
2025-04-09 19:30:00+00:00,585.1400146484375,586.8200073242188,581.52001953125,581.6900024414062,503745
2025-04-09 19:35:00+00:00,583.1500244140625,585.72998046875,579.8900146484375,584.7550048828125,530458
2025-04-09 19:40:00+00:00,583.0900268554688,583.7532958984375,580.610107421875,583.0800170898438,516930
2025-04-09 19:45:00+00:00,585.135009765625,586.25,581.5,583.239990234375,514512
2025-04-09 19:50:00+00:00,586.1900024414062,587.8900146484375,585.0,585.2999877929688,823033
2025-04-09 19:55:00+00:00,584.7100219726562,587.7899780273438,582.3049926757812,586.1900024414062,1358859
2025-04-10 13:30:00+00:00,572.5850219726562,581.2999877929688,572.5850219726562,575.489990234375,1754039
2025-04-10 13:35:00+00:00,568.844970703125,573.1599731445312,564.7000122070312,572.364990234375,808922
2025-04-10 13:40:00+00:00,564.1599731445312,568.7625122070312,562.1400146484375,568.760009765625,525822
2025-04-10 13:45:00+00:00,568.10498046875,569.52001953125,563.22998046875,564.1400146484375,448460
2025-04-10 13:50:00+00:00,563.280029296875,569.6630859375,562.489990234375,568.314208984375,398180
2025-04-10 13:55:00+00:00,562.4600219726562,564.9799194335938,561.6500244140625,563.2150268554688,436730
2025-04-10 14:00:00+00:00,560.469970703125,564.0499877929688,558.02001953125,562.39501953125,455771
2025-04-10 14:05:00+00:00,559.2100219726562,562.1998901367188,557.3400268554688,560.469970703125,355337
2025-04-10 14:10:00+00:00,556.0050048828125,559.2100219726562,554.6699829101562,559.2100219726562,440003
2025-04-10 14:15:00+00:00,556.5999755859375,559.115478515625,556.0050048828125,556.0449829101562,358268
2025-04-10 14:20:00+00:00,561.8150024414062,562.0,556.4550170898438,556.8049926757812,289890
2025-04-10 14:25:00+00:00,558.2349853515625,562.8828125,558.219970703125,561.8099975585938,269653
2025-04-10 14:30:00+00:00,563.114990234375,563.4780883789062,558.5999755859375,558.8400268554688,257510
2025-04-10 14:35:00+00:00,563.280029296875,563.909912109375,561.64990234375,563.0474853515625,261443
2025-04-10 14:40:00+00:00,560.9769897460938,565.5499877929688,560.75,563.280029296875,309528
2025-04-10 14:45:00+00:00,558.5396728515625,561.8619995117188,557.3099975585938,561.1599731445312,257929
2025-04-10 14:50:00+00:00,556.9199829101562,558.5098876953125,556.1749877929688,558.1500244140625,248966
2025-04-10 14:55:00+00:00,554.030029296875,557.969970703125,553.3699951171875,557.3099975585938,288012
2025-04-10 15:00:00+00:00,554.422119140625,554.763916015625,553.0599975585938,553.9974975585938,283589
2025-04-10 15:05:00+00:00,558.7913818359375,559.0,554.4000244140625,554.4650268554688,305679
2025-04-10 15:10:00+00:00,555.72998046875,559.6199951171875,555.3099975585938,558.7000122070312,289788
2025-04-10 15:15:00+00:00,556.3400268554688,556.97998046875,555.0,555.864990234375,202658
2025-04-10 15:20:00+00:00,554.655029296875,556.989990234375,553.7857055664062,556.3400268554688,273922
2025-04-10 15:25:00+00:00,551.3900146484375,555.3624877929688,551.2379150390625,554.78662109375,309542
2025-04-10 15:30:00+00:00,549.4099731445312,552.0,547.3499755859375,551.4249877929688,505592
2025-04-10 15:35:00+00:00,549.35498046875,550.7872924804688,548.5,549.4199829101562,276804
2025-04-10 15:40:00+00:00,549.364990234375,551.0369873046875,548.0499877929688,549.3900146484375,277679
2025-04-10 15:45:00+00:00,548.0911254882812,551.1824951171875,547.6107177734375,549.364990234375,237753
2025-04-10 15:50:00+00:00,548.9000244140625,548.9000244140625,545.1099853515625,547.6900024414062,317966
2025-04-10 15:55:00+00:00,545.5700073242188,549.1516723632812,544.2852172851562,548.9000244140625,267309
2025-04-10 16:00:00+00:00,543.3444213867188,547.25,543.3444213867188,545.5399780273438,362035
2025-04-10 16:05:00+00:00,546.3300170898438,547.760009765625,542.6799926757812,543.3400268554688,383152
2025-04-10 16:10:00+00:00,544.010009765625,547.7352905273438,543.5999755859375,546.4949951171875,280206
2025-04-10 16:15:00+00:00,541.10498046875,543.8099975585938,539.6300048828125,543.7899780273438,342881
2025-04-10 16:20:00+00:00,540.9061279296875,540.919921875,535.5900268554688,540.7000122070312,385325
2025-04-10 16:25:00+00:00,537.864990234375,541.0999755859375,535.2999877929688,540.9099731445312,418113
2025-04-10 16:30:00+00:00,544.0399780273438,544.3599243164062,537.8699951171875,537.8699951171875,303102
2025-04-10 16:35:00+00:00,546.5598754882812,547.5211181640625,542.3599853515625,543.9000244140625,291528
2025-04-10 16:40:00+00:00,544.489990234375,546.5700073242188,542.2529296875,546.39501953125,245188
2025-04-10 16:45:00+00:00,546.780029296875,547.4600219726562,541.11767578125,544.4550170898438,224676
2025-04-10 16:50:00+00:00,545.4749755859375,548.076416015625,544.25,546.72998046875,246918
2025-04-10 16:55:00+00:00,547.4400024414062,548.686279296875,545.0800170898438,545.4400024414062,199256
2025-04-10 17:00:00+00:00,548.5599975585938,553.7899780273438,546.0,547.2899780273438,395893
2025-04-10 17:05:00+00:00,543.9949951171875,548.5499877929688,543.489990234375,548.5499877929688,217129
2025-04-10 17:10:00+00:00,540.2100219726562,544.4000244140625,539.0399780273438,544.1199951171875,247514
2025-04-10 17:15:00+00:00,541.4299926757812,542.506591796875,539.030029296875,539.9249877929688,182324
2025-04-10 17:20:00+00:00,542.239990234375,542.9611206054688,538.6099853515625,541.344970703125,220718
2025-04-10 17:25:00+00:00,546.8499755859375,546.97998046875,542.2650146484375,542.3400268554688,232686
2025-04-10 17:30:00+00:00,546.1699829101562,548.9071044921875,545.3468017578125,546.739990234375,216467
2025-04-10 17:35:00+00:00,545.6884765625,548.5999755859375,545.030029296875,546.0999755859375,178672
2025-04-10 17:40:00+00:00,548.6799926757812,548.889892578125,545.1400146484375,545.5250244140625,212467
2025-04-10 17:45:00+00:00,548.2999877929688,551.5399780273438,547.0418701171875,548.75,255936
2025-04-10 17:50:00+00:00,549.02001953125,550.9755249023438,545.5,547.8347778320312,257711
2025-04-10 17:55:00+00:00,548.5399780273438,551.02001953125,548.5,548.780029296875,202675
2025-04-10 18:00:00+00:00,552.8099975585938,553.6599731445312,548.0,548.7050170898438,259037
2025-04-10 18:05:00+00:00,546.219970703125,553.8800048828125,545.60009765625,552.6199951171875,347351
2025-04-10 18:10:00+00:00,544.35498046875,547.1599731445312,543.5900268554688,546.1749877929688,256439
2025-04-10 18:15:00+00:00,546.969970703125,547.89501953125,543.5499877929688,544.1950073242188,185203
2025-04-10 18:20:00+00:00,551.5,552.75,546.780029296875,546.969970703125,219209
2025-04-10 18:25:00+00:00,553.8200073242188,554.0,550.010009765625,551.2050170898438,219662
2025-04-10 18:30:00+00:00,552.02001953125,555.3200073242188,551.4299926757812,553.8599853515625,203817
2025-04-10 18:35:00+00:00,552.780029296875,553.3599853515625,550.0999755859375,551.739990234375,169753
2025-04-10 18:40:00+00:00,553.260009765625,553.97998046875,550.6201171875,552.780029296875,156167
2025-04-10 18:45:00+00:00,549.5999145507812,553.6085815429688,548.0,553.2349853515625,179556
2025-04-10 18:50:00+00:00,547.5700073242188,551.8800048828125,547.0700073242188,549.6500244140625,193750
2025-04-10 18:55:00+00:00,549.775390625,551.0,546.4299926757812,547.6599731445312,178174
2025-04-10 19:00:00+00:00,552.0,553.4381713867188,548.2949829101562,549.77001953125,225460
2025-04-10 19:05:00+00:00,546.4500122070312,553.0,546.2048950195312,552.0150146484375,207648
2025-04-10 19:10:00+00:00,547.2150268554688,547.9299926757812,545.5,546.4500122070312,229885
2025-04-10 19:15:00+00:00,548.8189697265625,549.0,545.1749877929688,547.260009765625,261300
2025-04-10 19:20:00+00:00,547.280029296875,551.2000122070312,546.47998046875,548.9000244140625,211750
2025-04-10 19:25:00+00:00,545.0863037109375,549.8599853515625,544.5534057617188,547.2050170898438,389769
2025-04-10 19:30:00+00:00,546.2349853515625,548.5098876953125,544.52001953125,544.8599853515625,239406
2025-04-10 19:35:00+00:00,544.239990234375,547.010009765625,543.22998046875,546.260009765625,333696
2025-04-10 19:40:00+00:00,540.7550048828125,544.9600219726562,540.0,544.3200073242188,636238
2025-04-10 19:45:00+00:00,540.5700073242188,543.0549926757812,539.4660034179688,540.7550048828125,428856
2025-04-10 19:50:00+00:00,547.344970703125,547.6300048828125,540.3400268554688,540.3400268554688,503495
2025-04-10 19:55:00+00:00,546.27001953125,548.25,542.0700073242188,547.0599975585938,853117
2025-04-11 13:30:00+00:00,537.5800170898438,537.989990234375,534.6599731445312,535.010009765625,1079712
2025-04-11 13:35:00+00:00,543.2650146484375,544.2780151367188,537.1099853515625,537.4481201171875,436671
2025-04-11 13:40:00+00:00,543.1400146484375,545.25,539.8499755859375,543.2650146484375,403462
2025-04-11 13:45:00+00:00,544.239990234375,547.4000244140625,542.4301147460938,543.5349731445312,398759
2025-04-11 13:50:00+00:00,544.72998046875,545.6898803710938,541.3099975585938,544.0750122070312,310050
2025-04-11 13:55:00+00:00,541.469970703125,544.9199829101562,540.7200927734375,544.9199829101562,352099
2025-04-11 14:00:00+00:00,537.1900024414062,541.5250244140625,534.3300170898438,540.8200073242188,547052
2025-04-11 14:05:00+00:00,540.5150146484375,542.0,536.6068115234375,537.3099975585938,288037
2025-04-11 14:10:00+00:00,538.7725830078125,541.6099853515625,536.2301025390625,540.7100219726562,265021
2025-04-11 14:15:00+00:00,535.25,541.3198852539062,535.0,538.9349975585938,306984
2025-04-11 14:20:00+00:00,533.7100219726562,536.0,530.75,535.25,363069
2025-04-11 14:25:00+00:00,529.864990234375,534.739990234375,529.1069946289062,533.3800048828125,432441
2025-04-11 14:30:00+00:00,533.9400024414062,534.3499755859375,528.590087890625,529.7849731445312,326201
2025-04-11 14:35:00+00:00,534.9000244140625,535.9362182617188,533.489990234375,534.2999877929688,208967
2025-04-11 14:40:00+00:00,536.8900756835938,537.489990234375,533.219970703125,534.5999755859375,159438
2025-04-11 14:45:00+00:00,538.8599853515625,540.1400146484375,537.25,537.25,183198
2025-04-11 14:50:00+00:00,537.0,538.6599731445312,535.6699829101562,538.6599731445312,151953
2025-04-11 14:55:00+00:00,534.9349975585938,537.5855712890625,534.510009765625,536.8499755859375,176343
2025-04-11 15:00:00+00:00,534.0549926757812,540.58251953125,533.5399780273438,534.3499755859375,208877
2025-04-11 15:05:00+00:00,534.719970703125,534.9600219726562,531.6199951171875,533.9199829101562,215181
2025-04-11 15:10:00+00:00,532.342529296875,535.3875122070312,532.0999755859375,534.5700073242188,133209
2025-04-11 15:15:00+00:00,532.2349853515625,533.0499877929688,530.75,532.0599975585938,185117
2025-04-11 15:20:00+00:00,532.159912109375,533.6701049804688,531.1199951171875,532.364013671875,193066
2025-04-11 15:25:00+00:00,535.25,535.3499755859375,532.1456909179688,532.159912109375,195346
2025-04-11 15:30:00+00:00,536.2050170898438,536.9447021484375,534.0792846679688,535.2050170898438,154278
2025-04-11 15:35:00+00:00,538.8532104492188,539.0150146484375,534.9780883789062,535.86962890625,125327
2025-04-11 15:40:00+00:00,537.510009765625,539.3298950195312,536.4650268554688,538.8599853515625,87124
2025-04-11 15:45:00+00:00,537.364990234375,538.5,536.72998046875,537.510009765625,142237
2025-04-11 15:50:00+00:00,536.8200073242188,537.530029296875,535.864990234375,537.52001953125,73220
2025-04-11 15:55:00+00:00,538.0599975585938,538.4498901367188,536.77001953125,537.0,86219
2025-04-11 16:00:00+00:00,538.2849731445312,538.6038208007812,537.10009765625,538.2000122070312,66127
2025-04-11 16:05:00+00:00,538.1500244140625,540.4298706054688,538.0599975585938,538.0999755859375,144489
2025-04-11 16:10:00+00:00,539.010009765625,540.3150024414062,538.4099731445312,538.5,107458
2025-04-11 16:15:00+00:00,538.6900024414062,539.77001953125,538.105224609375,538.905029296875,86806
2025-04-11 16:20:00+00:00,536.510009765625,539.159912109375,536.1799926757812,538.7349853515625,89219
2025-04-11 16:25:00+00:00,536.4450073242188,537.530029296875,535.3900146484375,536.510009765625,99250
2025-04-11 16:30:00+00:00,540.3800048828125,540.5,536.4625854492188,536.4625854492188,126260
2025-04-11 16:35:00+00:00,541.5999755859375,542.74560546875,540.1950073242188,540.4338989257812,191227
2025-04-11 16:40:00+00:00,542.5150146484375,542.6500244140625,541.0156860351562,541.6517944335938,177383
2025-04-11 16:45:00+00:00,541.3250122070312,542.4450073242188,540.269287109375,542.4450073242188,147302
2025-04-11 16:50:00+00:00,540.9249877929688,541.6400146484375,540.110107421875,541.3900146484375,142729
2025-04-11 16:55:00+00:00,539.9199829101562,541.010009765625,539.6099853515625,540.844970703125,114077
2025-04-11 17:00:00+00:00,540.0,540.989990234375,538.0900268554688,539.9199829101562,185805
2025-04-11 17:05:00+00:00,540.239990234375,542.3400268554688,539.5900268554688,540.0399780273438,157416
2025-04-11 17:10:00+00:00,538.7999877929688,540.3599853515625,538.280029296875,540.0750122070312,127612
2025-04-11 17:15:00+00:00,536.6599731445312,539.5900268554688,536.4199829101562,538.9000244140625,128569
2025-04-11 17:20:00+00:00,538.155029296875,540.0499877929688,536.3699951171875,536.9450073242188,89217
2025-04-11 17:25:00+00:00,537.6849975585938,538.4299926757812,537.4000244140625,538.239990234375,65687
2025-04-11 17:30:00+00:00,537.47998046875,538.2899780273438,536.011474609375,537.8300170898438,84342
2025-04-11 17:35:00+00:00,540.530029296875,540.7100219726562,536.489990234375,537.5449829101562,135265
2025-04-11 17:40:00+00:00,543.4099731445312,544.1400146484375,540.3699951171875,540.3699951171875,242371
2025-04-11 17:45:00+00:00,542.760009765625,543.6514892578125,540.905029296875,543.4299926757812,142614
2025-04-11 17:50:00+00:00,543.385009765625,543.9000244140625,541.75,542.489990234375,137930
2025-04-11 17:55:00+00:00,542.419677734375,543.3499755859375,541.7899780273438,543.1820068359375,135816
2025-04-11 18:00:00+00:00,542.844970703125,542.97998046875,541.2401123046875,542.414306640625,163844
2025-04-11 18:05:00+00:00,541.33447265625,542.989990234375,540.4381713867188,542.989990234375,123913
2025-04-11 18:10:00+00:00,541.697509765625,542.510009765625,540.0800170898438,541.0349731445312,137830
2025-04-11 18:15:00+00:00,540.010009765625,542.1599731445312,539.4127807617188,541.6900024414062,135382
2025-04-11 18:20:00+00:00,540.9650268554688,541.47998046875,539.219970703125,539.8001098632812,110381
2025-04-11 18:25:00+00:00,540.7650146484375,541.3099975585938,539.010009765625,540.969970703125,93338
2025-04-11 18:30:00+00:00,541.0,541.6099853515625,540.0999755859375,541.0,86356
2025-04-11 18:35:00+00:00,540.5999755859375,541.8817138671875,540.1400756835938,540.6599731445312,118642
2025-04-11 18:40:00+00:00,541.219970703125,541.719970703125,540.6300048828125,540.969970703125,72157
2025-04-11 18:45:00+00:00,542.2199096679688,542.5460205078125,541.0,541.2581176757812,65061
2025-04-11 18:50:00+00:00,541.760009765625,542.4099731445312,539.3886108398438,541.8952026367188,98513
2025-04-11 18:55:00+00:00,540.0700073242188,542.0050048828125,539.8657836914062,541.6199951171875,71863
2025-04-11 19:00:00+00:00,542.3150024414062,542.8099975585938,539.97998046875,540.094970703125,93195
2025-04-11 19:05:00+00:00,543.5789794921875,543.760009765625,541.3699951171875,542.2899780273438,134167
2025-04-11 19:10:00+00:00,544.5499877929688,544.7698974609375,542.6500854492188,543.4349975585938,141772
2025-04-11 19:15:00+00:00,543.978515625,544.8800048828125,543.0114135742188,544.7999877929688,188624
2025-04-11 19:20:00+00:00,544.4500122070312,544.75,543.1500244140625,543.9500122070312,146570
2025-04-11 19:25:00+00:00,544.0303955078125,544.9774780273438,543.1677856445312,544.4500122070312,183868
2025-04-11 19:30:00+00:00,543.947509765625,544.4199829101562,543.0900268554688,543.9650268554688,170817
2025-04-11 19:35:00+00:00,542.875,543.9398803710938,541.9600219726562,543.8499755859375,171610
2025-04-11 19:40:00+00:00,543.60498046875,543.6799926757812,542.0,542.875,276150
2025-04-11 19:45:00+00:00,542.885009765625,543.8880004882812,541.6699829101562,543.6021118164062,207330
2025-04-11 19:50:00+00:00,543.5399780273438,543.8800048828125,541.7000122070312,543.239990234375,349220
2025-04-11 19:55:00+00:00,543.2899780273438,544.8800048828125,542.8599853515625,543.5399780273438,1033030
