Price,Close,High,Low,Open,Volume
Ticker,MSFT,MSFT,MSFT,MSFT,MSFT
Datetime,,,,,
2025-02-12 14:30:00+00:00,407.1700134277344,408.0,404.3673095703125,407.8800048828125,2582047
2025-02-12 14:35:00+00:00,407.96661376953125,408.1700134277344,406.92999267578125,407.1700134277344,465539
2025-02-12 14:40:00+00:00,407.8599853515625,408.3500061035156,407.55010986328125,408.0,217862
2025-02-12 14:45:00+00:00,408.3900146484375,408.5483093261719,407.75,407.8699951171875,253450
2025-02-12 14:50:00+00:00,408.44500732421875,408.83050537109375,407.95001220703125,408.3500061035156,184316
2025-02-12 14:55:00+00:00,408.25,408.75,408.1099853515625,408.4100036621094,137539
2025-02-12 15:00:00+00:00,407.51519775390625,408.30999755859375,407.2300109863281,408.2900085449219,234147
2025-02-12 15:05:00+00:00,407.7049865722656,407.7799987792969,407.3599853515625,407.4840087890625,177960
2025-02-12 15:10:00+00:00,407.3399963378906,407.760009765625,406.989990234375,407.7099914550781,204461
2025-02-12 15:15:00+00:00,408.8934020996094,408.9800109863281,407.3399963378906,407.3599853515625,207521
2025-02-12 15:20:00+00:00,409.3299865722656,409.6099853515625,408.7200012207031,408.8200988769531,149861
2025-02-12 15:25:00+00:00,409.02349853515625,409.4750061035156,408.7099914550781,409.25360107421875,151887
2025-02-12 15:30:00+00:00,409.42999267578125,409.69000244140625,408.8599853515625,409.0199890136719,136148
2025-02-12 15:35:00+00:00,409.364990234375,409.9307861328125,409.1300048828125,409.3599853515625,272946
2025-02-12 15:40:00+00:00,408.4599914550781,409.3500061035156,408.2099914550781,409.32000732421875,173463
2025-02-12 15:45:00+00:00,407.7749938964844,408.5566101074219,407.6600036621094,408.4700012207031,205121
2025-02-12 15:50:00+00:00,408.04998779296875,408.1600036621094,407.82000732421875,407.82501220703125,112146
2025-02-12 15:55:00+00:00,408.2016906738281,408.3500061035156,408.0199890136719,408.05499267578125,107971
2025-02-12 16:00:00+00:00,408.25,408.2900085449219,408.0,408.2099914550781,117752
2025-02-12 16:05:00+00:00,407.7149963378906,408.2799987792969,407.6000061035156,408.2099914550781,108816
2025-02-12 16:10:00+00:00,407.69500732421875,408.1600036621094,407.3999938964844,407.7699890136719,116618
2025-02-12 16:15:00+00:00,407.6499938964844,407.7799987792969,407.4800109863281,407.6973876953125,94197
2025-02-12 16:20:00+00:00,407.5899963378906,407.8299865722656,407.3999938964844,407.6600036621094,112149
2025-02-12 16:25:00+00:00,407.57501220703125,407.6116943359375,407.20001220703125,407.6099853515625,121617
2025-02-12 16:30:00+00:00,407.9200134277344,408.0299987792969,407.635009765625,407.635009765625,80573
2025-02-12 16:35:00+00:00,408.010009765625,408.0299987792969,407.8301086425781,407.9200134277344,78959
2025-02-12 16:40:00+00:00,408.67999267578125,408.67999267578125,408.0299987792969,408.04998779296875,92725
2025-02-12 16:45:00+00:00,408.5150146484375,408.7699890136719,408.1200866699219,408.67999267578125,74795
2025-02-12 16:50:00+00:00,409.0899963378906,409.2300109863281,408.4700927734375,408.5398864746094,97705
2025-02-12 16:55:00+00:00,409.3999938964844,409.3999938964844,408.885009765625,409.05999755859375,94500
2025-02-12 17:00:00+00:00,409.2900085449219,409.5799865722656,409.1600036621094,409.3399963378906,126987
2025-02-12 17:05:00+00:00,409.0400085449219,409.5098876953125,408.93011474609375,409.2900085449219,382875
2025-02-12 17:10:00+00:00,409.0950012207031,409.2950134277344,408.7650146484375,409.0450134277344,81205
2025-02-12 17:15:00+00:00,408.9375,409.2099914550781,408.8299865722656,409.05999755859375,74714
2025-02-12 17:20:00+00:00,409.19500732421875,409.2099914550781,408.8175048828125,408.8949890136719,97096
2025-02-12 17:25:00+00:00,409.230712890625,409.489990234375,409.0899963378906,409.17999267578125,70622
2025-02-12 17:30:00+00:00,409.3059997558594,409.489990234375,409.010009765625,409.2099914550781,125492
2025-02-12 17:35:00+00:00,409.19000244140625,409.3599853515625,408.95001220703125,409.30499267578125,72803
2025-02-12 17:40:00+00:00,409.3800048828125,409.3800048828125,409.1200866699219,409.1700134277344,99350
2025-02-12 17:45:00+00:00,409.8800048828125,410.0950012207031,409.3349914550781,409.3550109863281,124954
2025-02-12 17:50:00+00:00,410.1700134277344,410.25,409.6712951660156,409.8949890136719,97249
2025-02-12 17:55:00+00:00,410.6600036621094,410.7287902832031,410.0400085449219,410.1199951171875,95412
2025-02-12 18:00:00+00:00,410.510009765625,410.75,410.4200134277344,410.6000061035156,82869
2025-02-12 18:05:00+00:00,410.1000061035156,410.6400146484375,410.1000061035156,410.489990234375,97090
2025-02-12 18:10:00+00:00,410.3599853515625,410.3599853515625,409.9599914550781,410.1000061035156,111095
2025-02-12 18:15:00+00:00,410.2904052734375,410.44000244140625,410.2200012207031,410.3900146484375,45262
2025-02-12 18:20:00+00:00,410.5400085449219,410.5400085449219,410.1794128417969,410.2887878417969,46231
2025-02-12 18:25:00+00:00,410.3392028808594,410.5985107421875,409.9549865722656,410.5150146484375,102078
2025-02-12 18:30:00+00:00,410.2799987792969,410.3760070800781,410.0849914550781,410.3299865722656,64845
2025-02-12 18:35:00+00:00,410.1499938964844,410.2889099121094,410.1050109863281,410.25,50640
2025-02-12 18:40:00+00:00,409.7699890136719,410.20001220703125,409.75,410.17999267578125,70740
2025-02-12 18:45:00+00:00,409.9100036621094,410.04998779296875,409.7500915527344,409.7850036621094,79122
2025-02-12 18:50:00+00:00,410.1199951171875,410.20001220703125,409.8299865722656,409.8900146484375,88656
2025-02-12 18:55:00+00:00,410.010009765625,410.239990234375,409.92999267578125,410.125,66138
2025-02-12 19:00:00+00:00,409.8699951171875,410.125,409.80999755859375,410.04998779296875,85896
2025-02-12 19:05:00+00:00,409.8450012207031,409.9100036621094,409.6400146484375,409.8699951171875,82462
2025-02-12 19:10:00+00:00,409.64569091796875,409.8500061035156,409.54998779296875,409.8299865722656,68025
2025-02-12 19:15:00+00:00,409.5372009277344,409.69000244140625,409.3500061035156,409.6044921875,88878
2025-02-12 19:20:00+00:00,409.6400146484375,409.739990234375,409.3699951171875,409.5,76609
2025-02-12 19:25:00+00:00,409.4507141113281,409.7699890136719,409.32000732421875,409.6099853515625,90374
2025-02-12 19:30:00+00:00,409.6300048828125,409.69000244140625,409.32000732421875,409.4750061035156,80792
2025-02-12 19:35:00+00:00,409.5849914550781,409.75,409.5,409.5849914550781,83850
2025-02-12 19:40:00+00:00,409.79998779296875,409.8500061035156,409.5849914550781,409.5849914550781,69477
2025-02-12 19:45:00+00:00,410.3800048828125,410.3999938964844,409.7200012207031,409.79949951171875,93708
2025-02-12 19:50:00+00:00,409.9150085449219,410.3800048828125,409.82000732421875,410.3800048828125,99209
2025-02-12 19:55:00+00:00,409.6099853515625,409.94000244140625,409.5400085449219,409.9049987792969,101973
2025-02-12 20:00:00+00:00,408.9100036621094,409.69000244140625,408.8900146484375,409.6700134277344,144920
2025-02-12 20:05:00+00:00,408.66448974609375,408.989990234375,408.6499938964844,408.94000244140625,140991
2025-02-12 20:10:00+00:00,408.6499938964844,408.8699951171875,408.6099853515625,408.67999267578125,128243
2025-02-12 20:15:00+00:00,408.3216857910156,408.6650085449219,408.29998779296875,408.6650085449219,150586
2025-02-12 20:20:00+00:00,408.2749938964844,408.3905944824219,408.2200012207031,408.3500061035156,120168
2025-02-12 20:25:00+00:00,408.2099914550781,408.3900146484375,408.1499938964844,408.2699890136719,121677
2025-02-12 20:30:00+00:00,408.5392150878906,408.5899963378906,408.1499938964844,408.2099914550781,136475
2025-02-12 20:35:00+00:00,408.5400085449219,408.7900085449219,408.42498779296875,408.5249938964844,119706
2025-02-12 20:40:00+00:00,408.5780029296875,408.7300109863281,408.510009765625,408.55499267578125,144049
2025-02-12 20:45:00+00:00,408.0899963378906,408.57000732421875,408.0899963378906,408.57000732421875,154286
2025-02-12 20:50:00+00:00,408.5,408.6000061035156,408.04998779296875,408.1199951171875,321685
2025-02-12 20:55:00+00:00,408.95001220703125,409.1300048828125,408.510009765625,408.5199890136719,662517
2025-02-13 14:30:00+00:00,408.6400146484375,409.0,406.3599853515625,407.0320129394531,2627516
2025-02-13 14:35:00+00:00,406.989990234375,408.72100830078125,406.79998779296875,408.6400146484375,317316
2025-02-13 14:40:00+00:00,407.239990234375,407.29998779296875,406.510009765625,406.94000244140625,341771
2025-02-13 14:45:00+00:00,407.13360595703125,407.82000732421875,406.92999267578125,407.25,251945
2025-02-13 14:50:00+00:00,407.25,407.6300048828125,406.7200012207031,407.1546936035156,214369
2025-02-13 14:55:00+00:00,407.7799987792969,407.8699035644531,407.1700134277344,407.2250061035156,180663
2025-02-13 15:00:00+00:00,407.4700012207031,408.1199951171875,407.1700134277344,407.7200012207031,258304
2025-02-13 15:05:00+00:00,406.8293151855469,407.55499267578125,406.360107421875,407.4800109863281,364875
2025-02-13 15:10:00+00:00,407.1099853515625,407.3299865722656,406.70001220703125,406.7900085449219,204312
2025-02-13 15:15:00+00:00,407.4800109863281,407.54998779296875,407.0299987792969,407.1449890136719,236431
2025-02-13 15:20:00+00:00,407.7408142089844,408.0285949707031,407.4200134277344,407.43499755859375,232856
2025-02-13 15:25:00+00:00,407.9700012207031,408.1499938964844,407.67498779296875,407.7900085449219,191603
2025-02-13 15:30:00+00:00,408.7760009765625,409.0400085449219,407.7900085449219,407.9649963378906,283142
2025-02-13 15:35:00+00:00,409.7950134277344,409.8599853515625,408.55999755859375,408.739990234375,335628
2025-02-13 15:40:00+00:00,410.3450012207031,410.3599853515625,409.7500915527344,409.78619384765625,253180
2025-02-13 15:45:00+00:00,409.9049987792969,410.4100036621094,409.42010498046875,410.3800048828125,207297
2025-02-13 15:50:00+00:00,408.8999938964844,409.8699951171875,408.8999938964844,409.8699951171875,146356
2025-02-13 15:55:00+00:00,409.6449890136719,409.70001220703125,408.8901062011719,408.91070556640625,103853
2025-02-13 16:00:00+00:00,409.7449951171875,409.9200134277344,409.40460205078125,409.70001220703125,104784
2025-02-13 16:05:00+00:00,409.44000244140625,409.8999938964844,409.3800048828125,409.7699890136719,123174
2025-02-13 16:10:00+00:00,409.5299987792969,409.79998779296875,409.2300109863281,409.42999267578125,123735
2025-02-13 16:15:00+00:00,409.44000244140625,409.5299987792969,409.239990234375,409.4949951171875,88237
2025-02-13 16:20:00+00:00,409.05999755859375,409.42999267578125,408.8922119140625,409.42999267578125,134038
2025-02-13 16:25:00+00:00,408.6400146484375,409.0950012207031,408.42999267578125,409.0899963378906,138274
2025-02-13 16:30:00+00:00,408.4549865722656,408.6700134277344,408.20001220703125,408.614990234375,132779
2025-02-13 16:35:00+00:00,408.45001220703125,408.9479064941406,408.45001220703125,408.510009765625,139450
2025-02-13 16:40:00+00:00,408.45001220703125,408.81500244140625,408.4100036621094,408.5400085449219,127302
2025-02-13 16:45:00+00:00,408.6199951171875,408.6899108886719,408.3599853515625,408.4100036621094,99771
2025-02-13 16:50:00+00:00,408.2699890136719,408.7049865722656,408.19000244140625,408.6400146484375,73178
2025-02-13 16:55:00+00:00,407.9049987792969,408.2580871582031,407.7799987792969,408.2300109863281,114743
2025-02-13 17:00:00+00:00,408.3500061035156,408.4100036621094,407.8299865722656,407.92999267578125,141916
2025-02-13 17:05:00+00:00,408.44580078125,408.5,408.239990234375,408.347900390625,66097
2025-02-13 17:10:00+00:00,407.8599853515625,408.5,407.8500061035156,408.4200134277344,91877
2025-02-13 17:15:00+00:00,407.70001220703125,408.0,407.6499938964844,407.8550109863281,84602
2025-02-13 17:20:00+00:00,407.94000244140625,408.0,407.5799865722656,407.7300109863281,78117
2025-02-13 17:25:00+00:00,408.2850036621094,408.35009765625,407.8900146484375,407.9574890136719,84713
2025-02-13 17:30:00+00:00,408.0400085449219,408.30499267578125,408.0,408.30499267578125,101476
2025-02-13 17:35:00+00:00,408.0799865722656,408.1499938964844,408.0350036621094,408.0350036621094,53598
2025-02-13 17:40:00+00:00,407.95001220703125,408.20001220703125,407.95001220703125,408.1199035644531,93239
2025-02-13 17:45:00+00:00,408.44000244140625,408.460205078125,407.9549865722656,407.9549865722656,105143
2025-02-13 17:50:00+00:00,408.25,408.5,408.114990234375,408.4916076660156,54824
2025-02-13 17:55:00+00:00,408.1400146484375,408.2900085449219,407.9601135253906,408.2300109863281,64064
2025-02-13 18:00:00+00:00,407.8758850097656,408.1549987792969,407.76910400390625,408.1549987792969,79078
2025-02-13 18:05:00+00:00,407.9700012207031,408.06988525390625,407.84600830078125,407.84600830078125,43489
2025-02-13 18:10:00+00:00,408.17999267578125,408.20001220703125,407.8999938964844,407.989990234375,56022
2025-02-13 18:15:00+00:00,407.75439453125,408.21929931640625,407.4849853515625,408.20001220703125,96194
2025-02-13 18:20:00+00:00,408.18011474609375,408.3699951171875,407.6099853515625,407.6099853515625,90539
2025-02-13 18:25:00+00:00,408.0799865722656,408.3800048828125,408.01190185546875,408.2200012207031,64076
2025-02-13 18:30:00+00:00,408.0799865722656,408.1400146484375,407.8800048828125,408.0799865722656,48837
2025-02-13 18:35:00+00:00,408.44000244140625,408.4898986816406,408.0,408.0,68460
2025-02-13 18:40:00+00:00,408.385009765625,408.5899963378906,407.64080810546875,408.5199890136719,132522
2025-02-13 18:45:00+00:00,408.5050048828125,408.8500061035156,408.239990234375,408.31500244140625,182430
2025-02-13 18:50:00+00:00,408.3999938964844,408.6300048828125,407.9100036621094,408.48638916015625,113338
2025-02-13 18:55:00+00:00,408.5899963378906,408.7200012207031,408.30999755859375,408.4049987792969,87603
2025-02-13 19:00:00+00:00,409.2441101074219,409.2998962402344,408.5899963378906,408.62249755859375,143390
2025-02-13 19:05:00+00:00,409.43499755859375,409.45001220703125,408.9901123046875,409.2449951171875,103417
2025-02-13 19:10:00+00:00,409.54400634765625,409.6199951171875,409.3143005371094,409.4599914550781,115181
2025-02-13 19:15:00+00:00,409.5,409.6499938964844,409.3699951171875,409.4599914550781,91630
2025-02-13 19:20:00+00:00,409.4100036621094,409.57000732421875,409.340087890625,409.4700012207031,118293
2025-02-13 19:25:00+00:00,409.67010498046875,409.75,409.3800048828125,409.4049987792969,105604
2025-02-13 19:30:00+00:00,409.9700012207031,410.0400085449219,409.6600036621094,409.6700134277344,108475
2025-02-13 19:35:00+00:00,410.0899963378906,410.1600036621094,409.94000244140625,409.9700012207031,103035
2025-02-13 19:40:00+00:00,409.8999938964844,410.0899963378906,409.760009765625,410.05218505859375,56212
2025-02-13 19:45:00+00:00,410.010009765625,410.033203125,409.8399963378906,409.8800048828125,70939
2025-02-13 19:50:00+00:00,410.54998779296875,410.54998779296875,410.0,410.0050048828125,110259
2025-02-13 19:55:00+00:00,410.31890869140625,410.6700134277344,410.2200012207031,410.57989501953125,117552
2025-02-13 20:00:00+00:00,410.5799865722656,410.63128662109375,410.2749938964844,410.32000732421875,88667
2025-02-13 20:05:00+00:00,410.8799133300781,410.9100036621094,410.4800109863281,410.55999755859375,123409
2025-02-13 20:10:00+00:00,410.7900085449219,410.9700012207031,410.7300109863281,410.8500061035156,124430
2025-02-13 20:15:00+00:00,410.9200134277344,410.9800109863281,410.69000244140625,410.79998779296875,128586
2025-02-13 20:20:00+00:00,410.59149169921875,411.0,410.55999755859375,410.92999267578125,116479
2025-02-13 20:25:00+00:00,410.7127990722656,410.7799987792969,410.5299987792969,410.6400146484375,98860
2025-02-13 20:30:00+00:00,410.1199951171875,410.67999267578125,410.0801086425781,410.67999267578125,146430
2025-02-13 20:35:00+00:00,410.07000732421875,410.20001220703125,409.86151123046875,410.1600036621094,199561
2025-02-13 20:40:00+00:00,410.0899963378906,410.20001220703125,409.9895935058594,410.05999755859375,145654
2025-02-13 20:45:00+00:00,410.3999938964844,410.4100036621094,409.8599853515625,410.04058837890625,206200
2025-02-13 20:50:00+00:00,410.0899963378906,410.3599853515625,409.92999267578125,410.3599853515625,313273
2025-02-13 20:55:00+00:00,410.5199890136719,410.7900085449219,410.0600891113281,410.1300048828125,983368
2025-02-14 14:30:00+00:00,408.4800109863281,408.7099914550781,406.1700134277344,407.6499938964844,1632325
2025-02-14 14:35:00+00:00,407.9999084472656,408.5,407.3800048828125,408.4700012207031,422476
2025-02-14 14:40:00+00:00,406.2799987792969,408.0082092285156,406.2449951171875,407.8999938964844,625952
2025-02-14 14:45:00+00:00,406.8399963378906,407.73431396484375,406.239990234375,406.31500244140625,662660
2025-02-14 14:50:00+00:00,407.4200134277344,408.17999267578125,406.5799865722656,406.8349914550781,612219
2025-02-14 14:55:00+00:00,406.5400085449219,407.45001220703125,406.3500061035156,407.45001220703125,437084
2025-02-14 15:00:00+00:00,407.25,407.260009765625,406.4200134277344,406.5,327953
2025-02-14 15:05:00+00:00,407.44000244140625,407.5199890136719,406.9700012207031,407.20001220703125,230237
2025-02-14 15:10:00+00:00,407.04998779296875,407.5899963378906,406.739990234375,407.4359130859375,250758
2025-02-14 15:15:00+00:00,406.989990234375,407.20001220703125,406.7099914550781,407.0400085449219,226261
2025-02-14 15:20:00+00:00,406.55999755859375,407.0498962402344,406.3500061035156,406.94000244140625,295123
2025-02-14 15:25:00+00:00,406.239990234375,406.75,406.20001220703125,406.5199890136719,275288
2025-02-14 15:30:00+00:00,406.07501220703125,406.2622985839844,405.8963928222656,406.239990234375,412453
2025-02-14 15:35:00+00:00,406.510009765625,406.5400085449219,406.056884765625,406.0849914550781,1303835
2025-02-14 15:40:00+00:00,406.9599914550781,407.0,406.25,406.5199890136719,231222
2025-02-14 15:45:00+00:00,407.05999755859375,407.3124084472656,406.75,406.92999267578125,180661
2025-02-14 15:50:00+00:00,407.3893127441406,407.5,406.79998779296875,407.04998779296875,254053
2025-02-14 15:55:00+00:00,407.760009765625,407.989990234375,407.32000732421875,407.3299865722656,231827
2025-02-14 16:00:00+00:00,407.2900085449219,407.79998779296875,407.25,407.79998779296875,147387
2025-02-14 16:05:00+00:00,407.4100036621094,407.510009765625,407.2300109863281,407.2900085449219,128635
2025-02-14 16:10:00+00:00,407.4100036621094,407.69000244140625,407.2900085449219,407.4200134277344,155154
2025-02-14 16:15:00+00:00,406.7900085449219,407.45001220703125,406.70001220703125,407.3599853515625,158787
2025-02-14 16:20:00+00:00,406.95001220703125,407.010009765625,406.6000061035156,406.7900085449219,164839
2025-02-14 16:25:00+00:00,407.8207092285156,407.8500061035156,406.92999267578125,406.9700012207031,151652
2025-02-14 16:30:00+00:00,407.8999938964844,408.04998779296875,407.739990234375,407.8211975097656,180350
2025-02-14 16:35:00+00:00,408.1199951171875,408.1700134277344,407.8399963378906,407.8599853515625,122958
2025-02-14 16:40:00+00:00,408.32489013671875,408.32489013671875,407.92010498046875,408.15301513671875,135534
2025-02-14 16:45:00+00:00,407.6700134277344,408.32000732421875,407.55999755859375,408.29998779296875,122235
2025-02-14 16:50:00+00:00,407.8357849121094,408.0,407.41009521484375,407.7300109863281,129428
2025-02-14 16:55:00+00:00,407.9200134277344,408.0,407.7699890136719,407.8251953125,116976
2025-02-14 17:00:00+00:00,408.1549987792969,408.1700134277344,407.8999938964844,407.92999267578125,114379
2025-02-14 17:05:00+00:00,407.75,408.1499938964844,407.6199951171875,408.1400146484375,139058
2025-02-14 17:10:00+00:00,407.82000732421875,407.8927917480469,407.5150146484375,407.7550048828125,90257
2025-02-14 17:15:00+00:00,407.9200134277344,407.9800109863281,407.760009765625,407.80499267578125,228149
2025-02-14 17:20:00+00:00,407.7900085449219,408.20001220703125,407.760009765625,407.9800109863281,108503
2025-02-14 17:25:00+00:00,407.5199890136719,407.8599853515625,407.5199890136719,407.7799987792969,156872
2025-02-14 17:30:00+00:00,407.67999267578125,407.75,407.3949890136719,407.54998779296875,101527
2025-02-14 17:35:00+00:00,407.6650085449219,407.95001220703125,407.6600036621094,407.70001220703125,73440
2025-02-14 17:40:00+00:00,407.7273864746094,407.8299865722656,407.6499938964844,407.70001220703125,56766
2025-02-14 17:45:00+00:00,408.0050048828125,408.0400085449219,407.6195983886719,407.7550048828125,134686
2025-02-14 17:50:00+00:00,408.0050048828125,408.0400085449219,407.79998779296875,408.0,139334
2025-02-14 17:55:00+00:00,407.7300109863281,408.03338623046875,407.6700134277344,408.0,105031
2025-02-14 18:00:00+00:00,407.92498779296875,408.0400085449219,407.7099914550781,407.7349853515625,98987
2025-02-14 18:05:00+00:00,407.8800048828125,407.92999267578125,407.7019958496094,407.9150085449219,75646
2025-02-14 18:10:00+00:00,407.8999938964844,408.04998779296875,407.8299865722656,407.8500061035156,82010
2025-02-14 18:15:00+00:00,407.8500061035156,408.0400085449219,407.8299865722656,407.83050537109375,86709
2025-02-14 18:20:00+00:00,407.81500244140625,407.9700012207031,407.7300109863281,407.8800048828125,78433
2025-02-14 18:25:00+00:00,407.82000732421875,407.8699951171875,407.510009765625,407.86248779296875,97153
2025-02-14 18:30:00+00:00,408.28009033203125,408.5350036621094,407.79998779296875,407.79998779296875,125257
2025-02-14 18:35:00+00:00,408.1600036621094,408.3171081542969,408.010009765625,408.30499267578125,97532
2025-02-14 18:40:00+00:00,408.44500732421875,408.5,408.1600036621094,408.17999267578125,68256
2025-02-14 18:45:00+00:00,408.6099853515625,408.65740966796875,408.3900146484375,408.42999267578125,82287
2025-02-14 18:50:00+00:00,408.510009765625,408.7300109863281,408.489990234375,408.6199951171875,88153
2025-02-14 18:55:00+00:00,408.5350036621094,408.6300048828125,408.4200134277344,408.5199890136719,60925
2025-02-14 19:00:00+00:00,408.16558837890625,408.6000061035156,408.1300048828125,408.54998779296875,101678
2025-02-14 19:05:00+00:00,408.2749938964844,408.30999755859375,408.0400085449219,408.1549987792969,77939
2025-02-14 19:10:00+00:00,408.18499755859375,408.4100036621094,408.1400146484375,408.260009765625,107819
2025-02-14 19:15:00+00:00,408.0,408.25,407.9137878417969,408.17999267578125,118991
2025-02-14 19:20:00+00:00,407.8349914550781,408.0050048828125,407.80999755859375,408.0050048828125,79398
2025-02-14 19:25:00+00:00,407.7200012207031,407.8515930175781,407.5899963378906,407.8454895019531,96025
2025-02-14 19:30:00+00:00,407.739990234375,407.82000732421875,407.652099609375,407.739990234375,69343
2025-02-14 19:35:00+00:00,407.79998779296875,407.80999755859375,407.6700134277344,407.739990234375,61923
2025-02-14 19:40:00+00:00,407.8399963378906,407.94000244140625,407.7749938964844,407.7749938964844,83065
2025-02-14 19:45:00+00:00,407.31219482421875,407.9100036621094,407.2200012207031,407.8299865722656,151146
2025-02-14 19:50:00+00:00,406.989990234375,407.32000732421875,406.8299865722656,407.31988525390625,179315
2025-02-14 19:55:00+00:00,407.1449890136719,407.20001220703125,406.8999938964844,406.989990234375,100599
2025-02-14 20:00:00+00:00,407.0,407.1499938964844,406.9800109863281,407.1300048828125,82168
2025-02-14 20:05:00+00:00,406.9599914550781,407.010009765625,406.860107421875,406.9700927734375,108418
2025-02-14 20:10:00+00:00,407.2200012207031,407.2200012207031,406.8399963378906,406.9750061035156,119138
2025-02-14 20:15:00+00:00,407.260009765625,407.4800109863281,407.0199890136719,407.25,213626
2025-02-14 20:20:00+00:00,406.7200012207031,407.25,406.69000244140625,407.25,149322
2025-02-14 20:25:00+00:00,406.8450012207031,407.0,406.69049072265625,406.69049072265625,138305
2025-02-14 20:30:00+00:00,407.1700134277344,407.2200012207031,406.8111877441406,406.84930419921875,146657
2025-02-14 20:35:00+00:00,407.1600036621094,407.4206848144531,407.04998779296875,407.1449890136719,199393
2025-02-14 20:40:00+00:00,407.105712890625,407.40130615234375,407.07000732421875,407.1400146484375,168723
2025-02-14 20:45:00+00:00,407.3699951171875,407.489990234375,407.07000732421875,407.0971984863281,187562
2025-02-14 20:50:00+00:00,408.4200134277344,408.69000244140625,407.29998779296875,407.3900146484375,479061
2025-02-14 20:55:00+00:00,408.3299865722656,408.8299865722656,408.04998779296875,408.3999938964844,830899
2025-02-18 14:30:00+00:00,410.1099853515625,410.3500061035156,407.8699951171875,408.19500732421875,1473633
2025-02-18 14:35:00+00:00,409.3172912597656,410.1199951171875,408.9006042480469,410.0799865722656,313158
2025-02-18 14:40:00+00:00,409.0299987792969,409.3299865722656,408.8599853515625,409.2850036621094,217391
2025-02-18 14:45:00+00:00,409.5799865722656,409.9700012207031,408.69000244140625,409.0350036621094,296457
2025-02-18 14:50:00+00:00,409.7651062011719,410.010009765625,409.010009765625,409.6700134277344,269041
2025-02-18 14:55:00+00:00,409.81500244140625,410.59698486328125,409.45001220703125,409.7950134277344,380421
2025-02-18 15:00:00+00:00,409.2200012207031,410.3699035644531,408.5799865722656,409.8599853515625,245033
2025-02-18 15:05:00+00:00,409.4242858886719,409.8999938964844,409.04998779296875,409.2232971191406,189435
2025-02-18 15:10:00+00:00,410.05999755859375,410.2900085449219,409.1068115234375,409.4649963378906,204866
2025-02-18 15:15:00+00:00,408.4800109863281,410.1700134277344,408.3599853515625,410.07000732421875,234176
2025-02-18 15:20:00+00:00,408.6600036621094,408.8500061035156,408.1000061035156,408.5,286293
2025-02-18 15:25:00+00:00,408.05029296875,408.80499267578125,408.0,408.7449951171875,165774
2025-02-18 15:30:00+00:00,408.4949951171875,408.5899963378906,407.7900085449219,408.0400085449219,251797
2025-02-18 15:35:00+00:00,408.6300048828125,408.7898864746094,408.3599853515625,408.4949951171875,120350
2025-02-18 15:40:00+00:00,408.82000732421875,408.989990234375,408.4700012207031,408.6000061035156,118418
2025-02-18 15:45:00+00:00,408.82550048828125,408.92010498046875,408.5400085449219,408.82501220703125,103451
2025-02-18 15:50:00+00:00,408.9200134277344,408.9200134277344,408.5799865722656,408.79998779296875,109601
2025-02-18 15:55:00+00:00,409.0934143066406,409.28289794921875,408.6300048828125,408.94500732421875,154704
2025-02-18 16:00:00+00:00,408.9949951171875,409.260009765625,408.80999755859375,409.0400085449219,89219
2025-02-18 16:05:00+00:00,408.93499755859375,409.25,408.8399963378906,408.9800109863281,88427
2025-02-18 16:10:00+00:00,408.4100036621094,409.0299987792969,408.3699951171875,408.93499755859375,108729
2025-02-18 16:15:00+00:00,409.0249938964844,409.0899963378906,408.29998779296875,408.3699951171875,185477
2025-02-18 16:20:00+00:00,408.3550109863281,409.0249938964844,408.2099914550781,409.0249938964844,139869
2025-02-18 16:25:00+00:00,408.92010498046875,408.989990234375,408.32000732421875,408.3900146484375,102309
2025-02-18 16:30:00+00:00,408.5806884765625,409.05999755859375,408.37799072265625,408.9700012207031,79606
2025-02-18 16:35:00+00:00,408.8349914550781,408.9200134277344,408.510009765625,408.6000061035156,88776
2025-02-18 16:40:00+00:00,408.3699951171875,408.8999938964844,408.3699951171875,408.8399963378906,103772
2025-02-18 16:45:00+00:00,408.79998779296875,408.79998779296875,408.2699890136719,408.3500061035156,103613
2025-02-18 16:50:00+00:00,409.3800048828125,409.389892578125,408.7300109863281,408.81500244140625,132784
2025-02-18 16:55:00+00:00,408.8994140625,409.45001220703125,408.8349914550781,409.3699951171875,93720
2025-02-18 17:00:00+00:00,408.875,409.0400085449219,408.70001220703125,408.8699951171875,73967
2025-02-18 17:05:00+00:00,408.7650146484375,409.0899963378906,408.6400146484375,408.8699951171875,608038
2025-02-18 17:10:00+00:00,408.67999267578125,408.8999938964844,408.3800048828125,408.7650146484375,107342
2025-02-18 17:15:00+00:00,408.43499755859375,408.7300109863281,408.3949890136719,408.70001220703125,86283
2025-02-18 17:20:00+00:00,408.3399963378906,408.4800109863281,408.17999267578125,408.3929138183594,113861
2025-02-18 17:25:00+00:00,408.3349914550781,408.54998779296875,408.25,408.3594055175781,97403
2025-02-18 17:30:00+00:00,408.4320068359375,408.6099853515625,408.32000732421875,408.3280029296875,94624
2025-02-18 17:35:00+00:00,408.57501220703125,408.6300048828125,408.30999755859375,408.4100036621094,68420
2025-02-18 17:40:00+00:00,408.4200134277344,408.75,408.3699951171875,408.5849914550781,316324
2025-02-18 17:45:00+00:00,408.739990234375,408.79998779296875,408.4200134277344,408.4200134277344,86378
2025-02-18 17:50:00+00:00,408.75,408.9599914550781,408.656005859375,408.7200012207031,67241
2025-02-18 17:55:00+00:00,408.56500244140625,408.79998779296875,408.54998779296875,408.7300109863281,260452
2025-02-18 18:00:00+00:00,408.6549987792969,408.8800048828125,408.45001220703125,408.56500244140625,84427
2025-02-18 18:05:00+00:00,408.3299865722656,408.67999267578125,408.29998779296875,408.6401062011719,72320
2025-02-18 18:10:00+00:00,408.3900146484375,408.4100036621094,408.239990234375,408.318603515625,77916
2025-02-18 18:15:00+00:00,408.05999755859375,408.45880126953125,408.0400085449219,408.3900146484375,87755
2025-02-18 18:20:00+00:00,407.760009765625,408.0400085449219,407.6099853515625,408.010009765625,193389
2025-02-18 18:25:00+00:00,408.0660095214844,408.1000061035156,407.6400146484375,407.7749938964844,77834
2025-02-18 18:30:00+00:00,407.8550109863281,408.07000732421875,407.79998779296875,408.04998779296875,50495
2025-02-18 18:35:00+00:00,407.8500061035156,407.9800109863281,407.760009765625,407.80999755859375,120029
2025-02-18 18:40:00+00:00,407.7283935546875,407.9100036621094,407.70001220703125,407.8500061035156,67856
2025-02-18 18:45:00+00:00,408.1300048828125,408.20001220703125,407.7101135253906,407.7207946777344,83457
2025-02-18 18:50:00+00:00,407.8399963378906,408.1499938964844,407.8399963378906,408.1499938964844,72962
2025-02-18 18:55:00+00:00,407.6700134277344,407.9259033203125,407.6499938964844,407.8900146484375,95143
2025-02-18 19:00:00+00:00,407.5199890136719,407.82000732421875,407.5,407.68499755859375,114863
2025-02-18 19:05:00+00:00,406.7650146484375,407.88519287109375,406.5,407.510009765625,258580
2025-02-18 19:10:00+00:00,406.9100036621094,407.07000732421875,406.7049865722656,406.760009765625,128323
2025-02-18 19:15:00+00:00,407.0002136230469,407.25,406.8900146484375,406.8999938964844,176307
2025-02-18 19:20:00+00:00,407.6600036621094,407.8599853515625,406.8800048828125,407.0,158467
2025-02-18 19:25:00+00:00,407.42999267578125,407.7200012207031,407.4119873046875,407.7200012207031,65663
2025-02-18 19:30:00+00:00,407.4115905761719,407.5115966796875,407.29010009765625,407.489990234375,79354
2025-02-18 19:35:00+00:00,407.25,407.4992980957031,407.17999267578125,407.3999938964844,54070
2025-02-18 19:40:00+00:00,407.1600036621094,407.4200134277344,407.0899963378906,407.2699890136719,70099
2025-02-18 19:45:00+00:00,407.3999938964844,407.45001220703125,407.1422119140625,407.20989990234375,65043
2025-02-18 19:50:00+00:00,407.30950927734375,407.4800109863281,407.2200012207031,407.42291259765625,64509
2025-02-18 19:55:00+00:00,407.0899963378906,407.3500061035156,407.05999755859375,407.29998779296875,72893
2025-02-18 20:00:00+00:00,407.1942138671875,407.2099914550781,406.9800109863281,407.114990234375,104973
2025-02-18 20:05:00+00:00,407.5400085449219,407.5400085449219,407.110107421875,407.19500732421875,121236
2025-02-18 20:10:00+00:00,407.5,407.6300048828125,407.4599914550781,407.5692138671875,100943
2025-02-18 20:15:00+00:00,407.54730224609375,407.6199951171875,407.364990234375,407.5,108028
2025-02-18 20:20:00+00:00,407.54998779296875,407.69580078125,407.4302978515625,407.5799865722656,85815
2025-02-18 20:25:00+00:00,407.5899963378906,407.6700134277344,407.4704895019531,407.54998779296875,73462
2025-02-18 20:30:00+00:00,407.8500061035156,407.8500061035156,407.4649963378906,407.57000732421875,111213
2025-02-18 20:35:00+00:00,407.9599914550781,408.05999755859375,407.7300109863281,407.8599853515625,134735
2025-02-18 20:40:00+00:00,407.8297119140625,408.17498779296875,407.6499938964844,407.95001220703125,109808
2025-02-18 20:45:00+00:00,407.95001220703125,408.0715026855469,407.7900085449219,407.82000732421875,96548
2025-02-18 20:50:00+00:00,408.6499938964844,409.3999938964844,408.0199890136719,408.04998779296875,338929
2025-02-18 20:55:00+00:00,409.6400146484375,409.6400146484375,408.69000244140625,408.69000244140625,1178297
2025-02-19 14:30:00+00:00,408.69500732421875,409.07000732421875,407.739990234375,408.3599853515625,958450
2025-02-19 14:35:00+00:00,408.7749938964844,409.45001220703125,408.6000061035156,408.6000061035156,216139
2025-02-19 14:40:00+00:00,409.135009765625,409.5899963378906,408.6242980957031,408.7850036621094,201556
2025-02-19 14:45:00+00:00,409.0050048828125,409.92999267578125,408.8900146484375,409.1000061035156,259294
2025-02-19 14:50:00+00:00,409.389892578125,409.498291015625,408.75,409.0050048828125,143974
2025-02-19 14:55:00+00:00,409.3800048828125,409.5,408.8599853515625,409.3299865722656,135246
2025-02-19 15:00:00+00:00,408.510009765625,409.6499938964844,408.4100036621094,409.3349914550781,168462
2025-02-19 15:05:00+00:00,408.3410949707031,408.7799072265625,408.2099914550781,408.5199890136719,150497
2025-02-19 15:10:00+00:00,408.114990234375,408.4100036621094,407.7900085449219,408.34991455078125,186988
2025-02-19 15:15:00+00:00,408.1650085449219,408.59991455078125,408.04998779296875,408.080810546875,117383
2025-02-19 15:20:00+00:00,408.2449951171875,408.42999267578125,408.0199890136719,408.1199951171875,132636
2025-02-19 15:25:00+00:00,408.25,408.5393981933594,408.1300048828125,408.210693359375,100875
2025-02-19 15:30:00+00:00,408.2699890136719,408.75,408.0799865722656,408.2699890136719,227085
2025-02-19 15:35:00+00:00,408.739990234375,408.82000732421875,408.0799865722656,408.25,183240
2025-02-19 15:40:00+00:00,408.875,409.2850036621094,408.5899963378906,408.739990234375,144434
2025-02-19 15:45:00+00:00,409.035888671875,409.2200012207031,408.7283935546875,408.8900146484375,145866
2025-02-19 15:50:00+00:00,408.7712097167969,409.1700134277344,408.7401123046875,409.0350036621094,111282
2025-02-19 15:55:00+00:00,408.30999755859375,408.739990234375,408.04998779296875,408.739990234375,175411
2025-02-19 16:00:00+00:00,408.5711975097656,409.3999938964844,407.9599914550781,408.3299865722656,689636
2025-02-19 16:05:00+00:00,409.2349853515625,409.4294128417969,408.510009765625,408.6000061035156,465085
2025-02-19 16:10:00+00:00,411.1890869140625,411.3999938964844,408.6499938964844,409.2699890136719,685687
2025-02-19 16:15:00+00:00,411.57000732421875,411.84869384765625,410.25,411.2099914550781,693082
2025-02-19 16:20:00+00:00,411.07000732421875,411.8299865722656,410.80999755859375,411.6000061035156,432260
2025-02-19 16:25:00+00:00,410.42919921875,411.1000061035156,409.8500061035156,411.05999755859375,339612
2025-02-19 16:30:00+00:00,410.30499267578125,410.6099853515625,410.1199951171875,410.385009765625,141191
2025-02-19 16:35:00+00:00,410.42999267578125,410.5393981933594,409.9100036621094,410.30499267578125,150408
2025-02-19 16:40:00+00:00,410.8550109863281,411.1400146484375,410.3900146484375,410.4200134277344,191207
2025-02-19 16:45:00+00:00,410.5526123046875,411.05999755859375,410.5,410.82000732421875,140183
2025-02-19 16:50:00+00:00,410.6600036621094,410.9150085449219,410.4400939941406,410.57501220703125,114002
2025-02-19 16:55:00+00:00,410.6499938964844,410.8500061035156,410.4136962890625,410.67498779296875,121487
2025-02-19 17:00:00+00:00,411.2449951171875,411.30999755859375,410.635009765625,410.6524963378906,169909
2025-02-19 17:05:00+00:00,411.25,411.55999755859375,411.2200012207031,411.3399963378906,128077
2025-02-19 17:10:00+00:00,410.9100036621094,411.44000244140625,410.7099914550781,411.3999938964844,2273919
2025-02-19 17:15:00+00:00,410.3999938964844,410.93450927734375,410.1300048828125,410.93450927734375,146763
2025-02-19 17:20:00+00:00,410.1943054199219,410.5799865722656,410.0249938964844,410.42999267578125,117844
2025-02-19 17:25:00+00:00,410.4700012207031,410.5400085449219,410.1199951171875,410.1700134277344,104683
2025-02-19 17:30:00+00:00,410.5249938964844,410.6700134277344,410.3900146484375,410.45001220703125,108082
2025-02-19 17:35:00+00:00,410.5400085449219,410.7900085449219,410.364990234375,410.5,90817
2025-02-19 17:40:00+00:00,410.7749938964844,410.95001220703125,410.2244873046875,410.5400085449219,109045
2025-02-19 17:45:00+00:00,410.8599853515625,410.8999938964844,410.6000061035156,410.77081298828125,71712
2025-02-19 17:50:00+00:00,410.8490905761719,411.0,410.57000732421875,410.82000732421875,108857
2025-02-19 17:55:00+00:00,410.94000244140625,411.1099853515625,410.7434997558594,410.8800048828125,83924
2025-02-19 18:00:00+00:00,410.989990234375,411.1300048828125,410.8100891113281,410.92999267578125,98204
2025-02-19 18:05:00+00:00,411.07989501953125,411.239990234375,410.9700012207031,411.0199890136719,114067
2025-02-19 18:10:00+00:00,410.6755065917969,411.04949951171875,410.3699951171875,411.0249938964844,104800
2025-02-19 18:15:00+00:00,411.277587890625,411.75,410.67999267578125,410.70001220703125,139964
2025-02-19 18:20:00+00:00,411.25201416015625,411.57000732421875,411.1400146484375,411.3089904785156,110432
2025-02-19 18:25:00+00:00,411.56500244140625,411.989990234375,411.2300109863281,411.239990234375,196070
2025-02-19 18:30:00+00:00,411.9999084472656,412.05999755859375,411.5899963378906,411.5899963378906,259703
2025-02-19 18:35:00+00:00,412.0199890136719,412.3399963378906,411.79998779296875,411.9750061035156,237948
2025-02-19 18:40:00+00:00,411.75,412.1300048828125,411.6700134277344,412.0199890136719,81233
2025-02-19 18:45:00+00:00,412.1600036621094,412.1600036621094,411.72039794921875,411.7799987792969,115851
2025-02-19 18:50:00+00:00,412.2900085449219,412.5199890136719,411.8500061035156,412.1600036621094,200063
2025-02-19 18:55:00+00:00,411.8699951171875,412.30499267578125,411.8299865722656,412.2699890136719,110869
2025-02-19 19:00:00+00:00,412.1099853515625,412.3800048828125,411.7799987792969,411.9100036621094,116389
2025-02-19 19:05:00+00:00,411.9750061035156,412.3800048828125,411.8900146484375,412.1499938964844,139152
2025-02-19 19:10:00+00:00,412.6741027832031,412.7049865722656,411.9800109863281,412.0,125368
2025-02-19 19:15:00+00:00,413.04779052734375,413.09991455078125,412.67010498046875,412.7699890136719,214605
2025-02-19 19:20:00+00:00,414.2799987792969,414.42999267578125,413.05999755859375,413.06500244140625,359650
2025-02-19 19:25:00+00:00,413.9573974609375,414.30999755859375,413.6300048828125,414.30999755859375,194387
2025-02-19 19:30:00+00:00,414.28009033203125,414.3800048828125,413.8550109863281,413.9849853515625,182083
2025-02-19 19:35:00+00:00,414.4171142578125,414.9100036621094,414.2799987792969,414.32000732421875,187345
2025-02-19 19:40:00+00:00,414.5679931640625,414.87200927734375,414.3900146484375,414.3999938964844,207497
2025-02-19 19:45:00+00:00,414.4800109863281,414.55999755859375,414.1700134277344,414.54071044921875,189051
2025-02-19 19:50:00+00:00,415.17999267578125,415.17999267578125,414.4136962890625,414.4501037597656,263115
2025-02-19 19:55:00+00:00,414.760009765625,415.19000244140625,414.69000244140625,415.1600036621094,217565
2025-02-19 20:00:00+00:00,414.2091979980469,414.8599853515625,414.1499938964844,414.739990234375,165726
2025-02-19 20:05:00+00:00,414.2699890136719,414.8399963378906,414.1300048828125,414.19000244140625,256598
2025-02-19 20:10:00+00:00,414.8349914550781,414.9200134277344,414.04998779296875,414.29998779296875,232100
2025-02-19 20:15:00+00:00,414.9649963378906,415.1899108886719,414.7300109863281,414.8349914550781,191915
2025-02-19 20:20:00+00:00,415.2099914550781,415.3900146484375,414.82000732421875,414.9800109863281,221212
2025-02-19 20:25:00+00:00,414.5,415.32501220703125,414.32000732421875,415.2349853515625,274264
2025-02-19 20:30:00+00:00,414.6499938964844,415.0899963378906,414.4216003417969,414.5849914550781,236604
2025-02-19 20:35:00+00:00,414.7049865722656,415.0426025390625,414.56451416015625,414.7049865722656,230655
2025-02-19 20:40:00+00:00,414.6400146484375,414.9717102050781,414.55499267578125,414.7200012207031,187315
2025-02-19 20:45:00+00:00,414.43011474609375,414.70001220703125,414.3599853515625,414.6400146484375,200330
2025-02-19 20:50:00+00:00,414.3999938964844,415.489990234375,414.2799987792969,414.510009765625,616739
2025-02-19 20:55:00+00:00,414.82000732421875,415.1000061035156,414.260009765625,414.3800048828125,698387
2025-02-20 14:30:00+00:00,414.2449951171875,415.5299987792969,413.95001220703125,415.5299987792969,1403246
2025-02-20 14:35:00+00:00,416.3800048828125,416.45001220703125,414.2300109863281,414.2300109863281,514581
2025-02-20 14:40:00+00:00,416.45001220703125,417.0979919433594,416.0000915527344,416.33270263671875,557178
2025-02-20 14:45:00+00:00,416.9100036621094,417.2300109863281,415.40301513671875,416.25,499302
2025-02-20 14:50:00+00:00,415.5050048828125,417.3099060058594,415.2099914550781,417.0,521947
2025-02-20 14:55:00+00:00,413.8900146484375,415.90411376953125,413.56500244140625,415.4949951171875,625106
2025-02-20 15:00:00+00:00,414.1759033203125,414.25,412.5400085449219,413.8900146484375,487784
2025-02-20 15:05:00+00:00,413.8533020019531,414.57000732421875,413.30999755859375,414.1708984375,332717
2025-02-20 15:10:00+00:00,414.57000732421875,414.82501220703125,413.5,413.82000732421875,276226
2025-02-20 15:15:00+00:00,414.79998779296875,415.25,414.5150146484375,414.5150146484375,317371
2025-02-20 15:20:00+00:00,414.7799987792969,415.0780944824219,414.2900085449219,414.82501220703125,196482
2025-02-20 15:25:00+00:00,416.1099853515625,416.2099914550781,414.7300109863281,414.8399963378906,259870
2025-02-20 15:30:00+00:00,416.44000244140625,416.95001220703125,416.0799865722656,416.0899963378906,304967
2025-02-20 15:35:00+00:00,416.364990234375,416.739990234375,415.7840881347656,416.4800109863281,239599
2025-02-20 15:40:00+00:00,416.2076110839844,416.4800109863281,415.9599914550781,416.375,153834
2025-02-20 15:45:00+00:00,416.239990234375,416.3999938964844,415.6400146484375,416.17999267578125,168128
2025-02-20 15:50:00+00:00,415.94500732421875,416.2900085449219,415.8500061035156,416.2049865722656,179444
2025-02-20 15:55:00+00:00,415.9849853515625,416.3800048828125,415.760009765625,416.0,193424
2025-02-20 16:00:00+00:00,416.8774108886719,417.0050048828125,416.04998779296875,416.2099914550781,422357
2025-02-20 16:05:00+00:00,417.260009765625,417.3599853515625,416.7200012207031,416.9599914550781,632899
2025-02-20 16:10:00+00:00,418.75,419.30999755859375,417.2799987792969,417.2900085449219,753023
2025-02-20 16:15:00+00:00,417.4599914550781,418.82989501953125,417.42010498046875,418.82989501953125,313650
2025-02-20 16:20:00+00:00,417.8299865722656,417.8800048828125,417.33648681640625,417.4200134277344,238796
2025-02-20 16:25:00+00:00,417.92010498046875,418.1000061035156,417.510009765625,417.8299865722656,146750
2025-02-20 16:30:00+00:00,416.92999267578125,418.1000061035156,416.80999755859375,418.04998779296875,319730
2025-02-20 16:35:00+00:00,416.30999755859375,416.9999084472656,415.70001220703125,416.92999267578125,280478
2025-02-20 16:40:00+00:00,416.4159851074219,416.489990234375,415.95001220703125,416.2799987792969,115105
2025-02-20 16:45:00+00:00,416.31500244140625,416.6700134277344,416.1990051269531,416.4798889160156,156836
2025-02-20 16:50:00+00:00,416.439208984375,416.9700012207031,416.2200012207031,416.3414001464844,101890
2025-02-20 16:55:00+00:00,416.5899963378906,416.6600036621094,416.1099853515625,416.4100036621094,95419
2025-02-20 17:00:00+00:00,417.3500061035156,417.44989013671875,416.2900085449219,416.6050109863281,136420
2025-02-20 17:05:00+00:00,417.30999755859375,417.7200012207031,417.239990234375,417.29998779296875,135128
2025-02-20 17:10:00+00:00,417.5450134277344,417.9599914550781,417.260009765625,417.260009765625,122644
2025-02-20 17:15:00+00:00,418.19500732421875,418.25,417.3999938964844,417.4599914550781,145823
2025-02-20 17:20:00+00:00,417.6310119628906,418.2401123046875,417.29998779296875,418.19500732421875,216543
2025-02-20 17:25:00+00:00,417.6600036621094,418.3800048828125,417.4599914550781,417.67999267578125,135199
2025-02-20 17:30:00+00:00,417.7055969238281,417.9800109863281,417.55999755859375,417.67999267578125,105069
2025-02-20 17:35:00+00:00,417.989990234375,418.2200012207031,417.7099914550781,417.7099914550781,143682
2025-02-20 17:40:00+00:00,417.6700134277344,418.1899108886719,417.6300048828125,418.0199890136719,109422
2025-02-20 17:45:00+00:00,417.57000732421875,417.8349914550781,417.54278564453125,417.5899963378906,166999
2025-02-20 17:50:00+00:00,417.8999938964844,418.0,417.45001220703125,417.6099853515625,209385
2025-02-20 17:55:00+00:00,417.3699951171875,417.79998779296875,417.3699951171875,417.79998779296875,76323
2025-02-20 18:00:00+00:00,417.5899963378906,417.6700134277344,417.2200012207031,417.4100036621094,103131
2025-02-20 18:05:00+00:00,418.0199890136719,418.0599060058594,417.4599914550781,417.5899963378906,95911
2025-02-20 18:10:00+00:00,417.9296875,418.0299987792969,417.6199951171875,417.9800109863281,89149
2025-02-20 18:15:00+00:00,417.8299865722656,418.0400085449219,417.7250061035156,417.96600341796875,80918
2025-02-20 18:20:00+00:00,417.4549865722656,417.8406066894531,417.2300109863281,417.80999755859375,74346
2025-02-20 18:25:00+00:00,417.5495910644531,417.7900085449219,417.3500061035156,417.4599914550781,67370
2025-02-20 18:30:00+00:00,417.8550109863281,417.9200134277344,417.3999938964844,417.5299987792969,79045
2025-02-20 18:35:00+00:00,417.4949951171875,417.8299865722656,417.4800109863281,417.79998779296875,78212
2025-02-20 18:40:00+00:00,417.6300048828125,417.7900085449219,417.4010009765625,417.5199890136719,73630
2025-02-20 18:45:00+00:00,417.2294006347656,417.69000244140625,416.70001220703125,417.6398010253906,220818
2025-02-20 18:50:00+00:00,417.0461120605469,417.226806640625,416.5790100097656,417.226806640625,130975
2025-02-20 18:55:00+00:00,417.260009765625,417.5400085449219,416.92999267578125,417.0899963378906,115419
2025-02-20 19:00:00+00:00,416.8782043457031,417.4700012207031,416.84698486328125,417.2300109863281,86862
2025-02-20 19:05:00+00:00,416.43499755859375,416.9700012207031,416.3900146484375,416.860595703125,660444
2025-02-20 19:10:00+00:00,417.1499938964844,417.5,416.3900146484375,416.44000244140625,139812
2025-02-20 19:15:00+00:00,417.7149963378906,417.7300109863281,417.1300048828125,417.1400146484375,119974
2025-02-20 19:20:00+00:00,417.5284118652344,417.8900146484375,417.4700012207031,417.714111328125,479574
2025-02-20 19:25:00+00:00,417.6300048828125,417.7200012207031,417.3299865722656,417.5249938964844,170878
2025-02-20 19:30:00+00:00,417.13958740234375,417.6000061035156,417.0,417.5950012207031,128041
2025-02-20 19:35:00+00:00,416.5700988769531,417.1600036621094,416.5700988769531,417.11981201171875,150874
2025-02-20 19:40:00+00:00,416.8900146484375,416.8999938964844,416.45001220703125,416.6099853515625,141075
2025-02-20 19:45:00+00:00,417.1099853515625,417.19000244140625,416.6600036621094,416.885986328125,123919
2025-02-20 19:50:00+00:00,416.73590087890625,417.3699951171875,416.7099914550781,417.1499938964844,91788
2025-02-20 19:55:00+00:00,416.7300109863281,416.989990234375,416.6300048828125,416.739990234375,116907
2025-02-20 20:00:00+00:00,416.6600036621094,416.8299865722656,416.5201110839844,416.760009765625,119238
2025-02-20 20:05:00+00:00,415.67999267578125,416.7799987792969,415.6499938964844,416.6700134277344,180352
2025-02-20 20:10:00+00:00,415.6449890136719,416.06500244140625,415.44000244140625,415.6499938964844,281514
2025-02-20 20:15:00+00:00,415.7950134277344,415.8999938964844,414.92999267578125,415.6300048828125,263873
2025-02-20 20:20:00+00:00,415.7200012207031,416.2799987792969,415.69000244140625,415.7799987792969,154886
2025-02-20 20:25:00+00:00,415.7900085449219,415.8299865722656,415.4150085449219,415.75,151269
2025-02-20 20:30:00+00:00,415.79998779296875,415.8699951171875,415.6839904785156,415.7900085449219,132212
2025-02-20 20:35:00+00:00,415.5199890136719,415.7900085449219,415.260009765625,415.760009765625,138905
2025-02-20 20:40:00+00:00,415.885498046875,415.95001220703125,415.5249938964844,415.5249938964844,144634
2025-02-20 20:45:00+00:00,416.0299987792969,416.1300048828125,415.7200012207031,415.885009765625,181636
2025-02-20 20:50:00+00:00,415.79998779296875,416.2900085449219,415.44000244140625,416.04998779296875,349439
2025-02-20 20:55:00+00:00,416.1300048828125,416.25,415.2799987792969,415.7300109863281,799162
2025-02-21 14:30:00+00:00,416.3299865722656,418.0480041503906,415.93011474609375,417.3349914550781,3140495
2025-02-21 14:35:00+00:00,416.2699890136719,416.9800109863281,415.8699951171875,416.4100036621094,282598
2025-02-21 14:40:00+00:00,416.04998779296875,416.4200134277344,415.1000061035156,416.2200012207031,249578
2025-02-21 14:45:00+00:00,415.7200012207031,416.760009765625,415.6400146484375,416.05999755859375,383896
2025-02-21 14:50:00+00:00,415.67999267578125,415.94000244140625,415.25,415.760009765625,178271
2025-02-21 14:55:00+00:00,414.82000732421875,415.989990234375,414.82000732421875,415.6700134277344,177280
2025-02-21 15:00:00+00:00,414.82000732421875,415.3380126953125,414.3500061035156,414.8299865722656,240420
2025-02-21 15:05:00+00:00,414.8349914550781,414.92999267578125,413.7699890136719,414.8349914550781,234596
2025-02-21 15:10:00+00:00,414.7049865722656,415.42498779296875,414.3204040527344,414.8900146484375,168209
2025-02-21 15:15:00+00:00,414.8500061035156,415.0867004394531,414.42999267578125,414.6400146484375,96951
2025-02-21 15:20:00+00:00,413.8900146484375,414.94000244140625,413.6000061035156,414.8500061035156,213276
2025-02-21 15:25:00+00:00,413.2900085449219,414.0,412.8999938964844,413.8900146484375,412352
2025-02-21 15:30:00+00:00,413.2149963378906,413.8599853515625,413.0101013183594,413.2300109863281,161625
2025-02-21 15:35:00+00:00,413.3550109863281,413.75,413.1199951171875,413.2149963378906,149211
2025-02-21 15:40:00+00:00,412.3999938964844,413.4599914550781,412.2699890136719,413.3500061035156,162791
2025-02-21 15:45:00+00:00,413.3900146484375,413.6099853515625,412.3999938964844,412.3999938964844,255730
2025-02-21 15:50:00+00:00,413.1600036621094,413.3699951171875,413.1000061035156,413.32000732421875,181247
2025-02-21 15:55:00+00:00,413.8800048828125,413.8800048828125,412.8299865722656,413.1549987792969,235897
2025-02-21 16:00:00+00:00,413.67999267578125,414.25,413.25,413.8599853515625,168050
2025-02-21 16:05:00+00:00,414.0249938964844,414.19000244140625,413.54010009765625,413.7099914550781,106385
2025-02-21 16:10:00+00:00,414.3999938964844,414.4200134277344,413.7900085449219,413.9849853515625,120840
2025-02-21 16:15:00+00:00,414.1700134277344,414.489990234375,414.0299987792969,414.42999267578125,136236
2025-02-21 16:20:00+00:00,414.3699951171875,414.54901123046875,414.0762023925781,414.1199951171875,179160
2025-02-21 16:25:00+00:00,413.5400085449219,414.42999267578125,413.3800048828125,414.3500061035156,144247
2025-02-21 16:30:00+00:00,413.89111328125,414.0899963378906,413.3500061035156,413.5400085449219,150007
2025-02-21 16:35:00+00:00,413.9200134277344,414.0799865722656,413.7699890136719,413.95001220703125,109972
2025-02-21 16:40:00+00:00,413.69000244140625,413.9999084472656,413.489990234375,413.9200134277344,82285
2025-02-21 16:45:00+00:00,413.3999938964844,413.9599914550781,413.3599853515625,413.69000244140625,659230
2025-02-21 16:50:00+00:00,413.3900146484375,413.6000061035156,413.3399963378906,413.45001220703125,158776
2025-02-21 16:55:00+00:00,413.5400085449219,413.79998779296875,413.1099853515625,413.375,129053
2025-02-21 17:00:00+00:00,413.9150085449219,413.9800109863281,413.5,413.5390930175781,117023
2025-02-21 17:05:00+00:00,413.7099914550781,414.2900085449219,413.67999267578125,413.9200134277344,121711
2025-02-21 17:10:00+00:00,413.9150085449219,413.9999084472656,413.3699951171875,413.7099914550781,113298
2025-02-21 17:15:00+00:00,413.3999938964844,414.01910400390625,413.3699951171875,413.9150085449219,628651
2025-02-21 17:20:00+00:00,413.1700134277344,413.3999938964844,412.7200012207031,413.3900146484375,150149
2025-02-21 17:25:00+00:00,413.2699890136719,413.44989013671875,413.0799865722656,413.1700134277344,90467
2025-02-21 17:30:00+00:00,413.0799865722656,413.45001220703125,413.0,413.2900085449219,99512
2025-02-21 17:35:00+00:00,412.989990234375,413.3500061035156,412.8599853515625,413.05999755859375,189309
2025-02-21 17:40:00+00:00,413.1199951171875,413.1589050292969,412.7300109863281,413.0400085449219,117705
2025-02-21 17:45:00+00:00,413.0,413.1600036621094,412.875,413.05999755859375,143071
2025-02-21 17:50:00+00:00,412.80499267578125,413.3048095703125,412.7799987792969,412.989990234375,168243
2025-02-21 17:55:00+00:00,412.54998779296875,413.17999267578125,412.4779968261719,412.80499267578125,306431
2025-02-21 18:00:00+00:00,412.5899963378906,412.8800048828125,412.5,412.58099365234375,188593
2025-02-21 18:05:00+00:00,413.239990234375,413.4700012207031,412.6600036621094,412.6600036621094,132857
2025-02-21 18:10:00+00:00,413.30999755859375,413.3599853515625,412.7699890136719,413.2449951171875,155113
2025-02-21 18:15:00+00:00,413.3699951171875,413.6700134277344,413.260009765625,413.30999755859375,159478
2025-02-21 18:20:00+00:00,413.0199890136719,413.6000061035156,412.9200134277344,413.385009765625,69228
2025-02-21 18:25:00+00:00,412.5299987792969,413.25,412.4599914550781,413.0,1041203
2025-02-21 18:30:00+00:00,411.9599914550781,412.56109619140625,411.79998779296875,412.5350036621094,206501
2025-02-21 18:35:00+00:00,411.760009765625,412.239990234375,411.5,411.9599914550781,152575
2025-02-21 18:40:00+00:00,411.0,411.9599914550781,410.92999267578125,411.7300109863281,183874
2025-02-21 18:45:00+00:00,410.4100036621094,411.05499267578125,410.2900085449219,411.0,140412
2025-02-21 18:50:00+00:00,410.68389892578125,410.7308044433594,410.3599853515625,410.4150085449219,134967
2025-02-21 18:55:00+00:00,410.4700012207031,410.6499938964844,410.239990234375,410.6199951171875,132678
2025-02-21 19:00:00+00:00,410.555908203125,410.5899963378906,410.20001220703125,410.4700012207031,134392
2025-02-21 19:05:00+00:00,410.67498779296875,410.8789978027344,410.3399963378906,410.55999755859375,148181
2025-02-21 19:10:00+00:00,410.8699951171875,410.97900390625,410.4012145996094,410.7099914550781,115342
2025-02-21 19:15:00+00:00,410.5299987792969,411.0,410.5299987792969,410.8399963378906,111946
2025-02-21 19:20:00+00:00,410.55999755859375,410.57000732421875,410.010009765625,410.5,137032
2025-02-21 19:25:00+00:00,409.0899963378906,410.5799865722656,409.0050048828125,410.5799865722656,742101
2025-02-21 19:30:00+00:00,409.1549987792969,409.67999267578125,408.98699951171875,409.05999755859375,164085
2025-02-21 19:35:00+00:00,408.8900146484375,409.3900146484375,408.5,409.17999267578125,179504
2025-02-21 19:40:00+00:00,409.3500061035156,409.4100036621094,408.760009765625,408.9200134277344,149888
2025-02-21 19:45:00+00:00,409.3949890136719,409.4200134277344,408.8800048828125,409.3081970214844,121560
2025-02-21 19:50:00+00:00,408.760009765625,409.5398864746094,408.70001220703125,409.45001220703125,126411
2025-02-21 19:55:00+00:00,408.7298889160156,408.989990234375,408.6000061035156,408.760009765625,221862
2025-02-21 20:00:00+00:00,408.6300048828125,408.9700012207031,408.5400085449219,408.7300109863281,167571
2025-02-21 20:05:00+00:00,408.5899963378906,408.7799987792969,408.54998779296875,408.6099853515625,183563
2025-02-21 20:10:00+00:00,408.9092102050781,409.0,408.3599853515625,408.6300048828125,182895
2025-02-21 20:15:00+00:00,408.677490234375,408.9599914550781,408.3800048828125,408.9088134765625,225760
2025-02-21 20:20:00+00:00,409.05999755859375,409.05999755859375,408.5299987792969,408.69500732421875,241018
2025-02-21 20:25:00+00:00,409.05999755859375,409.3099060058594,408.8599853515625,409.0849914550781,176602
2025-02-21 20:30:00+00:00,409.30999755859375,409.4548034667969,408.95001220703125,409.05999755859375,446466
2025-02-21 20:35:00+00:00,408.9150085449219,409.3399963378906,408.7300109863281,409.30999755859375,190946
2025-02-21 20:40:00+00:00,408.6000061035156,409.1050109863281,408.6000061035156,408.8900146484375,256749
2025-02-21 20:45:00+00:00,408.67999267578125,408.9599914550781,408.44500732421875,408.6099853515625,278744
2025-02-21 20:50:00+00:00,408.5799865722656,409.1650085449219,408.2699890136719,408.760009765625,476905
2025-02-21 20:55:00+00:00,408.1400146484375,408.6099853515625,407.8900146484375,408.6099853515625,1636642
2025-02-24 14:30:00+00:00,406.1400146484375,409.3699951171875,406.0,408.510009765625,1937306
2025-02-24 14:35:00+00:00,401.95001220703125,406.3399963378906,401.7699890136719,406.20989990234375,1039983
2025-02-24 14:40:00+00:00,400.7550048828125,402.2898864746094,400.2099914550781,401.989990234375,1049123
2025-02-24 14:45:00+00:00,402.8299865722656,403.29998779296875,400.82000732421875,401.0840148925781,647548
2025-02-24 14:50:00+00:00,400.9800109863281,402.9200134277344,400.8800048828125,402.9200134277344,676264
2025-02-24 14:55:00+00:00,401.4100036621094,401.8900146484375,400.6600036621094,400.9100036621094,523149
2025-02-24 15:00:00+00:00,400.94000244140625,401.54998779296875,399.5,401.4700012207031,939888
2025-02-24 15:05:00+00:00,400.260009765625,401.0400085449219,399.32000732421875,400.8800048828125,536199
2025-02-24 15:10:00+00:00,400.9599914550781,401.6000061035156,400.1099853515625,400.3682861328125,444474
2025-02-24 15:15:00+00:00,400.1099853515625,401.2043151855469,400.0400085449219,400.8900146484375,281562
2025-02-24 15:20:00+00:00,400.04998779296875,400.3599853515625,399.4100036621094,400.0400085449219,447861
2025-02-24 15:25:00+00:00,399.7900085449219,400.6700134277344,399.3699951171875,400.1509094238281,332933
2025-02-24 15:30:00+00:00,400.260009765625,400.3900146484375,399.6600036621094,399.81500244140625,273238
2025-02-24 15:35:00+00:00,401.0,401.0,400.0,400.260009765625,295801
2025-02-24 15:40:00+00:00,401.1600036621094,401.427001953125,400.7300109863281,401.04998779296875,436758
2025-02-24 15:45:00+00:00,402.01348876953125,402.1600036621094,401.1000061035156,401.11480712890625,311924
2025-02-24 15:50:00+00:00,402.0736083984375,402.7149963378906,401.82000732421875,402.0799865722656,292606
2025-02-24 15:55:00+00:00,403.2300109863281,403.260009765625,401.989990234375,402.1300048828125,364668
2025-02-24 16:00:00+00:00,404.1000061035156,404.1700134277344,403.32000732421875,403.3349914550781,395103
2025-02-24 16:05:00+00:00,403.40069580078125,404.3900146484375,403.2914123535156,404.05999755859375,253794
2025-02-24 16:10:00+00:00,403.0450134277344,403.7300109863281,403.0450134277344,403.45001220703125,171351
2025-02-24 16:15:00+00:00,403.3500061035156,403.3599853515625,402.6700134277344,403.0849914550781,161871
2025-02-24 16:20:00+00:00,402.8605041503906,403.6600036621094,402.80999755859375,403.3500061035156,126286
2025-02-24 16:25:00+00:00,403.260009765625,403.5150146484375,402.822509765625,402.8599853515625,143160
2025-02-24 16:30:00+00:00,403.6499938964844,403.889404296875,403.1499938964844,403.2699890136719,227149
2025-02-24 16:35:00+00:00,402.6000061035156,403.760009765625,402.55999755859375,403.6449890136719,185925
2025-02-24 16:40:00+00:00,403.69000244140625,403.8999938964844,402.5,402.6400146484375,162966
2025-02-24 16:45:00+00:00,403.7049865722656,403.8992004394531,403.4534912109375,403.6400146484375,111771
2025-02-24 16:50:00+00:00,403.3800048828125,403.768798828125,403.2699890136719,403.7049865722656,84869
2025-02-24 16:55:00+00:00,403.1549987792969,403.3999938964844,403.1000061035156,403.3800048828125,111498
2025-02-24 17:00:00+00:00,403.95001220703125,403.95001220703125,403.0799865722656,403.1499938964844,129639
2025-02-24 17:05:00+00:00,403.75,404.1199951171875,403.3210144042969,403.94500732421875,123481
2025-02-24 17:10:00+00:00,403.614990234375,404.0,403.5273132324219,403.7449951171875,78742
2025-02-24 17:15:00+00:00,404.3500061035156,404.3500061035156,403.5899963378906,403.6099853515625,82669
2025-02-24 17:20:00+00:00,403.9599914550781,404.5450134277344,403.7793884277344,404.3399963378906,135385
2025-02-24 17:25:00+00:00,403.95001220703125,404.21990966796875,403.6099853515625,403.9599914550781,83134
2025-02-24 17:30:00+00:00,403.97760009765625,404.1000061035156,403.7449951171875,403.9599914550781,80575
2025-02-24 17:35:00+00:00,404.239990234375,404.239990234375,403.8710021972656,403.94000244140625,73995
2025-02-24 17:40:00+00:00,404.3800048828125,404.3800048828125,404.1499938964844,404.19000244140625,70104
2025-02-24 17:45:00+00:00,404.6294860839844,404.6294860839844,404.2720947265625,404.6000061035156,88503
2025-02-24 17:50:00+00:00,404.2749938964844,404.6300048828125,404.239990234375,404.5849914550781,83198
2025-02-24 17:55:00+00:00,403.8999938964844,404.56500244140625,403.8399963378906,404.3091125488281,126332
2025-02-24 18:00:00+00:00,404.3699951171875,404.3699951171875,403.8299865722656,403.8699951171875,87974
2025-02-24 18:05:00+00:00,404.3900146484375,404.5,404.1499938964844,404.389892578125,78896
2025-02-24 18:10:00+00:00,404.4100036621094,404.626708984375,404.2250061035156,404.42498779296875,72875
2025-02-24 18:15:00+00:00,404.739990234375,404.9700012207031,404.32000732421875,404.4750061035156,94203
2025-02-24 18:20:00+00:00,404.25,404.76629638671875,404.0899963378906,404.7449951171875,99129
2025-02-24 18:25:00+00:00,404.6000061035156,404.739990234375,404.2731018066406,404.3219909667969,75498
2025-02-24 18:30:00+00:00,404.30499267578125,404.6499938964844,404.239990234375,404.6300048828125,113319
2025-02-24 18:35:00+00:00,404.2349853515625,404.3500061035156,404.05010986328125,404.29998779296875,73521
2025-02-24 18:40:00+00:00,404.57501220703125,404.57501220703125,404.17999267578125,404.2349853515625,80083
2025-02-24 18:45:00+00:00,404.360595703125,404.6400146484375,404.1400146484375,404.6000061035156,102568
2025-02-24 18:50:00+00:00,404.55999755859375,404.67999267578125,404.1759948730469,404.3699951171875,89693
2025-02-24 18:55:00+00:00,404.2200012207031,404.6199951171875,403.9106140136719,404.6099853515625,97722
2025-02-24 19:00:00+00:00,404.3699951171875,404.5150146484375,404.1033020019531,404.1033020019531,119729
2025-02-24 19:05:00+00:00,403.8900146484375,404.489990234375,403.6400146484375,404.375,141397
2025-02-24 19:10:00+00:00,404.0400085449219,404.1177978515625,403.69000244140625,403.9200134277344,84084
2025-02-24 19:15:00+00:00,404.0299987792969,404.2200012207031,403.80999755859375,404.0491027832031,92528
2025-02-24 19:20:00+00:00,403.9200134277344,404.1300048828125,403.8500061035156,404.0249938964844,117144
2025-02-24 19:25:00+00:00,403.7900085449219,404.1000061035156,403.6499938964844,403.93499755859375,105094
2025-02-24 19:30:00+00:00,404.4700012207031,404.55938720703125,403.739990234375,403.7950134277344,116546
2025-02-24 19:35:00+00:00,404.4949951171875,404.5400085449219,404.32000732421875,404.5,92678
2025-02-24 19:40:00+00:00,404.5,404.635009765625,404.3599853515625,404.489990234375,131136
2025-02-24 19:45:00+00:00,404.69000244140625,404.69000244140625,404.25,404.55999755859375,123757
2025-02-24 19:50:00+00:00,404.4700012207031,404.95001220703125,404.3999938964844,404.6300048828125,123056
2025-02-24 19:55:00+00:00,404.57000732421875,404.6000061035156,404.30999755859375,404.44000244140625,155661
2025-02-24 20:00:00+00:00,404.7250061035156,404.82000732421875,404.2900085449219,404.6199951171875,115598
2025-02-24 20:05:00+00:00,405.260009765625,405.3699951171875,404.6600036621094,404.7250061035156,159563
2025-02-24 20:10:00+00:00,405.0199890136719,405.2200012207031,404.8500061035156,405.2200012207031,154349
2025-02-24 20:15:00+00:00,404.82000732421875,405.2699890136719,404.4800109863281,405.0150146484375,174990
2025-02-24 20:20:00+00:00,404.56500244140625,405.0,404.45001220703125,404.7950134277344,155284
2025-02-24 20:25:00+00:00,404.7300109863281,404.7900085449219,404.5050048828125,404.5899963378906,135935
2025-02-24 20:30:00+00:00,404.8800964355469,405.0950012207031,404.760009765625,404.760009765625,144441
2025-02-24 20:35:00+00:00,404.635009765625,405.0899963378906,404.635009765625,404.8949890136719,130753
2025-02-24 20:40:00+00:00,404.7149963378906,404.7799987792969,404.4200134277344,404.6400146484375,274196
2025-02-24 20:45:00+00:00,404.7799987792969,404.8699951171875,404.6000061035156,404.7300109863281,167936
2025-02-24 20:50:00+00:00,403.8349914550781,404.8299865722656,403.57000732421875,404.80999755859375,439312
2025-02-24 20:55:00+00:00,404.0799865722656,404.2099914550781,403.0299987792969,403.8299865722656,1367686
2025-02-25 14:30:00+00:00,400.6199951171875,401.9150085449219,399.8599853515625,401.1000061035156,2313961
2025-02-25 14:35:00+00:00,400.70001220703125,401.44000244140625,400.0,400.6549987792969,405483
2025-02-25 14:40:00+00:00,400.6023864746094,400.9100036621094,400.010009765625,400.7998962402344,319394
2025-02-25 14:45:00+00:00,400.1099853515625,401.0,399.5400085449219,400.5899963378906,393181
2025-02-25 14:50:00+00:00,401.09619140625,401.1400146484375,399.94000244140625,400.0799865722656,342280
2025-02-25 14:55:00+00:00,401.46099853515625,401.8800048828125,400.9849853515625,401.1000061035156,320649
2025-02-25 15:00:00+00:00,401.0350036621094,401.54998779296875,400.6099853515625,401.42999267578125,324010
2025-02-25 15:05:00+00:00,401.0434875488281,401.5199890136719,400.5,401.1499938964844,314459
2025-02-25 15:10:00+00:00,400.7699890136719,401.4700012207031,400.45001220703125,401.0400085449219,222804
2025-02-25 15:15:00+00:00,398.40008544921875,400.9700012207031,398.3900146484375,400.7900085449219,579178
2025-02-25 15:20:00+00:00,398.143310546875,399.260009765625,397.69000244140625,398.4649963378906,674255
2025-02-25 15:25:00+00:00,398.489990234375,399.0611877441406,397.8500061035156,398.2099914550781,359259
2025-02-25 15:30:00+00:00,399.0199890136719,399.3900146484375,398.29998779296875,398.4800109863281,288379
2025-02-25 15:35:00+00:00,399.82000732421875,400.25,399.0400085449219,399.1000061035156,315632
2025-02-25 15:40:00+00:00,399.6600036621094,400.0299987792969,399.29998779296875,399.70001220703125,211416
2025-02-25 15:45:00+00:00,399.7300109863281,399.9200134277344,398.9599914550781,399.6600036621094,225440
2025-02-25 15:50:00+00:00,400.4700012207031,400.82000732421875,399.6199951171875,399.8800048828125,304183
2025-02-25 15:55:00+00:00,399.6400146484375,400.67999267578125,399.5705871582031,400.44000244140625,257206
2025-02-25 16:00:00+00:00,399.2510986328125,399.7300109863281,399.07000732421875,399.68499755859375,239493
2025-02-25 16:05:00+00:00,399.17498779296875,399.4566955566406,399.0,399.1499938964844,247306
2025-02-25 16:10:00+00:00,399.2755126953125,399.38580322265625,398.7799987792969,399.17999267578125,180624
2025-02-25 16:15:00+00:00,399.1499938964844,399.57000732421875,398.93011474609375,399.2349853515625,205975
2025-02-25 16:20:00+00:00,398.95001220703125,399.260009765625,398.7850036621094,399.1499938964844,185219
2025-02-25 16:25:00+00:00,397.8800048828125,399.1099853515625,397.8800048828125,398.95001220703125,781547
2025-02-25 16:30:00+00:00,397.7461853027344,398.2699890136719,396.70001220703125,397.9200134277344,390687
2025-02-25 16:35:00+00:00,397.8599853515625,397.9200134277344,397.17999267578125,397.67999267578125,163560
2025-02-25 16:40:00+00:00,397.4901123046875,397.8999938964844,397.3399963378906,397.79998779296875,124283
2025-02-25 16:45:00+00:00,397.9200134277344,398.1400146484375,397.510009765625,397.6199951171875,167942
2025-02-25 16:50:00+00:00,398.01251220703125,398.3500061035156,397.8114013671875,397.9700012207031,210482
2025-02-25 16:55:00+00:00,399.3800048828125,399.70001220703125,397.8800048828125,398.0150146484375,313219
2025-02-25 17:00:00+00:00,398.7300109863281,399.45989990234375,398.7117004394531,399.29998779296875,144304
2025-02-25 17:05:00+00:00,398.55999755859375,399.010009765625,398.4100036621094,398.7200012207031,152677
2025-02-25 17:10:00+00:00,398.2210998535156,398.9800109863281,398.05999755859375,398.55999755859375,138782
2025-02-25 17:15:00+00:00,398.8299865722656,399.1300048828125,398.0,398.2300109863281,282049
2025-02-25 17:20:00+00:00,398.8299865722656,399.0299987792969,398.3500061035156,398.8299865722656,125895
2025-02-25 17:25:00+00:00,399.9515075683594,400.0,398.69000244140625,398.8450012207031,211988
2025-02-25 17:30:00+00:00,400.25,400.4800109863281,399.7799987792969,399.8999938964844,286107
2025-02-25 17:35:00+00:00,400.1000061035156,400.3800048828125,399.7200012207031,400.2900085449219,281439
2025-02-25 17:40:00+00:00,399.55999755859375,400.2608947753906,399.4700012207031,400.1499938964844,181839
2025-02-25 17:45:00+00:00,399.3301086425781,399.7099914550781,399.0899963378906,399.6000061035156,127594
2025-02-25 17:50:00+00:00,399.135009765625,399.5299987792969,399.07000732421875,399.364990234375,160116
2025-02-25 17:55:00+00:00,399.010009765625,399.25,398.8399963378906,399.1449890136719,165661
2025-02-25 18:00:00+00:00,399.4549865722656,399.75,398.9200134277344,399.0249938964844,181487
2025-02-25 18:05:00+00:00,399.5199890136719,399.79998779296875,399.2401123046875,399.4200134277344,157701
2025-02-25 18:10:00+00:00,398.3550109863281,399.5799865722656,398.32000732421875,399.489990234375,550366
2025-02-25 18:15:00+00:00,398.6099853515625,398.75,398.24090576171875,398.364990234375,141411
2025-02-25 18:20:00+00:00,398.8599853515625,399.05999755859375,398.6000061035156,398.6700134277344,179331
2025-02-25 18:25:00+00:00,398.2850036621094,398.8800048828125,398.20001220703125,398.8599853515625,131266
2025-02-25 18:30:00+00:00,398.54998779296875,398.7099914550781,398.1499938964844,398.2875061035156,145791
2025-02-25 18:35:00+00:00,399.29998779296875,399.29998779296875,398.32000732421875,398.57000732421875,152991
2025-02-25 18:40:00+00:00,398.96759033203125,399.2900085449219,398.591796875,399.2641906738281,141428
2025-02-25 18:45:00+00:00,399.05999755859375,399.1600036621094,398.80999755859375,398.9100036621094,127180
2025-02-25 18:50:00+00:00,398.7300109863281,399.2478942871094,398.57000732421875,399.19000244140625,135759
2025-02-25 18:55:00+00:00,398.4700012207031,398.7690124511719,398.29998779296875,398.67999267578125,129073
2025-02-25 19:00:00+00:00,398.1462097167969,398.4590148925781,398.0400085449219,398.4200134277344,144211
2025-02-25 19:05:00+00:00,398.19000244140625,398.25,397.92999267578125,398.1400146484375,145614
2025-02-25 19:10:00+00:00,397.6700134277344,398.1600036621094,397.6400146484375,398.1549987792969,149296
2025-02-25 19:15:00+00:00,398.4549865722656,398.56781005859375,397.3299865722656,397.6650085449219,226293
2025-02-25 19:20:00+00:00,397.7900085449219,398.4230041503906,397.739990234375,398.3999938964844,209919
2025-02-25 19:25:00+00:00,397.5350036621094,397.9549865722656,397.5,397.8800048828125,134278
2025-02-25 19:30:00+00:00,397.53900146484375,397.6300048828125,397.1700134277344,397.5249938964844,167796
2025-02-25 19:35:00+00:00,398.0299987792969,398.1099853515625,397.010009765625,397.5899963378906,229460
2025-02-25 19:40:00+00:00,397.92999267578125,398.1400146484375,397.7699890136719,398.07000732421875,679759
2025-02-25 19:45:00+00:00,397.9552001953125,398.07000732421875,397.3800048828125,397.95001220703125,143583
2025-02-25 19:50:00+00:00,397.92999267578125,398.2099914550781,397.75,397.92999267578125,127093
2025-02-25 19:55:00+00:00,398.05999755859375,398.22589111328125,397.92401123046875,397.92401123046875,127819
2025-02-25 20:00:00+00:00,398.17498779296875,398.42669677734375,397.70001220703125,398.0899963378906,157345
2025-02-25 20:05:00+00:00,398.2132873535156,398.6400146484375,398.0,398.17498779296875,171475
2025-02-25 20:10:00+00:00,398.510009765625,398.5400085449219,397.9800109863281,398.2699890136719,174568
2025-02-25 20:15:00+00:00,398.82000732421875,398.82000732421875,398.25,398.4800109863281,147612
2025-02-25 20:20:00+00:00,399.1600036621094,399.2900085449219,398.7300109863281,398.82000732421875,241081
2025-02-25 20:25:00+00:00,398.84149169921875,399.1600036621094,398.6600036621094,399.1600036621094,177742
2025-02-25 20:30:00+00:00,398.5032958984375,398.9800109863281,398.2699890136719,398.864990234375,1242013
2025-02-25 20:35:00+00:00,397.5,398.6600036621094,397.4200134277344,398.5,201737
2025-02-25 20:40:00+00:00,397.6700134277344,397.8793029785156,397.3800048828125,397.54998779296875,266788
2025-02-25 20:45:00+00:00,397.9200134277344,398.073486328125,397.3999938964844,397.6300048828125,244747
2025-02-25 20:50:00+00:00,397.5799865722656,398.04998779296875,397.4100036621094,397.8699951171875,420812
2025-02-25 20:55:00+00:00,397.9949951171875,398.3699951171875,397.3800048828125,397.5950012207031,849341
2025-02-26 14:30:00+00:00,395.91558837890625,398.010009765625,394.2449951171875,398.010009765625,4917062
2025-02-26 14:35:00+00:00,398.1199951171875,398.4809875488281,395.82000732421875,395.8299865722656,565236
2025-02-26 14:40:00+00:00,398.2149963378906,398.8900146484375,397.1449890136719,398.1400146484375,325041
2025-02-26 14:45:00+00:00,398.4800109863281,398.82000732421875,397.9649963378906,398.2900085449219,195170
2025-02-26 14:50:00+00:00,399.7900085449219,399.8500061035156,397.8900146484375,398.4800109863281,281258
2025-02-26 14:55:00+00:00,400.1099853515625,400.3299865722656,399.29998779296875,399.7900085449219,279532
2025-02-26 15:00:00+00:00,400.67498779296875,401.1600036621094,399.79998779296875,400.2250061035156,245155
2025-02-26 15:05:00+00:00,400.4599914550781,401.0,400.0899963378906,400.6199951171875,331325
2025-02-26 15:10:00+00:00,401.6050109863281,401.8699951171875,400.4313049316406,400.4750061035156,272578
2025-02-26 15:15:00+00:00,402.6050109863281,402.6700134277344,401.3999938964844,401.625,215289
2025-02-26 15:20:00+00:00,402.3949890136719,403.05999755859375,402.260009765625,402.5747985839844,184754
2025-02-26 15:25:00+00:00,402.0199890136719,402.5400085449219,401.7699890136719,402.4368896484375,234231
2025-02-26 15:30:00+00:00,402.4775085449219,402.70001220703125,402.0799865722656,402.1000061035156,149632
2025-02-26 15:35:00+00:00,402.54998779296875,403.194091796875,402.4100036621094,402.4100036621094,168230
2025-02-26 15:40:00+00:00,402.7699890136719,403.0400085449219,402.4599914550781,402.5849914550781,162382
2025-02-26 15:45:00+00:00,402.739990234375,403.0799865722656,402.6000061035156,402.7699890136719,181750
2025-02-26 15:50:00+00:00,402.3900146484375,402.864990234375,402.2300109863281,402.8048095703125,182222
2025-02-26 15:55:00+00:00,402.5400085449219,403.0,402.19000244140625,402.2900085449219,135909
2025-02-26 16:00:00+00:00,402.6841125488281,403.19000244140625,402.5400085449219,402.6499938964844,175109
2025-02-26 16:05:00+00:00,402.9599914550781,403.44000244140625,402.5899963378906,402.6499938964844,177199
2025-02-26 16:10:00+00:00,403.2773132324219,403.3900146484375,402.760009765625,402.95001220703125,137957
2025-02-26 16:15:00+00:00,403.0400085449219,403.3651123046875,402.86761474609375,403.260009765625,111705
2025-02-26 16:20:00+00:00,402.7699890136719,403.25,402.5799865722656,403.0799865722656,128249
2025-02-26 16:25:00+00:00,402.7699890136719,402.9100036621094,402.1700134277344,402.7850036621094,162191
2025-02-26 16:30:00+00:00,403.10919189453125,403.25,402.5299987792969,402.760009765625,124030
2025-02-26 16:35:00+00:00,403.510009765625,403.6000061035156,403.0400085449219,403.19500732421875,105258
2025-02-26 16:40:00+00:00,403.07501220703125,403.57501220703125,402.54998779296875,403.55999755859375,97697
2025-02-26 16:45:00+00:00,403.0575866699219,403.2099914550781,402.9599914550781,403.07000732421875,63760
2025-02-26 16:50:00+00:00,403.260009765625,403.4599914550781,402.92999267578125,403.06500244140625,87782
2025-02-26 16:55:00+00:00,402.3808898925781,403.25,402.3055114746094,403.2300109863281,68468
2025-02-26 17:00:00+00:00,402.875,402.88970947265625,402.3100891113281,402.3598937988281,76106
2025-02-26 17:05:00+00:00,402.8399963378906,403.1499938964844,402.739990234375,402.8399963378906,59903
2025-02-26 17:10:00+00:00,403.1499938964844,403.17999267578125,402.69000244140625,402.82000732421875,51768
2025-02-26 17:15:00+00:00,402.739990234375,403.17999267578125,402.3800048828125,403.17999267578125,77444
2025-02-26 17:20:00+00:00,402.760009765625,402.9100036621094,402.6000061035156,402.739990234375,54470
2025-02-26 17:25:00+00:00,402.739990234375,402.9200134277344,402.4700012207031,402.75,73188
2025-02-26 17:30:00+00:00,402.5,402.9700012207031,402.2799987792969,402.739990234375,96685
2025-02-26 17:35:00+00:00,402.17999267578125,402.5,402.04998779296875,402.5,93157
2025-02-26 17:40:00+00:00,402.05499267578125,402.2099914550781,401.79998779296875,402.0899963378906,102252
2025-02-26 17:45:00+00:00,401.4800109863281,402.1199951171875,401.44000244140625,402.0400085449219,106836
2025-02-26 17:50:00+00:00,401.30999755859375,401.5,401.07000732421875,401.44000244140625,148745
2025-02-26 17:55:00+00:00,400.8999938964844,401.3999938964844,400.3927917480469,401.3299865722656,125807
2025-02-26 18:00:00+00:00,400.6449890136719,401.10919189453125,400.2900085449219,400.8599853515625,114334
2025-02-26 18:05:00+00:00,401.0899963378906,401.0899963378906,400.5199890136719,400.6400146484375,73542
2025-02-26 18:10:00+00:00,401.1000061035156,401.19000244140625,400.67498779296875,401.0350036621094,77779
2025-02-26 18:15:00+00:00,400.7049865722656,401.010009765625,400.2300109863281,401.010009765625,89236
2025-02-26 18:20:00+00:00,400.739990234375,400.9100036621094,400.6199951171875,400.739990234375,68063
2025-02-26 18:25:00+00:00,400.1285095214844,400.739990234375,400.110107421875,400.7398986816406,80777
2025-02-26 18:30:00+00:00,400.44000244140625,400.6499938964844,400.0299987792969,400.1000061035156,90264
2025-02-26 18:35:00+00:00,399.8349914550781,400.4100036621094,399.79998779296875,400.3999938964844,105796
2025-02-26 18:40:00+00:00,399.6549987792969,399.9100036621094,399.29998779296875,399.8699951171875,129568
2025-02-26 18:45:00+00:00,399.3818054199219,399.7749938964844,399.3699951171875,399.6427917480469,102992
2025-02-26 18:50:00+00:00,399.3450012207031,399.6108093261719,399.18499755859375,399.3800048828125,85245
2025-02-26 18:55:00+00:00,398.6400146484375,399.4649963378906,398.42999267578125,399.3550109863281,145797
2025-02-26 19:00:00+00:00,398.80499267578125,399.239990234375,398.4200134277344,398.5780944824219,111418
2025-02-26 19:05:00+00:00,398.3399963378906,398.9949951171875,398.3124084472656,398.8500061035156,99535
2025-02-26 19:10:00+00:00,398.7300109863281,398.7300109863281,398.29998779296875,398.34149169921875,100343
2025-02-26 19:15:00+00:00,399.0168151855469,399.1300048828125,398.4599914550781,398.67999267578125,79999
2025-02-26 19:20:00+00:00,399.1650085449219,399.32000732421875,398.8699951171875,399.0299987792969,88044
2025-02-26 19:25:00+00:00,398.94000244140625,399.32000732421875,398.8999938964844,399.1199951171875,111685
2025-02-26 19:30:00+00:00,399.0409851074219,399.1400146484375,398.79998779296875,398.8800048828125,92110
2025-02-26 19:35:00+00:00,399.0400085449219,399.1400146484375,398.7300109863281,399.0400085449219,70431
2025-02-26 19:40:00+00:00,399.3424987792969,399.5,398.9200134277344,398.9599914550781,126528
2025-02-26 19:45:00+00:00,399.1449890136719,399.44000244140625,399.010009765625,399.3399963378906,93054
2025-02-26 19:50:00+00:00,399.1000061035156,399.239990234375,398.82000732421875,399.1000061035156,83036
2025-02-26 19:55:00+00:00,398.4599914550781,399.0950012207031,398.2900085449219,399.0899963378906,108818
2025-02-26 20:00:00+00:00,398.40411376953125,398.739990234375,398.239990234375,398.4939880371094,90247
2025-02-26 20:05:00+00:00,398.8800048828125,398.889892578125,398.4100036621094,398.4200134277344,81191
2025-02-26 20:10:00+00:00,398.5950012207031,398.94989013671875,398.5400085449219,398.8699951171875,75770
2025-02-26 20:15:00+00:00,398.70989990234375,398.70989990234375,398.4200134277344,398.5617980957031,106983
2025-02-26 20:20:00+00:00,398.7593078613281,398.9100036621094,398.4150085449219,398.6400146484375,88616
2025-02-26 20:25:00+00:00,398.69189453125,398.92999267578125,398.6600036621094,398.760009765625,112040
2025-02-26 20:30:00+00:00,398.8999938964844,398.9200134277344,398.42999267578125,398.67999267578125,89648
2025-02-26 20:35:00+00:00,398.9538879394531,399.0,398.70001220703125,398.9100036621094,91323
2025-02-26 20:40:00+00:00,399.3800048828125,399.42999267578125,398.72540283203125,398.9894104003906,133423
2025-02-26 20:45:00+00:00,399.6499938964844,399.94000244140625,399.3299865722656,399.3800048828125,136427
2025-02-26 20:50:00+00:00,399.7550048828125,399.989990234375,399.2300109863281,399.6199951171875,254130
2025-02-26 20:55:00+00:00,399.6408996582031,400.0,399.44000244140625,399.7900085449219,517213
2025-02-27 14:30:00+00:00,404.5,404.768310546875,400.80999755859375,401.2650146484375,2350859
2025-02-27 14:35:00+00:00,404.7200012207031,405.739990234375,403.9100036621094,404.4800109863281,431437
2025-02-27 14:40:00+00:00,402.9150085449219,404.7799987792969,402.1700134277344,404.67999267578125,309145
2025-02-27 14:45:00+00:00,401.82000732421875,403.2998962402344,401.1099853515625,403.1000061035156,213808
2025-02-27 14:50:00+00:00,400.75,402.010009765625,400.6400146484375,401.9150085449219,189201
2025-02-27 14:55:00+00:00,399.8999938964844,400.75,399.3599853515625,400.75,408099
2025-02-27 15:00:00+00:00,398.9599914550781,399.8800048828125,397.93011474609375,399.8500061035156,280496
2025-02-27 15:05:00+00:00,398.4800109863281,399.44989013671875,398.0299987792969,398.9800109863281,174238
2025-02-27 15:10:00+00:00,399.626708984375,399.8599853515625,398.44000244140625,398.4599914550781,177284
2025-02-27 15:15:00+00:00,399.5299987792969,400.010009765625,399.3299865722656,399.7200012207031,178838
2025-02-27 15:20:00+00:00,399.614990234375,400.3900146484375,399.15008544921875,399.45001220703125,148230
2025-02-27 15:25:00+00:00,399.4849853515625,399.8699951171875,399.1300048828125,399.614990234375,234872
2025-02-27 15:30:00+00:00,398.9800109863281,399.5,398.75,399.44000244140625,166963
2025-02-27 15:35:00+00:00,400.0,400.39990234375,398.8399963378906,398.9200134277344,137567
2025-02-27 15:40:00+00:00,399.75,400.06500244140625,399.3819885253906,399.9700927734375,122858
2025-02-27 15:45:00+00:00,399.2301025390625,399.8900146484375,399.2301025390625,399.75,122196
2025-02-27 15:50:00+00:00,398.44500732421875,399.4150085449219,398.3699951171875,399.2300109863281,124128
2025-02-27 15:55:00+00:00,397.8399963378906,398.6499938964844,397.70001220703125,398.3500061035156,154613
2025-02-27 16:00:00+00:00,397.8999938964844,398.3900146484375,397.6300048828125,397.79998779296875,147406
2025-02-27 16:05:00+00:00,398.2950134277344,398.4200134277344,397.7799987792969,398.0,106903
2025-02-27 16:10:00+00:00,399.20001220703125,399.2200012207031,398.34710693359375,398.34710693359375,98876
2025-02-27 16:15:00+00:00,399.3299865722656,399.6299133300781,398.92999267578125,399.1449890136719,83815
2025-02-27 16:20:00+00:00,399.1947021484375,399.5,398.989990234375,399.31201171875,69489
2025-02-27 16:25:00+00:00,398.1300048828125,399.32000732421875,397.989990234375,399.19000244140625,100989
2025-02-27 16:30:00+00:00,398.4784851074219,398.5799865722656,398.02239990234375,398.1300048828125,127826
2025-02-27 16:35:00+00:00,398.3550109863281,398.6000061035156,398.04998779296875,398.4100036621094,115016
2025-02-27 16:40:00+00:00,398.0,398.510009765625,397.8999938964844,398.3800048828125,101007
2025-02-27 16:45:00+00:00,398.1050109863281,398.29998779296875,397.94000244140625,397.95001220703125,58509
2025-02-27 16:50:00+00:00,397.6099853515625,398.1449890136719,397.3399963378906,398.10760498046875,113602
2025-02-27 16:55:00+00:00,397.2099914550781,397.6990966796875,396.9800109863281,397.6050109863281,162259
2025-02-27 17:00:00+00:00,397.1400146484375,397.4100036621094,396.9100036621094,397.2200012207031,150513
2025-02-27 17:05:00+00:00,397.5299987792969,397.6199951171875,397.0799865722656,397.1199951171875,97754
2025-02-27 17:10:00+00:00,397.30499267578125,397.6600036621094,397.25,397.5299987792969,103552
2025-02-27 17:15:00+00:00,396.8500061035156,397.4100036621094,396.6300048828125,397.30999755859375,85499
2025-02-27 17:20:00+00:00,397.239990234375,397.25,396.66119384765625,396.8572998046875,95857
2025-02-27 17:25:00+00:00,397.7900085449219,397.8900146484375,397.1300048828125,397.239990234375,142601
2025-02-27 17:30:00+00:00,398.315185546875,398.3599853515625,397.82000732421875,397.82000732421875,85950
2025-02-27 17:35:00+00:00,398.04998779296875,398.4800109863281,398.0,398.32000732421875,66296
2025-02-27 17:40:00+00:00,397.2099914550781,398.04998779296875,396.8999938964844,398.04998779296875,94154
2025-02-27 17:45:00+00:00,397.0210876464844,397.54998779296875,397.0199890136719,397.2200012207031,131324
2025-02-27 17:50:00+00:00,397.1499938964844,397.31109619140625,396.82000732421875,397.07501220703125,83368
2025-02-27 17:55:00+00:00,397.0801086425781,397.3599853515625,396.9100036621094,397.2300109863281,277374
2025-02-27 18:00:00+00:00,397.29058837890625,397.5150146484375,397.135009765625,397.135009765625,96011
2025-02-27 18:05:00+00:00,397.2300109863281,397.3594055175781,396.8721923828125,397.2699890136719,74127
2025-02-27 18:10:00+00:00,397.9800109863281,398.1499938964844,397.0541076660156,397.20001220703125,93613
2025-02-27 18:15:00+00:00,398.1449890136719,398.3009948730469,397.9599914550781,398.05499267578125,98311
2025-02-27 18:20:00+00:00,398.56500244140625,398.6400146484375,397.9100036621094,398.1199951171875,79413
2025-02-27 18:25:00+00:00,398.375,398.7449951171875,398.2087097167969,398.54998779296875,65397
2025-02-27 18:30:00+00:00,398.3900146484375,398.55999755859375,398.19000244140625,398.3999938964844,71692
2025-02-27 18:35:00+00:00,398.44500732421875,398.489990234375,398.2099914550781,398.3550109863281,75052
2025-02-27 18:40:00+00:00,398.09368896484375,398.4800109863281,398.07000732421875,398.4599914550781,64884
2025-02-27 18:45:00+00:00,398.375,398.42999267578125,397.94000244140625,398.189697265625,73369
2025-02-27 18:50:00+00:00,398.47900390625,398.47900390625,397.9599914550781,398.3599853515625,64092
2025-02-27 18:55:00+00:00,397.8299865722656,398.5069885253906,397.80010986328125,398.4200134277344,75478
2025-02-27 19:00:00+00:00,397.6675109863281,397.8999938964844,397.5299987792969,397.8699951171875,87221
2025-02-27 19:05:00+00:00,397.44000244140625,397.6499938964844,397.2900085449219,397.6499938964844,82099
2025-02-27 19:10:00+00:00,396.7934875488281,397.435302734375,396.760009765625,397.3810119628906,90864
2025-02-27 19:15:00+00:00,396.5889892578125,396.8900146484375,396.1600036621094,396.8900146484375,120914
2025-02-27 19:20:00+00:00,396.4200134277344,396.8699951171875,396.3399963378906,396.5199890136719,125587
2025-02-27 19:25:00+00:00,396.01031494140625,396.5299987792969,395.9200134277344,396.3800048828125,141894
2025-02-27 19:30:00+00:00,394.96099853515625,396.05999755859375,394.6003112792969,396.0400085449219,266595
2025-02-27 19:35:00+00:00,395.4800109863281,395.6300048828125,394.9549865722656,394.9549865722656,146301
2025-02-27 19:40:00+00:00,395.4200134277344,395.54998779296875,394.7900085449219,395.4700012207031,162887
2025-02-27 19:45:00+00:00,395.0,395.75,394.8999938964844,395.32000732421875,154816
2025-02-27 19:50:00+00:00,395.1099853515625,395.45001220703125,394.6300048828125,395.07000732421875,157768
2025-02-27 19:55:00+00:00,395.0199890136719,395.4599914550781,394.9504089355469,395.1050109863281,160552
2025-02-27 20:00:00+00:00,393.67999267578125,395.1300048828125,393.489990234375,395.0369873046875,227542
2025-02-27 20:05:00+00:00,393.95001220703125,394.2699890136719,393.54998779296875,393.70001220703125,183655
2025-02-27 20:10:00+00:00,393.7200012207031,394.260009765625,393.3599853515625,393.9700012207031,202792
2025-02-27 20:15:00+00:00,393.7699890136719,394.0150146484375,393.29998779296875,393.78118896484375,271659
2025-02-27 20:20:00+00:00,394.20001220703125,394.67999267578125,393.5199890136719,393.760009765625,326917
2025-02-27 20:25:00+00:00,393.7950134277344,394.57000732421875,393.69049072265625,394.32110595703125,256730
2025-02-27 20:30:00+00:00,394.1007995605469,394.29998779296875,393.760009765625,393.80999755859375,196493
2025-02-27 20:35:00+00:00,393.54998779296875,394.44000244140625,393.5450134277344,394.125,194159
2025-02-27 20:40:00+00:00,393.17999267578125,393.7200012207031,392.8399963378906,393.54998779296875,381862
2025-02-27 20:45:00+00:00,393.3699951171875,393.5400085449219,393.0299987792969,393.1734924316406,354929
2025-02-27 20:50:00+00:00,392.6099853515625,393.92889404296875,392.2200012207031,393.2300109863281,598791
2025-02-27 20:55:00+00:00,392.5799865722656,392.8999938964844,392.239990234375,392.6600036621094,1461315
2025-02-28 14:30:00+00:00,387.0299987792969,392.8999938964844,386.57550048828125,392.7550048828125,1922413
2025-02-28 14:35:00+00:00,389.5849914550781,389.79998779296875,386.989990234375,386.989990234375,781251
2025-02-28 14:40:00+00:00,391.1000061035156,391.6400146484375,389.0799865722656,389.6000061035156,488910
2025-02-28 14:45:00+00:00,390.5350036621094,391.3900146484375,390.0,391.0950012207031,287710
2025-02-28 14:50:00+00:00,389.9150085449219,390.82000732421875,389.5899963378906,390.5450134277344,259980
2025-02-28 14:55:00+00:00,390.427490234375,390.4800109863281,388.90008544921875,389.9100036621094,256433
2025-02-28 15:00:00+00:00,390.239990234375,391.3550109863281,389.6099853515625,390.375,281969
2025-02-28 15:05:00+00:00,390.3900146484375,390.6400146484375,389.40008544921875,390.17999267578125,258267
2025-02-28 15:10:00+00:00,390.82501220703125,391.1499938964844,390.2349853515625,390.3900146484375,256868
2025-02-28 15:15:00+00:00,390.5150146484375,390.989990234375,390.16009521484375,390.79998779296875,242377
2025-02-28 15:20:00+00:00,391.45001220703125,391.54998779296875,389.9700012207031,390.510009765625,266839
2025-02-28 15:25:00+00:00,391.760009765625,392.1199951171875,391.3800048828125,391.45001220703125,241825
2025-02-28 15:30:00+00:00,392.42999267578125,392.7300109863281,391.40008544921875,391.7300109863281,356449
2025-02-28 15:35:00+00:00,391.739990234375,392.4700012207031,391.05999755859375,392.44500732421875,210510
2025-02-28 15:40:00+00:00,391.82000732421875,391.95001220703125,391.06500244140625,391.6650085449219,173538
2025-02-28 15:45:00+00:00,391.80999755859375,392.4700012207031,391.5700988769531,391.7300109863281,156885
2025-02-28 15:50:00+00:00,392.05999755859375,392.5,391.7699890136719,391.7900085449219,189439
2025-02-28 15:55:00+00:00,392.2149963378906,392.489990234375,391.8811950683594,392.05999755859375,131872
2025-02-28 16:00:00+00:00,391.8299865722656,392.34320068359375,391.7550048828125,392.2149963378906,121369
2025-02-28 16:05:00+00:00,391.385009765625,391.8500061035156,391.30999755859375,391.7699890136719,199232
2025-02-28 16:10:00+00:00,390.760009765625,391.6361083984375,390.7225036621094,391.43499755859375,159665
2025-02-28 16:15:00+00:00,390.2650146484375,390.7799987792969,389.8399963378906,390.70001220703125,159642
2025-02-28 16:20:00+00:00,390.1700134277344,390.7762145996094,390.0899963378906,390.35198974609375,121954
2025-02-28 16:25:00+00:00,389.489990234375,390.32000732421875,389.3999938964844,390.1499938964844,166867
2025-02-28 16:30:00+00:00,390.5199890136719,390.5199890136719,389.32000732421875,389.4599914550781,163592
2025-02-28 16:35:00+00:00,390.9949951171875,391.1199035644531,390.260009765625,390.510009765625,305257
2025-02-28 16:40:00+00:00,391.4700012207031,391.6899108886719,390.8999938964844,390.9949951171875,96348
2025-02-28 16:45:00+00:00,391.875,392.0299987792969,391.1700134277344,391.4700012207031,153383
2025-02-28 16:50:00+00:00,391.7414855957031,391.94989013671875,391.3100891113281,391.9200134277344,83819
2025-02-28 16:55:00+00:00,391.5199890136719,391.82000732421875,391.3999938964844,391.81500244140625,78509
2025-02-28 17:00:00+00:00,391.1449890136719,391.8299865722656,391.1099853515625,391.5,158054
2025-02-28 17:05:00+00:00,391.1268005371094,391.32000732421875,390.8699951171875,391.1199951171875,101794
2025-02-28 17:10:00+00:00,391.8999938964844,392.0,391.03009033203125,391.1199951171875,111421
2025-02-28 17:15:00+00:00,392.29998779296875,392.4599914550781,391.7250061035156,391.8900146484375,147534
2025-02-28 17:20:00+00:00,391.6000061035156,392.3900146484375,391.17999267578125,392.260009765625,142359
2025-02-28 17:25:00+00:00,391.8500061035156,391.9800109863281,391.54998779296875,391.6099853515625,79936
2025-02-28 17:30:00+00:00,391.4700012207031,391.8500061035156,391.3299865722656,391.8500061035156,96849
2025-02-28 17:35:00+00:00,391.4700012207031,391.6600036621094,391.12078857421875,391.510009765625,621907
2025-02-28 17:40:00+00:00,390.8699951171875,391.489990234375,390.6300048828125,391.4700012207031,186740
2025-02-28 17:45:00+00:00,390.7200012207031,391.07000732421875,390.6559143066406,390.81500244140625,180459
2025-02-28 17:50:00+00:00,391.0400085449219,391.2611999511719,390.5799865722656,390.635009765625,184393
2025-02-28 17:55:00+00:00,390.2550048828125,391.0400085449219,390.2099914550781,391.0299987792969,140655
2025-02-28 18:00:00+00:00,390.5799865722656,391.0,390.2049865722656,390.2850036621094,105352
2025-02-28 18:05:00+00:00,390.260009765625,390.7200012207031,390.0899963378906,390.54998779296875,94660
2025-02-28 18:10:00+00:00,390.3800048828125,390.5,390.0,390.260009765625,110670
2025-02-28 18:15:00+00:00,389.5400085449219,390.739990234375,389.45001220703125,390.42999267578125,191723
2025-02-28 18:20:00+00:00,389.5400085449219,389.9700012207031,389.3599853515625,389.55999755859375,133563
2025-02-28 18:25:00+00:00,391.2898864746094,391.3699951171875,389.54998779296875,389.6300048828125,201589
2025-02-28 18:30:00+00:00,391.6700134277344,391.75,390.91180419921875,391.1700134277344,178280
2025-02-28 18:35:00+00:00,391.6499938964844,391.9800109863281,391.4722900390625,391.6400146484375,119578
2025-02-28 18:40:00+00:00,391.6400146484375,392.048095703125,391.17999267578125,391.6549987792969,129021
2025-02-28 18:45:00+00:00,391.17999267578125,391.7699890136719,390.9800109863281,391.70001220703125,68791
2025-02-28 18:50:00+00:00,390.9700012207031,391.44000244140625,390.9049987792969,391.17999267578125,99778
2025-02-28 18:55:00+00:00,389.69000244140625,391.08990478515625,389.69000244140625,391.0450134277344,142819
2025-02-28 19:00:00+00:00,390.0249938964844,390.54998779296875,389.5799865722656,389.6549987792969,105058
2025-02-28 19:05:00+00:00,390.2250061035156,390.3299865722656,389.95001220703125,390.0050048828125,96260
2025-02-28 19:10:00+00:00,390.07000732421875,390.3277893066406,389.8999938964844,390.2200012207031,75623
2025-02-28 19:15:00+00:00,391.07000732421875,391.159912109375,390.06500244140625,390.06500244140625,129575
2025-02-28 19:20:00+00:00,390.94500732421875,391.1585998535156,390.2799987792969,391.04998779296875,493688
2025-02-28 19:25:00+00:00,390.8599853515625,391.25,390.6700134277344,390.9800109863281,92705
2025-02-28 19:30:00+00:00,391.2723083496094,391.51361083984375,390.5675964355469,390.8550109863281,212593
2025-02-28 19:35:00+00:00,391.79998779296875,392.0050048828125,391.0450134277344,391.2900085449219,127795
2025-02-28 19:40:00+00:00,391.989990234375,392.1991882324219,391.70001220703125,391.7734069824219,606556
2025-02-28 19:45:00+00:00,392.2900085449219,392.5,391.94000244140625,392.04998779296875,140417
2025-02-28 19:50:00+00:00,392.04998779296875,392.5,391.7300109863281,392.31500244140625,229182
2025-02-28 19:55:00+00:00,392.3900146484375,392.5,391.94000244140625,392.0799865722656,76498
2025-02-28 20:00:00+00:00,392.5950012207031,392.635009765625,392.05999755859375,392.4100036621094,139447
2025-02-28 20:05:00+00:00,392.4602966308594,392.6000061035156,392.1499938964844,392.5950012207031,116951
2025-02-28 20:10:00+00:00,392.4100036621094,392.5899963378906,392.05999755859375,392.5,168438
2025-02-28 20:15:00+00:00,392.239990234375,392.54998779296875,392.05999755859375,392.3299865722656,134549
2025-02-28 20:20:00+00:00,392.1499938964844,392.375,391.7699890136719,392.20001220703125,151637
2025-02-28 20:25:00+00:00,393.07000732421875,393.1199035644531,392.114990234375,392.1499938964844,171527
2025-02-28 20:30:00+00:00,391.9800109863281,393.07000732421875,391.93499755859375,393.07000732421875,151153
2025-02-28 20:35:00+00:00,392.5400085449219,392.6947937011719,391.57000732421875,391.9800109863281,140742
2025-02-28 20:40:00+00:00,392.9895935058594,393.2900085449219,392.5199890136719,392.5299987792969,195100
2025-02-28 20:45:00+00:00,393.5690002441406,393.67999267578125,392.8599853515625,393.0199890136719,217031
2025-02-28 20:50:00+00:00,396.05999755859375,396.29998779296875,393.5299987792969,393.614990234375,1096219
2025-02-28 20:55:00+00:00,397.1424865722656,397.6300048828125,396.04998779296875,396.0899963378906,2057319
2025-03-03 14:30:00+00:00,396.760009765625,398.82000732421875,396.17999267578125,398.82000732421875,1197079
2025-03-03 14:35:00+00:00,394.7300109863281,397.19000244140625,394.30999755859375,396.760009765625,426151
2025-03-03 14:40:00+00:00,395.5450134277344,396.010009765625,394.739990234375,394.760009765625,348653
2025-03-03 14:45:00+00:00,394.8399963378906,396.09991455078125,394.6099853515625,395.57000732421875,375814
2025-03-03 14:50:00+00:00,394.2250061035156,395.2900085449219,393.885009765625,394.9200134277344,285967
2025-03-03 14:55:00+00:00,393.6499938964844,394.4700012207031,393.05999755859375,394.239990234375,382332
2025-03-03 15:00:00+00:00,393.80828857421875,393.8599853515625,392.1449890136719,393.3399963378906,349363
2025-03-03 15:05:00+00:00,392.8262939453125,393.8399963378906,392.3599853515625,393.8399963378906,232035
2025-03-03 15:10:00+00:00,393.3550109863281,394.44989013671875,392.6099853515625,392.68701171875,231667
2025-03-03 15:15:00+00:00,393.0150146484375,393.5,392.8999938964844,393.2900085449219,154763
2025-03-03 15:20:00+00:00,394.0408935546875,394.5351867675781,392.989990234375,393.010009765625,217093
2025-03-03 15:25:00+00:00,394.625,394.75,393.8599853515625,394.0849914550781,187388
2025-03-03 15:30:00+00:00,394.6099853515625,395.0,394.1575012207031,394.614990234375,180348
2025-03-03 15:35:00+00:00,394.1650085449219,394.70001220703125,393.59600830078125,394.6463928222656,183553
2025-03-03 15:40:00+00:00,395.1099853515625,395.3699951171875,393.54998779296875,394.1499938964844,207400
2025-03-03 15:45:00+00:00,394.4549865722656,395.1050109863281,394.1300048828125,395.1050109863281,116153
2025-03-03 15:50:00+00:00,394.989990234375,395.30999755859375,394.4296875,394.5299987792969,128890
2025-03-03 15:55:00+00:00,394.0799865722656,395.05999755859375,393.9200134277344,395.010009765625,102253
2025-03-03 16:00:00+00:00,395.0249938964844,395.05999755859375,394.1650085449219,394.1700134277344,99191
2025-03-03 16:05:00+00:00,394.5799865722656,395.2900085449219,394.4700012207031,394.9599914550781,108746
2025-03-03 16:10:00+00:00,395.0,395.1199951171875,394.25,394.6700134277344,114961
2025-03-03 16:15:00+00:00,395.2099914550781,395.419189453125,394.760009765625,395.04998779296875,111899
2025-03-03 16:20:00+00:00,395.7550048828125,395.8500061035156,395.07000732421875,395.1700134277344,177018
2025-03-03 16:25:00+00:00,393.80999755859375,395.7550048828125,393.7900085449219,395.7550048828125,140171
2025-03-03 16:30:00+00:00,393.9750061035156,394.1899108886719,393.5899963378906,393.7650146484375,137152
2025-03-03 16:35:00+00:00,393.5249938964844,394.1499938964844,393.0799865722656,393.9700012207031,116310
2025-03-03 16:40:00+00:00,393.4949951171875,393.6700134277344,393.1499938964844,393.5249938964844,117092
2025-03-03 16:45:00+00:00,394.2799987792969,394.44000244140625,393.45001220703125,393.45001220703125,102001
2025-03-03 16:50:00+00:00,394.7672119140625,394.9800109863281,394.239990234375,394.2799987792969,88438
2025-03-03 16:55:00+00:00,394.7250061035156,395.17919921875,394.6000061035156,394.80999755859375,104024
2025-03-03 17:00:00+00:00,394.5299987792969,394.8599853515625,394.5,394.67999267578125,94595
2025-03-03 17:05:00+00:00,394.3599853515625,394.7799987792969,394.28009033203125,394.5244140625,82052
2025-03-03 17:10:00+00:00,394.614990234375,394.7643127441406,394.3599853515625,394.3900146484375,99872
2025-03-03 17:15:00+00:00,394.94000244140625,395.2250061035156,394.3800048828125,394.6050109863281,106655
2025-03-03 17:20:00+00:00,395.0036926269531,395.2699890136719,394.82000732421875,394.9700012207031,106440
2025-03-03 17:25:00+00:00,394.9444885253906,395.1400146484375,394.78009033203125,395.0400085449219,101336
2025-03-03 17:30:00+00:00,395.03228759765625,395.3800048828125,394.82000732421875,394.9599914550781,112525
2025-03-03 17:35:00+00:00,395.3450012207031,395.5,394.8500061035156,395.04058837890625,73785
2025-03-03 17:40:00+00:00,395.7099914550781,395.9800109863281,395.2799987792969,395.30999755859375,101148
2025-03-03 17:45:00+00:00,395.5899963378906,395.7984924316406,395.19000244140625,395.7799987792969,109849
2025-03-03 17:50:00+00:00,395.1000061035156,395.8500061035156,395.07501220703125,395.55999755859375,105816
2025-03-03 17:55:00+00:00,395.1700134277344,395.2799987792969,394.4100036621094,395.1000061035156,136589
2025-03-03 18:00:00+00:00,395.1099853515625,395.4200134277344,394.8399963378906,395.07501220703125,155142
2025-03-03 18:05:00+00:00,393.7275085449219,395.0299987792969,393.6000061035156,395.0299987792969,132566
2025-03-03 18:10:00+00:00,393.66448974609375,394.0899963378906,393.3699951171875,393.6000061035156,157396
2025-03-03 18:15:00+00:00,394.1199951171875,394.2699890136719,393.6300964355469,393.6600036621094,152460
2025-03-03 18:20:00+00:00,394.3500061035156,394.6400146484375,393.69500732421875,394.1199951171875,95534
2025-03-03 18:25:00+00:00,393.2099914550781,394.3175048828125,393.0400085449219,394.3175048828125,130193
2025-03-03 18:30:00+00:00,392.95001220703125,393.739990234375,392.7401123046875,393.16461181640625,154352
2025-03-03 18:35:00+00:00,392.47760009765625,393.07000732421875,392.1650085449219,392.9800109863281,177754
2025-03-03 18:40:00+00:00,392.94061279296875,392.9599914550781,392.3500061035156,392.3599853515625,106590
2025-03-03 18:45:00+00:00,393.1282043457031,394.0400085449219,392.6050109863281,392.95001220703125,169331
2025-03-03 18:50:00+00:00,393.19000244140625,393.6575012207031,392.8550109863281,393.0350036621094,78911
2025-03-03 18:55:00+00:00,393.6300048828125,393.82000732421875,392.739990234375,393.1300048828125,116463
2025-03-03 19:00:00+00:00,393.9700012207031,394.3399963378906,393.4399108886719,393.4599914550781,117517
2025-03-03 19:05:00+00:00,393.80999755859375,394.1199951171875,393.6050109863281,393.989990234375,81298
2025-03-03 19:10:00+00:00,393.9136047363281,394.114990234375,393.57000732421875,393.82000732421875,86171
2025-03-03 19:15:00+00:00,393.3291931152344,393.9800109863281,393.1924133300781,393.940185546875,81213
2025-03-03 19:20:00+00:00,393.5899963378906,393.8999938964844,393.3500061035156,393.3599853515625,82956
2025-03-03 19:25:00+00:00,393.4100036621094,393.5899963378906,393.2449951171875,393.5899963378906,79417
2025-03-03 19:30:00+00:00,394.19000244140625,394.55499267578125,393.2900085449219,393.42498779296875,136257
2025-03-03 19:35:00+00:00,394.3599853515625,394.4399108886719,393.6969909667969,394.1700134277344,79824
2025-03-03 19:40:00+00:00,394.6400146484375,395.04998779296875,394.25,394.3900146484375,137479
2025-03-03 19:45:00+00:00,393.20001220703125,394.57000732421875,393.1400146484375,394.57000732421875,94436
2025-03-03 19:50:00+00:00,392.0799865722656,393.5199890136719,391.5,393.239990234375,269789
2025-03-03 19:55:00+00:00,392.4549865722656,393.2799987792969,391.8599853515625,392.1600036621094,198566
2025-03-03 20:00:00+00:00,391.17498779296875,392.4599914550781,390.7550048828125,392.4599914550781,214838
2025-03-03 20:05:00+00:00,390.9750061035156,391.8500061035156,390.82000732421875,391.1000061035156,197303
2025-03-03 20:10:00+00:00,390.34149169921875,391.2300109863281,389.6000061035156,391.07000732421875,503820
2025-03-03 20:15:00+00:00,390.4299011230469,391.239990234375,390.20001220703125,390.364990234375,258201
2025-03-03 20:20:00+00:00,390.30670166015625,391.010009765625,390.17498779296875,390.42999267578125,247674
2025-03-03 20:25:00+00:00,389.5899963378906,390.79998779296875,389.37188720703125,390.4200134277344,257496
2025-03-03 20:30:00+00:00,389.3500061035156,390.3450012207031,389.0918884277344,389.5299987792969,273336
2025-03-03 20:35:00+00:00,388.3699951171875,389.5400085449219,388.30010986328125,389.3500061035156,365220
2025-03-03 20:40:00+00:00,387.7250061035156,388.6600036621094,387.3586120605469,388.3500061035156,568546
2025-03-03 20:45:00+00:00,387.5799865722656,387.95001220703125,387.42999267578125,387.7099914550781,599077
2025-03-03 20:50:00+00:00,387.3999938964844,387.5799865722656,386.1600036621094,387.5,834479
2025-03-03 20:55:00+00:00,388.5299987792969,388.6499938964844,386.9100036621094,387.42999267578125,1611504
2025-03-04 14:30:00+00:00,383.18499755859375,384.8399963378906,381.0,383.8599853515625,2763771
2025-03-04 14:35:00+00:00,385.57501220703125,386.67498779296875,383.0199890136719,383.18499755859375,607379
2025-03-04 14:40:00+00:00,386.5830993652344,387.4599914550781,384.7908020019531,385.6199951171875,652464
2025-03-04 14:45:00+00:00,385.57000732421875,387.5299987792969,385.239990234375,386.7449951171875,490006
2025-03-04 14:50:00+00:00,384.17498779296875,385.7550048828125,383.8500061035156,385.3900146484375,439136
2025-03-04 14:55:00+00:00,384.010009765625,385.55999755859375,383.69000244140625,384.17999267578125,443758
2025-03-04 15:00:00+00:00,383.7854919433594,384.8168029785156,382.9200134277344,384.0150146484375,450344
2025-03-04 15:05:00+00:00,383.2650146484375,384.05999755859375,382.9599914550781,383.75,392964
2025-03-04 15:10:00+00:00,383.614990234375,384.260009765625,382.6650085449219,383.3500061035156,388701
2025-03-04 15:15:00+00:00,382.42010498046875,384.04998779296875,381.8399963378906,383.57000732421875,385384
2025-03-04 15:20:00+00:00,382.1300048828125,382.8085021972656,381.5400085449219,382.5,388193
2025-03-04 15:25:00+00:00,383.20001220703125,383.75,381.8039855957031,382.1300048828125,528594
2025-03-04 15:30:00+00:00,384.75,385.5400085449219,383.06500244140625,383.1650085449219,376324
2025-03-04 15:35:00+00:00,384.239990234375,385.1700134277344,383.8900146484375,384.7864074707031,284234
2025-03-04 15:40:00+00:00,384.9700012207031,385.17999267578125,383.92999267578125,384.1300048828125,295130
2025-03-04 15:45:00+00:00,385.1199951171875,385.7699890136719,384.010009765625,384.7900085449219,226614
2025-03-04 15:50:00+00:00,384.6199951171875,385.29998779296875,384.3399963378906,385.25,185604
2025-03-04 15:55:00+00:00,384.8999938964844,385.3399963378906,384.45001220703125,384.6300048828125,207164
2025-03-04 16:00:00+00:00,384.89349365234375,385.6499938964844,384.3900146484375,384.8900146484375,181172
2025-03-04 16:05:00+00:00,384.1199951171875,385.0799865722656,383.8699951171875,384.93499755859375,186458
2025-03-04 16:10:00+00:00,385.1499938964844,385.3599853515625,383.8800048828125,384.2300109863281,211131
2025-03-04 16:15:00+00:00,384.4200134277344,385.3800048828125,384.3699951171875,385.0,150971
2025-03-04 16:20:00+00:00,384.32000732421875,385.07000732421875,384.1199951171875,384.4200134277344,239312
2025-03-04 16:25:00+00:00,384.18499755859375,384.6000061035156,383.5199890136719,384.2300109863281,211088
2025-03-04 16:30:00+00:00,384.70001220703125,385.1400146484375,384.1311950683594,384.1700134277344,172757
2025-03-04 16:35:00+00:00,385.29998779296875,385.6050109863281,384.5199890136719,384.67999267578125,176331
2025-03-04 16:40:00+00:00,385.9599914550781,386.05999755859375,384.79998779296875,385.2699890136719,247710
2025-03-04 16:45:00+00:00,385.80499267578125,386.010009765625,385.0,385.9200134277344,210693
2025-03-04 16:50:00+00:00,385.6099853515625,386.0,385.1300048828125,385.79998779296875,218695
2025-03-04 16:55:00+00:00,384.9118957519531,386.0799865722656,384.510009765625,385.6000061035156,264898
2025-03-04 17:00:00+00:00,385.2900085449219,385.47198486328125,384.7560119628906,384.84149169921875,204229
2025-03-04 17:05:00+00:00,384.95001220703125,385.6099853515625,384.8399963378906,385.2200012207031,221204
2025-03-04 17:10:00+00:00,385.1499938964844,385.8699951171875,384.7301025390625,384.94000244140625,156103
2025-03-04 17:15:00+00:00,385.2900085449219,385.55999755859375,384.9414978027344,385.1000061035156,171885
2025-03-04 17:20:00+00:00,384.760009765625,386.0199890136719,384.7300109863281,385.30499267578125,145203
2025-03-04 17:25:00+00:00,386.1000061035156,386.1000061035156,384.69000244140625,384.8218078613281,241725
2025-03-04 17:30:00+00:00,385.2099914550781,386.0249938964844,384.5,386.0249938964844,186759
2025-03-04 17:35:00+00:00,385.2200012207031,385.32989501953125,384.8299865722656,385.2099914550781,136014
2025-03-04 17:40:00+00:00,384.80499267578125,385.46990966796875,384.6099853515625,385.1499938964844,207284
2025-03-04 17:45:00+00:00,384.989990234375,385.56988525390625,384.66009521484375,384.7799987792969,136734
2025-03-04 17:50:00+00:00,384.885009765625,385.07000732421875,384.2200012207031,385.010009765625,158817
2025-03-04 17:55:00+00:00,384.7951965332031,384.8399963378906,384.4949951171875,384.8399963378906,117153
2025-03-04 18:00:00+00:00,384.8699951171875,385.07659912109375,384.2900085449219,384.74200439453125,119152
2025-03-04 18:05:00+00:00,386.2650146484375,386.3399963378906,384.6700134277344,384.80999755859375,149957
2025-03-04 18:10:00+00:00,387.1099853515625,387.239990234375,386.1199951171875,386.1499938964844,233913
2025-03-04 18:15:00+00:00,386.04058837890625,387.25,385.875,387.0899963378906,177347
2025-03-04 18:20:00+00:00,385.55999755859375,386.25,385.3900146484375,386.1400146484375,118328
2025-03-04 18:25:00+00:00,385.4700012207031,385.7200012207031,385.3299865722656,385.4800109863281,113315
2025-03-04 18:30:00+00:00,386.05889892578125,386.1300048828125,385.1650085449219,385.4599914550781,110164
2025-03-04 18:35:00+00:00,386.17608642578125,386.42999267578125,385.3999938964844,386.0799865722656,104259
2025-03-04 18:40:00+00:00,386.5,386.89990234375,386.1499938964844,386.239990234375,106318
2025-03-04 18:45:00+00:00,386.44000244140625,387.0,386.3299865722656,386.489990234375,126199
2025-03-04 18:50:00+00:00,387.0400085449219,387.1600036621094,386.2799987792969,386.45001220703125,103856
2025-03-04 18:55:00+00:00,387.3999938964844,387.76580810546875,387.010009765625,387.010009765625,195103
2025-03-04 19:00:00+00:00,387.8500061035156,388.3500061035156,387.3399963378906,387.43121337890625,246422
2025-03-04 19:05:00+00:00,388.3349914550781,388.6451110839844,387.6099853515625,387.82501220703125,210682
2025-03-04 19:10:00+00:00,388.19000244140625,388.46990966796875,387.79998779296875,388.3169860839844,131218
2025-03-04 19:15:00+00:00,388.25,388.4399108886719,388.0,388.24951171875,124105
2025-03-04 19:20:00+00:00,389.06500244140625,389.3699951171875,388.04998779296875,388.2716979980469,255402
2025-03-04 19:25:00+00:00,388.31640625,389.3399963378906,388.29998779296875,389.1400146484375,179417
2025-03-04 19:30:00+00:00,388.7099914550781,389.0299987792969,388.1499938964844,388.4100036621094,164589
2025-03-04 19:35:00+00:00,390.0625,390.239990234375,388.739990234375,388.760009765625,290618
2025-03-04 19:40:00+00:00,390.6499938964844,390.8599853515625,389.45001220703125,390.010009765625,307710
2025-03-04 19:45:00+00:00,389.510009765625,391.239990234375,389.510009765625,390.635009765625,187446
2025-03-04 19:50:00+00:00,389.6549987792969,390.2200012207031,389.43499755859375,389.56500244140625,141410
2025-03-04 19:55:00+00:00,390.3500061035156,390.597412109375,389.6099853515625,389.6099853515625,156199
2025-03-04 20:00:00+00:00,390.3739929199219,390.95001220703125,390.0799865722656,390.3800048828125,151892
2025-03-04 20:05:00+00:00,391.8399963378906,391.8699951171875,390.19000244140625,390.2900085449219,369066
2025-03-04 20:10:00+00:00,392.0799865722656,392.5799865722656,391.1400146484375,391.80999755859375,338131
2025-03-04 20:15:00+00:00,392.0,392.2598876953125,391.5799865722656,392.07269287109375,183219
2025-03-04 20:20:00+00:00,392.1099853515625,392.3500061035156,391.79998779296875,392.0199890136719,238978
2025-03-04 20:25:00+00:00,391.8999938964844,392.364013671875,391.760009765625,392.1050109863281,235137
2025-03-04 20:30:00+00:00,390.4100036621094,392.0264892578125,390.0899963378906,391.8500061035156,253908
2025-03-04 20:35:00+00:00,389.9949951171875,390.79998779296875,389.9599914550781,390.3999938964844,238091
2025-03-04 20:40:00+00:00,390.239990234375,390.6600036621094,389.20001220703125,389.92999267578125,210519
2025-03-04 20:45:00+00:00,389.2449951171875,390.8500061035156,389.17999267578125,390.2799987792969,344264
2025-03-04 20:50:00+00:00,388.1099853515625,389.19000244140625,387.0799865722656,389.19000244140625,644132
2025-03-04 20:55:00+00:00,388.7200012207031,388.9700012207031,387.5799865722656,388.010009765625,1090095
2025-03-05 14:30:00+00:00,391.45001220703125,392.30999755859375,388.8900146484375,389.3399963378906,1012639
2025-03-05 14:35:00+00:00,390.510009765625,391.6600036621094,389.7900085449219,391.4700012207031,370685
2025-03-05 14:40:00+00:00,391.339599609375,391.8063049316406,390.3500061035156,390.5249938964844,360261
2025-03-05 14:45:00+00:00,390.69500732421875,391.9200134277344,390.67999267578125,391.3800048828125,238033
2025-03-05 14:50:00+00:00,390.04998779296875,391.3212890625,389.8599853515625,390.6650085449219,202835
2025-03-05 14:55:00+00:00,389.3371887207031,390.489990234375,388.80999755859375,390.0450134277344,229234
2025-03-05 15:00:00+00:00,391.0,391.70001220703125,389.30999755859375,389.3999938964844,352159
2025-03-05 15:05:00+00:00,392.07000732421875,392.3900146484375,390.79998779296875,391.0799865722656,257918
2025-03-05 15:10:00+00:00,392.3500061035156,392.70001220703125,391.70001220703125,391.9100036621094,188848
2025-03-05 15:15:00+00:00,392.2099914550781,393.17999267578125,391.7445068359375,392.34820556640625,243649
2025-03-05 15:20:00+00:00,392.010009765625,392.6499938964844,391.3299865722656,392.2049865722656,217784
2025-03-05 15:25:00+00:00,391.5400085449219,392.0400085449219,391.0740051269531,391.8500061035156,160038
2025-03-05 15:30:00+00:00,391.8299865722656,392.19000244140625,391.2200012207031,391.57501220703125,151304
2025-03-05 15:35:00+00:00,392.7900085449219,393.0899963378906,391.7515869140625,391.7515869140625,139943
2025-03-05 15:40:00+00:00,392.3900146484375,392.9150085449219,391.510009765625,392.8900146484375,135957
2025-03-05 15:45:00+00:00,392.1700134277344,392.7900085449219,391.9331970214844,392.30999755859375,160308
2025-03-05 15:50:00+00:00,392.5,392.69000244140625,391.29998779296875,392.0849914550781,100530
2025-03-05 15:55:00+00:00,392.5,393.3599853515625,392.29998779296875,392.5733947753906,172437
2025-03-05 16:00:00+00:00,391.8949890136719,392.5199890136719,391.67498779296875,392.489990234375,127159
2025-03-05 16:05:00+00:00,391.4200134277344,392.1000061035156,391.3999938964844,391.9800109863281,170451
2025-03-05 16:10:00+00:00,391.2699890136719,391.4649963378906,390.1300048828125,391.4200134277344,164609
2025-03-05 16:15:00+00:00,390.875,391.42999267578125,390.6000061035156,391.2049865722656,117500
2025-03-05 16:20:00+00:00,391.6289978027344,391.7699890136719,390.5799865722656,390.95001220703125,136293
2025-03-05 16:25:00+00:00,392.0492858886719,392.1499938964844,391.1700134277344,391.75,117387
2025-03-05 16:30:00+00:00,391.68499755859375,392.0899963378906,391.3529052734375,392.0899963378906,131439
2025-03-05 16:35:00+00:00,392.1199951171875,392.4599914550781,391.5050048828125,391.773193359375,192872
2025-03-05 16:40:00+00:00,390.9176940917969,392.1099853515625,390.6000061035156,392.1099853515625,93265
2025-03-05 16:45:00+00:00,390.8299865722656,391.2749938964844,390.74609375,391.0350036621094,120691
2025-03-05 16:50:00+00:00,390.9800109863281,391.0199890136719,390.32000732421875,390.7900085449219,87459
2025-03-05 16:55:00+00:00,392.1199951171875,392.739990234375,390.760009765625,390.9800109863281,262932
2025-03-05 17:00:00+00:00,392.2200012207031,393.1000061035156,392.0400085449219,392.1000061035156,189112
2025-03-05 17:05:00+00:00,393.3139953613281,393.3500061035156,392.1679992675781,392.239990234375,123050
2025-03-05 17:10:00+00:00,393.0950012207031,393.3399963378906,392.7851867675781,393.25,124937
2025-03-05 17:15:00+00:00,393.2449951171875,393.739990234375,393.07659912109375,393.1549987792969,135009
2025-03-05 17:20:00+00:00,394.2950134277344,394.4100036621094,393.04998779296875,393.25299072265625,148366
2025-03-05 17:25:00+00:00,394.7715148925781,394.7715148925781,393.98431396484375,394.3500061035156,166476
2025-03-05 17:30:00+00:00,394.789306640625,395.135009765625,394.6499938964844,394.739990234375,172043
2025-03-05 17:35:00+00:00,394.9700012207031,395.2698974609375,394.6099853515625,394.82000732421875,132120
2025-03-05 17:40:00+00:00,394.9700012207031,395.20001220703125,394.831298828125,394.9800109863281,167598
2025-03-05 17:45:00+00:00,395.18499755859375,395.29998779296875,394.30999755859375,394.94000244140625,181660
2025-03-05 17:50:00+00:00,396.1700134277344,396.6300048828125,395.17999267578125,395.20001220703125,310160
2025-03-05 17:55:00+00:00,396.9100036621094,396.94000244140625,396.1111145019531,396.1400146484375,158054
2025-03-05 18:00:00+00:00,396.4549865722656,396.93499755859375,396.25,396.93499755859375,148234
2025-03-05 18:05:00+00:00,394.95001220703125,396.94989013671875,394.5408020019531,396.3599853515625,270207
2025-03-05 18:10:00+00:00,396.625,396.82000732421875,394.8599853515625,394.8699951171875,219640
2025-03-05 18:15:00+00:00,396.70001220703125,397.1700134277344,396.3349914550781,396.57000732421875,215936
2025-03-05 18:20:00+00:00,395.9700012207031,396.92999267578125,395.7699890136719,396.67999267578125,138538
2025-03-05 18:25:00+00:00,395.5,395.9800109863281,395.3500061035156,395.9700012207031,108034
2025-03-05 18:30:00+00:00,395.0899963378906,395.5400085449219,394.25,395.5400085449219,176178
2025-03-05 18:35:00+00:00,395.3900146484375,395.5,394.7699890136719,395.125,128516
2025-03-05 18:40:00+00:00,394.67498779296875,395.4194030761719,394.4963073730469,395.4194030761719,81957
2025-03-05 18:45:00+00:00,395.3550109863281,395.45001220703125,394.739990234375,394.739990234375,89443
2025-03-05 18:50:00+00:00,396.2991943359375,396.3599853515625,395.25,395.4100036621094,165653
2025-03-05 18:55:00+00:00,396.70001220703125,396.80999755859375,396.1061096191406,396.2699890136719,124473
2025-03-05 19:00:00+00:00,397.635009765625,397.7300109863281,396.29998779296875,396.70001220703125,248454
2025-03-05 19:05:00+00:00,398.69500732421875,398.8699951171875,397.5899963378906,397.6300048828125,313996
2025-03-05 19:10:00+00:00,399.0150146484375,399.1499938964844,398.2215881347656,398.69500732421875,329778
2025-03-05 19:15:00+00:00,398.6600036621094,399.3587951660156,398.57000732421875,399.1300048828125,221645
2025-03-05 19:20:00+00:00,399.2349853515625,399.3500061035156,398.4599914550781,398.70001220703125,211055
2025-03-05 19:25:00+00:00,398.5400085449219,399.2799987792969,398.4800109863281,399.2698974609375,215440
2025-03-05 19:30:00+00:00,398.3999938964844,398.94000244140625,398.32000732421875,398.5899963378906,185711
2025-03-05 19:35:00+00:00,398.2449951171875,398.6600036621094,397.44000244140625,398.4601135253906,228382
2025-03-05 19:40:00+00:00,398.8599853515625,399.1099853515625,398.2749938964844,398.2900085449219,240822
2025-03-05 19:45:00+00:00,399.6199951171875,399.760009765625,398.79998779296875,398.8800048828125,217137
2025-03-05 19:50:00+00:00,399.6000061035156,399.79998779296875,399.2662048339844,399.6400146484375,134845
2025-03-05 19:55:00+00:00,399.80499267578125,399.989990234375,399.3399963378906,399.55999755859375,285979
2025-03-05 20:00:00+00:00,401.0899963378906,401.32000732421875,399.8349914550781,399.8349914550781,469449
2025-03-05 20:05:00+00:00,401.6400146484375,401.6695861816406,400.8500061035156,401.0950012207031,361192
2025-03-05 20:10:00+00:00,401.17498779296875,401.5799865722656,400.91009521484375,401.5799865722656,291340
2025-03-05 20:15:00+00:00,400.2301940917969,401.2799987792969,399.3901062011719,401.19000244140625,275311
2025-03-05 20:20:00+00:00,400.45001220703125,400.75,399.8999938964844,400.2799987792969,275634
2025-03-05 20:25:00+00:00,400.8299865722656,401.0400085449219,400.3999938964844,400.4200134277344,212081
2025-03-05 20:30:00+00:00,400.3550109863281,400.80499267578125,399.9006042480469,400.79998779296875,275338
2025-03-05 20:35:00+00:00,400.4800109863281,400.510009765625,399.8999938964844,400.3599853515625,194863
2025-03-05 20:40:00+00:00,400.57501220703125,400.7900085449219,400.25,400.42999267578125,201995
2025-03-05 20:45:00+00:00,400.5,400.67999267578125,400.0008850097656,400.5799865722656,250840
2025-03-05 20:50:00+00:00,401.44000244140625,401.6700134277344,398.8800048828125,400.5,631775
2025-03-05 20:55:00+00:00,401.1300048828125,401.54998779296875,400.6700134277344,401.4700012207031,1225617
2025-03-06 14:30:00+00:00,397.3399963378906,397.6400146484375,393.29998779296875,394.2799987792969,1427434
2025-03-06 14:35:00+00:00,397.3999938964844,397.8699951171875,396.29998779296875,397.4100036621094,485320
2025-03-06 14:40:00+00:00,396.6875,397.55999755859375,396.1400146484375,397.385009765625,362575
2025-03-06 14:45:00+00:00,397.4849853515625,397.82000732421875,396.55999755859375,396.6199951171875,308722
2025-03-06 14:50:00+00:00,397.28851318359375,398.114990234375,397.239990234375,397.5050048828125,232991
2025-03-06 14:55:00+00:00,397.2650146484375,397.54998779296875,396.8330078125,397.3399963378906,202584
2025-03-06 15:00:00+00:00,398.6549987792969,399.08880615234375,396.8599853515625,397.2349853515625,288439
2025-03-06 15:05:00+00:00,399.6400146484375,400.3450012207031,398.57000732421875,398.6099853515625,325250
2025-03-06 15:10:00+00:00,400.2349853515625,400.4800109863281,399.2699890136719,399.6400146484375,239968
2025-03-06 15:15:00+00:00,401.20001220703125,401.5899963378906,400.1400146484375,400.20001220703125,394287
2025-03-06 15:20:00+00:00,401.75,402.1499938964844,400.9700012207031,401.20001220703125,326309
2025-03-06 15:25:00+00:00,401.2300109863281,401.7550048828125,400.9100036621094,401.7300109863281,205971
2025-03-06 15:30:00+00:00,400.9100036621094,401.4800109863281,400.4599914550781,401.2200012207031,184193
2025-03-06 15:35:00+00:00,401.8299865722656,401.8999938964844,400.7405090332031,400.8699951171875,261898
2025-03-06 15:40:00+00:00,401.3399963378906,402.0400085449219,401.06500244140625,401.9100036621094,156802
2025-03-06 15:45:00+00:00,400.7149963378906,401.4800109863281,400.5199890136719,401.2900085449219,170861
2025-03-06 15:50:00+00:00,399.92999267578125,400.7149963378906,399.8999938964844,400.7149963378906,220931
2025-03-06 15:55:00+00:00,400.29998779296875,400.3399963378906,399.4849853515625,399.92999267578125,158020
2025-03-06 16:00:00+00:00,400.885009765625,401.1700134277344,400.3299865722656,400.3399963378906,171882
2025-03-06 16:05:00+00:00,401.7149963378906,401.7650146484375,400.41290283203125,400.885009765625,119023
2025-03-06 16:10:00+00:00,401.3363952636719,401.9100036621094,401.0299987792969,401.6700134277344,213417
2025-03-06 16:15:00+00:00,400.5450134277344,401.31500244140625,400.5299987792969,401.2900085449219,120438
2025-03-06 16:20:00+00:00,400.05499267578125,400.7499084472656,399.0,400.5199890136719,164228
2025-03-06 16:25:00+00:00,399.8999938964844,400.4800109863281,398.7799987792969,400.1300048828125,343523
2025-03-06 16:30:00+00:00,400.55999755859375,400.89990234375,399.57000732421875,399.885009765625,199009
2025-03-06 16:35:00+00:00,398.510009765625,400.6300048828125,398.510009765625,400.55999755859375,230167
2025-03-06 16:40:00+00:00,398.260009765625,398.739990234375,397.8699951171875,398.5899963378906,119146
2025-03-06 16:45:00+00:00,397.8800048828125,398.5950012207031,397.7300109863281,398.30999755859375,94156
2025-03-06 16:50:00+00:00,397.4200134277344,397.875,397.0799865722656,397.8599853515625,124594
2025-03-06 16:55:00+00:00,396.67999267578125,397.5,396.6099853515625,397.3699951171875,132741
2025-03-06 17:00:00+00:00,395.739990234375,397.1199951171875,395.57000732421875,396.6650085449219,194612
2025-03-06 17:05:00+00:00,396.2349853515625,396.42999267578125,395.32720947265625,395.7300109863281,141624
2025-03-06 17:10:00+00:00,395.6650085449219,396.3949890136719,395.6300048828125,396.3900146484375,186200
2025-03-06 17:15:00+00:00,395.760009765625,395.989990234375,395.4150085449219,395.6600036621094,100702
2025-03-06 17:20:00+00:00,396.0849914550781,396.6600036621094,395.69500732421875,395.69500732421875,124504
2025-03-06 17:25:00+00:00,395.6427917480469,396.1600036621094,395.19000244140625,396.135009765625,150452
2025-03-06 17:30:00+00:00,396.13861083984375,396.5,395.6099853515625,395.7200012207031,101966
2025-03-06 17:35:00+00:00,395.7300109863281,396.20001220703125,395.5,396.1000061035156,100729
2025-03-06 17:40:00+00:00,396.0299987792969,396.4700012207031,395.6000061035156,395.7099914550781,134221
2025-03-06 17:45:00+00:00,395.6300048828125,396.1199951171875,395.3070068359375,396.0299987792969,138076
2025-03-06 17:50:00+00:00,396.47601318359375,396.489990234375,395.6610107421875,395.6610107421875,118859
2025-03-06 17:55:00+00:00,397.4649963378906,397.8599853515625,396.3999938964844,396.43499755859375,148410
2025-03-06 18:00:00+00:00,397.2049865722656,397.45001220703125,396.79998779296875,397.4049987792969,144645
2025-03-06 18:05:00+00:00,397.17999267578125,397.6700134277344,396.98779296875,397.2049865722656,122795
2025-03-06 18:10:00+00:00,397.6499938964844,397.8500061035156,396.9726867675781,397.29998779296875,125273
2025-03-06 18:15:00+00:00,398.1499938964844,398.19500732421875,397.57000732421875,397.6199951171875,130756
2025-03-06 18:20:00+00:00,397.9800109863281,398.25,397.75,398.07000732421875,91936
2025-03-06 18:25:00+00:00,397.2300109863281,398.139892578125,396.9700012207031,397.9200134277344,130102
2025-03-06 18:30:00+00:00,397.1099853515625,397.5899963378906,397.0199890136719,397.20001220703125,173095
2025-03-06 18:35:00+00:00,396.1549987792969,397.2900085449219,396.1014099121094,397.1600036621094,124808
2025-03-06 18:40:00+00:00,396.56500244140625,396.6199951171875,395.9200134277344,396.0799865722656,177423
2025-03-06 18:45:00+00:00,396.9049987792969,397.30999755859375,396.30999755859375,396.55999755859375,155649
2025-03-06 18:50:00+00:00,396.760009765625,397.29998779296875,396.70001220703125,396.8349914550781,149408
2025-03-06 18:55:00+00:00,396.8299865722656,397.04998779296875,396.60009765625,396.760009765625,105124
2025-03-06 19:00:00+00:00,395.7099914550781,396.94000244140625,395.510009765625,396.82000732421875,125688
2025-03-06 19:05:00+00:00,396.07000732421875,396.2799987792969,395.6683044433594,395.75,157097
2025-03-06 19:10:00+00:00,395.7388916015625,396.5400085449219,395.7301025390625,396.0350036621094,122932
2025-03-06 19:15:00+00:00,395.489990234375,396.2099914550781,395.3599853515625,395.739990234375,204599
2025-03-06 19:20:00+00:00,395.7200012207031,395.84991455078125,395.3741149902344,395.4800109863281,98094
2025-03-06 19:25:00+00:00,395.3023986816406,395.75,394.8800048828125,395.7200012207031,155271
2025-03-06 19:30:00+00:00,394.6499938964844,395.3299865722656,394.55999755859375,395.29998779296875,165763
2025-03-06 19:35:00+00:00,394.30999755859375,395.1199951171875,394.2900085449219,394.64990234375,182864
2025-03-06 19:40:00+00:00,394.7699890136719,394.9100036621094,394.2300109863281,394.32501220703125,242924
2025-03-06 19:45:00+00:00,396.44000244140625,396.79998779296875,394.7099914550781,394.7250061035156,361301
2025-03-06 19:50:00+00:00,396.0,397.09991455078125,396.0,396.43499755859375,338260
2025-03-06 19:55:00+00:00,395.05999755859375,396.0,394.8299865722656,395.9849853515625,175538
2025-03-06 20:00:00+00:00,395.19000244140625,395.8599853515625,394.6099853515625,394.9800109863281,180682
2025-03-06 20:05:00+00:00,395.4700012207031,396.239990234375,395.010009765625,395.1700134277344,144615
2025-03-06 20:10:00+00:00,395.8999938964844,396.0539855957031,395.3771057128906,395.44000244140625,211675
2025-03-06 20:15:00+00:00,396.32000732421875,396.3299865722656,395.5799865722656,395.8900146484375,152011
2025-03-06 20:20:00+00:00,395.68499755859375,396.5899963378906,395.3299865722656,396.2699890136719,202015
2025-03-06 20:25:00+00:00,396.9200134277344,396.9700012207031,395.5199890136719,395.7200012207031,270920
2025-03-06 20:30:00+00:00,396.7200012207031,397.9100036621094,396.6787109375,396.8800048828125,274511
2025-03-06 20:35:00+00:00,395.94000244140625,397.29998779296875,395.8999938964844,396.7099914550781,202347
2025-03-06 20:40:00+00:00,395.364990234375,396.1600036621094,395.2008972167969,395.8999938964844,285943
2025-03-06 20:45:00+00:00,395.8500061035156,395.9200134277344,394.95001220703125,395.32000732421875,290046
2025-03-06 20:50:00+00:00,397.0799865722656,397.1600036621094,395.6409912109375,395.9599914550781,457996
2025-03-06 20:55:00+00:00,397.0299987792969,397.55999755859375,396.5899963378906,397.0400085449219,800632
2025-03-07 14:30:00+00:00,393.4649963378906,393.6700134277344,391.3800048828125,392.0899963378906,1116183
2025-03-07 14:35:00+00:00,392.760009765625,394.1449890136719,392.3800048828125,393.5050048828125,278898
2025-03-07 14:40:00+00:00,393.8900146484375,394.260009765625,392.7650146484375,392.7650146484375,387300
2025-03-07 14:45:00+00:00,394.3949890136719,394.42999267578125,393.07000732421875,393.80499267578125,256104
2025-03-07 14:50:00+00:00,394.42999267578125,394.7300109863281,394.010009765625,394.3949890136719,252927
2025-03-07 14:55:00+00:00,392.5274963378906,394.79998779296875,392.3800048828125,394.44500732421875,284363
2025-03-07 15:00:00+00:00,392.42999267578125,392.8450012207031,391.55999755859375,392.4849853515625,367663
2025-03-07 15:05:00+00:00,393.6499938964844,393.9690856933594,392.1199951171875,392.3949890136719,195177
2025-03-07 15:10:00+00:00,393.05218505859375,393.7925109863281,392.572509765625,393.7900085449219,243342
2025-03-07 15:15:00+00:00,392.114990234375,393.04998779296875,391.5350036621094,393.04998779296875,251750
2025-03-07 15:20:00+00:00,392.5968017578125,392.9100036621094,392.010009765625,392.114990234375,555777
2025-03-07 15:25:00+00:00,391.3900146484375,392.55999755859375,391.25,392.44000244140625,219430
2025-03-07 15:30:00+00:00,389.1300048828125,391.385009765625,388.8399963378906,391.385009765625,461442
2025-03-07 15:35:00+00:00,389.20001220703125,389.6099853515625,388.80999755859375,389.0299987792969,221319
2025-03-07 15:40:00+00:00,388.8949890136719,389.239990234375,388.3299865722656,389.1600036621094,289133
2025-03-07 15:45:00+00:00,390.69500732421875,391.80999755859375,388.489990234375,388.94000244140625,334784
2025-03-07 15:50:00+00:00,390.9200134277344,391.4798889160156,389.9100036621094,390.75,198150
2025-03-07 15:55:00+00:00,390.8500061035156,391.2300109863281,390.1200866699219,390.7699890136719,164637
2025-03-07 16:00:00+00:00,389.95001220703125,390.6600036621094,389.4800109863281,390.55389404296875,150613
2025-03-07 16:05:00+00:00,389.9200134277344,390.55499267578125,389.4599914550781,389.9700012207031,165052
2025-03-07 16:10:00+00:00,389.67999267578125,390.2200012207031,389.32000732421875,390.0299987792969,171346
2025-03-07 16:15:00+00:00,388.79998779296875,389.80999755859375,388.7200012207031,389.7300109863281,145756
2025-03-07 16:20:00+00:00,388.3699951171875,389.05999755859375,388.1300048828125,388.8399963378906,183229
2025-03-07 16:25:00+00:00,387.902587890625,388.3949890136719,387.375,388.32501220703125,256975
2025-03-07 16:30:00+00:00,387.1199951171875,388.260009765625,387.1199951171875,387.9700012207031,218366
2025-03-07 16:35:00+00:00,386.8949890136719,387.32000732421875,386.6700134277344,387.19000244140625,244648
2025-03-07 16:40:00+00:00,386.68499755859375,386.9200134277344,385.9801025390625,386.79998779296875,272119
2025-03-07 16:45:00+00:00,386.5,386.80999755859375,386.0201110839844,386.6650085449219,226214
2025-03-07 16:50:00+00:00,386.4200134277344,386.70001220703125,385.82000732421875,386.489990234375,225890
2025-03-07 16:55:00+00:00,386.5440979003906,386.7799987792969,386.20001220703125,386.42999267578125,227836
2025-03-07 17:00:00+00:00,387.1600036621094,388.010009765625,386.6000061035156,386.6000061035156,216456
2025-03-07 17:05:00+00:00,386.1700134277344,387.4849853515625,385.7799987792969,387.1600036621094,159271
2025-03-07 17:10:00+00:00,386.2799987792969,386.45001220703125,385.5400085449219,386.17999267578125,209928
2025-03-07 17:15:00+00:00,385.82000732421875,386.44000244140625,385.6499938964844,386.3500061035156,145205
2025-03-07 17:20:00+00:00,386.9549865722656,387.0199890136719,385.7699890136719,385.8315124511719,186047
2025-03-07 17:25:00+00:00,387.7300109863281,387.7300109863281,386.7799987792969,386.95001220703125,124355
2025-03-07 17:30:00+00:00,388.5172119140625,388.6300964355469,387.1199951171875,387.739990234375,206454
2025-03-07 17:35:00+00:00,388.4200134277344,389.1199951171875,388.1000061035156,388.5,163796
2025-03-07 17:40:00+00:00,389.385009765625,389.4100036621094,388.29998779296875,388.3399963378906,138990
2025-03-07 17:45:00+00:00,389.1258850097656,389.94000244140625,388.9800109863281,389.3800048828125,154176
2025-03-07 17:50:00+00:00,390.25,390.2900085449219,389.0249938964844,389.1050109863281,161555
2025-03-07 17:55:00+00:00,388.2550048828125,390.489990234375,388.0329895019531,390.25,152228
2025-03-07 18:00:00+00:00,390.3999938964844,390.4599914550781,388.30999755859375,388.4100036621094,146207
2025-03-07 18:05:00+00:00,390.32000732421875,391.1600036621094,390.1000061035156,390.3599853515625,148406
2025-03-07 18:10:00+00:00,390.1600036621094,390.3900146484375,389.1400146484375,390.32000732421875,122933
2025-03-07 18:15:00+00:00,390.239990234375,390.3399963378906,389.67999267578125,390.1099853515625,103113
2025-03-07 18:20:00+00:00,390.0899963378906,390.7900085449219,389.92230224609375,390.17999267578125,163245
2025-03-07 18:25:00+00:00,390.1700134277344,390.4209899902344,389.7799987792969,390.0,107870
2025-03-07 18:30:00+00:00,390.3699951171875,390.7300109863281,389.80999755859375,390.0400085449219,101861
2025-03-07 18:35:00+00:00,391.34149169921875,391.42999267578125,390.05999755859375,390.3301086425781,149587
2025-03-07 18:40:00+00:00,391.239990234375,391.760009765625,390.6200866699219,391.2699890136719,114042
2025-03-07 18:45:00+00:00,390.95001220703125,391.42999267578125,390.760009765625,391.260009765625,159023
2025-03-07 18:50:00+00:00,391.6499938964844,391.7149963378906,390.75,390.9800109863281,176595
2025-03-07 18:55:00+00:00,391.75,391.7650146484375,391.1099853515625,391.69000244140625,87985
2025-03-07 19:00:00+00:00,392.3699951171875,392.4049987792969,391.5400085449219,391.7799987792969,167604
2025-03-07 19:05:00+00:00,391.55999755859375,392.3699951171875,391.3900146484375,392.3699951171875,177468
2025-03-07 19:10:00+00:00,392.42498779296875,392.6300048828125,391.6000061035156,391.6199951171875,121276
2025-03-07 19:15:00+00:00,393.1099853515625,393.239990234375,392.3699951171875,392.4549865722656,125719
2025-03-07 19:20:00+00:00,394.0199890136719,394.135009765625,393.1099853515625,393.1099853515625,187979
2025-03-07 19:25:00+00:00,393.6499938964844,394.0849914550781,393.0950012207031,394.0799865722656,127436
2025-03-07 19:30:00+00:00,393.8550109863281,394.1600036621094,393.45001220703125,393.6600036621094,140739
2025-03-07 19:35:00+00:00,394.06500244140625,394.25,393.1400146484375,393.8550109863281,137798
2025-03-07 19:40:00+00:00,393.30999755859375,394.25,393.1300048828125,394.1400146484375,106542
2025-03-07 19:45:00+00:00,392.80999755859375,393.32000732421875,392.5299987792969,393.32000732421875,138535
2025-03-07 19:50:00+00:00,392.8349914550781,393.05999755859375,392.55999755859375,392.7699890136719,143079
2025-03-07 19:55:00+00:00,393.1000061035156,393.3599853515625,392.8399963378906,392.92999267578125,96255
2025-03-07 20:00:00+00:00,392.5400085449219,393.0,392.29998779296875,393.0,151109
2025-03-07 20:05:00+00:00,393.2799987792969,393.3599853515625,392.5,392.5400085449219,150359
2025-03-07 20:10:00+00:00,392.8450012207031,393.6000061035156,392.760009765625,393.1449890136719,108964
2025-03-07 20:15:00+00:00,392.9800109863281,393.07000732421875,391.8901062011719,392.7699890136719,106851
2025-03-07 20:20:00+00:00,392.04998779296875,392.9700012207031,391.94000244140625,392.9700012207031,104122
2025-03-07 20:25:00+00:00,392.4200134277344,392.6000061035156,391.9465026855469,392.0249938964844,120011
2025-03-07 20:30:00+00:00,392.7099914550781,392.7099914550781,391.94000244140625,392.3500061035156,148111
2025-03-07 20:35:00+00:00,390.95001220703125,392.7799987792969,390.7349853515625,392.6700134277344,211837
2025-03-07 20:40:00+00:00,391.80999755859375,391.8500061035156,390.3500061035156,390.9649963378906,440823
2025-03-07 20:45:00+00:00,392.260009765625,392.39111328125,391.5799865722656,391.75,197533
2025-03-07 20:50:00+00:00,393.19000244140625,393.239990234375,391.3699951171875,392.2200012207031,425666
2025-03-07 20:55:00+00:00,393.32000732421875,394.239990234375,393.1400146484375,393.25,1302342
2025-03-10 13:30:00+00:00,384.4964904785156,385.95001220703125,383.55999755859375,384.1600036621094,1313037
2025-03-10 13:35:00+00:00,385.57391357421875,386.3349914550781,384.5,384.5,380859
2025-03-10 13:40:00+00:00,384.6000061035156,386.0299987792969,384.1199951171875,385.57501220703125,401680
2025-03-10 13:45:00+00:00,384.30999755859375,385.1400146484375,383.94000244140625,384.625,352659
2025-03-10 13:50:00+00:00,384.0199890136719,385.0486145019531,383.29998779296875,384.3599853515625,327279
2025-03-10 13:55:00+00:00,385.2152099609375,385.92999267578125,384.1000061035156,384.1000061035156,320021
2025-03-10 14:00:00+00:00,384.8550109863281,385.2099914550781,384.3135986328125,385.2099914550781,389310
2025-03-10 14:05:00+00:00,385.44000244140625,385.75,384.54998779296875,384.9049987792969,335348
2025-03-10 14:10:00+00:00,385.92999267578125,386.0,385.06500244140625,385.5400085449219,316334
2025-03-10 14:15:00+00:00,385.9750061035156,386.3999938964844,385.3900146484375,385.82000732421875,256051
2025-03-10 14:20:00+00:00,385.8699951171875,386.239990234375,384.989990234375,386.1000061035156,216509
2025-03-10 14:25:00+00:00,384.95001220703125,386.0799865722656,384.8800048828125,385.7900085449219,184649
2025-03-10 14:30:00+00:00,384.5,385.67999267578125,384.05999755859375,384.8900146484375,333162
2025-03-10 14:35:00+00:00,384.0199890136719,384.75,383.65008544921875,384.57000732421875,371336
2025-03-10 14:40:00+00:00,383.0249938964844,384.3999938964844,382.8900146484375,384.07000732421875,371224
2025-03-10 14:45:00+00:00,382.5874938964844,383.1400146484375,382.3399963378906,382.9100036621094,342264
2025-03-10 14:50:00+00:00,381.5249938964844,382.6199951171875,381.3800048828125,382.5950012207031,404782
2025-03-10 14:55:00+00:00,379.7677917480469,381.6300048828125,379.49798583984375,381.5400085449219,835459
2025-03-10 15:00:00+00:00,379.45001220703125,380.6300048828125,379.1700134277344,379.7449951171875,720330
2025-03-10 15:05:00+00:00,380.5299987792969,380.6600036621094,378.9100036621094,379.4100036621094,622527
2025-03-10 15:10:00+00:00,381.6000061035156,381.82989501953125,380.0,380.5400085449219,257449
2025-03-10 15:15:00+00:00,380.32000732421875,381.8399963378906,380.0299987792969,381.54998779296875,285547
2025-03-10 15:20:00+00:00,381.30499267578125,381.83758544921875,379.8800048828125,380.2900085449219,255979
2025-03-10 15:25:00+00:00,380.67999267578125,381.7900085449219,380.5400085449219,381.25,316022
2025-03-10 15:30:00+00:00,380.7987976074219,381.17999267578125,380.260009765625,380.7099914550781,326021
2025-03-10 15:35:00+00:00,381.57000732421875,381.8900146484375,380.67498779296875,380.7650146484375,245966
2025-03-10 15:40:00+00:00,381.42999267578125,381.80999755859375,380.8500061035156,381.57000732421875,347922
2025-03-10 15:45:00+00:00,381.92999267578125,382.20001220703125,381.01300048828125,381.489990234375,241655
2025-03-10 15:50:00+00:00,381.17999267578125,382.010009765625,381.04998779296875,381.8900146484375,286526
2025-03-10 15:55:00+00:00,380.87799072265625,381.17498779296875,380.2149963378906,381.17498779296875,350122
2025-03-10 16:00:00+00:00,381.1199951171875,381.3599853515625,380.75,380.80999755859375,267176
2025-03-10 16:05:00+00:00,381.29998779296875,381.625,380.8900146484375,381.1000061035156,165996
2025-03-10 16:10:00+00:00,382.3992919921875,382.3992919921875,381.29998779296875,381.3999938964844,154859
2025-03-10 16:15:00+00:00,381.1400146484375,382.39581298828125,381.06500244140625,382.3550109863281,156011
2025-03-10 16:20:00+00:00,381.3599853515625,381.4100036621094,380.6600036621094,381.20001220703125,203744
2025-03-10 16:25:00+00:00,381.92718505859375,382.1000061035156,381.3500061035156,381.385498046875,149001
2025-03-10 16:30:00+00:00,382.4800109863281,382.6400146484375,381.69000244140625,381.989990234375,240063
2025-03-10 16:35:00+00:00,380.739990234375,382.4700012207031,380.7300109863281,382.4700012207031,204253
2025-03-10 16:40:00+00:00,380.2950134277344,381.1300048828125,380.1499938964844,380.739990234375,212905
2025-03-10 16:45:00+00:00,380.5,380.94000244140625,380.2099914550781,380.29998779296875,245929
2025-03-10 16:50:00+00:00,380.9100036621094,381.5799865722656,380.4599914550781,380.55999755859375,153221
2025-03-10 16:55:00+00:00,380.92999267578125,381.4599914550781,380.6000061035156,380.9457092285156,169026
2025-03-10 17:00:00+00:00,380.7850036621094,381.3299865722656,380.32000732421875,380.8999938964844,177911
2025-03-10 17:05:00+00:00,380.70001220703125,381.0,380.3900146484375,380.7850036621094,145681
2025-03-10 17:10:00+00:00,380.8399963378906,381.0,379.8900146484375,380.6199951171875,297183
2025-03-10 17:15:00+00:00,380.625,381.1600036621094,380.42999267578125,380.79998779296875,181458
2025-03-10 17:20:00+00:00,381.05999755859375,381.3299865722656,380.6199951171875,380.635009765625,231810
2025-03-10 17:25:00+00:00,380.5,381.17999267578125,380.3699951171875,381.0400085449219,158611
2025-03-10 17:30:00+00:00,379.82501220703125,380.7200012207031,379.7799987792969,380.54998779296875,163735
2025-03-10 17:35:00+00:00,379.42999267578125,379.97918701171875,379.0400085449219,379.79998779296875,240325
2025-03-10 17:40:00+00:00,379.42999267578125,379.8323974609375,379.25,379.5400085449219,175123
2025-03-10 17:45:00+00:00,379.44000244140625,379.95001220703125,378.8999938964844,379.4259033203125,155541
2025-03-10 17:50:00+00:00,379.75,379.8534851074219,378.92999267578125,379.5899963378906,203061
2025-03-10 17:55:00+00:00,379.4200134277344,379.8800048828125,379.2300109863281,379.7231140136719,180601
2025-03-10 18:00:00+00:00,379.20001220703125,379.6199951171875,379.010009765625,379.3900146484375,300737
2025-03-10 18:05:00+00:00,378.8599853515625,379.2799987792969,378.2200012207031,379.2799987792969,290362
2025-03-10 18:10:00+00:00,379.3599853515625,380.2099914550781,378.8599853515625,378.8999938964844,299795
2025-03-10 18:15:00+00:00,379.3800048828125,379.92999267578125,379.25,379.41400146484375,220279
2025-03-10 18:20:00+00:00,379.8599853515625,379.9200134277344,379.3699951171875,379.44000244140625,163102
2025-03-10 18:25:00+00:00,379.9100036621094,380.0400085449219,379.3999938964844,379.8299865722656,143824
2025-03-10 18:30:00+00:00,379.7200012207031,380.23291015625,379.6206970214844,379.9100036621094,189095
2025-03-10 18:35:00+00:00,379.3599853515625,379.8169860839844,379.29998779296875,379.7491149902344,111385
2025-03-10 18:40:00+00:00,379.739990234375,379.80999755859375,379.1300048828125,379.3550109863281,179449
2025-03-10 18:45:00+00:00,379.6588134765625,380.0299987792969,379.4560852050781,379.70001220703125,160356
2025-03-10 18:50:00+00:00,379.0950012207031,379.8900146484375,379.0549011230469,379.6600036621094,135909
2025-03-10 18:55:00+00:00,378.67498779296875,379.1400146484375,378.5899963378906,379.0899963378906,219617
2025-03-10 19:00:00+00:00,378.2900085449219,379.05999755859375,378.04998779296875,378.67999267578125,194726
2025-03-10 19:05:00+00:00,377.3700866699219,378.69000244140625,377.2300109863281,378.2466125488281,412355
2025-03-10 19:10:00+00:00,378.239990234375,378.3299865722656,377.30999755859375,377.4200134277344,439185
2025-03-10 19:15:00+00:00,378.5899963378906,378.82000732421875,377.9433898925781,378.17999267578125,436330
2025-03-10 19:20:00+00:00,378.8800048828125,378.9800109863281,378.30999755859375,378.6099853515625,374514
2025-03-10 19:25:00+00:00,378.44500732421875,379.3999938964844,378.3999938964844,378.8800048828125,402836
2025-03-10 19:30:00+00:00,380.1549987792969,380.3399963378906,378.4100036621094,378.4100036621094,437265
2025-03-10 19:35:00+00:00,380.0799865722656,380.3399963378906,379.05999755859375,380.0899963378906,439009
2025-03-10 19:40:00+00:00,378.70001220703125,380.1700134277344,378.67498779296875,379.9800109863281,484014
2025-03-10 19:45:00+00:00,380.05999755859375,380.2200012207031,378.4009094238281,378.6600036621094,439922
2025-03-10 19:50:00+00:00,379.5199890136719,380.6400146484375,378.8599853515625,380.0,679688
2025-03-10 19:55:00+00:00,380.239990234375,380.79998779296875,379.1400146484375,379.54998779296875,1502603
2025-03-11 13:30:00+00:00,380.3800048828125,381.1600036621094,378.6505126953125,379.0,1370343
2025-03-11 13:35:00+00:00,380.9700927734375,381.29998779296875,379.3399963378906,380.3599853515625,410453
2025-03-11 13:40:00+00:00,381.20001220703125,381.8599853515625,380.0899963378906,380.92999267578125,330951
2025-03-11 13:45:00+00:00,381.5465087890625,381.7629089355469,380.6000061035156,381.1700134277344,317964
2025-03-11 13:50:00+00:00,381.1592102050781,382.6600036621094,380.8901062011719,381.5450134277344,370122
2025-03-11 13:55:00+00:00,381.5,381.8699951171875,380.7699890136719,381.2200012207031,376166
2025-03-11 14:00:00+00:00,380.81500244140625,383.3900146484375,380.2117919921875,381.5,663761
2025-03-11 14:05:00+00:00,383.5299987792969,383.6400146484375,380.6300048828125,380.80999755859375,407225
2025-03-11 14:10:00+00:00,382.260009765625,383.6300048828125,381.8299865722656,383.5299987792969,326347
2025-03-11 14:15:00+00:00,382.8299865722656,383.45001220703125,381.8999938964844,382.30999755859375,402878
2025-03-11 14:20:00+00:00,383.1499938964844,383.8599853515625,382.7615966796875,382.80499267578125,401956
2025-03-11 14:25:00+00:00,383.0,383.30999755859375,382.29998779296875,383.19000244140625,405772
2025-03-11 14:30:00+00:00,383.4200134277344,384.1300048828125,382.7699890136719,382.9599914550781,435411
2025-03-11 14:35:00+00:00,383.1499938964844,384.4200134277344,382.6300048828125,383.54998779296875,380482
2025-03-11 14:40:00+00:00,383.0199890136719,383.79998779296875,382.3299865722656,383.1499938964844,299518
2025-03-11 14:45:00+00:00,382.1700134277344,383.9200134277344,381.68011474609375,382.9949951171875,284861
2025-03-11 14:50:00+00:00,383.3900146484375,383.3900146484375,381.79998779296875,382.05499267578125,346985
2025-03-11 14:55:00+00:00,381.9700012207031,383.7699890136719,381.8999938964844,383.3900146484375,232332
2025-03-11 15:00:00+00:00,382.0150146484375,383.07501220703125,381.760009765625,382.1000061035156,281946
2025-03-11 15:05:00+00:00,384.9801025390625,385.2200012207031,382.0199890136719,382.0199890136719,328299
2025-03-11 15:10:00+00:00,385.0799865722656,385.9599914550781,384.5899963378906,384.9599914550781,273696
2025-03-11 15:15:00+00:00,384.2149963378906,385.7799987792969,383.8399963378906,385.0450134277344,227493
2025-03-11 15:20:00+00:00,383.2449951171875,384.55999755859375,383.0299987792969,384.1199951171875,182211
2025-03-11 15:25:00+00:00,382.9407958984375,384.0799865722656,382.8999938964844,383.19000244140625,162096
2025-03-11 15:30:00+00:00,383.19000244140625,383.8599853515625,382.67999267578125,382.95001220703125,169214
2025-03-11 15:35:00+00:00,383.0199890136719,383.5199890136719,382.2300109863281,383.19000244140625,163336
2025-03-11 15:40:00+00:00,383.239990234375,383.8988952636719,382.8900146484375,382.95001220703125,213918
2025-03-11 15:45:00+00:00,383.0199890136719,383.45001220703125,382.07000732421875,383.239990234375,169205
2025-03-11 15:50:00+00:00,383.093994140625,383.385009765625,382.75,383.0400085449219,135217
2025-03-11 15:55:00+00:00,382.0,383.3800048828125,381.7850036621094,383.06500244140625,194616
2025-03-11 16:00:00+00:00,381.3399963378906,381.94000244140625,381.05999755859375,381.94000244140625,131819
2025-03-11 16:05:00+00:00,380.6199035644531,381.82000732421875,380.3349914550781,381.2799987792969,179279
2025-03-11 16:10:00+00:00,379.8399963378906,380.6400146484375,379.5646057128906,380.55499267578125,189910
2025-03-11 16:15:00+00:00,380.5133972167969,380.6400146484375,379.70001220703125,379.8299865722656,231047
2025-03-11 16:20:00+00:00,381.0799865722656,381.3599853515625,380.3900146484375,380.5299987792969,111352
2025-03-11 16:25:00+00:00,381.17498779296875,381.75,380.84130859375,381.0849914550781,162692
2025-03-11 16:30:00+00:00,381.5050048828125,381.7131042480469,380.9849853515625,381.30499267578125,125219
2025-03-11 16:35:00+00:00,380.581298828125,381.7900085449219,380.581298828125,381.3299865722656,103214
2025-03-11 16:40:00+00:00,380.3634948730469,381.3266906738281,380.07000732421875,380.635009765625,151703
2025-03-11 16:45:00+00:00,380.4599914550781,380.6600036621094,380.07000732421875,380.4150085449219,103913
2025-03-11 16:50:00+00:00,379.32000732421875,380.489990234375,378.9549865722656,380.4424133300781,148628
2025-03-11 16:55:00+00:00,379.4270935058594,379.69500732421875,378.7799987792969,379.279296875,136031
2025-03-11 17:00:00+00:00,378.8900146484375,379.5199890136719,378.7200012207031,379.3446960449219,172205
2025-03-11 17:05:00+00:00,379.07000732421875,379.2388916015625,378.7200012207031,378.8900146484375,133304
2025-03-11 17:10:00+00:00,378.82000732421875,379.3349914550781,378.7699890136719,379.1050109863281,92762
2025-03-11 17:15:00+00:00,378.7699890136719,379.25,378.6099853515625,378.8699951171875,150190
2025-03-11 17:20:00+00:00,377.5101013183594,378.8599853515625,377.1300048828125,378.739990234375,289795
2025-03-11 17:25:00+00:00,377.2099914550781,377.7200012207031,376.9100036621094,377.5899963378906,254752
2025-03-11 17:30:00+00:00,377.3949890136719,378.3599853515625,377.055908203125,377.1600036621094,237001
2025-03-11 17:35:00+00:00,377.9599914550781,378.1099853515625,377.1099853515625,377.4100036621094,155275
2025-03-11 17:40:00+00:00,378.7250061035156,378.7550048828125,377.94000244140625,378.0,138968
2025-03-11 17:45:00+00:00,379.3612976074219,379.8299865722656,378.6099853515625,378.7200012207031,138156
2025-03-11 17:50:00+00:00,379.2315979003906,379.760009765625,378.8500061035156,379.30999755859375,124102
2025-03-11 17:55:00+00:00,379.0799865722656,379.42999267578125,378.3399963378906,379.25,229867
2025-03-11 18:00:00+00:00,380.92999267578125,381.2099914550781,379.0199890136719,379.04998779296875,246442
2025-03-11 18:05:00+00:00,380.8190002441406,381.2900085449219,380.3900146484375,380.9049987792969,154068
2025-03-11 18:10:00+00:00,381.65948486328125,381.8699951171875,380.8599853515625,380.8599853515625,119227
2025-03-11 18:15:00+00:00,381.6700134277344,381.760009765625,381.17999267578125,381.6650085449219,104806
2025-03-11 18:20:00+00:00,381.739990234375,382.54998779296875,381.381591796875,381.6099853515625,143186
2025-03-11 18:25:00+00:00,381.79998779296875,382.0,381.260009765625,381.67999267578125,144095
2025-03-11 18:30:00+00:00,381.5700988769531,382.07000732421875,381.2550048828125,381.81500244140625,145053
2025-03-11 18:35:00+00:00,382.1968078613281,382.44000244140625,381.28839111328125,381.6000061035156,100853
2025-03-11 18:40:00+00:00,383.2799987792969,383.5050048828125,382.1600036621094,382.2900085449219,255208
2025-03-11 18:45:00+00:00,383.8299865722656,383.94000244140625,382.885009765625,383.2875061035156,238240
2025-03-11 18:50:00+00:00,383.9200134277344,384.6098937988281,383.6700134277344,383.8140869140625,303516
2025-03-11 18:55:00+00:00,384.0,384.29998779296875,383.58599853515625,383.8999938964844,302627
2025-03-11 19:00:00+00:00,383.79998779296875,384.17999267578125,383.0899963378906,383.8800048828125,235381
2025-03-11 19:05:00+00:00,385.1000061035156,385.3900146484375,383.8500061035156,383.8500061035156,325054
2025-03-11 19:10:00+00:00,384.2049865722656,385.069091796875,384.1700134277344,385.069091796875,241916
2025-03-11 19:15:00+00:00,383.70001220703125,384.2699890136719,383.25,384.2200012207031,161672
2025-03-11 19:20:00+00:00,382.4549865722656,384.2799987792969,382.3399963378906,383.7113952636719,158747
2025-03-11 19:25:00+00:00,383.1199951171875,383.6000061035156,382.3399963378906,382.5150146484375,187493
2025-03-11 19:30:00+00:00,382.4800109863281,383.3599853515625,382.42999267578125,383.17999267578125,137948
2025-03-11 19:35:00+00:00,382.4100036621094,383.20001220703125,382.1400146484375,382.510009765625,180919
2025-03-11 19:40:00+00:00,382.8550109863281,382.989990234375,382.0,382.3800048828125,174817
2025-03-11 19:45:00+00:00,383.260009765625,383.3399963378906,382.385009765625,382.8059997558594,137685
2025-03-11 19:50:00+00:00,381.67999267578125,383.20001220703125,381.30999755859375,383.20001220703125,366468
2025-03-11 19:55:00+00:00,380.2200012207031,381.79998779296875,380.17999267578125,381.7099914550781,1014531
2025-03-12 13:30:00+00:00,384.0400085449219,384.8399963378906,381.6199951171875,382.85198974609375,1362675
2025-03-12 13:35:00+00:00,381.66009521484375,384.5481872558594,381.32000732421875,384.1000061035156,539075
2025-03-12 13:40:00+00:00,380.45001220703125,382.1094055175781,380.1600036621094,381.7799987792969,438339
2025-03-12 13:45:00+00:00,380.3099060058594,381.0899963378906,379.4100036621094,380.6499938964844,347469
2025-03-12 13:50:00+00:00,380.2850036621094,381.6199951171875,380.2200012207031,380.30999755859375,251909
2025-03-12 13:55:00+00:00,381.04998779296875,381.2099914550781,379.6099853515625,380.2850036621094,328252
2025-03-12 14:00:00+00:00,380.760009765625,381.0799865722656,379.4100036621094,381.0,357303
2025-03-12 14:05:00+00:00,381.4049987792969,381.5899963378906,380.70001220703125,380.75,334058
2025-03-12 14:10:00+00:00,380.14788818359375,381.70001220703125,379.9200134277344,381.4049987792969,232821
2025-03-12 14:15:00+00:00,380.1099853515625,380.3500061035156,379.44000244140625,379.9750061035156,177572
2025-03-12 14:20:00+00:00,380.04998779296875,380.71990966796875,379.7300109863281,380.1600036621094,185748
2025-03-12 14:25:00+00:00,380.489990234375,380.8599853515625,380.0299987792969,380.0299987792969,179478
2025-03-12 14:30:00+00:00,380.4599914550781,380.98199462890625,379.8800048828125,380.4825134277344,187775
2025-03-12 14:35:00+00:00,380.8900146484375,381.0899963378906,380.2300109863281,380.3999938964844,156348
2025-03-12 14:40:00+00:00,381.1300048828125,381.3500061035156,380.6000061035156,380.92999267578125,289250
2025-03-12 14:45:00+00:00,380.7699890136719,381.19000244140625,380.3599853515625,381.1199951171875,210645
2025-03-12 14:50:00+00:00,380.94500732421875,381.04998779296875,380.20001220703125,380.7099914550781,167136
2025-03-12 14:55:00+00:00,379.7449951171875,380.9200134277344,379.6099853515625,380.8999938964844,205566
2025-03-12 15:00:00+00:00,379.3500061035156,379.9150085449219,379.05999755859375,379.760009765625,224628
2025-03-12 15:05:00+00:00,379.7499084472656,380.05999755859375,378.9507141113281,379.3800048828125,188943
2025-03-12 15:10:00+00:00,380.19500732421875,380.25,379.375,379.7699890136719,137622
2025-03-12 15:15:00+00:00,380.8699951171875,381.0899963378906,379.7200012207031,380.19000244140625,204225
2025-03-12 15:20:00+00:00,381.7300109863281,381.8500061035156,380.6806945800781,380.8699951171875,200669
2025-03-12 15:25:00+00:00,381.5700988769531,382.1099853515625,381.2659912109375,381.67999267578125,174390
2025-03-12 15:30:00+00:00,381.70001220703125,382.2049865722656,381.2900085449219,381.6499938964844,133786
2025-03-12 15:35:00+00:00,382.2550048828125,382.5199890136719,381.7449951171875,381.7449951171875,156952
2025-03-12 15:40:00+00:00,382.3900146484375,382.54998779296875,382.04998779296875,382.2550048828125,146927
2025-03-12 15:45:00+00:00,382.5400085449219,382.9071044921875,382.1400146484375,382.4100036621094,192018
2025-03-12 15:50:00+00:00,383.0,383.25,382.489990234375,382.59228515625,133574
2025-03-12 15:55:00+00:00,383.1300048828125,383.17999267578125,382.2699890136719,383.1000061035156,157483
2025-03-12 16:00:00+00:00,383.1300048828125,383.2900085449219,382.69500732421875,383.1300048828125,126896
2025-03-12 16:05:00+00:00,383.57501220703125,383.65020751953125,383.0,383.1400146484375,205101
2025-03-12 16:10:00+00:00,384.2200012207031,384.2699890136719,383.0899963378906,383.5199890136719,206596
2025-03-12 16:15:00+00:00,384.44000244140625,384.44000244140625,383.7388916015625,384.2699890136719,172623
2025-03-12 16:20:00+00:00,384.0849914550781,384.7536926269531,383.9949951171875,384.4049987792969,147874
2025-03-12 16:25:00+00:00,384.06500244140625,384.42999267578125,383.714111328125,384.1199951171875,206312
2025-03-12 16:30:00+00:00,384.864990234375,384.8900146484375,384.1499938964844,384.1499938964844,131297
2025-03-12 16:35:00+00:00,384.3196105957031,385.21649169921875,384.3196105957031,384.8900146484375,251612
2025-03-12 16:40:00+00:00,383.052001953125,384.2799987792969,382.8800048828125,384.2699890136719,172323
2025-03-12 16:45:00+00:00,384.2767028808594,384.3489990234375,383.0299987792969,383.0899963378906,117337
2025-03-12 16:50:00+00:00,384.3800048828125,384.7699890136719,384.0799865722656,384.3399963378906,119436
2025-03-12 16:55:00+00:00,383.42999267578125,384.58990478515625,383.3900146484375,384.489990234375,117028
2025-03-12 17:00:00+00:00,383.4949951171875,383.69879150390625,383.1099853515625,383.4649963378906,111118
2025-03-12 17:05:00+00:00,383.69000244140625,383.7200012207031,383.010009765625,383.4549865722656,245878
2025-03-12 17:10:00+00:00,384.02130126953125,384.0899963378906,383.3299865722656,383.69000244140625,126125
2025-03-12 17:15:00+00:00,383.7799987792969,384.05999755859375,383.1929931640625,384.04998779296875,90311
2025-03-12 17:20:00+00:00,383.9949951171875,384.1700134277344,383.6499938964844,383.80999755859375,86581
2025-03-12 17:25:00+00:00,384.1449890136719,384.20001220703125,383.6199951171875,383.92999267578125,88623
2025-03-12 17:30:00+00:00,384.010009765625,384.3800048828125,383.7900085449219,384.1199951171875,96422
2025-03-12 17:35:00+00:00,383.70001220703125,384.32000732421875,383.6000061035156,384.0625,138192
2025-03-12 17:40:00+00:00,383.7200012207031,383.9599914550781,383.5,383.6650085449219,134332
2025-03-12 17:45:00+00:00,383.20001220703125,384.1099853515625,383.0935974121094,383.70001220703125,187404
2025-03-12 17:50:00+00:00,382.3949890136719,383.3500061035156,382.2699890136719,383.25,197108
2025-03-12 17:55:00+00:00,381.552001953125,382.4200134277344,381.552001953125,382.4200134277344,146108
2025-03-12 18:00:00+00:00,382.2200012207031,382.80999755859375,381.4599914550781,381.5849914550781,219793
2025-03-12 18:05:00+00:00,382.1000061035156,382.2900085449219,381.8210144042969,382.19000244140625,174087
2025-03-12 18:10:00+00:00,382.32501220703125,382.54998779296875,382.010009765625,382.1099853515625,135010
2025-03-12 18:15:00+00:00,382.2250061035156,382.3608093261719,381.8699951171875,382.2900085449219,171833
2025-03-12 18:20:00+00:00,382.010009765625,382.6000061035156,381.7300109863281,382.2900085449219,120893
2025-03-12 18:25:00+00:00,382.7850036621094,382.8500061035156,381.81500244140625,382.0,104820
2025-03-12 18:30:00+00:00,382.7349853515625,383.0,382.510009765625,382.82000732421875,126146
2025-03-12 18:35:00+00:00,383.1400146484375,383.19000244140625,382.6099853515625,382.760009765625,177803
2025-03-12 18:40:00+00:00,383.82000732421875,383.8800048828125,383.0199890136719,383.1400146484375,169782
2025-03-12 18:45:00+00:00,384.9700012207031,385.0,383.7500915527344,383.8157958984375,214424
2025-03-12 18:50:00+00:00,384.3800048828125,384.94000244140625,383.9559020996094,384.9200134277344,140616
2025-03-12 18:55:00+00:00,384.510009765625,384.625,383.9200134277344,384.3599853515625,141812
2025-03-12 19:00:00+00:00,383.8876953125,384.5,383.7250061035156,384.5,152820
2025-03-12 19:05:00+00:00,383.9599914550781,384.0899963378906,383.6816101074219,383.94000244140625,119825
2025-03-12 19:10:00+00:00,384.0032958984375,384.2550048828125,383.82000732421875,383.9100036621094,112504
2025-03-12 19:15:00+00:00,383.1449890136719,384.2099914550781,380.6000061035156,383.9800109863281,1463034
2025-03-12 19:20:00+00:00,382.8599853515625,383.8599853515625,382.5,383.0885009765625,428996
2025-03-12 19:25:00+00:00,383.2699890136719,383.9800109863281,382.7900085449219,382.8599853515625,318212
2025-03-12 19:30:00+00:00,383.6199951171875,384.2900085449219,383.30499267578125,383.30499267578125,323693
2025-03-12 19:35:00+00:00,382.7658996582031,383.5899963378906,382.5400085449219,383.5799865722656,209227
2025-03-12 19:40:00+00:00,383.25,383.364990234375,382.3894958496094,382.760009765625,228699
2025-03-12 19:45:00+00:00,383.80999755859375,383.94000244140625,383.1300048828125,383.29998779296875,270587
2025-03-12 19:50:00+00:00,383.6000061035156,383.95001220703125,382.760009765625,383.79998779296875,490167
2025-03-12 19:55:00+00:00,383.2799987792969,384.3500061035156,383.2049865722656,383.5799865722656,1000917
2025-03-13 13:30:00+00:00,384.54998779296875,385.3099060058594,382.5899963378906,383.1549987792969,1297252
2025-03-13 13:35:00+00:00,383.2200012207031,384.41839599609375,382.6300048828125,384.41839599609375,272206
2025-03-13 13:40:00+00:00,381.7200012207031,383.30999755859375,381.7200012207031,383.135009765625,244248
2025-03-13 13:45:00+00:00,381.6499938964844,382.7699890136719,381.4800109863281,381.75,294517
2025-03-13 13:50:00+00:00,381.0293884277344,382.07000732421875,380.8999938964844,381.7099914550781,355743
2025-03-13 13:55:00+00:00,380.4800109863281,381.3699951171875,380.0899963378906,381.07000732421875,251023
2025-03-13 14:00:00+00:00,381.81500244140625,381.889892578125,380.1000061035156,380.5199890136719,222723
2025-03-13 14:05:00+00:00,382.7699890136719,383.2699890136719,381.8399963378906,381.8399963378906,330412
2025-03-13 14:10:00+00:00,383.260009765625,383.3599853515625,382.4849853515625,382.82000732421875,232955
2025-03-13 14:15:00+00:00,383.6400146484375,384.0899963378906,383.1455993652344,383.260009765625,213235
2025-03-13 14:20:00+00:00,383.489990234375,383.88641357421875,383.0299987792969,383.5199890136719,181985
2025-03-13 14:25:00+00:00,382.4750061035156,383.7799072265625,382.3949890136719,383.5350036621094,155705
2025-03-13 14:30:00+00:00,381.989990234375,383.07000732421875,381.82000732421875,382.4917907714844,160925
2025-03-13 14:35:00+00:00,381.5199890136719,382.2300109863281,381.20001220703125,382.0199890136719,217380
2025-03-13 14:40:00+00:00,381.3699951171875,381.7200012207031,381.1199951171875,381.4849853515625,166354
2025-03-13 14:45:00+00:00,381.30999755859375,381.6700134277344,380.9700012207031,381.3500061035156,137316
2025-03-13 14:50:00+00:00,382.3949890136719,382.7442932128906,381.2699890136719,381.3299865722656,136953
2025-03-13 14:55:00+00:00,382.05999755859375,382.5799865722656,381.7200012207031,382.3699951171875,163021
2025-03-13 15:00:00+00:00,382.44000244140625,382.8399963378906,382.05999755859375,382.05999755859375,356052
2025-03-13 15:05:00+00:00,381.44000244140625,382.6499938964844,381.3900146484375,382.3900146484375,164417
2025-03-13 15:10:00+00:00,381.2099914550781,381.6400146484375,381.0924987792969,381.4800109863281,108258
2025-03-13 15:15:00+00:00,380.81500244140625,381.260009765625,380.67181396484375,381.260009765625,132420
2025-03-13 15:20:00+00:00,380.4200134277344,380.7699890136719,380.04998779296875,380.7699890136719,156343
2025-03-13 15:25:00+00:00,379.80999755859375,380.6400146484375,379.6700134277344,380.4100036621094,199549
2025-03-13 15:30:00+00:00,380.1449890136719,380.25,379.7001037597656,379.7699890136719,115430
2025-03-13 15:35:00+00:00,379.19000244140625,380.1199951171875,378.8999938964844,380.114990234375,171393
2025-03-13 15:40:00+00:00,379.9700012207031,380.5199890136719,378.8500061035156,379.2300109863281,282812
2025-03-13 15:45:00+00:00,380.2099914550781,380.29998779296875,379.4800109863281,379.94000244140625,152727
2025-03-13 15:50:00+00:00,379.57000732421875,380.2699890136719,379.5,380.19000244140625,145116
2025-03-13 15:55:00+00:00,379.3374938964844,379.75,379.2300109863281,379.6199951171875,156434
2025-03-13 16:00:00+00:00,379.7550048828125,379.9150085449219,379.1000061035156,379.3699951171875,259541
2025-03-13 16:05:00+00:00,380.2250061035156,380.32000732421875,379.05999755859375,379.7799987792969,157238
2025-03-13 16:10:00+00:00,379.2149963378906,380.2200012207031,379.17999267578125,380.2149963378906,179894
2025-03-13 16:15:00+00:00,379.3949890136719,379.5400085449219,379.010009765625,379.239990234375,171524
2025-03-13 16:20:00+00:00,379.04998779296875,379.69000244140625,378.9200134277344,379.42498779296875,248125
2025-03-13 16:25:00+00:00,379.2868957519531,379.3800048828125,378.6864013671875,379.0799865722656,182910
2025-03-13 16:30:00+00:00,380.1199951171875,380.17999267578125,379.05999755859375,379.2749938964844,178908
2025-03-13 16:35:00+00:00,380.5,380.7200012207031,379.7699890136719,380.1199951171875,180837
2025-03-13 16:40:00+00:00,379.53839111328125,380.6199951171875,379.4700012207031,380.5150146484375,157910
2025-03-13 16:45:00+00:00,378.5249938964844,379.6400146484375,378.17999267578125,379.5400085449219,204949
2025-03-13 16:50:00+00:00,379.0802917480469,379.6400146484375,378.3399963378906,378.57000732421875,171539
2025-03-13 16:55:00+00:00,379.6499938964844,379.7200012207031,378.739990234375,379.1499938964844,128646
2025-03-13 17:00:00+00:00,379.53509521484375,379.80999755859375,379.0299987792969,379.6099853515625,304520
2025-03-13 17:05:00+00:00,379.0400085449219,379.8550109863281,379.0400085449219,379.67999267578125,86589
2025-03-13 17:10:00+00:00,378.7253112792969,379.0849914550781,378.5,379.0,136779
2025-03-13 17:15:00+00:00,378.1549987792969,378.7099914550781,378.05999755859375,378.6600036621094,136154
2025-03-13 17:20:00+00:00,378.3999938964844,378.80999755859375,378.04998779296875,378.17999267578125,149432
2025-03-13 17:25:00+00:00,378.760009765625,378.989990234375,378.3299865722656,378.3299865722656,121824
2025-03-13 17:30:00+00:00,378.0400085449219,378.82000732421875,378.0299987792969,378.6700134277344,101813
2025-03-13 17:35:00+00:00,378.0245056152344,378.30999755859375,377.8500061035156,378.0199890136719,153401
2025-03-13 17:40:00+00:00,377.9024963378906,378.4100036621094,377.8699951171875,378.04998779296875,112686
2025-03-13 17:45:00+00:00,378.05999755859375,378.3299865722656,377.8500061035156,377.94000244140625,138035
2025-03-13 17:50:00+00:00,378.4649963378906,378.4649963378906,377.9801025390625,378.0899963378906,152317
2025-03-13 17:55:00+00:00,377.989990234375,378.4649963378906,377.80010986328125,378.4649963378906,103753
2025-03-13 18:00:00+00:00,378.6700134277344,378.8818054199219,377.8800048828125,377.95001220703125,145731
2025-03-13 18:05:00+00:00,378.8800048828125,379.1700134277344,378.5199890136719,378.68499755859375,159935
2025-03-13 18:10:00+00:00,379.4700012207031,379.67498779296875,378.79998779296875,378.8500061035156,118197
2025-03-13 18:15:00+00:00,378.9800109863281,379.42999267578125,378.7615051269531,379.42999267578125,114201
2025-03-13 18:20:00+00:00,379.5299987792969,379.6600036621094,378.80999755859375,378.94000244140625,108469
2025-03-13 18:25:00+00:00,380.0150146484375,380.0150146484375,379.5400085449219,379.6000061035156,128087
2025-03-13 18:30:00+00:00,379.44500732421875,380.010009765625,379.42010498046875,380.010009765625,174975
2025-03-13 18:35:00+00:00,379.93499755859375,380.05999755859375,379.42999267578125,379.44000244140625,104922
2025-03-13 18:40:00+00:00,380.2799987792969,380.3599853515625,379.7699890136719,379.8999938964844,100177
2025-03-13 18:45:00+00:00,380.114990234375,380.3974914550781,379.8804931640625,380.260009765625,117832
2025-03-13 18:50:00+00:00,379.81500244140625,380.1549987792969,379.3399963378906,380.1549987792969,118525
2025-03-13 18:55:00+00:00,380.04998779296875,380.1050109863281,379.55999755859375,379.79998779296875,106075
2025-03-13 19:00:00+00:00,379.8399963378906,380.5050048828125,379.70001220703125,379.95001220703125,163736
2025-03-13 19:05:00+00:00,379.1499938964844,379.8399963378906,378.9100036621094,379.8399963378906,135778
2025-03-13 19:10:00+00:00,379.3500061035156,379.5,379.010009765625,379.0799865722656,162652
2025-03-13 19:15:00+00:00,379.6050109863281,379.6300048828125,379.30999755859375,379.4100036621094,127394
2025-03-13 19:20:00+00:00,379.2410888671875,379.56500244140625,379.1300048828125,379.5400085449219,111097
2025-03-13 19:25:00+00:00,378.82000732421875,379.2300109863281,378.3599853515625,379.20001220703125,182541
2025-03-13 19:30:00+00:00,378.82000732421875,379.0,378.4078063964844,378.82000732421875,270023
2025-03-13 19:35:00+00:00,377.8684997558594,378.7799987792969,377.8500061035156,378.7799987792969,192265
2025-03-13 19:40:00+00:00,378.2099914550781,378.281005859375,377.610107421875,377.8500061035156,232087
2025-03-13 19:45:00+00:00,378.2300109863281,378.489990234375,377.95001220703125,378.2099914550781,181698
2025-03-13 19:50:00+00:00,378.07000732421875,378.3500061035156,377.45001220703125,378.2149963378906,445017
2025-03-13 19:55:00+00:00,378.8299865722656,378.92999267578125,378.0450134277344,378.1050109863281,874929
2025-03-14 13:30:00+00:00,382.42999267578125,382.79840087890625,379.510009765625,381.0350036621094,1274129
2025-03-14 13:35:00+00:00,383.4700012207031,383.59051513671875,382.1499938964844,382.3699951171875,386718
2025-03-14 13:40:00+00:00,383.30999755859375,383.7300109863281,382.8301086425781,383.5799865722656,228879
2025-03-14 13:45:00+00:00,384.0777893066406,384.3399963378906,383.2900085449219,383.2900085449219,249863
2025-03-14 13:50:00+00:00,383.760009765625,384.3900146484375,383.32000732421875,384.19000244140625,175947
2025-03-14 13:55:00+00:00,383.25,384.07000732421875,383.04998779296875,383.69000244140625,192967
2025-03-14 14:00:00+00:00,382.6600036621094,383.2449951171875,381.6499938964844,383.1199951171875,352031
2025-03-14 14:05:00+00:00,382.1954040527344,383.2889099121094,382.0299987792969,382.6449890136719,149343
2025-03-14 14:10:00+00:00,381.8782958984375,382.5386047363281,381.28118896484375,382.2699890136719,140684
2025-03-14 14:15:00+00:00,381.19000244140625,381.9800109863281,381.1600036621094,381.7650146484375,144661
2025-03-14 14:20:00+00:00,381.9800109863281,382.1600036621094,380.6400146484375,381.2149963378906,191073
2025-03-14 14:25:00+00:00,381.5350036621094,382.07000732421875,381.2850036621094,382.0299987792969,146464
2025-03-14 14:30:00+00:00,382.20001220703125,382.3800048828125,381.3999938964844,381.5350036621094,193761
2025-03-14 14:35:00+00:00,383.2900085449219,383.2900085449219,381.82000732421875,382.19000244140625,165508
2025-03-14 14:40:00+00:00,383.9700012207031,383.9700012207031,383.17999267578125,383.17999267578125,168055
2025-03-14 14:45:00+00:00,384.3500061035156,384.4700012207031,383.8900146484375,383.8900146484375,204145
2025-03-14 14:50:00+00:00,384.42999267578125,384.8299865722656,384.25,384.3699951171875,158823
2025-03-14 14:55:00+00:00,385.3900146484375,385.45001220703125,384.1199951171875,384.42498779296875,220786
2025-03-14 15:00:00+00:00,385.56500244140625,385.94000244140625,385.3500061035156,385.44000244140625,251057
2025-03-14 15:05:00+00:00,385.2149963378906,385.8599853515625,385.1099853515625,385.56500244140625,147895
2025-03-14 15:10:00+00:00,384.75,385.54998779296875,384.55010986328125,385.1600036621094,141923
2025-03-14 15:15:00+00:00,385.125,385.18719482421875,384.67999267578125,384.7900085449219,99053
2025-03-14 15:20:00+00:00,385.32000732421875,385.489990234375,385.0799865722656,385.19000244140625,157582
2025-03-14 15:25:00+00:00,385.2349853515625,385.4200134277344,384.78399658203125,385.3559875488281,138989
2025-03-14 15:30:00+00:00,385.8299865722656,385.9100036621094,385.07000732421875,385.2799987792969,132082
2025-03-14 15:35:00+00:00,386.92999267578125,386.9599914550781,385.7200012207031,385.80999755859375,273741
2025-03-14 15:40:00+00:00,387.1600036621094,387.3999938964844,386.7699890136719,386.93499755859375,387808
2025-03-14 15:45:00+00:00,386.44000244140625,387.239990234375,386.19000244140625,387.20001220703125,190307
2025-03-14 15:50:00+00:00,386.364990234375,386.45001220703125,385.8900146484375,386.4150085449219,94361
2025-03-14 15:55:00+00:00,386.9949951171875,387.04998779296875,386.239990234375,386.3299865722656,124167
2025-03-14 16:00:00+00:00,386.8450012207031,387.2300109863281,386.80999755859375,387.0400085449219,120284
2025-03-14 16:05:00+00:00,386.5,386.8999938964844,386.4100036621094,386.80010986328125,121702
2025-03-14 16:10:00+00:00,386.5,386.7449951171875,386.385009765625,386.5400085449219,89836
2025-03-14 16:15:00+00:00,386.4750061035156,386.6199951171875,386.2200012207031,386.4949951171875,119176
2025-03-14 16:20:00+00:00,386.7650146484375,386.95001220703125,386.4599914550781,386.5050048828125,106959
2025-03-14 16:25:00+00:00,386.18499755859375,386.9200134277344,386.125,386.7650146484375,89642
2025-03-14 16:30:00+00:00,386.43499755859375,386.43499755859375,385.90350341796875,386.0950012207031,93243
2025-03-14 16:35:00+00:00,386.7950134277344,387.2200012207031,386.41241455078125,386.41241455078125,179190
2025-03-14 16:40:00+00:00,387.0199890136719,387.2598876953125,386.92999267578125,386.94000244140625,85127
2025-03-14 16:45:00+00:00,387.25,387.25,386.9100036621094,387.0450134277344,75066
2025-03-14 16:50:00+00:00,387.7099914550781,387.8492126464844,387.2300109863281,387.3299865722656,112033
2025-03-14 16:55:00+00:00,387.70989990234375,387.7799987792969,387.44000244140625,387.7049865722656,107605
2025-03-14 17:00:00+00:00,387.6650085449219,388.29998779296875,387.5,387.6499938964844,206113
2025-03-14 17:05:00+00:00,388.06988525390625,388.1099853515625,387.4700012207031,387.6155090332031,83683
2025-03-14 17:10:00+00:00,387.67999267578125,388.06781005859375,387.510009765625,388.0000915527344,89981
2025-03-14 17:15:00+00:00,387.6549987792969,388.010009765625,387.4949951171875,387.67999267578125,73760
2025-03-14 17:20:00+00:00,387.69061279296875,388.04901123046875,387.590087890625,387.614990234375,119678
2025-03-14 17:25:00+00:00,387.69000244140625,388.0400085449219,387.56500244140625,387.7099914550781,107169
2025-03-14 17:30:00+00:00,387.4100036621094,387.9599914550781,387.2900085449219,387.66290283203125,120215
2025-03-14 17:35:00+00:00,387.7099914550781,387.75,387.17059326171875,387.4599914550781,107326
2025-03-14 17:40:00+00:00,387.5799865722656,387.8349914550781,387.4967041015625,387.6925048828125,96407
2025-03-14 17:45:00+00:00,387.4049987792969,387.6199951171875,387.20001220703125,387.57000732421875,81972
2025-03-14 17:50:00+00:00,387.635009765625,387.739990234375,387.3599853515625,387.4549865722656,102450
2025-03-14 17:55:00+00:00,387.114990234375,387.614990234375,387.0700988769531,387.5799865722656,106279
2025-03-14 18:00:00+00:00,387.6300048828125,387.6499938964844,387.1099853515625,387.1400146484375,79901
2025-03-14 18:05:00+00:00,387.69000244140625,387.889892578125,387.498291015625,387.6199951171875,102208
2025-03-14 18:10:00+00:00,387.3349914550781,387.739990234375,387.25,387.6549987792969,106357
2025-03-14 18:15:00+00:00,387.0799865722656,387.30999755859375,386.92999267578125,387.30999755859375,142357
2025-03-14 18:20:00+00:00,386.8450012207031,387.2200012207031,386.7742919921875,387.1050109863281,111198
2025-03-14 18:25:00+00:00,387.05499267578125,387.2300109863281,386.8420104980469,386.8500061035156,128640
2025-03-14 18:30:00+00:00,387.4049987792969,387.5400085449219,387.07000732421875,387.07000732421875,131976
2025-03-14 18:35:00+00:00,388.0299987792969,388.05999755859375,387.2900085449219,387.4049987792969,101422
2025-03-14 18:40:00+00:00,388.0199890136719,388.1000061035156,387.78009033203125,388.0199890136719,112211
2025-03-14 18:45:00+00:00,388.25,388.4200134277344,387.989990234375,388.04998779296875,140755
2025-03-14 18:50:00+00:00,388.1000061035156,388.4100036621094,388.0,388.239990234375,109403
2025-03-14 18:55:00+00:00,388.3999938964844,388.3999938964844,387.9200134277344,388.04998779296875,129510
2025-03-14 19:00:00+00:00,388.2449951171875,388.3900146484375,388.10321044921875,388.385009765625,102104
2025-03-14 19:05:00+00:00,388.385986328125,388.6099853515625,388.1600036621094,388.212890625,167407
2025-03-14 19:10:00+00:00,388.4599914550781,388.5899963378906,388.2200012207031,388.3999938964844,141084
2025-03-14 19:15:00+00:00,388.32501220703125,388.6000061035156,388.2189025878906,388.510009765625,130848
2025-03-14 19:20:00+00:00,388.3843994140625,388.5299987792969,388.10009765625,388.3500061035156,165143
2025-03-14 19:25:00+00:00,388.0899963378906,388.5199890136719,388.0799865722656,388.4200134277344,104190
2025-03-14 19:30:00+00:00,388.2349853515625,388.30999755859375,388.05718994140625,388.125,121962
2025-03-14 19:35:00+00:00,388.03369140625,388.44000244140625,387.9700012207031,388.2283935546875,172073
2025-03-14 19:40:00+00:00,388.4100036621094,388.4750061035156,387.9599914550781,388.0350036621094,183960
2025-03-14 19:45:00+00:00,388.6995849609375,388.9100036621094,388.2900085449219,388.3699951171875,263267
2025-03-14 19:50:00+00:00,389.4200134277344,389.7900085449219,387.94000244140625,388.67999267578125,527730
2025-03-14 19:55:00+00:00,388.4800109863281,389.42999267578125,388.2300109863281,389.3800048828125,1425193
2025-03-17 13:30:00+00:00,388.7300109863281,388.8299865722656,385.92999267578125,386.7699890136719,826135
2025-03-17 13:35:00+00:00,389.57440185546875,389.6700134277344,388.260009765625,388.7300109863281,347415
2025-03-17 13:40:00+00:00,389.0350036621094,389.92999267578125,388.9599914550781,389.5899963378906,286601
2025-03-17 13:45:00+00:00,388.42999267578125,389.29998779296875,388.3550109863281,389.0899963378906,241477
2025-03-17 13:50:00+00:00,388.9599914550781,389.21990966796875,388.0201110839844,388.4150085449219,176949
2025-03-17 13:55:00+00:00,388.7900085449219,389.0989990234375,388.1199951171875,389.0,124811
2025-03-17 14:00:00+00:00,387.8900146484375,388.9049987792969,387.375,388.79998779296875,156798
2025-03-17 14:05:00+00:00,388.3299865722656,388.5299987792969,387.3699951171875,387.8949890136719,205110
2025-03-17 14:10:00+00:00,389.3599853515625,389.5299987792969,388.20001220703125,388.3450012207031,205464
2025-03-17 14:15:00+00:00,389.8599853515625,390.07000732421875,389.1000061035156,389.34600830078125,220912
2025-03-17 14:20:00+00:00,389.6000061035156,390.3106994628906,389.4800109863281,389.8399963378906,213453
2025-03-17 14:25:00+00:00,389.1449890136719,389.9421081542969,389.0899963378906,389.67999267578125,143852
2025-03-17 14:30:00+00:00,388.785888671875,389.4200134277344,388.7099914550781,389.04998779296875,190460
2025-03-17 14:35:00+00:00,389.1499938964844,389.2799987792969,388.3800048828125,388.7850036621094,165694
2025-03-17 14:40:00+00:00,389.1512145996094,389.44000244140625,388.8800048828125,389.18499755859375,129723
2025-03-17 14:45:00+00:00,388.93499755859375,389.31988525390625,388.7699890136719,389.2699890136719,96794
2025-03-17 14:50:00+00:00,387.85009765625,388.8900146484375,387.85009765625,388.8900146484375,162031
2025-03-17 14:55:00+00:00,388.0249938964844,388.09991455078125,387.5299987792969,387.8699951171875,450481
2025-03-17 15:00:00+00:00,387.3349914550781,388.2532043457031,387.1570129394531,388.0450134277344,194841
2025-03-17 15:05:00+00:00,387.7550048828125,387.89898681640625,387.05999755859375,387.3349914550781,150958
2025-03-17 15:10:00+00:00,387.5874938964844,387.9393005371094,387.30999755859375,387.7099914550781,119053
2025-03-17 15:15:00+00:00,387.7900085449219,387.9200134277344,387.0899963378906,387.614990234375,175137
2025-03-17 15:20:00+00:00,387.4800109863281,387.83990478515625,387.42999267578125,387.7650146484375,128743
2025-03-17 15:25:00+00:00,386.760009765625,387.5899963378906,386.739990234375,387.4800109863281,134495
2025-03-17 15:30:00+00:00,385.739990234375,386.98388671875,385.57000732421875,386.7699890136719,116799
2025-03-17 15:35:00+00:00,386.25,386.3424987792969,385.6600036621094,385.7300109863281,105092
2025-03-17 15:40:00+00:00,386.1799011230469,386.4049987792969,385.864013671875,386.2799987792969,109484
2025-03-17 15:45:00+00:00,386.54998779296875,386.59991455078125,386.05999755859375,386.1700134277344,137008
2025-03-17 15:50:00+00:00,386.68060302734375,386.80999755859375,386.3699951171875,386.4649963378906,93666
2025-03-17 15:55:00+00:00,386.6499938964844,386.8800048828125,386.4700012207031,386.7099914550781,76337
2025-03-17 16:00:00+00:00,386.67999267578125,386.70001220703125,386.1400146484375,386.6600036621094,74002
2025-03-17 16:05:00+00:00,387.2699890136719,387.45001220703125,386.6400146484375,386.7200012207031,104876
2025-03-17 16:10:00+00:00,387.17999267578125,387.4541015625,387.13018798828125,387.29998779296875,87689
2025-03-17 16:15:00+00:00,386.8800048828125,387.2959899902344,386.7099914550781,387.17498779296875,101190
2025-03-17 16:20:00+00:00,386.7749938964844,387.0,386.5,386.8800048828125,100166
2025-03-17 16:25:00+00:00,386.9599914550781,387.125,386.6499938964844,386.7250061035156,87870
2025-03-17 16:30:00+00:00,387.2950134277344,387.32000732421875,386.9179992675781,387.0,107036
2025-03-17 16:35:00+00:00,387.6300048828125,387.82000732421875,387.2300109863281,387.2900085449219,108025
2025-03-17 16:40:00+00:00,387.45001220703125,387.6300048828125,387.1203918457031,387.5614929199219,97105
2025-03-17 16:45:00+00:00,387.56500244140625,387.6000061035156,387.1700134277344,387.45001220703125,96399
2025-03-17 16:50:00+00:00,387.8500061035156,387.8800048828125,387.4200134277344,387.6050109863281,81489
2025-03-17 16:55:00+00:00,387.6400146484375,387.9700012207031,387.6099853515625,387.8500061035156,94355
2025-03-17 17:00:00+00:00,386.9849853515625,387.6700134277344,386.9599914550781,387.6400146484375,107643
2025-03-17 17:05:00+00:00,387.6108093261719,387.75360107421875,386.9750061035156,386.9750061035156,90206
2025-03-17 17:10:00+00:00,387.7950134277344,387.8299865722656,387.4100036621094,387.6600036621094,81551
2025-03-17 17:15:00+00:00,387.6700134277344,387.8800048828125,387.5799865722656,387.7601013183594,82334
2025-03-17 17:20:00+00:00,388.0787048339844,388.32000732421875,387.510009765625,387.6400146484375,133351
2025-03-17 17:25:00+00:00,388.30999755859375,388.59991455078125,388.0400085449219,388.0400085449219,128099
2025-03-17 17:30:00+00:00,388.79998779296875,388.79998779296875,388.32501220703125,388.3900146484375,103994
2025-03-17 17:35:00+00:00,389.32000732421875,389.3500061035156,388.6099853515625,388.79998779296875,155192
2025-03-17 17:40:00+00:00,390.0201110839844,390.0450134277344,389.32000732421875,389.3345031738281,141724
2025-03-17 17:45:00+00:00,390.0350036621094,390.1199951171875,389.67999267578125,390.05999755859375,132241
2025-03-17 17:50:00+00:00,390.0199890136719,390.2799987792969,389.92999267578125,390.0245056152344,109957
2025-03-17 17:55:00+00:00,389.875,390.1650085449219,389.75,390.0398864746094,107844
2025-03-17 18:00:00+00:00,390.18499755859375,390.5,389.8548889160156,389.8699951171875,180621
2025-03-17 18:05:00+00:00,390.3550109863281,390.5299987792969,390.05999755859375,390.1943054199219,131926
2025-03-17 18:10:00+00:00,391.0150146484375,391.1499938964844,390.19000244140625,390.3299865722656,161368
2025-03-17 18:15:00+00:00,391.3299865722656,391.6050109863281,390.8699951171875,391.010009765625,186656
2025-03-17 18:20:00+00:00,391.5058898925781,391.6400146484375,391.30999755859375,391.39990234375,109755
2025-03-17 18:25:00+00:00,391.7815856933594,392.05999755859375,391.5299987792969,391.5299987792969,133446
2025-03-17 18:30:00+00:00,392.2149963378906,392.260009765625,391.6549987792969,391.739990234375,118012
2025-03-17 18:35:00+00:00,392.0799865722656,392.19000244140625,391.7699890136719,392.19000244140625,143248
2025-03-17 18:40:00+00:00,392.1600036621094,392.2799987792969,391.8900146484375,392.0799865722656,150429
2025-03-17 18:45:00+00:00,392.5199890136719,392.6700134277344,392.1000061035156,392.1499938964844,146108
2025-03-17 18:50:00+00:00,392.5,392.7049865722656,392.3399963378906,392.55999755859375,117792
2025-03-17 18:55:00+00:00,392.2200012207031,392.6099853515625,392.2200012207031,392.5,119346
2025-03-17 19:00:00+00:00,391.385009765625,392.2099914550781,391.30889892578125,392.2099914550781,121143
2025-03-17 19:05:00+00:00,391.3804016113281,391.7300109863281,391.3200988769531,391.3200988769531,105245
2025-03-17 19:10:00+00:00,391.2200012207031,391.5150146484375,391.09039306640625,391.3999938964844,137586
2025-03-17 19:15:00+00:00,391.2699890136719,391.29998779296875,390.95001220703125,391.2049865722656,395902
2025-03-17 19:20:00+00:00,391.20001220703125,391.4100036621094,391.1400146484375,391.25,130401
2025-03-17 19:25:00+00:00,391.1922912597656,391.3299865722656,390.7799987792969,391.2200012207031,151872
2025-03-17 19:30:00+00:00,391.1600036621094,391.3900146484375,391.0874938964844,391.1700134277344,142536
2025-03-17 19:35:00+00:00,391.4649963378906,391.6300048828125,391.0799865722656,391.1400146484375,153971
2025-03-17 19:40:00+00:00,391.4200134277344,391.510009765625,391.1050109863281,391.4599914550781,198121
2025-03-17 19:45:00+00:00,391.2998962402344,391.510009765625,391.1434020996094,391.4100036621094,198478
2025-03-17 19:50:00+00:00,390.3550109863281,391.8999938964844,390.19000244140625,391.1300048828125,454462
2025-03-17 19:55:00+00:00,388.7799987792969,390.364990234375,388.5899963378906,390.3299865722656,1733224
2025-03-18 13:30:00+00:00,386.2200012207031,387.3699951171875,385.3299865722656,386.1073913574219,696462
2025-03-18 13:35:00+00:00,385.42999267578125,386.0199890136719,385.1099853515625,386.0,280119
2025-03-18 13:40:00+00:00,383.0199890136719,385.43499755859375,382.9549865722656,385.43499755859375,338583
2025-03-18 13:45:00+00:00,383.6600036621094,383.7699890136719,382.5,382.9200134277344,302897
2025-03-18 13:50:00+00:00,383.95001220703125,384.0299987792969,382.8800048828125,383.5799865722656,223882
2025-03-18 13:55:00+00:00,384.010009765625,384.2699890136719,383.4100036621094,383.9700012207031,300447
2025-03-18 14:00:00+00:00,384.239990234375,384.2699890136719,383.5600891113281,384.0299987792969,285159
2025-03-18 14:05:00+00:00,384.17340087890625,384.5994873046875,383.70001220703125,384.239990234375,262500
2025-03-18 14:10:00+00:00,383.3999938964844,384.4200134277344,383.3999938964844,384.1549987792969,190721
2025-03-18 14:15:00+00:00,383.4200134277344,383.7474060058594,383.1976013183594,383.3999938964844,178303
2025-03-18 14:20:00+00:00,384.010009765625,384.2449951171875,383.30999755859375,383.4599914550781,194314
2025-03-18 14:25:00+00:00,384.0,384.2900085449219,383.8500061035156,384.0299987792969,158617
2025-03-18 14:30:00+00:00,383.8699951171875,384.1400146484375,383.4700012207031,383.95001220703125,120413
2025-03-18 14:35:00+00:00,383.8599853515625,383.92999267578125,383.5491943359375,383.8500061035156,101501
2025-03-18 14:40:00+00:00,383.5450134277344,384.0398864746094,383.4700012207031,383.9100036621094,152263
2025-03-18 14:45:00+00:00,383.05999755859375,383.631591796875,382.94000244140625,383.5799865722656,100190
2025-03-18 14:50:00+00:00,383.0740966796875,383.5,382.9100036621094,383.07000732421875,110001
2025-03-18 14:55:00+00:00,383.125,383.3900146484375,382.8374938964844,383.0199890136719,169565
2025-03-18 15:00:00+00:00,382.6400146484375,383.31500244140625,382.2099914550781,383.125,150180
2025-03-18 15:05:00+00:00,383.1700134277344,383.42999267578125,382.4599914550781,382.57000732421875,120964
2025-03-18 15:10:00+00:00,383.0032958984375,383.1698913574219,382.75,383.1000061035156,132143
2025-03-18 15:15:00+00:00,382.9800109863281,383.1499938964844,382.6099853515625,382.95001220703125,90959
2025-03-18 15:20:00+00:00,382.8522033691406,383.0419006347656,382.67498779296875,383.0,75902
2025-03-18 15:25:00+00:00,382.5,383.0,382.5,382.8599853515625,154843
2025-03-18 15:30:00+00:00,382.7799987792969,382.94000244140625,382.3399963378906,382.5400085449219,120228
2025-03-18 15:35:00+00:00,382.80999755859375,382.86749267578125,382.4800109863281,382.7803955078125,165193
2025-03-18 15:40:00+00:00,382.0801086425781,382.8800048828125,382.0199890136719,382.80999755859375,146426
2025-03-18 15:45:00+00:00,382.2799987792969,382.45001220703125,382.1099853515625,382.1099853515625,72590
2025-03-18 15:50:00+00:00,382.3699951171875,382.5,382.20001220703125,382.34259033203125,87243
2025-03-18 15:55:00+00:00,382.69500732421875,382.7799987792969,382.18499755859375,382.3699951171875,102295
2025-03-18 16:00:00+00:00,383.45001220703125,383.69000244140625,382.54998779296875,382.6000061035156,121463
2025-03-18 16:05:00+00:00,383.3008117675781,383.5849914550781,383.2384948730469,383.3900146484375,90789
2025-03-18 16:10:00+00:00,383.80010986328125,384.06500244140625,383.260009765625,383.30499267578125,149874
2025-03-18 16:15:00+00:00,383.010009765625,383.8999938964844,382.8900146484375,383.8399963378906,123542
2025-03-18 16:20:00+00:00,383.1099853515625,383.17999267578125,382.8800048828125,383.0,121633
2025-03-18 16:25:00+00:00,383.5950012207031,383.75,382.989990234375,383.1050109863281,122217
2025-03-18 16:30:00+00:00,383.04998779296875,383.5899963378906,383.04010009765625,383.5299987792969,84826
2025-03-18 16:35:00+00:00,383.1455993652344,383.260009765625,382.8800048828125,383.0799865722656,64205
2025-03-18 16:40:00+00:00,381.8999938964844,383.17999267578125,381.8299865722656,383.1289978027344,156532
2025-03-18 16:45:00+00:00,381.54998779296875,382.08709716796875,381.4100036621094,381.8900146484375,141194
2025-03-18 16:50:00+00:00,381.6499938964844,381.6499938964844,381.1400146484375,381.55999755859375,122028
2025-03-18 16:55:00+00:00,382.2349853515625,382.4200134277344,381.6099853515625,381.6099853515625,124133
2025-03-18 17:00:00+00:00,381.92999267578125,382.4049987792969,381.8800048828125,382.2300109863281,122174
2025-03-18 17:05:00+00:00,381.75,381.93499755859375,381.3999938964844,381.93499755859375,102320
2025-03-18 17:10:00+00:00,382.3900146484375,382.4100036621094,381.5400085449219,381.69000244140625,91163
2025-03-18 17:15:00+00:00,382.1199951171875,382.625,381.1499938964844,382.3512878417969,217768
2025-03-18 17:20:00+00:00,382.239990234375,382.7401123046875,381.92999267578125,382.1600036621094,100012
2025-03-18 17:25:00+00:00,382.3804931640625,382.74688720703125,382.1911926269531,382.239990234375,161961
2025-03-18 17:30:00+00:00,382.31500244140625,382.56500244140625,381.7601013183594,382.40399169921875,127254
2025-03-18 17:35:00+00:00,382.3699951171875,382.6499938964844,382.17999267578125,382.31500244140625,122714
2025-03-18 17:40:00+00:00,382.489990234375,382.6499938964844,382.20001220703125,382.385009765625,91564
2025-03-18 17:45:00+00:00,382.9649963378906,383.0299987792969,382.4049987792969,382.489990234375,109561
2025-03-18 17:50:00+00:00,382.69000244140625,383.2253112792969,382.69000244140625,383.0299987792969,77539
2025-03-18 17:55:00+00:00,382.7200012207031,382.7958068847656,382.2699890136719,382.69000244140625,63182
2025-03-18 18:00:00+00:00,382.5210876464844,382.7699890136719,382.3699951171875,382.66949462890625,60430
2025-03-18 18:05:00+00:00,382.70001220703125,382.82000732421875,382.3599853515625,382.5400085449219,69764
2025-03-18 18:10:00+00:00,382.239990234375,382.7300109863281,382.1499938964844,382.7300109863281,85787
2025-03-18 18:15:00+00:00,382.75079345703125,382.7799987792969,382.1700134277344,382.2749938964844,150892
2025-03-18 18:20:00+00:00,383.1260070800781,383.42999267578125,382.6700134277344,382.739990234375,101765
2025-03-18 18:25:00+00:00,382.8999938964844,383.3500061035156,382.80999755859375,383.1358947753906,71629
2025-03-18 18:30:00+00:00,382.8160095214844,383.2699890136719,382.75048828125,383.0,94476
2025-03-18 18:35:00+00:00,383.0400085449219,383.1575012207031,382.7799987792969,382.80999755859375,83591
2025-03-18 18:40:00+00:00,382.760009765625,383.1199951171875,382.6300048828125,383.0,89103
2025-03-18 18:45:00+00:00,383.4396057128906,383.6099853515625,382.75,382.75,110098
2025-03-18 18:50:00+00:00,383.2799987792969,383.8999938964844,383.07000732421875,383.4599914550781,196136
2025-03-18 18:55:00+00:00,383.0,383.44000244140625,382.8406982421875,383.2099914550781,105051
2025-03-18 19:00:00+00:00,382.8999938964844,383.010009765625,382.5899963378906,382.95001220703125,91375
2025-03-18 19:05:00+00:00,382.88409423828125,383.0409851074219,382.5,382.9280090332031,95869
2025-03-18 19:10:00+00:00,383.1199951171875,383.1400146484375,382.760009765625,382.8500061035156,118218
2025-03-18 19:15:00+00:00,383.460693359375,383.5899963378906,382.94000244140625,383.1199951171875,200390
2025-03-18 19:20:00+00:00,383.5299987792969,383.6700134277344,383.3399963378906,383.4800109863281,109998
2025-03-18 19:25:00+00:00,383.0,383.54998779296875,382.92999267578125,383.54998779296875,209166
2025-03-18 19:30:00+00:00,383.13250732421875,383.5400085449219,383.0299987792969,383.0299987792969,140666
2025-03-18 19:35:00+00:00,382.8999938964844,383.2648010253906,382.80999755859375,383.1099853515625,164951
2025-03-18 19:40:00+00:00,382.9762878417969,383.168701171875,382.6400146484375,382.9200134277344,211511
2025-03-18 19:45:00+00:00,382.57000732421875,383.07000732421875,382.3699951171875,382.9700012207031,181158
2025-03-18 19:50:00+00:00,383.4200134277344,383.94000244140625,382.4700012207031,382.4700012207031,364990
2025-03-18 19:55:00+00:00,383.5799865722656,383.8699951171875,383.239990234375,383.5,670825
2025-03-19 13:30:00+00:00,385.06500244140625,385.7981872558594,384.0,385.5249938964844,1942029
2025-03-19 13:35:00+00:00,385.6499938964844,386.17999267578125,384.8399963378906,385.0450134277344,278037
2025-03-19 13:40:00+00:00,384.67498779296875,385.8500061035156,384.239990234375,385.6700134277344,169941
2025-03-19 13:45:00+00:00,385.8399963378906,386.2099914550781,384.6600036621094,384.6700134277344,209154
2025-03-19 13:50:00+00:00,386.6300048828125,386.7200012207031,385.79998779296875,385.875,149646
2025-03-19 13:55:00+00:00,386.9200134277344,387.57989501953125,386.6099853515625,386.6099853515625,228765
2025-03-19 14:00:00+00:00,387.2699890136719,387.44000244140625,386.9700012207031,387.010009765625,166091
2025-03-19 14:05:00+00:00,387.82000732421875,387.9200134277344,387.1499938964844,387.1499938964844,146375
2025-03-19 14:10:00+00:00,387.3699951171875,387.7748107910156,387.15020751953125,387.760986328125,118394
2025-03-19 14:15:00+00:00,387.5799865722656,387.739990234375,387.06500244140625,387.4599914550781,116964
2025-03-19 14:20:00+00:00,387.0799865722656,387.7200012207031,386.9100036621094,387.614990234375,93585
2025-03-19 14:25:00+00:00,387.1199951171875,387.32000732421875,386.8299865722656,387.0799865722656,82405
2025-03-19 14:30:00+00:00,387.010009765625,387.2300109863281,386.7799987792969,387.1400146484375,73871
2025-03-19 14:35:00+00:00,386.7200012207031,387.0950012207031,386.70001220703125,387.0299987792969,77575
2025-03-19 14:40:00+00:00,386.6300048828125,386.8699951171875,386.260009765625,386.7001037597656,75319
2025-03-19 14:45:00+00:00,386.3900146484375,386.6600036621094,386.0400085449219,386.6600036621094,77200
2025-03-19 14:50:00+00:00,385.7900085449219,386.3900146484375,385.70001220703125,386.385009765625,96228
2025-03-19 14:55:00+00:00,385.5,385.8800048828125,385.44000244140625,385.7550048828125,94851
2025-03-19 15:00:00+00:00,385.6199951171875,385.7900085449219,385.4549865722656,385.5,90763
2025-03-19 15:05:00+00:00,386.3800048828125,386.385009765625,385.4700012207031,385.6300048828125,109658
2025-03-19 15:10:00+00:00,386.30999755859375,386.739990234375,386.19000244140625,386.36700439453125,117265
2025-03-19 15:15:00+00:00,385.4100036621094,386.3399963378906,385.4100036621094,386.30999755859375,101545
2025-03-19 15:20:00+00:00,385.9100036621094,386.0,385.3999938964844,385.43499755859375,122619
2025-03-19 15:25:00+00:00,386.1499938964844,386.1499938964844,385.7900085449219,385.8999938964844,84594
2025-03-19 15:30:00+00:00,386.4200134277344,386.5513916015625,385.9700012207031,386.125,72451
2025-03-19 15:35:00+00:00,386.7699890136719,386.8999938964844,386.3550109863281,386.4800109863281,65551
2025-03-19 15:40:00+00:00,387.05999755859375,387.119384765625,386.75,386.7908935546875,69049
2025-03-19 15:45:00+00:00,386.80499267578125,387.17999267578125,386.7200012207031,387.05999755859375,85357
2025-03-19 15:50:00+00:00,387.5249938964844,387.58990478515625,386.8599853515625,386.8599853515625,98393
2025-03-19 15:55:00+00:00,387.3900146484375,387.6680908203125,387.239990234375,387.5150146484375,121977
2025-03-19 16:00:00+00:00,387.5799865722656,387.6199951171875,387.3800048828125,387.44000244140625,83695
2025-03-19 16:05:00+00:00,387.7349853515625,387.9693908691406,387.5343933105469,387.6000061035156,150703
2025-03-19 16:10:00+00:00,387.2261047363281,387.7749938964844,387.1700134277344,387.7749938964844,117119
2025-03-19 16:15:00+00:00,387.1300048828125,387.4200134277344,386.8999938964844,387.3500061035156,72896
2025-03-19 16:20:00+00:00,387.13848876953125,387.3900146484375,386.95001220703125,387.0849914550781,67465
2025-03-19 16:25:00+00:00,387.17999267578125,387.30999755859375,387.0299987792969,387.1400146484375,67466
2025-03-19 16:30:00+00:00,387.1199951171875,387.2550048828125,386.8599853515625,387.19000244140625,118111
2025-03-19 16:35:00+00:00,386.69000244140625,387.1600036621094,386.6499938964844,387.0899963378906,75864
2025-03-19 16:40:00+00:00,386.6000061035156,386.7699890136719,386.4801025390625,386.6600036621094,67736
2025-03-19 16:45:00+00:00,386.3800048828125,386.718994140625,386.2799987792969,386.6300048828125,72558
2025-03-19 16:50:00+00:00,386.5849914550781,386.6300048828125,386.0799865722656,386.30010986328125,78268
2025-03-19 16:55:00+00:00,386.6964111328125,386.6971130371094,386.17999267578125,386.55999755859375,69665
2025-03-19 17:00:00+00:00,386.42999267578125,386.93798828125,386.2749938964844,386.69500732421875,93068
2025-03-19 17:05:00+00:00,385.9200134277344,386.5400085449219,385.8999938964844,386.4599914550781,92110
2025-03-19 17:10:00+00:00,385.5,386.0150146484375,385.4700012207031,385.8999938964844,93617
2025-03-19 17:15:00+00:00,385.54998779296875,385.6600036621094,385.1300048828125,385.4617004394531,90014
2025-03-19 17:20:00+00:00,385.5400085449219,385.7099914550781,385.4700012207031,385.510009765625,60750
2025-03-19 17:25:00+00:00,385.1499938964844,385.5823059082031,385.05010986328125,385.5199890136719,69041
2025-03-19 17:30:00+00:00,385.0201110839844,385.1099853515625,384.6700134277344,385.1099853515625,117824
2025-03-19 17:35:00+00:00,385.3500061035156,385.3800048828125,385.0,385.0199890136719,72236
2025-03-19 17:40:00+00:00,385.1000061035156,385.5035095214844,385.04998779296875,385.3550109863281,95316
2025-03-19 17:45:00+00:00,384.760009765625,385.1700134277344,384.6400146484375,385.0899963378906,95741
2025-03-19 17:50:00+00:00,385.1872863769531,385.2149963378906,384.739990234375,384.7449951171875,100303
2025-03-19 17:55:00+00:00,385.2900085449219,385.40289306640625,385.05999755859375,385.19000244140625,105736
2025-03-19 18:00:00+00:00,386.2300109863281,387.0,384.8999938964844,385.31500244140625,215340
2025-03-19 18:05:00+00:00,386.20001220703125,386.32000732421875,385.6700134277344,386.260009765625,120474
2025-03-19 18:10:00+00:00,386.4125061035156,386.79998779296875,386.19000244140625,386.2250061035156,157738
2025-03-19 18:15:00+00:00,386.29998779296875,386.7200012207031,386.29998779296875,386.42498779296875,103555
2025-03-19 18:20:00+00:00,385.92999267578125,386.3900146484375,385.6700134277344,386.29998779296875,102448
2025-03-19 18:25:00+00:00,385.6859130859375,386.1890869140625,385.5,385.8900146484375,122471
2025-03-19 18:30:00+00:00,386.8599853515625,387.29998779296875,385.7200012207031,385.7200012207031,135294
2025-03-19 18:35:00+00:00,386.46380615234375,387.2283935546875,386.3699951171875,386.9200134277344,140413
2025-03-19 18:40:00+00:00,387.4620056152344,387.6700134277344,386.29998779296875,386.510009765625,192726
2025-03-19 18:45:00+00:00,387.17999267578125,387.6400146484375,386.8800048828125,387.4549865722656,140980
2025-03-19 18:50:00+00:00,387.7593078613281,388.0199890136719,387.04998779296875,387.2200012207031,153196
2025-03-19 18:55:00+00:00,388.2699890136719,388.4100036621094,387.5400085449219,387.7550048828125,158133
2025-03-19 19:00:00+00:00,388.42999267578125,388.489990234375,387.9549865722656,388.239990234375,181334
2025-03-19 19:05:00+00:00,389.30999755859375,389.4100036621094,388.3699951171875,388.375,288505
2025-03-19 19:10:00+00:00,388.9599914550781,389.67999267578125,388.5,389.2950134277344,230239
2025-03-19 19:15:00+00:00,388.7200012207031,389.260009765625,388.55999755859375,388.94000244140625,190004
2025-03-19 19:20:00+00:00,388.2499084472656,388.79998779296875,387.8299865722656,388.70001220703125,138630
2025-03-19 19:25:00+00:00,387.4599914550781,388.2900085449219,387.17999267578125,388.25,163338
2025-03-19 19:30:00+00:00,388.0199890136719,388.3599853515625,387.30999755859375,387.4700012207031,140290
2025-03-19 19:35:00+00:00,388.5400085449219,388.6099853515625,387.6000061035156,388.08050537109375,166873
2025-03-19 19:40:00+00:00,388.8299865722656,388.9700012207031,388.4100036621094,388.5,170754
2025-03-19 19:45:00+00:00,388.0799865722656,388.8904113769531,387.99169921875,388.8500061035156,155589
2025-03-19 19:50:00+00:00,387.54998779296875,388.05999755859375,387.010009765625,388.05999755859375,429339
2025-03-19 19:55:00+00:00,387.7900085449219,387.9599914550781,387.17999267578125,387.5199890136719,865017
2025-03-20 13:30:00+00:00,384.94000244140625,385.989990234375,383.2900085449219,385.7349853515625,848164
2025-03-20 13:35:00+00:00,385.9700012207031,386.07000732421875,384.9800109863281,384.9800109863281,246433
2025-03-20 13:40:00+00:00,385.9800109863281,386.3399963378906,385.55999755859375,385.95001220703125,137607
2025-03-20 13:45:00+00:00,386.5400085449219,386.8684997558594,385.92999267578125,385.92999267578125,163495
2025-03-20 13:50:00+00:00,386.614990234375,386.8599853515625,386.260009765625,386.5,85027
2025-03-20 13:55:00+00:00,386.7699890136719,386.7799072265625,386.2699890136719,386.5799865722656,140136
2025-03-20 14:00:00+00:00,388.3299865722656,388.4664001464844,386.6300048828125,386.7099914550781,184556
2025-03-20 14:05:00+00:00,389.239990234375,389.55499267578125,388.1499938964844,388.377685546875,276989
2025-03-20 14:10:00+00:00,389.6000061035156,389.6199951171875,388.7950134277344,389.2449951171875,143721
2025-03-20 14:15:00+00:00,390.1199951171875,390.44659423828125,389.30999755859375,389.6449890136719,197624
2025-03-20 14:20:00+00:00,391.0899963378906,391.25,389.9700012207031,390.0400085449219,152342
2025-03-20 14:25:00+00:00,390.8352966308594,391.5889892578125,390.7200012207031,391.0799865722656,178778
2025-03-20 14:30:00+00:00,390.32000732421875,390.9245910644531,390.2699890136719,390.8550109863281,166643
2025-03-20 14:35:00+00:00,390.93499755859375,391.20001220703125,390.1700134277344,390.3699951171875,126447
2025-03-20 14:40:00+00:00,391.4700012207031,391.6451110839844,390.81500244140625,390.9100036621094,91824
2025-03-20 14:45:00+00:00,391.2699890136719,391.7850036621094,391.2699890136719,391.4700012207031,158686
2025-03-20 14:50:00+00:00,390.3599853515625,391.2300109863281,390.3599853515625,391.2300109863281,111052
2025-03-20 14:55:00+00:00,389.489990234375,390.4599914550781,389.3299865722656,390.3599853515625,183816
2025-03-20 15:00:00+00:00,389.07000732421875,389.6431884765625,388.7699890136719,389.489990234375,158342
2025-03-20 15:05:00+00:00,389.5299987792969,389.6098937988281,388.9100036621094,389.0899963378906,109203
2025-03-20 15:10:00+00:00,389.2200012207031,389.6700134277344,389.1099853515625,389.5249938964844,110537
2025-03-20 15:15:00+00:00,388.67498779296875,389.2449951171875,388.6400146484375,389.20001220703125,110473
2025-03-20 15:20:00+00:00,388.67498779296875,388.9100036621094,388.4200134277344,388.67498779296875,117426
2025-03-20 15:25:00+00:00,388.489990234375,388.9800109863281,388.489990234375,388.6499938964844,69248
2025-03-20 15:30:00+00:00,388.30999755859375,388.7724914550781,388.1700134277344,388.5799865722656,91003
2025-03-20 15:35:00+00:00,388.49700927734375,388.5423889160156,387.9800109863281,388.3800048828125,106829
2025-03-20 15:40:00+00:00,388.7799987792969,388.94000244140625,388.4800109863281,388.489990234375,83601
2025-03-20 15:45:00+00:00,388.739990234375,388.9100036621094,388.4700012207031,388.739990234375,147603
2025-03-20 15:50:00+00:00,388.75250244140625,388.9150085449219,388.44500732421875,388.75,112127
2025-03-20 15:55:00+00:00,387.6499938964844,388.7099914550781,387.5542907714844,388.7099914550781,121649
2025-03-20 16:00:00+00:00,387.8699951171875,388.8500061035156,387.3999938964844,387.6199951171875,161999
2025-03-20 16:05:00+00:00,387.9599914550781,388.0400085449219,387.5400085449219,387.8599853515625,171873
2025-03-20 16:10:00+00:00,388.0849914550781,388.1400146484375,387.6099853515625,388.010009765625,114262
2025-03-20 16:15:00+00:00,388.0400085449219,388.2300109863281,387.89599609375,388.0899963378906,96960
2025-03-20 16:20:00+00:00,387.80999755859375,388.1496887207031,387.76220703125,388.010009765625,75390
2025-03-20 16:25:00+00:00,386.82501220703125,388.0,386.69000244140625,387.70001220703125,146876
2025-03-20 16:30:00+00:00,387.0,387.2650146484375,386.70001220703125,386.8299865722656,115019
2025-03-20 16:35:00+00:00,387.4800109863281,387.6099853515625,386.8299865722656,386.989990234375,86881
2025-03-20 16:40:00+00:00,387.0799865722656,387.5299987792969,386.82000732421875,387.5199890136719,74972
2025-03-20 16:45:00+00:00,386.625,387.1195068359375,386.5799865722656,387.0849914550781,110358
2025-03-20 16:50:00+00:00,387.1824951171875,387.2107849121094,386.55999755859375,386.6099853515625,92227
2025-03-20 16:55:00+00:00,386.5350036621094,387.3450012207031,386.38250732421875,387.1449890136719,80178
2025-03-20 17:00:00+00:00,386.9200134277344,386.95001220703125,386.4927978515625,386.4927978515625,89030
2025-03-20 17:05:00+00:00,387.27679443359375,387.3999938964844,386.7449951171875,386.95001220703125,187826
2025-03-20 17:10:00+00:00,387.05999755859375,387.3999938964844,386.8500061035156,387.28118896484375,106167
2025-03-20 17:15:00+00:00,386.8299865722656,387.0899963378906,386.3699951171875,387.0400085449219,93473
2025-03-20 17:20:00+00:00,386.3399963378906,386.8999938964844,386.2200012207031,386.8599853515625,82800
2025-03-20 17:25:00+00:00,385.6449890136719,386.4700012207031,385.6449890136719,386.3399963378906,195810
2025-03-20 17:30:00+00:00,386.20001220703125,386.3900146484375,385.5450134277344,385.6499938964844,133952
2025-03-20 17:35:00+00:00,386.6050109863281,386.70001220703125,386.1099853515625,386.2283020019531,67127
2025-03-20 17:40:00+00:00,386.6000061035156,386.6700134277344,386.2449951171875,386.5299987792969,43025
2025-03-20 17:45:00+00:00,386.5,387.1700134277344,386.4200134277344,386.6776123046875,53462
2025-03-20 17:50:00+00:00,386.1700134277344,386.5899963378906,386.1700134277344,386.45001220703125,53155
2025-03-20 17:55:00+00:00,385.9599914550781,386.3399963378906,385.8599853515625,386.2799987792969,86044
2025-03-20 18:00:00+00:00,386.135009765625,386.2300109863281,385.8900146484375,385.9599914550781,116231
2025-03-20 18:05:00+00:00,386.135009765625,386.2698974609375,385.95001220703125,386.0899963378906,117970
2025-03-20 18:10:00+00:00,386.05999755859375,386.55999755859375,386.04998779296875,386.1499938964844,129718
2025-03-20 18:15:00+00:00,385.989990234375,386.260009765625,385.989990234375,386.0350036621094,121837
2025-03-20 18:20:00+00:00,385.385009765625,385.9700012207031,385.2349853515625,385.9700012207031,139820
2025-03-20 18:25:00+00:00,384.8399963378906,385.4549865722656,384.7300109863281,385.42999267578125,128675
2025-03-20 18:30:00+00:00,384.9200134277344,385.0646057128906,384.610107421875,384.8299865722656,78772
2025-03-20 18:35:00+00:00,385.3699951171875,385.54998779296875,384.94000244140625,384.94000244140625,124850
2025-03-20 18:40:00+00:00,385.19500732421875,385.3999938964844,385.07000732421875,385.3500061035156,82504
2025-03-20 18:45:00+00:00,385.94000244140625,385.94000244140625,385.1499938964844,385.17510986328125,89247
2025-03-20 18:50:00+00:00,386.6570129394531,386.739990234375,385.9100036621094,385.9100036621094,93200
2025-03-20 18:55:00+00:00,385.79998779296875,386.7099914550781,385.7300109863281,386.7099914550781,99322
2025-03-20 19:00:00+00:00,386.1499938964844,386.5,385.7449951171875,385.79998779296875,84340
2025-03-20 19:05:00+00:00,386.20001220703125,386.5199890136719,386.1300048828125,386.18499755859375,74160
2025-03-20 19:10:00+00:00,386.375,386.589599609375,386.1300048828125,386.1300048828125,72352
2025-03-20 19:15:00+00:00,386.6700134277344,386.8598937988281,386.29998779296875,386.3699951171875,104368
2025-03-20 19:20:00+00:00,386.8999938964844,387.10980224609375,386.6700134277344,386.739990234375,92883
2025-03-20 19:25:00+00:00,385.8699951171875,386.94000244140625,385.7900085449219,386.94000244140625,115906
2025-03-20 19:30:00+00:00,385.7200012207031,386.30999755859375,385.6600036621094,385.885009765625,184889
2025-03-20 19:35:00+00:00,386.04998779296875,386.44000244140625,385.6400146484375,385.7099914550781,195615
2025-03-20 19:40:00+00:00,386.4599914550781,386.4599914550781,385.8800048828125,386.0,172944
2025-03-20 19:45:00+00:00,387.05999755859375,387.20001220703125,386.4100036621094,386.4100036621094,138527
2025-03-20 19:50:00+00:00,386.2149963378906,387.07000732421875,386.0101013183594,387.07000732421875,326167
2025-03-20 19:55:00+00:00,386.80999755859375,388.1400146484375,386.2200012207031,386.2200012207031,1501461
2025-03-21 13:30:00+00:00,384.2699890136719,385.7200012207031,383.0,384.9150085449219,6952115
2025-03-21 13:35:00+00:00,384.760009765625,384.8500061035156,383.75,384.3299865722656,243929
2025-03-21 13:40:00+00:00,384.5299987792969,385.2900085449219,384.4700012207031,384.7699890136719,144047
2025-03-21 13:45:00+00:00,384.96319580078125,385.1199951171875,384.1600036621094,384.510009765625,167661
2025-03-21 13:50:00+00:00,385.2900085449219,385.5199890136719,384.6199951171875,385.0150146484375,157185
2025-03-21 13:55:00+00:00,385.1050109863281,385.45001220703125,385.0199890136719,385.2900085449219,132634
2025-03-21 14:00:00+00:00,385.1000061035156,385.1700134277344,384.6300048828125,385.1600036621094,181771
2025-03-21 14:05:00+00:00,384.7699890136719,385.7799987792969,384.6000061035156,385.1449890136719,152775
2025-03-21 14:10:00+00:00,385.0199890136719,385.2049865722656,384.42999267578125,384.739990234375,130927
2025-03-21 14:15:00+00:00,384.43499755859375,385.05999755859375,384.2099914550781,385.0,135661
2025-03-21 14:20:00+00:00,384.9049987792969,385.07769775390625,384.1099853515625,384.43499755859375,131261
2025-03-21 14:25:00+00:00,384.8500061035156,385.13739013671875,384.6600036621094,384.8699951171875,87222
2025-03-21 14:30:00+00:00,385.0299987792969,385.04998779296875,384.6199951171875,384.79901123046875,96461
2025-03-21 14:35:00+00:00,384.20001220703125,385.1178894042969,384.1099853515625,385.05999755859375,140269
2025-03-21 14:40:00+00:00,384.17498779296875,384.3599853515625,383.8500061035156,384.1600036621094,126745
2025-03-21 14:45:00+00:00,384.1099853515625,384.3999938964844,383.8900146484375,384.1700134277344,158052
2025-03-21 14:50:00+00:00,383.8399963378906,384.1629943847656,383.6050109863281,384.1099853515625,92777
2025-03-21 14:55:00+00:00,384.7950134277344,384.8800048828125,383.80999755859375,383.8800048828125,185152
2025-03-21 15:00:00+00:00,384.8500061035156,385.1400146484375,384.7099914550781,384.8674011230469,111371
2025-03-21 15:05:00+00:00,384.54998779296875,384.95001220703125,384.45001220703125,384.8550109863281,79644
2025-03-21 15:10:00+00:00,384.239990234375,385.0400085449219,384.19000244140625,384.5799865722656,108732
2025-03-21 15:15:00+00:00,384.1600036621094,384.45001220703125,383.8800048828125,384.2200012207031,141759
2025-03-21 15:20:00+00:00,384.1199951171875,384.2698974609375,383.8949890136719,384.1199951171875,140114
2025-03-21 15:25:00+00:00,383.9049987792969,384.3299865722656,383.6199951171875,384.1400146484375,115349
2025-03-21 15:30:00+00:00,384.1099853515625,384.42999267578125,383.82000732421875,383.90411376953125,111110
2025-03-21 15:35:00+00:00,383.67498779296875,384.1099853515625,383.6300048828125,384.1099853515625,144588
2025-03-21 15:40:00+00:00,383.20989990234375,383.7200012207031,382.8999938964844,383.69500732421875,183803
2025-03-21 15:45:00+00:00,383.69000244140625,383.80999755859375,383.1600036621094,383.1600036621094,118040
2025-03-21 15:50:00+00:00,383.7898864746094,383.9599914550781,383.19000244140625,383.6499938964844,132103
2025-03-21 15:55:00+00:00,383.5,384.2699890136719,383.5,383.8500061035156,108065
2025-03-21 16:00:00+00:00,383.79998779296875,383.92999267578125,382.8500061035156,383.4800109863281,922319
2025-03-21 16:05:00+00:00,384.510009765625,384.5527038574219,383.7349853515625,383.7799987792969,123358
2025-03-21 16:10:00+00:00,384.8999938964844,384.9599914550781,384.4200134277344,384.5899963378906,408559
2025-03-21 16:15:00+00:00,385.3599853515625,385.5150146484375,384.75,384.91180419921875,450654
2025-03-21 16:20:00+00:00,385.8699951171875,385.9100036621094,385.29998779296875,385.32000732421875,112189
2025-03-21 16:25:00+00:00,385.55999755859375,385.92999267578125,385.3550109863281,385.8800048828125,85667
2025-03-21 16:30:00+00:00,385.885009765625,385.8999938964844,385.3800048828125,385.5400085449219,117821
2025-03-21 16:35:00+00:00,385.68499755859375,385.8900146484375,385.3599853515625,385.8900146484375,104156
2025-03-21 16:40:00+00:00,385.4599914550781,385.8399963378906,385.3999938964844,385.6734924316406,78974
2025-03-21 16:45:00+00:00,385.8125915527344,386.20001220703125,385.4599914550781,385.4599914550781,110944
2025-03-21 16:50:00+00:00,385.6700134277344,385.9856872558594,385.6199951171875,385.80999755859375,110530
2025-03-21 16:55:00+00:00,386.1000061035156,386.1221008300781,385.5799865722656,385.6499938964844,98785
2025-03-21 17:00:00+00:00,385.57000732421875,386.0899963378906,385.40069580078125,386.05999755859375,80292
2025-03-21 17:05:00+00:00,385.5299987792969,385.79998779296875,385.5199890136719,385.56549072265625,273194
2025-03-21 17:10:00+00:00,385.2099914550781,385.6499938964844,385.07000732421875,385.54998779296875,105744
2025-03-21 17:15:00+00:00,384.9100036621094,385.32000732421875,384.8999938964844,385.1600036621094,81019
2025-03-21 17:20:00+00:00,385.0299987792969,385.239990234375,384.80999755859375,384.8699951171875,88266
2025-03-21 17:25:00+00:00,384.7099914550781,385.05999755859375,384.45001220703125,385.0,100129
2025-03-21 17:30:00+00:00,384.8900146484375,385.0,384.44000244140625,384.7300109863281,84073
2025-03-21 17:35:00+00:00,385.5899963378906,385.6000061035156,384.8599853515625,384.92999267578125,84084
2025-03-21 17:40:00+00:00,386.010009765625,386.1199951171875,385.5116882324219,385.57000732421875,112069
2025-03-21 17:45:00+00:00,386.44500732421875,386.44500732421875,386.0199890136719,386.0400085449219,103390
2025-03-21 17:50:00+00:00,386.4599914550781,386.7200012207031,386.2200012207031,386.44000244140625,99806
2025-03-21 17:55:00+00:00,385.8999938964844,386.510009765625,385.8500061035156,386.4649963378906,89201
2025-03-21 18:00:00+00:00,386.0899963378906,386.1578063964844,385.8699951171875,385.92999267578125,140611
2025-03-21 18:05:00+00:00,386.0400085449219,386.0799865722656,385.6300048828125,386.0799865722656,87697
2025-03-21 18:10:00+00:00,385.760009765625,385.9700012207031,385.44000244140625,385.9700012207031,141112
2025-03-21 18:15:00+00:00,385.7850036621094,386.0,385.33050537109375,385.7099914550781,134621
2025-03-21 18:20:00+00:00,385.3959045410156,385.8399963378906,385.2900085449219,385.7699890136719,154526
2025-03-21 18:25:00+00:00,385.260009765625,385.5,385.125,385.239990234375,127171
2025-03-21 18:30:00+00:00,385.67999267578125,385.7898864746094,385.2300109863281,385.2641906738281,108392
2025-03-21 18:35:00+00:00,386.0950012207031,386.135009765625,385.57000732421875,385.7099914550781,110679
2025-03-21 18:40:00+00:00,386.19000244140625,386.29998779296875,385.9750061035156,386.0799865722656,125920
2025-03-21 18:45:00+00:00,385.9599914550781,386.3099060058594,385.69000244140625,386.19000244140625,130415
2025-03-21 18:50:00+00:00,385.75,386.1318054199219,385.70001220703125,385.989990234375,109539
2025-03-21 18:55:00+00:00,385.989990234375,386.19000244140625,385.7799987792969,385.7799987792969,461031
2025-03-21 19:00:00+00:00,385.54998779296875,386.0199890136719,385.4700012207031,385.989990234375,169507
2025-03-21 19:05:00+00:00,385.44000244140625,385.6499938964844,385.2799987792969,385.54998779296875,142897
2025-03-21 19:10:00+00:00,385.5299987792969,385.67999267578125,385.118896484375,385.42999267578125,159951
2025-03-21 19:15:00+00:00,385.3900146484375,385.5400085449219,385.2699890136719,385.5,154842
2025-03-21 19:20:00+00:00,385.5299987792969,385.5799865722656,385.1099853515625,385.3500061035156,153651
2025-03-21 19:25:00+00:00,385.5150146484375,385.5299987792969,385.2650146484375,385.5299987792969,153083
2025-03-21 19:30:00+00:00,385.3800048828125,385.718994140625,385.3699951171875,385.489990234375,173099
2025-03-21 19:35:00+00:00,385.55499267578125,385.760009765625,385.32000732421875,385.364990234375,205077
2025-03-21 19:40:00+00:00,385.6083984375,385.69000244140625,385.3550109863281,385.57000732421875,174464
2025-03-21 19:45:00+00:00,385.1400146484375,385.7900085449219,385.1400146484375,385.5799865722656,228779
2025-03-21 19:50:00+00:00,388.2900085449219,388.6700134277344,385.19000244140625,385.19000244140625,1321821
2025-03-21 19:55:00+00:00,391.30999755859375,391.739990234375,388.1700134277344,388.260009765625,3745090
2025-03-24 13:30:00+00:00,392.5799865722656,395.3999938964844,392.0,395.3999938964844,1558186
2025-03-24 13:35:00+00:00,393.79998779296875,393.79998779296875,392.0,392.6199951171875,426256
2025-03-24 13:40:00+00:00,391.8999938964844,393.79998779296875,391.4700012207031,393.75,425122
2025-03-24 13:45:00+00:00,392.6499938964844,392.989990234375,391.7699890136719,392.04998779296875,293393
2025-03-24 13:50:00+00:00,392.8450012207031,393.739990234375,392.5942077636719,392.62860107421875,347610
2025-03-24 13:55:00+00:00,391.70001220703125,393.1099853515625,391.6700134277344,392.8900146484375,261991
2025-03-24 14:00:00+00:00,391.57000732421875,392.20001220703125,391.5,391.79998779296875,281745
2025-03-24 14:05:00+00:00,390.114990234375,391.83990478515625,389.80999755859375,391.6700134277344,435755
2025-03-24 14:10:00+00:00,391.2300109863281,391.6499938964844,390.0801086425781,390.1400146484375,280219
2025-03-24 14:15:00+00:00,391.760009765625,391.9399108886719,391.1300048828125,391.162109375,305041
2025-03-24 14:20:00+00:00,392.385009765625,392.5799865722656,391.80999755859375,391.80999755859375,300193
2025-03-24 14:25:00+00:00,391.74200439453125,392.5,391.6358947753906,392.3900146484375,255208
2025-03-24 14:30:00+00:00,391.5093994140625,391.756591796875,391.19171142578125,391.739990234375,207186
2025-03-24 14:35:00+00:00,391.9049987792969,392.1990051269531,391.3699951171875,391.4700012207031,186618
2025-03-24 14:40:00+00:00,392.0400085449219,392.32000732421875,391.8699951171875,391.8912048339844,118854
2025-03-24 14:45:00+00:00,392.3349914550781,392.3900146484375,391.9100036621094,392.1099853515625,110946
2025-03-24 14:50:00+00:00,392.0799865722656,392.5199890136719,392.0657043457031,392.3800048828125,115356
2025-03-24 14:55:00+00:00,391.9599914550781,392.20001220703125,391.5899963378906,392.05999755859375,177516
2025-03-24 15:00:00+00:00,392.5299987792969,392.5899963378906,391.80999755859375,391.9700012207031,149012
2025-03-24 15:05:00+00:00,393.1700134277344,393.260009765625,392.30999755859375,392.5199890136719,140676
2025-03-24 15:10:00+00:00,392.94000244140625,393.3399963378906,392.8546142578125,393.1600036621094,137903
2025-03-24 15:15:00+00:00,392.9649963378906,393.19000244140625,392.8699951171875,392.9700012207031,110298
2025-03-24 15:20:00+00:00,392.9700012207031,393.25,392.739990234375,392.94000244140625,149780
2025-03-24 15:25:00+00:00,393.0458068847656,393.1700134277344,392.8599853515625,392.9700012207031,117287
2025-03-24 15:30:00+00:00,393.0799865722656,393.0799865722656,392.7699890136719,393.0199890136719,138522
2025-03-24 15:35:00+00:00,392.4100036621094,393.1924133300781,392.3900146484375,393.0799865722656,137314
2025-03-24 15:40:00+00:00,393.1499938964844,393.3900146484375,392.3900146484375,392.3900146484375,303316
2025-03-24 15:45:00+00:00,392.9200134277344,393.25,392.8800048828125,393.1300048828125,100468
2025-03-24 15:50:00+00:00,393.29998779296875,393.4631042480469,392.9200134277344,392.9200134277344,133855
2025-03-24 15:55:00+00:00,392.9750061035156,393.3999938964844,392.9750061035156,393.3399963378906,122746
2025-03-24 16:00:00+00:00,392.8703918457031,393.12139892578125,392.62890625,392.9750061035156,436105
2025-03-24 16:05:00+00:00,392.9999084472656,393.4190979003906,392.8599853515625,392.94000244140625,142290
2025-03-24 16:10:00+00:00,392.7699890136719,392.9700012207031,392.69000244140625,392.955810546875,79322
2025-03-24 16:15:00+00:00,392.6700134277344,392.95001220703125,392.45001220703125,392.739990234375,151753
2025-03-24 16:20:00+00:00,392.9700012207031,393.0,392.6441955566406,392.64678955078125,97975
2025-03-24 16:25:00+00:00,392.57659912109375,393.010009765625,392.4599914550781,392.989990234375,169241
2025-03-24 16:30:00+00:00,392.3468017578125,392.76251220703125,392.1700134277344,392.4800109863281,150212
2025-03-24 16:35:00+00:00,392.55059814453125,392.7300109863281,392.4200134277344,392.4200134277344,91236
2025-03-24 16:40:00+00:00,392.80499267578125,392.8500061035156,392.3901062011719,392.5799865722656,98831
2025-03-24 16:45:00+00:00,392.82000732421875,393.0,392.739990234375,392.80499267578125,87800
2025-03-24 16:50:00+00:00,392.4103088378906,392.8699951171875,392.40008544921875,392.8699951171875,81174
2025-03-24 16:55:00+00:00,392.3324890136719,392.5150146484375,392.2900085449219,392.42999267578125,112030
2025-03-24 17:00:00+00:00,392.2699890136719,392.45001220703125,392.1499938964844,392.3699951171875,90066
2025-03-24 17:05:00+00:00,391.9700012207031,392.32000732421875,391.9100036621094,392.2650146484375,97593
2025-03-24 17:10:00+00:00,392.2250061035156,392.32000732421875,391.93499755859375,391.9693908691406,75411
2025-03-24 17:15:00+00:00,392.34930419921875,392.510009765625,392.17498779296875,392.2300109863281,97277
2025-03-24 17:20:00+00:00,392.375,392.5,392.1700134277344,392.34991455078125,78677
2025-03-24 17:25:00+00:00,392.54998779296875,392.54998779296875,392.3299865722656,392.3900146484375,79978
2025-03-24 17:30:00+00:00,392.4700012207031,392.70001220703125,392.44000244140625,392.5400085449219,105963
2025-03-24 17:35:00+00:00,392.5950012207031,392.6000061035156,392.1000061035156,392.45001220703125,79629
2025-03-24 17:40:00+00:00,392.1499938964844,392.6099853515625,392.1070861816406,392.5799865722656,89413
2025-03-24 17:45:00+00:00,392.239990234375,392.3450012207031,392.0899963378906,392.14471435546875,71691
2025-03-24 17:50:00+00:00,392.0799865722656,392.4779968261719,392.05010986328125,392.2106018066406,93538
2025-03-24 17:55:00+00:00,392.1600036621094,392.2099914550781,391.8500061035156,392.1199951171875,98946
2025-03-24 18:00:00+00:00,391.8299865722656,392.2349853515625,391.67999267578125,392.17498779296875,96132
2025-03-24 18:05:00+00:00,392.1700134277344,392.2699890136719,391.8299865722656,391.8299865722656,92035
2025-03-24 18:10:00+00:00,392.0199890136719,392.1817932128906,391.9800109863281,392.16778564453125,66681
2025-03-24 18:15:00+00:00,391.94000244140625,392.2200012207031,391.8299865722656,392.0,79788
2025-03-24 18:20:00+00:00,391.79998779296875,392.0799865722656,391.7200012207031,391.9599914550781,71175
2025-03-24 18:25:00+00:00,392.0,392.0242004394531,391.6700134277344,391.80999755859375,82392
2025-03-24 18:30:00+00:00,391.8717956542969,392.0199890136719,391.69000244140625,391.9949951171875,79447
2025-03-24 18:35:00+00:00,392.1199951171875,392.5299987792969,391.7200012207031,391.8599853515625,131988
2025-03-24 18:40:00+00:00,392.3800048828125,392.5400085449219,392.0487060546875,392.1437072753906,121891
2025-03-24 18:45:00+00:00,392.3399963378906,392.42999267578125,391.739990234375,392.3800048828125,145648
2025-03-24 18:50:00+00:00,392.6600036621094,392.739501953125,392.3399963378906,392.3699951171875,112471
2025-03-24 18:55:00+00:00,392.7300109863281,392.8399963378906,392.510009765625,392.6650085449219,203159
2025-03-24 19:00:00+00:00,392.9305114746094,392.94000244140625,392.61041259765625,392.7550048828125,94265
2025-03-24 19:05:00+00:00,392.95001220703125,393.1499938964844,392.88720703125,392.94000244140625,129352
2025-03-24 19:10:00+00:00,392.760009765625,392.9750061035156,392.71380615234375,392.9505920410156,94901
2025-03-24 19:15:00+00:00,392.8682861328125,393.010009765625,392.7550048828125,392.760009765625,101160
2025-03-24 19:20:00+00:00,392.9390869140625,393.0,392.55499267578125,392.79998779296875,149370
2025-03-24 19:25:00+00:00,392.8699951171875,393.07000732421875,392.7850036621094,392.92999267578125,116607
2025-03-24 19:30:00+00:00,392.8900146484375,393.0,392.739990234375,392.8800048828125,104395
2025-03-24 19:35:00+00:00,392.5,392.92999267578125,392.45001220703125,392.885009765625,155441
2025-03-24 19:40:00+00:00,392.4100036621094,392.6499938964844,392.3299865722656,392.489990234375,139392
2025-03-24 19:45:00+00:00,392.4223937988281,392.7799987792969,392.2850036621094,392.42498779296875,214439
2025-03-24 19:50:00+00:00,393.010009765625,393.7489929199219,392.2799987792969,392.4200134277344,442669
2025-03-24 19:55:00+00:00,392.9100036621094,393.5899963378906,392.5799865722656,393.1400146484375,1655998
2025-03-25 13:30:00+00:00,392.9115905761719,394.6300048828125,392.6400146484375,393.9150085449219,968810
2025-03-25 13:35:00+00:00,394.3800048828125,394.71728515625,392.760009765625,392.8500061035156,288037
2025-03-25 13:40:00+00:00,394.7200012207031,395.3699951171875,393.8399963378906,394.3550109863281,283383
2025-03-25 13:45:00+00:00,394.489990234375,395.1000061035156,394.20001220703125,394.7049865722656,188738
2025-03-25 13:50:00+00:00,394.760009765625,394.82000732421875,394.3800048828125,394.45001220703125,144339
2025-03-25 13:55:00+00:00,394.6499938964844,394.9898986816406,394.4612121582031,394.6300048828125,182796
2025-03-25 14:00:00+00:00,394.4200134277344,394.9800109863281,393.7001037597656,394.54998779296875,183928
2025-03-25 14:05:00+00:00,394.42999267578125,394.5899963378906,394.1499938964844,394.4700012207031,231109
2025-03-25 14:10:00+00:00,395.0799865722656,395.1499938964844,394.1579895019531,394.42999267578125,270727
2025-03-25 14:15:00+00:00,395.20001220703125,395.79998779296875,394.9800109863281,395.0899963378906,336574
2025-03-25 14:20:00+00:00,395.4610900878906,395.5150146484375,395.010009765625,395.23590087890625,136770
2025-03-25 14:25:00+00:00,394.9934997558594,395.54998779296875,394.6300964355469,395.45001220703125,293598
2025-03-25 14:30:00+00:00,394.20001220703125,395.010009765625,394.20001220703125,394.92999267578125,139790
2025-03-25 14:35:00+00:00,394.7699890136719,394.8900146484375,394.14300537109375,394.17999267578125,123515
2025-03-25 14:40:00+00:00,395.2699890136719,395.44500732421875,394.739990234375,394.79998779296875,150013
2025-03-25 14:45:00+00:00,395.20001220703125,395.4800109863281,395.1499938964844,395.2900085449219,142491
2025-03-25 14:50:00+00:00,395.4949951171875,395.7301025390625,395.0404052734375,395.19000244140625,148331
2025-03-25 14:55:00+00:00,395.55999755859375,395.70001220703125,395.3258056640625,395.5,132393
2025-03-25 15:00:00+00:00,395.32000732421875,395.8399963378906,395.19000244140625,395.55999755859375,162692
2025-03-25 15:05:00+00:00,395.6400146484375,395.7650146484375,395.31500244140625,395.31500244140625,148393
2025-03-25 15:10:00+00:00,395.45208740234375,396.3599853515625,395.25,395.6600036621094,198381
2025-03-25 15:15:00+00:00,395.3800048828125,395.6000061035156,395.239990234375,395.42498779296875,89824
2025-03-25 15:20:00+00:00,395.4638977050781,395.57000732421875,395.3349914550781,395.3800048828125,69727
2025-03-25 15:25:00+00:00,395.4100036621094,395.5799865722656,395.3500061035156,395.4200134277344,66342
2025-03-25 15:30:00+00:00,395.2099914550781,395.4599914550781,395.1330871582031,395.43499755859375,83119
2025-03-25 15:35:00+00:00,394.6405029296875,395.25,394.510009765625,395.20001220703125,112801
2025-03-25 15:40:00+00:00,394.4200134277344,394.7300109863281,394.2799987792969,394.64849853515625,86746
2025-03-25 15:45:00+00:00,394.5799865722656,394.6700134277344,394.05999755859375,394.4200134277344,126998
2025-03-25 15:50:00+00:00,394.3900146484375,394.6549987792969,394.3299865722656,394.57000732421875,74618
2025-03-25 15:55:00+00:00,394.3550109863281,394.57000732421875,394.2900085449219,394.385009765625,104687
2025-03-25 16:00:00+00:00,394.5249938964844,394.7049865722656,394.3699951171875,394.385009765625,67587
2025-03-25 16:05:00+00:00,394.4599914550781,394.6499938964844,394.2850036621094,394.5,75653
2025-03-25 16:10:00+00:00,394.6300048828125,394.7699890136719,394.4100036621094,394.46270751953125,91644
2025-03-25 16:15:00+00:00,394.29998779296875,394.68499755859375,394.19000244140625,394.6499938964844,95323
2025-03-25 16:20:00+00:00,394.5450134277344,394.56988525390625,394.10009765625,394.32000732421875,99040
2025-03-25 16:25:00+00:00,394.4049987792969,394.8799133300781,394.3399963378906,394.5299987792969,110544
2025-03-25 16:30:00+00:00,394.1600036621094,394.4649963378906,394.0,394.3800048828125,101155
2025-03-25 16:35:00+00:00,393.9800109863281,394.260009765625,393.8949890136719,394.1400146484375,132290
2025-03-25 16:40:00+00:00,393.9649963378906,394.260009765625,393.94000244140625,393.96551513671875,122333
2025-03-25 16:45:00+00:00,394.0199890136719,394.1719055175781,393.9200134277344,393.9700012207031,49633
2025-03-25 16:50:00+00:00,394.2923889160156,394.30499267578125,394.0,394.0,64272
2025-03-25 16:55:00+00:00,394.3800048828125,394.447509765625,394.1549987792969,394.2984924316406,73591
2025-03-25 17:00:00+00:00,393.0799865722656,394.6600036621094,393.0799865722656,394.3900146484375,100264
2025-03-25 17:05:00+00:00,394.79998779296875,394.8900146484375,394.59869384765625,394.67010498046875,54772
2025-03-25 17:10:00+00:00,394.625,394.8399963378906,394.510009765625,394.79998779296875,52402
2025-03-25 17:15:00+00:00,394.6199951171875,394.70001220703125,394.42999267578125,394.614990234375,67048
2025-03-25 17:20:00+00:00,394.739990234375,394.79998779296875,394.5299987792969,394.6600036621094,60852
2025-03-25 17:25:00+00:00,394.5950012207031,394.7699890136719,394.4414978027344,394.70001220703125,69443
2025-03-25 17:30:00+00:00,394.45001220703125,394.8512878417969,394.45001220703125,394.5899963378906,80637
2025-03-25 17:35:00+00:00,394.44000244140625,394.6499938964844,394.42999267578125,394.44000244140625,51489
2025-03-25 17:40:00+00:00,394.6549987792969,394.70001220703125,394.41448974609375,394.45001220703125,66478
2025-03-25 17:45:00+00:00,394.5299987792969,394.67999267578125,394.5150146484375,394.6549987792969,64672
2025-03-25 17:50:00+00:00,394.7699890136719,394.7799987792969,394.3999938964844,394.5400085449219,51072
2025-03-25 17:55:00+00:00,394.7699890136719,394.875,394.7016906738281,394.75,59714
2025-03-25 18:00:00+00:00,395.07000732421875,395.07000732421875,394.6400146484375,394.7200012207031,79088
2025-03-25 18:05:00+00:00,394.92999267578125,395.07989501953125,394.793212890625,395.06500244140625,75325
2025-03-25 18:10:00+00:00,395.3357849121094,395.3599853515625,394.9700012207031,394.9700012207031,83624
2025-03-25 18:15:00+00:00,395.56201171875,395.5799865722656,395.20001220703125,395.3584899902344,111431
2025-03-25 18:20:00+00:00,395.5704040527344,395.7300109863281,395.54998779296875,395.57000732421875,116924
2025-03-25 18:25:00+00:00,395.3399963378906,395.5899963378906,395.2597961425781,395.57501220703125,71054
2025-03-25 18:30:00+00:00,395.3349914550781,395.4599914550781,395.21038818359375,395.3900146484375,65832
2025-03-25 18:35:00+00:00,394.9596862792969,395.3699951171875,394.8999938964844,395.3299865722656,62360
2025-03-25 18:40:00+00:00,394.9399108886719,394.989990234375,394.66900634765625,394.95001220703125,87860
2025-03-25 18:45:00+00:00,394.7395935058594,395.010009765625,394.7300109863281,394.8999938964844,48721
2025-03-25 18:50:00+00:00,394.7326965332031,394.83929443359375,394.6300048828125,394.7099914550781,63040
2025-03-25 18:55:00+00:00,394.67999267578125,394.8500061035156,394.67999267578125,394.75,64478
2025-03-25 19:00:00+00:00,394.8550109863281,394.9800109863281,394.6600036621094,394.6600036621094,77471
2025-03-25 19:05:00+00:00,394.6499938964844,394.8900146484375,394.6099853515625,394.8500061035156,70738
2025-03-25 19:10:00+00:00,394.20001220703125,394.79998779296875,394.1449890136719,394.635009765625,163503
2025-03-25 19:15:00+00:00,393.92498779296875,394.2200012207031,393.3550109863281,394.17999267578125,372321
2025-03-25 19:20:00+00:00,394.1400146484375,394.17999267578125,393.8299865722656,393.94500732421875,105221
2025-03-25 19:25:00+00:00,393.9599914550781,394.1700134277344,393.9200134277344,394.1400146484375,107217
2025-03-25 19:30:00+00:00,394.42999267578125,394.489990234375,393.94000244140625,393.94000244140625,85026
2025-03-25 19:35:00+00:00,394.5299987792969,394.8599853515625,394.3699951171875,394.4100036621094,121346
2025-03-25 19:40:00+00:00,394.45001220703125,394.6700134277344,394.42498779296875,394.55999755859375,67875
2025-03-25 19:45:00+00:00,394.510009765625,394.8299865722656,394.4200134277344,394.4599914550781,105617
2025-03-25 19:50:00+00:00,394.6700134277344,394.92999267578125,394.11370849609375,394.510009765625,351285
2025-03-25 19:55:00+00:00,395.1000061035156,395.4200134277344,394.69000244140625,394.69000244140625,873501
2025-03-26 13:30:00+00:00,394.4700012207031,395.30999755859375,393.92999267578125,395.010009765625,1121808
2025-03-26 13:35:00+00:00,394.5199890136719,394.95001220703125,394.19500732421875,394.5299987792969,251783
2025-03-26 13:40:00+00:00,394.8900146484375,395.2749938964844,394.2091979980469,394.5450134277344,188966
2025-03-26 13:45:00+00:00,393.9800109863281,395.1099853515625,393.8301086425781,394.8550109863281,281986
2025-03-26 13:50:00+00:00,393.25,394.0199890136719,393.1700134277344,393.94000244140625,205096
2025-03-26 13:55:00+00:00,392.4100036621094,393.5,392.20001220703125,393.239990234375,305165
2025-03-26 14:00:00+00:00,392.7349853515625,393.04998779296875,392.17999267578125,392.385009765625,309223
2025-03-26 14:05:00+00:00,393.04998779296875,393.2200012207031,392.55999755859375,392.70001220703125,167378
2025-03-26 14:10:00+00:00,393.385009765625,393.3999938964844,392.8616943359375,393.0,151655
2025-03-26 14:15:00+00:00,393.0199890136719,393.6199951171875,392.95001220703125,393.4100036621094,153669
2025-03-26 14:20:00+00:00,392.8399963378906,393.0400085449219,392.3800048828125,393.010009765625,196537
2025-03-26 14:25:00+00:00,392.989990234375,393.0899963378906,392.6300048828125,392.760009765625,116923
2025-03-26 14:30:00+00:00,393.010009765625,393.07000732421875,392.57000732421875,392.94000244140625,129676
2025-03-26 14:35:00+00:00,393.17498779296875,393.3399963378906,392.9599914550781,392.98651123046875,119280
2025-03-26 14:40:00+00:00,393.67498779296875,393.67498779296875,393.1099853515625,393.1499938964844,107739
2025-03-26 14:45:00+00:00,393.4700012207031,393.739990234375,393.260009765625,393.67999267578125,135105
2025-03-26 14:50:00+00:00,394.0400085449219,394.0899963378906,393.42999267578125,393.44500732421875,125610
2025-03-26 14:55:00+00:00,394.5400085449219,394.54998779296875,393.6549987792969,394.1050109863281,131446
2025-03-26 15:00:00+00:00,394.30499267578125,394.54998779296875,394.0899963378906,394.510009765625,105055
2025-03-26 15:05:00+00:00,394.2950134277344,394.54998779296875,394.135009765625,394.32000732421875,98360
2025-03-26 15:10:00+00:00,394.1499938964844,394.4100036621094,394.1017150878906,394.25,78694
2025-03-26 15:15:00+00:00,394.57000732421875,394.6099853515625,394.1099853515625,394.1199951171875,104447
2025-03-26 15:20:00+00:00,393.95001220703125,394.5249938964844,393.9200134277344,394.5176086425781,84874
2025-03-26 15:25:00+00:00,393.82501220703125,394.0350036621094,393.6099853515625,393.9800109863281,88217
2025-03-26 15:30:00+00:00,393.8399963378906,394.18499755859375,393.79998779296875,393.80999755859375,188454
2025-03-26 15:35:00+00:00,393.54998779296875,393.9599914550781,393.5199890136719,393.80999755859375,104753
2025-03-26 15:40:00+00:00,393.2637023925781,393.57000732421875,393.260009765625,393.5199890136719,158204
2025-03-26 15:45:00+00:00,393.0199890136719,393.3999938964844,393.0199890136719,393.2799987792969,84531
2025-03-26 15:50:00+00:00,392.7149963378906,393.1199951171875,392.3800048828125,393.0,99393
2025-03-26 15:55:00+00:00,392.6199951171875,392.8800048828125,392.260009765625,392.7149963378906,184266
2025-03-26 16:00:00+00:00,392.32501220703125,392.80999755859375,392.17999267578125,392.6000061035156,103926
2025-03-26 16:05:00+00:00,392.39990234375,392.69000244140625,392.19500732421875,392.3399963378906,89580
2025-03-26 16:10:00+00:00,392.5299987792969,392.6799011230469,392.3703918457031,392.4100036621094,91953
2025-03-26 16:15:00+00:00,392.19000244140625,392.5849914550781,392.17999267578125,392.5249938964844,115578
2025-03-26 16:20:00+00:00,392.3086853027344,392.5150146484375,392.1400146484375,392.2300109863281,93013
2025-03-26 16:25:00+00:00,392.80999755859375,392.82000732421875,392.3800048828125,392.3800048828125,84107
2025-03-26 16:30:00+00:00,392.5815124511719,393.1239929199219,392.5,392.7799987792969,114395
2025-03-26 16:35:00+00:00,392.1700134277344,392.76239013671875,392.1499938964844,392.6050109863281,73958
2025-03-26 16:40:00+00:00,392.1099853515625,392.4200134277344,392.0199890136719,392.1700134277344,76085
2025-03-26 16:45:00+00:00,392.6000061035156,392.6000061035156,391.9800109863281,392.0950012207031,95317
2025-03-26 16:50:00+00:00,392.1650085449219,392.6499938964844,392.0400085449219,392.55999755859375,78546
2025-03-26 16:55:00+00:00,391.8399963378906,392.19000244140625,391.6199951171875,392.0899963378906,151949
2025-03-26 17:00:00+00:00,392.0101013183594,392.1499938964844,391.80999755859375,391.80999755859375,121887
2025-03-26 17:05:00+00:00,392.231689453125,392.3999938964844,392.0,392.0450134277344,94695
2025-03-26 17:10:00+00:00,392.1199951171875,392.5849914550781,392.1099853515625,392.2650146484375,101764
2025-03-26 17:15:00+00:00,391.7099914550781,392.30999755859375,391.6300048828125,392.0899963378906,132054
2025-03-26 17:20:00+00:00,391.7300109863281,391.8900146484375,391.5,391.67999267578125,64686
2025-03-26 17:25:00+00:00,391.7200012207031,391.8699951171875,391.4700012207031,391.72149658203125,87512
2025-03-26 17:30:00+00:00,390.6099853515625,391.67999267578125,390.5653991699219,391.6449890136719,168021
2025-03-26 17:35:00+00:00,390.67999267578125,390.7099914550781,390.0400085449219,390.6199951171875,203553
2025-03-26 17:40:00+00:00,390.2099914550781,391.010009765625,390.2099914550781,390.6899108886719,106650
2025-03-26 17:45:00+00:00,390.07501220703125,390.3500061035156,389.8299865722656,390.17999267578125,154498
2025-03-26 17:50:00+00:00,390.2073974609375,390.2900085449219,389.989990234375,390.04998779296875,77926
2025-03-26 17:55:00+00:00,390.0199890136719,390.3349914550781,389.9599914550781,390.2598876953125,65730
2025-03-26 18:00:00+00:00,390.23590087890625,390.3349914550781,389.9601135253906,390.04998779296875,84056
2025-03-26 18:05:00+00:00,390.2099914550781,390.2593078613281,389.8999938964844,390.2099914550781,97056
2025-03-26 18:10:00+00:00,390.30999755859375,390.5392150878906,390.1700134277344,390.2149963378906,88972
2025-03-26 18:15:00+00:00,390.2699890136719,390.5299987792969,390.1701965332031,390.364990234375,68433
2025-03-26 18:20:00+00:00,390.29998779296875,390.4700012207031,390.1199951171875,390.260009765625,74157
2025-03-26 18:25:00+00:00,390.30999755859375,390.6099853515625,390.239990234375,390.27099609375,87551
2025-03-26 18:30:00+00:00,389.9750061035156,390.45001220703125,389.9017028808594,390.30999755859375,76784
2025-03-26 18:35:00+00:00,389.94000244140625,390.0387878417969,389.8699951171875,389.9700012207031,133501
2025-03-26 18:40:00+00:00,389.7799987792969,390.135009765625,389.6336975097656,389.95001220703125,130522
2025-03-26 18:45:00+00:00,389.4100036621094,389.9179992675781,389.239990234375,389.7900085449219,115346
2025-03-26 18:50:00+00:00,389.2799987792969,389.5199890136719,389.2449951171875,389.4049987792969,120082
2025-03-26 18:55:00+00:00,388.989990234375,389.32000732421875,388.79998779296875,389.25,199648
2025-03-26 19:00:00+00:00,388.9997863769531,389.3999938964844,388.8800048828125,389.135009765625,98693
2025-03-26 19:05:00+00:00,388.69000244140625,389.010009765625,388.6000061035156,389.010009765625,97424
2025-03-26 19:10:00+00:00,388.9800109863281,388.99951171875,388.57000732421875,388.7099914550781,131838
2025-03-26 19:15:00+00:00,389.55999755859375,389.6199951171875,388.80499267578125,388.9599914550781,219460
2025-03-26 19:20:00+00:00,389.4750061035156,389.94000244140625,389.3453063964844,389.54998779296875,134230
2025-03-26 19:25:00+00:00,389.39630126953125,389.7379150390625,389.30999755859375,389.489990234375,103365
2025-03-26 19:30:00+00:00,389.7699890136719,389.7900085449219,389.3800048828125,389.4700012207031,146204
2025-03-26 19:35:00+00:00,389.44000244140625,389.82000732421875,389.3599853515625,389.7650146484375,162650
2025-03-26 19:40:00+00:00,389.6400146484375,389.7699890136719,389.34149169921875,389.43499755859375,192366
2025-03-26 19:45:00+00:00,389.45001220703125,389.739990234375,389.2699890136719,389.635009765625,145781
2025-03-26 19:50:00+00:00,390.4599914550781,390.5636901855469,389.2300109863281,389.4100036621094,418665
2025-03-26 19:55:00+00:00,389.82000732421875,390.42999267578125,389.3299865722656,390.42999267578125,848255
2025-03-27 13:30:00+00:00,388.9728088378906,390.4200134277344,388.8299865722656,390.1300048828125,757872
2025-03-27 13:35:00+00:00,388.07000732421875,389.32000732421875,387.66009521484375,389.0199890136719,321667
2025-03-27 13:40:00+00:00,388.6400146484375,388.6400146484375,387.3999938964844,388.0400085449219,292775
2025-03-27 13:45:00+00:00,388.3800048828125,388.75,387.5799865722656,388.6400146484375,195989
2025-03-27 13:50:00+00:00,389.0,389.2099914550781,387.9800109863281,388.4200134277344,227502
2025-03-27 13:55:00+00:00,389.7799987792969,389.7799987792969,388.8399963378906,389.0,198646
2025-03-27 14:00:00+00:00,390.0299987792969,391.20001220703125,389.6400146484375,389.6600036621094,393054
2025-03-27 14:05:00+00:00,390.1199951171875,390.4750061035156,389.6000061035156,390.1400146484375,148035
2025-03-27 14:10:00+00:00,390.17999267578125,390.4200134277344,389.5816955566406,390.1549987792969,149008
2025-03-27 14:15:00+00:00,390.32000732421875,390.4800109863281,389.70001220703125,390.18499755859375,77419
2025-03-27 14:20:00+00:00,389.80999755859375,390.3900146484375,389.4700012207031,390.3550109863281,100402
2025-03-27 14:25:00+00:00,390.70001220703125,390.82000732421875,389.7323913574219,389.7699890136719,104833
2025-03-27 14:30:00+00:00,390.739990234375,390.95001220703125,390.60009765625,390.7300109863281,117282
2025-03-27 14:35:00+00:00,390.510009765625,390.9700012207031,390.3500061035156,390.79998779296875,113998
2025-03-27 14:40:00+00:00,390.28350830078125,390.6499938964844,390.1600036621094,390.5299987792969,112997
2025-03-27 14:45:00+00:00,389.7900085449219,390.5,389.6700134277344,390.2699890136719,107453
2025-03-27 14:50:00+00:00,390.3349914550781,390.3349914550781,389.7200012207031,389.79998779296875,85645
2025-03-27 14:55:00+00:00,390.5400085449219,390.67999267578125,390.1300048828125,390.32000732421875,115588
2025-03-27 15:00:00+00:00,390.260009765625,390.7699890136719,390.1000061035156,390.67999267578125,76114
2025-03-27 15:05:00+00:00,390.0400085449219,390.5400085449219,390.0400085449219,390.3299865722656,59962
2025-03-27 15:10:00+00:00,391.0,391.0,390.0101013183594,390.0400085449219,92654
2025-03-27 15:15:00+00:00,391.0,391.05499267578125,390.5899963378906,390.9455871582031,113925
2025-03-27 15:20:00+00:00,390.9150085449219,390.9840087890625,390.45001220703125,390.9840087890625,193907
2025-03-27 15:25:00+00:00,390.6300048828125,391.19000244140625,390.510009765625,390.8800048828125,86682
2025-03-27 15:30:00+00:00,390.4200134277344,390.6300048828125,390.18011474609375,390.6300048828125,64274
2025-03-27 15:35:00+00:00,390.25,390.6180114746094,390.07708740234375,390.3725891113281,91791
2025-03-27 15:40:00+00:00,390.1549987792969,390.4750061035156,389.9700012207031,390.2799987792969,120676
2025-03-27 15:45:00+00:00,389.9252014160156,390.1499938964844,389.7099914550781,390.1099853515625,67844
2025-03-27 15:50:00+00:00,390.3399963378906,390.6300048828125,389.93499755859375,389.9700012207031,71566
2025-03-27 15:55:00+00:00,390.2799987792969,390.5799865722656,390.1099853515625,390.44500732421875,55339
2025-03-27 16:00:00+00:00,390.78759765625,390.92999267578125,390.2099914550781,390.2749938964844,63585
2025-03-27 16:05:00+00:00,391.0950012207031,391.19000244140625,390.7099914550781,390.7900085449219,81982
2025-03-27 16:10:00+00:00,390.93499755859375,391.0350036621094,390.6994934082031,390.9750061035156,51713
2025-03-27 16:15:00+00:00,391.489990234375,391.5799865722656,390.8900146484375,390.9175109863281,74905
2025-03-27 16:20:00+00:00,391.32501220703125,391.7900085449219,391.29998779296875,391.4808044433594,95945
2025-03-27 16:25:00+00:00,390.67999267578125,391.2900085449219,390.5400085449219,391.2900085449219,69042
2025-03-27 16:30:00+00:00,391.260009765625,391.43499755859375,390.70001220703125,390.7200012207031,134665
2025-03-27 16:35:00+00:00,391.0849914550781,391.2799987792969,390.7732849121094,391.260009765625,73494
2025-03-27 16:40:00+00:00,391.1600036621094,391.4100036621094,390.9529113769531,391.0350036621094,85201
2025-03-27 16:45:00+00:00,390.2580871582031,391.2900085449219,390.2049865722656,391.1499938964844,68795
2025-03-27 16:50:00+00:00,390.1000061035156,390.3299865722656,389.8999938964844,390.2099914550781,84559
2025-03-27 16:55:00+00:00,389.6700134277344,390.2087097167969,389.6400146484375,390.07000732421875,89470
2025-03-27 17:00:00+00:00,389.80999755859375,389.95001220703125,389.4100036621094,389.7300109863281,128170
2025-03-27 17:05:00+00:00,389.95001220703125,390.19000244140625,389.67498779296875,389.7650146484375,93272
2025-03-27 17:10:00+00:00,390.3399963378906,390.375,389.82000732421875,389.94000244140625,79882
2025-03-27 17:15:00+00:00,390.1535949707031,390.3949890136719,390.110107421875,390.3299865722656,62028
2025-03-27 17:20:00+00:00,390.29998779296875,390.3900146484375,390.0199890136719,390.1449890136719,87755
2025-03-27 17:25:00+00:00,389.82000732421875,390.3900146484375,389.68109130859375,390.3399963378906,75438
2025-03-27 17:30:00+00:00,390.0199890136719,390.30999755859375,389.7799987792969,389.7799987792969,70346
2025-03-27 17:35:00+00:00,389.8900146484375,390.1300048828125,389.6449890136719,390.0199890136719,59992
2025-03-27 17:40:00+00:00,389.8699951171875,390.0400085449219,389.80999755859375,389.9200134277344,93166
2025-03-27 17:45:00+00:00,390.239990234375,390.44000244140625,389.8599853515625,389.9200134277344,101074
2025-03-27 17:50:00+00:00,389.7200012207031,390.510009765625,389.5950012207031,390.2650146484375,80842
2025-03-27 17:55:00+00:00,389.7611083984375,389.8999938964844,389.6400146484375,389.7598876953125,62316
2025-03-27 18:00:00+00:00,390.05999755859375,390.125,389.6700134277344,389.7550048828125,76894
2025-03-27 18:05:00+00:00,390.5299987792969,390.70001220703125,390.0299987792969,390.05999755859375,110344
2025-03-27 18:10:00+00:00,391.114990234375,391.1700134277344,390.4800109863281,390.5303039550781,95314
2025-03-27 18:15:00+00:00,390.7799987792969,391.2200012207031,390.70001220703125,391.0939025878906,80271
2025-03-27 18:20:00+00:00,390.7655029296875,391.2300109863281,390.75,390.7799987792969,113851
2025-03-27 18:25:00+00:00,390.989990234375,391.2099914550781,390.6199951171875,390.7850036621094,77771
2025-03-27 18:30:00+00:00,391.3349914550781,391.3500061035156,390.92999267578125,391.0050048828125,73466
2025-03-27 18:35:00+00:00,391.3699951171875,391.5791931152344,391.2099914550781,391.3500061035156,90139
2025-03-27 18:40:00+00:00,391.3699035644531,391.7900085449219,391.32000732421875,391.3699951171875,71368
2025-03-27 18:45:00+00:00,391.5,391.55999755859375,391.32000732421875,391.36639404296875,60104
2025-03-27 18:50:00+00:00,391.6300048828125,391.7950134277344,391.3800048828125,391.4881896972656,61281
2025-03-27 18:55:00+00:00,390.9800109863281,391.6199951171875,390.8699951171875,391.614990234375,66805
2025-03-27 19:00:00+00:00,391.4700012207031,391.5950012207031,390.8900146484375,390.9599914550781,70059
2025-03-27 19:05:00+00:00,391.3900146484375,391.55999755859375,391.10699462890625,391.4100036621094,71854
2025-03-27 19:10:00+00:00,391.8699951171875,391.88909912109375,391.2699890136719,391.3699951171875,86507
2025-03-27 19:15:00+00:00,391.7699890136719,392.0,391.6549987792969,391.8599853515625,106422
2025-03-27 19:20:00+00:00,392.18499755859375,392.2300109863281,391.7900085449219,391.79998779296875,91681
2025-03-27 19:25:00+00:00,392.0,392.239990234375,391.8999938964844,392.1700134277344,82512
2025-03-27 19:30:00+00:00,391.44500732421875,392.0141906738281,391.2699890136719,392.0141906738281,89701
2025-03-27 19:35:00+00:00,391.3299865722656,391.6400146484375,391.2015075683594,391.510009765625,76240
2025-03-27 19:40:00+00:00,391.7099914550781,391.7900085449219,391.2349853515625,391.32000732421875,105784
2025-03-27 19:45:00+00:00,391.6499938964844,391.9100036621094,391.4849853515625,391.69500732421875,129780
2025-03-27 19:50:00+00:00,390.8999938964844,391.6300048828125,390.18109130859375,391.6300048828125,316679
2025-03-27 19:55:00+00:00,390.5299987792969,391.07000732421875,390.32000732421875,390.8999938964844,816975
2025-03-28 13:30:00+00:00,386.95001220703125,388.56988525390625,386.07000732421875,388.0799865722656,729124
2025-03-28 13:35:00+00:00,387.756103515625,387.92999267578125,386.82000732421875,386.9599914550781,320435
2025-03-28 13:40:00+00:00,387.82501220703125,389.1300048828125,387.7099914550781,387.82000732421875,225980
2025-03-28 13:45:00+00:00,388.3299865722656,388.4700012207031,387.7099914550781,387.7699890136719,147884
2025-03-28 13:50:00+00:00,387.7200012207031,388.614990234375,387.1499938964844,388.25,169278
2025-03-28 13:55:00+00:00,387.67498779296875,388.0599060058594,387.5799865722656,387.67999267578125,120224
2025-03-28 14:00:00+00:00,387.29998779296875,388.2650146484375,387.1499938964844,387.6199951171875,278196
2025-03-28 14:05:00+00:00,386.5299987792969,387.4599914550781,386.4100036621094,387.32000732421875,243671
2025-03-28 14:10:00+00:00,385.4750061035156,386.5400085449219,385.3800048828125,386.489990234375,213702
2025-03-28 14:15:00+00:00,385.1600036621094,385.5799865722656,385.04998779296875,385.45001220703125,180564
2025-03-28 14:20:00+00:00,384.9649963378906,385.5199890136719,384.7799987792969,385.20001220703125,184750
2025-03-28 14:25:00+00:00,384.32501220703125,384.989990234375,384.1700134277344,384.9649963378906,147316
2025-03-28 14:30:00+00:00,384.0505065917969,384.79730224609375,383.75,384.3299865722656,194241
2025-03-28 14:35:00+00:00,384.0199890136719,384.3500061035156,383.75,384.1199951171875,173337
2025-03-28 14:40:00+00:00,383.8599853515625,384.25,383.510009765625,384.05499267578125,174564
2025-03-28 14:45:00+00:00,383.4200134277344,383.8800048828125,383.2027893066406,383.7699890136719,139775
2025-03-28 14:50:00+00:00,383.0899963378906,383.70001220703125,382.95001220703125,383.3800048828125,153844
2025-03-28 14:55:00+00:00,382.6400146484375,383.04998779296875,382.1099853515625,383.04998779296875,243651
2025-03-28 15:00:00+00:00,381.8949890136719,382.7049865722656,381.760009765625,382.70001220703125,221615
2025-03-28 15:05:00+00:00,382.19000244140625,382.4455871582031,381.8949890136719,381.8949890136719,152103
2025-03-28 15:10:00+00:00,382.3500061035156,383.07000732421875,382.1099853515625,382.1650085449219,239331
2025-03-28 15:15:00+00:00,382.1174011230469,382.5221862792969,381.9800109863281,382.30499267578125,140446
2025-03-28 15:20:00+00:00,381.6600036621094,382.17999267578125,381.4700012207031,382.1050109863281,133715
2025-03-28 15:25:00+00:00,382.6199951171875,382.6400146484375,381.7200012207031,381.7200012207031,129586
2025-03-28 15:30:00+00:00,382.82501220703125,382.9798889160156,382.4100036621094,382.56500244140625,117417
2025-03-28 15:35:00+00:00,382.635009765625,383.0450134277344,382.5874938964844,382.80499267578125,92955
2025-03-28 15:40:00+00:00,382.2900085449219,382.6759948730469,381.7900085449219,382.6400146484375,213770
2025-03-28 15:45:00+00:00,382.3500061035156,382.3555908203125,381.9800109863281,382.2699890136719,88282
2025-03-28 15:50:00+00:00,381.760009765625,382.32000732421875,381.7200012207031,382.30999755859375,103330
2025-03-28 15:55:00+00:00,381.614990234375,381.9020080566406,381.5199890136719,381.69500732421875,104849
2025-03-28 16:00:00+00:00,381.739990234375,381.9100036621094,381.4700012207031,381.54998779296875,134031
2025-03-28 16:05:00+00:00,381.70001220703125,382.06500244140625,381.6400146484375,381.7099914550781,90569
2025-03-28 16:10:00+00:00,381.5350036621094,382.0,381.4599914550781,381.69500732421875,83336
2025-03-28 16:15:00+00:00,380.8399963378906,381.57000732421875,380.7300109863281,381.5400085449219,173652
2025-03-28 16:20:00+00:00,380.7362060546875,380.94000244140625,380.5899963378906,380.8800048828125,141220
2025-03-28 16:25:00+00:00,380.664794921875,380.8800048828125,380.54998779296875,380.6969909667969,127814
2025-03-28 16:30:00+00:00,381.1134948730469,381.1134948730469,380.6000061035156,380.614990234375,121121
2025-03-28 16:35:00+00:00,380.5899963378906,381.1099853515625,380.5400085449219,381.0799865722656,156706
2025-03-28 16:40:00+00:00,380.3900146484375,380.6424865722656,380.1499938964844,380.57000732421875,191995
2025-03-28 16:45:00+00:00,380.79998779296875,380.9800109863281,380.3599853515625,380.3800048828125,127327
2025-03-28 16:50:00+00:00,380.4150085449219,380.93499755859375,380.2301025390625,380.7804870605469,163490
2025-03-28 16:55:00+00:00,379.43499755859375,380.4150085449219,379.3500061035156,380.4150085449219,443247
2025-03-28 17:00:00+00:00,379.0799865722656,379.43499755859375,378.8299865722656,379.43499755859375,291031
2025-03-28 17:05:00+00:00,378.8399963378906,379.0400085449219,378.66119384765625,379.0199890136719,131522
2025-03-28 17:10:00+00:00,378.6650085449219,378.9952087402344,378.6300048828125,378.82501220703125,116074
2025-03-28 17:15:00+00:00,378.6099853515625,379.05999755859375,378.29998779296875,378.6549987792969,312815
2025-03-28 17:20:00+00:00,377.94000244140625,378.70001220703125,377.94000244140625,378.6449890136719,238240
2025-03-28 17:25:00+00:00,377.6400146484375,378.1499938964844,377.6000061035156,377.92999267578125,230797
2025-03-28 17:30:00+00:00,377.7298889160156,377.9200134277344,377.3999938964844,377.6400146484375,349991
2025-03-28 17:35:00+00:00,378.32818603515625,378.3500061035156,377.57501220703125,377.7300109863281,140458
2025-03-28 17:40:00+00:00,378.2950134277344,378.6400146484375,378.1499938964844,378.29998779296875,128539
2025-03-28 17:45:00+00:00,378.1300048828125,378.5199890136719,378.0,378.20001220703125,127024
2025-03-28 17:50:00+00:00,378.0199890136719,378.2650146484375,377.9700012207031,378.1700134277344,77781
2025-03-28 17:55:00+00:00,378.6000061035156,378.6400146484375,377.94000244140625,378.0400085449219,141988
2025-03-28 18:00:00+00:00,378.5400085449219,378.7405090332031,378.3999938964844,378.5799865722656,144103
2025-03-28 18:05:00+00:00,379.06500244140625,379.0899963378906,378.5299987792969,378.55999755859375,148930
2025-03-28 18:10:00+00:00,379.3349914550781,379.5050048828125,379.0199890136719,379.1000061035156,177965
2025-03-28 18:15:00+00:00,379.5150146484375,379.57501220703125,379.0199890136719,379.3399963378906,159217
2025-03-28 18:20:00+00:00,379.2449951171875,379.5400085449219,379.2080078125,379.5,120057
2025-03-28 18:25:00+00:00,379.3699951171875,379.619384765625,379.1300048828125,379.239990234375,156274
2025-03-28 18:30:00+00:00,379.3999938964844,379.6300048828125,379.2099914550781,379.3699951171875,129271
2025-03-28 18:35:00+00:00,378.8044128417969,379.44000244140625,378.79998779296875,379.3953857421875,113389
2025-03-28 18:40:00+00:00,378.4599914550781,379.0400085449219,378.4599914550781,378.8599853515625,192833
2025-03-28 18:45:00+00:00,378.239990234375,378.5899963378906,378.2200012207031,378.5,184085
2025-03-28 18:50:00+00:00,378.2200012207031,378.45989990234375,378.1400146484375,378.2099914550781,237334
2025-03-28 18:55:00+00:00,378.1700134277344,378.3599853515625,378.1005859375,378.20361328125,219733
2025-03-28 19:00:00+00:00,378.0,378.2300109863281,377.92999267578125,378.1700134277344,169358
2025-03-28 19:05:00+00:00,378.07000732421875,378.32501220703125,377.9599914550781,377.989990234375,213421
2025-03-28 19:10:00+00:00,378.1099853515625,378.125,377.672607421875,378.1000061035156,161188
2025-03-28 19:15:00+00:00,377.9200134277344,378.1099853515625,377.6600036621094,378.1000061035156,235562
2025-03-28 19:20:00+00:00,377.6300048828125,378.05999755859375,377.4914855957031,377.8900146484375,210513
2025-03-28 19:25:00+00:00,377.74578857421875,377.82000732421875,377.54998779296875,377.6300048828125,150801
2025-03-28 19:30:00+00:00,377.04998779296875,377.9200134277344,377.02880859375,377.864990234375,248162
2025-03-28 19:35:00+00:00,377.42999267578125,377.42999267578125,376.92999267578125,377.04998779296875,290010
2025-03-28 19:40:00+00:00,377.7099914550781,377.7550048828125,377.2514953613281,377.3999938964844,245516
2025-03-28 19:45:00+00:00,377.70001220703125,377.8900146484375,377.5799865722656,377.7550048828125,267581
2025-03-28 19:50:00+00:00,378.8599853515625,379.17999267578125,377.7200012207031,377.739990234375,534977
2025-03-28 19:55:00+00:00,378.82000732421875,379.5400085449219,378.57000732421875,378.9700012207031,1436019
2025-03-31 13:30:00+00:00,368.69000244140625,372.7518005371094,368.2900085449219,372.5350036621094,2410744
2025-03-31 13:35:00+00:00,370.0849914550781,370.260009765625,368.6499938964844,368.739990234375,574734
2025-03-31 13:40:00+00:00,369.7632141113281,370.30999755859375,369.4100036621094,370.0849914550781,475275
2025-03-31 13:45:00+00:00,369.0,369.8800048828125,368.6393127441406,369.635009765625,457856
2025-03-31 13:50:00+00:00,369.6199951171875,369.79998779296875,368.4700012207031,369.0050048828125,339243
2025-03-31 13:55:00+00:00,370.4200134277344,370.67999267578125,369.4800109863281,369.5849914550781,343638
2025-03-31 14:00:00+00:00,370.1990966796875,371.1000061035156,370.1120910644531,370.4649963378906,259551
2025-03-31 14:05:00+00:00,370.7200012207031,371.05938720703125,369.8699951171875,370.20001220703125,287156
2025-03-31 14:10:00+00:00,370.4960021972656,370.7799987792969,369.8800964355469,370.7200012207031,272967
2025-03-31 14:15:00+00:00,368.9800109863281,370.6499938964844,368.9390869140625,370.4989929199219,354465
2025-03-31 14:20:00+00:00,368.3699951171875,369.0899963378906,368.1499938964844,368.9849853515625,321502
2025-03-31 14:25:00+00:00,367.8340148925781,368.5299987792969,367.6300048828125,368.3399963378906,379816
2025-03-31 14:30:00+00:00,369.2650146484375,369.3092041015625,367.760009765625,367.7950134277344,335328
2025-03-31 14:35:00+00:00,368.2850036621094,369.3999938964844,368.0,369.260009765625,258262
2025-03-31 14:40:00+00:00,367.67120361328125,368.4700012207031,367.3800048828125,368.35400390625,299458
2025-03-31 14:45:00+00:00,368.2049865722656,368.2497863769531,367.489990234375,367.7049865722656,262812
2025-03-31 14:50:00+00:00,368.17999267578125,368.30999755859375,367.239990234375,368.2395935058594,260232
2025-03-31 14:55:00+00:00,368.0820007324219,368.2699890136719,367.8999938964844,368.2149963378906,135905
2025-03-31 15:00:00+00:00,368.3299865722656,368.94000244140625,368.1000061035156,368.1099853515625,488196
2025-03-31 15:05:00+00:00,367.7300109863281,368.65130615234375,367.7300109863281,368.29998779296875,163903
2025-03-31 15:10:00+00:00,367.8800048828125,368.6000061035156,367.70001220703125,367.7349853515625,151411
2025-03-31 15:15:00+00:00,368.54998779296875,368.625,367.7886047363281,367.8800048828125,214104
2025-03-31 15:20:00+00:00,369.70001220703125,369.7799987792969,368.510009765625,368.5400085449219,249387
2025-03-31 15:25:00+00:00,369.3399963378906,369.9700012207031,369.125,369.69989013671875,314017
2025-03-31 15:30:00+00:00,369.8900146484375,370.04998779296875,368.9100036621094,369.2799987792969,228000
2025-03-31 15:35:00+00:00,370.760009765625,370.8699951171875,369.8299865722656,369.8900146484375,250434
2025-03-31 15:40:00+00:00,370.7950134277344,371.1400146484375,370.5400085449219,370.75,222727
2025-03-31 15:45:00+00:00,371.25,371.2900085449219,370.42999267578125,370.7950134277344,172692
2025-03-31 15:50:00+00:00,371.6400146484375,371.79998779296875,371.010009765625,371.2349853515625,218203
2025-03-31 15:55:00+00:00,370.92999267578125,371.7200012207031,370.8100891113281,371.55010986328125,204358
2025-03-31 16:00:00+00:00,371.1000061035156,371.260009765625,370.7760009765625,370.93359375,107308
2025-03-31 16:05:00+00:00,370.42999267578125,371.14849853515625,370.3500061035156,371.05999755859375,142060
2025-03-31 16:10:00+00:00,370.6700134277344,370.75,370.1700134277344,370.4599914550781,130932
2025-03-31 16:15:00+00:00,371.239990234375,371.30499267578125,370.4700012207031,370.614990234375,104711
2025-03-31 16:20:00+00:00,371.25,371.2699890136719,370.90069580078125,371.20001220703125,110390
2025-03-31 16:25:00+00:00,371.989990234375,372.0,371.2799987792969,371.2799987792969,112689
2025-03-31 16:30:00+00:00,372.0050048828125,372.1000061035156,371.55999755859375,371.98919677734375,121504
2025-03-31 16:35:00+00:00,371.67498779296875,372.1799011230469,371.5849914550781,372.0400085449219,122875
2025-03-31 16:40:00+00:00,371.5150146484375,371.8999938964844,371.4599914550781,371.68499755859375,98989
2025-03-31 16:45:00+00:00,371.1600036621094,371.7294006347656,370.94000244140625,371.51080322265625,123627
2025-03-31 16:50:00+00:00,370.8450012207031,371.189208984375,370.6600036621094,371.17999267578125,126471
2025-03-31 16:55:00+00:00,369.8399963378906,370.8699951171875,369.7799987792969,370.8299865722656,238145
2025-03-31 17:00:00+00:00,370.3599853515625,370.52880859375,369.67999267578125,369.7799987792969,191731
2025-03-31 17:05:00+00:00,371.57000732421875,371.7799987792969,370.29998779296875,370.4049987792969,202269
2025-03-31 17:10:00+00:00,372.29998779296875,372.42999267578125,371.54998779296875,371.57000732421875,309122
2025-03-31 17:15:00+00:00,371.139892578125,372.3999938964844,371.0899963378906,372.29998779296875,288336
2025-03-31 17:20:00+00:00,371.05499267578125,371.19000244140625,370.6000061035156,371.1000061035156,194429
2025-03-31 17:25:00+00:00,371.2300109863281,371.2394104003906,370.7301025390625,371.0450134277344,111879
2025-03-31 17:30:00+00:00,370.9602966308594,371.25,370.875,371.25,201300
2025-03-31 17:35:00+00:00,371.0299987792969,371.17999267578125,370.6400146484375,371.0199890136719,170352
2025-03-31 17:40:00+00:00,370.3699951171875,371.0400085449219,370.2799987792969,371.0400085449219,110045
2025-03-31 17:45:00+00:00,370.3599853515625,370.489990234375,370.1199951171875,370.2701110839844,134344
2025-03-31 17:50:00+00:00,370.9200134277344,371.05999755859375,370.2300109863281,370.3949890136719,95088
2025-03-31 17:55:00+00:00,370.44000244140625,370.9200134277344,370.31500244140625,370.9200134277344,88352
2025-03-31 18:00:00+00:00,371.4700012207031,371.5799865722656,370.3500061035156,370.45001220703125,137221
2025-03-31 18:05:00+00:00,372.4700012207031,372.4822998046875,371.44000244140625,371.5191955566406,108529
2025-03-31 18:10:00+00:00,372.375,373.0400085449219,372.375,372.489990234375,177001
2025-03-31 18:15:00+00:00,372.80499267578125,372.8599853515625,372.2099914550781,372.3900146484375,122528
2025-03-31 18:20:00+00:00,372.2300109863281,372.9100036621094,372.19000244140625,372.80499267578125,150418
2025-03-31 18:25:00+00:00,372.43499755859375,372.4997863769531,372.1000061035156,372.2550048828125,155041
2025-03-31 18:30:00+00:00,372.6000061035156,372.9200134277344,372.29998779296875,372.43499755859375,162483
2025-03-31 18:35:00+00:00,372.45001220703125,372.8940124511719,372.2900085449219,372.6000061035156,132126
2025-03-31 18:40:00+00:00,372.23760986328125,372.6400146484375,372.1600036621094,372.4100036621094,115078
2025-03-31 18:45:00+00:00,371.92498779296875,372.260009765625,371.5,372.19000244140625,196862
2025-03-31 18:50:00+00:00,372.4361877441406,372.6700134277344,371.885009765625,371.8999938964844,113548
2025-03-31 18:55:00+00:00,371.92999267578125,372.4588928222656,371.8500061035156,372.44500732421875,120242
2025-03-31 19:00:00+00:00,372.5799865722656,372.5856018066406,371.8599853515625,371.94000244140625,129505
2025-03-31 19:05:00+00:00,373.1210021972656,373.2699890136719,372.5199890136719,372.6000061035156,151173
2025-03-31 19:10:00+00:00,373.5899963378906,373.9898986816406,373.0199890136719,373.1600036621094,159215
2025-03-31 19:15:00+00:00,373.4399108886719,373.8699951171875,373.0799865722656,373.6000061035156,177147
2025-03-31 19:20:00+00:00,373.7300109863281,374.0400085449219,373.375,373.3999938964844,197862
2025-03-31 19:25:00+00:00,372.8699951171875,373.7300109863281,372.80999755859375,373.70001220703125,160956
2025-03-31 19:30:00+00:00,374.07000732421875,374.1099853515625,372.75,372.8800048828125,212057
2025-03-31 19:35:00+00:00,374.2250061035156,374.3599853515625,373.7799987792969,374.0299987792969,258589
2025-03-31 19:40:00+00:00,374.3699951171875,374.94500732421875,374.2250061035156,374.2250061035156,370430
2025-03-31 19:45:00+00:00,374.31500244140625,374.760009765625,374.0107116699219,374.364990234375,323108
2025-03-31 19:50:00+00:00,376.7815856933594,377.05999755859375,374.19000244140625,374.32501220703125,1815114
2025-03-31 19:55:00+00:00,374.8699951171875,376.7900085449219,373.739990234375,376.7300109863281,2366478
2025-04-01 13:30:00+00:00,374.6300048828125,375.75,373.2300109863281,374.6549987792969,901239
2025-04-01 13:35:00+00:00,375.42498779296875,375.45001220703125,374.3699951171875,374.6300048828125,256388
2025-04-01 13:40:00+00:00,375.906494140625,376.3399963378906,374.9599914550781,375.3999938964844,218165
2025-04-01 13:45:00+00:00,377.55999755859375,377.70001220703125,375.82000732421875,375.9049987792969,668740
2025-04-01 13:50:00+00:00,377.30999755859375,378.2900085449219,376.9800109863281,377.6099853515625,467624
2025-04-01 13:55:00+00:00,378.1700134277344,378.67999267578125,376.94000244140625,377.31500244140625,321521
2025-04-01 14:00:00+00:00,377.875,378.5299987792969,377.29998779296875,378.1099853515625,353271
2025-04-01 14:05:00+00:00,377.3349914550781,378.4700012207031,377.01190185546875,377.885009765625,298550
2025-04-01 14:10:00+00:00,376.385009765625,377.6000061035156,376.20001220703125,377.3399963378906,298074
2025-04-01 14:15:00+00:00,376.1000061035156,376.6600036621094,375.8699951171875,376.4200134277344,278939
2025-04-01 14:20:00+00:00,377.3999938964844,377.45001220703125,375.67999267578125,376.1000061035156,281993
2025-04-01 14:25:00+00:00,377.5199890136719,377.8999938964844,376.74749755859375,377.35009765625,286029
2025-04-01 14:30:00+00:00,377.7250061035156,378.1099853515625,377.32379150390625,377.4750061035156,215953
2025-04-01 14:35:00+00:00,378.8900146484375,379.17999267578125,377.5299987792969,377.7900085449219,282999
2025-04-01 14:40:00+00:00,379.6099853515625,380.1000061035156,378.7099914550781,378.8900146484375,298708
2025-04-01 14:45:00+00:00,379.4849853515625,380.0,379.25,379.7300109863281,175112
2025-04-01 14:50:00+00:00,379.7850036621094,380.25,379.5299987792969,379.5299987792969,210046
2025-04-01 14:55:00+00:00,380.364990234375,380.54998779296875,379.5799865722656,379.7799987792969,196011
2025-04-01 15:00:00+00:00,380.57000732421875,380.8699951171875,380.1000061035156,380.3399963378906,168020
2025-04-01 15:05:00+00:00,380.8599853515625,380.9800109863281,380.3399963378906,380.5199890136719,145975
2025-04-01 15:10:00+00:00,381.19000244140625,381.2699890136719,380.489990234375,380.8699951171875,169580
2025-04-01 15:15:00+00:00,381.1166076660156,381.82000732421875,381.1099853515625,381.20001220703125,206607
2025-04-01 15:20:00+00:00,381.739990234375,381.79998779296875,380.8299865722656,381.1199951171875,190574
2025-04-01 15:25:00+00:00,381.1099853515625,381.8900146484375,381.07000732421875,381.760009765625,223408
2025-04-01 15:30:00+00:00,381.2300109863281,381.3500061035156,380.95001220703125,381.1549987792969,171595
2025-04-01 15:35:00+00:00,380.5799865722656,381.2900085449219,380.3406066894531,381.25,116243
2025-04-01 15:40:00+00:00,380.760009765625,380.8399963378906,380.0299987792969,380.55999755859375,123887
2025-04-01 15:45:00+00:00,381.3399963378906,381.4800109863281,380.7119140625,380.7650146484375,149046
2025-04-01 15:50:00+00:00,380.510009765625,381.3999938964844,380.3900146484375,381.3349914550781,131439
2025-04-01 15:55:00+00:00,381.135009765625,381.1600036621094,380.3800048828125,380.54998779296875,133577
2025-04-01 16:00:00+00:00,381.5950012207031,381.71990966796875,380.9100036621094,381.1650085449219,166587
2025-04-01 16:05:00+00:00,381.9599914550781,382.0400085449219,381.3500061035156,381.625,192962
2025-04-01 16:10:00+00:00,381.760009765625,382.17999267578125,381.4599914550781,381.95001220703125,138909
2025-04-01 16:15:00+00:00,381.8500061035156,382.010009765625,381.4800109863281,381.739990234375,117588
2025-04-01 16:20:00+00:00,381.6600036621094,382.32501220703125,381.44000244140625,381.79998779296875,182383
2025-04-01 16:25:00+00:00,380.80999755859375,381.7550048828125,380.70001220703125,381.6099853515625,96773
2025-04-01 16:30:00+00:00,380.0400085449219,380.7799987792969,380.0400085449219,380.7799987792969,120611
2025-04-01 16:35:00+00:00,379.95001220703125,380.2904968261719,379.7799987792969,380.1499938964844,108788
2025-04-01 16:40:00+00:00,379.7300109863281,380.20001220703125,379.6650085449219,380.0,125952
2025-04-01 16:45:00+00:00,380.42999267578125,380.44000244140625,379.6499938964844,379.70001220703125,95800
2025-04-01 16:50:00+00:00,381.25,381.70001220703125,380.3599853515625,380.4599914550781,126316
2025-04-01 16:55:00+00:00,381.05499267578125,381.4700012207031,381.05499267578125,381.2049865722656,98359
2025-04-01 17:00:00+00:00,381.0400085449219,381.3599853515625,380.8714904785156,381.0260925292969,81553
2025-04-01 17:05:00+00:00,380.6700134277344,381.1050109863281,380.32000732421875,381.07000732421875,130121
2025-04-01 17:10:00+00:00,381.1499938964844,381.19439697265625,380.489990234375,380.6650085449219,122964
2025-04-01 17:15:00+00:00,380.5799865722656,381.19500732421875,380.57000732421875,381.11468505859375,92225
2025-04-01 17:20:00+00:00,380.70001220703125,380.8500061035156,380.489990234375,380.6300048828125,102413
2025-04-01 17:25:00+00:00,380.86590576171875,380.9700012207031,380.6300048828125,380.6700134277344,83660
2025-04-01 17:30:00+00:00,380.5400085449219,381.260009765625,380.45001220703125,380.82501220703125,82587
2025-04-01 17:35:00+00:00,380.8599853515625,380.9800109863281,380.4501953125,380.5299987792969,65420
2025-04-01 17:40:00+00:00,380.4200134277344,381.1099853515625,380.3399963378906,380.8599853515625,91212
2025-04-01 17:45:00+00:00,380.7900085449219,380.9100036621094,380.4100036621094,380.43499755859375,62763
2025-04-01 17:50:00+00:00,380.3299865722656,381.0150146484375,380.29998779296875,380.80499267578125,131113
2025-04-01 17:55:00+00:00,379.9100036621094,380.3299865722656,379.7850036621094,380.32501220703125,90620
2025-04-01 18:00:00+00:00,379.010009765625,379.989990234375,378.760009765625,379.8999938964844,129667
2025-04-01 18:05:00+00:00,378.6199951171875,379.0799865722656,378.5,379.0350036621094,137222
2025-04-01 18:10:00+00:00,379.0400085449219,379.2149963378906,378.5,378.6199951171875,83066
2025-04-01 18:15:00+00:00,378.5950012207031,379.1600036621094,378.4200134277344,379.0335998535156,130334
2025-04-01 18:20:00+00:00,378.2799987792969,378.7749938964844,378.2799987792969,378.614990234375,120329
2025-04-01 18:25:00+00:00,378.69000244140625,379.0899963378906,378.2799987792969,378.3349914550781,156740
2025-04-01 18:30:00+00:00,379.1199951171875,379.25830078125,378.6300048828125,378.7699890136719,108035
2025-04-01 18:35:00+00:00,379.1000061035156,379.5249938964844,378.8900146484375,379.1499938964844,120044
2025-04-01 18:40:00+00:00,379.7349853515625,379.7560119628906,379.1099853515625,379.1099853515625,139634
2025-04-01 18:45:00+00:00,379.20001220703125,379.7594909667969,379.19500732421875,379.7300109863281,85448
2025-04-01 18:50:00+00:00,379.87249755859375,379.8949890136719,379.2200012207031,379.2200012207031,76352
2025-04-01 18:55:00+00:00,380.45001220703125,380.4649963378906,379.864501953125,379.864990234375,99102
2025-04-01 19:00:00+00:00,380.42498779296875,380.5199890136719,380.2101135253906,380.4200134277344,101367
2025-04-01 19:05:00+00:00,380.25,380.82000732421875,380.2156982421875,380.42498779296875,106753
2025-04-01 19:10:00+00:00,380.37811279296875,380.4200134277344,380.0299987792969,380.20001220703125,76574
2025-04-01 19:15:00+00:00,380.3699951171875,380.9100036621094,380.25408935546875,380.45989990234375,181482
2025-04-01 19:20:00+00:00,380.7049865722656,380.760009765625,379.8599853515625,380.3900146484375,161481
2025-04-01 19:25:00+00:00,380.42498779296875,380.7799987792969,380.3500061035156,380.69000244140625,121059
2025-04-01 19:30:00+00:00,381.4700012207031,381.6600036621094,380.25,380.42498779296875,190437
2025-04-01 19:35:00+00:00,381.4200134277344,381.95001220703125,381.3349914550781,381.45001220703125,189082
2025-04-01 19:40:00+00:00,381.9200134277344,382.07000732421875,381.4200134277344,381.42498779296875,204519
2025-04-01 19:45:00+00:00,381.9800109863281,382.17999267578125,381.6099853515625,381.885009765625,239716
2025-04-01 19:50:00+00:00,382.30999755859375,382.8500061035156,381.70001220703125,382.010009765625,610463
2025-04-01 19:55:00+00:00,382.0799865722656,382.5899963378906,381.6600036621094,382.2650146484375,998250
2025-04-02 13:30:00+00:00,379.2799987792969,379.3399963378906,376.6199951171875,377.9649963378906,896311
2025-04-02 13:35:00+00:00,381.510009765625,381.79998779296875,379.2699890136719,379.2799987792969,341548
2025-04-02 13:40:00+00:00,381.44000244140625,382.0199890136719,380.4100036621094,381.6199951171875,223191
2025-04-02 13:45:00+00:00,382.19000244140625,382.2799072265625,381.20001220703125,381.385009765625,158159
2025-04-02 13:50:00+00:00,381.2615051269531,382.42999267578125,381.2615051269531,382.25,211803
2025-04-02 13:55:00+00:00,381.3800048828125,382.0,381.2300109863281,381.31500244140625,151539
2025-04-02 14:00:00+00:00,382.260009765625,382.4599914550781,381.1199951171875,381.1400146484375,201998
2025-04-02 14:05:00+00:00,379.9219970703125,382.29998779296875,379.6112060546875,382.260009765625,191019
2025-04-02 14:10:00+00:00,380.2650146484375,380.4200134277344,379.1650085449219,379.8599853515625,196776
2025-04-02 14:15:00+00:00,381.0799865722656,381.1600036621094,380.17999267578125,380.3399963378906,87515
2025-04-02 14:20:00+00:00,381.5873107910156,381.7200012207031,380.55999755859375,381.1199951171875,121230
2025-04-02 14:25:00+00:00,381.4949951171875,381.5899963378906,380.94000244140625,381.5899963378906,128348
2025-04-02 14:30:00+00:00,381.4599914550781,382.07000732421875,381.29998779296875,381.4700012207031,99569
2025-04-02 14:35:00+00:00,381.6400146484375,381.70001220703125,381.0199890136719,381.4549865722656,100184
2025-04-02 14:40:00+00:00,381.5104064941406,381.94000244140625,381.2300109863281,381.6000061035156,193421
2025-04-02 14:45:00+00:00,381.8399963378906,381.989990234375,381.46319580078125,381.46319580078125,94259
2025-04-02 14:50:00+00:00,381.54998779296875,382.03240966796875,381.42999267578125,381.8599853515625,94324
2025-04-02 14:55:00+00:00,381.760009765625,381.989990234375,381.110107421875,381.489990234375,138482
2025-04-02 15:00:00+00:00,381.6600036621094,381.7850036621094,381.2300109863281,381.7850036621094,121520
2025-04-02 15:05:00+00:00,381.5849914550781,381.8550109863281,381.2900085449219,381.6199951171875,130125
2025-04-02 15:10:00+00:00,381.04998779296875,381.7900085449219,380.9200134277344,381.57000732421875,183844
2025-04-02 15:15:00+00:00,381.7491149902344,381.7491149902344,380.8800048828125,381.05499267578125,77325
2025-04-02 15:20:00+00:00,382.1300048828125,382.32501220703125,381.6199951171875,381.7099914550781,141612
2025-04-02 15:25:00+00:00,382.4599914550781,382.6700134277344,382.1499938964844,382.1499938964844,107792
2025-04-02 15:30:00+00:00,382.4100036621094,382.5599060058594,382.25,382.3999938964844,89820
2025-04-02 15:35:00+00:00,382.29998779296875,382.45001220703125,381.94000244140625,382.29998779296875,123889
2025-04-02 15:40:00+00:00,381.6449890136719,382.5299987792969,381.57000732421875,382.3599853515625,115502
2025-04-02 15:45:00+00:00,380.70001220703125,381.6499938964844,380.54010009765625,381.6000061035156,124866
2025-04-02 15:50:00+00:00,380.9800109863281,381.05999755859375,380.239990234375,380.5899963378906,125664
2025-04-02 15:55:00+00:00,381.2950134277344,381.6600036621094,380.8599853515625,381.010009765625,104779
2025-04-02 16:00:00+00:00,381.36859130859375,381.75,381.1700134277344,381.30999755859375,110000
2025-04-02 16:05:00+00:00,381.8800048828125,381.8800048828125,381.3900146484375,381.44000244140625,79329
2025-04-02 16:10:00+00:00,382.3900146484375,382.45001220703125,381.7950134277344,381.8999938964844,80257
2025-04-02 16:15:00+00:00,382.42999267578125,382.6400146484375,382.20001220703125,382.4100036621094,92412
2025-04-02 16:20:00+00:00,382.7699890136719,382.8800048828125,382.3399963378906,382.4100036621094,75059
2025-04-02 16:25:00+00:00,383.2550048828125,383.2550048828125,382.5799865722656,382.7650146484375,205406
2025-04-02 16:30:00+00:00,383.1300048828125,383.3999938964844,382.9800109863281,383.2550048828125,97051
2025-04-02 16:35:00+00:00,382.7633972167969,383.1000061035156,382.5516052246094,383.0799865722656,84417
2025-04-02 16:40:00+00:00,383.2300109863281,383.2300109863281,382.4800109863281,382.7850036621094,61026
2025-04-02 16:45:00+00:00,383.7650146484375,383.80999755859375,382.9200134277344,383.2349853515625,107302
2025-04-02 16:50:00+00:00,383.9549865722656,384.3800048828125,383.54998779296875,383.80999755859375,141463
2025-04-02 16:55:00+00:00,384.0799865722656,384.25,383.6700134277344,383.9750061035156,100774
2025-04-02 17:00:00+00:00,384.1600036621094,384.2900085449219,383.9800109863281,384.05999755859375,98370
2025-04-02 17:05:00+00:00,384.2349853515625,384.3999938964844,383.92999267578125,384.1400146484375,77749
2025-04-02 17:10:00+00:00,384.6300048828125,385.0799865722656,384.2300109863281,384.2300109863281,183424
2025-04-02 17:15:00+00:00,384.8500061035156,384.8800048828125,384.4314880371094,384.6600036621094,110454
2025-04-02 17:20:00+00:00,384.614990234375,384.94500732421875,384.32000732421875,384.8710021972656,156784
2025-04-02 17:25:00+00:00,383.9800109863281,384.6499938964844,382.19000244140625,384.6499938964844,79558
2025-04-02 17:30:00+00:00,383.70001220703125,384.0199890136719,382.19000244140625,383.9649963378906,124755
2025-04-02 17:35:00+00:00,383.239990234375,383.7099914550781,383.1499938964844,383.7099914550781,106155
2025-04-02 17:40:00+00:00,382.6600036621094,383.3599853515625,382.5,383.239990234375,126899
2025-04-02 17:45:00+00:00,382.05999755859375,382.66400146484375,381.7950134277344,382.6000061035156,184929
2025-04-02 17:50:00+00:00,381.8699951171875,382.0400085449219,381.6488037109375,382.0199890136719,124859
2025-04-02 17:55:00+00:00,382.1600036621094,382.2699890136719,381.75,381.885009765625,123028
2025-04-02 18:00:00+00:00,381.45001220703125,382.1700134277344,381.42999267578125,382.0400085449219,178347
2025-04-02 18:05:00+00:00,381.2764892578125,381.42498779296875,380.8999938964844,381.4100036621094,147526
2025-04-02 18:10:00+00:00,381.2735900878906,381.5,380.9100036621094,381.3800048828125,107810
2025-04-02 18:15:00+00:00,380.94000244140625,381.44000244140625,380.79010009765625,381.2200012207031,108736
2025-04-02 18:20:00+00:00,380.8399963378906,381.45599365234375,380.7300109863281,380.8999938964844,104396
2025-04-02 18:25:00+00:00,380.45001220703125,381.0299987792969,380.4200134277344,380.7799987792969,148803
2025-04-02 18:30:00+00:00,380.9200134277344,380.9200134277344,380.260009765625,380.3599853515625,104824
2025-04-02 18:35:00+00:00,381.6199951171875,381.67999267578125,380.75,380.92999267578125,143119
2025-04-02 18:40:00+00:00,381.7117919921875,382.05999755859375,381.44000244140625,381.5899963378906,165856
2025-04-02 18:45:00+00:00,381.6610107421875,381.8349914550781,381.2803955078125,381.6549987792969,106282
2025-04-02 18:50:00+00:00,381.3599853515625,381.6499938964844,381.04998779296875,381.6099853515625,102659
2025-04-02 18:55:00+00:00,380.4150085449219,381.3599853515625,380.4100036621094,381.260009765625,104091
2025-04-02 19:00:00+00:00,381.5350036621094,381.55999755859375,380.489990234375,380.489990234375,101250
2025-04-02 19:05:00+00:00,381.7099914550781,381.7799072265625,381.3399963378906,381.5299987792969,112247
2025-04-02 19:10:00+00:00,381.2749938964844,381.7699890136719,381.2749938964844,381.70001220703125,91941
2025-04-02 19:15:00+00:00,381.2992858886719,381.5799865722656,380.9599914550781,381.260009765625,97578
2025-04-02 19:20:00+00:00,381.9599914550781,382.04998779296875,381.2099914550781,381.2749938964844,110870
2025-04-02 19:25:00+00:00,382.3500061035156,382.44000244140625,381.55560302734375,382.0,118400
2025-04-02 19:30:00+00:00,382.9100036621094,383.09521484375,381.95001220703125,382.364990234375,120315
2025-04-02 19:35:00+00:00,383.1099853515625,383.4700012207031,382.60321044921875,382.8599853515625,399561
2025-04-02 19:40:00+00:00,383.5299987792969,383.6600036621094,382.9200134277344,383.07501220703125,118506
2025-04-02 19:45:00+00:00,383.760009765625,384.0299987792969,383.510009765625,383.5199890136719,138994
2025-04-02 19:50:00+00:00,382.2900085449219,383.8900146484375,382.1499938964844,383.760009765625,524839
2025-04-02 19:55:00+00:00,382.1099853515625,383.1199951171875,381.9700012207031,382.30999755859375,1022501
2025-04-03 13:30:00+00:00,372.4100036621094,375.989990234375,372.1300048828125,374.7850036621094,2439645
2025-04-03 13:35:00+00:00,371.6499938964844,372.5050048828125,369.3500061035156,372.44000244140625,1209712
2025-04-03 13:40:00+00:00,370.5,371.79998779296875,370.1099853515625,371.7300109863281,607702
2025-04-03 13:45:00+00:00,371.2799987792969,371.7650146484375,370.010009765625,370.5,560090
2025-04-03 13:50:00+00:00,372.55499267578125,373.3900146484375,371.3599853515625,371.3599853515625,390393
2025-04-03 13:55:00+00:00,372.94000244140625,373.2300109863281,371.7774963378906,372.54998779296875,433309
2025-04-03 14:00:00+00:00,372.93499755859375,373.868896484375,372.010009765625,372.8500061035156,475958
2025-04-03 14:05:00+00:00,374.135009765625,374.6050109863281,372.94000244140625,372.94000244140625,462051
2025-04-03 14:10:00+00:00,374.8500061035156,374.8500061035156,373.489990234375,374.135009765625,324768
2025-04-03 14:15:00+00:00,374.6449890136719,375.2200012207031,374.5400085449219,374.8370056152344,318752
2025-04-03 14:20:00+00:00,373.5150146484375,374.5150146484375,373.3599853515625,374.489990234375,388983
2025-04-03 14:25:00+00:00,373.5249938964844,374.5150146484375,373.17999267578125,373.5150146484375,325764
2025-04-03 14:30:00+00:00,373.32501220703125,373.85919189453125,373.0899963378906,373.489990234375,287547
2025-04-03 14:35:00+00:00,372.5150146484375,373.30999755859375,372.2200012207031,373.2749938964844,239849
2025-04-03 14:40:00+00:00,372.6000061035156,372.8399963378906,372.1700134277344,372.5199890136719,221635
2025-04-03 14:45:00+00:00,372.1199951171875,372.67999267578125,371.9560852050781,372.55499267578125,281864
2025-04-03 14:50:00+00:00,371.69000244140625,372.20001220703125,371.2799987792969,372.1199951171875,269672
2025-04-03 14:55:00+00:00,371.6199951171875,371.8699951171875,371.2200012207031,371.75,359016
2025-04-03 15:00:00+00:00,371.7449951171875,372.010009765625,371.3599853515625,371.6199951171875,187437
2025-04-03 15:05:00+00:00,371.8901062011719,371.9930114746094,371.1700134277344,371.7650146484375,246503
2025-04-03 15:10:00+00:00,372.9700012207031,373.635009765625,371.8900146484375,371.8900146484375,318677
2025-04-03 15:15:00+00:00,374.1499938964844,374.3900146484375,372.92010498046875,372.9574890136719,296961
2025-04-03 15:20:00+00:00,374.4549865722656,374.5799865722656,373.5008850097656,374.04998779296875,185046
2025-04-03 15:25:00+00:00,374.1600036621094,374.989990234375,374.07000732421875,374.4200134277344,251999
2025-04-03 15:30:00+00:00,374.9460144042969,375.2449951171875,373.9729919433594,374.0400085449219,265345
2025-04-03 15:35:00+00:00,374.6000061035156,375.0799865722656,374.2799987792969,374.9891052246094,194369
2025-04-03 15:40:00+00:00,374.510009765625,375.32000732421875,374.3900146484375,374.6000061035156,217480
2025-04-03 15:45:00+00:00,374.4549865722656,374.9590148925781,374.1401062011719,374.489990234375,198951
2025-04-03 15:50:00+00:00,375.20001220703125,375.25,373.8158874511719,374.4328918457031,182175
2025-04-03 15:55:00+00:00,374.95001220703125,375.7300109863281,374.9200134277344,375.2799987792969,190312
2025-04-03 16:00:00+00:00,375.2900085449219,375.6925048828125,374.8500061035156,374.94500732421875,153645
2025-04-03 16:05:00+00:00,375.0400085449219,375.6600036621094,374.9949951171875,375.30999755859375,152993
2025-04-03 16:10:00+00:00,376.0400085449219,376.3399963378906,375.0849914550781,375.0899963378906,175638
2025-04-03 16:15:00+00:00,376.5150146484375,376.6400146484375,376.0799865722656,376.0950012207031,148107
2025-04-03 16:20:00+00:00,376.54998779296875,376.7200012207031,376.1300048828125,376.54998779296875,159982
2025-04-03 16:25:00+00:00,376.8450012207031,376.8800048828125,375.9700012207031,376.6000061035156,171654
2025-04-03 16:30:00+00:00,376.1199951171875,377.1099853515625,376.05999755859375,376.8699951171875,137684
2025-04-03 16:35:00+00:00,376.40008544921875,376.44000244140625,375.92169189453125,376.125,145889
2025-04-03 16:40:00+00:00,376.8399963378906,377.3999938964844,376.3299865722656,376.3999938964844,206327
2025-04-03 16:45:00+00:00,377.2349853515625,377.2629089355469,376.45098876953125,376.8500061035156,184031
2025-04-03 16:50:00+00:00,376.57720947265625,377.3221130371094,376.44000244140625,377.17999267578125,119695
2025-04-03 16:55:00+00:00,376.3550109863281,376.7200012207031,376.14410400390625,376.54998779296875,142965
2025-04-03 17:00:00+00:00,376.9549865722656,377.0799865722656,376.3901062011719,376.3999938964844,191723
2025-04-03 17:05:00+00:00,376.9599914550781,377.45001220703125,376.6099853515625,376.95001220703125,112426
2025-04-03 17:10:00+00:00,377.0799865722656,377.45001220703125,376.7799987792969,376.8500061035156,131631
2025-04-03 17:15:00+00:00,376.7099914550781,377.2799987792969,376.6499938964844,377.0400085449219,122668
2025-04-03 17:20:00+00:00,376.17498779296875,377.1300048828125,375.79998779296875,376.7099914550781,143355
2025-04-03 17:25:00+00:00,375.760009765625,376.30999755859375,375.7200012207031,376.17498779296875,124048
2025-04-03 17:30:00+00:00,376.0899963378906,376.125,375.5299987792969,375.75,121600
2025-04-03 17:35:00+00:00,376.44000244140625,376.67999267578125,375.8900146484375,376.05499267578125,166281
2025-04-03 17:40:00+00:00,376.8550109863281,376.8999938964844,376.20001220703125,376.45001220703125,136133
2025-04-03 17:45:00+00:00,376.4570007324219,377.10418701171875,376.3800048828125,376.8399963378906,141927
2025-04-03 17:50:00+00:00,376.3949890136719,376.739990234375,376.2048034667969,376.5032043457031,201433
2025-04-03 17:55:00+00:00,376.42999267578125,376.6199951171875,375.9800109863281,376.29998779296875,224133
2025-04-03 18:00:00+00:00,376.43499755859375,376.79998779296875,376.3900146484375,376.4100036621094,275032
2025-04-03 18:05:00+00:00,376.7049865722656,376.78131103515625,376.29998779296875,376.38970947265625,219614
2025-04-03 18:10:00+00:00,375.864990234375,376.7900085449219,375.8500061035156,376.6600036621094,185595
2025-04-03 18:15:00+00:00,375.3800964355469,375.989990234375,375.20001220703125,375.864990234375,247980
2025-04-03 18:20:00+00:00,375.5299987792969,376.0299987792969,375.2090148925781,375.4898986816406,155369
2025-04-03 18:25:00+00:00,375.4549865722656,375.5799865722656,375.02130126953125,375.4949951171875,140543
2025-04-03 18:30:00+00:00,375.4100036621094,376.2300109863281,375.0,375.4750061035156,254275
2025-04-03 18:35:00+00:00,375.510009765625,375.70208740234375,375.19000244140625,375.5,168374
2025-04-03 18:40:00+00:00,375.7699890136719,375.8900146484375,375.3371887207031,375.4700012207031,132586
2025-04-03 18:45:00+00:00,375.510009765625,375.78619384765625,375.2200012207031,375.760009765625,134571
2025-04-03 18:50:00+00:00,375.42999267578125,375.684814453125,375.1600036621094,375.4549865722656,132899
2025-04-03 18:55:00+00:00,375.6000061035156,375.702392578125,375.1300048828125,375.4100036621094,137831
2025-04-03 19:00:00+00:00,375.69000244140625,375.8900146484375,375.32000732421875,375.54998779296875,185292
2025-04-03 19:05:00+00:00,375.4700012207031,375.9891052246094,375.3399963378906,375.69000244140625,209177
2025-04-03 19:10:00+00:00,375.510009765625,375.7799987792969,375.1427917480469,375.4549865722656,239399
2025-04-03 19:15:00+00:00,374.5899963378906,375.57000732421875,374.1600036621094,375.5199890136719,239291
2025-04-03 19:20:00+00:00,374.4200134277344,374.989990234375,373.7799987792969,374.6499938964844,297911
2025-04-03 19:25:00+00:00,374.9100036621094,375.19000244140625,374.3599853515625,374.4700012207031,252872
2025-04-03 19:30:00+00:00,375.0047912597656,375.3900146484375,374.7550048828125,374.9100036621094,272399
2025-04-03 19:35:00+00:00,375.44000244140625,375.68499755859375,374.8500061035156,374.9949951171875,352878
2025-04-03 19:40:00+00:00,375.5799865722656,375.7799987792969,374.8800048828125,375.3500061035156,337580
2025-04-03 19:45:00+00:00,374.3550109863281,375.67999267578125,374.29998779296875,375.6099853515625,390852
2025-04-03 19:50:00+00:00,374.25,374.5,373.3999938964844,374.29998779296875,553538
2025-04-03 19:55:00+00:00,373.1199951171875,374.30999755859375,372.6099853515625,374.2799987792969,1656480
2025-04-04 13:30:00+00:00,366.0400085449219,367.0,364.0,364.125,3008709
2025-04-04 13:35:00+00:00,364.9700012207031,366.3599853515625,364.1499938964844,366.19000244140625,931620
2025-04-04 13:40:00+00:00,365.55999755859375,366.20001220703125,364.3699951171875,364.885009765625,767374
2025-04-04 13:45:00+00:00,369.739990234375,370.760009765625,365.010009765625,365.4849853515625,769961
2025-04-04 13:50:00+00:00,369.5400085449219,371.1499938964844,369.30999755859375,369.7119140625,788368
2025-04-04 13:55:00+00:00,372.4700012207031,372.79998779296875,369.0,369.5050048828125,927732
2025-04-04 14:00:00+00:00,374.0799865722656,374.5899963378906,372.260009765625,372.5199890136719,962232
2025-04-04 14:05:00+00:00,371.70001220703125,374.4800109863281,371.5899963378906,374.1099853515625,607576
2025-04-04 14:10:00+00:00,371.42999267578125,371.989990234375,370.95001220703125,371.67498779296875,554212
2025-04-04 14:15:00+00:00,372.3599853515625,372.6600036621094,370.4599914550781,371.3349914550781,816967
2025-04-04 14:20:00+00:00,371.05499267578125,373.9100036621094,370.75,372.385009765625,735558
2025-04-04 14:25:00+00:00,370.54791259765625,371.989990234375,370.3699951171875,371.0450134277344,464763
2025-04-04 14:30:00+00:00,368.7149963378906,371.0997009277344,368.3599853515625,370.50750732421875,757481
2025-04-04 14:35:00+00:00,368.32000732421875,369.3900146484375,368.0,368.69000244140625,709218
2025-04-04 14:40:00+00:00,367.9200134277344,368.55499267578125,366.8999938964844,368.32000732421875,493240
2025-04-04 14:45:00+00:00,366.635009765625,367.989990234375,366.5,367.8324890136719,656248
2025-04-04 14:50:00+00:00,367.010009765625,368.2300109863281,365.510986328125,366.57501220703125,765179
2025-04-04 14:55:00+00:00,367.939697265625,368.3550109863281,366.3699951171875,366.9849853515625,514322
2025-04-04 15:00:00+00:00,372.3900146484375,372.8500061035156,367.3900146484375,367.9200134277344,931678
2025-04-04 15:05:00+00:00,369.2200012207031,372.7699890136719,368.80999755859375,372.3399963378906,592143
2025-04-04 15:10:00+00:00,370.54998779296875,371.04998779296875,369.010009765625,369.1600036621094,363893
2025-04-04 15:15:00+00:00,370.05999755859375,371.79998779296875,370.05999755859375,370.54998779296875,452989
2025-04-04 15:20:00+00:00,369.989990234375,370.8599853515625,368.70001220703125,370.05999755859375,531973
2025-04-04 15:25:00+00:00,366.7749938964844,369.92999267578125,366.2900085449219,369.92999267578125,557516
2025-04-04 15:30:00+00:00,368.1600036621094,368.4200134277344,366.67999267578125,366.7799987792969,261272
2025-04-04 15:35:00+00:00,367.68499755859375,368.55999755859375,366.9800109863281,368.1499938964844,350347
2025-04-04 15:40:00+00:00,368.57000732421875,369.1499938964844,367.2900085449219,367.68499755859375,242480
2025-04-04 15:45:00+00:00,370.0150146484375,370.3299865722656,368.04998779296875,368.55499267578125,381271
2025-04-04 15:50:00+00:00,368.9599914550781,370.0174865722656,368.05999755859375,370.0174865722656,274855
2025-04-04 15:55:00+00:00,367.0693054199219,369.56500244140625,367.0,369.0,282240
2025-04-04 16:00:00+00:00,368.30999755859375,368.79998779296875,367.0,367.1549987792969,349567
2025-04-04 16:05:00+00:00,367.57501220703125,369.2799987792969,367.489990234375,368.2749938964844,195896
2025-04-04 16:10:00+00:00,368.2099914550781,368.92999267578125,367.4200134277344,367.5849914550781,247989
2025-04-04 16:15:00+00:00,365.5299987792969,368.6549987792969,365.3699951171875,368.260009765625,251699
2025-04-04 16:20:00+00:00,364.8301086425781,365.739990234375,364.32000732421875,365.510009765625,273581
2025-04-04 16:25:00+00:00,364.6050109863281,365.19000244140625,364.20001220703125,364.989990234375,231862
2025-04-04 16:30:00+00:00,363.8599853515625,364.8699951171875,363.8599853515625,364.5,313526
2025-04-04 16:35:00+00:00,365.510009765625,365.7200012207031,363.6600036621094,363.8949890136719,359031
2025-04-04 16:40:00+00:00,364.0799865722656,365.989990234375,364.010009765625,365.489990234375,291221
2025-04-04 16:45:00+00:00,363.32501220703125,364.25,363.0199890136719,364.0899963378906,270522
2025-04-04 16:50:00+00:00,363.9762878417969,364.57000732421875,363.1543884277344,363.32501220703125,175573
2025-04-04 16:55:00+00:00,364.55999755859375,364.95001220703125,363.7799987792969,363.9200134277344,190327
2025-04-04 17:00:00+00:00,365.1199951171875,365.7749938964844,364.3800048828125,364.5199890136719,176621
2025-04-04 17:05:00+00:00,364.5849914550781,365.5,364.2799987792969,365.1199951171875,165191
2025-04-04 17:10:00+00:00,363.760009765625,364.6600036621094,363.45001220703125,364.5498046875,208016
2025-04-04 17:15:00+00:00,363.56500244140625,363.94500732421875,362.8500061035156,363.875,292724
2025-04-04 17:20:00+00:00,364.25,364.2987060546875,363.29998779296875,363.6199951171875,591255
2025-04-04 17:25:00+00:00,364.502685546875,365.07000732421875,364.2300109863281,364.2449951171875,260790
2025-04-04 17:30:00+00:00,364.8599853515625,365.5400085449219,363.7471923828125,364.5450134277344,298301
2025-04-04 17:35:00+00:00,365.7699890136719,366.3399963378906,364.8599853515625,364.94500732421875,310560
2025-04-04 17:40:00+00:00,365.3900146484375,366.29998779296875,365.3500061035156,365.7699890136719,231417
2025-04-04 17:45:00+00:00,366.1199951171875,366.4200134277344,365.19000244140625,365.4599914550781,230414
2025-04-04 17:50:00+00:00,365.260009765625,366.2300109863281,364.95001220703125,366.1700134277344,189731
2025-04-04 17:55:00+00:00,365.57000732421875,365.8080139160156,364.3710021972656,365.20001220703125,209171
2025-04-04 18:00:00+00:00,366.0799865722656,366.67999267578125,365.44000244140625,365.6400146484375,252178
2025-04-04 18:05:00+00:00,365.0,366.2900085449219,364.7099914550781,366.1099853515625,268883
2025-04-04 18:10:00+00:00,364.5,365.3150939941406,364.32110595703125,365.0400085449219,305545
2025-04-04 18:15:00+00:00,364.0249938964844,364.7799987792969,363.8599853515625,364.4949951171875,253198
2025-04-04 18:20:00+00:00,363.3699951171875,364.2749938964844,363.2701110839844,364.0450134277344,207236
2025-04-04 18:25:00+00:00,362.6600036621094,363.4700012207031,362.25,363.3500061035156,276003
2025-04-04 18:30:00+00:00,361.91009521484375,363.1199951171875,361.90850830078125,362.6943054199219,282811
2025-04-04 18:35:00+00:00,361.0299987792969,362.44000244140625,360.51971435546875,361.9549865722656,351330
2025-04-04 18:40:00+00:00,360.3299865722656,361.3599853515625,360.0899963378906,361.05999755859375,330089
2025-04-04 18:45:00+00:00,361.5350036621094,361.75,360.16290283203125,360.2900085449219,312681
2025-04-04 18:50:00+00:00,361.8550109863281,362.2244873046875,360.9400939941406,361.57000732421875,310283
2025-04-04 18:55:00+00:00,360.95001220703125,361.8450012207031,360.69000244140625,361.8450012207031,272930
2025-04-04 19:00:00+00:00,360.7549133300781,361.5,360.18011474609375,360.8699951171875,270438
2025-04-04 19:05:00+00:00,361.5799865722656,361.7099914550781,360.2200012207031,360.7300109863281,347969
2025-04-04 19:10:00+00:00,363.25,363.6300048828125,361.2699890136719,361.527099609375,321693
2025-04-04 19:15:00+00:00,361.44500732421875,363.4299011230469,361.3299865722656,363.1400146484375,500841
2025-04-04 19:20:00+00:00,363.6307067871094,363.797607421875,361.4010009765625,361.45001220703125,412566
2025-04-04 19:25:00+00:00,363.2699890136719,364.32000732421875,363.0799865722656,363.75,413168
2025-04-04 19:30:00+00:00,365.68499755859375,365.6875,362.90008544921875,363.2699890136719,504125
2025-04-04 19:35:00+00:00,364.885009765625,365.8900146484375,364.3999938964844,365.6099853515625,506071
2025-04-04 19:40:00+00:00,365.1650085449219,365.5,364.1400146484375,364.8999938964844,496792
2025-04-04 19:45:00+00:00,363.6499938964844,365.8999938964844,363.4599914550781,365.1400146484375,598351
2025-04-04 19:50:00+00:00,361.54998779296875,363.635009765625,360.6099853515625,363.57000732421875,872126
2025-04-04 19:55:00+00:00,359.75,361.6700134277344,359.489990234375,361.6700134277344,2317336
2025-04-07 13:30:00+00:00,349.8599853515625,353.0,348.25,352.75,4613480
2025-04-07 13:35:00+00:00,347.0400085449219,349.9635925292969,344.7900085449219,349.7850036621094,1337130
2025-04-07 13:40:00+00:00,346.62249755859375,348.0,344.82000732421875,346.9200134277344,1192365
2025-04-07 13:45:00+00:00,348.31500244140625,348.5,345.743896484375,346.5400085449219,962894
2025-04-07 13:50:00+00:00,351.17999267578125,351.4599914550781,348.17999267578125,348.25,835109
2025-04-07 13:55:00+00:00,353.3500061035156,353.5899963378906,350.79010009765625,351.1199951171875,740494
2025-04-07 14:00:00+00:00,350.5249938964844,354.6700134277344,350.0987854003906,353.3500061035156,948772
2025-04-07 14:05:00+00:00,352.25,352.909912109375,349.7099914550781,350.5050048828125,598511
2025-04-07 14:10:00+00:00,362.5799865722656,366.3299865722656,352.2300109863281,352.32501220703125,1756559
2025-04-07 14:15:00+00:00,364.5450134277344,370.9999084472656,362.4100036621094,362.56500244140625,1291740
2025-04-07 14:20:00+00:00,356.9599914550781,364.7799987792969,356.4599914550781,364.7799987792969,1116022
2025-04-07 14:25:00+00:00,355.1524963378906,360.8999938964844,354.32818603515625,356.82000732421875,907854
2025-04-07 14:30:00+00:00,356.1700134277344,362.0,354.3299865722656,355.2200012207031,678626
2025-04-07 14:35:00+00:00,352.5199890136719,357.32000732421875,351.92999267578125,356.1499938964844,623161
2025-04-07 14:40:00+00:00,357.8299865722656,358.1300048828125,351.9649963378906,352.45001220703125,543636
2025-04-07 14:45:00+00:00,356.79998779296875,358.55999755859375,354.760009765625,357.8450012207031,570122
2025-04-07 14:50:00+00:00,361.0899963378906,361.8900146484375,356.5899963378906,356.6499938964844,578414
2025-04-07 14:55:00+00:00,360.5,361.2699890136719,358.7300109863281,361.17498779296875,542941
2025-04-07 15:00:00+00:00,360.55499267578125,362.0899963378906,359.1600036621094,360.4049987792969,483250
2025-04-07 15:05:00+00:00,357.44000244140625,360.55999755859375,356.5899963378906,360.55999755859375,525742
2025-04-07 15:10:00+00:00,352.7799987792969,359.489990234375,351.510009765625,357.32000732421875,720102
2025-04-07 15:15:00+00:00,355.1199951171875,355.70001220703125,350.010009765625,353.0199890136719,957909
2025-04-07 15:20:00+00:00,352.93499755859375,356.8949890136719,352.57000732421875,355.0799865722656,378829
2025-04-07 15:25:00+00:00,352.9949951171875,354.5,352.3699951171875,352.93499755859375,288608
2025-04-07 15:30:00+00:00,353.8999938964844,354.9599914550781,352.80999755859375,352.9049987792969,394608
2025-04-07 15:35:00+00:00,355.0400085449219,356.9849853515625,353.8074951171875,353.8999938964844,338974
2025-04-07 15:40:00+00:00,358.3800048828125,358.70001220703125,354.989990234375,355.0400085449219,323288
2025-04-07 15:45:00+00:00,357.5199890136719,358.489990234375,356.3699951171875,358.3800048828125,241099
2025-04-07 15:50:00+00:00,356.0400085449219,358.510009765625,355.8699951171875,357.385009765625,336422
2025-04-07 15:55:00+00:00,355.9200134277344,357.3800048828125,355.55999755859375,356.0400085449219,337524
2025-04-07 16:00:00+00:00,355.5950012207031,356.3900146484375,355.0,355.8699951171875,287513
2025-04-07 16:05:00+00:00,353.6000061035156,355.4949951171875,353.3999938964844,355.45001220703125,257358
2025-04-07 16:10:00+00:00,354.5799865722656,355.20001220703125,352.9656066894531,353.5799865722656,244934
2025-04-07 16:15:00+00:00,354.6600036621094,355.239990234375,353.3999938964844,354.69500732421875,197727
2025-04-07 16:20:00+00:00,355.0150146484375,355.5039978027344,353.17999267578125,354.760009765625,230909
2025-04-07 16:25:00+00:00,356.0249938964844,356.6700134277344,354.989990234375,355.0299987792969,204015
2025-04-07 16:30:00+00:00,356.6000061035156,357.55999755859375,355.75,355.92999267578125,185390
2025-04-07 16:35:00+00:00,354.7300109863281,356.5199890136719,354.5224914550781,356.5199890136719,205072
2025-04-07 16:40:00+00:00,354.1600036621094,355.28338623046875,353.19000244140625,354.7650146484375,222959
2025-04-07 16:45:00+00:00,353.74749755859375,353.9700012207031,352.70001220703125,353.8949890136719,210153
2025-04-07 16:50:00+00:00,354.1400146484375,354.3319091796875,353.1300048828125,353.7799987792969,169321
2025-04-07 16:55:00+00:00,352.5199890136719,354.3299865722656,352.1600036621094,354.1600036621094,237929
2025-04-07 17:00:00+00:00,353.5899963378906,357.51690673828125,352.5150146484375,352.5199890136719,686792
2025-04-07 17:05:00+00:00,354.86529541015625,355.05999755859375,353.1700134277344,353.5799865722656,226068
2025-04-07 17:10:00+00:00,357.42999267578125,357.625,353.9800109863281,354.8299865722656,288206
2025-04-07 17:15:00+00:00,357.6400146484375,358.25,356.3900146484375,357.510009765625,286984
2025-04-07 17:20:00+00:00,357.5849914550781,358.3599853515625,357.04998779296875,357.6700134277344,293897
2025-04-07 17:25:00+00:00,359.1300048828125,359.3299865722656,357.29998779296875,357.6300048828125,288741
2025-04-07 17:30:00+00:00,358.0899963378906,359.2699890136719,357.0299987792969,359.1300048828125,367618
2025-04-07 17:35:00+00:00,359.45001220703125,359.6315002441406,357.80999755859375,358.1099853515625,307231
2025-04-07 17:40:00+00:00,359.2799987792969,359.760009765625,358.29998779296875,359.4200134277344,185180
2025-04-07 17:45:00+00:00,359.30999755859375,360.3399963378906,357.1199951171875,359.20001220703125,495101
2025-04-07 17:50:00+00:00,359.510009765625,360.3074951171875,358.6300048828125,359.260009765625,328965
2025-04-07 17:55:00+00:00,360.3500061035156,360.7900085449219,359.1199951171875,359.57000732421875,314116
2025-04-07 18:00:00+00:00,359.7200012207031,360.739990234375,359.05999755859375,360.37249755859375,417755
2025-04-07 18:05:00+00:00,359.1400146484375,359.78900146484375,358.114990234375,359.7149963378906,357070
2025-04-07 18:10:00+00:00,358.4700012207031,360.2099914550781,357.8900146484375,359.1099853515625,287701
2025-04-07 18:15:00+00:00,361.0299987792969,361.4700012207031,358.19500732421875,358.3699951171875,335046
2025-04-07 18:20:00+00:00,360.7099914550781,361.6400146484375,359.8399963378906,360.94000244140625,264901
2025-04-07 18:25:00+00:00,357.9200134277344,360.739990234375,357.6000061035156,360.7099914550781,261918
2025-04-07 18:30:00+00:00,359.1600036621094,359.1700134277344,357.9800109863281,357.9800109863281,315639
2025-04-07 18:35:00+00:00,360.2250061035156,360.6700134277344,358.760009765625,358.9599914550781,297074
2025-04-07 18:40:00+00:00,359.3299865722656,361.0,359.2300109863281,360.2149963378906,249703
2025-04-07 18:45:00+00:00,359.0199890136719,360.4700012207031,358.7099914550781,359.2950134277344,256531
2025-04-07 18:50:00+00:00,357.55999755859375,359.1499938964844,357.510009765625,358.8699951171875,249660
2025-04-07 18:55:00+00:00,357.2550048828125,357.8900146484375,356.9200134277344,357.5400085449219,246101
2025-04-07 19:00:00+00:00,357.6702880859375,359.3699951171875,357.0899963378906,357.2650146484375,370855
2025-04-07 19:05:00+00:00,355.9425048828125,358.07501220703125,355.9200134277344,357.75,275611
2025-04-07 19:10:00+00:00,356.07501220703125,356.57000732421875,355.2500915527344,355.9849853515625,339858
2025-04-07 19:15:00+00:00,357.30999755859375,358.0,355.1300964355469,355.9700012207031,379536
2025-04-07 19:20:00+00:00,355.8399963378906,357.8399963378906,355.3699951171875,357.25,346585
2025-04-07 19:25:00+00:00,355.2650146484375,356.3999938964844,355.0400085449219,355.8299865722656,338868
2025-04-07 19:30:00+00:00,357.80010986328125,358.6700134277344,355.2650146484375,355.2650146484375,410577
2025-04-07 19:35:00+00:00,357.5675048828125,358.9100036621094,357.2200012207031,357.885009765625,466279
2025-04-07 19:40:00+00:00,355.54998779296875,357.8399963378906,355.3299865722656,357.57000732421875,374917
2025-04-07 19:45:00+00:00,355.95001220703125,357.0,355.3411865234375,355.41558837890625,462187
2025-04-07 19:50:00+00:00,357.0400085449219,357.30999755859375,354.80999755859375,355.67999267578125,605682
2025-04-07 19:55:00+00:00,357.75,358.5,357.0,357.0050048828125,1647111
2025-04-08 13:30:00+00:00,370.5249938964844,370.739990234375,367.0,368.2550048828125,2967923
2025-04-08 13:35:00+00:00,369.42999267578125,371.63861083984375,369.42999267578125,370.5249938964844,745811
2025-04-08 13:40:00+00:00,367.9800109863281,369.8599853515625,367.6099853515625,369.2900085449219,750177
2025-04-08 13:45:00+00:00,367.5700988769531,369.5799865722656,367.5299987792969,368.0350036621094,575887
2025-04-08 13:50:00+00:00,369.55999755859375,369.67999267578125,366.8999938964844,367.6199951171875,566893
2025-04-08 13:55:00+00:00,371.7300109863281,371.96600341796875,369.1499938964844,369.4599914550781,487120
2025-04-08 14:00:00+00:00,372.0050048828125,372.57000732421875,370.8999938964844,371.7200012207031,451845
2025-04-08 14:05:00+00:00,373.0943908691406,373.2388916015625,371.69000244140625,371.94000244140625,330294
2025-04-08 14:10:00+00:00,372.92999267578125,373.29998779296875,371.7900085449219,373.1050109863281,351514
2025-04-08 14:15:00+00:00,372.79998779296875,373.2799987792969,372.45001220703125,372.8949890136719,380866
2025-04-08 14:20:00+00:00,372.2300109863281,373.3900146484375,372.0,372.7550048828125,421190
2025-04-08 14:25:00+00:00,372.1199951171875,373.6499938964844,371.94000244140625,372.2550048828125,364733
2025-04-08 14:30:00+00:00,372.260009765625,372.5199890136719,371.2699890136719,372.1199951171875,377078
2025-04-08 14:35:00+00:00,372.3299865722656,372.5,371.5199890136719,372.260009765625,316807
2025-04-08 14:40:00+00:00,371.1600036621094,372.4700012207031,370.8800048828125,372.364990234375,308959
2025-04-08 14:45:00+00:00,370.2799987792969,371.5299987792969,370.0799865722656,371.1650085449219,482676
2025-04-08 14:50:00+00:00,370.11639404296875,370.75,369.92498779296875,370.2349853515625,403590
2025-04-08 14:55:00+00:00,369.4100036621094,370.2099914550781,368.9200134277344,370.19000244140625,281967
2025-04-08 15:00:00+00:00,369.6400146484375,370.13189697265625,369.2146911621094,369.4049987792969,257872
2025-04-08 15:05:00+00:00,368.8699951171875,369.7300109863281,368.17999267578125,369.68499755859375,226349
2025-04-08 15:10:00+00:00,368.1650085449219,369.0299987792969,367.80010986328125,368.92999267578125,179634
2025-04-08 15:15:00+00:00,368.25,368.5,367.3699951171875,368.2049865722656,270828
2025-04-08 15:20:00+00:00,367.3999938964844,368.8500061035156,367.1199951171875,368.177490234375,314868
2025-04-08 15:25:00+00:00,367.0050048828125,367.8450012207031,366.8699951171875,367.45989990234375,202656
2025-04-08 15:30:00+00:00,367.4100036621094,368.0,366.79998779296875,367.0799865722656,221309
2025-04-08 15:35:00+00:00,368.6099853515625,368.8399963378906,367.32501220703125,367.43499755859375,266338
2025-04-08 15:40:00+00:00,367.99639892578125,369.239990234375,367.7799987792969,368.6000061035156,132718
2025-04-08 15:45:00+00:00,366.82501220703125,368.5,366.7300109863281,367.9549865722656,129759
2025-04-08 15:50:00+00:00,366.3450012207031,367.06988525390625,365.7200012207031,366.94500732421875,158075
2025-04-08 15:55:00+00:00,366.9599914550781,367.2861022949219,366.04620361328125,366.38470458984375,161435
2025-04-08 16:00:00+00:00,366.3699951171875,366.8699951171875,365.9140930175781,366.8699951171875,141704
2025-04-08 16:05:00+00:00,366.010009765625,366.7699890136719,365.6600036621094,366.44000244140625,158704
2025-04-08 16:10:00+00:00,365.6171875,366.8500061035156,365.6171875,365.989990234375,157000
2025-04-08 16:15:00+00:00,364.0809020996094,365.9800109863281,363.7099914550781,365.7099914550781,236472
2025-04-08 16:20:00+00:00,363.18499755859375,364.3800048828125,363.0,363.95001220703125,245277
2025-04-08 16:25:00+00:00,364.6265869140625,364.70001220703125,363.1099853515625,363.2799987792969,422131
2025-04-08 16:30:00+00:00,363.2921142578125,365.0,362.8500061035156,364.69000244140625,266175
2025-04-08 16:35:00+00:00,361.45001220703125,363.82000732421875,361.0299987792969,363.2200012207031,259731
2025-04-08 16:40:00+00:00,361.2132873535156,361.6600036621094,360.114990234375,361.3800048828125,229903
2025-04-08 16:45:00+00:00,362.57000732421875,363.55999755859375,360.7950134277344,360.94000244140625,437453
2025-04-08 16:50:00+00:00,362.0899963378906,363.1099853515625,362.0299987792969,362.5899963378906,225964
2025-04-08 16:55:00+00:00,360.7799987792969,362.9525146484375,360.7699890136719,362.2099914550781,203695
2025-04-08 17:00:00+00:00,361.42999267578125,361.45001220703125,359.6600036621094,360.82000732421875,313870
2025-04-08 17:05:00+00:00,359.58221435546875,362.3599853515625,359.54998779296875,361.4914855957031,190841
2025-04-08 17:10:00+00:00,359.92498779296875,360.2254943847656,359.010009765625,359.6499938964844,302252
2025-04-08 17:15:00+00:00,360.75,361.489990234375,359.7900085449219,359.92498779296875,300788
2025-04-08 17:20:00+00:00,359.5899963378906,361.05999755859375,359.2950134277344,360.7550048828125,263590
2025-04-08 17:25:00+00:00,358.4649963378906,360.00799560546875,358.1499938964844,359.7099914550781,332843
2025-04-08 17:30:00+00:00,358.7471923828125,359.4100036621094,358.17999267578125,358.4649963378906,208094
2025-04-08 17:35:00+00:00,360.1965026855469,360.8399963378906,358.4200134277344,358.69500732421875,448838
2025-04-08 17:40:00+00:00,361.6449890136719,362.6400146484375,360.2749938964844,360.2749938964844,277144
2025-04-08 17:45:00+00:00,360.1400146484375,361.5950012207031,359.760009765625,361.5224914550781,163007
2025-04-08 17:50:00+00:00,359.95001220703125,361.239990234375,359.3599853515625,360.0899963378906,154360
2025-04-08 17:55:00+00:00,361.1449890136719,361.44000244140625,359.8299865722656,359.8900146484375,137261
2025-04-08 18:00:00+00:00,361.0199890136719,361.7099914550781,360.1600036621094,361.1449890136719,175323
2025-04-08 18:05:00+00:00,359.8349914550781,360.9700012207031,359.5,360.9700012207031,154044
2025-04-08 18:10:00+00:00,359.0199890136719,360.25,358.6600036621094,359.8349914550781,189263
2025-04-08 18:15:00+00:00,360.7300109863281,360.8399963378906,358.94500732421875,359.0450134277344,146001
2025-04-08 18:20:00+00:00,359.7850036621094,360.7900085449219,359.2950134277344,360.760009765625,190784
2025-04-08 18:25:00+00:00,358.29998779296875,359.7850036621094,357.94000244140625,359.7850036621094,237943
2025-04-08 18:30:00+00:00,358.75,361.3699951171875,358.3900146484375,358.3900146484375,421908
2025-04-08 18:35:00+00:00,358.4800109863281,358.9200134277344,357.4100036621094,358.7200012207031,222549
2025-04-08 18:40:00+00:00,358.3396911621094,358.6499938964844,357.95001220703125,358.4800109863281,182309
2025-04-08 18:45:00+00:00,359.5849914550781,360.11138916015625,358.3550109863281,358.3550109863281,216388
2025-04-08 18:50:00+00:00,359.5199890136719,360.1600036621094,358.92999267578125,359.6600036621094,174735
2025-04-08 18:55:00+00:00,358.8699951171875,359.6744079589844,358.6099853515625,359.57000732421875,178283
2025-04-08 19:00:00+00:00,357.5400085449219,359.11248779296875,357.3818054199219,358.8500061035156,188505
2025-04-08 19:05:00+00:00,356.489990234375,357.914306640625,356.2401123046875,357.57000732421875,234430
2025-04-08 19:10:00+00:00,355.0,357.1499938964844,354.8599853515625,356.3800048828125,400520
2025-04-08 19:15:00+00:00,354.2900085449219,355.3399963378906,353.0299987792969,355.0350036621094,406531
2025-04-08 19:20:00+00:00,355.30999755859375,355.79998779296875,354.1600036621094,354.1600036621094,346259
2025-04-08 19:25:00+00:00,355.90850830078125,356.6300048828125,355.1099853515625,355.25,263190
2025-04-08 19:30:00+00:00,354.3550109863281,355.92999267578125,354.2300109863281,355.8699951171875,344861
2025-04-08 19:35:00+00:00,351.75,354.3800048828125,351.3905944824219,354.31500244140625,447896
2025-04-08 19:40:00+00:00,351.07000732421875,353.1199951171875,350.94000244140625,351.7250061035156,401724
2025-04-08 19:45:00+00:00,350.4541931152344,351.7900085449219,350.3800048828125,351.05999755859375,479505
2025-04-08 19:50:00+00:00,355.1700134277344,355.54998779296875,350.25,350.5199890136719,889060
2025-04-08 19:55:00+00:00,355.57000732421875,356.010009765625,353.3299865722656,355.0799865722656,2246508
2025-04-09 13:30:00+00:00,356.5799865722656,357.82000732421875,353.30999755859375,353.3800048828125,1747637
2025-04-09 13:35:00+00:00,359.0150146484375,359.1000061035156,356.0215148925781,356.5199890136719,580568
2025-04-09 13:40:00+00:00,358.989990234375,361.2464904785156,358.3999938964844,359.0150146484375,604168
2025-04-09 13:45:00+00:00,360.2300109863281,360.2300109863281,357.7349853515625,358.989990234375,481070
2025-04-09 13:50:00+00:00,360.94500732421875,361.8599853515625,359.739990234375,360.2200012207031,505452
2025-04-09 13:55:00+00:00,360.5899963378906,361.20001220703125,359.55999755859375,360.9549865722656,296458
2025-04-09 14:00:00+00:00,361.70001220703125,363.0647888183594,361.2449951171875,362.44000244140625,486702
2025-04-09 14:05:00+00:00,359.875,361.6099853515625,358.94000244140625,361.57501220703125,334514
2025-04-09 14:10:00+00:00,359.5299987792969,361.2300109863281,359.010009765625,359.8550109863281,291627
2025-04-09 14:15:00+00:00,361.0199890136719,361.2349853515625,359.7250061035156,359.7250061035156,282653
2025-04-09 14:20:00+00:00,361.2099914550781,362.7900085449219,360.489990234375,360.9200134277344,392858
2025-04-09 14:25:00+00:00,361.0450134277344,361.7900085449219,359.92999267578125,361.1700134277344,231669
2025-04-09 14:30:00+00:00,361.94000244140625,362.9599914550781,360.80999755859375,361.0400085449219,211202
2025-04-09 14:35:00+00:00,360.322509765625,362.04998779296875,359.8299865722656,362.010009765625,192123
2025-04-09 14:40:00+00:00,359.45001220703125,360.6000061035156,359.2300109863281,360.32501220703125,213489
2025-04-09 14:45:00+00:00,359.1499938964844,360.8399963378906,358.8699951171875,359.5,304928
2025-04-09 14:50:00+00:00,358.19000244140625,359.54998779296875,357.6000061035156,359.29998779296875,321249
2025-04-09 14:55:00+00:00,357.6950988769531,358.67999267578125,357.3699951171875,358.2901916503906,200918
2025-04-09 15:00:00+00:00,359.1400146484375,359.1700134277344,357.5299987792969,357.7149963378906,261684
2025-04-09 15:05:00+00:00,359.323486328125,360.1000061035156,358.5899963378906,359.0400085449219,261730
2025-04-09 15:10:00+00:00,359.0950012207031,359.7699890136719,358.8299865722656,359.3699951171875,168821
2025-04-09 15:15:00+00:00,360.375,360.6600036621094,359.1700134277344,359.1700134277344,220230
2025-04-09 15:20:00+00:00,361.6499938964844,361.6600036621094,360.29998779296875,360.375,299871
2025-04-09 15:25:00+00:00,361.0400085449219,361.6199951171875,360.7900085449219,361.6000061035156,268480
2025-04-09 15:30:00+00:00,360.6199951171875,362.1199951171875,360.510009765625,361.07000732421875,288510
2025-04-09 15:35:00+00:00,360.0450134277344,361.1839904785156,359.8901062011719,360.6199951171875,259227
2025-04-09 15:40:00+00:00,359.739990234375,360.2900085449219,359.42999267578125,360.1199951171875,161900
2025-04-09 15:45:00+00:00,361.8616027832031,362.8999938964844,359.7900085449219,359.79998779296875,272048
2025-04-09 15:50:00+00:00,361.5950012207031,362.5,361.1300964355469,361.92999267578125,243076
2025-04-09 15:55:00+00:00,360.9700927734375,361.67999267578125,360.3800048828125,361.6044921875,205246
2025-04-09 16:00:00+00:00,360.66571044921875,361.4800109863281,360.2699890136719,361.0400085449219,221481
2025-04-09 16:05:00+00:00,361.9599914550781,362.25,360.45001220703125,360.7049865722656,242559
2025-04-09 16:10:00+00:00,363.7799987792969,364.1007995605469,361.6199951171875,361.9599914550781,282003
2025-04-09 16:15:00+00:00,364.1499938964844,364.3598937988281,363.5509033203125,363.7950134277344,209522
2025-04-09 16:20:00+00:00,363.68499755859375,364.239990234375,363.2699890136719,364.1700134277344,170645
2025-04-09 16:25:00+00:00,363.7499084472656,364.6700134277344,363.45001220703125,363.6700134277344,204704
2025-04-09 16:30:00+00:00,364.30950927734375,364.6499938964844,363.17999267578125,363.68499755859375,223374
2025-04-09 16:35:00+00:00,364.4800109863281,364.94000244140625,363.9100036621094,364.4200134277344,153713
2025-04-09 16:40:00+00:00,364.2699890136719,364.54998779296875,363.82000732421875,364.4750061035156,124765
2025-04-09 16:45:00+00:00,365.0,365.12860107421875,364.13580322265625,364.3399963378906,383977
2025-04-09 16:50:00+00:00,365.57000732421875,365.79998779296875,364.7203063964844,365.1700134277344,256155
2025-04-09 16:55:00+00:00,365.94000244140625,366.5,365.4700012207031,365.6300048828125,230105
2025-04-09 17:00:00+00:00,367.98748779296875,368.5398864746094,365.94000244140625,365.94000244140625,410981
2025-04-09 17:05:00+00:00,366.4849853515625,368.07000732421875,366.3629150390625,367.9849853515625,349561
2025-04-09 17:10:00+00:00,366.80999755859375,366.80999755859375,365.625,366.4849853515625,340976
2025-04-09 17:15:00+00:00,374.3299865722656,375.20001220703125,362.9200134277344,366.8800048828125,1226271
2025-04-09 17:20:00+00:00,378.0400085449219,380.239990234375,370.4200134277344,374.5,1627508
2025-04-09 17:25:00+00:00,379.05999755859375,384.70001220703125,377.6600036621094,378.0400085449219,1092508
2025-04-09 17:30:00+00:00,383.30999755859375,383.54998779296875,369.5,379.0899963378906,879153
2025-04-09 17:35:00+00:00,380.45001220703125,387.07000732421875,380.1000061035156,383.3399963378906,915473
2025-04-09 17:40:00+00:00,379.2250061035156,382.5400085449219,378.32501220703125,380.54998779296875,701594
2025-04-09 17:45:00+00:00,382.3900146484375,384.4100036621094,379.0,379.2250061035156,754888
2025-04-09 17:50:00+00:00,382.5827941894531,383.1700134277344,380.4200134277344,382.3599853515625,574239
2025-04-09 17:55:00+00:00,383.9800109863281,384.85528564453125,380.70001220703125,382.6099853515625,565289
2025-04-09 18:00:00+00:00,383.739990234375,385.7099914550781,382.5299987792969,384.0899963378906,866865
2025-04-09 18:05:00+00:00,383.635009765625,384.5461120605469,381.4849853515625,383.68499755859375,794864
2025-04-09 18:10:00+00:00,382.5199890136719,384.8399963378906,382.5,383.5799865722656,454247
2025-04-09 18:15:00+00:00,382.74249267578125,384.4800109863281,381.4024963378906,382.5799865722656,499935
2025-04-09 18:20:00+00:00,384.2200012207031,385.19000244140625,381.7799987792969,382.739990234375,432658
2025-04-09 18:25:00+00:00,385.1199951171875,385.8999938964844,383.6000061035156,384.29998779296875,395070
2025-04-09 18:30:00+00:00,384.3450012207031,386.0498962402344,383.79998779296875,385.135009765625,390678
2025-04-09 18:35:00+00:00,385.1462097167969,385.70001220703125,384.239990234375,384.3450012207031,380490
2025-04-09 18:40:00+00:00,383.2200012207031,385.32000732421875,382.5799865722656,385.0299987792969,386195
2025-04-09 18:45:00+00:00,383.5350036621094,384.3599853515625,382.4200134277344,383.239990234375,427859
2025-04-09 18:50:00+00:00,383.8500061035156,385.2200012207031,383.1549987792969,383.5350036621094,363400
2025-04-09 18:55:00+00:00,382.82000732421875,384.29998779296875,382.6000061035156,383.989990234375,311579
2025-04-09 19:00:00+00:00,384.3492126464844,384.79998779296875,382.0899963378906,382.80999755859375,476998
2025-04-09 19:05:00+00:00,384.67999267578125,385.1256103515625,383.5199890136719,384.3800048828125,331248
2025-04-09 19:10:00+00:00,386.32000732421875,386.4100036621094,384.67999267578125,384.67999267578125,365628
2025-04-09 19:15:00+00:00,387.19000244140625,387.19000244140625,385.2900085449219,386.5,350036
2025-04-09 19:20:00+00:00,387.9700012207031,388.54998779296875,386.7900085449219,387.0799865722656,426525
2025-04-09 19:25:00+00:00,387.8399963378906,388.79998779296875,387.5,387.92498779296875,374408
2025-04-09 19:30:00+00:00,388.8800048828125,389.55999755859375,387.7250061035156,387.7950134277344,446219
2025-04-09 19:35:00+00:00,389.2900085449219,389.54620361328125,387.5220031738281,389.0199890136719,540130
2025-04-09 19:40:00+00:00,388.3999938964844,389.45001220703125,387.80999755859375,389.2900085449219,533959
2025-04-09 19:45:00+00:00,389.8800048828125,390.1300048828125,387.8800048828125,388.44000244140625,646660
2025-04-09 19:50:00+00:00,392.3349914550781,393.2250061035156,389.9800109863281,389.9800109863281,1503552
2025-04-09 19:55:00+00:00,390.42999267578125,393.0400085449219,389.32000732421875,392.3999938964844,2667634
2025-04-10 13:30:00+00:00,381.54998779296875,382.94000244140625,379.4599914550781,382.3699951171875,2049523
2025-04-10 13:35:00+00:00,382.6000061035156,383.723388671875,381.1300048828125,381.54998779296875,619079
2025-04-10 13:40:00+00:00,381.69000244140625,382.75,380.1199035644531,382.73309326171875,438639
2025-04-10 13:45:00+00:00,383.8399963378906,383.8399963378906,381.30999755859375,381.625,389529
2025-04-10 13:50:00+00:00,382.1199951171875,383.8999938964844,381.6099853515625,383.7449951171875,348016
2025-04-10 13:55:00+00:00,380.43499755859375,382.3699951171875,380.2699890136719,382.1199951171875,393367
2025-04-10 14:00:00+00:00,380.45001220703125,381.45001220703125,379.5559997558594,380.4549865722656,380181
2025-04-10 14:05:00+00:00,379.6300048828125,381.1700134277344,379.3800048828125,380.36749267578125,351149
2025-04-10 14:10:00+00:00,378.9849853515625,379.67999267578125,378.2650146484375,379.67999267578125,319179
2025-04-10 14:15:00+00:00,378.2850036621094,379.5799865722656,378.17999267578125,378.9849853515625,325003
2025-04-10 14:20:00+00:00,379.19000244140625,379.5150146484375,377.6099853515625,378.18499755859375,257282
2025-04-10 14:25:00+00:00,377.7699890136719,379.95001220703125,377.69000244140625,379.0899963378906,289997
2025-04-10 14:30:00+00:00,379.20001220703125,379.43499755859375,377.7699890136719,377.7699890136719,275567
2025-04-10 14:35:00+00:00,378.70001220703125,379.4200134277344,378.4700012207031,379.1698913574219,295592
2025-04-10 14:40:00+00:00,379.4825134277344,379.79998779296875,378.510009765625,378.70001220703125,319624
2025-04-10 14:45:00+00:00,379.5400085449219,380.20001220703125,379.09368896484375,379.4849853515625,179477
2025-04-10 14:50:00+00:00,380.0299987792969,380.1234130859375,379.20001220703125,379.5199890136719,456239
2025-04-10 14:55:00+00:00,379.4100036621094,380.3550109863281,379.1499938964844,380.0400085449219,209576
2025-04-10 15:00:00+00:00,379.909912109375,379.909912109375,379.0299987792969,379.3800048828125,209555
2025-04-10 15:05:00+00:00,381.0450134277344,381.24530029296875,379.6700134277344,379.8299865722656,273317
2025-04-10 15:10:00+00:00,379.3800048828125,380.9750061035156,379.2300109863281,380.9750061035156,180454
2025-04-10 15:15:00+00:00,378.1000061035156,379.4800109863281,378.0299987792969,379.4800109863281,186434
2025-04-10 15:20:00+00:00,377.94000244140625,378.2699890136719,377.0400085449219,378.114990234375,208647
2025-04-10 15:25:00+00:00,377.54998779296875,378.3800048828125,377.35980224609375,377.864990234375,187348
2025-04-10 15:30:00+00:00,377.5400085449219,378.04998779296875,376.4599914550781,377.510009765625,322000
2025-04-10 15:35:00+00:00,377.1025085449219,377.7900085449219,376.69000244140625,377.5,251579
2025-04-10 15:40:00+00:00,376.5400085449219,377.7099914550781,375.8599853515625,377.0799865722656,272181
2025-04-10 15:45:00+00:00,376.7626953125,377.385009765625,376.3699951171875,376.5400085449219,315372
2025-04-10 15:50:00+00:00,376.70001220703125,376.9700012207031,375.57000732421875,376.739990234375,290943
2025-04-10 15:55:00+00:00,374.29998779296875,377.02899169921875,373.9750061035156,376.69500732421875,322987
2025-04-10 16:00:00+00:00,373.4750061035156,375.1099853515625,373.19000244140625,374.29998779296875,333782
2025-04-10 16:05:00+00:00,373.67999267578125,374.7900085449219,372.6499938964844,373.2300109863281,363564
2025-04-10 16:10:00+00:00,373.5299987792969,374.4200134277344,372.8299865722656,373.625,299571
2025-04-10 16:15:00+00:00,372.34130859375,373.82000732421875,371.79998779296875,373.45001220703125,305979
2025-04-10 16:20:00+00:00,371.260009765625,372.4100036621094,369.67999267578125,372.3800048828125,435334
2025-04-10 16:25:00+00:00,369.572509765625,371.489990234375,367.82000732421875,371.260009765625,491833
2025-04-10 16:30:00+00:00,371.7799987792969,372.125,369.3900146484375,369.4800109863281,413052
2025-04-10 16:35:00+00:00,373.19000244140625,373.6600036621094,370.8900146484375,371.8550109863281,245449
2025-04-10 16:40:00+00:00,372.8999938964844,373.2499084472656,372.0,373.1700134277344,255687
2025-04-10 16:45:00+00:00,373.69500732421875,374.17498779296875,370.9200134277344,372.8949890136719,467410
2025-04-10 16:50:00+00:00,373.1300048828125,374.5,372.3291931152344,373.75,232472
2025-04-10 16:55:00+00:00,374.3800048828125,374.81988525390625,372.8800048828125,372.9649963378906,219534
2025-04-10 17:00:00+00:00,375.2149963378906,377.8299865722656,373.94000244140625,374.4804992675781,402246
2025-04-10 17:05:00+00:00,372.95001220703125,375.2149963378906,372.55999755859375,375.2149963378906,279074
2025-04-10 17:10:00+00:00,370.8299865722656,373.114990234375,370.29998779296875,372.989990234375,247091
2025-04-10 17:15:00+00:00,371.06500244140625,371.5400085449219,370.260009765625,370.9649963378906,191971
2025-04-10 17:20:00+00:00,371.6000061035156,371.92498779296875,369.010009765625,371.06500244140625,254306
2025-04-10 17:25:00+00:00,373.9949951171875,374.2650146484375,371.42999267578125,371.56500244140625,269808
2025-04-10 17:30:00+00:00,373.4949951171875,374.7650146484375,373.2149963378906,373.9849853515625,198590
2025-04-10 17:35:00+00:00,373.5799865722656,374.8500061035156,373.4049987792969,373.4949951171875,208304
2025-04-10 17:40:00+00:00,375.3949890136719,375.50439453125,373.3349914550781,373.625,569094
2025-04-10 17:45:00+00:00,374.8949890136719,376.5,374.54998779296875,375.5199890136719,266007
2025-04-10 17:50:00+00:00,376.30999755859375,376.5068054199219,374.05999755859375,374.8900146484375,316911
2025-04-10 17:55:00+00:00,376.3500061035156,377.25,376.2300109863281,376.30999755859375,243296
2025-04-10 18:00:00+00:00,378.44000244140625,378.9700012207031,375.8900146484375,376.260009765625,274841
2025-04-10 18:05:00+00:00,375.2749938964844,378.94000244140625,374.92999267578125,378.44000244140625,347232
2025-04-10 18:10:00+00:00,374.1199951171875,375.760009765625,373.95001220703125,375.2749938964844,324580
2025-04-10 18:15:00+00:00,375.4700012207031,376.0,373.70001220703125,374.2200012207031,226806
2025-04-10 18:20:00+00:00,378.07000732421875,378.7799987792969,375.4150085449219,375.4150085449219,269275
2025-04-10 18:25:00+00:00,379.5350036621094,379.8399963378906,377.56500244140625,378.07000732421875,237850
2025-04-10 18:30:00+00:00,378.9024963378906,380.3299865722656,378.9024963378906,379.54998779296875,245165
2025-04-10 18:35:00+00:00,379.2250061035156,379.45001220703125,377.80499267578125,378.82501220703125,372553
2025-04-10 18:40:00+00:00,380.6700134277344,380.7099914550781,378.760009765625,379.2250061035156,231665
2025-04-10 18:45:00+00:00,378.7099914550781,380.7900085449219,377.9800109863281,380.5950012207031,320965
2025-04-10 18:50:00+00:00,377.739990234375,379.8699951171875,377.55999755859375,378.6600036621094,234087
2025-04-10 18:55:00+00:00,379.2850036621094,379.8699951171875,376.70001220703125,377.7049865722656,247129
2025-04-10 19:00:00+00:00,381.5,381.80999755859375,378.6300048828125,379.2799987792969,341744
2025-04-10 19:05:00+00:00,379.05999755859375,382.0,378.8299865722656,381.5,706205
2025-04-10 19:10:00+00:00,380.9049987792969,381.1700134277344,378.9700012207031,379.06500244140625,543144
2025-04-10 19:15:00+00:00,382.32501220703125,382.4200134277344,379.8299865722656,380.8949890136719,504916
2025-04-10 19:20:00+00:00,381.4100036621094,383.5299987792969,380.8992919921875,382.2149963378906,405316
2025-04-10 19:25:00+00:00,379.6000061035156,382.7049865722656,379.4200134277344,381.3900146484375,409926
2025-04-10 19:30:00+00:00,380.760009765625,381.9200134277344,379.36810302734375,379.6199951171875,408930
2025-04-10 19:35:00+00:00,379.7799987792969,381.0199890136719,379.239990234375,380.8349914550781,364110
2025-04-10 19:40:00+00:00,378.1400146484375,380.1000061035156,377.6723937988281,379.80499267578125,394118
2025-04-10 19:45:00+00:00,378.739990234375,379.8900146484375,377.3800048828125,378.1050109863281,424027
2025-04-10 19:50:00+00:00,382.4949951171875,383.0,378.260009765625,378.260009765625,823699
2025-04-10 19:55:00+00:00,381.1400146484375,383.1499938964844,379.260009765625,382.5,1696216
2025-04-11 13:30:00+00:00,382.4100036621094,383.1199035644531,380.29998779296875,380.635009765625,1077572
2025-04-11 13:35:00+00:00,383.3450012207031,384.07000732421875,380.82000732421875,382.5050048828125,386615
2025-04-11 13:40:00+00:00,384.260009765625,384.614990234375,381.55120849609375,383.3999938964844,353147
2025-04-11 13:45:00+00:00,385.0299987792969,386.0299987792969,383.7300109863281,384.2149963378906,394470
2025-04-11 13:50:00+00:00,385.510009765625,385.89739990234375,384.45001220703125,385.1499938964844,438042
2025-04-11 13:55:00+00:00,384.88751220703125,385.6000061035156,384.1000061035156,385.5,274894
2025-04-11 14:00:00+00:00,382.8999938964844,384.8800048828125,381.82000732421875,384.8800048828125,341510
2025-04-11 14:05:00+00:00,384.04998779296875,384.75,382.6499938964844,383.010009765625,210501
2025-04-11 14:10:00+00:00,383.5150146484375,384.45001220703125,382.1000061035156,384.1700134277344,147564
2025-04-11 14:15:00+00:00,381.3399963378906,384.1499938964844,381.3399963378906,383.4200134277344,170617
2025-04-11 14:20:00+00:00,380.30999755859375,381.6099853515625,378.8900146484375,381.5400085449219,269542
2025-04-11 14:25:00+00:00,379.5950012207031,380.80670166015625,379.42999267578125,380.30999755859375,205033
2025-04-11 14:30:00+00:00,381.8550109863281,382.07000732421875,379.1600036621094,379.54998779296875,312879
2025-04-11 14:35:00+00:00,382.114990234375,382.44000244140625,381.3500061035156,381.8550109863281,260295
2025-04-11 14:40:00+00:00,382.6400146484375,382.6499938964844,381.1300048828125,381.864990234375,185049
2025-04-11 14:45:00+00:00,383.0199890136719,383.510009765625,382.489990234375,382.489990234375,154706
2025-04-11 14:50:00+00:00,382.5450134277344,383.2099914550781,381.9200134277344,383.2099914550781,144216
2025-04-11 14:55:00+00:00,382.69000244140625,383.7099914550781,382.04998779296875,382.4750061035156,284126
2025-04-11 15:00:00+00:00,381.75,385.1199951171875,381.4599914550781,382.5799865722656,206160
2025-04-11 15:05:00+00:00,382.3299865722656,382.6300048828125,380.7200012207031,381.7149963378906,170219
2025-04-11 15:10:00+00:00,381.55999755859375,382.80999755859375,381.3599853515625,382.3299865722656,130534
2025-04-11 15:15:00+00:00,381.260009765625,381.8630065917969,380.7601013183594,381.6600036621094,149449
2025-04-11 15:20:00+00:00,381.45001220703125,382.1199951171875,380.8800048828125,381.260009765625,131612
2025-04-11 15:25:00+00:00,382.57000732421875,382.760009765625,381.244384765625,381.3699951171875,151077
2025-04-11 15:30:00+00:00,383.3500061035156,383.5,382.1300048828125,382.44000244140625,103443
2025-04-11 15:35:00+00:00,385.1625061035156,385.5,382.8800048828125,383.2650146484375,154213
2025-04-11 15:40:00+00:00,385.2650146484375,385.5155029296875,384.45220947265625,385.3273010253906,123773
2025-04-11 15:45:00+00:00,385.989501953125,386.3900146484375,384.9100036621094,385.2749938964844,205742
2025-04-11 15:50:00+00:00,385.45001220703125,386.18499755859375,385.05999755859375,385.8949890136719,169758
2025-04-11 15:55:00+00:00,386.1300048828125,386.2900085449219,385.3411865234375,385.45001220703125,113028
2025-04-11 16:00:00+00:00,386.1199951171875,386.260009765625,385.6400146484375,386.19000244140625,100068
2025-04-11 16:05:00+00:00,386.635009765625,387.54998779296875,386.0299987792969,386.07000732421875,222359
2025-04-11 16:10:00+00:00,386.57501220703125,387.4800109863281,386.45001220703125,386.635009765625,144894
2025-04-11 16:15:00+00:00,387.1400146484375,387.1600036621094,386.239990234375,386.5400085449219,121314
2025-04-11 16:20:00+00:00,386.40069580078125,387.3500061035156,386.3999938964844,387.05499267578125,100436
2025-04-11 16:25:00+00:00,386.2099914550781,386.5400085449219,385.7001037597656,386.3299865722656,765816
2025-04-11 16:30:00+00:00,387.6650085449219,387.8949890136719,386.05999755859375,386.2099914550781,189502
2025-04-11 16:35:00+00:00,387.54998779296875,388.1000061035156,387.3800048828125,387.6650085449219,276721
2025-04-11 16:40:00+00:00,387.364990234375,387.75,387.0299987792969,387.5486145019531,116678
2025-04-11 16:45:00+00:00,387.5350036621094,388.0,386.8399963378906,387.44000244140625,169338
2025-04-11 16:50:00+00:00,387.5899963378906,387.8900146484375,386.94000244140625,387.572509765625,231515
2025-04-11 16:55:00+00:00,387.0950012207031,387.7200012207031,387.0,387.6000061035156,116692
2025-04-11 17:00:00+00:00,386.9750061035156,387.4700012207031,386.0899963378906,387.1700134277344,118299
2025-04-11 17:05:00+00:00,386.7674865722656,387.4800109863281,386.2200012207031,386.94000244140625,107918
2025-04-11 17:10:00+00:00,386.4100036621094,386.8110046386719,386.07000732421875,386.69140625,119446
2025-04-11 17:15:00+00:00,385.63861083984375,386.989990234375,384.9949951171875,386.4800109863281,138551
2025-04-11 17:20:00+00:00,385.9750061035156,386.8500061035156,385.2250061035156,385.4700012207031,135784
2025-04-11 17:25:00+00:00,385.42999267578125,385.989990234375,385.2869873046875,385.9750061035156,156953
2025-04-11 17:30:00+00:00,385.6499938964844,386.0700988769531,384.9599914550781,385.510009765625,137489
2025-04-11 17:35:00+00:00,387.2900085449219,387.3299865722656,385.1300048828125,385.6400146484375,141752
2025-04-11 17:40:00+00:00,388.914794921875,389.2200012207031,386.8900146484375,387.19500732421875,386351
2025-04-11 17:45:00+00:00,388.55999755859375,389.0,387.6700134277344,388.8822021484375,156809
2025-04-11 17:50:00+00:00,389.4129943847656,390.04998779296875,388.1499938964844,388.5050048828125,500422
2025-04-11 17:55:00+00:00,388.7650146484375,389.4898986816406,388.4599914550781,389.30999755859375,131181
2025-04-11 18:00:00+00:00,389.1099853515625,389.239990234375,388.4200134277344,388.8699951171875,134748
2025-04-11 18:05:00+00:00,388.014404296875,389.2699890136719,387.67999267578125,389.1449890136719,126855
2025-04-11 18:10:00+00:00,388.1000061035156,388.5,387.5,387.885009765625,128191
2025-04-11 18:15:00+00:00,387.739990234375,388.50579833984375,387.2200012207031,388.17999267578125,88702
2025-04-11 18:20:00+00:00,388.2869873046875,388.44000244140625,387.239990234375,387.6400146484375,129570
2025-04-11 18:25:00+00:00,388.3500061035156,388.56988525390625,387.67999267578125,388.4100036621094,105713
2025-04-11 18:30:00+00:00,388.6600036621094,389.0799865722656,388.3299865722656,388.3299865722656,216996
2025-04-11 18:35:00+00:00,389.0723876953125,389.7799987792969,388.32000732421875,388.6600036621094,203495
2025-04-11 18:40:00+00:00,389.2749938964844,389.739990234375,389.04010009765625,389.32000732421875,103669
2025-04-11 18:45:00+00:00,389.3705139160156,389.69000244140625,389.0705871582031,389.3599853515625,117017
2025-04-11 18:50:00+00:00,389.0400085449219,389.4800109863281,387.8699951171875,389.4200134277344,146124
2025-04-11 18:55:00+00:00,388.0199890136719,389.1499938964844,387.9849853515625,389.0400085449219,100270
2025-04-11 19:00:00+00:00,388.8900146484375,389.3800048828125,388.0199890136719,388.0199890136719,148902
2025-04-11 19:05:00+00:00,389.0249938964844,389.0899963378906,388.3999938964844,388.8900146484375,138166
2025-04-11 19:10:00+00:00,388.9100036621094,389.1199951171875,388.44488525390625,388.9750061035156,155229
2025-04-11 19:15:00+00:00,388.7900085449219,389.10650634765625,388.0799865722656,388.989990234375,137037
2025-04-11 19:20:00+00:00,388.9700012207031,389.1700134277344,388.55999755859375,388.7650146484375,165486
2025-04-11 19:25:00+00:00,388.3999938964844,389.06500244140625,388.29998779296875,389.0299987792969,169999
2025-04-11 19:30:00+00:00,389.12078857421875,389.2200012207031,388.1549987792969,388.4800109863281,231513
2025-04-11 19:35:00+00:00,388.3599853515625,389.1199951171875,387.8500061035156,389.1199951171875,185261
2025-04-11 19:40:00+00:00,388.875,389.0,388.2300109863281,388.4198913574219,225340
2025-04-11 19:45:00+00:00,388.2349853515625,388.8999938964844,387.8900146484375,388.80999755859375,177229
2025-04-11 19:50:00+00:00,388.75,389.4599914550781,387.8999938964844,388.29998779296875,529078
2025-04-11 19:55:00+00:00,387.989990234375,389.2699890136719,387.4599914550781,388.6499938964844,1804181
