Price,Close,High,Low,Open,Volume
Ticker,NFLX,NFLX,NFLX,NFLX,NFLX
Datetime,,,,,
2025-02-12 14:30:00+00:00,999.0200805664062,1005.6925048828125,998.3472900390625,1005.510009765625,201976
2025-02-12 14:35:00+00:00,1000.60498046875,1003.52001953125,999.2401123046875,1000.510009765625,47898
2025-02-12 14:40:00+00:00,1005.2000122070312,1005.2883911132812,1000.0999755859375,1000.7249755859375,48956
2025-02-12 14:45:00+00:00,1007.2949829101562,1007.510009765625,1004.7000122070312,1005.2999877929688,53460
2025-02-12 14:50:00+00:00,1009.4320068359375,1011.5239868164062,1006.780029296875,1007.2949829101562,74440
2025-02-12 14:55:00+00:00,1005.8200073242188,1009.8800048828125,1005.8200073242188,1009.5,43330
2025-02-12 15:00:00+00:00,1005.5,1006.6900024414062,1004.6201171875,1005.8200073242188,51615
2025-02-12 15:05:00+00:00,1004.3099975585938,1006.0750122070312,1003.0001220703125,1005.8499755859375,46007
2025-02-12 15:10:00+00:00,1002.9000244140625,1004.1300048828125,1002.219970703125,1003.8250122070312,46620
2025-02-12 15:15:00+00:00,1006.530029296875,1006.9500122070312,1002.4000244140625,1002.489990234375,85488
2025-02-12 15:20:00+00:00,1008.4450073242188,1009.280029296875,1005.6500244140625,1006.3453979492188,39480
2025-02-12 15:25:00+00:00,1007.4199829101562,1008.9586791992188,1006.0399169921875,1008.47998046875,34156
2025-02-12 15:30:00+00:00,1007.9400024414062,1008.489990234375,1006.9100952148438,1008.2175903320312,25779
2025-02-12 15:35:00+00:00,1007.9600219726562,1009.1400146484375,1006.635009765625,1007.6400146484375,40589
2025-02-12 15:40:00+00:00,1005.2100830078125,1008.0,1005.0399780273438,1008.0,32409
2025-02-12 15:45:00+00:00,1003.5800170898438,1006.2291259765625,1003.280029296875,1006.030029296875,31482
2025-02-12 15:50:00+00:00,1006.8150024414062,1007.0,1004.030029296875,1004.260009765625,29743
2025-02-12 15:55:00+00:00,1008.7131958007812,1009.47998046875,1006.6199951171875,1007.2100219726562,30860
2025-02-12 16:00:00+00:00,1010.18408203125,1010.8400268554688,1008.5900268554688,1009.0449829101562,36364
2025-02-12 16:05:00+00:00,1009.9199829101562,1010.739990234375,1008.9401245117188,1010.010009765625,47451
2025-02-12 16:10:00+00:00,1008.8599853515625,1010.297607421875,1007.869384765625,1010.0499877929688,29949
2025-02-12 16:15:00+00:00,1008.0999755859375,1009.0399780273438,1007.4299926757812,1008.7000122070312,22334
2025-02-12 16:20:00+00:00,1009.0,1009.2000122070312,1007.0900268554688,1008.6300048828125,29362
2025-02-12 16:25:00+00:00,1008.5499877929688,1009.4249877929688,1007.5399780273438,1008.989990234375,26720
2025-02-12 16:30:00+00:00,1008.52001953125,1010.22998046875,1008.3800048828125,1009.3300170898438,17337
2025-02-12 16:35:00+00:00,1010.5800170898438,1011.8367919921875,1008.7000122070312,1008.7000122070312,28743
2025-02-12 16:40:00+00:00,1012.2000122070312,1012.5,1010.97998046875,1011.75,25266
2025-02-12 16:45:00+00:00,1011.8195190429688,1012.1199951171875,1010.1500244140625,1012.1199951171875,20903
2025-02-12 16:50:00+00:00,1012.4600219726562,1012.7000122070312,1010.6799926757812,1011.2100219726562,24206
2025-02-12 16:55:00+00:00,1015.0386962890625,1015.0599975585938,1012.4149780273438,1012.780029296875,32238
2025-02-12 17:00:00+00:00,1013.7872924804688,1016.239990234375,1013.6400146484375,1015.02001953125,46549
2025-02-12 17:05:00+00:00,1014.4976196289062,1015.1500244140625,1013.4500122070312,1013.4500122070312,14345
2025-02-12 17:10:00+00:00,1015.3823852539062,1015.8300170898438,1014.3699951171875,1014.7039794921875,22986
2025-02-12 17:15:00+00:00,1016.3099975585938,1017.0399780273438,1015.5,1015.6199951171875,30803
2025-02-12 17:20:00+00:00,1016.9000244140625,1017.1300048828125,1016.4000244140625,1016.943115234375,26345
2025-02-12 17:25:00+00:00,1017.1749877929688,1017.969970703125,1016.7877197265625,1017.2000122070312,21259
2025-02-12 17:30:00+00:00,1016.1500244140625,1017.7158813476562,1015.760009765625,1016.8900146484375,26557
2025-02-12 17:35:00+00:00,1018.0750122070312,1018.4998779296875,1016.1400146484375,1016.1400146484375,39856
2025-02-12 17:40:00+00:00,1018.02001953125,1018.0800170898438,1017.0657958984375,1017.8200073242188,20950
2025-02-12 17:45:00+00:00,1018.72998046875,1019.760009765625,1017.9299926757812,1018.3400268554688,29781
2025-02-12 17:50:00+00:00,1020.0,1020.0,1018.5,1018.5700073242188,26935
2025-02-12 17:55:00+00:00,1021.3099975585938,1021.7100219726562,1019.9199829101562,1019.9550170898438,38314
2025-02-12 18:00:00+00:00,1020.719970703125,1021.8856811523438,1020.719970703125,1021.2000122070312,32115
2025-02-12 18:05:00+00:00,1020.1099853515625,1021.1300048828125,1019.5399780273438,1020.8967895507812,24919
2025-02-12 18:10:00+00:00,1020.9998779296875,1021.0,1019.8848266601562,1020.3599853515625,20509
2025-02-12 18:15:00+00:00,1020.4000244140625,1021.0150146484375,1020.25,1020.9749755859375,15600
2025-02-12 18:20:00+00:00,1019.3800048828125,1020.8153076171875,1019.2620239257812,1020.8153076171875,13014
2025-02-12 18:25:00+00:00,1019.0001220703125,1019.9799194335938,1018.22998046875,1019.5499877929688,25434
2025-02-12 18:30:00+00:00,1020.8582153320312,1021.1699829101562,1019.0601196289062,1019.5831298828125,25327
2025-02-12 18:35:00+00:00,1020.7000122070312,1021.1699829101562,1020.360107421875,1020.8599853515625,17702
2025-02-12 18:40:00+00:00,1019.2000122070312,1020.75,1019.2000122070312,1020.6799926757812,19520
2025-02-12 18:45:00+00:00,1019.5750122070312,1020.0250244140625,1018.7401123046875,1018.7401123046875,19064
2025-02-12 18:50:00+00:00,1019.760009765625,1020.3499755859375,1019.0999755859375,1019.0999755859375,14543
2025-02-12 18:55:00+00:00,1019.7849731445312,1020.0999755859375,1019.0800170898438,1019.0800170898438,5904
2025-02-12 19:00:00+00:00,1018.1199951171875,1019.9949951171875,1018.1199951171875,1019.9949951171875,13418
2025-02-12 19:05:00+00:00,1018.5499877929688,1018.5499877929688,1017.0700073242188,1018.111572265625,11617
2025-02-12 19:10:00+00:00,1018.4127197265625,1018.4598999023438,1017.6900024414062,1018.4598999023438,8325
2025-02-12 19:15:00+00:00,1018.2949829101562,1018.469970703125,1017.8499755859375,1018.4598999023438,7507
2025-02-12 19:20:00+00:00,1019.2261962890625,1019.3099975585938,1018.0,1018.3757934570312,10877
2025-02-12 19:25:00+00:00,1019.2999877929688,1019.5540771484375,1018.4000244140625,1018.6500244140625,8817
2025-02-12 19:30:00+00:00,1019.8900146484375,1020.0399780273438,1019.0,1019.4508056640625,23417
2025-02-12 19:35:00+00:00,1020.75,1020.9998779296875,1020.1519165039062,1020.1519165039062,9389
2025-02-12 19:40:00+00:00,1021.7492065429688,1021.98388671875,1020.805908203125,1020.805908203125,29283
2025-02-12 19:45:00+00:00,1022.52001953125,1022.6699829101562,1021.7050170898438,1021.7050170898438,29370
2025-02-12 19:50:00+00:00,1022.7813720703125,1022.7813720703125,1021.8099975585938,1022.4650268554688,17606
2025-02-12 19:55:00+00:00,1022.739990234375,1023.469970703125,1022.0599975585938,1022.8250122070312,59325
2025-02-12 20:00:00+00:00,1023.0,1023.4600219726562,1022.7000122070312,1022.7999877929688,23596
2025-02-12 20:05:00+00:00,1023.1400146484375,1023.6400146484375,1022.5599975585938,1023.4799194335938,30782
2025-02-12 20:10:00+00:00,1024.9200439453125,1025.3099365234375,1023.0800170898438,1023.4025268554688,38281
2025-02-12 20:15:00+00:00,1025.0184326171875,1025.300048828125,1024.47998046875,1025.0819091796875,31445
2025-02-12 20:20:00+00:00,1024.627197265625,1025.27001953125,1024.18994140625,1024.9100341796875,25817
2025-02-12 20:25:00+00:00,1023.9199829101562,1025.1199951171875,1023.5999755859375,1024.18994140625,23457
2025-02-12 20:30:00+00:00,1025.02001953125,1025.02001953125,1023.7600708007812,1023.8300170898438,18060
2025-02-12 20:35:00+00:00,1023.6868896484375,1025.47998046875,1023.3800048828125,1025.1500244140625,36346
2025-02-12 20:40:00+00:00,1023.4500122070312,1023.8594970703125,1023.0,1023.77001953125,42103
2025-02-12 20:45:00+00:00,1023.8250122070312,1024.6500244140625,1023.1500244140625,1023.3699951171875,39132
2025-02-12 20:50:00+00:00,1026.0699462890625,1027.0899658203125,1024.1300048828125,1024.1300048828125,69705
2025-02-12 20:55:00+00:00,1027.1199951171875,1027.739990234375,1025.9449462890625,1026.3800048828125,158905
2025-02-13 14:30:00+00:00,1036.436767578125,1038.9150390625,1025.205810546875,1026.4449462890625,196163
2025-02-13 14:35:00+00:00,1031.90185546875,1036.8800048828125,1030.400146484375,1036.1500244140625,85784
2025-02-13 14:40:00+00:00,1034.864990234375,1035.919921875,1030.5,1031.43505859375,67277
2025-02-13 14:45:00+00:00,1032.9300537109375,1036.449951171875,1032.5625,1034.85498046875,69900
2025-02-13 14:50:00+00:00,1035.012939453125,1036.5030517578125,1031.989990234375,1032.8699951171875,66516
2025-02-13 14:55:00+00:00,1036.8499755859375,1038.19677734375,1035.02001953125,1035.02001953125,54400
2025-02-13 15:00:00+00:00,1036.489990234375,1039.239990234375,1036.489990234375,1036.6199951171875,64432
2025-02-13 15:05:00+00:00,1036.56494140625,1037.3499755859375,1034.4000244140625,1036.5,28975
2025-02-13 15:10:00+00:00,1038.6099853515625,1038.969970703125,1036.1201171875,1036.9903564453125,45778
2025-02-13 15:15:00+00:00,1039.0,1039.18994140625,1037.8599853515625,1038.8699951171875,43990
2025-02-13 15:20:00+00:00,1037.6199951171875,1040.0,1037.0118408203125,1038.6800537109375,56489
2025-02-13 15:25:00+00:00,1037.0,1038.090087890625,1036.77001953125,1038.090087890625,24751
2025-02-13 15:30:00+00:00,1037.199951171875,1038.4000244140625,1036.6201171875,1036.62744140625,27211
2025-02-13 15:35:00+00:00,1038.655029296875,1038.97998046875,1036.52001953125,1037.0,30122
2025-02-13 15:40:00+00:00,1040.244384765625,1040.244384765625,1038.5,1038.550048828125,35005
2025-02-13 15:45:00+00:00,1037.780029296875,1040.2999267578125,1037.6800537109375,1040.030029296875,32015
2025-02-13 15:50:00+00:00,1037.2725830078125,1038.1966552734375,1036.7900390625,1037.72998046875,25843
2025-02-13 15:55:00+00:00,1038.72998046875,1039.40869140625,1037.9200439453125,1037.9200439453125,25466
2025-02-13 16:00:00+00:00,1038.469970703125,1038.969970703125,1037.1800537109375,1038.93505859375,23378
2025-02-13 16:05:00+00:00,1039.0699462890625,1040.0,1037.9749755859375,1037.9749755859375,26561
2025-02-13 16:10:00+00:00,1039.239990234375,1040.4300537109375,1039.0699462890625,1039.0699462890625,35312
2025-02-13 16:15:00+00:00,1036.1123046875,1039.0450439453125,1036.0,1039.0450439453125,29631
2025-02-13 16:20:00+00:00,1035.616943359375,1036.4000244140625,1034.800048828125,1035.5,30799
2025-02-13 16:25:00+00:00,1033.780029296875,1035.4844970703125,1033.4000244140625,1035.4844970703125,23945
2025-02-13 16:30:00+00:00,1034.8499755859375,1034.8699951171875,1033.3599853515625,1033.77001953125,14494
2025-02-13 16:35:00+00:00,1036.599853515625,1036.705322265625,1034.780029296875,1034.8399658203125,20990
2025-02-13 16:40:00+00:00,1034.72998046875,1036.5914306640625,1034.72998046875,1036.1700439453125,25057
2025-02-13 16:45:00+00:00,1035.280029296875,1036.136474609375,1034.510009765625,1035.114990234375,18130
2025-02-13 16:50:00+00:00,1033.699951171875,1036.0096435546875,1033.06005859375,1035.9300537109375,26080
2025-02-13 16:55:00+00:00,1032.9300537109375,1034.1298828125,1031.7734375,1033.656982421875,31277
2025-02-13 17:00:00+00:00,1033.7449951171875,1033.77392578125,1032.0,1032.3699951171875,29114
2025-02-13 17:05:00+00:00,1034.0150146484375,1034.4150390625,1033.0101318359375,1034.0699462890625,18279
2025-02-13 17:10:00+00:00,1033.31005859375,1033.8900146484375,1032.5784912109375,1033.8900146484375,24249
2025-02-13 17:15:00+00:00,1032.8399658203125,1033.699951171875,1032.6700439453125,1033.3299560546875,19041
2025-02-13 17:20:00+00:00,1033.114990234375,1033.43505859375,1032.15283203125,1032.6500244140625,20886
2025-02-13 17:25:00+00:00,1033.219970703125,1034.3798828125,1033.219970703125,1033.5050048828125,13126
2025-02-13 17:30:00+00:00,1033.1199951171875,1033.699951171875,1032.5899658203125,1033.5,18956
2025-02-13 17:35:00+00:00,1033.530029296875,1034.0899658203125,1032.74951171875,1033.0794677734375,14460
2025-02-13 17:40:00+00:00,1034.6094970703125,1035.4898681640625,1033.66015625,1034.3299560546875,24133
2025-02-13 17:45:00+00:00,1037.1241455078125,1037.5699462890625,1034.7000732421875,1034.885009765625,32738
2025-02-13 17:50:00+00:00,1036.5999755859375,1037.8800048828125,1036.5999755859375,1037.5,28133
2025-02-13 17:55:00+00:00,1036.4000244140625,1037.5,1035.6400146484375,1036.739990234375,34050
2025-02-13 18:00:00+00:00,1033.85498046875,1036.72998046875,1033.85498046875,1036.27001953125,29609
2025-02-13 18:05:00+00:00,1033.8299560546875,1034.7900390625,1033.5,1033.8599853515625,26217
2025-02-13 18:10:00+00:00,1034.1099853515625,1034.8800048828125,1033.6688232421875,1033.8299560546875,31058
2025-02-13 18:15:00+00:00,1031.5550537109375,1034.1099853515625,1030.9327392578125,1034.1099853515625,24232
2025-02-13 18:20:00+00:00,1032.93505859375,1033.260009765625,1031.2100830078125,1031.469970703125,16496
2025-02-13 18:25:00+00:00,1032.25,1033.6099853515625,1032.1400146484375,1033.300048828125,32224
2025-02-13 18:30:00+00:00,1032.510009765625,1032.510009765625,1031.1500244140625,1032.2900390625,13018
2025-02-13 18:35:00+00:00,1033.43994140625,1033.6099853515625,1031.6700439453125,1032.510009765625,23934
2025-02-13 18:40:00+00:00,1032.02001953125,1033.3399658203125,1030.300048828125,1033.3399658203125,35300
2025-02-13 18:45:00+00:00,1033.2650146484375,1034.1199951171875,1032.249755859375,1032.2950439453125,26673
2025-02-13 18:50:00+00:00,1033.2830810546875,1033.699951171875,1031.6099853515625,1033.06005859375,27603
2025-02-13 18:55:00+00:00,1033.550048828125,1034.349853515625,1032.3876953125,1033.0,45352
2025-02-13 19:00:00+00:00,1035.3050537109375,1035.75,1033.4100341796875,1033.949951171875,24160
2025-02-13 19:05:00+00:00,1036.530029296875,1036.530029296875,1034.8699951171875,1035.1500244140625,24654
2025-02-13 19:10:00+00:00,1036.5350341796875,1036.9693603515625,1035.949951171875,1036.1300048828125,18289
2025-02-13 19:15:00+00:00,1035.613525390625,1036.970458984375,1035.613525390625,1036.687744140625,16094
2025-02-13 19:20:00+00:00,1035.8673095703125,1036.77001953125,1035.8673095703125,1036.3499755859375,9324
2025-02-13 19:25:00+00:00,1037.3599853515625,1037.3599853515625,1036.2379150390625,1036.2900390625,13092
2025-02-13 19:30:00+00:00,1037.780029296875,1038.1298828125,1036.4200439453125,1036.4200439453125,30054
2025-02-13 19:35:00+00:00,1038.97998046875,1039.4100341796875,1037.7099609375,1038.1099853515625,30567
2025-02-13 19:40:00+00:00,1038.1099853515625,1039.800048828125,1037.8621826171875,1038.9599609375,29609
2025-02-13 19:45:00+00:00,1038.260009765625,1038.8623046875,1037.8035888671875,1038.1099853515625,28507
2025-02-13 19:50:00+00:00,1039.594970703125,1039.949951171875,1038.570556640625,1038.570556640625,26053
2025-02-13 19:55:00+00:00,1038.3599853515625,1039.8499755859375,1037.9200439453125,1039.8499755859375,25533
2025-02-13 20:00:00+00:00,1039.135009765625,1039.469970703125,1038.22998046875,1038.3199462890625,24518
2025-02-13 20:05:00+00:00,1040.3819580078125,1040.603759765625,1038.8828125,1039.1300048828125,65610
2025-02-13 20:10:00+00:00,1040.0899658203125,1040.5546875,1039.9000244140625,1040.0400390625,33455
2025-02-13 20:15:00+00:00,1041.2501220703125,1041.6199951171875,1039.9599609375,1040.175048828125,43692
2025-02-13 20:20:00+00:00,1040.8199462890625,1041.5599365234375,1040.47998046875,1041.27001953125,39257
2025-02-13 20:25:00+00:00,1041.43505859375,1041.489990234375,1040.4959716796875,1040.6700439453125,46992
2025-02-13 20:30:00+00:00,1041.384033203125,1041.8548583984375,1040.9901123046875,1041.1300048828125,35429
2025-02-13 20:35:00+00:00,1043.3900146484375,1043.780029296875,1041.1800537109375,1041.2049560546875,50553
2025-02-13 20:40:00+00:00,1044.56005859375,1044.8798828125,1043.3199462890625,1043.4599609375,75058
2025-02-13 20:45:00+00:00,1044.800048828125,1045.0,1043.54296875,1044.5,45924
2025-02-13 20:50:00+00:00,1044.260009765625,1045.9898681640625,1043.81005859375,1044.800048828125,85950
2025-02-13 20:55:00+00:00,1043.8699951171875,1044.1700439453125,1042.594970703125,1043.550048828125,144039
2025-02-14 14:30:00+00:00,1044.800048828125,1048.43994140625,1043.52001953125,1045.0,137610
2025-02-14 14:35:00+00:00,1045.1099853515625,1046.986083984375,1043.0,1045.260009765625,53509
2025-02-14 14:40:00+00:00,1041.780029296875,1046.8499755859375,1041.68994140625,1045.25,43033
2025-02-14 14:45:00+00:00,1046.0,1046.0,1041.7900390625,1042.0799560546875,27448
2025-02-14 14:50:00+00:00,1046.9599609375,1047.27001953125,1044.77001953125,1046.10107421875,50222
2025-02-14 14:55:00+00:00,1043.5,1046.65625,1042.9300537109375,1046.43994140625,43075
2025-02-14 15:00:00+00:00,1043.324951171875,1044.48828125,1042.1400146484375,1043.949951171875,40777
2025-02-14 15:05:00+00:00,1046.199951171875,1046.5,1043.030029296875,1043.469970703125,44029
2025-02-14 15:10:00+00:00,1043.7049560546875,1046.6407470703125,1043.699951171875,1045.891845703125,33107
2025-02-14 15:15:00+00:00,1043.43505859375,1046.030029296875,1042.9150390625,1044.1199951171875,33886
2025-02-14 15:20:00+00:00,1042.8900146484375,1043.95263671875,1041.9599609375,1043.43505859375,29795
2025-02-14 15:25:00+00:00,1043.6199951171875,1044.47998046875,1042.699951171875,1043.199951171875,34437
2025-02-14 15:30:00+00:00,1043.88671875,1043.9755859375,1042.4100341796875,1043.9755859375,28631
2025-02-14 15:35:00+00:00,1043.0550537109375,1044.1807861328125,1042.4000244140625,1043.574951171875,34272
2025-02-14 15:40:00+00:00,1044.18994140625,1044.19921875,1042.6400146484375,1043.300048828125,39010
2025-02-14 15:45:00+00:00,1046.1800537109375,1046.603515625,1044.010009765625,1044.18994140625,41611
2025-02-14 15:50:00+00:00,1048.393798828125,1048.8800048828125,1046.1800537109375,1046.530029296875,47191
2025-02-14 15:55:00+00:00,1049.5001220703125,1050.1654052734375,1048.1099853515625,1048.830078125,57124
2025-02-14 16:00:00+00:00,1049.5400390625,1050.3299560546875,1049.0101318359375,1049.86279296875,51264
2025-02-14 16:05:00+00:00,1050.4080810546875,1050.6768798828125,1048.8499755859375,1049.5050048828125,47331
2025-02-14 16:10:00+00:00,1048.6500244140625,1050.449951171875,1048.6500244140625,1050.010009765625,26437
2025-02-14 16:15:00+00:00,1047.6431884765625,1049.5390625,1047.449951171875,1048.6199951171875,40998
2025-02-14 16:20:00+00:00,1047.3599853515625,1047.7408447265625,1045.7801513671875,1047.5050048828125,42454
2025-02-14 16:25:00+00:00,1048.25,1048.93505859375,1047.0,1047.0,25905
2025-02-14 16:30:00+00:00,1048.199951171875,1048.7125244140625,1047.5699462890625,1048.7125244140625,9794
2025-02-14 16:35:00+00:00,1049.4649658203125,1049.8798828125,1048.0050048828125,1048.0050048828125,18929
2025-02-14 16:40:00+00:00,1050.6800537109375,1050.6800537109375,1049.070068359375,1049.47998046875,35048
2025-02-14 16:45:00+00:00,1050.614990234375,1051.4998779296875,1050.2301025390625,1050.5050048828125,56862
2025-02-14 16:50:00+00:00,1050.93994140625,1052.3399658203125,1050.614990234375,1050.614990234375,54630
2025-02-14 16:55:00+00:00,1051.1199951171875,1051.6800537109375,1050.0,1051.489990234375,19363
2025-02-14 17:00:00+00:00,1051.1806640625,1051.949951171875,1050.5999755859375,1050.75,15616
2025-02-14 17:05:00+00:00,1050.0,1051.010009765625,1049.8199462890625,1051.010009765625,20318
2025-02-14 17:10:00+00:00,1050.4449462890625,1050.449951171875,1049.0550537109375,1049.89501953125,29411
2025-02-14 17:15:00+00:00,1050.050048828125,1050.8447265625,1050.0,1050.4100341796875,5855
2025-02-14 17:20:00+00:00,1050.5899658203125,1050.8299560546875,1049.8399658203125,1050.280029296875,17587
2025-02-14 17:25:00+00:00,1050.47705078125,1050.8699951171875,1049.949951171875,1050.3699951171875,19781
2025-02-14 17:30:00+00:00,1050.3900146484375,1050.56005859375,1049.93994140625,1050.4749755859375,15101
2025-02-14 17:35:00+00:00,1051.175048828125,1051.175048828125,1050.2601318359375,1050.5799560546875,13827
2025-02-14 17:40:00+00:00,1052.10986328125,1052.43994140625,1051.2149658203125,1051.219970703125,28896
2025-02-14 17:45:00+00:00,1053.1700439453125,1053.5,1051.199951171875,1051.766845703125,35319
2025-02-14 17:50:00+00:00,1054.1099853515625,1054.4200439453125,1052.820068359375,1052.9188232421875,32069
2025-02-14 17:55:00+00:00,1055.0,1055.219970703125,1053.8138427734375,1054.1500244140625,45958
2025-02-14 18:00:00+00:00,1055.135009765625,1056.0999755859375,1054.39013671875,1055.4798583984375,39924
2025-02-14 18:05:00+00:00,1055.93994140625,1055.93994140625,1054.85595703125,1055.0,17787
2025-02-14 18:10:00+00:00,1056.18505859375,1056.401611328125,1055.510009765625,1056.0,36536
2025-02-14 18:15:00+00:00,1056.31005859375,1057.25,1055.9600830078125,1056.2415771484375,53449
2025-02-14 18:20:00+00:00,1056.0,1056.7818603515625,1055.6800537109375,1056.4000244140625,12989
2025-02-14 18:25:00+00:00,1056.2799072265625,1056.2799072265625,1055.579833984375,1055.739990234375,14986
2025-02-14 18:30:00+00:00,1057.2198486328125,1057.219970703125,1055.6199951171875,1055.77001953125,12369
2025-02-14 18:35:00+00:00,1056.31005859375,1057.43994140625,1056.31005859375,1056.969970703125,26672
2025-02-14 18:40:00+00:00,1056.68994140625,1056.68994140625,1056.14013671875,1056.2935791015625,14493
2025-02-14 18:45:00+00:00,1056.8299560546875,1057.27001953125,1056.4500732421875,1056.780029296875,15504
2025-02-14 18:50:00+00:00,1057.1099853515625,1057.6334228515625,1056.8511962890625,1056.8511962890625,21150
2025-02-14 18:55:00+00:00,1056.56005859375,1057.3900146484375,1056.52001953125,1057.2420654296875,12890
2025-02-14 19:00:00+00:00,1056.469970703125,1056.68994140625,1056.0400390625,1056.47998046875,11497
2025-02-14 19:05:00+00:00,1056.989990234375,1057.22998046875,1056.239990234375,1056.27001953125,24657
2025-02-14 19:10:00+00:00,1058.25341796875,1058.3299560546875,1056.780029296875,1057.0450439453125,19519
2025-02-14 19:15:00+00:00,1058.43994140625,1058.8299560546875,1058.21728515625,1058.2349853515625,32478
2025-02-14 19:20:00+00:00,1058.739990234375,1059.1700439453125,1058.4300537109375,1058.719970703125,31724
2025-02-14 19:25:00+00:00,1058.3994140625,1059.1280517578125,1058.1800537109375,1058.9300537109375,34881
2025-02-14 19:30:00+00:00,1058.1400146484375,1058.7799072265625,1057.0,1058.3800048828125,45915
2025-02-14 19:35:00+00:00,1057.93994140625,1058.5699462890625,1057.800048828125,1058.1300048828125,21810
2025-02-14 19:40:00+00:00,1057.800048828125,1057.969970703125,1057.2850341796875,1057.93505859375,16536
2025-02-14 19:45:00+00:00,1057.06005859375,1058.77001953125,1056.77001953125,1057.6700439453125,20768
2025-02-14 19:50:00+00:00,1057.4000244140625,1057.550048828125,1056.4200439453125,1057.3109130859375,24200
2025-02-14 19:55:00+00:00,1058.260009765625,1058.530029296875,1057.18994140625,1057.4150390625,27771
2025-02-14 20:00:00+00:00,1056.510009765625,1058.469970703125,1056.510009765625,1058.2349853515625,16377
2025-02-14 20:05:00+00:00,1056.7449951171875,1056.7900390625,1056.4749755859375,1056.68994140625,25544
2025-02-14 20:10:00+00:00,1057.8399658203125,1057.8399658203125,1056.4554443359375,1056.9000244140625,30369
2025-02-14 20:15:00+00:00,1058.0699462890625,1058.9300537109375,1057.64013671875,1058.0,23322
2025-02-14 20:20:00+00:00,1058.135009765625,1058.594970703125,1057.9100341796875,1058.300048828125,21679
2025-02-14 20:25:00+00:00,1059.050048828125,1059.3900146484375,1057.8900146484375,1058.1300048828125,38410
2025-02-14 20:30:00+00:00,1060.300048828125,1060.530029296875,1058.8299560546875,1058.8699951171875,47848
2025-02-14 20:35:00+00:00,1062.375,1062.6600341796875,1059.739990234375,1060.0699462890625,56352
2025-02-14 20:40:00+00:00,1061.1400146484375,1062.5,1060.5899658203125,1062.5,58389
2025-02-14 20:45:00+00:00,1063.0,1063.4300537109375,1061.1700439453125,1061.1700439453125,59038
2025-02-14 20:50:00+00:00,1062.9100341796875,1064.5,1062.1500244140625,1063.0799560546875,87187
2025-02-14 20:55:00+00:00,1058.780029296875,1062.1600341796875,1058.5799560546875,1062.1600341796875,163840
2025-02-18 14:30:00+00:00,1054.3468017578125,1061.9200439453125,1050.0,1060.6949462890625,219523
2025-02-18 14:35:00+00:00,1054.0673828125,1055.800048828125,1052.6800537109375,1054.5799560546875,72378
2025-02-18 14:40:00+00:00,1053.1800537109375,1056.800048828125,1052.800048828125,1053.574951171875,70823
2025-02-18 14:45:00+00:00,1050.02001953125,1053.25,1048.4901123046875,1053.1400146484375,90081
2025-02-18 14:50:00+00:00,1048.969970703125,1052.3499755859375,1048.630126953125,1049.260009765625,75596
2025-02-18 14:55:00+00:00,1048.739990234375,1050.35986328125,1047.199951171875,1048.8199462890625,79851
2025-02-18 15:00:00+00:00,1045.2950439453125,1049.949951171875,1044.47998046875,1049.949951171875,90031
2025-02-18 15:05:00+00:00,1046.3699951171875,1047.179931640625,1045.080078125,1045.550048828125,55416
2025-02-18 15:10:00+00:00,1045.655029296875,1046.489990234375,1044.4510498046875,1046.3699951171875,51796
2025-02-18 15:15:00+00:00,1039.4599609375,1045.5250244140625,1039.4599609375,1045.4991455078125,82477
2025-02-18 15:20:00+00:00,1038.68505859375,1041.199951171875,1037.489990234375,1039.4599609375,87036
2025-02-18 15:25:00+00:00,1036.5250244140625,1039.1800537109375,1036.1199951171875,1038.85498046875,60086
2025-02-18 15:30:00+00:00,1032.6202392578125,1036.9000244140625,1030.130126953125,1036.0999755859375,108512
2025-02-18 15:35:00+00:00,1034.384033203125,1035.8599853515625,1031.8800048828125,1032.239990234375,70350
2025-02-18 15:40:00+00:00,1033.4000244140625,1035.9599609375,1033.00927734375,1034.58984375,59628
2025-02-18 15:45:00+00:00,1029.7900390625,1033.4100341796875,1029.0,1033.3699951171875,86762
2025-02-18 15:50:00+00:00,1033.260009765625,1033.4200439453125,1027.2000732421875,1029.6099853515625,77489
2025-02-18 15:55:00+00:00,1035.739990234375,1035.739990234375,1033.2099609375,1033.2099609375,47251
2025-02-18 16:00:00+00:00,1033.47998046875,1035.6600341796875,1032.7900390625,1035.10498046875,30054
2025-02-18 16:05:00+00:00,1036.72607421875,1036.9508056640625,1034.0,1034.0,47120
2025-02-18 16:10:00+00:00,1033.5400390625,1036.6700439453125,1033.3499755859375,1036.6700439453125,33134
2025-02-18 16:15:00+00:00,1034.3199462890625,1035.260009765625,1033.376953125,1034.025146484375,29098
2025-02-18 16:20:00+00:00,1035.5,1035.81005859375,1033.049560546875,1034.469970703125,32766
2025-02-18 16:25:00+00:00,1035.669921875,1036.3199462890625,1034.699951171875,1035.574951171875,32254
2025-02-18 16:30:00+00:00,1033.050048828125,1035.550048828125,1032.8800048828125,1035.3199462890625,50286
2025-02-18 16:35:00+00:00,1032.199951171875,1033.7900390625,1032.07861328125,1032.8800048828125,39974
2025-02-18 16:40:00+00:00,1034.0,1034.9300537109375,1031.6099853515625,1032.050048828125,37473
2025-02-18 16:45:00+00:00,1035.8299560546875,1035.8299560546875,1033.8699951171875,1034.18994140625,34350
2025-02-18 16:50:00+00:00,1037.4949951171875,1037.5999755859375,1035.510009765625,1035.7099609375,47633
2025-02-18 16:55:00+00:00,1037.10498046875,1038.332275390625,1036.8900146484375,1037.5849609375,34534
2025-02-18 17:00:00+00:00,1036.5,1037.09765625,1036.189697265625,1037.0050048828125,22109
2025-02-18 17:05:00+00:00,1035.3900146484375,1036.97998046875,1035.28564453125,1035.9776611328125,15290
2025-02-18 17:10:00+00:00,1035.344970703125,1036.449951171875,1034.614990234375,1035.2801513671875,22540
2025-02-18 17:15:00+00:00,1033.1099853515625,1035.3699951171875,1033.1099853515625,1035.3299560546875,15504
2025-02-18 17:20:00+00:00,1034.2650146484375,1034.4833984375,1033.0,1033.343994140625,30403
2025-02-18 17:25:00+00:00,1035.9798583984375,1036.0196533203125,1034.2076416015625,1034.7149658203125,29177
2025-02-18 17:30:00+00:00,1036.7650146484375,1037.4200439453125,1035.8399658203125,1035.8399658203125,25623
2025-02-18 17:35:00+00:00,1038.2249755859375,1038.8671875,1036.5050048828125,1036.760009765625,38942
2025-02-18 17:40:00+00:00,1037.469970703125,1039.27001953125,1037.469970703125,1038.699951171875,22480
2025-02-18 17:45:00+00:00,1037.68994140625,1038.2098388671875,1037.199951171875,1037.7550048828125,22611
2025-02-18 17:50:00+00:00,1038.8900146484375,1039.22998046875,1037.43994140625,1037.93994140625,35611
2025-02-18 17:55:00+00:00,1038.1300048828125,1038.6300048828125,1037.5936279296875,1038.6300048828125,12642
2025-02-18 18:00:00+00:00,1040.5286865234375,1041.119873046875,1038.6400146484375,1038.6400146484375,32496
2025-02-18 18:05:00+00:00,1037.6177978515625,1040.9599609375,1037.4801025390625,1039.97998046875,28553
2025-02-18 18:10:00+00:00,1036.8699951171875,1038.349853515625,1035.97998046875,1037.8299560546875,28568
2025-02-18 18:15:00+00:00,1035.8499755859375,1036.8399658203125,1035.6300048828125,1036.574951171875,19593
2025-02-18 18:20:00+00:00,1035.78759765625,1036.1956787109375,1034.6500244140625,1035.8499755859375,30688
2025-02-18 18:25:00+00:00,1036.208251953125,1036.619873046875,1035.760009765625,1035.780029296875,29818
2025-02-18 18:30:00+00:00,1035.739990234375,1036.7099609375,1034.64013671875,1036.175048828125,25522
2025-02-18 18:35:00+00:00,1035.8699951171875,1036.1197509765625,1035.150146484375,1035.739990234375,18348
2025-02-18 18:40:00+00:00,1035.770751953125,1036.183349609375,1035.0899658203125,1035.9449462890625,22289
2025-02-18 18:45:00+00:00,1035.4949951171875,1036.8050537109375,1035.239990234375,1035.7900390625,26908
2025-02-18 18:50:00+00:00,1034.5699462890625,1035.7867431640625,1034.0,1035.489990234375,19948
2025-02-18 18:55:00+00:00,1034.5799560546875,1035.8798828125,1034.4830322265625,1034.5582275390625,16206
2025-02-18 19:00:00+00:00,1034.0899658203125,1035.470947265625,1033.6800537109375,1034.8699951171875,16424
2025-02-18 19:05:00+00:00,1032.0699462890625,1034.6300048828125,1031.8199462890625,1033.5799560546875,23586
2025-02-18 19:10:00+00:00,1032.300048828125,1032.989990234375,1031.7200927734375,1032.0999755859375,38905
2025-02-18 19:15:00+00:00,1032.0699462890625,1033.0,1031.8699951171875,1032.300048828125,25807
2025-02-18 19:20:00+00:00,1032.989990234375,1033.699951171875,1031.1600341796875,1032.2598876953125,35754
2025-02-18 19:25:00+00:00,1032.685546875,1033.0810546875,1031.8392333984375,1032.5999755859375,40184
2025-02-18 19:30:00+00:00,1031.3082275390625,1032.3299560546875,1031.0999755859375,1032.0699462890625,19227
2025-02-18 19:35:00+00:00,1030.239990234375,1031.6099853515625,1030.22998046875,1031.6099853515625,16792
2025-02-18 19:40:00+00:00,1030.238037109375,1030.97998046875,1029.25,1030.594970703125,26120
2025-02-18 19:45:00+00:00,1029.5999755859375,1030.0,1029.0,1030.0,20516
2025-02-18 19:50:00+00:00,1029.7099609375,1030.18994140625,1029.215576171875,1029.5899658203125,17698
2025-02-18 19:55:00+00:00,1029.110107421875,1030.179931640625,1029.110107421875,1029.385009765625,23270
2025-02-18 20:00:00+00:00,1028.875,1029.3349609375,1028.456298828125,1029.3349609375,38551
2025-02-18 20:05:00+00:00,1028.7650146484375,1029.47998046875,1027.77001953125,1028.97998046875,31158
2025-02-18 20:10:00+00:00,1028.0001220703125,1028.9599609375,1028.0001220703125,1028.6400146484375,27871
2025-02-18 20:15:00+00:00,1028.2099609375,1028.4200439453125,1027.6300048828125,1028.4100341796875,40297
2025-02-18 20:20:00+00:00,1026.9000244140625,1028.5250244140625,1026.6500244140625,1028.155029296875,41369
2025-02-18 20:25:00+00:00,1025.96435546875,1026.9949951171875,1025.400146484375,1026.8299560546875,19890
2025-02-18 20:30:00+00:00,1024.550048828125,1025.844970703125,1023.7490234375,1025.844970703125,42557
2025-02-18 20:35:00+00:00,1026.4200439453125,1026.9300537109375,1024.5899658203125,1024.5899658203125,44476
2025-02-18 20:40:00+00:00,1028.3798828125,1029.5198974609375,1026.364501953125,1026.364501953125,47342
2025-02-18 20:45:00+00:00,1028.5509033203125,1029.3299560546875,1027.8431396484375,1028.3900146484375,44591
2025-02-18 20:50:00+00:00,1031.4000244140625,1031.8499755859375,1028.2818603515625,1028.75,80646
2025-02-18 20:55:00+00:00,1035.6099853515625,1035.97998046875,1031.1199951171875,1031.3399658203125,249959
2025-02-19 14:30:00+00:00,1029.699951171875,1035.1800537109375,1027.0101318359375,1035.1800537109375,128146
2025-02-19 14:35:00+00:00,1028.0,1034.0,1028.0,1030.905029296875,60056
2025-02-19 14:40:00+00:00,1027.8900146484375,1030.4998779296875,1025.6800537109375,1028.4599609375,62460
2025-02-19 14:45:00+00:00,1026.1099853515625,1029.6800537109375,1024.510009765625,1028.9549560546875,42445
2025-02-19 14:50:00+00:00,1028.5899658203125,1029.97998046875,1025.6650390625,1025.6650390625,57885
2025-02-19 14:55:00+00:00,1031.510009765625,1032.0799560546875,1027.950927734375,1029.02001953125,44939
2025-02-19 15:00:00+00:00,1032.1800537109375,1033.4998779296875,1030.464599609375,1031.667236328125,74826
2025-02-19 15:05:00+00:00,1029.260009765625,1033.52001953125,1028.1600341796875,1032.5098876953125,52388
2025-02-19 15:10:00+00:00,1027.7398681640625,1029.81005859375,1025.9100341796875,1028.93505859375,55627
2025-02-19 15:15:00+00:00,1028.0,1029.8199462890625,1025.798583984375,1026.6400146484375,32804
2025-02-19 15:20:00+00:00,1029.3800048828125,1029.8800048828125,1027.0001220703125,1027.699951171875,31132
2025-02-19 15:25:00+00:00,1029.760009765625,1030.919921875,1029.0284423828125,1029.3599853515625,29574
2025-02-19 15:30:00+00:00,1033.0,1033.0,1029.06005859375,1030.154541015625,53460
2025-02-19 15:35:00+00:00,1032.699951171875,1033.8299560546875,1031.2099609375,1032.719970703125,43101
2025-02-19 15:40:00+00:00,1036.0999755859375,1037.8499755859375,1032.0,1032.7349853515625,49529
2025-02-19 15:45:00+00:00,1036.7449951171875,1037.81005859375,1036.173828125,1036.550048828125,42214
2025-02-19 15:50:00+00:00,1034.8800048828125,1036.68994140625,1034.2001953125,1036.219970703125,23617
2025-02-19 15:55:00+00:00,1033.273193359375,1034.81005859375,1032.800048828125,1034.1300048828125,38249
2025-02-19 16:00:00+00:00,1035.969970703125,1036.0,1033.864990234375,1034.1300048828125,29439
2025-02-19 16:05:00+00:00,1037.8023681640625,1038.199951171875,1035.47998046875,1035.969970703125,38161
2025-02-19 16:10:00+00:00,1038.094970703125,1039.31005859375,1036.79443359375,1037.1693115234375,37800
2025-02-19 16:15:00+00:00,1037.2149658203125,1038.469970703125,1036.714599609375,1038.02001953125,22260
2025-02-19 16:20:00+00:00,1037.14501953125,1037.6300048828125,1036.3299560546875,1037.1300048828125,20628
2025-02-19 16:25:00+00:00,1037.0955810546875,1037.6300048828125,1036.64013671875,1037.43994140625,20410
2025-02-19 16:30:00+00:00,1036.3599853515625,1037.5,1035.2349853515625,1037.5,26651
2025-02-19 16:35:00+00:00,1036.4068603515625,1037.6099853515625,1035.97998046875,1036.4100341796875,16581
2025-02-19 16:40:00+00:00,1037.5,1037.8116455078125,1036.050048828125,1036.7698974609375,24471
2025-02-19 16:45:00+00:00,1038.6260986328125,1039.1700439453125,1037.3900146484375,1037.97998046875,27064
2025-02-19 16:50:00+00:00,1039.5799560546875,1039.5799560546875,1038.0400390625,1038.9100341796875,28903
2025-02-19 16:55:00+00:00,1039.3900146484375,1040.0,1039.028076171875,1039.4449462890625,21134
2025-02-19 17:00:00+00:00,1039.25,1039.93994140625,1038.52001953125,1039.6650390625,16752
2025-02-19 17:05:00+00:00,1040.9549560546875,1041.6966552734375,1039.5931396484375,1039.5931396484375,23558
2025-02-19 17:10:00+00:00,1039.5799560546875,1040.9549560546875,1039.1099853515625,1040.9549560546875,16523
2025-02-19 17:15:00+00:00,1039.694580078125,1040.2099609375,1039.1700439453125,1039.5799560546875,11616
2025-02-19 17:20:00+00:00,1039.780029296875,1040.5499267578125,1039.3900146484375,1039.72998046875,11173
2025-02-19 17:25:00+00:00,1040.0120849609375,1040.587646484375,1039.8070068359375,1040.0391845703125,12593
2025-02-19 17:30:00+00:00,1038.7950439453125,1040.27001953125,1038.4200439453125,1040.030029296875,25376
2025-02-19 17:35:00+00:00,1038.43994140625,1038.9940185546875,1037.5291748046875,1038.5699462890625,15395
2025-02-19 17:40:00+00:00,1039.635009765625,1039.635009765625,1037.489990234375,1037.739990234375,14486
2025-02-19 17:45:00+00:00,1040.2099609375,1040.2574462890625,1039.449951171875,1039.4669189453125,23005
2025-02-19 17:50:00+00:00,1040.2740478515625,1040.56005859375,1039.9300537109375,1040.1300048828125,15753
2025-02-19 17:55:00+00:00,1039.652099609375,1040.1099853515625,1039.3699951171875,1040.0848388671875,9388
2025-02-19 18:00:00+00:00,1039.1199951171875,1040.0,1038.7449951171875,1039.4000244140625,8918
2025-02-19 18:05:00+00:00,1038.5721435546875,1038.9599609375,1038.3699951171875,1038.5999755859375,7579
2025-02-19 18:10:00+00:00,1039.5999755859375,1039.7783203125,1038.260009765625,1038.4000244140625,12478
2025-02-19 18:15:00+00:00,1040.9100341796875,1040.9100341796875,1039.271240234375,1039.271240234375,14266
2025-02-19 18:20:00+00:00,1040.8900146484375,1041.489990234375,1040.6400146484375,1041.0,19284
2025-02-19 18:25:00+00:00,1040.739990234375,1041.20068359375,1040.150146484375,1040.52001953125,9220
2025-02-19 18:30:00+00:00,1040.510009765625,1041.419921875,1040.1500244140625,1040.1500244140625,10515
2025-02-19 18:35:00+00:00,1040.8699951171875,1041.4200439453125,1040.800048828125,1041.4200439453125,5479
2025-02-19 18:40:00+00:00,1041.4000244140625,1041.4000244140625,1040.7025146484375,1040.7025146484375,8762
2025-02-19 18:45:00+00:00,1040.75,1041.4000244140625,1040.6700439453125,1041.3900146484375,7731
2025-02-19 18:50:00+00:00,1040.97998046875,1040.97998046875,1040.1600341796875,1040.5,8526
2025-02-19 18:55:00+00:00,1040.7900390625,1041.369873046875,1040.5889892578125,1041.01806640625,8132
2025-02-19 19:00:00+00:00,1041.7099609375,1041.7099609375,1040.5799560546875,1040.7349853515625,8338
2025-02-19 19:05:00+00:00,1040.93994140625,1041.635009765625,1040.8399658203125,1041.4000244140625,9875
2025-02-19 19:10:00+00:00,1041.3167724609375,1041.3167724609375,1039.719970703125,1041.18994140625,17206
2025-02-19 19:15:00+00:00,1041.68505859375,1042.22998046875,1041.6199951171875,1041.6199951171875,12108
2025-02-19 19:20:00+00:00,1041.2867431640625,1042.010009765625,1041.0101318359375,1041.91748046875,11396
2025-02-19 19:25:00+00:00,1041.655029296875,1041.655029296875,1040.4300537109375,1041.0799560546875,9360
2025-02-19 19:30:00+00:00,1042.0999755859375,1042.0999755859375,1041.2900390625,1041.675048828125,9484
2025-02-19 19:35:00+00:00,1042.489990234375,1042.530029296875,1041.9549560546875,1042.1300048828125,23257
2025-02-19 19:40:00+00:00,1042.9139404296875,1043.1800537109375,1042.3699951171875,1042.449951171875,19952
2025-02-19 19:45:00+00:00,1042.27001953125,1042.875,1042.1378173828125,1042.875,5892
2025-02-19 19:50:00+00:00,1042.6949462890625,1043.1500244140625,1042.030029296875,1042.43994140625,17293
2025-02-19 19:55:00+00:00,1044.6630859375,1044.9998779296875,1042.5504150390625,1042.5504150390625,20938
2025-02-19 20:00:00+00:00,1042.3216552734375,1044.6650390625,1042.300048828125,1044.6650390625,26667
2025-02-19 20:05:00+00:00,1040.4599609375,1042.7049560546875,1040.2752685546875,1042.3199462890625,33249
2025-02-19 20:10:00+00:00,1041.8499755859375,1042.43994140625,1040.4443359375,1040.6700439453125,32361
2025-02-19 20:15:00+00:00,1042.77001953125,1043.550048828125,1041.52001953125,1041.52001953125,27704
2025-02-19 20:20:00+00:00,1043.6600341796875,1044.22998046875,1042.5404052734375,1042.7120361328125,29398
2025-02-19 20:25:00+00:00,1041.0150146484375,1044.010009765625,1040.75,1044.010009765625,42785
2025-02-19 20:30:00+00:00,1041.989990234375,1043.1600341796875,1040.4949951171875,1041.1099853515625,37405
2025-02-19 20:35:00+00:00,1041.93994140625,1042.1500244140625,1041.010009765625,1041.8499755859375,24929
2025-02-19 20:40:00+00:00,1039.9649658203125,1042.0,1039.800048828125,1041.85009765625,27134
2025-02-19 20:45:00+00:00,1040.31005859375,1041.302001953125,1040.175048828125,1040.599853515625,20822
2025-02-19 20:50:00+00:00,1043.0699462890625,1043.3050537109375,1040.8800048828125,1040.8800048828125,41478
2025-02-19 20:55:00+00:00,1042.8599853515625,1044.114990234375,1042.8199462890625,1043.3299560546875,100188
2025-02-20 14:30:00+00:00,1035.7049560546875,1045.0,1034.4000244140625,1040.5728759765625,88952
2025-02-20 14:35:00+00:00,1037.97998046875,1038.64990234375,1035.0,1035.64501953125,36631
2025-02-20 14:40:00+00:00,1035.0,1039.96923828125,1035.0,1038.0,31763
2025-02-20 14:45:00+00:00,1034.9100341796875,1038.8699951171875,1033.0,1035.02001953125,42728
2025-02-20 14:50:00+00:00,1028.15185546875,1034.800048828125,1028.15185546875,1034.6500244140625,60057
2025-02-20 14:55:00+00:00,1021.5900268554688,1028.5899658203125,1020.260009765625,1028.52490234375,121929
2025-02-20 15:00:00+00:00,1021.0499877929688,1022.9949951171875,1015.5941162109375,1021.6599731445312,118828
2025-02-20 15:05:00+00:00,1021.1400146484375,1023.4600219726562,1019.0,1021.5499877929688,76295
2025-02-20 15:10:00+00:00,1023.5062866210938,1024.68994140625,1019.89111328125,1020.8400268554688,75959
2025-02-20 15:15:00+00:00,1028.010009765625,1029.5999755859375,1024.02001953125,1024.02001953125,48320
2025-02-20 15:20:00+00:00,1028.6800537109375,1030.3699951171875,1026.135009765625,1029.0,38904
2025-02-20 15:25:00+00:00,1025.02001953125,1028.9998779296875,1022.280029296875,1028.9998779296875,47567
2025-02-20 15:30:00+00:00,1025.2149658203125,1026.0240478515625,1024.0101318359375,1025.0450439453125,39734
2025-02-20 15:35:00+00:00,1024.0,1024.989990234375,1023.0001220703125,1024.989990234375,23540
2025-02-20 15:40:00+00:00,1020.639892578125,1024.0050048828125,1020.639892578125,1024.0050048828125,67015
2025-02-20 15:45:00+00:00,1017.6599731445312,1021.47998046875,1017.6599731445312,1020.93212890625,55576
2025-02-20 15:50:00+00:00,1018.3286743164062,1018.5963134765625,1016.0,1017.6749877929688,56744
2025-02-20 15:55:00+00:00,1018.3200073242188,1020.0499877929688,1016.9000244140625,1018.885009765625,47032
2025-02-20 16:00:00+00:00,1020.72998046875,1021.0899047851562,1018.510009765625,1018.510009765625,52115
2025-02-20 16:05:00+00:00,1022.8350219726562,1023.2899780273438,1020.030029296875,1020.7999877929688,34184
2025-02-20 16:10:00+00:00,1024.050048828125,1024.3304443359375,1022.5700073242188,1022.9299926757812,34508
2025-02-20 16:15:00+00:00,1023.4149780273438,1023.85498046875,1022.0598754882812,1023.719970703125,26530
2025-02-20 16:20:00+00:00,1023.5750122070312,1025.8699951171875,1022.8300170898438,1022.8300170898438,41862
2025-02-20 16:25:00+00:00,1024.4849853515625,1025.0050048828125,1022.8001098632812,1022.8001098632812,24736
2025-02-20 16:30:00+00:00,1023.080810546875,1025.0,1023.0590209960938,1024.4849853515625,15601
2025-02-20 16:35:00+00:00,1023.5,1024.6099853515625,1021.219970703125,1023.2050170898438,20933
2025-02-20 16:40:00+00:00,1024.530029296875,1025.324951171875,1023.25,1024.31494140625,10244
2025-02-20 16:45:00+00:00,1022.3579711914062,1023.5399780273438,1021.5700073242188,1023.2899780273438,8289
2025-02-20 16:50:00+00:00,1023.360107421875,1024.449951171875,1022.8800048828125,1022.8800048828125,15041
2025-02-20 16:55:00+00:00,1022.7100219726562,1024.0860595703125,1021.8499755859375,1024.0860595703125,35122
2025-02-20 17:00:00+00:00,1023.4298095703125,1024.0,1022.0,1022.89501953125,30763
2025-02-20 17:05:00+00:00,1023.8400268554688,1024.699951171875,1022.97998046875,1023.4249877929688,25058
2025-02-20 17:10:00+00:00,1021.97998046875,1023.8499755859375,1021.0800170898438,1023.844970703125,15116
2025-02-20 17:15:00+00:00,1021.760009765625,1022.0250244140625,1021.0,1022.0250244140625,18257
2025-02-20 17:20:00+00:00,1021.852294921875,1022.7164916992188,1021.6199951171875,1021.6199951171875,25676
2025-02-20 17:25:00+00:00,1020.655029296875,1021.4398803710938,1020.5,1021.0850219726562,9373
2025-02-20 17:30:00+00:00,1021.215576171875,1021.75,1020.2100219726562,1020.5650024414062,19194
2025-02-20 17:35:00+00:00,1020.0399780273438,1022.0,1020.0,1020.7949829101562,27840
2025-02-20 17:40:00+00:00,1022.625,1023.0549926757812,1019.489990234375,1019.5150146484375,45525
2025-02-20 17:45:00+00:00,1021.2750854492188,1022.1500244140625,1020.4299926757812,1022.1500244140625,7780
2025-02-20 17:50:00+00:00,1020.110107421875,1021.614990234375,1020.110107421875,1020.3300170898438,28113
2025-02-20 17:55:00+00:00,1018.9600219726562,1020.447021484375,1018.4000854492188,1020.0,18495
2025-02-20 18:00:00+00:00,1021.9400024414062,1021.9400024414062,1018.4099731445312,1018.4099731445312,34192
2025-02-20 18:05:00+00:00,1019.9686279296875,1022.5,1019.4404296875,1022.22998046875,43677
2025-02-20 18:10:00+00:00,1019.844970703125,1020.489990234375,1019.47998046875,1019.5750122070312,28544
2025-02-20 18:15:00+00:00,1018.4299926757812,1020.4600219726562,1018.4199829101562,1019.22998046875,16894
2025-02-20 18:20:00+00:00,1018.4000244140625,1019.5726928710938,1017.72998046875,1018.5900268554688,31133
2025-02-20 18:25:00+00:00,1017.2899780273438,1019.0,1017.1500244140625,1018.5499877929688,15945
2025-02-20 18:30:00+00:00,1018.219970703125,1018.7899780273438,1017.010009765625,1017.7520141601562,28031
2025-02-20 18:35:00+00:00,1018.739990234375,1019.0399780273438,1017.3400268554688,1018.219970703125,22594
2025-02-20 18:40:00+00:00,1020.0499877929688,1020.0499877929688,1018.0390014648438,1018.739990234375,12770
2025-02-20 18:45:00+00:00,1020.7100219726562,1020.7550048828125,1019.8280029296875,1020.155029296875,13226
2025-02-20 18:50:00+00:00,1021.6400146484375,1022.47998046875,1020.4400024414062,1020.9998779296875,28318
2025-02-20 18:55:00+00:00,1022.5399780273438,1022.780029296875,1021.4000244140625,1021.6400146484375,17598
2025-02-20 19:00:00+00:00,1021.1950073242188,1022.9500122070312,1021.0,1022.3800048828125,15443
2025-02-20 19:05:00+00:00,1020.989990234375,1021.8900146484375,1020.22998046875,1021.6099853515625,14466
2025-02-20 19:10:00+00:00,1023.1300048828125,1023.2379760742188,1020.530029296875,1020.5499877929688,22806
2025-02-20 19:15:00+00:00,1022.3499755859375,1023.1279907226562,1021.7695922851562,1022.8800048828125,20100
2025-02-20 19:20:00+00:00,1023.0,1023.9099731445312,1022.22998046875,1022.7899780273438,23253
2025-02-20 19:25:00+00:00,1022.6900024414062,1022.9349975585938,1022.0399780273438,1022.8900146484375,10840
2025-02-20 19:30:00+00:00,1021.72998046875,1022.6599731445312,1021.5499877929688,1022.4249877929688,16698
2025-02-20 19:35:00+00:00,1020.9600219726562,1022.989990234375,1020.4299926757812,1021.77001953125,33542
2025-02-20 19:40:00+00:00,1022.489990234375,1022.489990234375,1020.217529296875,1020.7492065429688,26811
2025-02-20 19:45:00+00:00,1023.3201293945312,1023.9290771484375,1022.260009765625,1022.260009765625,26768
2025-02-20 19:50:00+00:00,1024.7080078125,1024.93994140625,1023.280029296875,1023.9199829101562,33322
2025-02-20 19:55:00+00:00,1025.1099853515625,1025.68994140625,1024.72998046875,1024.75,34501
2025-02-20 20:00:00+00:00,1026.1121826171875,1026.1121826171875,1024.8499755859375,1024.8499755859375,20837
2025-02-20 20:05:00+00:00,1025.68994140625,1026.300048828125,1025.1600341796875,1025.925048828125,11053
2025-02-20 20:10:00+00:00,1025.0150146484375,1025.6279296875,1024.510009765625,1025.0,14842
2025-02-20 20:15:00+00:00,1025.6453857421875,1025.6800537109375,1024.510009765625,1025.4200439453125,14995
2025-02-20 20:20:00+00:00,1025.530029296875,1026.2099609375,1024.8699951171875,1025.6400146484375,21736
2025-02-20 20:25:00+00:00,1023.7100219726562,1025.260009765625,1023.7100219726562,1025.260009765625,19645
2025-02-20 20:30:00+00:00,1024.510009765625,1024.6600341796875,1023.7401123046875,1023.97998046875,29114
2025-02-20 20:35:00+00:00,1023.4500122070312,1025.25,1023.3800048828125,1024.8900146484375,17321
2025-02-20 20:40:00+00:00,1023.7130126953125,1023.77001953125,1022.4749755859375,1023.4149780273438,23133
2025-02-20 20:45:00+00:00,1023.9600219726562,1023.9600219726562,1022.5001220703125,1023.4400024414062,26348
2025-02-20 20:50:00+00:00,1024.43994140625,1024.989990234375,1022.739990234375,1024.31005859375,78075
2025-02-20 20:55:00+00:00,1024.27001953125,1024.70166015625,1022.35498046875,1024.6600341796875,132662
2025-02-21 14:30:00+00:00,1028.27001953125,1030.12255859375,1023.9201049804688,1028.1199951171875,181038
2025-02-21 14:35:00+00:00,1025.5699462890625,1028.97607421875,1024.1600341796875,1028.02001953125,54027
2025-02-21 14:40:00+00:00,1029.989990234375,1031.8499755859375,1024.0,1025.7650146484375,60503
2025-02-21 14:45:00+00:00,1028.675048828125,1030.9998779296875,1027.887451171875,1029.5799560546875,23821
2025-02-21 14:50:00+00:00,1027.7349853515625,1028.9849853515625,1026.5101318359375,1028.489990234375,35471
2025-02-21 14:55:00+00:00,1028.1800537109375,1028.1800537109375,1026.0699462890625,1027.7349853515625,31920
2025-02-21 15:00:00+00:00,1029.2099609375,1030.6600341796875,1025.199951171875,1026.0699462890625,42864
2025-02-21 15:05:00+00:00,1028.625,1029.5,1026.4000244140625,1028.2049560546875,38233
2025-02-21 15:10:00+00:00,1028.8599853515625,1032.3800048828125,1027.739990234375,1028.5050048828125,51290
2025-02-21 15:15:00+00:00,1028.969970703125,1029.7598876953125,1028.25,1028.9300537109375,25347
2025-02-21 15:20:00+00:00,1024.296142578125,1029.0999755859375,1023.40478515625,1028.969970703125,37057
2025-02-21 15:25:00+00:00,1022.339599609375,1024.9000244140625,1021.6300048828125,1024.7425537109375,39102
2025-02-21 15:30:00+00:00,1021.9400024414062,1023.9580078125,1019.3200073242188,1023.0999755859375,41593
2025-02-21 15:35:00+00:00,1022.655029296875,1023.7999877929688,1020.5701904296875,1020.5701904296875,28996
2025-02-21 15:40:00+00:00,1019.5800170898438,1022.826904296875,1019.5800170898438,1022.60498046875,30311
2025-02-21 15:45:00+00:00,1021.4949951171875,1022.4000244140625,1019.7723999023438,1020.7098999023438,32429
2025-02-21 15:50:00+00:00,1020.5250244140625,1021.469970703125,1020.0499877929688,1021.010009765625,21323
2025-02-21 15:55:00+00:00,1024.550048828125,1024.550048828125,1021.1599731445312,1021.1599731445312,28210
2025-02-21 16:00:00+00:00,1022.9199829101562,1024.8599853515625,1022.6849975585938,1024.5400390625,25301
2025-02-21 16:05:00+00:00,1023.2366943359375,1023.5598754882812,1021.760009765625,1022.530029296875,15970
2025-02-21 16:10:00+00:00,1024.3349609375,1024.699951171875,1021.6599731445312,1022.8699951171875,18121
2025-02-21 16:15:00+00:00,1024.699951171875,1024.93994140625,1023.7999877929688,1024.385009765625,30759
2025-02-21 16:20:00+00:00,1023.6500244140625,1024.75,1023.6281127929688,1024.2950439453125,23722
2025-02-21 16:25:00+00:00,1022.1649780273438,1024.06005859375,1021.6300048828125,1024.06005859375,18979
2025-02-21 16:30:00+00:00,1024.0400390625,1024.337890625,1021.47998046875,1021.72998046875,18884
2025-02-21 16:35:00+00:00,1023.47998046875,1023.9926147460938,1022.72998046875,1023.5800170898438,13059
2025-02-21 16:40:00+00:00,1021.2000122070312,1023.97998046875,1021.2000122070312,1023.47998046875,15299
2025-02-21 16:45:00+00:00,1021.1099853515625,1021.2698974609375,1020.3499755859375,1021.010009765625,24915
2025-02-21 16:50:00+00:00,1018.3200073242188,1020.9600219726562,1018.3200073242188,1020.9600219726562,34661
2025-02-21 16:55:00+00:00,1017.010009765625,1018.7000122070312,1017.010009765625,1018.1099853515625,30157
2025-02-21 17:00:00+00:00,1017.0599975585938,1017.239990234375,1015.5623168945312,1017.010009765625,28256
2025-02-21 17:05:00+00:00,1014.3839111328125,1017.14501953125,1014.2100219726562,1016.8099975585938,20226
2025-02-21 17:10:00+00:00,1013.9299926757812,1014.3900146484375,1012.8099975585938,1014.3599853515625,36269
2025-02-21 17:15:00+00:00,1012.4450073242188,1014.1400146484375,1012.0900268554688,1013.9249877929688,39865
2025-02-21 17:20:00+00:00,1012.844970703125,1013.3800048828125,1010.0999755859375,1012.1900024414062,48147
2025-02-21 17:25:00+00:00,1012.4650268554688,1013.1224975585938,1011.5800170898438,1012.32373046875,44277
2025-02-21 17:30:00+00:00,1010.89501953125,1013.0399780273438,1010.6099853515625,1012.6599731445312,31995
2025-02-21 17:35:00+00:00,1008.4099731445312,1011.9199829101562,1007.27001953125,1010.864990234375,58409
2025-02-21 17:40:00+00:00,1009.3300170898438,1010.5155029296875,1008.02001953125,1008.760009765625,61555
2025-02-21 17:45:00+00:00,1010.405029296875,1010.9400024414062,1008.340087890625,1009.3150024414062,30586
2025-02-21 17:50:00+00:00,1008.9550170898438,1011.4514770507812,1008.9550170898438,1011.12109375,32191
2025-02-21 17:55:00+00:00,1007.0599975585938,1009.989990234375,1005.8350219726562,1009.8544921875,55660
2025-02-21 18:00:00+00:00,1008.5499877929688,1009.2849731445312,1006.8201293945312,1007.8914794921875,58062
2025-02-21 18:05:00+00:00,1007.3499755859375,1009.1005859375,1006.60009765625,1008.9450073242188,40621
2025-02-21 18:10:00+00:00,1006.4749755859375,1008.4199829101562,1005.8739013671875,1007.739990234375,31743
2025-02-21 18:15:00+00:00,1004.3800048828125,1008.0800170898438,1003.1599731445312,1006.5650024414062,54743
2025-02-21 18:20:00+00:00,1008.5391845703125,1008.5391845703125,1004.0,1004.0,45773
2025-02-21 18:25:00+00:00,1007.6950073242188,1010.010009765625,1006.0001220703125,1008.9500122070312,51397
2025-02-21 18:30:00+00:00,1007.4849853515625,1008.169921875,1005.7600708007812,1007.594970703125,35161
2025-02-21 18:35:00+00:00,1008.3150024414062,1010.5078735351562,1006.8499755859375,1007.97998046875,60693
2025-02-21 18:40:00+00:00,1007.219970703125,1008.9598999023438,1006.8001098632812,1008.6090087890625,25645
2025-02-21 18:45:00+00:00,1006.9000244140625,1007.90087890625,1006.6500854492188,1007.219970703125,22984
2025-02-21 18:50:00+00:00,1007.9099731445312,1008.1217041015625,1006.5,1006.9749755859375,30979
2025-02-21 18:55:00+00:00,1006.3800048828125,1008.2999877929688,1005.6699829101562,1008.2999877929688,31995
2025-02-21 19:00:00+00:00,1006.1707763671875,1008.0629272460938,1006.0250244140625,1006.719970703125,22275
2025-02-21 19:05:00+00:00,1007.5750122070312,1008.0399780273438,1006.1400146484375,1006.6699829101562,31645
2025-02-21 19:10:00+00:00,1007.6199951171875,1008.469970703125,1007.0,1007.5399780273438,37518
2025-02-21 19:15:00+00:00,1006.2899780273438,1007.719970703125,1006.2899780273438,1007.655029296875,21373
2025-02-21 19:20:00+00:00,1003.6300048828125,1006.4199829101562,1003.1812744140625,1006.2999877929688,27428
2025-02-21 19:25:00+00:00,1001.5850219726562,1003.6300048828125,1001.0,1003.6300048828125,50444
2025-02-21 19:30:00+00:00,1003.77001953125,1004.9517822265625,1002.0,1002.0,69350
2025-02-21 19:35:00+00:00,1003.2050170898438,1004.0098876953125,1002.3800048828125,1004.0098876953125,32394
2025-02-21 19:40:00+00:00,1003.280029296875,1003.7498779296875,1002.60009765625,1003.3800048828125,37777
2025-02-21 19:45:00+00:00,1003.5,1003.8632202148438,1002.4100952148438,1003.280029296875,34337
2025-02-21 19:50:00+00:00,1004.6099853515625,1006.1699829101562,1003.5,1003.5,44352
2025-02-21 19:55:00+00:00,1004.530029296875,1006.219970703125,1004.4349975585938,1004.97998046875,36159
2025-02-21 20:00:00+00:00,1006.3499145507812,1006.3499145507812,1004.10009765625,1004.4349975585938,26115
2025-02-21 20:05:00+00:00,1004.1500244140625,1006.389892578125,1004.0599975585938,1005.4000244140625,28777
2025-02-21 20:10:00+00:00,1004.8800048828125,1005.9299926757812,1004.0657958984375,1004.1950073242188,42984
2025-02-21 20:15:00+00:00,1005.989990234375,1006.1900024414062,1004.7000122070312,1004.7899780273438,41692
2025-02-21 20:20:00+00:00,1005.3499755859375,1006.2150268554688,1004.760009765625,1005.7150268554688,41558
2025-02-21 20:25:00+00:00,1004.760009765625,1005.780029296875,1004.27392578125,1005.030029296875,28766
2025-02-21 20:30:00+00:00,1004.0800170898438,1005.1799926757812,1003.5700073242188,1005.1799926757812,47764
2025-02-21 20:35:00+00:00,1003.4600219726562,1004.260009765625,1002.4000854492188,1004.0780029296875,48226
2025-02-21 20:40:00+00:00,1002.5430297851562,1004.3198852539062,1002.0900268554688,1003.4099731445312,61410
2025-02-21 20:45:00+00:00,1001.1473999023438,1002.4000244140625,999.3900146484375,1002.0599975585938,81562
2025-02-21 20:50:00+00:00,1002.8800048828125,1003.0900268554688,1000.7550048828125,1001.5399780273438,84768
2025-02-21 20:55:00+00:00,1002.489990234375,1003.77001953125,1001.9600219726562,1003.0999755859375,151253
2025-02-24 14:30:00+00:00,1010.9000244140625,1010.989990234375,1005.0015869140625,1008.0,136236
2025-02-24 14:35:00+00:00,1008.7550048828125,1015.1500244140625,1008.1400146484375,1010.0999755859375,81908
2025-02-24 14:40:00+00:00,1005.4400024414062,1010.3200073242188,1005.2999877929688,1008.7550048828125,77180
2025-02-24 14:45:00+00:00,1003.47998046875,1006.5999755859375,1002.1400146484375,1005.9400024414062,59879
2025-02-24 14:50:00+00:00,997.2650146484375,1004.9600219726562,997.2100219726562,1004.024169921875,72522
2025-02-24 14:55:00+00:00,990.5,997.22998046875,990.0501098632812,997.0,105479
2025-02-24 15:00:00+00:00,988.77001953125,992.0,986.630126953125,991.2000122070312,88667
2025-02-24 15:05:00+00:00,991.2650146484375,992.5086059570312,984.9600830078125,987.9901123046875,84900
2025-02-24 15:10:00+00:00,991.0,992.405029296875,987.6380004882812,991.35498046875,89284
2025-02-24 15:15:00+00:00,989.75,993.7470092773438,988.5499877929688,990.9249877929688,70615
2025-02-24 15:20:00+00:00,992.0,992.7100219726562,988.1400146484375,989.64501953125,46703
2025-02-24 15:25:00+00:00,989.27001953125,993.4000244140625,988.6500244140625,992.6199951171875,47680
2025-02-24 15:30:00+00:00,990.989990234375,991.6199951171875,988.3731079101562,989.375,51279
2025-02-24 15:35:00+00:00,990.7100219726562,992.6749877929688,990.3499755859375,990.3499755859375,38553
2025-02-24 15:40:00+00:00,990.9600219726562,992.5800170898438,988.5,992.5800170898438,32198
2025-02-24 15:45:00+00:00,989.0955200195312,991.1569213867188,986.8499755859375,990.3049926757812,45237
2025-02-24 15:50:00+00:00,987.0,990.3399047851562,986.5300903320312,989.3699951171875,41489
2025-02-24 15:55:00+00:00,988.8099975585938,988.8099975585938,984.52001953125,987.3400268554688,50643
2025-02-24 16:00:00+00:00,990.3829956054688,991.4000244140625,988.0,988.9149780273438,47655
2025-02-24 16:05:00+00:00,993.77001953125,993.77001953125,989.6900024414062,990.2249755859375,51703
2025-02-24 16:10:00+00:00,995.219970703125,995.3699951171875,992.9675903320312,993.5,44530
2025-02-24 16:15:00+00:00,997.0419921875,997.239990234375,994.6500244140625,994.8026733398438,61747
2025-02-24 16:20:00+00:00,996.4849853515625,999.0999145507812,995.6699829101562,997.739990234375,43783
2025-02-24 16:25:00+00:00,998.5599975585938,999.5599975585938,996.6599731445312,997.4299926757812,36912
2025-02-24 16:30:00+00:00,995.6699829101562,999.64990234375,995.6699829101562,998.635009765625,35543
2025-02-24 16:35:00+00:00,995.7080078125,996.97998046875,995.5800170898438,995.6710205078125,37401
2025-02-24 16:40:00+00:00,998.3900146484375,1000.1900024414062,995.5999755859375,996.0250244140625,45426
2025-02-24 16:45:00+00:00,998.97998046875,1000.739990234375,997.780029296875,998.489990234375,33057
2025-02-24 16:50:00+00:00,997.5999755859375,998.6199951171875,997.3250122070312,998.22998046875,24626
2025-02-24 16:55:00+00:00,996.5800170898438,998.0,995.6478271484375,997.5050048828125,11827
2025-02-24 17:00:00+00:00,1000.0,1000.3300170898438,996.2000122070312,996.2000122070312,24224
2025-02-24 17:05:00+00:00,998.6099853515625,1000.9500122070312,997.9801025390625,1000.125,28319
2025-02-24 17:10:00+00:00,997.4400024414062,999.9299926757812,997.0399780273438,998.6099853515625,28589
2025-02-24 17:15:00+00:00,1002.0,1002.0,997.4650268554688,997.489990234375,43781
2025-02-24 17:20:00+00:00,999.0750122070312,1002.0,998.6900024414062,1001.123779296875,25395
2025-02-24 17:25:00+00:00,998.7949829101562,1000.2100219726562,998.3900146484375,999.0800170898438,38727
2025-02-24 17:30:00+00:00,999.0549926757812,1000.3800048828125,998.9600219726562,999.8098754882812,22396
2025-02-24 17:35:00+00:00,1001.47998046875,1001.47998046875,998.7100219726562,999.0700073242188,36297
2025-02-24 17:40:00+00:00,1002.0,1002.219970703125,1000.6699829101562,1000.6699829101562,27953
2025-02-24 17:45:00+00:00,1001.8499755859375,1002.89501953125,1000.97998046875,1002.760009765625,27016
2025-02-24 17:50:00+00:00,999.569580078125,1002.2750244140625,999.569580078125,1002.2750244140625,12851
2025-02-24 17:55:00+00:00,999.64501953125,1000.4400024414062,999.1600952148438,999.4600219726562,19684
2025-02-24 18:00:00+00:00,1000.25,1000.75,999.6799926757812,1000.0,12099
2025-02-24 18:05:00+00:00,1002.0499877929688,1002.7000122070312,1000.7899780273438,1001.25,33606
2025-02-24 18:10:00+00:00,1004.9998779296875,1004.9998779296875,1001.860595703125,1002.052978515625,39971
2025-02-24 18:15:00+00:00,1004.5499877929688,1005.5219116210938,1004.2150268554688,1004.2150268554688,28803
2025-02-24 18:20:00+00:00,1003.9500122070312,1004.564697265625,1003.4320068359375,1004.5501098632812,19638
2025-02-24 18:25:00+00:00,1006.7050170898438,1006.7050170898438,1004.5092163085938,1004.8499755859375,45897
2025-02-24 18:30:00+00:00,1004.0549926757812,1006.7449951171875,1003.6900024414062,1006.7449951171875,31450
2025-02-24 18:35:00+00:00,1003.280029296875,1004.3300170898438,1002.5,1003.6199951171875,28234
2025-02-24 18:40:00+00:00,1003.27001953125,1004.5,1002.1171875,1003.3385009765625,28976
2025-02-24 18:45:00+00:00,1003.64599609375,1004.260009765625,1001.8101196289062,1003.3281860351562,15178
2025-02-24 18:50:00+00:00,1002.8800048828125,1004.219970703125,1002.6699829101562,1003.47998046875,24436
2025-02-24 18:55:00+00:00,1001.5900268554688,1002.8800048828125,1000.9033203125,1002.3599853515625,13498
2025-02-24 19:00:00+00:00,1002.0399780273438,1002.4199829101562,1001.0999755859375,1001.594970703125,28520
2025-02-24 19:05:00+00:00,1001.0650024414062,1002.219970703125,1000.5499877929688,1002.030029296875,11268
2025-02-24 19:10:00+00:00,1001.6400146484375,1001.8099975585938,1000.52001953125,1000.7904052734375,13463
2025-02-24 19:15:00+00:00,1001.7249755859375,1002.7100219726562,1001.39501953125,1001.8049926757812,30775
2025-02-24 19:20:00+00:00,1000.52001953125,1001.7750244140625,1000.52001953125,1001.7750244140625,25030
2025-02-24 19:25:00+00:00,998.4201049804688,1001.0,998.4201049804688,1001.0,21566
2025-02-24 19:30:00+00:00,1000.2575073242188,1000.75,998.0499877929688,998.3200073242188,33083
2025-02-24 19:35:00+00:00,999.1599731445312,1000.5109252929688,999.1599731445312,1000.510009765625,18582
2025-02-24 19:40:00+00:00,999.6699829101562,1000.0399169921875,997.846923828125,999.1900024414062,15857
2025-02-24 19:45:00+00:00,999.5,1000.3300170898438,999.3400268554688,1000.0,21696
2025-02-24 19:50:00+00:00,998.1325073242188,1000.1099853515625,997.6602172851562,999.7150268554688,30268
2025-02-24 19:55:00+00:00,999.0499877929688,999.1900024414062,997.5800170898438,998.030029296875,26095
2025-02-24 20:00:00+00:00,999.3699951171875,999.5349731445312,998.2100219726562,999.5349731445312,18498
2025-02-24 20:05:00+00:00,999.125,999.8599853515625,998.3300170898438,999.2899780273438,31829
2025-02-24 20:10:00+00:00,998.989990234375,999.1900024414062,998.3499755859375,999.0,21242
2025-02-24 20:15:00+00:00,998.3049926757812,999.3400268554688,997.7000122070312,999.25,21178
2025-02-24 20:20:00+00:00,997.6599731445312,998.8400268554688,997.6599731445312,998.2150268554688,57741
2025-02-24 20:25:00+00:00,997.8499755859375,998.239990234375,997.5900268554688,998.0050048828125,50319
2025-02-24 20:30:00+00:00,998.6199951171875,998.739990234375,997.2999877929688,997.9099731445312,49920
2025-02-24 20:35:00+00:00,998.8099975585938,999.7000122070312,998.0,998.6199951171875,37570
2025-02-24 20:40:00+00:00,995.6699829101562,998.614990234375,995.0,998.360107421875,43150
2025-02-24 20:45:00+00:00,996.4400024414062,997.2219848632812,995.6699829101562,995.7100219726562,48634
2025-02-24 20:50:00+00:00,992.0999755859375,996.9899291992188,991.6900024414062,996.0700073242188,109935
2025-02-24 20:55:00+00:00,988.25,992.5,987.9099731445312,991.6099853515625,431904
2025-02-25 14:30:00+00:00,981.0,994.39990234375,976.469970703125,989.6400146484375,192715
2025-02-25 14:35:00+00:00,990.4000244140625,991.8400268554688,984.4500122070312,984.4500122070312,80832
2025-02-25 14:40:00+00:00,984.0001220703125,991.1199951171875,984.0,990.7180786132812,45689
2025-02-25 14:45:00+00:00,984.864990234375,986.9000244140625,983.5283203125,985.1500244140625,52445
2025-02-25 14:50:00+00:00,978.239990234375,985.4500122070312,973.9199829101562,985.3499755859375,107082
2025-02-25 14:55:00+00:00,978.60498046875,981.8300170898438,976.0,978.0,71049
2025-02-25 15:00:00+00:00,973.2000122070312,978.60498046875,970.280029296875,978.60498046875,87275
2025-02-25 15:05:00+00:00,972.1099853515625,975.0,971.1599731445312,972.5900268554688,82653
2025-02-25 15:10:00+00:00,965.7000122070312,974.0,965.5999755859375,973.3499755859375,109603
2025-02-25 15:15:00+00:00,961.426025390625,969.5999755859375,961.426025390625,966.989990234375,100750
2025-02-25 15:20:00+00:00,960.5599975585938,964.5899047851562,959.5700073242188,960.8599853515625,131586
2025-02-25 15:25:00+00:00,959.25,964.6199951171875,958.655029296875,961.8099975585938,85995
2025-02-25 15:30:00+00:00,961.02001953125,961.9450073242188,959.0,959.0,70004
2025-02-25 15:35:00+00:00,966.1599731445312,967.7327880859375,960.6199951171875,961.75,98521
2025-02-25 15:40:00+00:00,963.2550048828125,966.9199829101562,962.5,966.7000122070312,65247
2025-02-25 15:45:00+00:00,966.9000244140625,967.14501953125,963.4400024414062,964.719970703125,55708
2025-02-25 15:50:00+00:00,968.989990234375,971.0081787109375,966.3583984375,967.603515625,61309
2025-02-25 15:55:00+00:00,964.9650268554688,968.8400268554688,964.3400268554688,968.8400268554688,39078
2025-02-25 16:00:00+00:00,958.3699951171875,964.7999267578125,958.3699951171875,964.7999267578125,57932
2025-02-25 16:05:00+00:00,960.530029296875,962.3261108398438,956.4500122070312,958.3031005859375,87643
2025-02-25 16:10:00+00:00,961.489990234375,963.0,960.010009765625,960.7550048828125,80328
2025-02-25 16:15:00+00:00,961.3300170898438,963.2550048828125,960.4099731445312,961.8900146484375,76391
2025-02-25 16:20:00+00:00,962.31787109375,962.5,959.3150024414062,961.3300170898438,86222
2025-02-25 16:25:00+00:00,958.2100219726562,962.5700073242188,956.4400024414062,962.5,98626
2025-02-25 16:30:00+00:00,959.780029296875,960.52001953125,955.0,957.3300170898438,88355
2025-02-25 16:35:00+00:00,959.239990234375,961.1199951171875,957.0999755859375,960.6300048828125,56734
2025-02-25 16:40:00+00:00,960.3499755859375,960.9600219726562,958.4000244140625,959.239990234375,49438
2025-02-25 16:45:00+00:00,961.8099975585938,962.7949829101562,960.0100708007812,961.2763061523438,45900
2025-02-25 16:50:00+00:00,962.0999755859375,963.35107421875,960.0499877929688,961.5800170898438,41577
2025-02-25 16:55:00+00:00,963.1099853515625,964.9400024414062,961.5,962.0999755859375,65477
2025-02-25 17:00:00+00:00,960.4500122070312,963.4000244140625,960.4500122070312,962.6799926757812,41518
2025-02-25 17:05:00+00:00,961.1400146484375,962.1599731445312,960.0,960.25,56964
2025-02-25 17:10:00+00:00,961.2349853515625,963.2000122070312,960.8599853515625,961.8599853515625,47536
2025-02-25 17:15:00+00:00,961.375,962.1799926757812,960.5999755859375,961.2349853515625,32208
2025-02-25 17:20:00+00:00,962.75,962.75,959.4432983398438,961.375,83496
2025-02-25 17:25:00+00:00,968.0,968.0,961.8248901367188,962.8499755859375,58984
2025-02-25 17:30:00+00:00,965.8499755859375,968.0,965.2000122070312,967.322509765625,25721
2025-02-25 17:35:00+00:00,967.25,967.5,965.85498046875,965.9749755859375,25953
2025-02-25 17:40:00+00:00,969.9948120117188,970.719970703125,966.6099853515625,967.25,55096
2025-02-25 17:45:00+00:00,970.4400024414062,971.719970703125,970.052001953125,970.4450073242188,46108
2025-02-25 17:50:00+00:00,970.0750122070312,971.7498779296875,969.9503173828125,970.4157104492188,42017
2025-02-25 17:55:00+00:00,968.6849975585938,970.0499877929688,967.5700073242188,969.7000122070312,48300
2025-02-25 18:00:00+00:00,969.5549926757812,970.3699951171875,968.6849975585938,968.6900024414062,35734
2025-02-25 18:05:00+00:00,971.7050170898438,972.9998779296875,969.1134033203125,969.1134033203125,52351
2025-02-25 18:10:00+00:00,970.8400268554688,973.0050048828125,970.8400268554688,971.6599731445312,27195
2025-02-25 18:15:00+00:00,971.3499755859375,972.836181640625,970.5599975585938,971.0499877929688,29884
2025-02-25 18:20:00+00:00,974.4299926757812,974.5800170898438,971.01318359375,971.739990234375,35887
2025-02-25 18:25:00+00:00,970.989990234375,974.364990234375,970.989990234375,974.3300170898438,19938
2025-02-25 18:30:00+00:00,972.5599975585938,972.9099731445312,970.5,970.9879760742188,18380
2025-02-25 18:35:00+00:00,975.1400146484375,975.7199096679688,971.6574096679688,972.239990234375,58703
2025-02-25 18:40:00+00:00,974.1300048828125,976.239990234375,973.5,975.6199951171875,30879
2025-02-25 18:45:00+00:00,973.8499755859375,975.1937866210938,973.030029296875,974.1300048828125,17129
2025-02-25 18:50:00+00:00,973.4299926757812,975.7000122070312,973.010009765625,974.4099731445312,23608
2025-02-25 18:55:00+00:00,972.844970703125,973.8400268554688,972.02001953125,973.4099731445312,26119
2025-02-25 19:00:00+00:00,972.5850219726562,973.0316162109375,971.5399780273438,972.8800048828125,28329
2025-02-25 19:05:00+00:00,973.0750122070312,974.2796020507812,972.72998046875,972.97998046875,33126
2025-02-25 19:10:00+00:00,971.6439819335938,974.0399780273438,971.5,972.9450073242188,29696
2025-02-25 19:15:00+00:00,972.3049926757812,972.9998779296875,970.4801025390625,971.1400146484375,40425
2025-02-25 19:20:00+00:00,972.5449829101562,972.97998046875,971.3599853515625,972.0549926757812,26557
2025-02-25 19:25:00+00:00,972.7449951171875,974.4362182617188,971.6500244140625,972.5449829101562,32392
2025-02-25 19:30:00+00:00,973.155029296875,973.9099731445312,971.030029296875,972.010009765625,36932
2025-02-25 19:35:00+00:00,976.489990234375,976.489990234375,972.0499877929688,973.2000122070312,27265
2025-02-25 19:40:00+00:00,976.0601196289062,978.57568359375,975.5,975.8599853515625,32272
2025-02-25 19:45:00+00:00,977.0399780273438,977.22998046875,974.340087890625,977.22998046875,13966
2025-02-25 19:50:00+00:00,976.2349853515625,977.260009765625,975.7999877929688,977.260009765625,8505
2025-02-25 19:55:00+00:00,975.4000244140625,976.77001953125,974.8400268554688,976.77001953125,13722
2025-02-25 20:00:00+00:00,977.0098876953125,977.0098876953125,974.8599853515625,975.5,18199
2025-02-25 20:05:00+00:00,976.8499755859375,977.9099731445312,975.9500122070312,976.5599975585938,25987
2025-02-25 20:10:00+00:00,976.2000122070312,977.25,975.4000854492188,976.3109741210938,18144
2025-02-25 20:15:00+00:00,977.0349731445312,977.260009765625,974.719970703125,976.530029296875,20204
2025-02-25 20:20:00+00:00,978.6284790039062,979.6799926757812,976.33642578125,976.4620971679688,46021
2025-02-25 20:25:00+00:00,978.8800048828125,979.3900146484375,977.0,978.739990234375,30668
2025-02-25 20:30:00+00:00,977.530029296875,979.280029296875,977.3900146484375,979.280029296875,33368
2025-02-25 20:35:00+00:00,977.5449829101562,979.1254272460938,976.7899780273438,978.3099975585938,34256
2025-02-25 20:40:00+00:00,977.5,978.4901123046875,976.8200073242188,977.1599731445312,38248
2025-02-25 20:45:00+00:00,977.7449951171875,978.3400268554688,976.5999755859375,977.5,38013
2025-02-25 20:50:00+00:00,975.3300170898438,977.1500244140625,974.1099853515625,977.1500244140625,81802
2025-02-25 20:55:00+00:00,977.0800170898438,978.4600219726562,974.469970703125,974.8699951171875,133151
2025-02-26 14:30:00+00:00,983.0499877929688,985.4194946289062,976.9000244140625,977.0,160906
2025-02-26 14:35:00+00:00,987.5700073242188,989.5299072265625,980.8900146484375,983.3300170898438,92116
2025-02-26 14:40:00+00:00,983.943115234375,987.9099731445312,980.1588134765625,987.9099731445312,68228
2025-02-26 14:45:00+00:00,990.0,990.0,984.3800048828125,984.3800048828125,72493
2025-02-26 14:50:00+00:00,993.9299926757812,995.3200073242188,990.0850219726562,990.3599853515625,98948
2025-02-26 14:55:00+00:00,992.3699951171875,994.3800048828125,989.8699951171875,993.9299926757812,51371
2025-02-26 15:00:00+00:00,993.0,994.9500122070312,991.5,993.1199951171875,69353
2025-02-26 15:05:00+00:00,991.7000122070312,993.3015747070312,988.4249877929688,992.9749755859375,72153
2025-02-26 15:10:00+00:00,993.5700073242188,994.1400146484375,990.6500244140625,992.5999755859375,75123
2025-02-26 15:15:00+00:00,996.64599609375,997.4000244140625,993.2899780273438,993.5700073242188,71123
2025-02-26 15:20:00+00:00,997.7907104492188,999.760009765625,995.59228515625,996.6400146484375,87337
2025-02-26 15:25:00+00:00,993.2999877929688,998.8798828125,992.1099853515625,997.0650024414062,49737
2025-02-26 15:30:00+00:00,996.6793212890625,996.8099975585938,993.3099975585938,993.3099975585938,45463
2025-02-26 15:35:00+00:00,994.9949951171875,998.0999755859375,994.25,996.0,51057
2025-02-26 15:40:00+00:00,995.5549926757812,996.8599853515625,994.0499877929688,994.0499877929688,47419
2025-02-26 15:45:00+00:00,993.9199829101562,996.0,993.9199829101562,995.5549926757812,27849
2025-02-26 15:50:00+00:00,992.9500122070312,995.2000122070312,991.3499755859375,993.8499755859375,50936
2025-02-26 15:55:00+00:00,994.3250122070312,995.2050170898438,991.594970703125,992.1300048828125,32080
2025-02-26 16:00:00+00:00,995.7999877929688,996.119873046875,993.3300170898438,994.4600219726562,46338
2025-02-26 16:05:00+00:00,995.4265747070312,996.8400268554688,994.5,995.8400268554688,32241
2025-02-26 16:10:00+00:00,997.6599731445312,998.3251953125,995.5999755859375,995.5999755859375,91756
2025-02-26 16:15:00+00:00,996.8400268554688,998.0,995.635009765625,997.3900146484375,28287
2025-02-26 16:20:00+00:00,997.4550170898438,998.47998046875,996.3499755859375,997.6199951171875,33013
2025-02-26 16:25:00+00:00,995.8599853515625,998.1900024414062,995.8200073242188,997.72998046875,25172
2025-02-26 16:30:00+00:00,996.5050048828125,996.889892578125,994.6721801757812,996.35498046875,39320
2025-02-26 16:35:00+00:00,997.155029296875,997.7999877929688,996.030029296875,996.5700073242188,37358
2025-02-26 16:40:00+00:00,997.010009765625,997.1990966796875,995.4299926757812,997.1500244140625,29083
2025-02-26 16:45:00+00:00,997.780029296875,998.64208984375,996.51611328125,997.9998779296875,36714
2025-02-26 16:50:00+00:00,1000.2899780273438,1000.8900146484375,997.7849731445312,997.7849731445312,46139
2025-02-26 16:55:00+00:00,996.0,1000.260009765625,995.5650024414062,1000.0549926757812,18617
2025-02-26 17:00:00+00:00,998.0,998.27001953125,995.0,996.2786254882812,29762
2025-02-26 17:05:00+00:00,1000.0150146484375,1000.8900146484375,998.0599975585938,998.5,37566
2025-02-26 17:10:00+00:00,1000.260009765625,1000.7352294921875,999.3400268554688,999.655029296875,21898
2025-02-26 17:15:00+00:00,998.5,1000.780029296875,997.8499755859375,1000.75,23772
2025-02-26 17:20:00+00:00,998.0,999.253173828125,997.6599731445312,998.5,19112
2025-02-26 17:25:00+00:00,997.6300048828125,998.02001953125,996.8400268554688,997.9949951171875,16768
2025-02-26 17:30:00+00:00,998.7199096679688,998.8438110351562,996.7037963867188,997.6300048828125,30688
2025-02-26 17:35:00+00:00,996.3048095703125,997.6599731445312,996.0,997.1900024414062,20532
2025-02-26 17:40:00+00:00,995.989990234375,996.419921875,994.8499755859375,995.7000122070312,35801
2025-02-26 17:45:00+00:00,995.8099975585938,996.77001953125,995.0999755859375,995.5601196289062,25403
2025-02-26 17:50:00+00:00,993.0599975585938,995.8599853515625,992.780029296875,995.0999755859375,25458
2025-02-26 17:55:00+00:00,990.010009765625,993.469970703125,990.010009765625,993.2369995117188,29722
2025-02-26 18:00:00+00:00,989.2100219726562,991.0800170898438,987.885009765625,991.0800170898438,47272
2025-02-26 18:05:00+00:00,989.739990234375,989.760009765625,987.52001953125,989.2100219726562,33261
2025-02-26 18:10:00+00:00,988.239990234375,990.1193237304688,988.239990234375,989.9600219726562,26083
2025-02-26 18:15:00+00:00,987.87548828125,988.4149780273438,986.010009765625,988.239990234375,27570
2025-02-26 18:20:00+00:00,988.0,989.5800170898438,988.0,988.0800170898438,27584
2025-02-26 18:25:00+00:00,986.614990234375,989.0399169921875,986.614990234375,988.52001953125,18808
2025-02-26 18:30:00+00:00,989.2150268554688,989.5700073242188,986.1226196289062,986.6514892578125,37707
2025-02-26 18:35:00+00:00,988.4199829101562,990.5349731445312,988.4199829101562,989.5700073242188,25153
2025-02-26 18:40:00+00:00,987.47998046875,988.25,986.7999877929688,988.0800170898438,20693
2025-02-26 18:45:00+00:00,987.7000122070312,990.0,987.4199829101562,988.265625,30493
2025-02-26 18:50:00+00:00,988.6796264648438,988.8900146484375,987.030029296875,987.3599853515625,25431
2025-02-26 18:55:00+00:00,986.1599731445312,988.8599853515625,985.3201293945312,988.155029296875,35879
2025-02-26 19:00:00+00:00,986.39501953125,987.5999755859375,985.3599853515625,986.3035888671875,28273
2025-02-26 19:05:00+00:00,986.1199951171875,986.7393798828125,985.2807006835938,986.39501953125,16878
2025-02-26 19:10:00+00:00,987.1500244140625,988.0,986.135009765625,986.135009765625,33404
2025-02-26 19:15:00+00:00,987.72998046875,987.72998046875,985.7750244140625,987.1500244140625,32240
2025-02-26 19:20:00+00:00,987.2899780273438,989.3399047851562,987.27001953125,987.8699951171875,32539
2025-02-26 19:25:00+00:00,987.0499877929688,988.7484130859375,986.6199951171875,988.7484130859375,13830
2025-02-26 19:30:00+00:00,988.4799194335938,988.6300048828125,986.530029296875,986.6900024414062,27759
2025-02-26 19:35:00+00:00,988.8200073242188,988.8200073242188,986.9801025390625,987.8699951171875,24674
2025-02-26 19:40:00+00:00,989.4500122070312,989.77001953125,988.4600219726562,988.49658203125,27089
2025-02-26 19:45:00+00:00,988.9749755859375,989.989990234375,988.8900146484375,989.3099975585938,23945
2025-02-26 19:50:00+00:00,988.7999877929688,989.5900268554688,988.4400024414062,988.989990234375,9368
2025-02-26 19:55:00+00:00,986.1823120117188,988.6199951171875,985.5599975585938,988.6199951171875,19391
2025-02-26 20:00:00+00:00,985.7291870117188,986.780029296875,985.52001953125,985.875,20642
2025-02-26 20:05:00+00:00,986.4749755859375,987.2689819335938,985.7849731445312,985.7849731445312,28512
2025-02-26 20:10:00+00:00,986.0405883789062,986.7899780273438,985.0,986.4749755859375,28635
2025-02-26 20:15:00+00:00,988.6300048828125,988.6300048828125,986.0599975585938,986.0599975585938,19161
2025-02-26 20:20:00+00:00,990.0565185546875,990.0565185546875,987.4801025390625,988.219970703125,11934
2025-02-26 20:25:00+00:00,989.7000122070312,990.5,989.3800048828125,989.6900024414062,14114
2025-02-26 20:30:00+00:00,989.385009765625,990.2899780273438,988.8900146484375,989.4400024414062,17740
2025-02-26 20:35:00+00:00,990.1389770507812,990.1400146484375,988.97998046875,989.3900146484375,20622
2025-02-26 20:40:00+00:00,991.5822143554688,991.780029296875,989.1400146484375,989.9000244140625,27737
2025-02-26 20:45:00+00:00,991.6599731445312,992.969970703125,991.239990234375,991.4600219726562,29176
2025-02-26 20:50:00+00:00,991.8900146484375,992.27001953125,990.0499877929688,992.27001953125,61580
2025-02-26 20:55:00+00:00,989.739990234375,991.47998046875,988.719970703125,991.47998046875,98263
2025-02-27 14:30:00+00:00,996.9500122070312,1000.7255249023438,994.47998046875,995.0,143040
2025-02-27 14:35:00+00:00,995.9099731445312,998.1627807617188,994.969970703125,997.3994750976562,77057
2025-02-27 14:40:00+00:00,988.5399780273438,996.3300170898438,987.864990234375,996.1300048828125,98153
2025-02-27 14:45:00+00:00,986.469970703125,992.1900024414062,985.6400146484375,988.52001953125,80333
2025-02-27 14:50:00+00:00,981.9500122070312,987.3200073242188,980.1605834960938,987.3200073242188,74864
2025-02-27 14:55:00+00:00,977.2349853515625,980.72802734375,975.0,980.72802734375,100979
2025-02-27 15:00:00+00:00,974.4600219726562,977.6300048828125,971.72998046875,976.1950073242188,82063
2025-02-27 15:05:00+00:00,974.6749877929688,977.5,972.22998046875,974.5,71489
2025-02-27 15:10:00+00:00,979.198974609375,980.5718994140625,975.27001953125,975.3800048828125,58103
2025-02-27 15:15:00+00:00,982.9400024414062,982.955078125,979.0999755859375,979.1649780273438,65188
2025-02-27 15:20:00+00:00,983.8599853515625,987.0,981.1959838867188,982.8800048828125,69382
2025-02-27 15:25:00+00:00,983.4979858398438,985.4500122070312,982.4400024414062,982.5800170898438,53134
2025-02-27 15:30:00+00:00,980.927978515625,983.5900268554688,979.3699951171875,983.5,36987
2025-02-27 15:35:00+00:00,983.02001953125,984.489990234375,979.8800048828125,980.6799926757812,47716
2025-02-27 15:40:00+00:00,983.0125732421875,983.239990234375,981.0260009765625,983.239990234375,39989
2025-02-27 15:45:00+00:00,981.8699951171875,983.1099853515625,980.530029296875,981.280029296875,34632
2025-02-27 15:50:00+00:00,979.4000244140625,981.898193359375,978.7000122070312,981.8900146484375,25182
2025-02-27 15:55:00+00:00,978.4600219726562,979.97998046875,977.9099731445312,979.344970703125,33978
2025-02-27 16:00:00+00:00,977.8200073242188,979.5999755859375,977.2550048828125,978.4600219726562,36382
2025-02-27 16:05:00+00:00,979.6900024414062,979.9099731445312,977.739990234375,977.8200073242188,56929
2025-02-27 16:10:00+00:00,986.2100219726562,986.2150268554688,979.6900024414062,979.6900024414062,54490
2025-02-27 16:15:00+00:00,987.75,989.6900024414062,985.8300170898438,986.260009765625,49662
2025-02-27 16:20:00+00:00,989.6998901367188,989.6998901367188,987.7683715820312,988.4400024414062,36299
2025-02-27 16:25:00+00:00,985.739990234375,988.9400024414062,984.8760986328125,988.9099731445312,23701
2025-02-27 16:30:00+00:00,986.47998046875,986.9500122070312,985.0499877929688,985.739990234375,22411
2025-02-27 16:35:00+00:00,987.030029296875,987.5026245117188,985.5599975585938,986.7050170898438,27104
2025-02-27 16:40:00+00:00,986.364990234375,987.7135009765625,985.6099853515625,987.4500122070312,21750
2025-02-27 16:45:00+00:00,986.0850219726562,986.9099731445312,985.5599975585938,986.6400146484375,7944
2025-02-27 16:50:00+00:00,984.2999877929688,985.8499755859375,983.8599853515625,985.8499755859375,11882
2025-02-27 16:55:00+00:00,983.0665283203125,984.6256713867188,982.969970703125,983.8499755859375,14975
2025-02-27 17:00:00+00:00,984.0399780273438,984.6998901367188,983.4299926757812,984.6998901367188,22228
2025-02-27 17:05:00+00:00,985.2783813476562,985.2783813476562,982.6500244140625,984.25,16573
2025-02-27 17:10:00+00:00,984.4500122070312,985.1400146484375,983.4199829101562,984.0499877929688,19400
2025-02-27 17:15:00+00:00,983.47998046875,984.7999877929688,981.97998046875,984.7999877929688,16392
2025-02-27 17:20:00+00:00,986.0010986328125,986.0010986328125,982.75,982.989990234375,21773
2025-02-27 17:25:00+00:00,986.348388671875,986.348388671875,985.1500244140625,985.219970703125,12775
2025-02-27 17:30:00+00:00,987.1599731445312,987.8699951171875,986.4600219726562,987.6799926757812,9571
2025-02-27 17:35:00+00:00,986.77001953125,987.8399047851562,986.77001953125,987.8399047851562,9917
2025-02-27 17:40:00+00:00,983.97998046875,986.2899780273438,983.489990234375,986.1900024414062,12057
2025-02-27 17:45:00+00:00,984.3099975585938,984.875,983.9644165039062,983.9644165039062,14412
2025-02-27 17:50:00+00:00,984.1199951171875,985.0,983.5850219726562,983.8499755859375,15238
2025-02-27 17:55:00+00:00,983.9949951171875,984.6353759765625,982.6799926757812,984.6209106445312,14820
2025-02-27 18:00:00+00:00,984.6300048828125,985.8580932617188,984.14501953125,984.14501953125,22188
2025-02-27 18:05:00+00:00,984.6649780273438,985.4002075195312,983.832275390625,984.5150146484375,22501
2025-02-27 18:10:00+00:00,987.010009765625,988.0,984.6649780273438,984.6649780273438,21265
2025-02-27 18:15:00+00:00,986.1295166015625,987.780517578125,986.1295166015625,987.4199829101562,11726
2025-02-27 18:20:00+00:00,987.9724731445312,988.0800170898438,986.0,986.0,22213
2025-02-27 18:25:00+00:00,987.7349853515625,988.530029296875,986.9400024414062,987.9550170898438,17637
2025-02-27 18:30:00+00:00,986.8599853515625,988.5169067382812,986.6600952148438,987.7349853515625,14336
2025-02-27 18:35:00+00:00,986.9299926757812,987.3900146484375,985.6199951171875,987.2999877929688,16945
2025-02-27 18:40:00+00:00,986.0,987.3900146484375,985.2800903320312,987.3900146484375,9993
2025-02-27 18:45:00+00:00,985.7650146484375,986.30810546875,985.0128173828125,986.30810546875,8074
2025-02-27 18:50:00+00:00,986.280029296875,986.280029296875,984.5999755859375,985.0,7868
2025-02-27 18:55:00+00:00,985.094970703125,986.5399780273438,985.094970703125,986.2449951171875,10517
2025-02-27 19:00:00+00:00,983.97998046875,984.6900024414062,983.969970703125,984.0,5879
2025-02-27 19:05:00+00:00,981.510009765625,984.2039184570312,981.510009765625,983.9400024414062,12153
2025-02-27 19:10:00+00:00,980.135009765625,981.75,979.7750244140625,981.75,32273
2025-02-27 19:15:00+00:00,977.3582763671875,979.3931884765625,976.5999755859375,979.0900268554688,31325
2025-02-27 19:20:00+00:00,974.35498046875,977.6500244140625,974.35498046875,977.64501953125,29714
2025-02-27 19:25:00+00:00,973.2899780273438,974.7100219726562,973.0,974.3400268554688,35235
2025-02-27 19:30:00+00:00,969.9998779296875,973.5,968.010009765625,973.5,59618
2025-02-27 19:35:00+00:00,970.2999877929688,972.6032104492188,969.0999755859375,969.2050170898438,50694
2025-02-27 19:40:00+00:00,968.97509765625,971.1607055664062,968.1701049804688,970.2999877929688,48791
2025-02-27 19:45:00+00:00,969.4249877929688,971.7598876953125,968.72998046875,970.0499877929688,44273
2025-02-27 19:50:00+00:00,970.25,971.4199829101562,968.02001953125,969.4349975585938,44737
2025-02-27 19:55:00+00:00,970.7650146484375,971.5499877929688,969.739990234375,970.4000244140625,36484
2025-02-27 20:00:00+00:00,967.0596923828125,971.1215209960938,966.5499877929688,970.77001953125,45453
2025-02-27 20:05:00+00:00,965.6599731445312,967.7650146484375,965.47998046875,967.1500244140625,60933
2025-02-27 20:10:00+00:00,965.2849731445312,966.989990234375,964.0,966.989990234375,54325
2025-02-27 20:15:00+00:00,963.22998046875,966.239990234375,962.6099853515625,965.7100219726562,73569
2025-02-27 20:20:00+00:00,965.135009765625,965.9998779296875,962.4299926757812,963.030029296875,79800
2025-02-27 20:25:00+00:00,963.4000244140625,966.6123046875,962.52001953125,965.5999755859375,74343
2025-02-27 20:30:00+00:00,964.8200073242188,966.969970703125,964.219970703125,964.4650268554688,57850
2025-02-27 20:35:00+00:00,965.0,967.6959838867188,964.840087890625,965.6920776367188,45047
2025-02-27 20:40:00+00:00,964.2999877929688,966.52001953125,964.22998046875,965.0449829101562,38898
2025-02-27 20:45:00+00:00,965.0,965.719970703125,963.47998046875,964.2899780273438,41985
2025-02-27 20:50:00+00:00,962.7999877929688,967.389892578125,962.5900268554688,964.510009765625,92851
2025-02-27 20:55:00+00:00,962.8499755859375,964.6799926757812,961.9000244140625,963.5700073242188,206366
2025-02-28 14:30:00+00:00,958.1699829101562,969.5999755859375,958.1699829101562,969.5599975585938,161302
2025-02-28 14:35:00+00:00,967.1199951171875,968.7999877929688,959.6300048828125,959.6300048828125,79425
2025-02-28 14:40:00+00:00,965.2999877929688,968.7998046875,963.5625,967.0399780273438,77472
2025-02-28 14:45:00+00:00,964.77001953125,966.989990234375,963.0277709960938,966.3150024414062,53920
2025-02-28 14:50:00+00:00,966.31591796875,968.219970703125,964.3099975585938,964.8499755859375,52430
2025-02-28 14:55:00+00:00,966.35498046875,966.9097900390625,963.0,966.010009765625,57826
2025-02-28 15:00:00+00:00,966.8900146484375,969.5999755859375,963.010009765625,965.72998046875,62013
2025-02-28 15:05:00+00:00,968.135009765625,969.3400268554688,965.2849731445312,966.1799926757812,52601
2025-02-28 15:10:00+00:00,970.9550170898438,971.7999267578125,966.8314819335938,968.135009765625,59524
2025-02-28 15:15:00+00:00,970.7650146484375,971.97998046875,967.5599975585938,971.1849975585938,58855
2025-02-28 15:20:00+00:00,971.9000244140625,972.280029296875,968.7150268554688,970.7650146484375,62950
2025-02-28 15:25:00+00:00,976.4400024414062,976.6300048828125,971.9000244140625,971.9000244140625,73893
2025-02-28 15:30:00+00:00,975.4199829101562,976.4500122070312,973.7999877929688,975.97998046875,54993
2025-02-28 15:35:00+00:00,973.52001953125,976.405029296875,973.0399780273438,975.7999877929688,47198
2025-02-28 15:40:00+00:00,974.97998046875,975.9400024414062,972.4199829101562,973.3864135742188,41996
2025-02-28 15:45:00+00:00,974.7000122070312,977.489990234375,974.280029296875,974.923095703125,67249
2025-02-28 15:50:00+00:00,978.1599731445312,979.2899780273438,974.7000122070312,974.7000122070312,51750
2025-02-28 15:55:00+00:00,978.5999755859375,979.2999877929688,976.9249877929688,977.7650146484375,33159
2025-02-28 16:00:00+00:00,977.0150146484375,979.5999755859375,976.8499755859375,978.6300048828125,41805
2025-02-28 16:05:00+00:00,975.2982788085938,978.3250122070312,974.5750122070312,977.0150146484375,30616
2025-02-28 16:10:00+00:00,972.739990234375,975.7144165039062,972.2100219726562,974.77001953125,36831
2025-02-28 16:15:00+00:00,971.0399780273438,972.9959716796875,969.4500122070312,972.5999755859375,58393
2025-02-28 16:20:00+00:00,970.1300048828125,973.0650024414062,970.02001953125,972.3200073242188,31103
2025-02-28 16:25:00+00:00,968.5499877929688,972.010009765625,967.9201049804688,972.010009765625,23414
2025-02-28 16:30:00+00:00,970.6699829101562,971.219970703125,967.6099853515625,967.9299926757812,32366
2025-02-28 16:35:00+00:00,970.1950073242188,971.5700073242188,970.0,970.6699829101562,25684
2025-02-28 16:40:00+00:00,974.4949951171875,974.8800048828125,970.2949829101562,970.9249877929688,24859
2025-02-28 16:45:00+00:00,974.3300170898438,975.6199951171875,973.7899780273438,974.4949951171875,20410
2025-02-28 16:50:00+00:00,974.5999755859375,975.0549926757812,972.760009765625,974.7750244140625,18039
2025-02-28 16:55:00+00:00,972.6619873046875,974.60498046875,972.344970703125,974.60498046875,17615
2025-02-28 17:00:00+00:00,972.4550170898438,973.52001953125,972.02001953125,972.6599731445312,16097
2025-02-28 17:05:00+00:00,972.89208984375,973.7899780273438,971.5010986328125,972.0,24092
2025-02-28 17:10:00+00:00,974.3690185546875,974.7999877929688,972.5700073242188,973.1849975585938,13994
2025-02-28 17:15:00+00:00,976.2449951171875,976.2449951171875,973.530029296875,973.72998046875,23491
2025-02-28 17:20:00+00:00,973.1591186523438,977.0198974609375,972.1699829101562,976.0900268554688,21467
2025-02-28 17:25:00+00:00,972.7949829101562,974.0,972.22998046875,973.405029296875,28883
2025-02-28 17:30:00+00:00,972.4550170898438,973.9998779296875,972.2000122070312,972.9650268554688,14592
2025-02-28 17:35:00+00:00,973.72998046875,974.8099975585938,972.2000122070312,972.5650024414062,23112
2025-02-28 17:40:00+00:00,970.3499755859375,973.72998046875,969.8300170898438,973.72998046875,38044
2025-02-28 17:45:00+00:00,967.9299926757812,971.6799926757812,967.9299926757812,970.0150146484375,32516
2025-02-28 17:50:00+00:00,969.47998046875,970.8930053710938,966.9400024414062,967.8900146484375,43253
2025-02-28 17:55:00+00:00,966.7000122070312,969.1300048828125,966.1900024414062,969.1300048828125,29132
2025-02-28 18:00:00+00:00,965.6699829101562,967.5900268554688,965.2899780273438,965.75,33014
2025-02-28 18:05:00+00:00,965.97119140625,966.75,965.0601196289062,965.6699829101562,28925
2025-02-28 18:10:00+00:00,964.844970703125,965.8460083007812,963.8599853515625,965.0700073242188,40628
2025-02-28 18:15:00+00:00,964.260009765625,967.0,962.52001953125,965.3200073242188,35386
2025-02-28 18:20:00+00:00,965.1397705078125,965.3400268554688,963.5800170898438,964.0878295898438,28527
2025-02-28 18:25:00+00:00,968.8823852539062,968.9000244140625,963.8099975585938,964.3699951171875,33727
2025-02-28 18:30:00+00:00,968.7600708007812,969.9652099609375,967.3200073242188,968.4650268554688,27750
2025-02-28 18:35:00+00:00,970.3101196289062,971.760009765625,968.8599853515625,969.6500244140625,24660
2025-02-28 18:40:00+00:00,973.89501953125,974.260009765625,970.5401000976562,971.6749877929688,35458
2025-02-28 18:45:00+00:00,972.7849731445312,973.7550048828125,971.2371826171875,973.5571899414062,27355
2025-02-28 18:50:00+00:00,973.8699951171875,974.846923828125,972.3400268554688,972.9400024414062,34368
2025-02-28 18:55:00+00:00,968.9299926757812,973.6834106445312,968.3099975585938,973.6834106445312,29238
2025-02-28 19:00:00+00:00,970.52001953125,972.1749267578125,968.875,968.875,28984
2025-02-28 19:05:00+00:00,969.969970703125,971.3200073242188,969.530029296875,970.8900146484375,26830
2025-02-28 19:10:00+00:00,969.135009765625,970.4600219726562,968.6799926757812,970.2899780273438,21893
2025-02-28 19:15:00+00:00,972.3300170898438,972.489990234375,969.3599853515625,969.3599853515625,27059
2025-02-28 19:20:00+00:00,971.47802734375,973.0999755859375,970.3200073242188,972.64501953125,37750
2025-02-28 19:25:00+00:00,972.3400268554688,972.7899780273438,971.9199829101562,972.2999877929688,11274
2025-02-28 19:30:00+00:00,973.4600219726562,974.2949829101562,971.77001953125,971.9199829101562,23910
2025-02-28 19:35:00+00:00,976.5280151367188,976.9398803710938,973.030029296875,973.1599731445312,38049
2025-02-28 19:40:00+00:00,976.880126953125,978.5,975.9600219726562,976.5280151367188,29847
2025-02-28 19:45:00+00:00,977.1500244140625,978.2999877929688,976.2999877929688,977.489990234375,20102
2025-02-28 19:50:00+00:00,976.47998046875,977.389892578125,975.8099975585938,976.6900024414062,25161
2025-02-28 19:55:00+00:00,977.1849975585938,978.094970703125,975.9650268554688,976.7999877929688,18166
2025-02-28 20:00:00+00:00,978.0999755859375,978.0999755859375,976.1749877929688,977.3798828125,32263
2025-02-28 20:05:00+00:00,977.2540283203125,978.5299072265625,976.9000854492188,977.5349731445312,35974
2025-02-28 20:10:00+00:00,976.0900268554688,977.619873046875,975.6699829101562,977.2249755859375,31190
2025-02-28 20:15:00+00:00,975.3801879882812,977.0,975.0850219726562,976.0850219726562,32645
2025-02-28 20:20:00+00:00,973.4400024414062,975.3298950195312,972.739990234375,974.969970703125,40949
2025-02-28 20:25:00+00:00,976.3400268554688,976.489990234375,973.4400024414062,973.4400024414062,29482
2025-02-28 20:30:00+00:00,974.0,976.6447143554688,973.9600219726562,976.1500244140625,29927
2025-02-28 20:35:00+00:00,974.6199951171875,975.9398803710938,973.010009765625,973.4000244140625,38117
2025-02-28 20:40:00+00:00,974.6749877929688,976.8800048828125,974.2100219726562,974.5599975585938,42996
2025-02-28 20:45:00+00:00,976.8300170898438,977.4699096679688,974.1799926757812,974.1799926757812,115248
2025-02-28 20:50:00+00:00,982.1500244140625,982.25,976.7899780273438,976.7899780273438,101346
2025-02-28 20:55:00+00:00,980.5499877929688,982.25,978.4000244140625,982.25,321048
2025-03-03 14:30:00+00:00,988.3300170898438,993.469970703125,981.6699829101562,983.0,185875
2025-03-03 14:35:00+00:00,988.864990234375,991.4904174804688,985.4771728515625,989.3150024414062,96743
2025-03-03 14:40:00+00:00,988.7999877929688,990.8021240234375,985.7000122070312,988.864990234375,72228
2025-03-03 14:45:00+00:00,988.2100219726562,993.030029296875,987.25,988.9299926757812,66329
2025-03-03 14:50:00+00:00,982.219970703125,988.9400024414062,982.219970703125,988.4959716796875,72027
2025-03-03 14:55:00+00:00,977.469970703125,982.54248046875,974.010009765625,982.0,80792
2025-03-03 15:00:00+00:00,980.7550048828125,981.4998779296875,972.989990234375,977.469970703125,69527
2025-03-03 15:05:00+00:00,977.4099731445312,981.4691772460938,976.885009765625,981.1699829101562,45604
2025-03-03 15:10:00+00:00,979.5,982.6956176757812,977.3444213867188,977.3444213867188,48098
2025-03-03 15:15:00+00:00,978.280029296875,979.4400024414062,977.056396484375,978.9500122070312,39301
2025-03-03 15:20:00+00:00,983.7935180664062,984.5344848632812,979.1500244140625,979.5,50944
2025-03-03 15:25:00+00:00,986.4749755859375,987.0900268554688,982.469970703125,983.25,52147
2025-03-03 15:30:00+00:00,985.0,988.5,983.6400146484375,986.405029296875,39368
2025-03-03 15:35:00+00:00,982.5,985.67431640625,981.110107421875,984.9450073242188,40879
2025-03-03 15:40:00+00:00,984.9774780273438,985.0,981.0200805664062,983.2249755859375,39885
2025-03-03 15:45:00+00:00,980.8699951171875,984.8800048828125,980.0,984.4450073242188,36313
2025-03-03 15:50:00+00:00,983.3049926757812,984.1322021484375,980.1300048828125,980.8699951171875,44050
2025-03-03 15:55:00+00:00,979.4600219726562,984.0,978.4329833984375,983.77001953125,30927
2025-03-03 16:00:00+00:00,981.89990234375,982.9998779296875,980.6599731445312,980.6599731445312,22589
2025-03-03 16:05:00+00:00,982.6300048828125,983.8599853515625,981.3200073242188,981.3200073242188,25841
2025-03-03 16:10:00+00:00,984.010009765625,984.889892578125,981.52001953125,983.1849975585938,23034
2025-03-03 16:15:00+00:00,985.6300048828125,985.9600219726562,982.7550048828125,984.010009765625,32911
2025-03-03 16:20:00+00:00,987.4299926757812,988.3300170898438,984.989990234375,985.6300048828125,28438
2025-03-03 16:25:00+00:00,984.1199951171875,986.8699951171875,984.1199951171875,986.8699951171875,13001
2025-03-03 16:30:00+00:00,984.875,985.4099731445312,984.0800170898438,984.0800170898438,23773
2025-03-03 16:35:00+00:00,984.0,986.5399780273438,983.8157958984375,984.875,32099
2025-03-03 16:40:00+00:00,983.625,985.1699829101562,983.625,984.5,25803
2025-03-03 16:45:00+00:00,986.3447265625,987.6757202148438,983.4099731445312,983.47998046875,23490
2025-03-03 16:50:00+00:00,987.2000122070312,988.8599853515625,987.1099853515625,987.6900024414062,28418
2025-03-03 16:55:00+00:00,987.260009765625,988.210693359375,985.6599731445312,987.0399780273438,19650
2025-03-03 17:00:00+00:00,988.0,988.0,986.4600219726562,986.6199951171875,20918
2025-03-03 17:05:00+00:00,987.8599853515625,988.8400268554688,987.5800170898438,987.6300048828125,16371
2025-03-03 17:10:00+00:00,990.1699829101562,990.8297729492188,987.5850219726562,987.5850219726562,38803
2025-03-03 17:15:00+00:00,994.0399780273438,994.9299926757812,989.885009765625,989.9199829101562,87973
2025-03-03 17:20:00+00:00,991.8300170898438,994.2899780273438,990.6400146484375,994.0399780273438,39442
2025-03-03 17:25:00+00:00,991.3400268554688,992.0750122070312,989.8350219726562,991.6799926757812,30756
2025-03-03 17:30:00+00:00,991.5900268554688,992.3800048828125,990.64501953125,991.5800170898438,24203
2025-03-03 17:35:00+00:00,991.7100830078125,992.75,990.9199829101562,991.72998046875,36225
2025-03-03 17:40:00+00:00,991.010009765625,993.0,991.010009765625,992.3200073242188,31252
2025-03-03 17:45:00+00:00,991.2750244140625,991.905029296875,990.0399780273438,991.1599731445312,34372
2025-03-03 17:50:00+00:00,988.3099975585938,991.5800170898438,988.3099975585938,991.2150268554688,24725
2025-03-03 17:55:00+00:00,988.1729736328125,988.786376953125,986.6599731445312,987.9650268554688,42151
2025-03-03 18:00:00+00:00,988.0,989.2794189453125,987.5999755859375,988.1749877929688,32028
2025-03-03 18:05:00+00:00,981.5900268554688,987.760009765625,981.5900268554688,987.3800048828125,33795
2025-03-03 18:10:00+00:00,978.8499755859375,981.0853881835938,978.5100708007812,980.0701293945312,54171
2025-03-03 18:15:00+00:00,977.5380249023438,980.1900024414062,977.5380249023438,978.885009765625,38310
2025-03-03 18:20:00+00:00,979.2614135742188,980.3300170898438,976.4099731445312,978.1099853515625,42289
2025-03-03 18:25:00+00:00,975.9099731445312,979.5599975585938,974.6077270507812,979.5549926757812,41027
2025-03-03 18:30:00+00:00,975.8150024414062,976.31640625,973.9450073242188,975.22998046875,24740
2025-03-03 18:35:00+00:00,976.2000122070312,977.0,975.030029296875,975.8150024414062,20799
2025-03-03 18:40:00+00:00,978.7449951171875,979.7969970703125,976.739990234375,976.889892578125,19532
2025-03-03 18:45:00+00:00,981.6652221679688,983.79638671875,978.02001953125,978.3499755859375,51176
2025-03-03 18:50:00+00:00,982.4199829101562,983.7374877929688,981.1400756835938,981.864990234375,31726
2025-03-03 18:55:00+00:00,984.5499877929688,984.989990234375,981.1300048828125,981.6300048828125,36967
2025-03-03 19:00:00+00:00,986.7000122070312,988.2322998046875,984.02001953125,984.02001953125,57307
2025-03-03 19:05:00+00:00,987.3798828125,987.4598999023438,985.3599853515625,986.7449951171875,26640
2025-03-03 19:10:00+00:00,985.5399780273438,986.969970703125,985.4199829101562,986.3699951171875,16208
2025-03-03 19:15:00+00:00,984.2550048828125,986.0,983.0599975585938,985.97998046875,23607
2025-03-03 19:20:00+00:00,985.8400268554688,986.1436157226562,983.8900146484375,984.260009765625,22134
2025-03-03 19:25:00+00:00,984.739990234375,985.0999755859375,983.5399780273438,984.8900756835938,14043
2025-03-03 19:30:00+00:00,986.9949951171875,987.4400024414062,984.1300048828125,984.1900024414062,36834
2025-03-03 19:35:00+00:00,986.239990234375,986.97998046875,984.89501953125,986.3800048828125,20160
2025-03-03 19:40:00+00:00,986.6300048828125,988.0999755859375,986.0,986.1699829101562,29969
2025-03-03 19:45:00+00:00,984.0399780273438,986.5599975585938,983.8400268554688,986.1699829101562,17398
2025-03-03 19:50:00+00:00,979.1998901367188,984.6749877929688,976.7899780273438,984.2000122070312,42844
2025-03-03 19:55:00+00:00,978.0900268554688,980.823974609375,977.1400756835938,978.6500244140625,32304
2025-03-03 20:00:00+00:00,974.75,977.25,973.4000854492188,977.25,31181
2025-03-03 20:05:00+00:00,972.8099975585938,975.8200073242188,971.75,973.989990234375,51961
2025-03-03 20:10:00+00:00,970.7750244140625,973.3699951171875,969.4500122070312,973.3699951171875,46549
2025-03-03 20:15:00+00:00,968.9500122070312,972.5700073242188,968.9500122070312,970.8699951171875,65986
2025-03-03 20:20:00+00:00,966.6599731445312,970.41748046875,966.2899780273438,968.9400024414062,48417
2025-03-03 20:25:00+00:00,968.0250244140625,968.8800048828125,966.4099731445312,966.9299926757812,48134
2025-03-03 20:30:00+00:00,967.635009765625,969.8098754882812,967.1599731445312,967.1699829101562,48943
2025-03-03 20:35:00+00:00,967.1179809570312,970.1649780273438,967.0,968.0999755859375,53320
2025-03-03 20:40:00+00:00,966.4349975585938,967.7000122070312,964.8099975585938,967.1199951171875,53825
2025-03-03 20:45:00+00:00,968.8250122070312,969.1599731445312,965.4299926757812,965.6699829101562,61742
2025-03-03 20:50:00+00:00,971.0822143554688,971.8049926757812,967.1500244140625,968.4500122070312,100647
2025-03-03 20:55:00+00:00,973.52001953125,974.0900268554688,971.0700073242188,972.1799926757812,153588
2025-03-04 14:30:00+00:00,963.8400268554688,974.0,960.75,971.6099853515625,206996
2025-03-04 14:35:00+00:00,968.6400146484375,970.4000244140625,962.6699829101562,963.8499755859375,67739
2025-03-04 14:40:00+00:00,965.0599975585938,971.02001953125,960.8800048828125,968.8200073242188,83940
2025-03-04 14:45:00+00:00,966.5150146484375,969.3754272460938,963.7954711914062,964.8400268554688,61474
2025-03-04 14:50:00+00:00,961.9901123046875,964.2949829101562,961.0,964.2949829101562,52259
2025-03-04 14:55:00+00:00,961.0599975585938,966.4749755859375,960.0,963.1599731445312,63158
2025-03-04 15:00:00+00:00,961.3900146484375,963.25,958.0,961.0599975585938,84438
2025-03-04 15:05:00+00:00,960.114990234375,962.5499877929688,958.5,960.6900024414062,61811
2025-03-04 15:10:00+00:00,961.8892211914062,964.0700073242188,959.219970703125,959.219970703125,71051
2025-03-04 15:15:00+00:00,953.9249877929688,962.4099731445312,953.0999755859375,962.4099731445312,98244
2025-03-04 15:20:00+00:00,952.6199951171875,955.1799926757812,949.010009765625,954.6599731445312,100181
2025-03-04 15:25:00+00:00,950.8499755859375,953.969970703125,948.2100219726562,950.8300170898438,87797
2025-03-04 15:30:00+00:00,955.5499877929688,957.2492065429688,949.5,950.4400024414062,63052
2025-03-04 15:35:00+00:00,956.0,957.280029296875,954.5838012695312,955.02001953125,57580
2025-03-04 15:40:00+00:00,957.0499877929688,958.8200073242188,954.8200073242188,955.4099731445312,62272
2025-03-04 15:45:00+00:00,959.6925048828125,961.5499267578125,956.7719116210938,958.5203247070312,69812
2025-03-04 15:50:00+00:00,954.9332275390625,959.5700073242188,954.469970703125,959.5700073242188,51888
2025-03-04 15:55:00+00:00,957.2000122070312,957.5599975585938,954.3701171875,954.4794921875,41643
2025-03-04 16:00:00+00:00,959.030029296875,960.2098999023438,955.239990234375,956.530029296875,47239
2025-03-04 16:05:00+00:00,956.22998046875,959.3900146484375,955.0999755859375,959.3499755859375,54864
2025-03-04 16:10:00+00:00,960.0,960.3699951171875,956.1500244140625,956.6799926757812,46175
2025-03-04 16:15:00+00:00,957.5999755859375,962.2515258789062,957.5999755859375,959.899169921875,41622
2025-03-04 16:20:00+00:00,957.27001953125,959.0900268554688,956.5499877929688,957.5900268554688,28078
2025-03-04 16:25:00+00:00,956.4749755859375,958.1898803710938,955.0399780273438,957.7849731445312,33067
2025-03-04 16:30:00+00:00,957.4749755859375,959.0319213867188,956.1668701171875,957.5850219726562,45449
2025-03-04 16:35:00+00:00,958.3099975585938,959.3699951171875,956.77001953125,956.77001953125,40683
2025-03-04 16:40:00+00:00,960.7650146484375,961.510009765625,957.4299926757812,957.989990234375,56833
2025-03-04 16:45:00+00:00,962.364990234375,962.4998779296875,959.9500122070312,960.7650146484375,57109
2025-03-04 16:50:00+00:00,963.0399780273438,963.7999267578125,959.1199951171875,962.3250122070312,50184
2025-03-04 16:55:00+00:00,966.3499755859375,967.530029296875,962.6599731445312,963.239990234375,59221
2025-03-04 17:00:00+00:00,965.6820068359375,966.9000244140625,963.4901123046875,965.7650146484375,32203
2025-03-04 17:05:00+00:00,963.8800048828125,965.739990234375,962.600830078125,965.3900146484375,31228
2025-03-04 17:10:00+00:00,965.7999877929688,966.9649047851562,964.219970703125,964.219970703125,28986
2025-03-04 17:15:00+00:00,967.3900146484375,968.3098754882812,965.4299926757812,965.5250244140625,37972
2025-03-04 17:20:00+00:00,971.280029296875,971.8099975585938,966.910888671875,967.8300170898438,55644
2025-03-04 17:25:00+00:00,971.97998046875,974.19580078125,970.719970703125,971.280029296875,51657
2025-03-04 17:30:00+00:00,970.6300048828125,971.7039794921875,968.8099975585938,971.6199951171875,51577
2025-03-04 17:35:00+00:00,971.5150146484375,973.0,970.0399780273438,970.3800048828125,45308
2025-03-04 17:40:00+00:00,970.3734741210938,972.0,969.0349731445312,971.4249877929688,27943
2025-03-04 17:45:00+00:00,968.9182739257812,971.5800170898438,968.9182739257812,970.0850219726562,30075
2025-03-04 17:50:00+00:00,969.9099731445312,969.9099731445312,967.510009765625,968.905029296875,23320
2025-03-04 17:55:00+00:00,969.0700073242188,969.909912109375,967.0128784179688,969.1749877929688,30958
2025-03-04 18:00:00+00:00,970.72998046875,970.8800048828125,967.3873901367188,969.1799926757812,28118
2025-03-04 18:05:00+00:00,974.25,974.3200073242188,969.9400024414062,970.0999755859375,46155
2025-03-04 18:10:00+00:00,976.5787963867188,977.7999877929688,974.25,974.25,45682
2025-03-04 18:15:00+00:00,974.3699951171875,976.989990234375,973.030029296875,976.6900024414062,29570
2025-03-04 18:20:00+00:00,972.989990234375,974.9600219726562,971.5999755859375,974.4249877929688,27522
2025-03-04 18:25:00+00:00,972.2860717773438,974.2764282226562,971.5399780273438,973.0050048828125,17131
2025-03-04 18:30:00+00:00,973.5117797851562,974.7899169921875,970.2114868164062,971.5700073242188,31211
2025-03-04 18:35:00+00:00,975.8399047851562,975.8399047851562,973.0999755859375,973.4600219726562,36649
2025-03-04 18:40:00+00:00,976.7037963867188,978.0,974.2100830078125,975.2650146484375,45515
2025-03-04 18:45:00+00:00,976.1099853515625,977.5900268554688,975.8599853515625,977.0499877929688,33843
2025-03-04 18:50:00+00:00,978.7150268554688,979.0,975.3499755859375,976.2150268554688,45656
2025-03-04 18:55:00+00:00,981.010009765625,981.9412231445312,978.4600219726562,978.4600219726562,61250
2025-03-04 19:00:00+00:00,982.280029296875,983.9600219726562,981.010009765625,981.010009765625,56454
2025-03-04 19:05:00+00:00,983.1500244140625,985.719970703125,981.5599975585938,981.5599975585938,44816
2025-03-04 19:10:00+00:00,982.0999755859375,984.2899169921875,980.840087890625,983.5900268554688,23159
2025-03-04 19:15:00+00:00,981.5700073242188,982.5999755859375,980.77001953125,982.0999755859375,29833
2025-03-04 19:20:00+00:00,983.3099975585938,984.2883911132812,981.030029296875,981.030029296875,50276
2025-03-04 19:25:00+00:00,981.010009765625,984.6599731445312,980.5399780273438,983.4000244140625,32705
2025-03-04 19:30:00+00:00,980.6199951171875,981.75,979.81591796875,981.010009765625,29702
2025-03-04 19:35:00+00:00,984.2050170898438,984.4490966796875,980.5,980.510009765625,41437
2025-03-04 19:40:00+00:00,984.9650268554688,985.375,982.8499755859375,984.1749877929688,41100
2025-03-04 19:45:00+00:00,982.6900024414062,985.5800170898438,982.6900024414062,984.9650268554688,32404
2025-03-04 19:50:00+00:00,983.6749877929688,984.1500244140625,982.6099853515625,982.844970703125,16414
2025-03-04 19:55:00+00:00,983.0599975585938,984.010009765625,982.3980102539062,983.77001953125,19437
2025-03-04 20:00:00+00:00,983.3399047851562,985.0900268554688,982.8800048828125,983.0599975585938,27280
2025-03-04 20:05:00+00:00,983.875,985.3599853515625,983.5900268554688,984.0,35773
2025-03-04 20:10:00+00:00,983.8150024414062,985.0499877929688,983.4299926757812,983.5599975585938,45770
2025-03-04 20:15:00+00:00,983.9598999023438,984.0819702148438,983.0399780273438,983.9600219726562,28753
2025-03-04 20:20:00+00:00,985.8300170898438,986.3134765625,983.0850219726562,983.72998046875,52366
2025-03-04 20:25:00+00:00,983.719970703125,985.9099731445312,983.5900268554688,985.2899780273438,29848
2025-03-04 20:30:00+00:00,978.280029296875,983.9799194335938,977.3200073242188,983.8300170898438,43261
2025-03-04 20:35:00+00:00,977.4299926757812,979.969970703125,976.5700073242188,978.280029296875,58123
2025-03-04 20:40:00+00:00,977.489990234375,978.5999145507812,974.697509765625,977.3624877929688,55626
2025-03-04 20:45:00+00:00,974.9299926757812,978.6799926757812,974.9299926757812,977.9019775390625,40311
2025-03-04 20:50:00+00:00,971.2899780273438,974.1699829101562,968.7156982421875,974.1699829101562,100450
2025-03-04 20:55:00+00:00,972.2999877929688,974.4879760742188,971.7800903320312,972.3099975585938,141162
2025-03-05 14:30:00+00:00,975.5499877929688,977.75,971.3300170898438,974.9199829101562,147568
2025-03-05 14:35:00+00:00,970.0399780273438,978.0549926757812,969.47998046875,976.2100219726562,97257
2025-03-05 14:40:00+00:00,977.3499755859375,978.3699951171875,971.7150268554688,971.7150268554688,68287
2025-03-05 14:45:00+00:00,974.0,977.389892578125,973.10009765625,976.7899780273438,64883
2025-03-05 14:50:00+00:00,974.530029296875,978.9000244140625,972.77001953125,974.6824951171875,70217
2025-03-05 14:55:00+00:00,974.4749755859375,977.3399047851562,970.6799926757812,975.0468139648438,52307
2025-03-05 15:00:00+00:00,981.4600219726562,985.5999145507812,975.1400146484375,975.1400146484375,68966
2025-03-05 15:05:00+00:00,979.530029296875,984.2000122070312,979.0,981.8150024414062,55492
2025-03-05 15:10:00+00:00,979.989990234375,983.969970703125,978.4500122070312,979.9299926757812,43110
2025-03-05 15:15:00+00:00,977.260009765625,980.0900268554688,976.52001953125,979.2318115234375,18412
2025-03-05 15:20:00+00:00,977.5250244140625,980.3198852539062,974.5999755859375,976.6176147460938,54915
2025-03-05 15:25:00+00:00,975.6599731445312,978.4699096679688,974.5499877929688,977.4299926757812,40316
2025-03-05 15:30:00+00:00,975.52587890625,978.219970703125,973.2000122070312,974.60009765625,22531
2025-03-05 15:35:00+00:00,977.5,978.2100219726562,976.0700073242188,976.8200073242188,12392
2025-03-05 15:40:00+00:00,978.3464965820312,978.5911254882812,975.469970703125,976.5999755859375,24512
2025-03-05 15:45:00+00:00,976.7100219726562,979.4199829101562,975.8499755859375,978.2949829101562,37746
2025-03-05 15:50:00+00:00,977.7849731445312,979.2313232421875,975.1199951171875,976.3250122070312,42449
2025-03-05 15:55:00+00:00,977.8900146484375,980.2000122070312,977.8900146484375,978.497802734375,20002
2025-03-05 16:00:00+00:00,977.135009765625,978.4739990234375,976.0159912109375,977.6199951171875,20697
2025-03-05 16:05:00+00:00,976.72998046875,978.489990234375,976.2899780273438,977.135009765625,35000
2025-03-05 16:10:00+00:00,975.0850219726562,977.1400146484375,973.0308837890625,977.1400146484375,41290
2025-03-05 16:15:00+00:00,974.6600952148438,976.2999877929688,972.6699829101562,974.97998046875,33798
2025-03-05 16:20:00+00:00,976.1699829101562,977.72998046875,975.0689697265625,976.1400146484375,28502
2025-03-05 16:25:00+00:00,977.9849853515625,978.3900146484375,974.3599853515625,976.719970703125,36206
2025-03-05 16:30:00+00:00,975.905029296875,979.780029296875,975.8099975585938,977.4000244140625,26134
2025-03-05 16:35:00+00:00,978.0999755859375,978.75,975.5,975.905029296875,18120
2025-03-05 16:40:00+00:00,975.0,978.0999755859375,974.510009765625,978.0999755859375,23083
2025-03-05 16:45:00+00:00,976.89501953125,977.1699829101562,974.719970703125,975.364990234375,16101
2025-03-05 16:50:00+00:00,976.27001953125,977.0800170898438,974.5601196289062,976.0999755859375,12980
2025-03-05 16:55:00+00:00,979.0499877929688,981.5714721679688,976.1900024414062,977.3200073242188,19309
2025-03-05 17:00:00+00:00,977.521728515625,981.3828735351562,977.521728515625,979.0,33626
2025-03-05 17:05:00+00:00,979.5349731445312,979.9099731445312,977.6901245117188,978.5,26912
2025-03-05 17:10:00+00:00,979.9349975585938,981.6599731445312,977.9500122070312,979.9000244140625,16830
2025-03-05 17:15:00+00:00,981.0399780273438,982.5800170898438,979.5625,979.989990234375,34230
2025-03-05 17:20:00+00:00,983.60498046875,983.989990234375,980.9000244140625,981.0399780273438,37310
2025-03-05 17:25:00+00:00,983.989990234375,985.0,982.1099853515625,983.6599731445312,42477
2025-03-05 17:30:00+00:00,984.2999877929688,985.6300048828125,983.22998046875,984.75,36353
2025-03-05 17:35:00+00:00,986.0072021484375,986.4287719726562,983.360107421875,984.1849975585938,39333
2025-03-05 17:40:00+00:00,985.6900024414062,987.3765258789062,984.5399780273438,986.3200073242188,45889
2025-03-05 17:45:00+00:00,983.0186767578125,985.1721801757812,982.1599731445312,985.1721801757812,19785
2025-03-05 17:50:00+00:00,987.647705078125,988.8499755859375,983.75,983.75,55156
2025-03-05 17:55:00+00:00,990.1400146484375,990.75,986.739990234375,986.739990234375,59846
2025-03-05 18:00:00+00:00,989.8800048828125,990.5800170898438,988.4099731445312,990.1400146484375,36425
2025-03-05 18:05:00+00:00,985.780029296875,990.6199951171875,984.8150024414062,989.8800048828125,103553
2025-03-05 18:10:00+00:00,989.6400756835938,992.1599731445312,985.3800048828125,985.39501953125,80086
2025-03-05 18:15:00+00:00,991.2257080078125,991.8400268554688,989.340087890625,990.3200073242188,64184
2025-03-05 18:20:00+00:00,988.9099731445312,991.8499755859375,987.9500122070312,991.34130859375,46334
2025-03-05 18:25:00+00:00,987.875,989.7899169921875,987.47998046875,989.7899169921875,30171
2025-03-05 18:30:00+00:00,988.1799926757812,989.6900024414062,984.52001953125,987.739990234375,43783
2025-03-05 18:35:00+00:00,987.8400268554688,988.889892578125,985.8300170898438,987.114990234375,37995
2025-03-05 18:40:00+00:00,986.9749755859375,988.403076171875,985.489990234375,988.403076171875,34694
2025-03-05 18:45:00+00:00,989.969970703125,990.5800170898438,986.5800170898438,986.9600219726562,57072
2025-03-05 18:50:00+00:00,990.26123046875,991.4000244140625,989.3300170898438,989.5,41148
2025-03-05 18:55:00+00:00,990.6900024414062,991.47998046875,990.0,990.2849731445312,45828
2025-03-05 19:00:00+00:00,991.9600219726562,992.239990234375,989.6500244140625,990.8350219726562,46376
2025-03-05 19:05:00+00:00,995.2999877929688,995.2999877929688,990.739990234375,990.739990234375,58947
2025-03-05 19:10:00+00:00,994.864990234375,995.5999145507812,994.02001953125,994.9031982421875,32555
2025-03-05 19:15:00+00:00,990.77001953125,995.4500122070312,990.760009765625,995.2921142578125,42327
2025-03-05 19:20:00+00:00,991.3300170898438,991.6699829101562,988.9169921875,990.760009765625,78004
2025-03-05 19:25:00+00:00,989.1591796875,991.4500122070312,989.1591796875,991.0,34303
2025-03-05 19:30:00+00:00,989.8300170898438,991.1998901367188,988.7999877929688,989.3800048828125,35154
2025-03-05 19:35:00+00:00,990.22998046875,990.9108276367188,987.9400024414062,990.6400146484375,28880
2025-03-05 19:40:00+00:00,989.0,991.1992797851562,989.0,990.25,29390
2025-03-05 19:45:00+00:00,990.5399780273438,991.1649780273438,988.625,989.260009765625,22557
2025-03-05 19:50:00+00:00,989.8900146484375,990.5399780273438,989.0900268554688,990.5399780273438,18745
2025-03-05 19:55:00+00:00,991.1500244140625,992.469970703125,989.7999877929688,989.9299926757812,38113
2025-03-05 20:00:00+00:00,993.010009765625,993.7000122070312,990.0401000976562,990.77001953125,45583
2025-03-05 20:05:00+00:00,993.6170043945312,994.2869873046875,991.8441772460938,992.8200073242188,44897
2025-03-05 20:10:00+00:00,993.64501953125,993.97998046875,991.8264770507812,993.1199951171875,47798
2025-03-05 20:15:00+00:00,990.3300170898438,994.5399780273438,989.0,993.989990234375,54621
2025-03-05 20:20:00+00:00,990.4500122070312,992.1799926757812,988.8416137695312,991.114990234375,38531
2025-03-05 20:25:00+00:00,993.3900146484375,993.3900146484375,990.635009765625,990.635009765625,41809
2025-03-05 20:30:00+00:00,991.375,992.9600219726562,990.0800170898438,992.6900024414062,34991
2025-03-05 20:35:00+00:00,989.9086303710938,991.530029296875,989.8883056640625,991.375,39134
2025-03-05 20:40:00+00:00,989.7750244140625,991.7271728515625,989.5999755859375,990.4349975585938,31137
2025-03-05 20:45:00+00:00,989.5150146484375,990.77001953125,988.9000244140625,990.3599853515625,31479
2025-03-05 20:50:00+00:00,992.0,992.6900024414062,986.1799926757812,989.0,75193
2025-03-05 20:55:00+00:00,990.0399780273438,992.4500122070312,989.5300903320312,991.8099975585938,139434
2025-03-06 14:30:00+00:00,959.2340087890625,973.6900024414062,957.25,972.989990234375,294025
2025-03-06 14:35:00+00:00,950.0,958.3599853515625,947.2000122070312,958.3599853515625,216963
2025-03-06 14:40:00+00:00,952.5900268554688,954.4000244140625,946.27001953125,949.2899780273438,124077
2025-03-06 14:45:00+00:00,951.1699829101562,954.9299926757812,949.3101196289062,951.5499877929688,99397
2025-03-06 14:50:00+00:00,956.1738891601562,956.989990234375,951.0,951.5800170898438,101091
2025-03-06 14:55:00+00:00,956.3099975585938,957.9099731445312,953.8200073242188,954.635498046875,80507
2025-03-06 15:00:00+00:00,961.5599975585938,963.5675048828125,953.5499877929688,956.010009765625,103067
2025-03-06 15:05:00+00:00,962.4000244140625,965.9500122070312,961.6699829101562,961.6699829101562,114711
2025-03-06 15:10:00+00:00,962.9400024414062,965.27001953125,960.0,962.25,77039
2025-03-06 15:15:00+00:00,965.5549926757812,967.8599853515625,962.3538208007812,962.8911743164062,77899
2025-03-06 15:20:00+00:00,964.0700073242188,967.97998046875,964.0499877929688,966.1799926757812,57285
2025-03-06 15:25:00+00:00,963.02001953125,964.52001953125,960.5501098632812,964.52001953125,71140
2025-03-06 15:30:00+00:00,960.7650146484375,963.9506225585938,959.6400146484375,963.14501953125,56353
2025-03-06 15:35:00+00:00,962.8499755859375,963.6068725585938,958.0,960.6950073242188,56536
2025-03-06 15:40:00+00:00,961.510009765625,964.2243041992188,960.6900024414062,962.8480834960938,56706
2025-03-06 15:45:00+00:00,956.5380249023438,962.239990234375,956.2000122070312,961.0,63578
2025-03-06 15:50:00+00:00,956.0,958.0059814453125,955.1799926757812,956.52001953125,61110
2025-03-06 15:55:00+00:00,958.0050048828125,958.5098876953125,954.6699829101562,956.0,82293
2025-03-06 16:00:00+00:00,957.3300170898438,959.7000122070312,956.27001953125,958.5,55293
2025-03-06 16:05:00+00:00,959.655029296875,959.97998046875,955.52001953125,957.489990234375,68067
2025-03-06 16:10:00+00:00,960.719970703125,961.5800170898438,958.6400146484375,960.0549926757812,57688
2025-03-06 16:15:00+00:00,960.3300170898438,961.5800170898438,959.5800170898438,960.4229736328125,56793
2025-03-06 16:20:00+00:00,957.8800048828125,960.5250244140625,954.3369750976562,960.2899780273438,70020
2025-03-06 16:25:00+00:00,959.6199951171875,960.3350219726562,954.9400024414062,957.8800048828125,67795
2025-03-06 16:30:00+00:00,960.6699829101562,963.0,958.760009765625,958.7999877929688,51753
2025-03-06 16:35:00+00:00,955.4400024414062,960.9299926757812,955.010009765625,960.7899780273438,49987
2025-03-06 16:40:00+00:00,954.8499755859375,956.4359741210938,954.5,955.719970703125,45570
2025-03-06 16:45:00+00:00,954.1799926757812,956.4000244140625,953.9450073242188,955.25,39958
2025-03-06 16:50:00+00:00,952.4650268554688,954.1300048828125,951.010009765625,954.1300048828125,59557
2025-03-06 16:55:00+00:00,948.3308715820312,952.2449951171875,948.0,952.0,78324
2025-03-06 17:00:00+00:00,944.9299926757812,950.2999267578125,944.4000244140625,948.530029296875,78159
2025-03-06 17:05:00+00:00,943.848876953125,945.8712158203125,942.7000122070312,944.489990234375,83089
2025-03-06 17:10:00+00:00,940.239013671875,944.0599975585938,939.1790161132812,943.8200073242188,103814
2025-03-06 17:15:00+00:00,938.6599731445312,940.8338012695312,936.719970703125,939.5499877929688,90187
2025-03-06 17:20:00+00:00,938.27001953125,941.6339721679688,938.0,938.989990234375,79217
2025-03-06 17:25:00+00:00,938.4154052734375,939.489990234375,936.0,938.489990234375,82342
2025-03-06 17:30:00+00:00,939.1599731445312,941.6599731445312,937.826904296875,937.826904296875,55930
2025-03-06 17:35:00+00:00,936.7899780273438,939.0,936.4099731445312,938.75,41937
2025-03-06 17:40:00+00:00,936.9099731445312,939.1599731445312,936.0800170898438,936.677001953125,72571
2025-03-06 17:45:00+00:00,934.9349975585938,937.489990234375,933.3300170898438,936.6400146484375,89303
2025-03-06 17:50:00+00:00,933.6099853515625,936.0,933.010009765625,935.0,56168
2025-03-06 17:55:00+00:00,935.8875732421875,937.5499877929688,934.0,934.9000244140625,70607
2025-03-06 18:00:00+00:00,933.3599853515625,937.0,932.0701293945312,936.2750244140625,94504
2025-03-06 18:05:00+00:00,933.0800170898438,934.919921875,932.1400756835938,933.3150024414062,45767
2025-03-06 18:10:00+00:00,930.7050170898438,933.3200073242188,929.3499755859375,933.3200073242188,70327
2025-03-06 18:15:00+00:00,930.9299926757812,932.260009765625,929.8499755859375,930.5,63153
2025-03-06 18:20:00+00:00,927.9600219726562,931.8200073242188,927.2501220703125,930.9299926757812,78581
2025-03-06 18:25:00+00:00,923.4299926757812,927.919921875,923.02001953125,927.3499755859375,89059
2025-03-06 18:30:00+00:00,923.2999877929688,925.3599853515625,922.0900268554688,923.5150146484375,81101
2025-03-06 18:35:00+00:00,921.905029296875,923.4249877929688,921.4199829101562,923.4249877929688,68186
2025-03-06 18:40:00+00:00,919.530029296875,921.2899780273438,917.010009765625,921.0700073242188,93826
2025-03-06 18:45:00+00:00,920.75,922.9677124023438,917.9199829101562,919.9439697265625,90998
2025-03-06 18:50:00+00:00,921.1599731445312,923.5759887695312,920.9500122070312,921.0499877929688,70616
2025-03-06 18:55:00+00:00,919.6400146484375,921.6199951171875,918.4450073242188,921.0,52485
2025-03-06 19:00:00+00:00,917.4710083007812,919.97998046875,916.0399780273438,919.6400146484375,62065
2025-03-06 19:05:00+00:00,915.8800048828125,918.9581909179688,915.5800170898438,917.22998046875,81412
2025-03-06 19:10:00+00:00,915.9498901367188,918.6298828125,915.469970703125,915.8800048828125,52907
2025-03-06 19:15:00+00:00,912.2550048828125,916.4000244140625,912.25,915.47998046875,78172
2025-03-06 19:20:00+00:00,912.2191162109375,913.2276000976562,911.314208984375,912.3099975585938,97699
2025-03-06 19:25:00+00:00,910.9605102539062,912.6666259765625,909.1099853515625,912.5050048828125,83538
2025-03-06 19:30:00+00:00,911.6148071289062,912.9799194335938,908.4600219726562,910.14501953125,106685
2025-03-06 19:35:00+00:00,910.6500244140625,913.7598876953125,908.760009765625,911.5399780273438,106970
2025-03-06 19:40:00+00:00,909.969970703125,913.8400268554688,909.969970703125,910.52001953125,93858
2025-03-06 19:45:00+00:00,917.6099853515625,917.8699951171875,909.77001953125,909.77001953125,139121
2025-03-06 19:50:00+00:00,913.8499755859375,918.760009765625,913.6199951171875,916.5974731445312,104769
2025-03-06 19:55:00+00:00,908.510009765625,914.4500122070312,908.489990234375,914.0900268554688,98370
2025-03-06 20:00:00+00:00,909.2100219726562,911.25439453125,907.1900024414062,908.030029296875,99638
2025-03-06 20:05:00+00:00,909.219970703125,912.4600219726562,908.469970703125,910.25,110131
2025-03-06 20:10:00+00:00,910.7150268554688,910.7150268554688,907.0913696289062,909.1599731445312,97480
2025-03-06 20:15:00+00:00,910.3599853515625,911.717529296875,908.0,910.4500122070312,95692
2025-03-06 20:20:00+00:00,905.4099731445312,911.4899291992188,903.9000244140625,910.75,95291
2025-03-06 20:25:00+00:00,908.0,908.5534057617188,904.4500122070312,905.6300048828125,148062
2025-03-06 20:30:00+00:00,906.0499877929688,909.5800170898438,905.4349975585938,908.5800170898438,101113
2025-03-06 20:35:00+00:00,903.8699951171875,908.510009765625,903.6849975585938,906.08251953125,113023
2025-03-06 20:40:00+00:00,899.7550048828125,904.4400024414062,899.0,903.7100219726562,174793
2025-03-06 20:45:00+00:00,900.1599731445312,901.0499877929688,899.22998046875,899.4349975585938,150438
2025-03-06 20:50:00+00:00,905.010009765625,905.02001953125,899.2999877929688,900.1699829101562,257447
2025-03-06 20:55:00+00:00,906.5599975585938,906.6300048828125,904.8800048828125,905.219970703125,334347
2025-03-07 14:30:00+00:00,897.1981201171875,899.2000122070312,892.5599975585938,897.6400146484375,275538
2025-03-07 14:35:00+00:00,891.7150268554688,902.885009765625,891.6500244140625,897.3599853515625,140842
2025-03-07 14:40:00+00:00,900.4749755859375,902.1234741210938,891.0,891.7150268554688,135687
2025-03-07 14:45:00+00:00,901.260009765625,903.9841918945312,896.6500244140625,899.8699951171875,105115
2025-03-07 14:50:00+00:00,903.2750244140625,904.8859252929688,899.0,901.4600219726562,103956
2025-03-07 14:55:00+00:00,897.1099853515625,904.3699951171875,897.0,903.2550048828125,104158
2025-03-07 15:00:00+00:00,896.10498046875,898.5499267578125,893.3300170898438,897.0,97166
2025-03-07 15:05:00+00:00,895.905029296875,897.5999755859375,894.4099731445312,895.7999877929688,55601
2025-03-07 15:10:00+00:00,894.2899780273438,897.0,893.0,895.905029296875,75465
2025-03-07 15:15:00+00:00,890.5150146484375,894.2849731445312,888.9271850585938,894.2849731445312,120709
2025-03-07 15:20:00+00:00,890.9400024414062,891.4650268554688,888.0,890.4896240234375,96430
2025-03-07 15:25:00+00:00,883.2050170898438,891.25,881.7999877929688,890.4299926757812,157744
2025-03-07 15:30:00+00:00,875.1500244140625,883.10888671875,874.02001953125,882.5750122070312,222231
2025-03-07 15:35:00+00:00,875.7999877929688,877.9998779296875,871.25,875.0800170898438,172942
2025-03-07 15:40:00+00:00,876.7249755859375,877.5,871.9801025390625,875.1799926757812,139755
2025-03-07 15:45:00+00:00,880.9627075195312,881.7999877929688,874.0401000976562,875.7100219726562,182800
2025-03-07 15:50:00+00:00,877.0599975585938,881.4398803710938,874.6300048828125,880.5,164553
2025-03-07 15:55:00+00:00,876.7899169921875,878.0,873.0999755859375,876.0599975585938,90895
2025-03-07 16:00:00+00:00,873.780029296875,876.8110961914062,872.0,875.64501953125,97174
2025-03-07 16:05:00+00:00,872.97998046875,876.510009765625,870.75,873.3599853515625,102651
2025-03-07 16:10:00+00:00,875.4622802734375,875.4998779296875,872.6900024414062,873.7150268554688,91160
2025-03-07 16:15:00+00:00,868.3300170898438,875.0050048828125,868.0,875.0050048828125,107890
2025-03-07 16:20:00+00:00,864.135009765625,869.4229125976562,861.1900024414062,868.5999755859375,167128
2025-03-07 16:25:00+00:00,863.22900390625,865.3499755859375,860.3699951171875,863.1099853515625,224017
2025-03-07 16:30:00+00:00,865.8604125976562,866.5,861.4299926757812,863.219970703125,146466
2025-03-07 16:35:00+00:00,859.4199829101562,865.914306640625,859.4179077148438,865.914306640625,165627
2025-03-07 16:40:00+00:00,865.0,866.219970703125,858.0700073242188,859.3499755859375,135381
2025-03-07 16:45:00+00:00,863.0,866.2000122070312,860.989990234375,865.010009765625,81962
2025-03-07 16:50:00+00:00,864.02001953125,864.02001953125,860.0,862.8499755859375,87450
2025-03-07 16:55:00+00:00,865.02001953125,866.27001953125,862.8900756835938,864.2550048828125,78352
2025-03-07 17:00:00+00:00,867.2849731445312,869.5,863.469970703125,865.828125,117432
2025-03-07 17:05:00+00:00,868.27001953125,868.9467163085938,866.1699829101562,868.0800170898438,88548
2025-03-07 17:10:00+00:00,869.22998046875,869.7412719726562,865.6199951171875,868.69287109375,89125
2025-03-07 17:15:00+00:00,865.1500244140625,870.0,864.9000244140625,868.1348266601562,65227
2025-03-07 17:20:00+00:00,870.3099975585938,871.385009765625,865.1599731445312,865.6699829101562,92923
2025-03-07 17:25:00+00:00,869.5599975585938,872.3699951171875,868.4421997070312,871.269775390625,94273
2025-03-07 17:30:00+00:00,873.2550048828125,874.0700073242188,867.10009765625,868.5599975585938,72738
2025-03-07 17:35:00+00:00,869.9349975585938,873.3049926757812,869.5499877929688,873.3049926757812,73144
2025-03-07 17:40:00+00:00,875.489990234375,876.6798706054688,868.8300170898438,869.3800048828125,116797
2025-03-07 17:45:00+00:00,875.8099975585938,876.97998046875,873.7000122070312,876.2968139648438,105137
2025-03-07 17:50:00+00:00,880.0,880.2849731445312,874.5701293945312,875.8099975585938,79885
2025-03-07 17:55:00+00:00,871.6400146484375,880.2999877929688,871.2999877929688,879.9998779296875,60926
2025-03-07 18:00:00+00:00,880.885009765625,881.1900024414062,871.0,871.9019165039062,85769
2025-03-07 18:05:00+00:00,879.5499877929688,883.835693359375,879.5499877929688,880.760009765625,74775
2025-03-07 18:10:00+00:00,880.9949951171875,882.0673217773438,878.4199829101562,879.5499877929688,58874
2025-03-07 18:15:00+00:00,882.8699951171875,883.5499877929688,879.9299926757812,881.5,69596
2025-03-07 18:20:00+00:00,879.4157104492188,885.0,879.3834838867188,882.8200073242188,61443
2025-03-07 18:25:00+00:00,880.7554931640625,881.6900024414062,879.2000122070312,880.0499877929688,38168
2025-03-07 18:30:00+00:00,881.2236938476562,882.719970703125,880.0,880.8250122070312,43514
2025-03-07 18:35:00+00:00,887.0549926757812,887.9522705078125,881.0900268554688,881.1799926757812,62811
2025-03-07 18:40:00+00:00,883.510009765625,887.518798828125,882.5780029296875,887.0499877929688,49092
2025-03-07 18:45:00+00:00,885.8300170898438,887.4998779296875,883.8900146484375,883.8900146484375,37541
2025-03-07 18:50:00+00:00,890.2050170898438,890.739990234375,885.4600830078125,886.0,70260
2025-03-07 18:55:00+00:00,886.0001220703125,890.6884155273438,885.4099731445312,889.8800048828125,53194
2025-03-07 19:00:00+00:00,887.9349975585938,889.619873046875,886.7100219726562,886.7100219726562,59933
2025-03-07 19:05:00+00:00,887.5499877929688,888.7999877929688,885.4400024414062,886.830078125,49511
2025-03-07 19:10:00+00:00,889.219970703125,890.7816772460938,887.6649780273438,888.288330078125,63749
2025-03-07 19:15:00+00:00,893.0399780273438,893.27001953125,888.7999877929688,889.219970703125,52021
2025-03-07 19:20:00+00:00,895.8800048828125,896.875,892.3499755859375,892.8200073242188,101924
2025-03-07 19:25:00+00:00,895.9398803710938,896.4500122070312,892.7614135742188,896.0250244140625,48310
2025-03-07 19:30:00+00:00,894.4500122070312,896.0,894.0,895.2449951171875,39209
2025-03-07 19:35:00+00:00,894.0800170898438,896.0,893.1500244140625,895.0,35277
2025-03-07 19:40:00+00:00,890.6900024414062,895.489990234375,888.260009765625,894.4299926757812,39764
2025-03-07 19:45:00+00:00,889.4650268554688,891.4177856445312,888.510009765625,890.4000244140625,40135
2025-03-07 19:50:00+00:00,890.7550048828125,891.5,888.7579956054688,889.6400146484375,32089
2025-03-07 19:55:00+00:00,890.8350219726562,892.5800170898438,890.8350219726562,891.5,29628
2025-03-07 20:00:00+00:00,890.8150024414062,891.4099731445312,889.2573852539062,890.0800170898438,29220
2025-03-07 20:05:00+00:00,894.510009765625,895.0,891.010009765625,891.1500244140625,38601
2025-03-07 20:10:00+00:00,892.0679931640625,894.9998779296875,892.0,894.0501098632812,71339
2025-03-07 20:15:00+00:00,893.844970703125,894.0,888.7401123046875,892.5599975585938,60681
2025-03-07 20:20:00+00:00,890.4705810546875,894.1099243164062,890.010009765625,893.844970703125,44963
2025-03-07 20:25:00+00:00,891.155029296875,891.7000122070312,889.239990234375,890.8491821289062,70953
2025-03-07 20:30:00+00:00,891.02001953125,891.5800170898438,889.72998046875,890.8699951171875,94934
2025-03-07 20:35:00+00:00,885.25,891.5700073242188,884.4000244140625,891.3499755859375,76257
2025-03-07 20:40:00+00:00,885.2650146484375,885.2694702148438,882.219970703125,884.719970703125,125928
2025-03-07 20:45:00+00:00,888.469970703125,888.5700073242188,884.6799926757812,884.6799926757812,64270
2025-03-07 20:50:00+00:00,890.510009765625,890.510009765625,885.5900268554688,887.739990234375,120535
2025-03-07 20:55:00+00:00,891.0999755859375,893.4400024414062,890.5900268554688,890.6300048828125,297294
2025-03-10 13:30:00+00:00,870.5,876.75,861.6799926757812,876.75,350827
2025-03-10 13:35:00+00:00,866.7999877929688,872.0,864.3900756835938,870.885009765625,130886
2025-03-10 13:40:00+00:00,877.8350219726562,878.0,865.5595092773438,866.7999877929688,98541
2025-03-10 13:45:00+00:00,879.3400268554688,879.85498046875,874.780029296875,877.969970703125,100362
2025-03-10 13:50:00+00:00,874.22998046875,881.27001953125,873.0,879.0050048828125,116632
2025-03-10 13:55:00+00:00,875.3699951171875,880.0,873.8300170898438,873.8300170898438,148782
2025-03-10 14:00:00+00:00,872.8699951171875,875.280029296875,869.5601196289062,875.0,93307
2025-03-10 14:05:00+00:00,871.6300048828125,875.155029296875,870.9901123046875,873.52001953125,103010
2025-03-10 14:10:00+00:00,870.0,871.5900268554688,868.760009765625,869.8300170898438,95215
2025-03-10 14:15:00+00:00,866.5449829101562,871.510009765625,864.4600219726562,870.2249755859375,99649
2025-03-10 14:20:00+00:00,869.8699951171875,870.6154174804688,864.2150268554688,867.0,88175
2025-03-10 14:25:00+00:00,865.739990234375,869.8217163085938,865.1508178710938,868.739990234375,87821
2025-03-10 14:30:00+00:00,865.5064697265625,868.839111328125,864.0800170898438,866.1134033203125,86822
2025-03-10 14:35:00+00:00,868.8300170898438,870.8692016601562,864.6400146484375,866.1199951171875,82152
2025-03-10 14:40:00+00:00,866.2186889648438,869.9000244140625,864.3699951171875,868.8300170898438,89376
2025-03-10 14:45:00+00:00,867.5499877929688,869.0435180664062,863.780029296875,865.6199951171875,66276
2025-03-10 14:50:00+00:00,864.9299926757812,868.1348266601562,864.3099975585938,866.7008056640625,84305
2025-03-10 14:55:00+00:00,863.9199829101562,866.0399780273438,862.5701293945312,865.030029296875,116017
2025-03-10 15:00:00+00:00,863.0,866.0,862.7999877929688,864.4199829101562,88396
2025-03-10 15:05:00+00:00,867.4400024414062,868.02001953125,862.5900268554688,862.9550170898438,88219
2025-03-10 15:10:00+00:00,864.239990234375,867.260009765625,863.3800048828125,867.260009765625,136322
2025-03-10 15:15:00+00:00,859.6799926757812,864.4600219726562,859.27001953125,863.6500244140625,98876
2025-03-10 15:20:00+00:00,864.5999755859375,865.4000244140625,858.3713989257812,859.3400268554688,102963
2025-03-10 15:25:00+00:00,869.4749755859375,869.97998046875,863.969970703125,863.969970703125,87786
2025-03-10 15:30:00+00:00,873.0700073242188,875.8098754882812,868.9000854492188,869.4000244140625,105518
2025-03-10 15:35:00+00:00,873.8499755859375,875.351318359375,872.0,873.469970703125,77131
2025-03-10 15:40:00+00:00,871.844970703125,874.2949829101562,871.25,874.0,57791
2025-03-10 15:45:00+00:00,874.489990234375,875.9000244140625,871.47998046875,871.9450073242188,109040
2025-03-10 15:50:00+00:00,872.3699951171875,874.489990234375,872.0349731445312,874.489990234375,48803
2025-03-10 15:55:00+00:00,870.969970703125,872.6500244140625,869.2095947265625,872.1699829101562,83397
2025-03-10 16:00:00+00:00,869.4924926757812,872.9500122070312,869.1599731445312,870.5499877929688,70403
2025-03-10 16:05:00+00:00,867.7150268554688,871.0900268554688,866.7030029296875,869.5599975585938,69710
2025-03-10 16:10:00+00:00,870.572998046875,870.572998046875,867.8499755859375,868.260009765625,68155
2025-03-10 16:15:00+00:00,864.8800048828125,870.8599853515625,864.655029296875,870.0119018554688,53209
2025-03-10 16:20:00+00:00,864.2000122070312,865.510009765625,862.6900024414062,864.97998046875,57101
2025-03-10 16:25:00+00:00,865.7000122070312,866.2728271484375,863.5050048828125,864.0800170898438,69987
2025-03-10 16:30:00+00:00,867.2150268554688,868.1099853515625,865.0900268554688,866.0,75994
2025-03-10 16:35:00+00:00,863.6500244140625,867.5,863.6500244140625,867.2150268554688,46766
2025-03-10 16:40:00+00:00,863.36328125,865.5499877929688,863.0,863.6500244140625,62450
2025-03-10 16:45:00+00:00,864.260498046875,865.0,863.0,863.739990234375,35336
2025-03-10 16:50:00+00:00,863.97998046875,865.3200073242188,862.239990234375,863.9199829101562,44711
2025-03-10 16:55:00+00:00,863.75,865.8099975585938,863.75,864.3599853515625,66250
2025-03-10 17:00:00+00:00,862.6500244140625,864.8599853515625,861.989990234375,863.5499877929688,51391
2025-03-10 17:05:00+00:00,861.5599975585938,863.3099975585938,861.510009765625,862.5999755859375,69595
2025-03-10 17:10:00+00:00,862.3049926757812,862.8699951171875,860.010009765625,861.5,71312
2025-03-10 17:15:00+00:00,861.6400146484375,862.9500122070312,861.0,862.3049926757812,81862
2025-03-10 17:20:00+00:00,863.719970703125,865.1082153320312,861.4400024414062,862.030029296875,47248
2025-03-10 17:25:00+00:00,861.9099731445312,863.8499755859375,861.3699951171875,863.469970703125,32493
2025-03-10 17:30:00+00:00,859.8099975585938,861.8499755859375,859.260009765625,861.8499755859375,36854
2025-03-10 17:35:00+00:00,859.0499877929688,860.4500122070312,857.77001953125,859.469970703125,46460
2025-03-10 17:40:00+00:00,858.8599853515625,859.4794921875,857.5499877929688,859.4794921875,38065
2025-03-10 17:45:00+00:00,858.3400268554688,859.8084716796875,856.5499877929688,858.2000122070312,43212
2025-03-10 17:50:00+00:00,858.2849731445312,859.8699951171875,856.719970703125,857.3599853515625,32534
2025-03-10 17:55:00+00:00,856.5499877929688,859.0,856.5050048828125,858.2899780273438,38266
2025-03-10 18:00:00+00:00,856.9741821289062,857.9299926757812,855.510009765625,856.469970703125,44001
2025-03-10 18:05:00+00:00,856.4199829101562,856.9998779296875,854.5,856.6699829101562,48696
2025-03-10 18:10:00+00:00,859.4600219726562,859.5,855.6300048828125,856.5599975585938,67494
2025-03-10 18:15:00+00:00,859.0750122070312,860.6199951171875,859.0750122070312,859.2899780273438,50118
2025-03-10 18:20:00+00:00,860.4550170898438,860.5,859.0750122070312,859.0750122070312,42025
2025-03-10 18:25:00+00:00,859.4000244140625,860.77001953125,858.2000122070312,860.4550170898438,80463
2025-03-10 18:30:00+00:00,859.3099975585938,860.3800048828125,858.2301025390625,859.4849853515625,37471
2025-03-10 18:35:00+00:00,859.5449829101562,859.8099975585938,858.7454223632812,859.1900024414062,30547
2025-03-10 18:40:00+00:00,859.75,860.97998046875,858.8099975585938,859.5750122070312,38693
2025-03-10 18:45:00+00:00,862.7924194335938,864.0,859.4349975585938,859.5549926757812,44170
2025-03-10 18:50:00+00:00,860.6199951171875,862.89990234375,860.1599731445312,862.6199951171875,36036
2025-03-10 18:55:00+00:00,856.530029296875,860.969970703125,856.5050048828125,860.969970703125,45336
2025-03-10 19:00:00+00:00,856.0900268554688,858.280029296875,855.1701049804688,856.8699951171875,47750
2025-03-10 19:05:00+00:00,855.8770141601562,857.3298950195312,855.2000122070312,856.2050170898438,54929
2025-03-10 19:10:00+00:00,859.6400756835938,860.1799926757812,855.510009765625,855.72998046875,92832
2025-03-10 19:15:00+00:00,863.4500732421875,864.9998779296875,859.6400146484375,859.9000244140625,82191
2025-03-10 19:20:00+00:00,866.405029296875,866.405029296875,863.2000122070312,863.9019775390625,114601
2025-03-10 19:25:00+00:00,865.7550048828125,868.5,865.239990234375,866.2899780273438,92517
2025-03-10 19:30:00+00:00,870.5399780273438,871.7098999023438,865.1400146484375,865.239990234375,105984
2025-03-10 19:35:00+00:00,867.9600219726562,871.239990234375,866.3101196289062,870.4299926757812,86517
2025-03-10 19:40:00+00:00,862.719970703125,868.530029296875,862.719970703125,868.469970703125,87790
2025-03-10 19:45:00+00:00,863.9600219726562,865.5,862.3699951171875,862.6699829101562,79308
2025-03-10 19:50:00+00:00,863.1199951171875,864.8499755859375,860.030029296875,863.780029296875,138073
2025-03-10 19:55:00+00:00,866.4299926757812,866.780029296875,863.280029296875,863.280029296875,262455
2025-03-11 13:30:00+00:00,871.010009765625,874.0,866.0,867.4099731445312,188077
2025-03-11 13:35:00+00:00,880.1300048828125,881.9199829101562,869.0,870.6699829101562,143722
2025-03-11 13:40:00+00:00,882.8250122070312,883.5,876.530029296875,879.7750244140625,112971
2025-03-11 13:45:00+00:00,889.1099853515625,889.4550170898438,881.9199829101562,882.3099975585938,248240
2025-03-11 13:50:00+00:00,890.3400268554688,891.63623046875,887.9600219726562,889.0800170898438,185730
2025-03-11 13:55:00+00:00,891.5250244140625,894.489990234375,889.7100219726562,890.4349975585938,121926
2025-03-11 14:00:00+00:00,886.3099975585938,896.8200073242188,884.2680053710938,891.4199829101562,189456
2025-03-11 14:05:00+00:00,895.4450073242188,895.8900146484375,885.4500122070312,886.6500244140625,129302
2025-03-11 14:10:00+00:00,886.989990234375,895.958984375,885.2100219726562,894.5999755859375,118951
2025-03-11 14:15:00+00:00,889.4400024414062,891.2130126953125,886.489990234375,886.7899780273438,123919
2025-03-11 14:20:00+00:00,886.0750122070312,892.0,885.6900024414062,889.5349731445312,128990
2025-03-11 14:25:00+00:00,879.1300048828125,886.4299926757812,878.7874755859375,886.0750122070312,129961
2025-03-11 14:30:00+00:00,882.5850219726562,884.5999755859375,879.125,879.125,97524
2025-03-11 14:35:00+00:00,882.5700073242188,886.6799926757812,880.77001953125,882.4400024414062,131184
2025-03-11 14:40:00+00:00,887.719970703125,889.2999877929688,880.7000732421875,883.7421875,112312
2025-03-11 14:45:00+00:00,884.47998046875,889.4202270507812,883.5499877929688,887.6099853515625,90572
2025-03-11 14:50:00+00:00,892.469970703125,893.3323974609375,883.7550048828125,884.8900146484375,103437
2025-03-11 14:55:00+00:00,885.4500122070312,892.3499145507812,885.0,892.092529296875,75364
2025-03-11 15:00:00+00:00,886.9149780273438,890.0,883.7507934570312,885.0,75665
2025-03-11 15:05:00+00:00,892.02001953125,893.77001953125,886.5003051757812,886.8499755859375,107846
2025-03-11 15:10:00+00:00,893.5349731445312,895.2805786132812,890.1799926757812,892.4249877929688,98682
2025-03-11 15:15:00+00:00,892.2100219726562,895.6395263671875,890.6901245117188,894.8800048828125,84309
2025-03-11 15:20:00+00:00,892.9500122070312,894.239990234375,891.2000122070312,892.2349853515625,62914
2025-03-11 15:25:00+00:00,895.2634887695312,896.8200073242188,892.3787841796875,892.3787841796875,91884
2025-03-11 15:30:00+00:00,897.6799926757812,898.3699951171875,894.22998046875,895.3599853515625,113442
2025-03-11 15:35:00+00:00,895.802978515625,899.0,893.52001953125,897.4400024414062,54435
2025-03-11 15:40:00+00:00,899.969970703125,902.0,896.3400268554688,896.3699951171875,63633
2025-03-11 15:45:00+00:00,898.1599731445312,900.52001953125,898.0,899.969970703125,73823
2025-03-11 15:50:00+00:00,896.9149780273438,900.5598754882812,896.4600219726562,899.3099975585938,67265
2025-03-11 15:55:00+00:00,893.4299926757812,897.4500122070312,892.9407958984375,896.7550048828125,36365
2025-03-11 16:00:00+00:00,895.8499755859375,896.760009765625,891.4301147460938,894.0698852539062,59050
2025-03-11 16:05:00+00:00,894.3629760742188,896.8699951171875,893.6099853515625,895.8499755859375,50753
2025-03-11 16:10:00+00:00,895.719970703125,896.8099975585938,893.530029296875,893.719970703125,53421
2025-03-11 16:15:00+00:00,897.1199951171875,897.760009765625,894.47998046875,895.219970703125,67949
2025-03-11 16:20:00+00:00,898.4400024414062,900.0,896.4000244140625,897.7899780273438,69103
2025-03-11 16:25:00+00:00,898.3599853515625,900.8599853515625,897.989990234375,898.9400024414062,51267
2025-03-11 16:30:00+00:00,900.3201293945312,901.5399780273438,898.739990234375,898.739990234375,67808
2025-03-11 16:35:00+00:00,896.6300048828125,902.4299926757812,896.6300048828125,900.3200073242188,58149
2025-03-11 16:40:00+00:00,896.0599975585938,899.0,894.27001953125,898.4400024414062,47655
2025-03-11 16:45:00+00:00,897.4918212890625,897.7637939453125,895.4099731445312,896.1300048828125,52669
2025-03-11 16:50:00+00:00,895.0900268554688,899.0,894.190185546875,896.85498046875,52008
2025-03-11 16:55:00+00:00,897.1099243164062,897.9022827148438,894.3101196289062,896.1500244140625,23314
2025-03-11 17:00:00+00:00,893.6500244140625,897.0335083007812,893.2000122070312,897.0335083007812,47127
2025-03-11 17:05:00+00:00,894.030029296875,895.47998046875,891.97998046875,894.0999755859375,46371
2025-03-11 17:10:00+00:00,895.02001953125,896.0964965820312,893.3099975585938,893.9299926757812,63510
2025-03-11 17:15:00+00:00,894.9600219726562,897.0,893.239990234375,894.5800170898438,62798
2025-03-11 17:20:00+00:00,893.3250122070312,896.9000244140625,892.1701049804688,894.9600219726562,40706
2025-03-11 17:25:00+00:00,891.9199829101562,894.1099853515625,890.8800048828125,893.7899780273438,46088
2025-03-11 17:30:00+00:00,892.5999755859375,894.1312866210938,890.8400268554688,892.0599975585938,56874
2025-03-11 17:35:00+00:00,894.7550048828125,895.75,891.181396484375,893.0250244140625,42219
2025-03-11 17:40:00+00:00,898.4749755859375,898.4749755859375,894.0,894.7550048828125,65229
2025-03-11 17:45:00+00:00,899.0100708007812,901.1409301757812,897.489990234375,898.1300048828125,92640
2025-03-11 17:50:00+00:00,899.7100219726562,901.1599731445312,897.5150146484375,899.9149780273438,55646
2025-03-11 17:55:00+00:00,898.030029296875,900.0999755859375,895.8200073242188,899.8430786132812,52607
2025-03-11 18:00:00+00:00,903.0089721679688,903.6900024414062,897.9199829101562,898.7512817382812,101568
2025-03-11 18:05:00+00:00,903.0499877929688,905.0,899.0800170898438,901.8300170898438,53632
2025-03-11 18:10:00+00:00,905.2100219726562,906.1699829101562,902.1699829101562,902.1699829101562,52330
2025-03-11 18:15:00+00:00,905.0399780273438,905.7999877929688,903.5599975585938,905.7999877929688,50304
2025-03-11 18:20:00+00:00,907.33251953125,909.14501953125,903.8200073242188,905.0549926757812,96544
2025-03-11 18:25:00+00:00,905.7000122070312,907.8350830078125,904.6300048828125,907.0,50464
2025-03-11 18:30:00+00:00,904.85498046875,907.9998779296875,904.0999755859375,906.0399780273438,79228
2025-03-11 18:35:00+00:00,905.375,906.0,902.969970703125,903.8800048828125,66007
2025-03-11 18:40:00+00:00,907.6400146484375,909.5999755859375,904.75,905.75,94419
2025-03-11 18:45:00+00:00,908.0,909.3200073242188,905.8128051757812,907.6699829101562,74905
2025-03-11 18:50:00+00:00,907.4901123046875,910.6799926757812,907.4901123046875,908.3250122070312,101802
2025-03-11 18:55:00+00:00,906.0,907.9199829101562,904.7700805664062,907.9199829101562,87535
2025-03-11 19:00:00+00:00,904.885009765625,906.719970703125,901.39990234375,905.9349975585938,80541
2025-03-11 19:05:00+00:00,906.1749877929688,907.8599853515625,904.1199951171875,904.4600219726562,84313
2025-03-11 19:10:00+00:00,900.8499755859375,905.7127075195312,900.5,905.5999755859375,60245
2025-03-11 19:15:00+00:00,898.0001220703125,901.4299926757812,897.9249877929688,900.5,90363
2025-03-11 19:20:00+00:00,897.4500122070312,901.77001953125,896.3200073242188,899.1199951171875,85967
2025-03-11 19:25:00+00:00,899.344970703125,900.646728515625,896.8900146484375,896.8900146484375,74973
2025-03-11 19:30:00+00:00,898.97998046875,901.97998046875,898.7000122070312,899.7100219726562,71563
2025-03-11 19:35:00+00:00,900.2432861328125,901.9384155273438,898.5460205078125,898.5460205078125,67380
2025-03-11 19:40:00+00:00,900.719970703125,900.9000244140625,896.97998046875,899.676025390625,84322
2025-03-11 19:45:00+00:00,903.489990234375,904.6300048828125,898.6199951171875,900.719970703125,98129
2025-03-11 19:50:00+00:00,898.5800170898438,903.719970703125,897.4650268554688,903.719970703125,117094
2025-03-11 19:55:00+00:00,894.7899780273438,898.9400024414062,894.4299926757812,898.9400024414062,243344
2025-03-12 13:30:00+00:00,917.7000122070312,924.6298828125,914.260009765625,914.5999755859375,430996
2025-03-12 13:35:00+00:00,923.760009765625,925.5700073242188,917.593994140625,917.9000244140625,161455
2025-03-12 13:40:00+00:00,918.9099731445312,924.7498779296875,917.77001953125,922.7000122070312,205052
2025-03-12 13:45:00+00:00,922.0,926.4500122070312,919.340087890625,920.3200073242188,156649
2025-03-12 13:50:00+00:00,916.97998046875,924.889892578125,916.0999755859375,922.0,123660
2025-03-12 13:55:00+00:00,918.0599975585938,918.3599853515625,913.8900146484375,917.27001953125,105344
2025-03-12 14:00:00+00:00,917.7550048828125,918.280029296875,911.3303833007812,918.0650024414062,112776
2025-03-12 14:05:00+00:00,924.5446166992188,925.6729125976562,918.2349853515625,919.0214233398438,133103
2025-03-12 14:10:00+00:00,919.405029296875,927.1799926757812,919.405029296875,924.510009765625,122010
2025-03-12 14:15:00+00:00,913.6849975585938,919.719970703125,913.0,919.7000122070312,94307
2025-03-12 14:20:00+00:00,915.8626708984375,917.9942016601562,913.1199951171875,913.6849975585938,91308
2025-03-12 14:25:00+00:00,917.7550048828125,918.97998046875,912.0001220703125,915.010009765625,83777
2025-03-12 14:30:00+00:00,913.4000244140625,918.5900268554688,911.7999877929688,917.6799926757812,86863
2025-03-12 14:35:00+00:00,912.6099853515625,915.0,911.35009765625,913.2899780273438,70972
2025-03-12 14:40:00+00:00,911.219970703125,914.969970703125,911.0,912.5499877929688,84066
2025-03-12 14:45:00+00:00,910.8300170898438,912.7783813476562,910.0,911.22998046875,73910
2025-03-12 14:50:00+00:00,913.4749755859375,913.9099731445312,910.6799926757812,911.77001953125,81963
2025-03-12 14:55:00+00:00,909.3300170898438,913.5863037109375,908.1884155273438,913.405029296875,68518
2025-03-12 15:00:00+00:00,904.3900146484375,909.8499755859375,903.510009765625,908.5225219726562,70017
2025-03-12 15:05:00+00:00,903.6948852539062,905.2171020507812,902.0800170898438,905.1199951171875,74908
2025-03-12 15:10:00+00:00,903.0700073242188,905.5,902.0,903.75,88518
2025-03-12 15:15:00+00:00,905.489990234375,906.994384765625,901.0,903.0700073242188,81542
2025-03-12 15:20:00+00:00,908.1613159179688,909.4899291992188,903.6199951171875,904.8300170898438,72652
2025-03-12 15:25:00+00:00,909.4749755859375,911.4017944335938,906.989990234375,907.5499877929688,79942
2025-03-12 15:30:00+00:00,909.35498046875,911.8400268554688,908.0,909.0,57201
2025-03-12 15:35:00+00:00,910.9249877929688,912.135009765625,908.7100219726562,909.3234252929688,71139
2025-03-12 15:40:00+00:00,912.1799926757812,912.6699829101562,910.1840209960938,910.7000122070312,88803
2025-03-12 15:45:00+00:00,913.4500122070312,914.125,910.7180786132812,912.1799926757812,74293
2025-03-12 15:50:00+00:00,913.8052978515625,915.1552124023438,912.0,913.7100219726562,78929
2025-03-12 15:55:00+00:00,916.5700073242188,916.5700073242188,911.5,913.4199829101562,68394
2025-03-12 16:00:00+00:00,914.5714721679688,916.9199829101562,912.75,916.3123168945312,56308
2025-03-12 16:05:00+00:00,919.0549926757812,919.4099731445312,913.5650024414062,914.6199951171875,68967
2025-03-12 16:10:00+00:00,921.02001953125,921.639892578125,916.610107421875,919.0499877929688,84044
2025-03-12 16:15:00+00:00,918.4000244140625,921.02001953125,918.281982421875,920.6549072265625,56811
2025-03-12 16:20:00+00:00,920.939697265625,921.8023071289062,919.49609375,920.3400268554688,71242
2025-03-12 16:25:00+00:00,921.2399291992188,922.4199829101562,919.4199829101562,921.0081787109375,76007
2025-03-12 16:30:00+00:00,922.6400146484375,923.010009765625,920.4500122070312,921.030029296875,82264
2025-03-12 16:35:00+00:00,923.1699829101562,925.9199829101562,922.1699829101562,922.635009765625,98468
2025-03-12 16:40:00+00:00,916.25,922.260009765625,915.9019775390625,922.260009765625,67400
2025-03-12 16:45:00+00:00,923.2999877929688,923.7899780273438,917.1921997070312,917.1950073242188,85394
2025-03-12 16:50:00+00:00,922.3936157226562,924.1599731445312,920.093017578125,923.9099731445312,48467
2025-03-12 16:55:00+00:00,920.3699951171875,923.6300048828125,920.3599853515625,922.344970703125,42044
2025-03-12 17:00:00+00:00,920.9849853515625,922.0,919.2000122070312,921.0900268554688,54085
2025-03-12 17:05:00+00:00,922.469970703125,923.1663818359375,918.21240234375,920.760009765625,77227
2025-03-12 17:10:00+00:00,921.9400024414062,923.75,921.47998046875,921.5001220703125,69162
2025-03-12 17:15:00+00:00,922.6849975585938,923.75,921.605712890625,922.844970703125,46592
2025-03-12 17:20:00+00:00,923.4000244140625,923.739990234375,922.219970703125,922.219970703125,45527
2025-03-12 17:25:00+00:00,921.469970703125,923.135009765625,920.4901123046875,922.6732788085938,24072
2025-03-12 17:30:00+00:00,919.38232421875,922.6900024414062,919.38232421875,921.2949829101562,39554
2025-03-12 17:35:00+00:00,920.3150024414062,921.5798950195312,919.5700073242188,920.260009765625,51906
2025-03-12 17:40:00+00:00,918.0081176757812,921.4600219726562,918.0081176757812,920.864990234375,49825
2025-03-12 17:45:00+00:00,920.3800048828125,921.5,918.0,918.010009765625,52734
2025-03-12 17:50:00+00:00,918.219970703125,919.9598999023438,917.0,919.7849731445312,51262
2025-03-12 17:55:00+00:00,913.6010131835938,917.649169921875,911.52001953125,917.3499755859375,58708
2025-03-12 18:00:00+00:00,915.9393920898438,917.3699951171875,912.27001953125,913.0,61282
2025-03-12 18:05:00+00:00,916.0,916.8599853515625,914.72998046875,916.3800048828125,45758
2025-03-12 18:10:00+00:00,918.527587890625,919.0700073242188,915.72998046875,915.77001953125,69588
2025-03-12 18:15:00+00:00,919.3046875,920.710205078125,918.1201171875,918.5700073242188,52697
2025-03-12 18:20:00+00:00,919.4243774414062,920.5,917.0827026367188,919.489990234375,46206
2025-03-12 18:25:00+00:00,919.3599853515625,920.0800170898438,917.380126953125,918.75,17271
2025-03-12 18:30:00+00:00,920.9249877929688,922.4400024414062,918.5900268554688,919.260009765625,58658
2025-03-12 18:35:00+00:00,920.6699829101562,921.6553955078125,919.3599853515625,920.4199829101562,48870
2025-03-12 18:40:00+00:00,921.0750122070312,921.385986328125,918.8001098632812,920.2949829101562,98556
2025-03-12 18:45:00+00:00,922.5650024414062,923.7999877929688,920.8200073242188,921.6622924804688,66057
2025-03-12 18:50:00+00:00,921.7349853515625,923.7733154296875,920.010009765625,922.35498046875,62750
2025-03-12 18:55:00+00:00,923.3599853515625,924.3800048828125,920.7000122070312,921.7349853515625,66485
2025-03-12 19:00:00+00:00,922.0164794921875,924.010009765625,921.0399780273438,923.6649780273438,57357
2025-03-12 19:05:00+00:00,923.7999877929688,924.6199951171875,921.6900024414062,921.989990234375,67633
2025-03-12 19:10:00+00:00,923.5,924.4199829101562,922.5250244140625,923.4400024414062,74616
2025-03-12 19:15:00+00:00,924.6950073242188,924.8300170898438,921.7999877929688,923.2750244140625,83109
2025-03-12 19:20:00+00:00,922.9199829101562,925.1790161132812,921.360107421875,924.5,76625
2025-03-12 19:25:00+00:00,923.9398803710938,924.2899780273438,922.47998046875,923.0349731445312,85065
2025-03-12 19:30:00+00:00,923.5499877929688,925.5499877929688,923.3400268554688,923.9400024414062,81766
2025-03-12 19:35:00+00:00,919.780029296875,923.8800048828125,919.6699829101562,923.8800048828125,71582
2025-03-12 19:40:00+00:00,919.7100219726562,920.8300170898438,918.2000122070312,920.0750122070312,57510
2025-03-12 19:45:00+00:00,922.3400268554688,922.3400268554688,919.1599731445312,919.4500122070312,71037
2025-03-12 19:50:00+00:00,921.239990234375,921.72998046875,918.6900024414062,921.6799926757812,77517
2025-03-12 19:55:00+00:00,919.4299926757812,921.9400024414062,919.0001220703125,921.1699829101562,119138
2025-03-13 13:30:00+00:00,920.6400146484375,921.8300170898438,912.0,914.0050048828125,239418
2025-03-13 13:35:00+00:00,914.8150024414062,921.8892211914062,911.530029296875,921.8892211914062,138617
2025-03-13 13:40:00+00:00,909.5401000976562,916.1553955078125,908.0,915.4500122070312,115191
2025-03-13 13:45:00+00:00,911.5599975585938,913.2000122070312,908.0,909.1099853515625,104825
2025-03-13 13:50:00+00:00,905.0900268554688,913.1199951171875,904.7000122070312,912.72998046875,85846
2025-03-13 13:55:00+00:00,901.885009765625,907.1281127929688,899.0,905.0900268554688,105689
2025-03-13 14:00:00+00:00,903.911376953125,906.0,897.8400268554688,899.97998046875,100189
2025-03-13 14:05:00+00:00,903.4099731445312,908.0,901.9061279296875,906.0,74212
2025-03-13 14:10:00+00:00,901.5850219726562,902.9000244140625,899.0,902.9000244140625,65388
2025-03-13 14:15:00+00:00,905.5349731445312,906.0700073242188,900.2973022460938,901.5850219726562,70616
2025-03-13 14:20:00+00:00,910.6799926757812,910.6799926757812,905.0,905.0,86917
2025-03-13 14:25:00+00:00,908.010009765625,911.9998779296875,907.6599731445312,909.7949829101562,79024
2025-03-13 14:30:00+00:00,909.10498046875,912.155029296875,908.0,908.5,66505
2025-03-13 14:35:00+00:00,908.1173095703125,910.351806640625,907.110107421875,908.85498046875,37527
2025-03-13 14:40:00+00:00,905.2446899414062,909.8099975585938,905.1400146484375,908.1199951171875,45107
2025-03-13 14:45:00+00:00,906.0399780273438,907.6500244140625,904.030029296875,906.22998046875,56982
2025-03-13 14:50:00+00:00,910.1749877929688,911.8800048828125,905.5700073242188,905.5700073242188,98980
2025-03-13 14:55:00+00:00,908.75,910.6400146484375,906.4000244140625,909.6500244140625,52692
2025-03-13 15:00:00+00:00,910.71728515625,912.0,908.405029296875,908.739990234375,57429
2025-03-13 15:05:00+00:00,908.405029296875,911.892578125,907.4658813476562,910.0700073242188,47361
2025-03-13 15:10:00+00:00,907.5900268554688,911.260009765625,906.6500244140625,908.9000244140625,58510
2025-03-13 15:15:00+00:00,909.22998046875,909.9000244140625,906.2899780273438,906.4500122070312,42817
2025-03-13 15:20:00+00:00,909.6900024414062,910.52001953125,907.4302978515625,909.3400268554688,46371
2025-03-13 15:25:00+00:00,908.4400024414062,911.869873046875,906.77001953125,909.9000244140625,44782
2025-03-13 15:30:00+00:00,909.1196899414062,910.7100219726562,907.5599975585938,908.5700073242188,44737
2025-03-13 15:35:00+00:00,904.8800048828125,908.7249755859375,904.5700073242188,908.7249755859375,46742
2025-03-13 15:40:00+00:00,908.8648071289062,910.1300048828125,902.7518920898438,904.0750122070312,75299
2025-03-13 15:45:00+00:00,908.1923217773438,908.989990234375,905.6989135742188,908.0,19770
2025-03-13 15:50:00+00:00,906.75,908.5,905.239990234375,908.1400146484375,25333
2025-03-13 15:55:00+00:00,904.8900146484375,907.469970703125,904.72998046875,907.030029296875,26107
2025-03-13 16:00:00+00:00,905.5250244140625,906.4899291992188,902.7000122070312,904.864990234375,35157
2025-03-13 16:05:00+00:00,904.75,905.5900268554688,903.0,905.5349731445312,31194
2025-03-13 16:10:00+00:00,900.5501098632812,904.8400268554688,900.5501098632812,904.8400268554688,33098
2025-03-13 16:15:00+00:00,899.2750244140625,902.510009765625,899.25390625,901.114990234375,66879
2025-03-13 16:20:00+00:00,899.3535766601562,900.8699951171875,898.2947998046875,899.2750244140625,67880
2025-03-13 16:25:00+00:00,902.25,902.7799072265625,898.6099853515625,899.0700073242188,97356
2025-03-13 16:30:00+00:00,905.2349853515625,905.64990234375,901.0,901.9000244140625,61928
2025-03-13 16:35:00+00:00,906.5999755859375,907.6599731445312,903.8173217773438,904.9400024414062,50730
2025-03-13 16:40:00+00:00,904.0,906.530029296875,904.0,906.0999755859375,27404
2025-03-13 16:45:00+00:00,899.0092163085938,903.7877197265625,898.0,903.6099853515625,35153
2025-03-13 16:50:00+00:00,899.4000244140625,901.4500122070312,898.5653076171875,899.4600219726562,18668
2025-03-13 16:55:00+00:00,898.5,899.39990234375,897.3499755859375,899.2150268554688,31146
2025-03-13 17:00:00+00:00,896.0490112304688,899.3099975585938,894.780029296875,899.094970703125,32250
2025-03-13 17:05:00+00:00,896.739990234375,898.0,895.019775390625,897.6400146484375,29501
2025-03-13 17:10:00+00:00,894.0549926757812,896.75927734375,893.510009765625,896.3300170898438,24936
2025-03-13 17:15:00+00:00,892.97998046875,894.4500122070312,891.4500122070312,893.97998046875,29851
2025-03-13 17:20:00+00:00,894.219970703125,896.0,892.3699951171875,892.97998046875,26822
2025-03-13 17:25:00+00:00,896.9299926757812,896.9299926757812,894.4600219726562,894.510009765625,23720
2025-03-13 17:30:00+00:00,895.989990234375,897.2299194335938,895.5,896.54248046875,21144
2025-03-13 17:35:00+00:00,895.655029296875,897.3250122070312,895.0499877929688,896.39501953125,30909
2025-03-13 17:40:00+00:00,893.0,896.5,893.0,895.655029296875,39358
2025-03-13 17:45:00+00:00,893.97998046875,894.784423828125,892.1799926757812,892.4550170898438,29774
2025-03-13 17:50:00+00:00,895.6599731445312,896.47998046875,893.4600219726562,894.0549926757812,30509
2025-03-13 17:55:00+00:00,893.1799926757812,896.4600219726562,892.5700073242188,895.2000122070312,20058
2025-03-13 18:00:00+00:00,896.1199951171875,897.0800170898438,893.042724609375,893.239990234375,35355
2025-03-13 18:05:00+00:00,896.7000122070312,897.47998046875,895.5900268554688,895.5999755859375,61028
2025-03-13 18:10:00+00:00,899.72998046875,899.9266967773438,896.7000122070312,896.7000122070312,77205
2025-03-13 18:15:00+00:00,897.6599731445312,899.77001953125,897.2000122070312,899.4600219726562,32500
2025-03-13 18:20:00+00:00,900.0936889648438,900.25,897.3250122070312,897.4949951171875,55117
2025-03-13 18:25:00+00:00,898.489990234375,901.0,898.1950073242188,899.8099975585938,56314
2025-03-13 18:30:00+00:00,899.5750122070312,900.02001953125,896.0499877929688,898.0999755859375,30004
2025-03-13 18:35:00+00:00,899.7999877929688,900.7720947265625,898.2399291992188,898.7899780273438,18082
2025-03-13 18:40:00+00:00,902.5700073242188,902.72998046875,899.5499877929688,899.8099975585938,29395
2025-03-13 18:45:00+00:00,902.2769165039062,903.3200073242188,901.010009765625,902.4949951171875,37065
2025-03-13 18:50:00+00:00,899.2849731445312,902.47998046875,898.7849731445312,902.1799926757812,32283
2025-03-13 18:55:00+00:00,902.47998046875,902.5598754882812,897.6099853515625,899.4450073242188,29867
2025-03-13 19:00:00+00:00,901.2949829101562,903.739990234375,901.0,902.0499877929688,27144
2025-03-13 19:05:00+00:00,899.1199951171875,901.2999877929688,897.9600219726562,900.3300170898438,30952
2025-03-13 19:10:00+00:00,898.6300048828125,900.0999755859375,897.8599853515625,898.7899780273438,61839
2025-03-13 19:15:00+00:00,898.6900024414062,899.4299926757812,897.7000122070312,898.0499877929688,55330
2025-03-13 19:20:00+00:00,898.1599731445312,898.6900024414062,897.5599975585938,898.6900024414062,36424
2025-03-13 19:25:00+00:00,894.6500244140625,897.4650268554688,893.9500732421875,897.27001953125,50527
2025-03-13 19:30:00+00:00,895.4450073242188,896.0449829101562,894.4000244140625,894.6500244140625,42375
2025-03-13 19:35:00+00:00,892.0599975585938,895.155029296875,892.0599975585938,895.155029296875,35192
2025-03-13 19:40:00+00:00,890.6599731445312,892.7171020507812,889.8502197265625,892.0999755859375,91718
2025-03-13 19:45:00+00:00,892.25,892.5150146484375,890.2999877929688,890.97998046875,100342
2025-03-13 19:50:00+00:00,889.2999877929688,891.9199829101562,888.6799926757812,891.9199829101562,130320
2025-03-13 19:55:00+00:00,889.5900268554688,890.7100219726562,887.510009765625,889.64501953125,321845
2025-03-14 13:30:00+00:00,905.3200073242188,906.7695922851562,901.0,901.4600219726562,168288
2025-03-14 13:35:00+00:00,912.2449951171875,915.2100219726562,903.22998046875,905.3200073242188,157929
2025-03-14 13:40:00+00:00,912.2150268554688,913.5399780273438,909.739990234375,913.2059936523438,94086
2025-03-14 13:45:00+00:00,916.02001953125,916.02001953125,911.989990234375,913.0399780273438,119531
2025-03-14 13:50:00+00:00,915.1774291992188,917.2000122070312,912.0465087890625,915.52001953125,79421
2025-03-14 13:55:00+00:00,907.7999877929688,914.25,907.0,914.0985107421875,67559
2025-03-14 14:00:00+00:00,906.625,908.02001953125,901.27099609375,905.6300048828125,102136
2025-03-14 14:05:00+00:00,906.5462036132812,910.8499755859375,905.27392578125,906.3209838867188,68637
2025-03-14 14:10:00+00:00,908.4299926757812,908.9500122070312,905.0001220703125,906.4400024414062,73706
2025-03-14 14:15:00+00:00,911.489990234375,911.9307861328125,908.0549926757812,908.5050048828125,97280
2025-03-14 14:20:00+00:00,911.1799926757812,911.5,907.9400024414062,911.5,112911
2025-03-14 14:25:00+00:00,905.2000122070312,911.239990234375,904.1199951171875,910.8400268554688,55324
2025-03-14 14:30:00+00:00,906.22998046875,907.953125,904.710205078125,905.8400268554688,64734
2025-03-14 14:35:00+00:00,910.8900146484375,911.0,904.521484375,906.219970703125,63591
2025-03-14 14:40:00+00:00,909.7467041015625,912.9400024414062,908.39501953125,910.9349975585938,50573
2025-03-14 14:45:00+00:00,910.0700073242188,911.1906127929688,908.6500244140625,909.5050048828125,68940
2025-03-14 14:50:00+00:00,911.5526733398438,912.8400268554688,910.010009765625,910.5999145507812,80564
2025-03-14 14:55:00+00:00,913.510009765625,913.8200073242188,910.1300048828125,911.1871948242188,83771
2025-03-14 15:00:00+00:00,916.1099853515625,917.0,912.9199829101562,913.030029296875,85212
2025-03-14 15:05:00+00:00,914.0900268554688,917.4398803710938,914.0900268554688,915.469970703125,82332
2025-03-14 15:10:00+00:00,913.5449829101562,916.510009765625,913.3765869140625,914.2899780273438,61705
2025-03-14 15:15:00+00:00,914.5599975585938,915.2999877929688,912.880126953125,913.8049926757812,67374
2025-03-14 15:20:00+00:00,916.8800048828125,917.376220703125,913.5999755859375,914.2050170898438,96814
2025-03-14 15:25:00+00:00,914.598388671875,917.0,913.9600830078125,917.0,29418
2025-03-14 15:30:00+00:00,918.510009765625,918.9199829101562,913.8001098632812,914.380126953125,69659
2025-03-14 15:35:00+00:00,916.989990234375,919.5499877929688,915.1322021484375,918.530029296875,76029
2025-03-14 15:40:00+00:00,917.9199829101562,918.885009765625,916.0905151367188,916.5999755859375,67131
2025-03-14 15:45:00+00:00,916.7000122070312,918.2100219726562,915.3499755859375,917.905029296875,44188
2025-03-14 15:50:00+00:00,917.3300170898438,917.3300170898438,915.2100219726562,916.7000122070312,36261
2025-03-14 15:55:00+00:00,917.2553100585938,919.3298950195312,916.27001953125,917.1099853515625,31388
2025-03-14 16:00:00+00:00,916.9099731445312,918.4000244140625,916.5,917.7337036132812,28742
2025-03-14 16:05:00+00:00,915.7813720703125,918.0,915.211669921875,917.1099853515625,31105
2025-03-14 16:10:00+00:00,914.72998046875,916.719970703125,914.0,915.77001953125,27882
2025-03-14 16:15:00+00:00,914.238525390625,914.780029296875,912.7100219726562,914.0,25558
2025-03-14 16:20:00+00:00,914.1900024414062,915.9998779296875,913.0001220703125,914.0,27857
2025-03-14 16:25:00+00:00,911.905029296875,914.4400024414062,911.3699951171875,914.4199829101562,39710
2025-03-14 16:30:00+00:00,913.1300048828125,913.1300048828125,910.8900146484375,911.989990234375,56972
2025-03-14 16:35:00+00:00,914.2999877929688,914.6300048828125,912.3150024414062,912.89501953125,53354
2025-03-14 16:40:00+00:00,913.8200073242188,914.9000244140625,913.1199951171875,913.8599853515625,47039
2025-03-14 16:45:00+00:00,913.7750244140625,914.5800170898438,913.0001220703125,913.8200073242188,24201
2025-03-14 16:50:00+00:00,915.4550170898438,915.8599853515625,913.4000244140625,914.3198852539062,50806
2025-03-14 16:55:00+00:00,914.4400024414062,915.889892578125,914.4400024414062,915.4550170898438,28879
2025-03-14 17:00:00+00:00,913.0728149414062,915.0599975585938,912.3325805664062,914.5700073242188,52260
2025-03-14 17:05:00+00:00,915.2449951171875,916.2949829101562,913.030029296875,914.0050048828125,56839
2025-03-14 17:10:00+00:00,913.77001953125,915.2476806640625,913.3499755859375,915.2476806640625,27503
2025-03-14 17:15:00+00:00,913.8400268554688,916.364990234375,913.72998046875,913.7449951171875,54997
2025-03-14 17:20:00+00:00,914.614990234375,915.6199951171875,913.9600219726562,914.1524047851562,43065
2025-03-14 17:25:00+00:00,913.6099853515625,915.8300170898438,912.5,915.75,54536
2025-03-14 17:30:00+00:00,911.989990234375,914.3800048828125,910.4027709960938,913.4500122070312,40944
2025-03-14 17:35:00+00:00,912.3300170898438,913.8200073242188,910.75,911.4199829101562,47874
2025-03-14 17:40:00+00:00,911.2523193359375,913.0,910.6762084960938,912.6799926757812,29802
2025-03-14 17:45:00+00:00,910.2050170898438,911.4210815429688,909.4600219726562,910.6900024414062,38177
2025-03-14 17:50:00+00:00,912.5,912.5,909.7139282226562,909.7139282226562,59253
2025-03-14 17:55:00+00:00,911.619873046875,911.9949951171875,910.8250122070312,911.6599731445312,22987
2025-03-14 18:00:00+00:00,913.27001953125,913.8599853515625,911.125,911.4398803710938,58490
2025-03-14 18:05:00+00:00,914.9299926757812,915.0,911.8712768554688,912.989990234375,67667
2025-03-14 18:10:00+00:00,914.2000122070312,916.7999267578125,913.6099853515625,914.8400268554688,56840
2025-03-14 18:15:00+00:00,912.6400756835938,914.5399780273438,912.3699951171875,914.5399780273438,48425
2025-03-14 18:20:00+00:00,912.5700073242188,914.9600219726562,912.3699951171875,913.052490234375,36563
2025-03-14 18:25:00+00:00,913.9299926757812,915.3400268554688,912.1300048828125,912.5700073242188,52008
2025-03-14 18:30:00+00:00,915.3099975585938,915.9600219726562,914.14501953125,914.14501953125,40452
2025-03-14 18:35:00+00:00,917.635009765625,917.8200073242188,914.780029296875,914.8259887695312,39106
2025-03-14 18:40:00+00:00,917.1480102539062,917.9899291992188,916.3596801757812,917.3099975585938,32282
2025-03-14 18:45:00+00:00,916.719970703125,918.0,916.719970703125,917.27001953125,47208
2025-03-14 18:50:00+00:00,915.5999755859375,918.2000122070312,915.5999755859375,916.8300170898438,59660
2025-03-14 18:55:00+00:00,916.52001953125,916.875,914.5700073242188,915.4199829101562,48393
2025-03-14 19:00:00+00:00,917.9099731445312,918.3499145507812,915.5800170898438,916.3400268554688,63637
2025-03-14 19:05:00+00:00,916.7987060546875,918.2899780273438,916.5601196289062,917.5900268554688,51313
2025-03-14 19:10:00+00:00,915.9163818359375,916.8464965820312,915.3699951171875,916.7899780273438,51634
2025-03-14 19:15:00+00:00,913.8900146484375,916.219970703125,913.6199951171875,915.8900146484375,56025
2025-03-14 19:20:00+00:00,912.9700927734375,914.6099853515625,912.5599975585938,914.135009765625,31661
2025-03-14 19:25:00+00:00,913.1900024414062,913.8298950195312,912.6026000976562,913.52001953125,34224
2025-03-14 19:30:00+00:00,914.3300170898438,915.4998779296875,913.2072143554688,913.2072143554688,44652
2025-03-14 19:35:00+00:00,914.739990234375,916.0999755859375,914.3099975585938,914.344970703125,64918
2025-03-14 19:40:00+00:00,915.0050048828125,915.9998779296875,914.4299926757812,914.7000122070312,66187
2025-03-14 19:45:00+00:00,916.9807739257812,917.4338989257812,913.857177734375,914.7949829101562,65694
2025-03-14 19:50:00+00:00,919.0700073242188,919.625,915.7100219726562,916.4400024414062,83149
2025-03-14 19:55:00+00:00,917.3699951171875,919.5,917.0100708007812,919.489990234375,215629
2025-03-17 13:30:00+00:00,944.239990234375,946.6390991210938,934.4199829101562,939.1749877929688,445435
2025-03-17 13:35:00+00:00,952.5368041992188,952.5368041992188,943.5,944.7000122070312,254387
2025-03-17 13:40:00+00:00,952.5999755859375,957.7606201171875,951.2000122070312,952.6699829101562,269221
2025-03-17 13:45:00+00:00,945.1199951171875,955.2000122070312,943.0001220703125,954.2000122070312,206853
2025-03-17 13:50:00+00:00,952.7999877929688,952.8699951171875,943.473388671875,945.010009765625,196483
2025-03-17 13:55:00+00:00,951.0050048828125,953.239990234375,949.0,952.25,127836
2025-03-17 14:00:00+00:00,950.489990234375,951.39990234375,945.4199829101562,950.010009765625,120412
2025-03-17 14:05:00+00:00,954.5700073242188,956.489990234375,948.2000122070312,949.594970703125,152600
2025-03-17 14:10:00+00:00,959.1849975585938,960.75,953.5999755859375,954.5700073242188,167437
2025-03-17 14:15:00+00:00,957.4500122070312,959.3400268554688,954.0621948242188,959.2650146484375,119722
2025-03-17 14:20:00+00:00,953.719970703125,958.9899291992188,953.0001220703125,957.4500122070312,99069
2025-03-17 14:25:00+00:00,952.0,954.9199829101562,950.5,953.5,106058
2025-03-17 14:30:00+00:00,952.469970703125,953.3800048828125,949.2000122070312,951.260009765625,125661
2025-03-17 14:35:00+00:00,952.1400146484375,953.4000244140625,948.552490234375,952.6868896484375,135791
2025-03-17 14:40:00+00:00,951.7550048828125,953.0399780273438,948.9417114257812,952.1749877929688,106424
2025-03-17 14:45:00+00:00,954.0399780273438,954.9000244140625,950.0399780273438,952.6500244140625,113887
2025-03-17 14:50:00+00:00,954.1799926757812,956.0,952.6392211914062,953.7899780273438,86908
2025-03-17 14:55:00+00:00,954.405029296875,954.719970703125,951.0399780273438,954.3400268554688,102176
2025-03-17 15:00:00+00:00,952.6749877929688,957.0,952.0,954.47998046875,110544
2025-03-17 15:05:00+00:00,954.97998046875,954.97998046875,951.6300048828125,952.6749877929688,78959
2025-03-17 15:10:00+00:00,954.0,955.989990234375,952.7056274414062,954.3200073242188,80615
2025-03-17 15:15:00+00:00,957.2999877929688,957.989990234375,951.6500244140625,954.4550170898438,89055
2025-03-17 15:20:00+00:00,956.4141235351562,959.2000122070312,955.4600219726562,958.0,117932
2025-03-17 15:25:00+00:00,951.9600219726562,957.97998046875,951.6500244140625,957.97998046875,57046
2025-03-17 15:30:00+00:00,949.6099853515625,953.6500244140625,948.6599731445312,951.9400024414062,75226
2025-03-17 15:35:00+00:00,950.5,952.739990234375,949.5499877929688,950.4500122070312,75834
2025-03-17 15:40:00+00:00,949.10498046875,951.52001953125,949.0399780273438,950.5,50061
2025-03-17 15:45:00+00:00,949.635009765625,950.6300048828125,948.1099853515625,949.10498046875,45432
2025-03-17 15:50:00+00:00,948.7899780273438,950.2199096679688,948.4210815429688,949.2606201171875,41345
2025-03-17 15:55:00+00:00,945.7650756835938,949.8200073242188,945.5599975585938,949.1649780273438,58941
2025-03-17 16:00:00+00:00,949.135009765625,949.8695068359375,945.5399780273438,946.6500244140625,81686
2025-03-17 16:05:00+00:00,950.5599975585938,951.6699829101562,948.2373046875,949.135009765625,58066
2025-03-17 16:10:00+00:00,951.0,952.4000244140625,950.1699829101562,951.2000122070312,51884
2025-03-17 16:15:00+00:00,950.010009765625,952.1300048828125,949.02001953125,952.1300048828125,38460
2025-03-17 16:20:00+00:00,949.3499755859375,950.989990234375,947.3900146484375,949.9550170898438,39812
2025-03-17 16:25:00+00:00,949.3099975585938,950.2000122070312,948.0900268554688,949.27001953125,66351
2025-03-17 16:30:00+00:00,951.3569946289062,952.1099853515625,949.1508178710938,949.385009765625,105382
2025-03-17 16:35:00+00:00,951.6799926757812,952.97998046875,951.02001953125,952.3300170898438,66429
2025-03-17 16:40:00+00:00,950.3099975585938,951.9677124023438,949.4400024414062,951.6799926757812,59574
2025-03-17 16:45:00+00:00,950.739990234375,951.2103881835938,949.0,950.03857421875,58691
2025-03-17 16:50:00+00:00,952.0349731445312,952.4299926757812,950.0399780273438,950.3154296875,58343
2025-03-17 16:55:00+00:00,950.2979736328125,952.1799926757812,950.219970703125,951.6699829101562,33573
2025-03-17 17:00:00+00:00,949.9442138671875,951.9000244140625,949.3624877929688,950.7949829101562,38251
2025-03-17 17:05:00+00:00,951.5499877929688,952.75,950.0,950.0150146484375,55324
2025-03-17 17:10:00+00:00,952.1500244140625,952.6500244140625,950.4600219726562,951.0999755859375,41460
2025-03-17 17:15:00+00:00,951.9500122070312,952.8699951171875,950.8499755859375,952.0700073242188,35538
2025-03-17 17:20:00+00:00,953.3400268554688,954.0399780273438,951.1395874023438,951.9400024414062,53581
2025-03-17 17:25:00+00:00,953.8099975585938,954.8900146484375,953.0401000976562,953.2302856445312,42398
2025-03-17 17:30:00+00:00,954.4400024414062,954.780029296875,952.9401245117188,954.0399780273438,42728
2025-03-17 17:35:00+00:00,955.6699829101562,956.5,953.4478759765625,954.4400024414062,64290
2025-03-17 17:40:00+00:00,956.9349975585938,957.5,955.1849975585938,955.5999755859375,37312
2025-03-17 17:45:00+00:00,956.3499755859375,957.083984375,954.9500732421875,957.083984375,26700
2025-03-17 17:50:00+00:00,958.38037109375,958.5,956.4849853515625,956.5,57110
2025-03-17 17:55:00+00:00,958.6799926757812,958.9000244140625,957.5499877929688,958.239990234375,30864
2025-03-17 18:00:00+00:00,962.1300048828125,962.4400024414062,958.7999877929688,958.7999877929688,93568
2025-03-17 18:05:00+00:00,964.7849731445312,965.0,961.6799926757812,962.1300048828125,108391
2025-03-17 18:10:00+00:00,965.1849975585938,967.1099853515625,963.6500854492188,964.7849731445312,107228
2025-03-17 18:15:00+00:00,964.75,966.35498046875,963.1265869140625,965.0,69887
2025-03-17 18:20:00+00:00,964.989990234375,965.6599731445312,964.0,964.8099975585938,49948
2025-03-17 18:25:00+00:00,966.5499877929688,967.0,964.625,964.625,166134
2025-03-17 18:30:00+00:00,967.219970703125,967.5,965.0800170898438,966.47998046875,65367
2025-03-17 18:35:00+00:00,965.2999877929688,967.6300048828125,965.0900268554688,967.5,27694
2025-03-17 18:40:00+00:00,965.5999755859375,966.0,964.5,964.5,30310
2025-03-17 18:45:00+00:00,965.6099853515625,966.8800048828125,965.0999755859375,965.6699829101562,30601
2025-03-17 18:50:00+00:00,962.9949951171875,965.8499145507812,962.6599731445312,965.253173828125,27380
2025-03-17 18:55:00+00:00,964.125,965.2399291992188,962.6837768554688,962.6837768554688,36359
2025-03-17 19:00:00+00:00,964.1300048828125,966.0,963.4000244140625,964.47998046875,42468
2025-03-17 19:05:00+00:00,964.4000244140625,966.5599975585938,964.0,964.1849975585938,31925
2025-03-17 19:10:00+00:00,965.1500244140625,965.3900146484375,963.3300170898438,964.1900024414062,37041
2025-03-17 19:15:00+00:00,964.3400268554688,965.4948120117188,964.1400146484375,965.0250244140625,45825
2025-03-17 19:20:00+00:00,962.9500122070312,964.8200073242188,962.5599975585938,964.3400268554688,53655
2025-03-17 19:25:00+00:00,962.4000854492188,963.0700073242188,961.7860717773438,962.6793212890625,41716
2025-03-17 19:30:00+00:00,961.0,963.3300170898438,961.0,962.4000244140625,51761
2025-03-17 19:35:00+00:00,960.39501953125,961.739990234375,959.4500732421875,960.760009765625,44860
2025-03-17 19:40:00+00:00,959.97998046875,960.6420288085938,958.0,960.2949829101562,57261
2025-03-17 19:45:00+00:00,958.6500244140625,960.5549926757812,958.1900024414062,959.9550170898438,59269
2025-03-17 19:50:00+00:00,950.3699951171875,959.3468017578125,950.1199951171875,958.6500244140625,127433
2025-03-17 19:55:00+00:00,950.030029296875,952.125,947.64501953125,950.22998046875,381029
2025-03-18 13:30:00+00:00,944.0001220703125,948.2498779296875,938.02001953125,940.0,194868
2025-03-18 13:35:00+00:00,935.8400268554688,944.3524169921875,934.5499877929688,944.3524169921875,144811
2025-03-18 13:40:00+00:00,928.1699829101562,935.8900146484375,927.5001220703125,935.7249755859375,188715
2025-03-18 13:45:00+00:00,930.4400024414062,932.2490844726562,926.5300903320312,928.4099731445312,115028
2025-03-18 13:50:00+00:00,931.2824096679688,932.6599731445312,929.280029296875,930.0700073242188,114200
2025-03-18 13:55:00+00:00,925.5700073242188,932.0,925.47998046875,930.0999755859375,94034
2025-03-18 14:00:00+00:00,924.6690063476562,925.3513793945312,921.1900024414062,925.0,154454
2025-03-18 14:05:00+00:00,923.9099731445312,926.9500122070312,921.9099731445312,925.3099975585938,119565
2025-03-18 14:10:00+00:00,923.97998046875,927.6900024414062,923.135009765625,923.9000244140625,106124
2025-03-18 14:15:00+00:00,922.4000244140625,926.1998901367188,920.9400024414062,924.8049926757812,89619
2025-03-18 14:20:00+00:00,925.5322875976562,926.4199829101562,920.6599731445312,922.0850219726562,98226
2025-03-18 14:25:00+00:00,924.4299926757812,926.8400268554688,922.3223876953125,926.2899780273438,99652
2025-03-18 14:30:00+00:00,922.4129028320312,924.6699829101562,919.0155029296875,924.510009765625,88587
2025-03-18 14:35:00+00:00,924.8800048828125,925.260009765625,920.8800048828125,922.4000244140625,47643
2025-03-18 14:40:00+00:00,924.5499877929688,926.3200073242188,922.8049926757812,924.4199829101562,65782
2025-03-18 14:45:00+00:00,921.4299926757812,924.969970703125,920.02001953125,924.4849853515625,60575
2025-03-18 14:50:00+00:00,921.3099975585938,924.5900268554688,921.0,922.2999877929688,76161
2025-03-18 14:55:00+00:00,922.1749877929688,923.6300048828125,920.6799926757812,921.6276245117188,74491
2025-03-18 15:00:00+00:00,918.6400146484375,922.0,917.3300170898438,922.0,80802
2025-03-18 15:05:00+00:00,918.8400268554688,920.1998901367188,916.2999877929688,918.64501953125,92902
2025-03-18 15:10:00+00:00,919.2603149414062,920.5599975585938,917.7999877929688,919.0596923828125,102364
2025-03-18 15:15:00+00:00,922.239990234375,922.239990234375,919.1060791015625,920.219970703125,85166
2025-03-18 15:20:00+00:00,923.219970703125,923.6199951171875,920.2777709960938,922.0599975585938,95957
2025-03-18 15:25:00+00:00,924.4249877929688,926.4199829101562,922.0084838867188,923.0,86171
2025-03-18 15:30:00+00:00,925.6500244140625,926.2999877929688,923.6680908203125,924.4249877929688,82699
2025-03-18 15:35:00+00:00,926.0,927.9605102539062,924.3237915039062,924.7000122070312,99376
2025-03-18 15:40:00+00:00,925.8709716796875,927.7000122070312,925.1488037109375,926.4578857421875,55151
2025-03-18 15:45:00+00:00,926.3900146484375,927.0999755859375,925.293212890625,926.1199951171875,59266
2025-03-18 15:50:00+00:00,923.89501953125,926.02001953125,923.5900268554688,926.02001953125,58248
2025-03-18 15:55:00+00:00,925.6951904296875,925.6951904296875,923.0,923.89501953125,44580
2025-03-18 16:00:00+00:00,927.3499755859375,928.239990234375,924.10498046875,924.97998046875,66258
2025-03-18 16:05:00+00:00,927.9949951171875,928.9500122070312,927.0,927.6799926757812,53185
2025-03-18 16:10:00+00:00,929.5932006835938,930.7899780273438,927.751708984375,927.9949951171875,73147
2025-03-18 16:15:00+00:00,927.5999755859375,930.280029296875,927.510009765625,930.0449829101562,46481
2025-03-18 16:20:00+00:00,930.0900268554688,930.0900268554688,927.52001953125,927.6500244140625,46833
2025-03-18 16:25:00+00:00,930.9113159179688,931.9299926757812,929.684326171875,929.7249755859375,65423
2025-03-18 16:30:00+00:00,929.5770874023438,932.02001953125,929.0,931.010009765625,50035
2025-03-18 16:35:00+00:00,931.2922973632812,931.989990234375,929.4600219726562,929.5700073242188,72427
2025-03-18 16:40:00+00:00,929.135009765625,931.969970703125,928.5050048828125,931.2949829101562,55602
2025-03-18 16:45:00+00:00,928.0750122070312,929.5999755859375,927.219970703125,929.135009765625,59275
2025-03-18 16:50:00+00:00,929.4749755859375,930.0,927.0300903320312,928.1799926757812,64623
2025-03-18 16:55:00+00:00,934.0,934.4390258789062,930.0,930.1799926757812,54033
2025-03-18 17:00:00+00:00,931.8250122070312,933.9500122070312,931.080078125,933.9500122070312,21571
2025-03-18 17:05:00+00:00,929.4199829101562,931.7449951171875,928.2211303710938,931.7449951171875,19118
2025-03-18 17:10:00+00:00,930.6099853515625,931.22998046875,928.9349975585938,929.864990234375,25560
2025-03-18 17:15:00+00:00,929.3200073242188,930.8300170898438,927.9918212890625,930.4971923828125,34757
2025-03-18 17:20:00+00:00,930.260009765625,931.5999755859375,929.3699951171875,929.52001953125,18956
2025-03-18 17:25:00+00:00,930.3599853515625,932.0,929.7849731445312,930.969970703125,14030
2025-03-18 17:30:00+00:00,929.8200073242188,930.8638916015625,928.4619750976562,930.5700073242188,18152
2025-03-18 17:35:00+00:00,931.64501953125,932.5,930.0,930.0,61122
2025-03-18 17:40:00+00:00,929.2000732421875,932.0,929.2000732421875,931.52001953125,34740
2025-03-18 17:45:00+00:00,930.6699829101562,931.469970703125,929.2000122070312,929.7000122070312,51304
2025-03-18 17:50:00+00:00,931.9749755859375,932.6799926757812,930.8599853515625,930.9249877929688,48452
2025-03-18 17:55:00+00:00,931.4650268554688,931.969970703125,930.11181640625,931.969970703125,42005
2025-03-18 18:00:00+00:00,930.0250244140625,932.0,928.9949951171875,932.0,52149
2025-03-18 18:05:00+00:00,931.1400146484375,932.1799926757812,928.8900146484375,929.6400146484375,67212
2025-03-18 18:10:00+00:00,930.1140747070312,931.7899780273438,930.1140747070312,931.1400146484375,49693
2025-03-18 18:15:00+00:00,930.5399780273438,931.0,929.5499877929688,930.6199951171875,55702
2025-03-18 18:20:00+00:00,933.788330078125,934.4299926757812,930.3375854492188,930.72998046875,71227
2025-03-18 18:25:00+00:00,932.1599731445312,935.5599975585938,932.1599731445312,934.3175048828125,74224
2025-03-18 18:30:00+00:00,932.614990234375,934.3099975585938,932.0855102539062,932.5722045898438,63284
2025-03-18 18:35:00+00:00,934.4500122070312,935.4594116210938,932.760009765625,933.25,61082
2025-03-18 18:40:00+00:00,932.7000122070312,935.0650024414062,932.3300170898438,934.9749755859375,60752
2025-03-18 18:45:00+00:00,935.0599975585938,935.0599975585938,932.916015625,933.2100219726562,49536
2025-03-18 18:50:00+00:00,936.280029296875,937.0,934.4299926757812,934.655029296875,70519
2025-03-18 18:55:00+00:00,935.6900024414062,936.2899780273438,934.6400146484375,936.2750244140625,35704
2025-03-18 19:00:00+00:00,935.8900146484375,937.330078125,934.9500122070312,935.6749877929688,66622
2025-03-18 19:05:00+00:00,935.4180297851562,936.0900268554688,933.8878784179688,935.2000122070312,59292
2025-03-18 19:10:00+00:00,934.5449829101562,935.969970703125,933.1699829101562,934.7999877929688,64517
2025-03-18 19:15:00+00:00,934.0150146484375,934.72998046875,933.0242919921875,934.1832275390625,59324
2025-03-18 19:20:00+00:00,931.2172241210938,934.489990234375,931.10498046875,933.8200073242188,49601
2025-03-18 19:25:00+00:00,930.8350219726562,931.648193359375,928.0001220703125,931.4299926757812,56677
2025-03-18 19:30:00+00:00,931.9500122070312,933.0,930.469970703125,931.2100219726562,53804
2025-03-18 19:35:00+00:00,928.5999755859375,932.2999877929688,928.5999755859375,931.9310302734375,43078
2025-03-18 19:40:00+00:00,929.6500244140625,930.8300170898438,928.510009765625,928.533203125,52900
2025-03-18 19:45:00+00:00,928.6799926757812,930.4299926757812,928.6799926757812,929.6500244140625,45239
2025-03-18 19:50:00+00:00,929.6099853515625,931.9298706054688,928.2568969726562,929.4749755859375,88523
2025-03-18 19:55:00+00:00,930.4299926757812,931.5499877929688,929.3400268554688,929.7100219726562,124854
2025-03-19 13:30:00+00:00,933.0,940.7382202148438,933.0,935.9099731445312,388482
2025-03-19 13:35:00+00:00,930.9400024414062,936.0,928.0390014648438,932.9199829101562,89357
2025-03-19 13:40:00+00:00,926.9199829101562,930.9799194335938,924.0,930.9400024414062,96043
2025-03-19 13:45:00+00:00,932.0,934.27001953125,927.47998046875,927.47998046875,97408
2025-03-19 13:50:00+00:00,937.9099731445312,938.3242797851562,932.0980224609375,933.0,77346
2025-03-19 13:55:00+00:00,939.52001953125,941.0477294921875,937.2000122070312,937.9099731445312,100054
2025-03-19 14:00:00+00:00,945.190185546875,945.97998046875,939.6400146484375,939.6400146484375,123576
2025-03-19 14:05:00+00:00,946.173583984375,947.6500244140625,944.260009765625,945.3900146484375,108629
2025-03-19 14:10:00+00:00,947.9000244140625,948.9298706054688,946.1500244140625,947.469970703125,111593
2025-03-19 14:15:00+00:00,952.031982421875,953.0,946.8800048828125,946.8800048828125,109664
2025-03-19 14:20:00+00:00,952.594970703125,953.25,950.530029296875,951.6799926757812,83300
2025-03-19 14:25:00+00:00,953.77001953125,955.3699951171875,952.4578247070312,952.4578247070312,101922
2025-03-19 14:30:00+00:00,956.530029296875,957.64990234375,952.0,954.0999755859375,130655
2025-03-19 14:35:00+00:00,959.4022827148438,960.5625,956.52001953125,957.280029296875,121558
2025-03-19 14:40:00+00:00,955.8499755859375,961.2999877929688,955.1923828125,960.0,130381
2025-03-19 14:45:00+00:00,954.3800048828125,955.97998046875,953.27001953125,955.5,109272
2025-03-19 14:50:00+00:00,954.1801147460938,954.9912719726562,951.5377197265625,954.5700073242188,66299
2025-03-19 14:55:00+00:00,955.114990234375,955.6900024414062,953.084228515625,954.1799926757812,81656
2025-03-19 15:00:00+00:00,957.2100219726562,957.3300170898438,953.9500122070312,954.760009765625,69191
2025-03-19 15:05:00+00:00,960.8699951171875,961.5,956.4299926757812,956.9500122070312,101908
2025-03-19 15:10:00+00:00,959.4400024414062,962.0250244140625,959.283203125,960.7999877929688,71670
2025-03-19 15:15:00+00:00,958.239990234375,960.0576782226562,957.8800048828125,959.7828979492188,35939
2025-03-19 15:20:00+00:00,959.4500122070312,961.39990234375,957.8800048828125,958.3828735351562,61592
2025-03-19 15:25:00+00:00,959.6561889648438,961.0,957.8800048828125,958.64501953125,53200
2025-03-19 15:30:00+00:00,960.5050048828125,960.8300170898438,958.6199951171875,959.6300048828125,46113
2025-03-19 15:35:00+00:00,960.2449951171875,961.5,959.5399780273438,960.5050048828125,63861
2025-03-19 15:40:00+00:00,961.1226806640625,961.5800170898438,959.4951171875,960.2899780273438,62197
2025-03-19 15:45:00+00:00,958.6417236328125,961.2269897460938,957.8800048828125,961.1199951171875,50772
2025-03-19 15:50:00+00:00,959.739990234375,961.219970703125,959.0800170898438,960.2000122070312,57080
2025-03-19 15:55:00+00:00,959.2100219726562,960.5347290039062,958.2301025390625,959.739990234375,27678
2025-03-19 16:00:00+00:00,960.2999267578125,960.989990234375,959.1181030273438,959.9500122070312,45752
2025-03-19 16:05:00+00:00,958.8048095703125,961.0413818359375,958.8048095703125,960.1900024414062,50405
2025-03-19 16:10:00+00:00,957.7000122070312,959.57080078125,957.6900024414062,959.3698120117188,49585
2025-03-19 16:15:00+00:00,958.4199829101562,958.739990234375,956.260009765625,957.8699951171875,54671
2025-03-19 16:20:00+00:00,959.52001953125,959.8599853515625,957.0142211914062,958.489990234375,42060
2025-03-19 16:25:00+00:00,958.0969848632812,959.7000122070312,958.0599975585938,959.469970703125,41665
2025-03-19 16:30:00+00:00,956.6099853515625,958.4199829101562,956.030029296875,958.0599975585938,43015
2025-03-19 16:35:00+00:00,956.52001953125,956.8900146484375,955.2000122070312,956.8800048828125,35793
2025-03-19 16:40:00+00:00,955.5750122070312,955.6199951171875,954.6500244140625,955.2100219726562,27230
2025-03-19 16:45:00+00:00,955.3099975585938,956.1199951171875,954.5,955.0700073242188,32058
2025-03-19 16:50:00+00:00,955.4000244140625,955.94140625,953.655029296875,955.4400024414062,49745
2025-03-19 16:55:00+00:00,955.155029296875,955.8599853515625,954.3400268554688,955.4000244140625,27522
2025-03-19 17:00:00+00:00,953.4000244140625,955.719970703125,952.781005859375,955.1522216796875,44774
2025-03-19 17:05:00+00:00,950.8126831054688,953.5800170898438,950.1400146484375,953.5800170898438,42656
2025-03-19 17:10:00+00:00,947.6110229492188,951.4598999023438,946.9066162109375,951.4598999023438,59919
2025-03-19 17:15:00+00:00,950.4149780273438,951.5,947.5,947.5,78092
2025-03-19 17:20:00+00:00,949.3699951171875,951.1099243164062,948.8892211914062,950.22998046875,50862
2025-03-19 17:25:00+00:00,950.5120239257812,951.3699951171875,949.3499755859375,951.1099853515625,41515
2025-03-19 17:30:00+00:00,950.77001953125,951.5,949.5501098632812,950.6500244140625,48564
2025-03-19 17:35:00+00:00,951.760009765625,952.5883178710938,950.1300048828125,950.6599731445312,45791
2025-03-19 17:40:00+00:00,950.864990234375,952.510009765625,950.864990234375,951.7777099609375,28532
2025-03-19 17:45:00+00:00,950.22998046875,950.9600219726562,949.5,950.864990234375,15050
2025-03-19 17:50:00+00:00,951.469970703125,951.7474975585938,950.2000122070312,950.4299926757812,17722
2025-03-19 17:55:00+00:00,950.4099731445312,951.469970703125,950.080078125,950.080078125,16859
2025-03-19 18:00:00+00:00,952.739990234375,957.0899047851562,948.72998046875,949.5,71776
2025-03-19 18:05:00+00:00,954.0,954.5900268554688,950.0,951.8809814453125,74997
2025-03-19 18:10:00+00:00,956.8099975585938,958.260009765625,954.1400146484375,954.1849975585938,77643
2025-03-19 18:15:00+00:00,957.1300048828125,958.9600219726562,956.56689453125,956.8707885742188,48137
2025-03-19 18:20:00+00:00,956.239990234375,957.1699829101562,955.27001953125,956.489990234375,24785
2025-03-19 18:25:00+00:00,955.5999755859375,957.4500122070312,953.7999877929688,956.2150268554688,24711
2025-03-19 18:30:00+00:00,958.4400024414062,960.6799926757812,955.97998046875,955.97998046875,72573
2025-03-19 18:35:00+00:00,956.7799072265625,959.77001953125,955.6900024414062,959.0800170898438,43708
2025-03-19 18:40:00+00:00,959.239990234375,960.0,955.4299926757812,955.72998046875,46362
2025-03-19 18:45:00+00:00,957.9650268554688,959.97998046875,957.2999877929688,959.255126953125,58307
2025-03-19 18:50:00+00:00,960.9600219726562,961.6900024414062,957.9000244140625,958.4421997070312,50472
2025-03-19 18:55:00+00:00,963.8922729492188,964.1500244140625,959.6713256835938,960.9215087890625,98644
2025-03-19 19:00:00+00:00,964.3577880859375,966.22998046875,963.760009765625,964.1300048828125,80949
2025-03-19 19:05:00+00:00,966.989990234375,967.6300048828125,963.5,964.4522705078125,70514
2025-03-19 19:10:00+00:00,965.1900024414062,967.760009765625,963.8778076171875,966.719970703125,88808
2025-03-19 19:15:00+00:00,964.2899780273438,966.5399780273438,964.0,965.2949829101562,69013
2025-03-19 19:20:00+00:00,961.27001953125,964.969970703125,959.3499755859375,964.969970703125,83622
2025-03-19 19:25:00+00:00,958.5499877929688,961.989990234375,957.2000732421875,960.9400024414062,95009
2025-03-19 19:30:00+00:00,960.1699829101562,962.8806762695312,958.0800170898438,958.72998046875,84674
2025-03-19 19:35:00+00:00,961.5250244140625,962.0,958.572021484375,960.3099975585938,64666
2025-03-19 19:40:00+00:00,963.6400146484375,964.8099975585938,961.1500244140625,961.1500244140625,73598
2025-03-19 19:45:00+00:00,961.0850219726562,963.135009765625,960.280029296875,962.9849853515625,50872
2025-03-19 19:50:00+00:00,961.8499755859375,961.8599243164062,959.6199951171875,960.5499877929688,131548
2025-03-19 19:55:00+00:00,959.6599731445312,961.3300170898438,958.8499755859375,961.3300170898438,157883
2025-03-20 13:30:00+00:00,957.510009765625,958.1124877929688,947.3264770507812,950.0,204558
2025-03-20 13:35:00+00:00,966.0798950195312,966.0798950195312,955.25,956.989990234375,128645
2025-03-20 13:40:00+00:00,959.72998046875,965.989990234375,958.7999877929688,965.260009765625,165512
2025-03-20 13:45:00+00:00,956.0435180664062,961.0,955.9500122070312,960.2349853515625,88370
2025-03-20 13:50:00+00:00,957.77001953125,959.7999877929688,955.9000244140625,956.0,83765
2025-03-20 13:55:00+00:00,956.4199829101562,958.0399169921875,953.0001220703125,957.0,100427
2025-03-20 14:00:00+00:00,958.875,960.5999145507812,955.7224731445312,956.7239990234375,97192
2025-03-20 14:05:00+00:00,958.8200073242188,960.5198974609375,957.4700927734375,958.4099731445312,82074
2025-03-20 14:10:00+00:00,959.6400146484375,960.52001953125,957.1799926757812,958.7999877929688,67603
2025-03-20 14:15:00+00:00,961.9600219726562,964.0,958.5150146484375,959.6400146484375,94308
2025-03-20 14:20:00+00:00,964.782470703125,966.5,960.7424926757812,961.780029296875,77315
2025-03-20 14:25:00+00:00,963.6400146484375,967.0,963.0599975585938,964.9299926757812,65746
2025-03-20 14:30:00+00:00,962.22998046875,964.739990234375,962.1400146484375,964.0,66702
2025-03-20 14:35:00+00:00,964.0499877929688,965.719970703125,961.0,962.1400146484375,51343
2025-03-20 14:40:00+00:00,962.5,964.9500122070312,962.2330932617188,964.094970703125,91888
2025-03-20 14:45:00+00:00,961.739990234375,963.2999267578125,961.0150146484375,962.2501831054688,49132
2025-03-20 14:50:00+00:00,960.1799926757812,961.739990234375,958.510009765625,961.739990234375,49246
2025-03-20 14:55:00+00:00,957.5399780273438,960.3198852539062,957.219970703125,959.97998046875,67863
2025-03-20 15:00:00+00:00,957.9400024414062,959.75,956.0999755859375,958.5800170898438,71308
2025-03-20 15:05:00+00:00,960.0,960.6599731445312,957.219970703125,958.14501953125,59758
2025-03-20 15:10:00+00:00,960.4652709960938,960.719970703125,958.3800048828125,960.0,42637
2025-03-20 15:15:00+00:00,958.9500122070312,960.0117797851562,958.74951171875,960.0117797851562,20260
2025-03-20 15:20:00+00:00,960.3599853515625,961.22998046875,958.7000732421875,958.8099975585938,44032
2025-03-20 15:25:00+00:00,961.7349853515625,962.3900146484375,959.5300903320312,959.5300903320312,48921
2025-03-20 15:30:00+00:00,960.4099731445312,962.5540161132812,960.0,961.97998046875,33997
2025-03-20 15:35:00+00:00,960.1170043945312,960.6658935546875,959.0,960.0,45607
2025-03-20 15:40:00+00:00,959.6300048828125,961.31591796875,959.6300048828125,960.8175048828125,16066
2025-03-20 15:45:00+00:00,960.0599975585938,961.8380737304688,959.5671997070312,959.8150024414062,32512
2025-03-20 15:50:00+00:00,959.6489868164062,960.6599731445312,959.219970703125,959.7050170898438,23244
2025-03-20 15:55:00+00:00,954.6799926757812,959.8538208007812,954.0,959.6209106445312,44553
2025-03-20 16:00:00+00:00,954.989990234375,956.469970703125,953.7999877929688,954.1199951171875,85528
2025-03-20 16:05:00+00:00,954.2949829101562,956.1699829101562,953.2999877929688,955.9500122070312,33465
2025-03-20 16:10:00+00:00,955.2376098632812,955.47998046875,952.5999755859375,954.4824829101562,63443
2025-03-20 16:15:00+00:00,953.864990234375,955.5399780273438,953.5700073242188,955.47998046875,23775
2025-03-20 16:20:00+00:00,952.6699829101562,954.7899780273438,952.6699829101562,953.5,29718
2025-03-20 16:25:00+00:00,948.4000244140625,953.2899780273438,948.3400268554688,953.1240234375,71004
2025-03-20 16:30:00+00:00,949.8900146484375,950.6824951171875,948.4199829101562,948.6699829101562,41192
2025-03-20 16:35:00+00:00,952.0900268554688,952.5599975585938,949.04248046875,949.7449951171875,44450
2025-03-20 16:40:00+00:00,951.3200073242188,952.030029296875,950.2196044921875,951.969970703125,16126
2025-03-20 16:45:00+00:00,951.1300048828125,952.280029296875,950.6589965820312,951.1199951171875,15663
2025-03-20 16:50:00+00:00,952.4000244140625,953.3300170898438,951.2064819335938,951.2750244140625,36538
2025-03-20 16:55:00+00:00,951.6300048828125,953.8699951171875,951.3800048828125,953.0650024414062,18064
2025-03-20 17:00:00+00:00,954.3018798828125,954.3018798828125,952.0499877929688,952.469970703125,14215
2025-03-20 17:05:00+00:00,955.0184936523438,956.0,953.8001098632812,954.2614135742188,33082
2025-03-20 17:10:00+00:00,955.0800170898438,955.7000122070312,954.1618041992188,955.489990234375,13942
2025-03-20 17:15:00+00:00,954.3200073242188,954.4799194335938,952.7901000976562,954.3300170898438,9871
2025-03-20 17:20:00+00:00,953.4400024414062,954.989990234375,953.3800048828125,954.989990234375,10679
2025-03-20 17:25:00+00:00,951.0100708007812,953.9998779296875,951.0100708007812,953.3200073242188,33500
2025-03-20 17:30:00+00:00,951.635009765625,953.2199096679688,951.030029296875,951.4000244140625,53394
2025-03-20 17:35:00+00:00,953.4749755859375,953.6599731445312,951.010009765625,952.3250122070312,34575
2025-03-20 17:40:00+00:00,954.23779296875,954.8198852539062,952.67822265625,953.4705200195312,28461
2025-03-20 17:45:00+00:00,953.6500244140625,956.219970703125,953.5949096679688,954.778076171875,54073
2025-03-20 17:50:00+00:00,953.9600219726562,954.7098999023438,953.5599975585938,954.6141967773438,14884
2025-03-20 17:55:00+00:00,953.4400024414062,954.7088012695312,953.239990234375,953.864990234375,19806
2025-03-20 18:00:00+00:00,954.9550170898438,955.659912109375,953.3800048828125,953.3800048828125,36409
2025-03-20 18:05:00+00:00,954.489990234375,955.8599853515625,953.969970703125,954.9749755859375,41034
2025-03-20 18:10:00+00:00,953.592529296875,954.75,953.3800048828125,953.969970703125,42863
2025-03-20 18:15:00+00:00,952.7249755859375,953.8922119140625,952.4400024414062,953.2999877929688,19751
2025-03-20 18:20:00+00:00,950.1898803710938,951.6500244140625,949.0,951.6500244140625,48131
2025-03-20 18:25:00+00:00,946.0700073242188,950.0,945.5999755859375,949.8150024414062,61261
2025-03-20 18:30:00+00:00,947.489990234375,948.1740112304688,945.6099853515625,946.0700073242188,64398
2025-03-20 18:35:00+00:00,949.3250122070312,950.4760131835938,947.4199829101562,947.4299926757812,66020
2025-03-20 18:40:00+00:00,948.0599975585938,949.9600219726562,947.7650146484375,949.010009765625,31677
2025-03-20 18:45:00+00:00,949.6099853515625,949.9600219726562,947.8099975585938,948.0,17147
2025-03-20 18:50:00+00:00,951.8300170898438,952.7830200195312,950.0346069335938,950.1199951171875,38716
2025-03-20 18:55:00+00:00,950.1699829101562,952.8399047851562,949.7849731445312,952.3400268554688,20887
2025-03-20 19:00:00+00:00,951.22998046875,951.989990234375,949.2200927734375,949.2200927734375,28891
2025-03-20 19:05:00+00:00,951.8099975585938,952.3099975585938,951.090087890625,951.2249755859375,28954
2025-03-20 19:10:00+00:00,952.655029296875,953.4909057617188,951.510009765625,951.75,35193
2025-03-20 19:15:00+00:00,953.7933959960938,953.7933959960938,952.0001220703125,953.1088256835938,28979
2025-03-20 19:20:00+00:00,954.989990234375,954.989990234375,952.9199829101562,953.0,44076
2025-03-20 19:25:00+00:00,950.2000122070312,954.260009765625,949.3099975585938,954.260009765625,59418
2025-03-20 19:30:00+00:00,951.1300048828125,952.2899780273438,950.1300048828125,950.5499877929688,44141
2025-03-20 19:35:00+00:00,951.7150268554688,953.6199951171875,951.1099853515625,951.1099853515625,26837
2025-03-20 19:40:00+00:00,952.8699951171875,952.9199829101562,951.4110107421875,951.6400146484375,27899
2025-03-20 19:45:00+00:00,954.2249755859375,955.0,952.969970703125,952.969970703125,37296
2025-03-20 19:50:00+00:00,950.1400146484375,953.8200073242188,949.6300048828125,953.8200073242188,75316
2025-03-20 19:55:00+00:00,950.6099853515625,953.272705078125,949.5399780273438,950.6900024414062,145889
2025-03-21 13:30:00+00:00,946.5001220703125,951.9998779296875,940.9500122070312,941.635009765625,719908
2025-03-21 13:35:00+00:00,945.22998046875,950.17431640625,943.9237060546875,948.8817749023438,127058
2025-03-21 13:40:00+00:00,948.88037109375,951.5499877929688,945.1799926757812,945.1799926757812,89061
2025-03-21 13:45:00+00:00,953.0449829101562,953.5050048828125,948.7088012695312,949.6300048828125,101043
2025-03-21 13:50:00+00:00,953.3150024414062,954.125,948.9099731445312,953.2050170898438,89891
2025-03-21 13:55:00+00:00,958.3610229492188,960.0,952.7379760742188,953.1799926757812,119262
2025-03-21 14:00:00+00:00,957.760009765625,959.369873046875,955.0,958.1300048828125,100683
2025-03-21 14:05:00+00:00,955.9199829101562,960.0,953.9500122070312,958.5072021484375,89380
2025-03-21 14:10:00+00:00,956.0150146484375,958.0698852539062,952.8300170898438,954.5999755859375,79790
2025-03-21 14:15:00+00:00,956.7423095703125,957.8895263671875,954.35009765625,956.1099853515625,74516
2025-03-21 14:20:00+00:00,959.4503173828125,960.8300170898438,955.037109375,957.4000244140625,499485
2025-03-21 14:25:00+00:00,958.4943237304688,960.6777954101562,957.72998046875,958.5599975585938,499520
2025-03-21 14:30:00+00:00,961.7999877929688,961.7999877929688,957.0,958.2100219726562,182792
2025-03-21 14:35:00+00:00,959.2150268554688,962.239990234375,958.4400024414062,961.7999877929688,90949
2025-03-21 14:40:00+00:00,959.8099975585938,960.0,955.5599975585938,958.80810546875,82345
2025-03-21 14:45:00+00:00,960.5399780273438,962.510009765625,957.8800048828125,960.0673217773438,90706
2025-03-21 14:50:00+00:00,961.3200073242188,962.2000122070312,958.3682861328125,960.2000732421875,55076
2025-03-21 14:55:00+00:00,962.1900024414062,963.6531982421875,960.8027954101562,961.5576171875,75599
2025-03-21 15:00:00+00:00,956.095703125,961.9299926757812,956.0,961.6849975585938,42146
2025-03-21 15:05:00+00:00,955.7100219726562,957.530029296875,955.60498046875,956.0,59936
2025-03-21 15:10:00+00:00,954.5599975585938,956.1619873046875,953.510009765625,956.0750122070312,92514
2025-03-21 15:15:00+00:00,952.455810546875,955.4699096679688,952.455810546875,954.97998046875,35552
2025-03-21 15:20:00+00:00,953.1699829101562,955.1755981445312,952.5599975585938,952.8599853515625,40985
2025-03-21 15:25:00+00:00,952.6099853515625,954.9199829101562,952.5599975585938,953.1300048828125,34337
2025-03-21 15:30:00+00:00,951.72021484375,954.3800048828125,951.6799926757812,952.7100219726562,32890
2025-03-21 15:35:00+00:00,952.510009765625,952.9299926757812,951.4000244140625,951.6799926757812,26660
2025-03-21 15:40:00+00:00,948.7999877929688,952.344970703125,948.2899780273438,952.3099975585938,44087
2025-03-21 15:45:00+00:00,949.6497802734375,951.3099975585938,948.010009765625,948.3800048828125,53102
2025-03-21 15:50:00+00:00,949.5599975585938,952.1478881835938,948.5,950.3975219726562,0
2025-03-21 15:55:00+00:00,950.885009765625,951.8099975585938,949.1431274414062,949.1431274414062,29587
2025-03-21 16:00:00+00:00,953.47998046875,953.47998046875,950.030029296875,951.0634765625,47099
2025-03-21 16:05:00+00:00,953.95751953125,954.9400024414062,952.0795288085938,952.7999877929688,32327
2025-03-21 16:10:00+00:00,955.0,955.8499755859375,953.0059814453125,953.9249877929688,51096
2025-03-21 16:15:00+00:00,957.1300048828125,957.7498779296875,954.3699951171875,955.7349853515625,37194
2025-03-21 16:20:00+00:00,958.747314453125,959.989990234375,957.0250244140625,957.52001953125,28136
2025-03-21 16:25:00+00:00,956.3699951171875,960.3699951171875,955.9199829101562,959.0250244140625,41991
2025-03-21 16:30:00+00:00,957.1900024414062,958.7349853515625,955.9077758789062,956.4550170898438,36697
2025-03-21 16:35:00+00:00,956.2999877929688,957.7698974609375,955.6300048828125,957.2999877929688,19174
2025-03-21 16:40:00+00:00,955.5128173828125,956.5999755859375,955.5128173828125,956.4199829101562,18898
2025-03-21 16:45:00+00:00,957.2999877929688,957.97998046875,955.2000732421875,955.4550170898438,20253
2025-03-21 16:50:00+00:00,956.6300048828125,958.5549926757812,956.2000732421875,956.2000732421875,15531
2025-03-21 16:55:00+00:00,958.4400024414062,958.9998779296875,956.3699951171875,956.4450073242188,18595
2025-03-21 17:00:00+00:00,956.594970703125,958.7075805664062,956.2000122070312,958.7075805664062,77075
2025-03-21 17:05:00+00:00,957.489990234375,958.1649780273438,956.2333984375,956.2333984375,15297
2025-03-21 17:10:00+00:00,955.7999877929688,958.0349731445312,955.0,957.7349853515625,18218
2025-03-21 17:15:00+00:00,955.0750122070312,956.5,954.3699951171875,955.6300048828125,21761
2025-03-21 17:20:00+00:00,954.8599853515625,955.8200073242188,954.2999877929688,954.7899780273438,16101
2025-03-21 17:25:00+00:00,954.1400146484375,954.8599853515625,953.0,954.8599853515625,11825
2025-03-21 17:30:00+00:00,954.5999755859375,954.5999755859375,953.0,953.9199829101562,16638
2025-03-21 17:35:00+00:00,956.8699951171875,957.4799194335938,953.9500122070312,954.202392578125,24652
2025-03-21 17:40:00+00:00,957.4249877929688,957.75,956.0050048828125,956.885009765625,19859
2025-03-21 17:45:00+00:00,959.7449951171875,960.5374145507812,957.1199951171875,957.4249877929688,69547
2025-03-21 17:50:00+00:00,959.9000244140625,961.3703002929688,958.8494262695312,958.97998046875,32349
2025-03-21 17:55:00+00:00,958.0535888671875,959.9500122070312,958.0535888671875,959.6109008789062,20434
2025-03-21 18:00:00+00:00,959.155029296875,959.9998779296875,957.9000244140625,958.8200073242188,27063
2025-03-21 18:05:00+00:00,957.840087890625,959.5250244140625,957.5601196289062,959.155029296875,24531
2025-03-21 18:10:00+00:00,957.489990234375,959.489990234375,957.3099975585938,957.840087890625,34464
2025-03-21 18:15:00+00:00,957.489990234375,958.3187255859375,956.4949951171875,957.489990234375,49523
2025-03-21 18:20:00+00:00,956.8900146484375,958.0399780273438,956.4199829101562,957.489990234375,25930
2025-03-21 18:25:00+00:00,956.9600219726562,957.489990234375,956.2200927734375,956.6500244140625,9650
2025-03-21 18:30:00+00:00,956.7000122070312,957.6099853515625,956.3300170898438,957.010009765625,12079
2025-03-21 18:35:00+00:00,957.0399780273438,958.0599975585938,956.6325073242188,956.6325073242188,17955
2025-03-21 18:40:00+00:00,957.7191772460938,958.0399780273438,956.8121948242188,956.8599853515625,15573
2025-03-21 18:45:00+00:00,955.685302734375,957.9600219726562,955.010009765625,957.9600219726562,25986
2025-03-21 18:50:00+00:00,955.360107421875,956.5999755859375,954.9002075195312,956.47998046875,31362
2025-03-21 18:55:00+00:00,955.1500244140625,956.0499877929688,955.1500244140625,955.875,27213
2025-03-21 19:00:00+00:00,953.8900146484375,955.2449951171875,953.6199951171875,955.0,20572
2025-03-21 19:05:00+00:00,953.5,954.8223266601562,953.5,954.0549926757812,21240
2025-03-21 19:10:00+00:00,954.0800170898438,954.10498046875,953.0,954.0900268554688,21346
2025-03-21 19:15:00+00:00,953.8200073242188,954.3300170898438,953.4974975585938,954.10498046875,21929
2025-03-21 19:20:00+00:00,954.1699829101562,954.1950073242188,952.8400268554688,953.625,23945
2025-03-21 19:25:00+00:00,953.684814453125,954.2750244140625,953.030029296875,953.97998046875,24117
2025-03-21 19:30:00+00:00,953.5800170898438,954.8499755859375,953.530029296875,954.25,27928
2025-03-21 19:35:00+00:00,954.8099975585938,955.1199951171875,953.5399780273438,953.5399780273438,28043
2025-03-21 19:40:00+00:00,955.06689453125,955.47998046875,953.8400268554688,954.6199951171875,36385
2025-03-21 19:45:00+00:00,955.8200073242188,956.6799926757812,955.0599975585938,955.405029296875,41069
2025-03-21 19:50:00+00:00,959.510009765625,959.6199951171875,956.0499877929688,956.0499877929688,91206
2025-03-21 19:55:00+00:00,959.3900146484375,962.0,958.3800048828125,959.510009765625,268219
2025-03-24 13:30:00+00:00,961.2849731445312,977.0,959.1400146484375,969.6699829101562,334083
2025-03-24 13:35:00+00:00,957.7199096679688,962.9014282226562,952.7999877929688,962.1287231445312,173729
2025-03-24 13:40:00+00:00,959.72998046875,961.6099853515625,957.6799926757812,958.25,100338
2025-03-24 13:45:00+00:00,960.8200073242188,962.38330078125,958.0,958.9249877929688,63394
2025-03-24 13:50:00+00:00,964.3599853515625,966.8800048828125,961.0,961.2000122070312,72280
2025-03-24 13:55:00+00:00,965.5750122070312,968.0,963.5150146484375,964.3800048828125,101591
2025-03-24 14:00:00+00:00,961.3900146484375,966.1599731445312,961.1599731445312,964.7310791015625,56198
2025-03-24 14:05:00+00:00,955.4600219726562,963.0599975585938,954.7677001953125,962.0,80995
2025-03-24 14:10:00+00:00,959.6950073242188,960.1900024414062,954.739990234375,955.72998046875,89659
2025-03-24 14:15:00+00:00,960.9400024414062,961.9000244140625,959.3400268554688,959.4099731445312,65351
2025-03-24 14:20:00+00:00,961.9299926757812,962.3200073242188,959.9400024414062,960.7899780273438,51958
2025-03-24 14:25:00+00:00,961.3201293945312,962.7000122070312,960.5599975585938,961.7899780273438,64246
2025-03-24 14:30:00+00:00,958.02001953125,962.0999145507812,957.77001953125,961.6599731445312,55694
2025-03-24 14:35:00+00:00,954.22998046875,958.1599731445312,953.57861328125,958.1199951171875,64991
2025-03-24 14:40:00+00:00,953.280029296875,955.260009765625,952.7999877929688,954.0859985351562,102625
2025-03-24 14:45:00+00:00,954.3499755859375,954.3800048828125,951.5499877929688,953.3099975585938,91966
2025-03-24 14:50:00+00:00,957.0598754882812,957.5499877929688,952.5700073242188,954.0650024414062,132737
2025-03-24 14:55:00+00:00,957.482177734375,958.0,955.719970703125,957.0499877929688,89197
2025-03-24 15:00:00+00:00,956.8114013671875,957.780029296875,954.5001220703125,957.080078125,66056
2025-03-24 15:05:00+00:00,958.0399169921875,959.1199951171875,956.11669921875,956.2750244140625,67116
2025-03-24 15:10:00+00:00,957.6300048828125,958.6276245117188,956.8001098632812,957.0601196289062,33243
2025-03-24 15:15:00+00:00,958.0999755859375,959.0,957.9299926757812,958.0850219726562,36553
2025-03-24 15:20:00+00:00,958.5250244140625,959.1199951171875,957.3099975585938,958.0900268554688,52845
2025-03-24 15:25:00+00:00,959.5900268554688,959.5900268554688,956.7999877929688,958.0601196289062,37156
2025-03-24 15:30:00+00:00,959.3338012695312,959.9500122070312,958.5401000976562,959.4500122070312,31447
2025-03-24 15:35:00+00:00,960.0,960.489990234375,958.97998046875,959.9349975585938,44263
2025-03-24 15:40:00+00:00,962.8599853515625,963.739990234375,960.2901000976562,960.72998046875,77512
2025-03-24 15:45:00+00:00,963.7899780273438,964.9600219726562,962.5900268554688,962.719970703125,60626
2025-03-24 15:50:00+00:00,965.7000122070312,965.9498901367188,963.4000244140625,963.72998046875,63931
2025-03-24 15:55:00+00:00,964.0238037109375,966.3599853515625,964.0238037109375,965.9235229492188,42816
2025-03-24 16:00:00+00:00,965.6500244140625,965.6500244140625,963.2968139648438,963.6199951171875,29084
2025-03-24 16:05:00+00:00,966.0,967.0,964.7000122070312,965.4650268554688,29767
2025-03-24 16:10:00+00:00,965.8071899414062,966.4099731445312,964.6400756835938,965.7000122070312,21631
2025-03-24 16:15:00+00:00,965.8223266601562,966.25,964.7000732421875,965.4000244140625,35572
2025-03-24 16:20:00+00:00,966.47998046875,966.8699951171875,965.4000244140625,966.2269287109375,33743
2025-03-24 16:25:00+00:00,964.4249877929688,966.1199951171875,963.6799926757812,966.1199951171875,35202
2025-03-24 16:30:00+00:00,963.6900024414062,964.760009765625,963.6199951171875,964.1699829101562,18917
2025-03-24 16:35:00+00:00,964.6950073242188,965.0,963.6599731445312,963.9500122070312,34438
2025-03-24 16:40:00+00:00,964.835693359375,964.919921875,963.0,964.7100219726562,27400
2025-03-24 16:45:00+00:00,967.469970703125,968.2550048828125,964.4168701171875,964.760009765625,69276
2025-03-24 16:50:00+00:00,966.8646850585938,967.822021484375,966.5919799804688,967.4650268554688,19640
2025-03-24 16:55:00+00:00,966.6900024414062,967.9598999023438,966.6900024414062,967.1300048828125,35695
2025-03-24 17:00:00+00:00,967.8900146484375,968.0,966.6901245117188,967.1300048828125,24081
2025-03-24 17:05:00+00:00,968.58837890625,969.0,967.3101196289062,968.0798950195312,34599
2025-03-24 17:10:00+00:00,967.0181884765625,969.0,966.4500122070312,968.4299926757812,28622
2025-03-24 17:15:00+00:00,967.3300170898438,968.2000122070312,966.6646118164062,967.030517578125,37029
2025-03-24 17:20:00+00:00,968.1599731445312,968.9000244140625,966.8760986328125,967.25,33748
2025-03-24 17:25:00+00:00,968.0001220703125,969.1881103515625,968.0001220703125,968.489990234375,23581
2025-03-24 17:30:00+00:00,967.8900146484375,968.9998779296875,967.5999755859375,968.4949951171875,24782
2025-03-24 17:35:00+00:00,968.4146118164062,968.9899291992188,967.2999877929688,967.9400024414062,22202
2025-03-24 17:40:00+00:00,967.4299926757812,968.5700073242188,966.6400756835938,968.0399780273438,23473
2025-03-24 17:45:00+00:00,968.094970703125,968.094970703125,966.8200073242188,967.315673828125,25365
2025-03-24 17:50:00+00:00,967.989990234375,968.989990234375,967.02001953125,968.4799194335938,16720
2025-03-24 17:55:00+00:00,969.1900024414062,969.239990234375,967.260986328125,968.1400146484375,18569
2025-03-24 18:00:00+00:00,968.22998046875,969.9400024414062,967.3441772460938,969.4998779296875,42987
2025-03-24 18:05:00+00:00,968.336181640625,968.97998046875,967.8900146484375,968.1849975585938,16003
2025-03-24 18:10:00+00:00,967.969970703125,968.8599853515625,967.5057983398438,968.8599853515625,12849
2025-03-24 18:15:00+00:00,970.0,970.4199829101562,967.8800048828125,967.8800048828125,36045
2025-03-24 18:20:00+00:00,970.469970703125,970.469970703125,969.0424194335938,969.7100219726562,17485
2025-03-24 18:25:00+00:00,970.0599975585938,970.9862060546875,969.87939453125,970.469970703125,24518
2025-03-24 18:30:00+00:00,968.1339111328125,970.1749877929688,967.52001953125,970.1749877929688,20997
2025-03-24 18:35:00+00:00,967.52001953125,968.1900024414062,967.1099853515625,967.8350219726562,28715
2025-03-24 18:40:00+00:00,969.75,970.0,967.3001098632812,968.1599731445312,31916
2025-03-24 18:45:00+00:00,969.6300048828125,969.6300048828125,967.4500122070312,969.5050048828125,43613
2025-03-24 18:50:00+00:00,969.22998046875,970.0,968.5999755859375,969.60498046875,28964
2025-03-24 18:55:00+00:00,968.7100219726562,969.489990234375,968.0,969.489990234375,28968
2025-03-24 19:00:00+00:00,968.9998779296875,968.9998779296875,968.0,968.4450073242188,18699
2025-03-24 19:05:00+00:00,969.2999877929688,969.7426147460938,968.6400756835938,968.6500244140625,23363
2025-03-24 19:10:00+00:00,969.3200073242188,970.0900268554688,969.0,969.3900146484375,25088
2025-03-24 19:15:00+00:00,969.9149780273438,970.4400024414062,969.0650024414062,969.4000244140625,30385
2025-03-24 19:20:00+00:00,969.1400146484375,969.9149780273438,969.0399780273438,969.9149780273438,26557
2025-03-24 19:25:00+00:00,969.0,970.1300048828125,968.635009765625,969.1882934570312,40405
2025-03-24 19:30:00+00:00,970.5001220703125,970.9799194335938,968.5800170898438,968.5800170898438,48229
2025-03-24 19:35:00+00:00,969.1500244140625,970.97998046875,969.1400146484375,970.739990234375,36284
2025-03-24 19:40:00+00:00,969.7000122070312,970.5,969.1099853515625,969.5850219726562,30641
2025-03-24 19:45:00+00:00,970.719970703125,970.97998046875,969.25,969.77001953125,30751
2025-03-24 19:50:00+00:00,973.7150268554688,974.239990234375,970.1500244140625,970.4600219726562,113424
2025-03-24 19:55:00+00:00,970.77001953125,974.3300170898438,970.6799926757812,973.969970703125,189298
2025-03-25 13:30:00+00:00,980.9199829101562,987.5853881835938,977.1099853515625,977.5,263372
2025-03-25 13:35:00+00:00,978.1964721679688,984.0568237304688,977.5499877929688,980.9199829101562,129403
2025-03-25 13:40:00+00:00,980.8099975585938,982.4500122070312,978.0599975585938,978.4249877929688,91786
2025-03-25 13:45:00+00:00,981.2000122070312,983.8300170898438,978.1400146484375,980.7999877929688,103051
2025-03-25 13:50:00+00:00,984.28271484375,985.0,979.4099731445312,979.97998046875,68350
2025-03-25 13:55:00+00:00,988.4349975585938,989.739990234375,983.5744018554688,984.2899780273438,125880
2025-03-25 14:00:00+00:00,987.3978271484375,988.969970703125,984.5999755859375,988.8599853515625,67128
2025-03-25 14:05:00+00:00,988.3900146484375,990.47998046875,986.030029296875,987.655029296875,96689
2025-03-25 14:10:00+00:00,986.3699951171875,990.0,985.3416137695312,988.198974609375,76122
2025-03-25 14:15:00+00:00,987.3200073242188,987.3200073242188,984.340087890625,986.0277099609375,54875
2025-03-25 14:20:00+00:00,986.1649780273438,987.97998046875,985.5,987.3200073242188,30592
2025-03-25 14:25:00+00:00,989.619873046875,989.6199951171875,985.4500732421875,986.1500244140625,38811
2025-03-25 14:30:00+00:00,991.0,991.489990234375,989.4000244140625,989.6199951171875,91616
2025-03-25 14:35:00+00:00,993.1801147460938,994.447021484375,991.0,991.0,90755
2025-03-25 14:40:00+00:00,995.2000122070312,995.969970703125,992.130126953125,993.739990234375,77613
2025-03-25 14:45:00+00:00,994.1699829101562,996.9000244140625,993.4299926757812,995.2000122070312,55775
2025-03-25 14:50:00+00:00,994.8125,995.5,993.469970703125,993.635009765625,43509
2025-03-25 14:55:00+00:00,995.8917236328125,996.760009765625,994.489990234375,995.1199951171875,48018
2025-03-25 15:00:00+00:00,994.9099731445312,996.5,994.6793212890625,995.6500244140625,37510
2025-03-25 15:05:00+00:00,996.9718017578125,997.75,994.8300170898438,995.2249755859375,46343
2025-03-25 15:10:00+00:00,997.2625732421875,997.530029296875,995.030029296875,997.530029296875,40670
2025-03-25 15:15:00+00:00,996.2000122070312,997.7785034179688,995.52001953125,997.135009765625,39873
2025-03-25 15:20:00+00:00,994.0999755859375,996.9099731445312,993.5969848632812,995.8629150390625,46237
2025-03-25 15:25:00+00:00,994.4000244140625,995.0,993.7362060546875,993.7362060546875,21151
2025-03-25 15:30:00+00:00,993.4000244140625,994.4000244140625,992.2984008789062,994.4000244140625,27476
2025-03-25 15:35:00+00:00,993.6649780273438,994.0499877929688,992.0399780273438,993.3228149414062,36490
2025-03-25 15:40:00+00:00,994.780029296875,996.530029296875,993.52001953125,993.6199951171875,46184
2025-03-25 15:45:00+00:00,995.227783203125,996.489990234375,994.7000732421875,995.6500244140625,26708
2025-03-25 15:50:00+00:00,995.3300170898438,995.9500122070312,994.0650024414062,995.72998046875,26696
2025-03-25 15:55:00+00:00,991.7700805664062,995.0,991.6486206054688,994.6900024414062,33760
2025-03-25 16:00:00+00:00,992.0,993.33349609375,991.5999755859375,992.5399780273438,22074
2025-03-25 16:05:00+00:00,991.3699951171875,992.1199951171875,990.8900146484375,992.1199951171875,20113
2025-03-25 16:10:00+00:00,991.6099853515625,992.5,990.6500244140625,991.5,23847
2025-03-25 16:15:00+00:00,988.2249755859375,991.5599975585938,987.7999877929688,991.5599975585938,43078
2025-03-25 16:20:00+00:00,989.760009765625,990.75,988.0,988.3150024414062,42993
2025-03-25 16:25:00+00:00,989.0399780273438,990.2399291992188,988.5999755859375,990.2399291992188,15938
2025-03-25 16:30:00+00:00,989.77001953125,990.719970703125,989.1300048828125,989.3200073242188,21285
2025-03-25 16:35:00+00:00,989.77001953125,990.2349853515625,989.0999755859375,989.5,24536
2025-03-25 16:40:00+00:00,991.0650024414062,991.280029296875,989.2000732421875,989.5,24127
2025-03-25 16:45:00+00:00,990.8800048828125,991.7000122070312,990.4307861328125,991.0,13902
2025-03-25 16:50:00+00:00,992.510009765625,992.939208984375,990.8800048828125,990.8800048828125,30637
2025-03-25 16:55:00+00:00,991.0211791992188,992.8599853515625,990.6599731445312,992.263671875,24589
2025-03-25 17:00:00+00:00,971.989990234375,993.719970703125,971.989990234375,991.9600219726562,29170
2025-03-25 17:05:00+00:00,992.9949951171875,993.3300170898438,992.239990234375,992.52001953125,15293
2025-03-25 17:10:00+00:00,991.760009765625,993.0822143554688,991.760009765625,993.032470703125,15476
2025-03-25 17:15:00+00:00,991.5700073242188,992.0399780273438,991.030029296875,991.7227172851562,12783
2025-03-25 17:20:00+00:00,991.2100219726562,991.5999755859375,991.0399780273438,991.2100219726562,7215
2025-03-25 17:25:00+00:00,989.3942260742188,991.1799926757812,989.35009765625,991.1799926757812,12703
2025-03-25 17:30:00+00:00,990.0349731445312,990.1300048828125,988.9199829101562,989.8900146484375,16058
2025-03-25 17:35:00+00:00,991.469970703125,991.9500122070312,989.530029296875,989.530029296875,18168
2025-03-25 17:40:00+00:00,991.9000244140625,992.4349975585938,991.3200073242188,991.469970703125,23295
2025-03-25 17:45:00+00:00,991.72998046875,992.7999877929688,991.5,992.02001953125,35016
2025-03-25 17:50:00+00:00,992.1799926757812,992.1799926757812,991.2908935546875,991.6300048828125,10219
2025-03-25 17:55:00+00:00,991.7089233398438,993.6599731445312,991.7000122070312,992.3099975585938,19435
2025-03-25 18:00:00+00:00,991.9299926757812,992.4398803710938,991.1600952148438,992.0800170898438,19225
2025-03-25 18:05:00+00:00,992.989990234375,992.9998779296875,991.1599731445312,991.9349975585938,31493
2025-03-25 18:10:00+00:00,993.1699829101562,993.3599853515625,992.02001953125,992.02001953125,24183
2025-03-25 18:15:00+00:00,994.64990234375,994.969970703125,992.9099731445312,993.5980224609375,24978
2025-03-25 18:20:00+00:00,994.97998046875,996.9199829101562,994.6024780273438,994.7000122070312,65699
2025-03-25 18:25:00+00:00,993.817626953125,995.8599243164062,993.4500122070312,995.8599243164062,27099
2025-03-25 18:30:00+00:00,993.4099731445312,994.2000122070312,992.7800903320312,993.780029296875,51788
2025-03-25 18:35:00+00:00,994.3200073242188,995.0,993.1199951171875,993.469970703125,22387
2025-03-25 18:40:00+00:00,994.7999877929688,994.7999877929688,993.4400024414062,994.3200073242188,22321
2025-03-25 18:45:00+00:00,993.780029296875,995.3699951171875,993.780029296875,994.3250122070312,22995
2025-03-25 18:50:00+00:00,994.25,994.7999877929688,993.2677001953125,993.6400146484375,31634
2025-03-25 18:55:00+00:00,994.3300170898438,994.7999877929688,993.7100830078125,994.7999267578125,18536
2025-03-25 19:00:00+00:00,996.260009765625,996.489990234375,994.02001953125,994.02001953125,27769
2025-03-25 19:05:00+00:00,995.7000122070312,997.2000122070312,995.7000122070312,996.010009765625,40492
2025-03-25 19:10:00+00:00,995.0599975585938,996.4600219726562,995.0599975585938,996.1500244140625,23433
2025-03-25 19:15:00+00:00,996.6649780273438,996.8499755859375,995.1890258789062,995.280029296875,27955
2025-03-25 19:20:00+00:00,996.77001953125,997.2000122070312,996.360107421875,996.6500244140625,31620
2025-03-25 19:25:00+00:00,995.6950073242188,996.72998046875,995.469970703125,996.3300170898438,24707
2025-03-25 19:30:00+00:00,995.5,996.25,995.0399780273438,995.469970703125,33385
2025-03-25 19:35:00+00:00,996.4249877929688,997.2000122070312,994.8499755859375,995.219970703125,60157
2025-03-25 19:40:00+00:00,996.760009765625,997.4000244140625,996.1201171875,996.6300048828125,33268
2025-03-25 19:45:00+00:00,997.4099731445312,998.0,996.1585083007812,996.5867919921875,41108
2025-03-25 19:50:00+00:00,997.5399780273438,998.7000122070312,996.510009765625,997.280029296875,72117
2025-03-25 19:55:00+00:00,997.760009765625,998.0678100585938,996.2949829101562,997.6699829101562,147760
2025-03-26 13:30:00+00:00,991.7073974609375,995.5897827148438,990.0,993.8099975585938,167931
2025-03-26 13:35:00+00:00,993.39501953125,995.1500244140625,990.780029296875,990.780029296875,93982
2025-03-26 13:40:00+00:00,992.0,996.7899780273438,990.77001953125,993.3900146484375,89300
2025-03-26 13:45:00+00:00,986.1199951171875,993.869873046875,986.1099853515625,991.8900146484375,83240
2025-03-26 13:50:00+00:00,985.3200073242188,988.4498901367188,984.0,986.1099853515625,102521
2025-03-26 13:55:00+00:00,982.7410888671875,986.3538208007812,981.0300903320312,984.7899780273438,121973
2025-03-26 14:00:00+00:00,983.905029296875,986.3297119140625,981.8800048828125,982.6199951171875,88752
2025-03-26 14:05:00+00:00,982.4550170898438,985.989990234375,981.0399780273438,984.4556884765625,61351
2025-03-26 14:10:00+00:00,982.52001953125,984.3599853515625,980.0399780273438,983.0800170898438,67753
2025-03-26 14:15:00+00:00,978.9349975585938,982.6776733398438,978.2999877929688,981.7802124023438,77382
2025-03-26 14:20:00+00:00,974.4000244140625,978.469970703125,973.7780151367188,978.469970703125,140147
2025-03-26 14:25:00+00:00,978.1376953125,978.9340209960938,974.489990234375,974.6300048828125,92284
2025-03-26 14:30:00+00:00,979.719970703125,979.7399291992188,977.7600708007812,978.2849731445312,67369
2025-03-26 14:35:00+00:00,981.0549926757812,981.0700073242188,978.880126953125,980.0,51491
2025-03-26 14:40:00+00:00,979.8900146484375,981.9197998046875,979.5650024414062,981.0599975585938,30455
2025-03-26 14:45:00+00:00,978.5247802734375,980.4509887695312,977.9505004882812,979.2252807617188,18864
2025-03-26 14:50:00+00:00,982.3300170898438,982.9022216796875,978.5050048828125,978.9802856445312,33443
2025-03-26 14:55:00+00:00,981.625,983.0399780273438,981.010009765625,982.68017578125,27413
2025-03-26 15:00:00+00:00,982.3001098632812,983.5999755859375,981.1804809570312,981.9600219726562,24293
2025-03-26 15:05:00+00:00,983.3150024414062,983.5781860351562,981.7100219726562,982.14501953125,25501
2025-03-26 15:10:00+00:00,983.2899780273438,983.9400024414062,982.5999755859375,983.5,23621
2025-03-26 15:15:00+00:00,983.5800170898438,984.5,983.0399780273438,983.260009765625,25660
2025-03-26 15:20:00+00:00,980.7100219726562,983.3150024414062,980.5900268554688,983.0,26356
2025-03-26 15:25:00+00:00,980.6099853515625,981.02001953125,979.6738891601562,981.0,37935
2025-03-26 15:30:00+00:00,980.5599975585938,982.47998046875,980.3900146484375,980.3900146484375,25080
2025-03-26 15:35:00+00:00,979.9500122070312,981.0,979.6199951171875,980.75,10285
2025-03-26 15:40:00+00:00,977.5499877929688,981.0252075195312,977.5499877929688,980.3200073242188,19321
2025-03-26 15:45:00+00:00,979.155029296875,979.5499877929688,978.09228515625,978.09228515625,21686
2025-03-26 15:50:00+00:00,975.780029296875,979.2750244140625,974.6099853515625,979.2750244140625,38690
2025-03-26 15:55:00+00:00,975.2949829101562,976.2742919921875,974.0,976.0,28702
2025-03-26 16:00:00+00:00,974.6500244140625,976.1699829101562,973.6785278320312,975.1099853515625,21728
2025-03-26 16:05:00+00:00,974.8900146484375,976.2899780273438,974.3701171875,975.0477294921875,16712
2025-03-26 16:10:00+00:00,975.6099853515625,975.75,974.6400146484375,975.75,17541
2025-03-26 16:15:00+00:00,975.010009765625,975.739990234375,974.75,975.477783203125,14502
2025-03-26 16:20:00+00:00,975.47998046875,976.3598022460938,974.6799926757812,975.1199951171875,20772
2025-03-26 16:25:00+00:00,977.1500244140625,977.3900146484375,975.63427734375,975.63427734375,22370
2025-03-26 16:30:00+00:00,976.739990234375,978.7098999023438,976.350830078125,977.6599731445312,20564
2025-03-26 16:35:00+00:00,976.47998046875,977.47998046875,975.1900024414062,976.9299926757812,16424
2025-03-26 16:40:00+00:00,976.4400024414062,977.3099975585938,975.8699951171875,975.9840087890625,14594
2025-03-26 16:45:00+00:00,976.0250244140625,976.8900146484375,975.5,976.8099975585938,12994
2025-03-26 16:50:00+00:00,974.5076293945312,976.4199829101562,974.22998046875,976.239990234375,22733
2025-03-26 16:55:00+00:00,972.5700073242188,974.4666137695312,972.0900268554688,974.22998046875,41277
2025-03-26 17:00:00+00:00,973.2172241210938,975.419921875,972.530029296875,973.10498046875,21656
2025-03-26 17:05:00+00:00,973.048828125,974.6217041015625,972.7999877929688,972.8400268554688,11609
2025-03-26 17:10:00+00:00,973.9660034179688,974.719970703125,973.239990234375,973.2899780273438,12697
2025-03-26 17:15:00+00:00,972.3966064453125,974.0399169921875,972.3200073242188,973.3233032226562,18848
2025-03-26 17:20:00+00:00,973.22998046875,973.5999755859375,972.4713134765625,972.8900146484375,13161
2025-03-26 17:25:00+00:00,972.3499755859375,974.0,971.1799926757812,973.469970703125,16476
2025-03-26 17:30:00+00:00,970.1099853515625,972.0,970.0,972.0,28810
2025-03-26 17:35:00+00:00,969.5599975585938,970.7899780273438,968.8250122070312,970.405029296875,28820
2025-03-26 17:40:00+00:00,970.64501953125,971.8499755859375,969.5399780273438,969.5399780273438,25250
2025-03-26 17:45:00+00:00,971.155029296875,972.5499267578125,970.72998046875,971.030029296875,20781
2025-03-26 17:50:00+00:00,971.0800170898438,971.5750122070312,970.5999755859375,971.0150146484375,17195
2025-03-26 17:55:00+00:00,971.0341186523438,972.0,970.97998046875,971.0900268554688,11613
2025-03-26 18:00:00+00:00,969.989990234375,971.7999877929688,969.2686767578125,971.489990234375,23529
2025-03-26 18:05:00+00:00,971.0650024414062,971.3745727539062,969.4246826171875,969.9299926757812,16267
2025-03-26 18:10:00+00:00,973.6727294921875,974.239990234375,971.8099975585938,971.8099975585938,21254
2025-03-26 18:15:00+00:00,973.9517822265625,974.0230712890625,973.219970703125,973.635009765625,17812
2025-03-26 18:20:00+00:00,973.5750122070312,974.0800170898438,973.0,973.7468872070312,25102
2025-03-26 18:25:00+00:00,974.2899780273438,974.7799072265625,973.2658081054688,973.280029296875,16448
2025-03-26 18:30:00+00:00,973.7238159179688,975.0,973.5,974.1400146484375,18194
2025-03-26 18:35:00+00:00,973.75,973.9835815429688,973.0,973.4949951171875,18503
2025-03-26 18:40:00+00:00,971.4199829101562,973.5,970.8599853515625,973.4000244140625,38882
2025-03-26 18:45:00+00:00,969.1849975585938,971.4149780273438,968.6715087890625,971.4149780273438,26052
2025-03-26 18:50:00+00:00,969.180419921875,969.760009765625,968.5700073242188,969.760009765625,16934
2025-03-26 18:55:00+00:00,968.2993774414062,969.5280151367188,968.0,969.219970703125,16007
2025-03-26 19:00:00+00:00,968.780029296875,969.8399047851562,968.3054809570312,968.6799926757812,20318
2025-03-26 19:05:00+00:00,968.1649780273438,968.719970703125,966.3200073242188,968.719970703125,39267
2025-03-26 19:10:00+00:00,968.5999755859375,969.0,968.0,968.4400024414062,31039
2025-03-26 19:15:00+00:00,969.22998046875,969.6099853515625,968.4199829101562,968.614990234375,31346
2025-03-26 19:20:00+00:00,968.3300170898438,969.8530883789062,968.0623779296875,969.60498046875,30777
2025-03-26 19:25:00+00:00,968.2000122070312,969.3200073242188,967.760009765625,968.6275024414062,28305
2025-03-26 19:30:00+00:00,968.2000122070312,968.6400146484375,967.2349853515625,968.2650146484375,37749
2025-03-26 19:35:00+00:00,968.0,969.3699951171875,967.5607299804688,968.6099853515625,31365
2025-03-26 19:40:00+00:00,969.5700073242188,969.8499755859375,967.5,968.2999877929688,41409
2025-03-26 19:45:00+00:00,969.7000122070312,970.0,968.6699829101562,969.5750122070312,43260
2025-03-26 19:50:00+00:00,970.239990234375,970.6699829101562,969.2100219726562,969.47998046875,80266
2025-03-26 19:55:00+00:00,970.6500244140625,971.6300048828125,969.7921142578125,970.25,117531
2025-03-27 13:30:00+00:00,969.989990234375,974.4996948242188,968.0,974.219970703125,133006
2025-03-27 13:35:00+00:00,970.7673950195312,971.0,967.28857421875,970.0800170898438,54017
2025-03-27 13:40:00+00:00,969.2542724609375,971.469970703125,967.3184814453125,970.0900268554688,37900
2025-03-27 13:45:00+00:00,970.8200073242188,972.2999877929688,966.3663940429688,969.6699829101562,59638
2025-03-27 13:50:00+00:00,975.1649780273438,975.9996948242188,970.4199829101562,970.4199829101562,61701
2025-03-27 13:55:00+00:00,976.135009765625,978.22998046875,974.3400268554688,975.489990234375,94946
2025-03-27 14:00:00+00:00,976.9000244140625,979.375,975.530029296875,976.5900268554688,60813
2025-03-27 14:05:00+00:00,975.9000244140625,978.0,974.0549926757812,977.3900146484375,55565
2025-03-27 14:10:00+00:00,976.219970703125,977.4998779296875,973.3200073242188,975.6099853515625,56622
2025-03-27 14:15:00+00:00,979.3200073242188,979.97998046875,975.7899780273438,976.75,73080
2025-03-27 14:20:00+00:00,978.2349853515625,980.7199096679688,976.4400024414062,979.9500122070312,63222
2025-03-27 14:25:00+00:00,980.717529296875,982.0,977.7000122070312,978.0150146484375,46364
2025-03-27 14:30:00+00:00,983.719970703125,983.8900146484375,980.260986328125,981.2949829101562,39152
2025-03-27 14:35:00+00:00,985.39990234375,986.0,983.0999755859375,984.0,66597
2025-03-27 14:40:00+00:00,986.385009765625,986.4199829101562,983.4348754882812,985.0,50432
2025-03-27 14:45:00+00:00,984.6099853515625,987.5,984.6099853515625,985.9000244140625,63386
2025-03-27 14:50:00+00:00,987.75,988.8843994140625,984.0,984.9849853515625,39013
2025-03-27 14:55:00+00:00,986.8300170898438,988.9199829101562,985.7700805664062,988.1699829101562,31527
2025-03-27 15:00:00+00:00,986.2100219726562,988.42578125,984.8099975585938,988.2899780273438,28257
2025-03-27 15:05:00+00:00,983.489990234375,986.6799926757812,983.0,986.2100219726562,31663
2025-03-27 15:10:00+00:00,983.7000122070312,984.8699951171875,983.3001098632812,983.3499755859375,20002
2025-03-27 15:15:00+00:00,984.010009765625,984.4600219726562,981.4600219726562,983.719970703125,38166
2025-03-27 15:20:00+00:00,982.7899780273438,984.0499877929688,982.3828735351562,983.5700073242188,20541
2025-03-27 15:25:00+00:00,982.8800048828125,985.0,982.7100219726562,983.3378295898438,30888
2025-03-27 15:30:00+00:00,980.5549926757812,982.4299926757812,980.0,982.4299926757812,26289
2025-03-27 15:35:00+00:00,980.27001953125,981.8300170898438,980.2000122070312,980.7899780273438,28202
2025-03-27 15:40:00+00:00,980.2999877929688,981.0,979.1099853515625,980.6076049804688,29549
2025-03-27 15:45:00+00:00,978.9700927734375,980.760009765625,978.9700927734375,980.3400268554688,14864
2025-03-27 15:50:00+00:00,979.3300170898438,980.8800048828125,979.0,979.5999755859375,32939
2025-03-27 15:55:00+00:00,976.9600830078125,979.719970703125,976.9600830078125,979.719970703125,25508
2025-03-27 16:00:00+00:00,979.52001953125,979.52001953125,976.7600708007812,977.3624267578125,20938
2025-03-27 16:05:00+00:00,982.3200073242188,982.3200073242188,978.4901123046875,978.8699951171875,31704
2025-03-27 16:10:00+00:00,982.6143188476562,983.5598754882812,980.89501953125,982.0999755859375,22801
2025-03-27 16:15:00+00:00,986.030029296875,986.5,983.010009765625,983.010009765625,29491
2025-03-27 16:20:00+00:00,984.4199829101562,987.0,984.25,986.0,27268
2025-03-27 16:25:00+00:00,981.385009765625,984.0775756835938,981.385009765625,984.0775756835938,14345
2025-03-27 16:30:00+00:00,983.0,984.1141967773438,981.0999755859375,981.2449951171875,21057
2025-03-27 16:35:00+00:00,983.3800048828125,984.0,981.7999877929688,982.65771484375,17591
2025-03-27 16:40:00+00:00,984.0001220703125,985.3900146484375,982.9378051757812,982.9378051757812,22584
2025-03-27 16:45:00+00:00,981.5,984.8699951171875,981.2750244140625,984.22998046875,17204
2025-03-27 16:50:00+00:00,980.5999755859375,981.0999755859375,979.4249877929688,981.0999755859375,18147
2025-03-27 16:55:00+00:00,979.3298950195312,980.8400268554688,978.639404296875,980.530029296875,19484
2025-03-27 17:00:00+00:00,979.530029296875,980.8400268554688,978.5399780273438,979.1400146484375,57284
2025-03-27 17:05:00+00:00,981.0924072265625,981.25,978.6334228515625,979.7227172851562,21155
2025-03-27 17:10:00+00:00,982.489990234375,982.8499755859375,980.8001098632812,981.5,23863
2025-03-27 17:15:00+00:00,981.0001220703125,982.9998779296875,981.0001220703125,981.8798217773438,16379
2025-03-27 17:20:00+00:00,980.8184814453125,982.0,980.1799926757812,981.0,20688
2025-03-27 17:25:00+00:00,979.2000122070312,982.0499877929688,978.5750122070312,981.1148071289062,28075
2025-03-27 17:30:00+00:00,981.0449829101562,981.8101196289062,979.38720703125,979.38720703125,15784
2025-03-27 17:35:00+00:00,981.442626953125,981.77001953125,980.1901245117188,980.1901245117188,14147
2025-03-27 17:40:00+00:00,982.635009765625,982.9699096679688,980.8800048828125,980.8800048828125,22604
2025-03-27 17:45:00+00:00,983.9099731445312,983.9099731445312,982.3101196289062,982.9600219726562,28796
2025-03-27 17:50:00+00:00,981.9199829101562,984.8300170898438,981.5999755859375,983.8099975585938,28575
2025-03-27 17:55:00+00:00,981.6199951171875,982.27001953125,981.2000732421875,981.6541137695312,16635
2025-03-27 18:00:00+00:00,983.8489990234375,983.8489990234375,981.7050170898438,981.7100219726562,18430
2025-03-27 18:05:00+00:00,983.422607421875,985.1917724609375,983.422607421875,983.8800048828125,27948
2025-03-27 18:10:00+00:00,984.405029296875,984.760009765625,983.2999877929688,983.6292724609375,22185
2025-03-27 18:15:00+00:00,983.219970703125,984.860107421875,982.7841796875,984.5119018554688,26801
2025-03-27 18:20:00+00:00,983.125,984.9998779296875,982.780029296875,982.780029296875,19432
2025-03-27 18:25:00+00:00,983.8599853515625,984.280029296875,983.0449829101562,983.1699829101562,10368
2025-03-27 18:30:00+00:00,982.6099853515625,983.64501953125,982.5800170898438,983.64501953125,16070
2025-03-27 18:35:00+00:00,983.0399780273438,983.6900024414062,982.52001953125,983.1300048828125,12690
2025-03-27 18:40:00+00:00,983.4299926757812,984.5549926757812,983.0001220703125,983.0001220703125,13068
2025-03-27 18:45:00+00:00,984.635009765625,985.0499877929688,983.727294921875,983.8699951171875,15379
2025-03-27 18:50:00+00:00,984.8101196289062,985.6900024414062,984.3599853515625,984.8400268554688,25457
2025-03-27 18:55:00+00:00,982.962890625,984.8400268554688,982.530029296875,984.8099975585938,27138
2025-03-27 19:00:00+00:00,983.0001220703125,983.7249755859375,982.5200805664062,983.0999755859375,20367
2025-03-27 19:05:00+00:00,983.0999755859375,983.8400268554688,981.760009765625,983.8400268554688,18517
2025-03-27 19:10:00+00:00,985.2100219726562,985.260009765625,982.5880737304688,983.2000122070312,20926
2025-03-27 19:15:00+00:00,984.989990234375,985.9129028320312,983.9500122070312,985.3499755859375,25512
2025-03-27 19:20:00+00:00,984.7423706054688,986.0900268554688,984.5811157226562,984.6724853515625,30559
2025-03-27 19:25:00+00:00,983.8200073242188,985.1900024414062,983.4713134765625,984.7449951171875,16597
2025-03-27 19:30:00+00:00,980.7999877929688,983.7940063476562,980.1199951171875,983.7940063476562,24839
2025-03-27 19:35:00+00:00,979.6900024414062,981.4600219726562,979.2200927734375,981.1400146484375,28505
2025-03-27 19:40:00+00:00,980.64501953125,981.5900268554688,979.3599853515625,980.0244140625,29003
2025-03-27 19:45:00+00:00,979.739990234375,980.5700073242188,978.4249877929688,980.219970703125,45924
2025-03-27 19:50:00+00:00,977.9124755859375,979.9400024414062,975.656982421875,978.5399780273438,82168
2025-03-27 19:55:00+00:00,976.489990234375,978.760009765625,976.4500122070312,978.260009765625,129483
2025-03-28 13:30:00+00:00,968.8599853515625,972.7999877929688,962.0277099609375,972.0,125906
2025-03-28 13:35:00+00:00,969.9500122070312,971.760009765625,968.3699951171875,968.635009765625,43008
2025-03-28 13:40:00+00:00,971.1500244140625,974.6727905273438,969.7750244140625,970.2039184570312,47475
2025-03-28 13:45:00+00:00,973.2000122070312,974.2100219726562,969.9299926757812,970.8800048828125,21268
2025-03-28 13:50:00+00:00,972.9312744140625,974.97998046875,970.3900146484375,973.2000122070312,29174
2025-03-28 13:55:00+00:00,972.3599853515625,973.0900268554688,971.1102905273438,972.04248046875,37068
2025-03-28 14:00:00+00:00,973.510009765625,974.3699951171875,969.9000244140625,971.280029296875,41694
2025-03-28 14:05:00+00:00,965.364990234375,973.9000244140625,963.864990234375,972.8250122070312,61009
2025-03-28 14:10:00+00:00,962.4171752929688,965.0800170898438,960.0399780273438,965.0800170898438,74558
2025-03-28 14:15:00+00:00,961.4500122070312,962.9611206054688,960.72998046875,962.9611206054688,52564
2025-03-28 14:20:00+00:00,959.1649780273438,961.6649780273438,958.780029296875,961.4780883789062,73505
2025-03-28 14:25:00+00:00,954.010009765625,958.5,953.6157836914062,958.5,92501
2025-03-28 14:30:00+00:00,951.614990234375,955.7233276367188,951.4299926757812,953.7100219726562,52699
2025-03-28 14:35:00+00:00,952.8049926757812,952.8049926757812,949.4000854492188,951.614990234375,59214
2025-03-28 14:40:00+00:00,954.4490966796875,954.6799926757812,951.8699951171875,952.1599731445312,121752
2025-03-28 14:45:00+00:00,951.875,954.912109375,951.0,954.10498046875,55233
2025-03-28 14:50:00+00:00,948.1400146484375,953.0698852539062,948.1400146484375,951.8400268554688,56952
2025-03-28 14:55:00+00:00,943.719970703125,948.905029296875,943.719970703125,948.905029296875,94018
2025-03-28 15:00:00+00:00,944.99267578125,947.2698974609375,943.8200073242188,944.1799926757812,115183
2025-03-28 15:05:00+00:00,945.780029296875,946.4152221679688,944.0,944.9528198242188,73498
2025-03-28 15:10:00+00:00,948.5999755859375,948.7999877929688,945.9149780273438,945.9177856445312,72581
2025-03-28 15:15:00+00:00,949.0,949.8099975585938,947.18798828125,948.25,65391
2025-03-28 15:20:00+00:00,947.0,949.8983154296875,946.5501098632812,949.5,38357
2025-03-28 15:25:00+00:00,947.280029296875,948.8200073242188,946.330078125,947.1799926757812,48399
2025-03-28 15:30:00+00:00,947.0,947.7100219726562,945.7100219726562,946.95751953125,47721
2025-03-28 15:35:00+00:00,945.7150268554688,946.6900024414062,945.5,946.5650024414062,32172
2025-03-28 15:40:00+00:00,942.9000244140625,945.8599853515625,942.6370849609375,945.7449951171875,55297
2025-03-28 15:45:00+00:00,941.5,943.4299926757812,940.3300170898438,942.989990234375,58061
2025-03-28 15:50:00+00:00,938.477783203125,941.8499755859375,938.1500244140625,941.3900146484375,59102
2025-03-28 15:55:00+00:00,936.8900146484375,938.9099731445312,936.5499877929688,938.25,46020
2025-03-28 16:00:00+00:00,937.4249877929688,938.4000244140625,936.22998046875,936.5250244140625,54522
2025-03-28 16:05:00+00:00,936.7999877929688,938.989990234375,936.7999877929688,937.760009765625,47871
2025-03-28 16:10:00+00:00,934.3582153320312,937.9299926757812,934.1400146484375,937.4672241210938,44235
2025-03-28 16:15:00+00:00,932.219970703125,934.9899291992188,931.3350219726562,934.9899291992188,36968
2025-03-28 16:20:00+00:00,932.7750244140625,932.780029296875,930.489990234375,932.3699951171875,42424
2025-03-28 16:25:00+00:00,933.2999267578125,933.8724975585938,931.60009765625,932.4898071289062,49903
2025-03-28 16:30:00+00:00,934.4852905273438,935.469970703125,933.0250244140625,933.2899780273438,47327
2025-03-28 16:35:00+00:00,934.1699829101562,936.9298706054688,933.8900146484375,934.8563232421875,50873
2025-03-28 16:40:00+00:00,933.6300048828125,935.3499755859375,933.5499877929688,933.8599853515625,28779
2025-03-28 16:45:00+00:00,933.47998046875,933.75,932.8200073242188,933.3300170898438,20800
2025-03-28 16:50:00+00:00,931.8699951171875,934.0,931.0499877929688,933.0100708007812,28819
2025-03-28 16:55:00+00:00,931.1950073242188,932.1099853515625,931.02001953125,931.7705078125,26151
2025-03-28 17:00:00+00:00,930.7999877929688,931.2899780273438,929.22998046875,930.489990234375,39650
2025-03-28 17:05:00+00:00,931.094970703125,931.2100219726562,930.0,930.8800048828125,26868
2025-03-28 17:10:00+00:00,931.469970703125,931.6622924804688,930.3402099609375,930.9000244140625,24677
2025-03-28 17:15:00+00:00,933.35498046875,933.9299926757812,931.6599731445312,931.75,30527
2025-03-28 17:20:00+00:00,933.75,934.739990234375,933.1099853515625,933.1580810546875,30807
2025-03-28 17:25:00+00:00,933.52001953125,933.9400024414062,932.5700073242188,933.7128295898438,21766
2025-03-28 17:30:00+00:00,933.3599853515625,933.9600219726562,932.3699951171875,933.094970703125,27644
2025-03-28 17:35:00+00:00,934.030029296875,934.030029296875,932.4500122070312,933.3699951171875,48414
2025-03-28 17:40:00+00:00,934.0599975585938,934.9600219726562,933.219970703125,934.2276000976562,30059
2025-03-28 17:45:00+00:00,934.510009765625,935.8400268554688,934.1099853515625,934.1099853515625,34227
2025-03-28 17:50:00+00:00,933.1270141601562,935.02001953125,932.9299926757812,934.0,20472
2025-03-28 17:55:00+00:00,934.0800170898438,934.1400146484375,932.5001220703125,933.1900024414062,41160
2025-03-28 18:00:00+00:00,932.3350219726562,934.0,932.010009765625,933.7000122070312,39700
2025-03-28 18:05:00+00:00,934.5399780273438,934.9998779296875,932.0,932.3300170898438,63061
2025-03-28 18:10:00+00:00,934.4500122070312,936.510009765625,934.1781005859375,934.5399780273438,64127
2025-03-28 18:15:00+00:00,932.7000122070312,935.219970703125,932.5,934.4500122070312,24167
2025-03-28 18:20:00+00:00,931.0900268554688,933.0527954101562,931.0599975585938,932.7000122070312,26543
2025-03-28 18:25:00+00:00,932.9249877929688,933.5220947265625,931.0001220703125,931.530029296875,35266
2025-03-28 18:30:00+00:00,933.0523071289062,933.5919189453125,931.969970703125,932.6900024414062,21412
2025-03-28 18:35:00+00:00,932.3900146484375,933.4899291992188,932.260009765625,933.4899291992188,22072
2025-03-28 18:40:00+00:00,933.0599975585938,933.5800170898438,932.0001220703125,932.39501953125,10975
2025-03-28 18:45:00+00:00,931.9400024414062,933.4592895507812,931.5,933.3873291015625,16324
2025-03-28 18:50:00+00:00,932.6500244140625,933.4199829101562,931.8699951171875,932.0499877929688,17117
2025-03-28 18:55:00+00:00,934.0499877929688,934.2587890625,932.2969970703125,932.9739990234375,47143
2025-03-28 19:00:00+00:00,933.5401000976562,934.1798706054688,933.1699829101562,933.8599853515625,23923
2025-03-28 19:05:00+00:00,933.780029296875,935.8800048828125,933.5499877929688,933.5499877929688,45668
2025-03-28 19:10:00+00:00,933.02001953125,933.885009765625,932.2700805664062,933.4199829101562,29222
2025-03-28 19:15:00+00:00,934.3300170898438,934.9998779296875,932.2894287109375,933.2999877929688,30778
2025-03-28 19:20:00+00:00,933.89501953125,934.9899291992188,933.4454956054688,934.4600219726562,35016
2025-03-28 19:25:00+00:00,933.5900268554688,934.280029296875,933.3499755859375,934.2000122070312,33661
2025-03-28 19:30:00+00:00,932.030029296875,934.5405883789062,932.030029296875,934.2000122070312,41545
2025-03-28 19:35:00+00:00,934.0369262695312,934.1199951171875,930.4600219726562,932.030029296875,61534
2025-03-28 19:40:00+00:00,933.1376953125,934.119873046875,932.10009765625,934.119873046875,39341
2025-03-28 19:45:00+00:00,933.9000244140625,934.0900268554688,931.8333740234375,933.1599731445312,43932
2025-03-28 19:50:00+00:00,934.1566162109375,935.260009765625,931.6300048828125,934.1099853515625,96467
2025-03-28 19:55:00+00:00,933.5700073242188,935.0050048828125,933.239990234375,934.0349731445312,248805
2025-03-31 13:30:00+00:00,902.8026123046875,922.5,901.0001831054688,919.2000122070312,277996
2025-03-31 13:35:00+00:00,907.1799926757812,912.8756103515625,902.7999877929688,902.7999877929688,106592
2025-03-31 13:40:00+00:00,903.2550048828125,907.1599731445312,901.8469848632812,907.1599731445312,88388
2025-03-31 13:45:00+00:00,904.489990234375,905.60498046875,900.5900268554688,903.3800048828125,100325
2025-03-31 13:50:00+00:00,907.5650024414062,908.7999877929688,903.2000122070312,904.3200073242188,72157
2025-03-31 13:55:00+00:00,911.594970703125,911.7100219726562,907.0599975585938,907.6649780273438,67026
2025-03-31 14:00:00+00:00,912.1900024414062,914.2498779296875,910.4099731445312,910.4099731445312,60065
2025-03-31 14:05:00+00:00,914.7576904296875,916.139892578125,910.6900024414062,912.1900024414062,70269
2025-03-31 14:10:00+00:00,912.1749877929688,915.4998779296875,909.7949829101562,914.77001953125,55516
2025-03-31 14:15:00+00:00,910.0650024414062,913.7899780273438,909.6300048828125,912.1099853515625,51971
2025-03-31 14:20:00+00:00,907.0700073242188,911.02001953125,906.0399780273438,909.7949829101562,52616
2025-03-31 14:25:00+00:00,905.9199829101562,907.0598754882812,905.1209106445312,906.8626098632812,29925
2025-03-31 14:30:00+00:00,909.010009765625,909.8800048828125,906.1599731445312,906.3272705078125,84314
2025-03-31 14:35:00+00:00,907.25,909.756103515625,905.780029296875,909.2999877929688,48186
2025-03-31 14:40:00+00:00,904.4600219726562,907.969970703125,903.8599853515625,906.625,45861
2025-03-31 14:45:00+00:00,906.9000854492188,907.75,904.02001953125,904.7911987304688,39499
2025-03-31 14:50:00+00:00,910.4437866210938,910.4437866210938,906.7899780273438,907.760009765625,96990
2025-03-31 14:55:00+00:00,909.792724609375,910.652587890625,908.4199829101562,910.6199951171875,64078
2025-03-31 15:00:00+00:00,909.509521484375,912.4755249023438,909.4199829101562,909.739990234375,62979
2025-03-31 15:05:00+00:00,909.3800048828125,911.4149780273438,909.3419799804688,909.4299926757812,43191
2025-03-31 15:10:00+00:00,908.8599853515625,911.5,908.8599853515625,909.3699951171875,56457
2025-03-31 15:15:00+00:00,910.6599731445312,911.52001953125,908.0700073242188,908.6400146484375,52526
2025-03-31 15:20:00+00:00,915.0,915.0,910.0399780273438,910.1099853515625,55435
2025-03-31 15:25:00+00:00,912.0,915.6599731445312,912.0,914.5999755859375,98792
2025-03-31 15:30:00+00:00,915.0,915.0,910.6400146484375,911.72998046875,36793
2025-03-31 15:35:00+00:00,916.2600708007812,918.9099731445312,914.969970703125,915.2669067382812,35661
2025-03-31 15:40:00+00:00,918.9096069335938,920.5900268554688,916.6500244140625,917.4451904296875,50640
2025-03-31 15:45:00+00:00,921.635009765625,922.27001953125,918.5,918.5,37970
2025-03-31 15:50:00+00:00,922.5399780273438,923.5,920.130126953125,921.0,28497
2025-03-31 15:55:00+00:00,920.9949951171875,923.27001953125,920.25,922.78759765625,27424
2025-03-31 16:00:00+00:00,920.0900268554688,921.9000244140625,919.8599853515625,921.2999877929688,37540
2025-03-31 16:05:00+00:00,920.1199951171875,921.280029296875,919.280029296875,921.0,22509
2025-03-31 16:10:00+00:00,919.416015625,921.5999145507812,918.4000244140625,920.2999877929688,32993
2025-03-31 16:15:00+00:00,923.0,923.3322143554688,918.3499755859375,918.9099731445312,21117
2025-03-31 16:20:00+00:00,922.6273193359375,923.239990234375,921.510009765625,923.0150146484375,26293
2025-03-31 16:25:00+00:00,926.17822265625,927.0621948242188,922.6400146484375,922.782470703125,32616
2025-03-31 16:30:00+00:00,925.969970703125,927.0599975585938,924.375,926.793701171875,24076
2025-03-31 16:35:00+00:00,924.9600219726562,925.9425048828125,924.3742065429688,925.9425048828125,24872
2025-03-31 16:40:00+00:00,923.0150146484375,925.1900024414062,922.260009765625,924.760009765625,22989
2025-03-31 16:45:00+00:00,924.0050048828125,924.9041748046875,922.2651977539062,922.5,14415
2025-03-31 16:50:00+00:00,924.7100219726562,924.9699096679688,923.1400756835938,923.4299926757812,11554
2025-03-31 16:55:00+00:00,921.3300170898438,924.694580078125,920.5499877929688,924.2100219726562,32873
2025-03-31 17:00:00+00:00,923.0800170898438,923.1699829101562,921.1199951171875,921.332275390625,19399
2025-03-31 17:05:00+00:00,925.397705078125,925.5900268554688,923.219970703125,923.219970703125,22931
2025-03-31 17:10:00+00:00,928.0050048828125,928.6400146484375,925.8001098632812,925.8001098632812,43485
2025-03-31 17:15:00+00:00,925.377685546875,927.9168701171875,924.6699829101562,927.4600219726562,11752
2025-03-31 17:20:00+00:00,924.6649780273438,925.7568969726562,923.3900146484375,925.7568969726562,12745
2025-03-31 17:25:00+00:00,925.52001953125,925.52001953125,924.0701293945312,924.6699829101562,24005
2025-03-31 17:30:00+00:00,925.760009765625,925.9000244140625,924.7999877929688,925.52001953125,16036
2025-03-31 17:35:00+00:00,925.85498046875,926.9500122070312,925.4299926757812,925.6849975585938,18072
2025-03-31 17:40:00+00:00,923.6849975585938,926.0999755859375,923.5349731445312,925.8200073242188,13449
2025-03-31 17:45:00+00:00,923.1857299804688,923.75,922.3300170898438,922.4400024414062,12779
2025-03-31 17:50:00+00:00,925.4000244140625,925.989990234375,922.8250122070312,922.9722900390625,15318
2025-03-31 17:55:00+00:00,924.5136108398438,925.6248779296875,924.239990234375,925.5399780273438,10790
2025-03-31 18:00:00+00:00,926.0449829101562,926.6300048828125,924.405029296875,924.405029296875,16783
2025-03-31 18:05:00+00:00,928.1799926757812,928.1799926757812,925.7474975585938,926.5800170898438,26577
2025-03-31 18:10:00+00:00,928.0,929.989990234375,927.6099853515625,927.9400024414062,27907
2025-03-31 18:15:00+00:00,928.7860107421875,928.7860107421875,926.510009765625,927.4000244140625,32424
2025-03-31 18:20:00+00:00,926.8499755859375,928.655029296875,926.2100219726562,928.655029296875,17166
2025-03-31 18:25:00+00:00,926.6950073242188,926.9199829101562,924.9901123046875,926.010009765625,24193
2025-03-31 18:30:00+00:00,928.4151000976562,928.4151000976562,926.25,926.6950073242188,18219
2025-03-31 18:35:00+00:00,928.5250244140625,929.919921875,928.1500244140625,928.64501953125,22666
2025-03-31 18:40:00+00:00,928.4454956054688,929.468017578125,928.0,928.5250244140625,29396
2025-03-31 18:45:00+00:00,927.6400146484375,928.3499755859375,925.0,927.6500244140625,52594
2025-03-31 18:50:00+00:00,928.8878173828125,929.5499877929688,927.6799926757812,927.6799926757812,26127
2025-03-31 18:55:00+00:00,927.0731201171875,928.6500244140625,926.7750244140625,928.0800170898438,12942
2025-03-31 19:00:00+00:00,929.1699829101562,929.6699829101562,927.2949829101562,927.2949829101562,14402
2025-03-31 19:05:00+00:00,930.0,930.8800048828125,929.1699829101562,929.4299926757812,24155
2025-03-31 19:10:00+00:00,931.5263061523438,932.4500122070312,929.35009765625,930.1599731445312,45631
2025-03-31 19:15:00+00:00,930.4000244140625,931.5313110351562,930.0,931.1099853515625,22032
2025-03-31 19:20:00+00:00,931.1500244140625,931.9299926757812,928.9835205078125,930.344970703125,40510
2025-03-31 19:25:00+00:00,928.0200805664062,931.0999755859375,927.8822021484375,931.0999755859375,33683
2025-03-31 19:30:00+00:00,931.27001953125,931.2722778320312,927.9000244140625,928.4949951171875,29407
2025-03-31 19:35:00+00:00,930.9400024414062,932.0,928.530029296875,931.2650146484375,51960
2025-03-31 19:40:00+00:00,930.8073120117188,932.3699951171875,930.385009765625,931.0,47783
2025-03-31 19:45:00+00:00,929.239990234375,930.4185180664062,927.9000244140625,929.6400146484375,39696
2025-03-31 19:50:00+00:00,932.530029296875,932.5800170898438,927.0,929.8800048828125,119177
2025-03-31 19:55:00+00:00,932.3300170898438,934.47998046875,930.97998046875,932.02001953125,254814
2025-04-01 13:30:00+00:00,927.347412109375,932.2899780273438,923.1500244140625,927.5,138325
2025-04-01 13:35:00+00:00,928.6199951171875,929.3580932617188,925.75,928.385009765625,67034
2025-04-01 13:40:00+00:00,930.780029296875,931.4249877929688,925.3300170898438,927.52001953125,52894
2025-04-01 13:45:00+00:00,928.594970703125,932.1599731445312,927.6815795898438,929.5900268554688,60960
2025-04-01 13:50:00+00:00,925.0,929.5599975585938,923.87548828125,928.9600219726562,56330
2025-04-01 13:55:00+00:00,921.6400146484375,925.27001953125,920.8099975585938,925.0983276367188,90902
2025-04-01 14:00:00+00:00,918.6699829101562,923.469970703125,915.0,921.0,79106
2025-04-01 14:05:00+00:00,917.7899780273438,921.9998779296875,916.6099853515625,918.8275146484375,62824
2025-04-01 14:10:00+00:00,914.47998046875,918.5,913.530029296875,917.7899780273438,68569
2025-04-01 14:15:00+00:00,914.3406982421875,916.2448120117188,914.239990234375,914.239990234375,39633
2025-04-01 14:20:00+00:00,915.46240234375,916.5285034179688,911.5,914.8400268554688,69595
2025-04-01 14:25:00+00:00,915.4199829101562,916.7999877929688,913.7899780273438,915.5800170898438,53970
2025-04-01 14:30:00+00:00,914.9749755859375,916.9055786132812,914.0,915.27001953125,35046
2025-04-01 14:35:00+00:00,918.0449829101562,919.9998779296875,915.0399780273438,915.0399780273438,40266
2025-04-01 14:40:00+00:00,920.010009765625,921.9400024414062,916.8201293945312,917.8248901367188,56877
2025-04-01 14:45:00+00:00,921.5900268554688,922.2999877929688,919.3300170898438,919.3300170898438,28266
2025-04-01 14:50:00+00:00,924.0991821289062,924.1400146484375,921.2689819335938,921.5700073242188,53661
2025-04-01 14:55:00+00:00,924.2100219726562,924.8300170898438,922.8610229492188,924.1300048828125,32385
2025-04-01 15:00:00+00:00,924.4749755859375,925.4099731445312,924.1400146484375,924.656005859375,20503
2025-04-01 15:05:00+00:00,926.125,926.502685546875,924.0499877929688,924.0499877929688,41241
2025-04-01 15:10:00+00:00,925.1599731445312,925.75,923.539306640625,925.719970703125,45761
2025-04-01 15:15:00+00:00,924.9611206054688,926.2197265625,923.9235229492188,925.7523193359375,22237
2025-04-01 15:20:00+00:00,924.8499755859375,925.6199951171875,922.4400024414062,924.1900024414062,40576
2025-04-01 15:25:00+00:00,922.1300048828125,925.2000732421875,921.8192749023438,925.1782836914062,28955
2025-04-01 15:30:00+00:00,921.6799926757812,922.669921875,920.6475219726562,922.22998046875,29067
2025-04-01 15:35:00+00:00,921.510009765625,922.0,919.719970703125,921.0,20081
2025-04-01 15:40:00+00:00,923.5,923.5,920.4901123046875,921.4099731445312,23549
2025-04-01 15:45:00+00:00,924.0399780273438,924.47998046875,922.5499877929688,923.0,38854
2025-04-01 15:50:00+00:00,924.9600219726562,925.9600219726562,923.7750244140625,924.3800048828125,25269
2025-04-01 15:55:00+00:00,925.6400146484375,925.6400146484375,923.984375,923.984375,11570
2025-04-01 16:00:00+00:00,925.97998046875,926.98876953125,924.1702270507812,925.8400268554688,36543
2025-04-01 16:05:00+00:00,926.0,926.3400268554688,925.2050170898438,925.72998046875,14876
2025-04-01 16:10:00+00:00,925.6699829101562,926.3599853515625,924.9600219726562,925.7650146484375,19687
2025-04-01 16:15:00+00:00,925.85009765625,927.119873046875,925.02001953125,926.1502075195312,26358
2025-04-01 16:20:00+00:00,925.02001953125,927.3984985351562,924.3900146484375,926.6699829101562,45708
2025-04-01 16:25:00+00:00,920.864990234375,924.4500122070312,920.4450073242188,924.3499755859375,28910
2025-04-01 16:30:00+00:00,921.1849975585938,921.9199829101562,920.0,920.969970703125,28986
2025-04-01 16:35:00+00:00,920.8699951171875,921.9299926757812,920.0999755859375,921.752685546875,25865
2025-04-01 16:40:00+00:00,921.1599731445312,922.2944946289062,920.1392211914062,920.1392211914062,25015
2025-04-01 16:45:00+00:00,923.4299926757812,923.98828125,920.8499755859375,920.8499755859375,16143
2025-04-01 16:50:00+00:00,925.6799926757812,926.5999755859375,923.0800170898438,923.2000122070312,17481
2025-04-01 16:55:00+00:00,924.3300170898438,925.4000244140625,924.0700073242188,925.3099975585938,13753
2025-04-01 17:00:00+00:00,924.0700073242188,925.25,924.0429077148438,924.2150268554688,19259
2025-04-01 17:05:00+00:00,921.7849731445312,924.0499877929688,921.3200073242188,924.0499877929688,14494
2025-04-01 17:10:00+00:00,921.2349853515625,921.9500122070312,920.6300048828125,921.5499877929688,25717
2025-04-01 17:15:00+00:00,918.2000122070312,921.5,918.2000122070312,921.155029296875,23944
2025-04-01 17:20:00+00:00,917.719970703125,919.1599731445312,917.603515625,918.2899780273438,28096
2025-04-01 17:25:00+00:00,917.6799926757812,919.0899047851562,917.5574951171875,917.8300170898438,24712
2025-04-01 17:30:00+00:00,918.22998046875,919.469970703125,917.260009765625,917.260009765625,26282
2025-04-01 17:35:00+00:00,920.0800170898438,920.3875122070312,917.8345947265625,918.0,28437
2025-04-01 17:40:00+00:00,919.0800170898438,921.1041259765625,919.0800170898438,920.0800170898438,19636
2025-04-01 17:45:00+00:00,920.4550170898438,920.989990234375,919.010009765625,919.010009765625,19401
2025-04-01 17:50:00+00:00,920.25,921.239990234375,919.1701049804688,920.4099731445312,39916
2025-04-01 17:55:00+00:00,919.9000244140625,920.4400024414062,919.510009765625,920.0399780273438,31330
2025-04-01 18:00:00+00:00,916.967529296875,919.875,916.6199951171875,919.8499755859375,56787
2025-04-01 18:05:00+00:00,915.030029296875,917.1199951171875,914.25,916.969970703125,42139
2025-04-01 18:10:00+00:00,915.6300048828125,916.0850219726562,914.010009765625,915.094970703125,45531
2025-04-01 18:15:00+00:00,914.5,915.5349731445312,914.0,915.2899780273438,16569
2025-04-01 18:20:00+00:00,913.030029296875,914.9500122070312,913.0,914.60498046875,25016
2025-04-01 18:25:00+00:00,913.0,914.3400268554688,912.4400024414062,913.0349731445312,29220
2025-04-01 18:30:00+00:00,913.47900390625,914.6799926757812,912.5800170898438,912.97998046875,27441
2025-04-01 18:35:00+00:00,912.989990234375,914.489990234375,912.989990234375,913.9099731445312,16812
2025-04-01 18:40:00+00:00,914.406005859375,914.75,913.280029296875,913.2949829101562,25383
2025-04-01 18:45:00+00:00,913.114990234375,914.5700073242188,912.9400024414062,914.5,17436
2025-04-01 18:50:00+00:00,914.0,914.35498046875,912.75,913.0399780273438,25756
2025-04-01 18:55:00+00:00,915.72998046875,915.9400024414062,914.3001098632812,914.3800048828125,30913
2025-04-01 19:00:00+00:00,916.4349975585938,917.2138061523438,915.1900024414062,915.4600219726562,32234
2025-04-01 19:05:00+00:00,916.655029296875,917.3699951171875,916.0800170898438,916.4650268554688,26715
2025-04-01 19:10:00+00:00,918.1500244140625,918.1500244140625,916.1300048828125,916.1699829101562,14833
2025-04-01 19:15:00+00:00,917.5800170898438,919.2799072265625,917.0999755859375,918.1500244140625,30719
2025-04-01 19:20:00+00:00,918.2550048828125,918.4000244140625,917.3256225585938,917.72998046875,18874
2025-04-01 19:25:00+00:00,918.02001953125,919.1356811523438,918.02001953125,918.260009765625,40573
2025-04-01 19:30:00+00:00,919.3099975585938,920.5449829101562,917.0999755859375,917.5800170898438,48316
2025-04-01 19:35:00+00:00,920.7999877929688,921.469970703125,919.1400146484375,919.5,43060
2025-04-01 19:40:00+00:00,921.239990234375,922.0,919.9500122070312,920.6599731445312,51774
2025-04-01 19:45:00+00:00,921.75,923.0399780273438,920.6599731445312,921.2374877929688,65316
2025-04-01 19:50:00+00:00,928.510009765625,929.0599975585938,921.75,922.1699829101562,130666
2025-04-01 19:55:00+00:00,928.3400268554688,929.9000244140625,926.6799926757812,928.969970703125,275423
2025-04-02 13:30:00+00:00,931.9096069335938,931.9096069335938,916.1099853515625,922.64501953125,186850
2025-04-02 13:35:00+00:00,936.1400146484375,939.7070922851562,931.0900268554688,931.6749877929688,124512
2025-04-02 13:40:00+00:00,939.24951171875,940.0,935.010009765625,936.9500122070312,84027
2025-04-02 13:45:00+00:00,942.489990234375,942.5999755859375,937.4199829101562,939.280029296875,72894
2025-04-02 13:50:00+00:00,941.1204833984375,944.1229858398438,940.380126953125,942.2249755859375,109951
2025-04-02 13:55:00+00:00,943.5599975585938,945.9199829101562,940.5302124023438,941.9547119140625,90477
2025-04-02 14:00:00+00:00,946.97998046875,949.5479125976562,942.0977783203125,943.27001953125,98508
2025-04-02 14:05:00+00:00,937.9099731445312,947.9854125976562,935.9500122070312,947.4099731445312,71004
2025-04-02 14:10:00+00:00,936.3875732421875,939.0103149414062,933.4299926757812,938.0,62742
2025-04-02 14:15:00+00:00,939.5,939.5,936.07470703125,937.9899291992188,26630
2025-04-02 14:20:00+00:00,941.0,941.489990234375,938.6099853515625,939.3372802734375,44601
2025-04-02 14:25:00+00:00,939.2000122070312,941.6392211914062,937.0001220703125,941.3499755859375,31954
2025-04-02 14:30:00+00:00,939.1599731445312,940.780029296875,938.27001953125,939.3150024414062,32733
2025-04-02 14:35:00+00:00,939.9998779296875,939.9998779296875,937.6995849609375,938.8499755859375,28521
2025-04-02 14:40:00+00:00,939.2349853515625,941.4998779296875,938.3928833007812,939.4099731445312,30076
2025-04-02 14:45:00+00:00,940.7999877929688,940.7999877929688,938.6500244140625,939.10498046875,32540
2025-04-02 14:50:00+00:00,940.6510009765625,943.0,939.510009765625,941.1699829101562,30165
2025-04-02 14:55:00+00:00,943.0900268554688,943.7734985351562,939.2901000976562,940.0,35681
2025-04-02 15:00:00+00:00,942.4600219726562,943.1599731445312,941.1580810546875,943.1599731445312,31175
2025-04-02 15:05:00+00:00,941.9500122070312,943.3572998046875,941.719970703125,942.510009765625,27798
2025-04-02 15:10:00+00:00,937.9600219726562,942.6500244140625,937.8800048828125,941.9550170898438,29993
2025-04-02 15:15:00+00:00,939.2899780273438,939.2899780273438,937.2163696289062,938.5599975585938,15974
2025-04-02 15:20:00+00:00,941.4349975585938,941.719970703125,938.5,939.6683959960938,16967
2025-04-02 15:25:00+00:00,941.655029296875,942.5700073242188,941.1500854492188,941.6768798828125,19378
2025-04-02 15:30:00+00:00,942.0449829101562,942.6599731445312,941.030029296875,941.885009765625,16749
2025-04-02 15:35:00+00:00,941.77001953125,942.5598754882812,940.75,941.7000122070312,18639
2025-04-02 15:40:00+00:00,939.8099975585938,942.0,939.8099975585938,941.4697875976562,15374
2025-04-02 15:45:00+00:00,936.625,939.5543823242188,936.5,939.5543823242188,26946
2025-04-02 15:50:00+00:00,936.3726806640625,937.114990234375,934.6500244140625,936.0399780273438,35730
2025-04-02 15:55:00+00:00,937.5,938.0399780273438,935.260009765625,936.010009765625,18060
2025-04-02 16:00:00+00:00,938.4075927734375,939.9207763671875,937.0200805664062,937.5,17059
2025-04-02 16:05:00+00:00,938.3900146484375,938.719970703125,937.5900268554688,938.1599731445312,11325
2025-04-02 16:10:00+00:00,939.9450073242188,941.0650024414062,938.5599975585938,938.5599975585938,17252
2025-04-02 16:15:00+00:00,941.1500244140625,942.0,939.7100219726562,940.5499877929688,11226
2025-04-02 16:20:00+00:00,941.8200073242188,942.0764770507812,940.6900024414062,941.1500244140625,19579
2025-04-02 16:25:00+00:00,942.7100219726562,943.0900268554688,940.9171752929688,941.5,26307
2025-04-02 16:30:00+00:00,942.0150146484375,943.0,941.760009765625,942.7550048828125,15762
2025-04-02 16:35:00+00:00,940.3790893554688,942.0150146484375,939.1400146484375,942.0150146484375,22812
2025-04-02 16:40:00+00:00,940.1199951171875,940.47998046875,939.02099609375,940.47998046875,22031
2025-04-02 16:45:00+00:00,942.9400024414062,943.1964111328125,939.9500122070312,940.7100219726562,18799
2025-04-02 16:50:00+00:00,943.2899780273438,944.3244018554688,942.460205078125,943.44091796875,29944
2025-04-02 16:55:00+00:00,944.364990234375,944.6475219726562,942.7100219726562,943.2899780273438,20687
2025-04-02 17:00:00+00:00,944.719970703125,945.1500244140625,943.8800048828125,944.3900146484375,33799
2025-04-02 17:05:00+00:00,945.010009765625,945.6641235351562,944.147216796875,945.0,26183
2025-04-02 17:10:00+00:00,945.7949829101562,946.5900268554688,944.989990234375,944.989990234375,39401
2025-04-02 17:15:00+00:00,944.8670043945312,945.9249877929688,944.8670043945312,945.9249877929688,19092
2025-04-02 17:20:00+00:00,943.7100219726562,945.0,942.2401123046875,944.85498046875,15053
2025-04-02 17:25:00+00:00,945.0,945.6152954101562,928.3800048828125,943.7949829101562,25131
2025-04-02 17:30:00+00:00,941.356201171875,945.53759765625,928.3800048828125,945.0,27724
2025-04-02 17:35:00+00:00,940.8599853515625,941.77001953125,940.0,941.77001953125,21775
2025-04-02 17:40:00+00:00,940.1099853515625,941.155029296875,939.010009765625,941.155029296875,30701
2025-04-02 17:45:00+00:00,937.8499755859375,939.5549926757812,936.5900268554688,939.5549926757812,22386
2025-04-02 17:50:00+00:00,937.5800170898438,938.177978515625,936.8599853515625,937.8499755859375,17800
2025-04-02 17:55:00+00:00,938.22998046875,939.0,937.780029296875,937.8499755859375,14651
2025-04-02 18:00:00+00:00,936.0399780273438,938.7365112304688,936.0399780273438,938.1300048828125,21757
2025-04-02 18:05:00+00:00,933.9000244140625,936.3082275390625,932.0,935.780029296875,32723
2025-04-02 18:10:00+00:00,933.219970703125,934.1589965820312,932.239990234375,933.7449951171875,18799
2025-04-02 18:15:00+00:00,932.3400268554688,933.3099975585938,931.1900024414062,933.0250244140625,25694
2025-04-02 18:20:00+00:00,930.530029296875,932.5850219726562,930.530029296875,932.3400268554688,11658
2025-04-02 18:25:00+00:00,929.9199829101562,931.6599731445312,929.0999755859375,930.8250122070312,26265
2025-04-02 18:30:00+00:00,931.2650146484375,931.7999877929688,929.010009765625,929.9199829101562,25383
2025-04-02 18:35:00+00:00,933.1649780273438,933.4199829101562,931.0,931.1599731445312,23470
2025-04-02 18:40:00+00:00,932.1199951171875,934.5750122070312,931.47998046875,933.5499877929688,36353
2025-04-02 18:45:00+00:00,931.510009765625,932.469970703125,931.010009765625,931.7899780273438,14045
2025-04-02 18:50:00+00:00,931.27001953125,931.989990234375,930.1599731445312,931.510009765625,23250
2025-04-02 18:55:00+00:00,928.7999877929688,931.6599731445312,928.77001953125,931.6599731445312,28762
2025-04-02 19:00:00+00:00,932.8682861328125,932.8682861328125,928.7999877929688,928.7999877929688,38419
2025-04-02 19:05:00+00:00,932.1849975585938,933.6400146484375,932.010009765625,933.6400146484375,17958
2025-04-02 19:10:00+00:00,931.9149780273438,933.0,931.5,931.6400146484375,29890
2025-04-02 19:15:00+00:00,930.135009765625,932.3099975585938,930.135009765625,931.8049926757812,18093
2025-04-02 19:20:00+00:00,932.9505004882812,933.2999877929688,930.0,930.41748046875,27160
2025-04-02 19:25:00+00:00,934.0,934.0,930.855224609375,932.510009765625,41287
2025-04-02 19:30:00+00:00,936.7100219726562,937.6156005859375,932.8250122070312,933.2000122070312,36986
2025-04-02 19:35:00+00:00,933.969970703125,937.6998901367188,933.7899780273438,936.3800048828125,34898
2025-04-02 19:40:00+00:00,935.0499877929688,935.8699951171875,933.5449829101562,933.844970703125,56442
2025-04-02 19:45:00+00:00,936.4600219726562,938.4299926757812,934.989990234375,935.3250122070312,49301
2025-04-02 19:50:00+00:00,936.739990234375,937.875,935.6950073242188,937.0,62786
2025-04-02 19:55:00+00:00,934.8300170898438,937.2741088867188,934.7000122070312,936.0499877929688,154850
2025-04-03 13:30:00+00:00,915.0,915.0,900.469970703125,901.8099975585938,358349
2025-04-03 13:35:00+00:00,919.010009765625,919.97998046875,911.8969116210938,914.7999877929688,138513
2025-04-03 13:40:00+00:00,917.3800048828125,919.7999877929688,914.0599975585938,918.52001953125,93164
2025-04-03 13:45:00+00:00,922.3699951171875,922.3699951171875,916.8400268554688,917.0900268554688,102785
2025-04-03 13:50:00+00:00,933.0800170898438,934.5800170898438,922.125,922.125,140548
2025-04-03 13:55:00+00:00,930.9400024414062,935.5399780273438,928.27001953125,933.0800170898438,177722
2025-04-03 14:00:00+00:00,921.6599731445312,932.3099975585938,921.6599731445312,929.5,90599
2025-04-03 14:05:00+00:00,919.2899780273438,923.6799926757812,918.02001953125,922.2999877929688,95697
2025-04-03 14:10:00+00:00,920.5,921.9296264648438,916.4741821289062,919.2045288085938,87982
2025-04-03 14:15:00+00:00,923.219970703125,924.219970703125,920.8099975585938,920.8099975585938,96174
2025-04-03 14:20:00+00:00,920.0499877929688,924.010009765625,919.3576049804688,921.8800048828125,92909
2025-04-03 14:25:00+00:00,922.3099975585938,925.0,919.8800048828125,920.0499877929688,92465
2025-04-03 14:30:00+00:00,922.5700073242188,925.0653076171875,920.8699951171875,922.52001953125,68376
2025-04-03 14:35:00+00:00,920.5,922.4949951171875,919.0,922.3499755859375,44229
2025-04-03 14:40:00+00:00,923.6649780273438,923.8800048828125,919.5,920.52001953125,63245
2025-04-03 14:45:00+00:00,917.8699951171875,923.6488037109375,917.8699951171875,922.5715942382812,56436
2025-04-03 14:50:00+00:00,915.885009765625,918.3784790039062,914.1900024414062,918.3784790039062,66888
2025-04-03 14:55:00+00:00,913.8499755859375,917.8499755859375,913.260009765625,916.7100219726562,66581
2025-04-03 15:00:00+00:00,914.0,914.780029296875,911.5499877929688,913.9500122070312,71160
2025-04-03 15:05:00+00:00,911.719970703125,913.7349853515625,910.4600219726562,913.5,89723
2025-04-03 15:10:00+00:00,917.0670166015625,918.7982177734375,911.489990234375,911.8800048828125,80694
2025-04-03 15:15:00+00:00,922.280029296875,923.0,917.0700073242188,917.0700073242188,47876
2025-04-03 15:20:00+00:00,922.3200073242188,922.8900146484375,920.1400146484375,922.3699951171875,33893
2025-04-03 15:25:00+00:00,923.875,926.5750122070312,921.5742797851562,921.5742797851562,58261
2025-04-03 15:30:00+00:00,929.8699951171875,930.97021484375,923.0399780273438,923.0399780273438,60029
2025-04-03 15:35:00+00:00,929.72998046875,930.9799194335938,927.2254028320312,929.9949951171875,31943
2025-04-03 15:40:00+00:00,929.6749877929688,932.6900024414062,929.2509765625,930.0,45208
2025-04-03 15:45:00+00:00,930.7249755859375,931.780029296875,927.510009765625,930.4600219726562,49634
2025-04-03 15:50:00+00:00,934.6815185546875,935.8499755859375,928.6699829101562,930.7249755859375,63557
2025-04-03 15:55:00+00:00,936.4199829101562,939.7899780273438,934.7100219726562,935.2449951171875,102427
2025-04-03 16:00:00+00:00,938.3800048828125,940.4000244140625,936.1900024414062,936.4400024414062,72826
2025-04-03 16:05:00+00:00,937.0,941.989990234375,935.9849853515625,938.9400024414062,62156
2025-04-03 16:10:00+00:00,940.6199951171875,941.6699829101562,936.030029296875,936.5001831054688,51411
2025-04-03 16:15:00+00:00,943.5800170898438,943.9400024414062,939.5711059570312,941.030029296875,96627
2025-04-03 16:20:00+00:00,946.5919189453125,946.5919189453125,942.222900390625,943.7453002929688,79805
2025-04-03 16:25:00+00:00,945.0,946.4998779296875,943.6599731445312,945.6599731445312,67242
2025-04-03 16:30:00+00:00,938.1799926757812,946.030029296875,938.1799926757812,945.5399780273438,100883
2025-04-03 16:35:00+00:00,937.9749755859375,939.0800170898438,936.5800170898438,938.0999755859375,70657
2025-04-03 16:40:00+00:00,939.646728515625,942.7899780273438,936.6099853515625,937.7449951171875,61114
2025-04-03 16:45:00+00:00,941.2899780273438,941.4149169921875,936.5,939.5250244140625,49647
2025-04-03 16:50:00+00:00,937.0,941.030029296875,936.8350219726562,940.530029296875,30711
2025-04-03 16:55:00+00:00,936.0399780273438,937.5999755859375,934.22998046875,937.1500244140625,39117
2025-04-03 17:00:00+00:00,934.0399780273438,936.5599975585938,932.9600219726562,936.0,25346
2025-04-03 17:05:00+00:00,933.4249877929688,936.7998046875,932.8499755859375,933.4000244140625,31664
2025-04-03 17:10:00+00:00,932.3099975585938,934.3499755859375,932.162109375,932.8499755859375,29915
2025-04-03 17:15:00+00:00,932.1425170898438,933.7999877929688,931.9199829101562,932.5399780273438,44986
2025-04-03 17:20:00+00:00,932.4400024414062,933.8900146484375,929.7999877929688,932.625,52497
2025-04-03 17:25:00+00:00,932.0700073242188,933.6099853515625,931.8300170898438,932.4600219726562,31873
2025-04-03 17:30:00+00:00,931.4349975585938,931.905029296875,930.280029296875,931.8150024414062,22733
2025-04-03 17:35:00+00:00,931.27001953125,932.6400146484375,930.8699951171875,932.010009765625,26867
2025-04-03 17:40:00+00:00,931.6456298828125,931.8300170898438,929.7999877929688,931.4099731445312,27397
2025-04-03 17:45:00+00:00,929.344970703125,932.1300048828125,928.9000244140625,931.52001953125,36968
2025-04-03 17:50:00+00:00,926.6950073242188,929.344970703125,925.3397827148438,929.344970703125,58491
2025-04-03 17:55:00+00:00,923.5225830078125,927.0491943359375,923.5225830078125,926.3099975585938,32370
2025-04-03 18:00:00+00:00,923.9550170898438,925.405029296875,923.5399780273438,923.9099731445312,42164
2025-04-03 18:05:00+00:00,923.7706909179688,924.094970703125,922.3699951171875,923.260009765625,26443
2025-04-03 18:10:00+00:00,922.3966064453125,924.719970703125,922.3966064453125,924.0900268554688,29894
2025-04-03 18:15:00+00:00,923.2435913085938,923.4199829101562,921.6400146484375,922.8724975585938,42545
2025-04-03 18:20:00+00:00,921.989990234375,922.9025268554688,921.5711059570312,922.9025268554688,34359
2025-04-03 18:25:00+00:00,920.8049926757812,922.6900024414062,920.530029296875,922.2899780273438,38343
2025-04-03 18:30:00+00:00,923.4099731445312,924.1900024414062,920.4299926757812,920.780029296875,41417
2025-04-03 18:35:00+00:00,926.760009765625,928.0,923.1300048828125,923.4099731445312,50422
2025-04-03 18:40:00+00:00,929.9949951171875,930.5999755859375,926.1104125976562,926.7349853515625,52533
2025-04-03 18:45:00+00:00,930.5999755859375,931.3027954101562,928.1674194335938,930.017578125,38171
2025-04-03 18:50:00+00:00,928.2000122070312,931.2299194335938,928.2000122070312,929.9749755859375,37390
2025-04-03 18:55:00+00:00,928.3200073242188,929.4199829101562,927.1544799804688,928.9099731445312,60084
2025-04-03 19:00:00+00:00,928.5900268554688,929.8699951171875,927.65478515625,928.1749877929688,23840
2025-04-03 19:05:00+00:00,929.0,930.4099731445312,928.75,928.75,35848
2025-04-03 19:10:00+00:00,927.0150146484375,928.469970703125,926.3499755859375,928.1699829101562,47987
2025-04-03 19:15:00+00:00,922.5900268554688,926.4450073242188,921.7550048828125,926.1599731445312,38949
2025-04-03 19:20:00+00:00,921.1400146484375,923.739990234375,920.5,922.4110107421875,39977
2025-04-03 19:25:00+00:00,920.54248046875,922.5599975585938,919.5272827148438,921.0750122070312,45872
2025-04-03 19:30:00+00:00,918.594970703125,920.3200073242188,918.5399780273438,920.280029296875,54344
2025-04-03 19:35:00+00:00,918.1400146484375,918.8800048828125,916.6422119140625,918.4099731445312,59567
2025-04-03 19:40:00+00:00,921.4450073242188,922.0,917.9249877929688,918.010009765625,70809
2025-04-03 19:45:00+00:00,919.739990234375,921.9099731445312,919.6500244140625,921.625,92310
2025-04-03 19:50:00+00:00,918.9500122070312,920.39501953125,916.8099975585938,919.219970703125,128874
2025-04-03 19:55:00+00:00,916.7899780273438,919.0499877929688,916.3800048828125,919.010009765625,249439
2025-04-04 13:30:00+00:00,898.3499755859375,906.628173828125,893.5999755859375,896.5,420896
2025-04-04 13:35:00+00:00,891.77001953125,898.8900146484375,888.5900268554688,897.5499877929688,156973
2025-04-04 13:40:00+00:00,889.7598876953125,892.4907836914062,886.3187866210938,891.75,129437
2025-04-04 13:45:00+00:00,895.0,900.1900024414062,891.6799926757812,891.8599853515625,101179
2025-04-04 13:50:00+00:00,887.6900024414062,895.989990234375,887.4732055664062,894.010009765625,81635
2025-04-04 13:55:00+00:00,894.2750244140625,895.5900268554688,885.8250122070312,888.02001953125,96212
2025-04-04 14:00:00+00:00,888.8952026367188,894.4644775390625,887.1279907226562,891.6400146484375,64160
2025-04-04 14:05:00+00:00,881.6148071289062,889.8300170898438,881.3200073242188,888.8599853515625,95096
2025-04-04 14:10:00+00:00,877.219970703125,882.65869140625,876.0800170898438,881.5499877929688,131635
2025-04-04 14:15:00+00:00,878.9299926757812,880.0,874.9849853515625,878.2000122070312,98703
2025-04-04 14:20:00+00:00,875.7349853515625,881.5999755859375,875.072021484375,880.0,76739
2025-04-04 14:25:00+00:00,871.5623168945312,878.5538940429688,871.5623168945312,876.02001953125,90933
2025-04-04 14:30:00+00:00,872.02099609375,875.6298828125,871.510009765625,872.5098876953125,84974
2025-04-04 14:35:00+00:00,874.8699951171875,875.2000122070312,870.97998046875,872.6500244140625,139814
2025-04-04 14:40:00+00:00,873.0599975585938,876.7199096679688,871.2999877929688,874.6599731445312,84060
2025-04-04 14:45:00+00:00,864.9204711914062,873.3699951171875,864.9204711914062,872.989990234375,109245
2025-04-04 14:50:00+00:00,869.7999877929688,871.9799194335938,861.005615234375,864.4099731445312,138169
2025-04-04 14:55:00+00:00,871.3599853515625,873.4600219726562,867.1799926757812,869.3599853515625,91559
2025-04-04 15:00:00+00:00,877.0,879.3400268554688,868.5,870.5399780273438,142211
2025-04-04 15:05:00+00:00,875.0700073242188,877.9400024414062,872.469970703125,877.9400024414062,96836
2025-04-04 15:10:00+00:00,878.0,881.4447021484375,874.4000244140625,875.2000122070312,86199
2025-04-04 15:15:00+00:00,875.0,880.6024169921875,874.080078125,878.0599975585938,82255
2025-04-04 15:20:00+00:00,875.5941162109375,878.0543212890625,873.5900268554688,874.6500244140625,64094
2025-04-04 15:25:00+00:00,870.9600219726562,874.0800170898438,869.2476196289062,874.0800170898438,94507
2025-04-04 15:30:00+00:00,868.2269897460938,872.7000122070312,867.0,871.010009765625,72273
2025-04-04 15:35:00+00:00,864.3049926757812,868.7777709960938,862.7322998046875,868.4099731445312,54506
2025-04-04 15:40:00+00:00,868.2000122070312,869.6036987304688,863.5339965820312,864.4000244140625,55954
2025-04-04 15:45:00+00:00,872.6799926757812,873.7966918945312,866.469970703125,868.7050170898438,67317
2025-04-04 15:50:00+00:00,871.6099853515625,873.375,869.97998046875,872.0214233398438,42393
2025-04-04 15:55:00+00:00,867.4169921875,873.6199951171875,867.4169921875,872.5900268554688,45269
2025-04-04 16:00:00+00:00,870.5549926757812,871.4199829101562,868.1849975585938,868.4500122070312,34782
2025-04-04 16:05:00+00:00,869.16357421875,873.3399047851562,869.16357421875,869.5750122070312,33678
2025-04-04 16:10:00+00:00,870.905029296875,871.489990234375,868.1287841796875,869.72998046875,35205
2025-04-04 16:15:00+00:00,864.0700073242188,872.2000122070312,863.3652954101562,871.6900024414062,44466
2025-04-04 16:20:00+00:00,862.6900024414062,865.489990234375,861.60498046875,864.010009765625,71186
2025-04-04 16:25:00+00:00,862.7000122070312,863.8344116210938,860.530029296875,863.5850219726562,33948
2025-04-04 16:30:00+00:00,859.0549926757812,863.8400268554688,859.0,862.0900268554688,73444
2025-04-04 16:35:00+00:00,863.635986328125,865.25,858.440673828125,859.0050048828125,56541
2025-04-04 16:40:00+00:00,862.0,866.8499145507812,861.4199829101562,864.2000122070312,32893
2025-04-04 16:45:00+00:00,862.3250122070312,863.239990234375,860.3256225585938,861.1900024414062,46406
2025-04-04 16:50:00+00:00,863.239990234375,865.02001953125,860.9201049804688,861.9072265625,28685
2025-04-04 16:55:00+00:00,863.1099853515625,865.4995727539062,862.5399780273438,862.9000244140625,25109
2025-04-04 17:00:00+00:00,861.2479248046875,864.1799926757812,861.0,862.9849853515625,36956
2025-04-04 17:05:00+00:00,861.1950073242188,862.6400146484375,859.5999755859375,861.0900268554688,52636
2025-04-04 17:10:00+00:00,858.5900268554688,861.8499145507812,857.6799926757812,861.25,37929
2025-04-04 17:15:00+00:00,858.5150146484375,859.0800170898438,856.1519775390625,858.14501953125,44834
2025-04-04 17:20:00+00:00,861.5230102539062,861.889892578125,858.2493286132812,858.52001953125,38869
2025-04-04 17:25:00+00:00,862.1599731445312,864.3200073242188,861.6118774414062,861.9542846679688,43131
2025-04-04 17:30:00+00:00,863.6300048828125,864.9000244140625,860.0,861.3099975585938,47539
2025-04-04 17:35:00+00:00,868.739990234375,869.0,862.9406127929688,862.9406127929688,54541
2025-04-04 17:40:00+00:00,867.0556030273438,870.47998046875,867.0463256835938,868.6088256835938,48268
2025-04-04 17:45:00+00:00,871.4400024414062,871.4600219726562,866.1599731445312,867.5,36794
2025-04-04 17:50:00+00:00,870.72998046875,871.8798828125,868.7899780273438,870.8244018554688,35596
2025-04-04 17:55:00+00:00,872.0800170898438,872.4500122070312,868.8004150390625,870.72998046875,35723
2025-04-04 18:00:00+00:00,872.8099975585938,875.9099731445312,872.02001953125,872.989990234375,47046
2025-04-04 18:05:00+00:00,868.9000244140625,873.3099975585938,867.0084838867188,872.6549072265625,40969
2025-04-04 18:10:00+00:00,865.5399780273438,869.5900268554688,864.8546142578125,868.510009765625,39035
2025-04-04 18:15:00+00:00,862.927001953125,865.4600219726562,862.281005859375,865.10498046875,63162
2025-04-04 18:20:00+00:00,862.719970703125,865.6900024414062,862.5800170898438,863.1799926757812,27069
2025-04-04 18:25:00+00:00,862.3150024414062,863.4168090820312,860.6129760742188,862.7000122070312,36318
2025-04-04 18:30:00+00:00,861.510009765625,862.9639892578125,860.1409912109375,862.52001953125,37879
2025-04-04 18:35:00+00:00,858.2150268554688,862.4400024414062,857.0200805664062,862.4000244140625,42614
2025-04-04 18:40:00+00:00,854.5200805664062,858.7785034179688,854.5200805664062,857.9299926757812,55548
2025-04-04 18:45:00+00:00,859.0800170898438,859.9299926757812,854.0,855.125,56047
2025-04-04 18:50:00+00:00,858.4403076171875,859.1749877929688,856.510009765625,859.0800170898438,50495
2025-04-04 18:55:00+00:00,855.9099731445312,858.77001953125,855.1900024414062,857.6099853515625,41609
2025-04-04 19:00:00+00:00,855.7000122070312,858.3621826171875,853.8699951171875,856.4199829101562,53383
2025-04-04 19:05:00+00:00,856.27001953125,856.8400268554688,854.0,855.860107421875,46362
2025-04-04 19:10:00+00:00,862.2899780273438,863.1300048828125,855.6500244140625,856.2999877929688,63682
2025-04-04 19:15:00+00:00,857.239990234375,862.3099975585938,855.47998046875,862.3099975585938,84684
2025-04-04 19:20:00+00:00,863.7949829101562,864.6395874023438,857.010009765625,857.010009765625,83786
2025-04-04 19:25:00+00:00,863.4299926757812,865.3300170898438,861.3200073242188,864.0,68527
2025-04-04 19:30:00+00:00,868.4000244140625,868.8599853515625,862.4400024414062,862.8400268554688,96546
2025-04-04 19:35:00+00:00,868.1749877929688,870.8300170898438,865.3900146484375,868.260009765625,74503
2025-04-04 19:40:00+00:00,867.9500122070312,868.7999877929688,864.7575073242188,867.6099853515625,78872
2025-04-04 19:45:00+00:00,864.3800048828125,869.27001953125,862.0001220703125,868.155029296875,108695
2025-04-04 19:50:00+00:00,858.625,863.9299926757812,857.1799926757812,863.9299926757812,185687
2025-04-04 19:55:00+00:00,855.551025390625,858.0700073242188,854.77001953125,858.0700073242188,366193
2025-04-07 13:30:00+00:00,832.0,835.5900268554688,821.0999755859375,823.989990234375,539316
2025-04-07 13:35:00+00:00,831.7999877929688,834.2088012695312,826.3201293945312,832.510009765625,139619
2025-04-07 13:40:00+00:00,823.4362182617188,832.4600219726562,821.2000732421875,831.989990234375,119481
2025-04-07 13:45:00+00:00,837.0700073242188,838.5,822.1199951171875,824.3800048828125,117983
2025-04-07 13:50:00+00:00,852.1799926757812,852.489990234375,836.280029296875,836.280029296875,154744
2025-04-07 13:55:00+00:00,858.8035888671875,860.8499755859375,850.0700073242188,852.5499877929688,127899
2025-04-07 14:00:00+00:00,860.1500244140625,863.3699951171875,855.0,858.239990234375,116961
2025-04-07 14:05:00+00:00,856.48779296875,863.0,854.3800048828125,859.3754272460938,100674
2025-04-07 14:10:00+00:00,887.5,894.6406860351562,855.5974731445312,856.510009765625,243534
2025-04-07 14:15:00+00:00,882.6950073242188,906.739990234375,882.6950073242188,888.3900146484375,273843
2025-04-07 14:20:00+00:00,860.125,882.9099731445312,858.330078125,882.9099731445312,151554
2025-04-07 14:25:00+00:00,856.3699951171875,870.0,851.9000854492188,860.010009765625,120220
2025-04-07 14:30:00+00:00,859.864990234375,873.0,852.0,856.3699951171875,112738
2025-04-07 14:35:00+00:00,848.22998046875,860.7675170898438,844.0,858.3150024414062,99360
2025-04-07 14:40:00+00:00,861.9099731445312,862.5499877929688,846.5599975585938,847.4484252929688,64857
2025-04-07 14:45:00+00:00,863.9232177734375,865.9559936523438,856.4500122070312,863.222900390625,74750
2025-04-07 14:50:00+00:00,880.9495239257812,880.97998046875,863.8724975585938,863.9600219726562,91708
2025-04-07 14:55:00+00:00,872.7849731445312,878.5700073242188,870.260009765625,878.5700073242188,55381
2025-04-07 15:00:00+00:00,874.4000244140625,879.7918090820312,868.235595703125,873.3900146484375,79534
2025-04-07 15:05:00+00:00,866.260009765625,874.010009765625,866.260009765625,872.0,68745
2025-04-07 15:10:00+00:00,861.1799926757812,873.1300048828125,856.298095703125,866.260009765625,290615
2025-04-07 15:15:00+00:00,861.8250122070312,864.0,851.7000122070312,857.6500244140625,90205
2025-04-07 15:20:00+00:00,853.9349975585938,866.8400268554688,850.8800048828125,861.8250122070312,50260
2025-04-07 15:25:00+00:00,853.7999877929688,858.8399047851562,852.736572265625,853.9349975585938,43744
2025-04-07 15:30:00+00:00,859.614990234375,861.6400146484375,855.330078125,855.8200073242188,46535
2025-04-07 15:35:00+00:00,862.1099853515625,867.1300048828125,859.7249755859375,859.7249755859375,52227
2025-04-07 15:40:00+00:00,871.4600219726562,871.9400024414062,862.7100219726562,862.7100219726562,51161
2025-04-07 15:45:00+00:00,869.0650024414062,871.9296875,864.0,870.52001953125,33862
2025-04-07 15:50:00+00:00,862.86962890625,871.2103881835938,862.86962890625,868.1799926757812,37648
2025-04-07 15:55:00+00:00,864.9299926757812,868.60107421875,864.1890869140625,864.8699951171875,22852
2025-04-07 16:00:00+00:00,862.1749877929688,865.534423828125,860.1400146484375,864.0999755859375,35179
2025-04-07 16:05:00+00:00,859.8369750976562,862.8699951171875,858.0,862.1724853515625,27850
2025-04-07 16:10:00+00:00,862.1900024414062,865.0,857.5599975585938,858.7100219726562,37105
2025-04-07 16:15:00+00:00,862.7999877929688,863.9500122070312,857.4666137695312,862.0999755859375,27692
2025-04-07 16:20:00+00:00,865.8900146484375,868.2999877929688,859.030517578125,862.25,32116
2025-04-07 16:25:00+00:00,868.0050048828125,870.0,864.3099975585938,866.614990234375,32496
2025-04-07 16:30:00+00:00,871.6699829101562,874.0,867.3200073242188,867.3200073242188,23778
2025-04-07 16:35:00+00:00,870.405029296875,870.5850219726562,867.3099975585938,869.9600219726562,21913
2025-04-07 16:40:00+00:00,864.1500244140625,870.5800170898438,862.510009765625,868.4500122070312,20176
2025-04-07 16:45:00+00:00,862.4000244140625,864.419921875,860.8800048828125,864.155029296875,21714
2025-04-07 16:50:00+00:00,865.1199951171875,867.5,861.75,863.0,23847
2025-04-07 16:55:00+00:00,861.65771484375,864.7150268554688,860.0,864.7150268554688,34684
2025-04-07 17:00:00+00:00,863.1699829101562,877.0,862.8300170898438,862.8300170898438,68144
2025-04-07 17:05:00+00:00,864.3200073242188,866.3300170898438,860.719970703125,863.9400024414062,32985
2025-04-07 17:10:00+00:00,872.8200073242188,872.8200073242188,863.1799926757812,865.239990234375,32905
2025-04-07 17:15:00+00:00,875.0,877.0,870.8900146484375,870.9749755859375,38928
2025-04-07 17:20:00+00:00,876.0700073242188,877.5700073242188,873.1983032226562,873.1983032226562,35532
2025-04-07 17:25:00+00:00,878.510009765625,878.510009765625,872.0001220703125,873.9199829101562,36755
2025-04-07 17:30:00+00:00,877.3599853515625,878.260009765625,871.3381958007812,878.0,43864
2025-04-07 17:35:00+00:00,879.60009765625,881.0900268554688,875.1599731445312,877.780029296875,45808
2025-04-07 17:40:00+00:00,883.2249755859375,885.0999145507812,877.2681884765625,881.6099853515625,93575
2025-04-07 17:45:00+00:00,880.72998046875,888.1599731445312,878.4564208984375,883.64501953125,77348
2025-04-07 17:50:00+00:00,885.8800048828125,885.8800048828125,879.6599731445312,881.10498046875,51147
2025-04-07 17:55:00+00:00,885.27001953125,885.9351806640625,881.114990234375,884.02001953125,69468
2025-04-07 18:00:00+00:00,882.1162719726562,886.899169921875,880.2344970703125,884.75,53161
2025-04-07 18:05:00+00:00,881.3969116210938,883.28759765625,875.3699951171875,881.9849853515625,67573
2025-04-07 18:10:00+00:00,877.6865234375,883.219970703125,875.6400146484375,880.7449951171875,34273
2025-04-07 18:15:00+00:00,884.1849975585938,885.8599243164062,877.3035888671875,877.5,39402
2025-04-07 18:20:00+00:00,884.8519897460938,885.6640014648438,880.5,883.6785888671875,44833
2025-04-07 18:25:00+00:00,875.0,883.3300170898438,874.0,883.1099853515625,37642
2025-04-07 18:30:00+00:00,878.3800048828125,879.27001953125,874.5,874.5,29491
2025-04-07 18:35:00+00:00,880.3049926757812,882.4299926757812,878.010009765625,878.010009765625,30756
2025-04-07 18:40:00+00:00,878.4509887695312,882.4299926757812,878.0599975585938,880.489990234375,33715
2025-04-07 18:45:00+00:00,877.8400268554688,881.47998046875,875.9849853515625,877.2999877929688,36705
2025-04-07 18:50:00+00:00,873.6400146484375,877.5499877929688,872.6400146484375,877.0349731445312,32694
2025-04-07 18:55:00+00:00,870.989990234375,873.760009765625,869.1799926757812,873.760009765625,38185
2025-04-07 19:00:00+00:00,871.5599975585938,877.02001953125,870.8795776367188,870.9749755859375,43812
2025-04-07 19:05:00+00:00,864.760986328125,873.0521240234375,863.8280029296875,872.97998046875,38120
2025-04-07 19:10:00+00:00,863.9650268554688,865.8300170898438,862.2595825195312,863.7100219726562,63325
2025-04-07 19:15:00+00:00,867.2550048828125,869.5064086914062,860.52001953125,863.7899780273438,48465
2025-04-07 19:20:00+00:00,866.0599975585938,869.135009765625,865.0,867.2550048828125,64371
2025-04-07 19:25:00+00:00,865.1099853515625,867.5250244140625,863.6699829101562,866.030029296875,36903
2025-04-07 19:30:00+00:00,872.989990234375,876.2194213867188,865.14501953125,865.14501953125,67481
2025-04-07 19:35:00+00:00,871.6699829101562,874.88037109375,870.3599853515625,874.0,54674
2025-04-07 19:40:00+00:00,864.75,871.7899780273438,864.2050170898438,871.6599731445312,48859
2025-04-07 19:45:00+00:00,866.02001953125,868.3900146484375,864.2550048828125,864.6815795898438,55142
2025-04-07 19:50:00+00:00,866.4400024414062,867.8499755859375,860.9901123046875,865.0499877929688,92453
2025-04-07 19:55:00+00:00,868.6699829101562,869.02001953125,865.47998046875,866.9550170898438,240658
2025-04-08 13:30:00+00:00,904.7349853515625,913.9000244140625,893.6762084960938,912.4400024414062,484393
2025-04-08 13:35:00+00:00,904.864990234375,909.82080078125,903.77001953125,904.6199951171875,161402
2025-04-08 13:40:00+00:00,909.97998046875,912.8400268554688,901.4227905273438,905.4199829101562,127992
2025-04-08 13:45:00+00:00,908.9500122070312,914.0,908.4299926757812,909.260009765625,93607
2025-04-08 13:50:00+00:00,918.0800170898438,918.6129150390625,908.0,909.6510009765625,151015
2025-04-08 13:55:00+00:00,918.5800170898438,921.7999877929688,916.8572998046875,917.27001953125,115578
2025-04-08 14:00:00+00:00,920.66552734375,921.760009765625,914.8200073242188,918.5800170898438,107747
2025-04-08 14:05:00+00:00,916.760009765625,922.4199829101562,915.9949951171875,921.3759155273438,90129
2025-04-08 14:10:00+00:00,912.22998046875,917.0,910.0399780273438,916.7550048828125,90197
2025-04-08 14:15:00+00:00,910.625,914.0,908.0001220703125,912.22998046875,63038
2025-04-08 14:20:00+00:00,910.0549926757812,913.7399291992188,909.0,911.3840942382812,58355
2025-04-08 14:25:00+00:00,907.0543823242188,913.0,907.0543823242188,909.9149780273438,63669
2025-04-08 14:30:00+00:00,907.885009765625,908.5399780273438,905.0,907.0800170898438,48377
2025-04-08 14:35:00+00:00,907.5650024414062,908.9852294921875,904.0,907.7150268554688,44442
2025-04-08 14:40:00+00:00,903.5499877929688,907.5999755859375,902.6599731445312,907.1199951171875,57388
2025-04-08 14:45:00+00:00,902.0999755859375,906.1799926757812,901.1799926757812,904.0150146484375,74057
2025-04-08 14:50:00+00:00,905.2999877929688,908.1248168945312,900.5900268554688,902.135009765625,58769
2025-04-08 14:55:00+00:00,902.9749755859375,905.4000244140625,902.2899780273438,905.4000244140625,47564
2025-04-08 15:00:00+00:00,905.992919921875,908.0,901.5999755859375,902.3900146484375,59489
2025-04-08 15:05:00+00:00,902.593994140625,906.4000244140625,900.1699829101562,905.098388671875,51085
2025-04-08 15:10:00+00:00,899.385009765625,902.576416015625,894.2200927734375,902.5,99389
2025-04-08 15:15:00+00:00,897.60009765625,900.64501953125,895.6600952148438,898.4299926757812,36165
2025-04-08 15:20:00+00:00,895.6400146484375,902.2899169921875,894.2200927734375,899.3200073242188,38008
2025-04-08 15:25:00+00:00,894.75,898.2410278320312,894.219970703125,894.3170166015625,30511
2025-04-08 15:30:00+00:00,896.2999877929688,898.7000122070312,894.5150146484375,894.5150146484375,30564
2025-04-08 15:35:00+00:00,900.6900024414062,901.72998046875,895.5999755859375,896.2949829101562,41302
2025-04-08 15:40:00+00:00,901.7000122070312,902.5,899.6749877929688,900.5399780273438,55087
2025-04-08 15:45:00+00:00,897.344970703125,904.0,896.3173217773438,902.0,34097
2025-04-08 15:50:00+00:00,898.0,898.9849853515625,896.0,897.344970703125,33995
2025-04-08 15:55:00+00:00,899.864990234375,901.2000122070312,897.7424926757812,898.3400268554688,24928
2025-04-08 16:00:00+00:00,899.9218139648438,900.5,898.155029296875,898.4600219726562,21808
2025-04-08 16:05:00+00:00,899.0,901.7899780273438,898.2100219726562,899.7899780273438,30427
2025-04-08 16:10:00+00:00,898.8900146484375,901.0,898.4000244140625,899.9299926757812,18648
2025-04-08 16:15:00+00:00,891.6300048828125,897.7000122070312,891.0999755859375,897.6649169921875,43806
2025-04-08 16:20:00+00:00,888.0131225585938,892.1500244140625,887.5164184570312,891.9299926757812,50998
2025-04-08 16:25:00+00:00,891.4000244140625,891.5802001953125,887.3400268554688,888.739990234375,23217
2025-04-08 16:30:00+00:00,889.0549926757812,892.4583740234375,886.443603515625,891.344970703125,51271
2025-04-08 16:35:00+00:00,882.97998046875,889.7050170898438,882.6832275390625,889.7050170898438,36561
2025-04-08 16:40:00+00:00,883.5601196289062,885.48388671875,881.1571044921875,883.6099853515625,33339
2025-04-08 16:45:00+00:00,889.614990234375,890.9498291015625,883.1300048828125,883.7100219726562,67610
2025-04-08 16:50:00+00:00,889.2899780273438,890.9400024414062,887.6400146484375,890.9400024414062,59277
2025-04-08 16:55:00+00:00,887.614990234375,892.989990234375,886.9000854492188,889.5897827148438,64024
2025-04-08 17:00:00+00:00,889.97998046875,890.6024780273438,885.0001220703125,887.614990234375,77204
2025-04-08 17:05:00+00:00,885.0407104492188,892.9832153320312,885.0001220703125,889.9310302734375,33398
2025-04-08 17:10:00+00:00,884.6500244140625,886.664306640625,882.3900146484375,885.0,36420
2025-04-08 17:15:00+00:00,888.3499755859375,890.8098754882812,885.280029296875,885.280029296875,38578
2025-04-08 17:20:00+00:00,887.2100219726562,890.139892578125,885.010009765625,888.2999877929688,29831
2025-04-08 17:25:00+00:00,884.1099853515625,888.6558837890625,882.8800048828125,886.0,26220
2025-04-08 17:30:00+00:00,883.9299926757812,885.9299926757812,882.7258911132812,883.3699951171875,27918
2025-04-08 17:35:00+00:00,887.0300903320312,889.5900268554688,883.1599731445312,883.6099853515625,58109
2025-04-08 17:40:00+00:00,891.0,896.0,888.3701171875,889.0,55997
2025-04-08 17:45:00+00:00,887.9650268554688,892.3800048828125,886.872314453125,891.9149780273438,21265
2025-04-08 17:50:00+00:00,890.0050048828125,891.0,884.9400024414062,887.8699951171875,30224
2025-04-08 17:55:00+00:00,891.1199951171875,892.6298828125,889.2672119140625,890.2761840820312,23918
2025-04-08 18:00:00+00:00,889.4749755859375,891.2999877929688,889.2150268554688,890.780029296875,21435
2025-04-08 18:05:00+00:00,887.3350219726562,889.9099731445312,885.5999755859375,889.260009765625,22312
2025-04-08 18:10:00+00:00,884.8800048828125,888.0,884.0150146484375,887.3350219726562,25168
2025-04-08 18:15:00+00:00,890.0,890.0,884.2849731445312,885.0,18822
2025-04-08 18:20:00+00:00,887.9400024414062,890.4086303710938,886.0889282226562,888.9550170898438,37066
2025-04-08 18:25:00+00:00,881.9099731445312,888.7999877929688,881.6901245117188,888.7999877929688,27458
2025-04-08 18:30:00+00:00,884.3900146484375,893.0399780273438,882.5999755859375,882.5999755859375,50889
2025-04-08 18:35:00+00:00,880.77001953125,885.7899780273438,879.0999755859375,885.3350219726562,38685
2025-04-08 18:40:00+00:00,877.780029296875,881.030029296875,877.780029296875,880.239990234375,28082
2025-04-08 18:45:00+00:00,882.8632202148438,882.8632202148438,878.0,878.0,34272
2025-04-08 18:50:00+00:00,883.1799926757812,883.716796875,880.0,882.1199951171875,30324
2025-04-08 18:55:00+00:00,882.8900146484375,883.698974609375,881.0,883.5213012695312,30591
2025-04-08 19:00:00+00:00,876.0,883.0,875.5499877929688,882.1950073242188,41281
2025-04-08 19:05:00+00:00,873.1599731445312,876.4199829101562,872.3499755859375,876.4199829101562,41040
2025-04-08 19:10:00+00:00,868.1705932617188,874.60791015625,868.1705932617188,872.7100219726562,59622
2025-04-08 19:15:00+00:00,866.3800048828125,869.7833251953125,864.0200805664062,868.4384765625,68491
2025-04-08 19:20:00+00:00,870.780029296875,872.0,866.4400024414062,867.3350219726562,57744
2025-04-08 19:25:00+00:00,871.4852294921875,874.0,870.2999877929688,870.2999877929688,46530
2025-04-08 19:30:00+00:00,867.8900146484375,870.8699951171875,866.1199951171875,870.5700073242188,91760
2025-04-08 19:35:00+00:00,861.5650024414062,867.9000244140625,860.3499755859375,867.8499755859375,89889
2025-04-08 19:40:00+00:00,860.719970703125,868.2598876953125,860.6799926757812,861.3699951171875,76219
2025-04-08 19:45:00+00:00,859.1099853515625,863.5399780273438,859.1099853515625,860.530029296875,70031
2025-04-08 19:50:00+00:00,869.030029296875,869.75,858.0,860.52001953125,170348
2025-04-08 19:55:00+00:00,870.75,871.0,863.3599853515625,868.3800048828125,330906
2025-04-09 13:30:00+00:00,868.9749755859375,869.5911254882812,854.4000244140625,855.0,334428
2025-04-09 13:35:00+00:00,866.72998046875,869.6799926757812,858.2000122070312,867.9149780273438,114559
2025-04-09 13:40:00+00:00,867.2050170898438,876.1408081054688,864.4660034179688,867.280029296875,112847
2025-04-09 13:45:00+00:00,868.27001953125,871.0,864.8400268554688,868.0050048828125,77105
2025-04-09 13:50:00+00:00,874.23828125,876.3099975585938,867.77001953125,867.77001953125,100641
2025-04-09 13:55:00+00:00,872.1900024414062,877.0,870.6245727539062,873.0,64156
2025-04-09 14:00:00+00:00,876.8300170898438,881.5800170898438,875.1799926757812,877.8200073242188,91891
2025-04-09 14:05:00+00:00,871.1199951171875,876.5499877929688,868.2122802734375,876.5499877929688,72296
2025-04-09 14:10:00+00:00,868.1599731445312,874.5175170898438,866.4714965820312,870.3900146484375,46647
2025-04-09 14:15:00+00:00,873.5250244140625,874.6199951171875,868.1300048828125,868.1300048828125,58344
2025-04-09 14:20:00+00:00,875.780029296875,877.989990234375,870.6242065429688,873.6950073242188,52086
2025-04-09 14:25:00+00:00,876.0599975585938,877.0,871.4901123046875,876.151611328125,46123
2025-04-09 14:30:00+00:00,878.8900146484375,880.8375854492188,874.7700805664062,875.0700073242188,52500
2025-04-09 14:35:00+00:00,875.7111206054688,879.2000122070312,873.7050170898438,879.2000122070312,38268
2025-04-09 14:40:00+00:00,874.3140258789062,875.8400268554688,872.47998046875,875.02001953125,43835
2025-04-09 14:45:00+00:00,871.4951171875,877.4600219726562,870.4400024414062,874.3400268554688,61276
2025-04-09 14:50:00+00:00,864.52001953125,871.52001953125,862.0128784179688,871.52001953125,68015
2025-04-09 14:55:00+00:00,860.4749755859375,865.219970703125,860.0,864.25,44788
2025-04-09 15:00:00+00:00,864.8599853515625,865.989990234375,859.5800170898438,860.4749755859375,39663
2025-04-09 15:05:00+00:00,869.0958251953125,870.1699829101562,864.719970703125,864.719970703125,54312
2025-04-09 15:10:00+00:00,862.982421875,868.4749755859375,862.982421875,868.1749877929688,26802
2025-04-09 15:15:00+00:00,869.0,869.5098876953125,864.3099975585938,864.3599853515625,32737
2025-04-09 15:20:00+00:00,871.1199951171875,871.6500244140625,867.7066040039062,868.614990234375,32424
2025-04-09 15:25:00+00:00,867.5599975585938,871.094970703125,867.4400024414062,871.094970703125,23758
2025-04-09 15:30:00+00:00,863.75,869.5549926757812,863.5764770507812,867.530029296875,30517
2025-04-09 15:35:00+00:00,861.9600219726562,865.5,861.9600219726562,864.6199951171875,20943
2025-04-09 15:40:00+00:00,862.5899047851562,863.1099853515625,860.8200073242188,861.75,38283
2025-04-09 15:45:00+00:00,863.5050048828125,867.0999755859375,861.4400024414062,862.47998046875,48319
2025-04-09 15:50:00+00:00,861.8099975585938,864.25,861.8099975585938,863.5050048828125,29579
2025-04-09 15:55:00+00:00,858.8599853515625,861.8099975585938,858.0,861.8099975585938,37028
2025-04-09 16:00:00+00:00,859.7550048828125,860.5,857.2946166992188,858.7849731445312,26878
2025-04-09 16:05:00+00:00,863.6799926757812,864.7150268554688,858.0828247070312,859.02001953125,34338
2025-04-09 16:10:00+00:00,870.5650024414062,871.114990234375,863.5007934570312,863.75,34563
2025-04-09 16:15:00+00:00,869.2000122070312,871.1939086914062,868.2401123046875,870.010009765625,31472
2025-04-09 16:20:00+00:00,869.5449829101562,871.0499877929688,868.9600219726562,868.9600219726562,17457
2025-04-09 16:25:00+00:00,869.7150268554688,872.14501953125,869.1588134765625,869.510009765625,38659
2025-04-09 16:30:00+00:00,870.9600219726562,872.1799926757812,868.4000244140625,869.844970703125,18637
2025-04-09 16:35:00+00:00,870.3699951171875,872.3200073242188,869.5,872.1400146484375,13512
2025-04-09 16:40:00+00:00,869.8499755859375,871.5999755859375,869.0,870.77001953125,13027
2025-04-09 16:45:00+00:00,870.64501953125,871.9299926757812,869.0,869.3696899414062,16985
2025-04-09 16:50:00+00:00,870.0999755859375,873.6099853515625,868.47998046875,871.0700073242188,18055
2025-04-09 16:55:00+00:00,870.2000122070312,874.010009765625,870.2000122070312,871.280029296875,22860
2025-04-09 17:00:00+00:00,875.5750122070312,878.0,870.60498046875,871.0,58520
2025-04-09 17:05:00+00:00,873.375,876.1199951171875,872.75,875.5700073242188,37930
2025-04-09 17:10:00+00:00,875.8599243164062,875.8599243164062,871.0,874.0,23970
2025-04-09 17:15:00+00:00,893.4299926757812,895.959716796875,866.9028930664062,875.8599853515625,278700
2025-04-09 17:20:00+00:00,912.0499877929688,912.0499877929688,885.3231201171875,891.7059936523438,162363
2025-04-09 17:25:00+00:00,911.4299926757812,931.8900146484375,909.264404296875,910.5009765625,228391
2025-04-09 17:30:00+00:00,922.6420288085938,923.010009765625,909.5,912.5599975585938,113375
2025-04-09 17:35:00+00:00,914.5499877929688,932.9000244140625,914.5499877929688,922.7000122070312,145267
2025-04-09 17:40:00+00:00,914.9000244140625,921.2498779296875,910.5,914.2899780273438,75215
2025-04-09 17:45:00+00:00,922.02001953125,928.0,913.530029296875,915.25,96039
2025-04-09 17:50:00+00:00,919.45751953125,923.389892578125,916.0,922.9671020507812,86554
2025-04-09 17:55:00+00:00,926.5130004882812,928.0599975585938,915.89208984375,921.0,64083
2025-04-09 18:00:00+00:00,929.2650146484375,933.5499877929688,925.1099853515625,927.6400146484375,110579
2025-04-09 18:05:00+00:00,928.0700073242188,930.8699951171875,921.030029296875,929.2650146484375,107964
2025-04-09 18:10:00+00:00,929.4472045898438,933.0,925.5999755859375,928.6699829101562,75107
2025-04-09 18:15:00+00:00,929.260009765625,933.5,925.4000244140625,929.20751953125,70729
2025-04-09 18:20:00+00:00,936.0599975585938,937.780029296875,926.52001953125,929.5430297851562,89816
2025-04-09 18:25:00+00:00,940.4824829101562,943.8200073242188,935.0892944335938,935.9630737304688,81336
2025-04-09 18:30:00+00:00,934.094970703125,942.4940185546875,932.5501098632812,940.6950073242188,68991
2025-04-09 18:35:00+00:00,937.989990234375,939.2252807617188,932.1187744140625,934.919921875,63922
2025-04-09 18:40:00+00:00,927.9299926757812,938.489990234375,927.0,938.3800048828125,69594
2025-04-09 18:45:00+00:00,930.8599853515625,930.8599853515625,923.385009765625,927.9299926757812,100104
2025-04-09 18:50:00+00:00,931.864990234375,934.5599975585938,927.5999755859375,928.8499755859375,68676
2025-04-09 18:55:00+00:00,928.0900268554688,933.5999755859375,927.5900268554688,930.3800048828125,64163
2025-04-09 19:00:00+00:00,931.1500244140625,931.1500244140625,923.0001220703125,927.5800170898438,72061
2025-04-09 19:05:00+00:00,931.1900024414062,932.9500122070312,927.219970703125,930.91650390625,40692
2025-04-09 19:10:00+00:00,935.7849731445312,937.7098999023438,932.9400024414062,932.9400024414062,72570
2025-04-09 19:15:00+00:00,938.1799926757812,938.1799926757812,932.1300048828125,935.0,70121
2025-04-09 19:20:00+00:00,940.3599853515625,941.5599975585938,936.4949951171875,938.510009765625,77229
2025-04-09 19:25:00+00:00,941.260009765625,944.97998046875,939.3300170898438,940.0499877929688,127372
2025-04-09 19:30:00+00:00,946.0557861328125,949.6900024414062,941.02001953125,941.02001953125,138361
2025-04-09 19:35:00+00:00,942.0599975585938,948.5700073242188,940.0250244140625,946.8599243164062,177356
2025-04-09 19:40:00+00:00,938.673583984375,942.5499877929688,936.8007202148438,942.5499877929688,125783
2025-04-09 19:45:00+00:00,941.5150146484375,942.5,936.1199951171875,938.7999877929688,99378
2025-04-09 19:50:00+00:00,947.0399780273438,949.4298706054688,941.989990234375,941.989990234375,226039
2025-04-09 19:55:00+00:00,944.0700073242188,951.4299926757812,943.2999877929688,947.0399780273438,430631
2025-04-10 13:30:00+00:00,936.3900146484375,938.4249877929688,929.1300048828125,930.8176879882812,293013
2025-04-10 13:35:00+00:00,937.3699951171875,941.2349853515625,932.469970703125,937.1900024414062,103566
2025-04-10 13:40:00+00:00,932.0150146484375,936.4984741210938,929.0,936.1900024414062,64241
2025-04-10 13:45:00+00:00,933.60498046875,934.4437866210938,928.4149780273438,932.0,87469
2025-04-10 13:50:00+00:00,929.5349731445312,937.5,928.8300170898438,933.2349853515625,74158
2025-04-10 13:55:00+00:00,929.2000122070312,932.5800170898438,928.52001953125,929.5349731445312,42910
2025-04-10 14:00:00+00:00,927.64501953125,930.0,924.1292114257812,928.2550048828125,67756
2025-04-10 14:05:00+00:00,929.6599731445312,930.0,924.8200073242188,926.6207885742188,52916
2025-04-10 14:10:00+00:00,928.3200073242188,929.3599853515625,924.3400268554688,929.3599853515625,62888
2025-04-10 14:15:00+00:00,926.7449951171875,931.4099731445312,926.7449951171875,927.8400268554688,52014
2025-04-10 14:20:00+00:00,931.625,932.25,926.219970703125,926.219970703125,51648
2025-04-10 14:25:00+00:00,928.0,933.0,928.0,931.0,43716
2025-04-10 14:30:00+00:00,934.3699951171875,934.3699951171875,928.2650146484375,928.4600219726562,36256
2025-04-10 14:35:00+00:00,937.5850219726562,937.5850219726562,932.0484008789062,933.6699829101562,45645
2025-04-10 14:40:00+00:00,936.97998046875,941.0,936.6099853515625,936.72998046875,57662
2025-04-10 14:45:00+00:00,935.1599731445312,939.8900146484375,934.0599975585938,937.9299926757812,64200
2025-04-10 14:50:00+00:00,933.72998046875,935.89990234375,931.4616088867188,934.60498046875,34119
2025-04-10 14:55:00+00:00,928.5,934.9500122070312,927.5,934.1199951171875,52510
2025-04-10 15:00:00+00:00,929.6699829101562,931.1898803710938,927.630126953125,928.1099853515625,29020
2025-04-10 15:05:00+00:00,934.9439697265625,935.010009765625,929.0512084960938,929.739990234375,34796
2025-04-10 15:10:00+00:00,931.2498779296875,934.239990234375,930.8499755859375,934.114990234375,20225
2025-04-10 15:15:00+00:00,929.5900268554688,931.5,928.5499877929688,930.9036865234375,27408
2025-04-10 15:20:00+00:00,930.6599731445312,931.6099853515625,929.0,929.0750122070312,62149
2025-04-10 15:25:00+00:00,928.3200073242188,931.6199951171875,928.0700073242188,929.9979248046875,42478
2025-04-10 15:30:00+00:00,927.4299926757812,930.0,924.8250122070312,928.3699951171875,53547
2025-04-10 15:35:00+00:00,926.9500122070312,929.5900268554688,926.0499877929688,927.44091796875,26276
2025-04-10 15:40:00+00:00,923.0,928.2100219726562,921.607421875,927.2977294921875,44262
2025-04-10 15:45:00+00:00,919.625,925.0499267578125,918.7700805664062,922.0650024414062,39360
2025-04-10 15:50:00+00:00,919.4299926757812,919.68359375,914.0587158203125,918.9650268554688,76561
2025-04-10 15:55:00+00:00,910.3837890625,919.9400024414062,909.3350219726562,919.9199829101562,58875
2025-04-10 16:00:00+00:00,907.2000122070312,914.7376098632812,905.7999877929688,910.5,50887
2025-04-10 16:05:00+00:00,909.5499877929688,913.3895874023438,903.830078125,906.7550048828125,65871
2025-04-10 16:10:00+00:00,905.2200927734375,912.0,905.2200927734375,910.5695190429688,43981
2025-04-10 16:15:00+00:00,901.989990234375,905.5748291015625,901.0,905.39501953125,49337
2025-04-10 16:20:00+00:00,902.5599975585938,902.989990234375,894.0,902.0,59711
2025-04-10 16:25:00+00:00,899.0499877929688,902.119873046875,894.0599975585938,901.7254028320312,60465
2025-04-10 16:30:00+00:00,906.10498046875,906.8565063476562,899.5,899.969970703125,52753
2025-04-10 16:35:00+00:00,907.3300170898438,910.4949951171875,903.5054931640625,905.7750244140625,56177
2025-04-10 16:40:00+00:00,908.0,910.3400268554688,904.77001953125,907.4699096679688,40632
2025-04-10 16:45:00+00:00,911.5700073242188,912.4500122070312,903.0,908.8098754882812,46372
2025-04-10 16:50:00+00:00,907.9326782226562,912.3900146484375,904.260009765625,912.2473754882812,42135
2025-04-10 16:55:00+00:00,911.1500244140625,913.1099853515625,907.6456298828125,908.1300048828125,39842
2025-04-10 17:00:00+00:00,913.4749755859375,921.5650024414062,910.375,911.7122192382812,75367
2025-04-10 17:05:00+00:00,908.27001953125,912.3499755859375,907.7100219726562,912.0250244140625,28337
2025-04-10 17:10:00+00:00,904.7000122070312,909.1699829101562,901.830078125,909.0,44372
2025-04-10 17:15:00+00:00,907.5349731445312,907.9998779296875,902.30517578125,903.9099731445312,42618
2025-04-10 17:20:00+00:00,909.1400146484375,909.5800170898438,903.0,907.5349731445312,45631
2025-04-10 17:25:00+00:00,915.0,916.5599975585938,909.25,909.25,45722
2025-04-10 17:30:00+00:00,916.7899780273438,918.990478515625,912.8001098632812,915.239990234375,51451
2025-04-10 17:35:00+00:00,916.8800048828125,920.010009765625,915.6799926757812,916.4450073242188,40085
2025-04-10 17:40:00+00:00,920.6599731445312,920.7523803710938,915.3778076171875,916.4500122070312,47936
2025-04-10 17:45:00+00:00,918.2349853515625,923.3499755859375,917.8460083007812,918.9000244140625,52401
2025-04-10 17:50:00+00:00,922.010009765625,924.7999877929688,916.8198852539062,918.9749755859375,43959
2025-04-10 17:55:00+00:00,923.694091796875,925.0499877929688,921.1494140625,922.1900024414062,39766
2025-04-10 18:00:00+00:00,926.0,928.0,920.35498046875,922.3900146484375,43891
2025-04-10 18:05:00+00:00,916.9749755859375,927.9998779296875,916.010009765625,925.9199829101562,43558
2025-04-10 18:10:00+00:00,915.4000244140625,919.3098754882812,915.0,917.7100219726562,41632
2025-04-10 18:15:00+00:00,917.0609741210938,918.5800170898438,913.1223754882812,914.8499755859375,30793
2025-04-10 18:20:00+00:00,923.469970703125,924.97998046875,917.1500244140625,917.4000244140625,42535
2025-04-10 18:25:00+00:00,927.5042114257812,928.5499267578125,922.5800170898438,923.6300048828125,38574
2025-04-10 18:30:00+00:00,924.2100219726562,929.8300170898438,924.2100219726562,927.969970703125,36597
2025-04-10 18:35:00+00:00,927.78857421875,928.4099731445312,922.5701293945312,926.0299072265625,31491
2025-04-10 18:40:00+00:00,930.1135864257812,930.3043212890625,926.7000122070312,928.989990234375,35309
2025-04-10 18:45:00+00:00,924.6749877929688,930.02001953125,923.6199951171875,930.0,29187
2025-04-10 18:50:00+00:00,922.64990234375,928.0,921.568115234375,925.2000122070312,25924
2025-04-10 18:55:00+00:00,923.75,924.6950073242188,919.2000732421875,920.635009765625,21479
2025-04-10 19:00:00+00:00,928.7899780273438,929.77001953125,920.8099975585938,923.02001953125,49141
2025-04-10 19:05:00+00:00,922.0399780273438,930.0,921.1370239257812,928.9299926757812,72578
2025-04-10 19:10:00+00:00,924.010009765625,924.5499877929688,921.3162841796875,922.0,61310
2025-04-10 19:15:00+00:00,926.969970703125,927.219970703125,922.5499877929688,924.155029296875,61641
2025-04-10 19:20:00+00:00,925.1950073242188,930.0,924.5,926.7849731445312,62624
2025-04-10 19:25:00+00:00,922.326416015625,929.9600219726562,922.326416015625,925.6900024414062,64921
2025-04-10 19:30:00+00:00,925.1500244140625,928.3099975585938,921.9442138671875,922.9608764648438,83678
2025-04-10 19:35:00+00:00,922.2000122070312,925.7050170898438,922.2000122070312,925.1500244140625,58288
2025-04-10 19:40:00+00:00,916.7999877929688,922.8049926757812,915.5499877929688,922.8049926757812,87069
2025-04-10 19:45:00+00:00,915.010009765625,919.8900146484375,912.114990234375,917.094970703125,87647
2025-04-10 19:50:00+00:00,920.989990234375,922.1702270507812,916.8350219726562,916.8499755859375,136632
2025-04-10 19:55:00+00:00,921.6799926757812,923.489990234375,916.4299926757812,921.1699829101562,250376
2025-04-11 13:30:00+00:00,921.7761840820312,924.0,916.7000122070312,920.0,116559
2025-04-11 13:35:00+00:00,926.1129150390625,928.9749755859375,920.0537719726562,920.4722290039062,67708
2025-04-11 13:40:00+00:00,933.1900024414062,935.1649780273438,923.267822265625,927.0150146484375,79576
2025-04-11 13:45:00+00:00,933.47998046875,938.5499877929688,933.219970703125,933.5275268554688,97841
2025-04-11 13:50:00+00:00,939.3856811523438,940.0900268554688,933.0,933.2999877929688,110079
2025-04-11 13:55:00+00:00,939.7050170898438,944.8599243164062,938.0999755859375,939.8410034179688,132402
2025-04-11 14:00:00+00:00,932.3275756835938,941.5723876953125,930.1013793945312,938.0001220703125,120613
2025-04-11 14:05:00+00:00,936.1199951171875,938.0,931.4927978515625,932.875,61009
2025-04-11 14:10:00+00:00,931.7999877929688,938.5999755859375,930.0,937.2000122070312,46560
2025-04-11 14:15:00+00:00,925.510009765625,934.5,924.1799926757812,932.0499877929688,43919
2025-04-11 14:20:00+00:00,922.6400146484375,925.2899780273438,918.0344848632812,925.1099853515625,63817
2025-04-11 14:25:00+00:00,918.760009765625,924.72998046875,917.2335205078125,922.6400146484375,57442
2025-04-11 14:30:00+00:00,922.1002807617188,922.9816284179688,916.0001220703125,918.010009765625,60017
2025-04-11 14:35:00+00:00,922.530029296875,924.4598999023438,920.7492065429688,922.1099853515625,42024
2025-04-11 14:40:00+00:00,921.8300170898438,924.4500122070312,920.0441284179688,921.760009765625,38355
2025-04-11 14:45:00+00:00,923.5599975585938,924.64501953125,921.5200805664062,922.3300170898438,32686
2025-04-11 14:50:00+00:00,920.9998779296875,923.0499877929688,918.2000122070312,923.0499877929688,32742
2025-04-11 14:55:00+00:00,920.3400268554688,922.7050170898438,919.173583984375,920.510009765625,28020
2025-04-11 15:00:00+00:00,917.969970703125,926.8599853515625,917.2501220703125,920.760009765625,41895
2025-04-11 15:05:00+00:00,917.48876953125,918.5308227539062,913.5499877929688,917.719970703125,40099
2025-04-11 15:10:00+00:00,913.3300170898438,917.9199829101562,912.47998046875,917.5399780273438,33975
2025-04-11 15:15:00+00:00,910.27001953125,913.10498046875,908.1489868164062,912.6500244140625,68149
2025-04-11 15:20:00+00:00,907.3900146484375,911.7100219726562,906.6799926757812,910.760009765625,51397
2025-04-11 15:25:00+00:00,911.2750244140625,911.8150024414062,907.6199951171875,907.969970703125,44092
2025-04-11 15:30:00+00:00,912.1400146484375,913.2498779296875,910.1701049804688,910.6799926757812,33713
2025-04-11 15:35:00+00:00,916.7949829101562,916.7949829101562,910.8245239257812,912.82470703125,45695
2025-04-11 15:40:00+00:00,914.344970703125,916.7550048828125,911.8900146484375,916.7550048828125,24665
2025-04-11 15:45:00+00:00,915.1900024414062,916.7000122070312,913.4299926757812,915.5,32507
2025-04-11 15:50:00+00:00,912.22998046875,915.125,911.623291015625,914.5233764648438,20205
2025-04-11 15:55:00+00:00,914.9749755859375,915.8618774414062,912.2100219726562,912.2100219726562,29682
2025-04-11 16:00:00+00:00,916.2100219726562,916.3475952148438,913.4500122070312,915.2999877929688,19131
2025-04-11 16:05:00+00:00,915.9901733398438,919.869873046875,915.9400024414062,916.1199951171875,48135
2025-04-11 16:10:00+00:00,917.6199951171875,919.75,916.0825805664062,916.6347045898438,28411
2025-04-11 16:15:00+00:00,916.9400024414062,918.4500122070312,915.780029296875,917.7000122070312,21609
2025-04-11 16:20:00+00:00,913.0,917.1965942382812,913.0,917.1099853515625,17747
2025-04-11 16:25:00+00:00,914.1300048828125,915.0,912.014892578125,913.885009765625,31043
2025-04-11 16:30:00+00:00,920.0319213867188,920.7000122070312,914.2075805664062,914.2075805664062,31668
2025-04-11 16:35:00+00:00,922.6849975585938,923.9990234375,919.2603149414062,919.2603149414062,43696
2025-04-11 16:40:00+00:00,922.468017578125,923.6900024414062,920.7147827148438,922.75,36337
2025-04-11 16:45:00+00:00,922.4000244140625,922.8599853515625,920.0311889648438,922.05810546875,38381
2025-04-11 16:50:00+00:00,922.030029296875,922.839599609375,920.0001220703125,922.4099731445312,18430
2025-04-11 16:55:00+00:00,922.1199951171875,922.9500122070312,921.0,922.010009765625,38538
2025-04-11 17:00:00+00:00,922.4077758789062,924.010009765625,919.5,922.9600219726562,38851
2025-04-11 17:05:00+00:00,921.975830078125,925.219970703125,920.6483764648438,922.6270141601562,42705
2025-04-11 17:10:00+00:00,918.5549926757812,921.1500244140625,918.0,921.059326171875,41169
2025-04-11 17:15:00+00:00,916.8599853515625,920.1900024414062,915.6724243164062,919.0,24080
2025-04-11 17:20:00+00:00,915.6099853515625,918.8099975585938,915.090087890625,916.4099731445312,49608
2025-04-11 17:25:00+00:00,911.9149780273438,915.3800048828125,911.9149780273438,914.6099853515625,37142
2025-04-11 17:30:00+00:00,911.8576049804688,914.3200073242188,910.0150146484375,911.844970703125,37599
2025-04-11 17:35:00+00:00,914.4404296875,915.1799926757812,910.6400146484375,911.780029296875,40698
2025-04-11 17:40:00+00:00,917.0,919.3400268554688,914.0,914.6300048828125,60892
2025-04-11 17:45:00+00:00,916.0986938476562,918.0598754882812,913.760009765625,918.0598754882812,55048
2025-04-11 17:50:00+00:00,917.0399780273438,919.2781982421875,913.9351806640625,915.8900146484375,32671
2025-04-11 17:55:00+00:00,916.8099975585938,918.3198852539062,916.0999755859375,917.2083129882812,14702
2025-04-11 18:00:00+00:00,918.2949829101562,918.780029296875,916.1395263671875,917.614990234375,33112
2025-04-11 18:05:00+00:00,916.8200073242188,918.6005859375,916.030029296875,918.2949829101562,22802
2025-04-11 18:10:00+00:00,918.3699951171875,919.7246704101562,916.02001953125,917.4249877929688,25511
2025-04-11 18:15:00+00:00,915.47998046875,919.1900024414062,914.8400268554688,918.5399780273438,33772
2025-04-11 18:20:00+00:00,916.5999755859375,917.4000244140625,914.905029296875,915.4400024414062,27652
2025-04-11 18:25:00+00:00,916.02001953125,916.9595947265625,914.5499877929688,916.3715209960938,19682
2025-04-11 18:30:00+00:00,916.5217895507812,917.3599853515625,915.52001953125,916.719970703125,15422
2025-04-11 18:35:00+00:00,916.8300170898438,919.1596069335938,915.9000244140625,916.3900146484375,22733
2025-04-11 18:40:00+00:00,917.60498046875,918.3200073242188,917.3049926757812,917.7000122070312,13434
2025-04-11 18:45:00+00:00,917.9299926757812,919.1320190429688,917.8900146484375,917.89501953125,13965
2025-04-11 18:50:00+00:00,917.16748046875,918.8121948242188,914.0,918.4000244140625,28919
2025-04-11 18:55:00+00:00,914.538818359375,918.0145874023438,914.3300170898438,918.0145874023438,19064
2025-04-11 19:00:00+00:00,917.6599731445312,918.1400146484375,914.7000122070312,914.7000122070312,25364
2025-04-11 19:05:00+00:00,918.7949829101562,919.5900268554688,916.510009765625,917.5900268554688,27538
2025-04-11 19:10:00+00:00,920.6176147460938,921.9287719726562,918.0,918.5050048828125,32277
2025-04-11 19:15:00+00:00,919.2999877929688,921.3599853515625,918.22998046875,921.3599853515625,51312
2025-04-11 19:20:00+00:00,920.5050048828125,922.0,918.610107421875,919.989990234375,29419
2025-04-11 19:25:00+00:00,919.5844116210938,920.8333740234375,918.1201171875,920.22998046875,30897
2025-04-11 19:30:00+00:00,919.280029296875,919.510009765625,917.6400146484375,918.4400024414062,30417
2025-04-11 19:35:00+00:00,917.1400146484375,919.1500244140625,916.8200073242188,918.844970703125,32443
2025-04-11 19:40:00+00:00,920.0,920.169921875,917.9099731445312,917.9099731445312,31688
2025-04-11 19:45:00+00:00,920.0750122070312,920.4600219726562,917.5700073242188,920.0,40683
2025-04-11 19:50:00+00:00,919.885009765625,921.4500122070312,917.3300170898438,920.8400268554688,102777
2025-04-11 19:55:00+00:00,917.739990234375,921.2150268554688,916.6599731445312,919.7100219726562,328638
