Price,Close,High,Low,Open,Volume
Ticker,QQQ,QQQ,QQQ,QQQ,QQQ
Datetime,,,,,
2025-02-12 14:30:00+00:00,523.276611328125,523.3499755859375,521.9500122070312,522.2999877929688,3843921
2025-02-12 14:35:00+00:00,523.7650146484375,524.0900268554688,522.8300170898438,523.25,526237
2025-02-12 14:40:00+00:00,524.9349975585938,525.0900268554688,523.5999755859375,523.7589721679688,594484
2025-02-12 14:45:00+00:00,525.2587280273438,525.4299926757812,524.7000122070312,524.9400024414062,688970
2025-02-12 14:50:00+00:00,525.5700073242188,525.8742065429688,524.77001953125,525.260009765625,419910
2025-02-12 14:55:00+00:00,525.2899780273438,525.6099853515625,525.1400146484375,525.52001953125,557425
2025-02-12 15:00:00+00:00,523.8151245117188,525.4498901367188,523.75,525.3200073242188,565735
2025-02-12 15:05:00+00:00,523.916015625,524.260009765625,523.3300170898438,523.8599853515625,402474
2025-02-12 15:10:00+00:00,523.2899780273438,524.0098876953125,523.0,524.0098876953125,318828
2025-02-12 15:15:00+00:00,525.1900024414062,525.2100219726562,523.239990234375,523.27001953125,356671
2025-02-12 15:20:00+00:00,526.3098754882812,526.757080078125,525.1002807617188,525.1699829101562,469861
2025-02-12 15:25:00+00:00,525.75,526.6199951171875,525.5029296875,526.3013916015625,374869
2025-02-12 15:30:00+00:00,526.1599731445312,526.4400024414062,525.7100219726562,525.760009765625,195494
2025-02-12 15:35:00+00:00,527.0399780273438,527.6099853515625,525.969970703125,526.1099853515625,527421
2025-02-12 15:40:00+00:00,526.4298706054688,527.1300048828125,526.1901245117188,527.0399780273438,251145
2025-02-12 15:45:00+00:00,525.7999877929688,526.5496215820312,525.530029296875,526.4199829101562,289897
2025-02-12 15:50:00+00:00,526.3599853515625,526.4785766601562,525.7000122070312,525.8900146484375,141899
2025-02-12 15:55:00+00:00,526.5697021484375,526.6599731445312,526.3300170898438,526.3499755859375,119084
2025-02-12 16:00:00+00:00,526.2449951171875,526.6546020507812,526.1099853515625,526.5700073242188,170387
2025-02-12 16:05:00+00:00,525.738525390625,526.510009765625,525.5800170898438,526.260009765625,195639
2025-02-12 16:10:00+00:00,525.219970703125,526.155517578125,524.9550170898438,525.9276733398438,361866
2025-02-12 16:15:00+00:00,525.2849731445312,525.489990234375,525.0700073242188,525.1199951171875,185431
2025-02-12 16:20:00+00:00,525.0800170898438,525.5499877929688,524.7999877929688,525.2999877929688,189527
2025-02-12 16:25:00+00:00,525.0352172851562,525.1649780273438,524.6099853515625,525.0999755859375,214293
2025-02-12 16:30:00+00:00,525.4400024414062,525.6099853515625,524.9700927734375,524.9700927734375,240326
2025-02-12 16:35:00+00:00,525.8800048828125,526.0800170898438,525.3400268554688,525.4199829101562,196276
2025-02-12 16:40:00+00:00,526.6500244140625,526.7100219726562,525.8200073242188,525.8599853515625,136181
2025-02-12 16:45:00+00:00,526.5150146484375,526.6661987304688,526.2219848632812,526.6199951171875,102968
2025-02-12 16:50:00+00:00,526.9400024414062,527.0900268554688,526.4199829101562,526.510009765625,794922
2025-02-12 16:55:00+00:00,527.7800903320312,527.8800048828125,526.9500122070312,526.97998046875,366024
2025-02-12 17:00:00+00:00,527.760009765625,528.2000122070312,527.5900268554688,527.739990234375,537551
2025-02-12 17:05:00+00:00,527.760009765625,528.030029296875,527.469970703125,527.77001953125,219508
2025-02-12 17:10:00+00:00,527.9099731445312,528.239990234375,527.4904174804688,527.719970703125,236416
2025-02-12 17:15:00+00:00,527.8699951171875,528.3599853515625,527.8699951171875,527.8900146484375,206323
2025-02-12 17:20:00+00:00,527.969970703125,528.1699829101562,527.7537841796875,527.8599853515625,157065
2025-02-12 17:25:00+00:00,527.9801025390625,528.22998046875,527.77001953125,527.8800048828125,97502
2025-02-12 17:30:00+00:00,527.8599853515625,528.0975952148438,527.5599975585938,527.9600219726562,186917
2025-02-12 17:35:00+00:00,527.6300048828125,527.9149780273438,527.4099731445312,527.8798217773438,105732
2025-02-12 17:40:00+00:00,527.3800048828125,527.6799926757812,527.219970703125,527.6300048828125,128148
2025-02-12 17:45:00+00:00,527.9500122070312,528.280029296875,527.3699951171875,527.4199829101562,128234
2025-02-12 17:50:00+00:00,528.47998046875,528.5499877929688,527.822509765625,527.969970703125,142494
2025-02-12 17:55:00+00:00,528.7100219726562,528.8900146484375,528.3800048828125,528.469970703125,249493
2025-02-12 18:00:00+00:00,528.3300170898438,528.8900146484375,528.27001953125,528.6799926757812,149572
2025-02-12 18:05:00+00:00,528.3099975585938,528.530029296875,528.1099853515625,528.3300170898438,136022
2025-02-12 18:10:00+00:00,528.47998046875,528.5,528.1798706054688,528.2999877929688,79085
2025-02-12 18:15:00+00:00,528.2899780273438,528.5562133789062,528.2100219726562,528.530029296875,109344
2025-02-12 18:20:00+00:00,528.2849731445312,528.3400268554688,528.0499877929688,528.2100219726562,76649
2025-02-12 18:25:00+00:00,528.280029296875,528.5250244140625,527.719970703125,528.280029296875,205686
2025-02-12 18:30:00+00:00,528.4500122070312,528.5,528.1400146484375,528.27001953125,151393
2025-02-12 18:35:00+00:00,528.219970703125,528.47998046875,528.1849975585938,528.4400024414062,82712
2025-02-12 18:40:00+00:00,527.5999755859375,528.25,527.5800170898438,528.25,174825
2025-02-12 18:45:00+00:00,527.81982421875,528.0087890625,527.5700073242188,527.5999755859375,116687
2025-02-12 18:50:00+00:00,528.1599731445312,528.2899780273438,527.77001953125,527.77001953125,148271
2025-02-12 18:55:00+00:00,528.0599975585938,528.3499755859375,527.9500122070312,528.1599731445312,112831
2025-02-12 19:00:00+00:00,527.6699829101562,528.14990234375,527.6400146484375,528.0700073242188,160695
2025-02-12 19:05:00+00:00,527.6799926757812,527.8400268554688,527.3200073242188,527.6121215820312,265351
2025-02-12 19:10:00+00:00,527.4708862304688,527.659912109375,527.2999877929688,527.6199951171875,364605
2025-02-12 19:15:00+00:00,527.6199951171875,527.7349853515625,527.3699951171875,527.4749755859375,90743
2025-02-12 19:20:00+00:00,527.9600219726562,528.0800170898438,527.5499877929688,527.6300048828125,243456
2025-02-12 19:25:00+00:00,528.010009765625,528.239990234375,527.6400146484375,527.919921875,139295
2025-02-12 19:30:00+00:00,528.2462768554688,528.3200073242188,527.9700927734375,528.010009765625,133721
2025-02-12 19:35:00+00:00,528.4099731445312,528.530029296875,528.22998046875,528.27001953125,155760
2025-02-12 19:40:00+00:00,528.6400146484375,528.7100219726562,528.4002075195312,528.4099731445312,140294
2025-02-12 19:45:00+00:00,529.14599609375,529.1799926757812,528.5499877929688,528.6199951171875,187016
2025-02-12 19:50:00+00:00,529.030029296875,529.135009765625,528.739990234375,529.135009765625,195966
2025-02-12 19:55:00+00:00,528.9500122070312,529.1900024414062,528.7899780273438,529.0250244140625,185924
2025-02-12 20:00:00+00:00,528.8400268554688,529.1400146484375,528.75,528.9299926757812,126423
2025-02-12 20:05:00+00:00,528.739990234375,528.9500122070312,528.6500244140625,528.8400268554688,115398
2025-02-12 20:10:00+00:00,528.75,529.0,528.6699829101562,528.7332763671875,126284
2025-02-12 20:15:00+00:00,528.7899780273438,528.844970703125,528.5900268554688,528.719970703125,115274
2025-02-12 20:20:00+00:00,528.8012084960938,528.9099731445312,528.72998046875,528.8400268554688,150271
2025-02-12 20:25:00+00:00,528.5999755859375,529.0,528.5999755859375,528.7899780273438,196166
2025-02-12 20:30:00+00:00,528.7698974609375,528.77001953125,528.4600219726562,528.5900268554688,140983
2025-02-12 20:35:00+00:00,528.3300170898438,528.8099975585938,528.2799072265625,528.75,210713
2025-02-12 20:40:00+00:00,527.97998046875,528.4600219726562,527.9149780273438,528.3300170898438,258227
2025-02-12 20:45:00+00:00,528.010009765625,528.1300048828125,527.8300170898438,527.969970703125,305664
2025-02-12 20:50:00+00:00,528.1199951171875,528.239990234375,527.6699829101562,528.0499877929688,636942
2025-02-12 20:55:00+00:00,528.3099975585938,528.5,528.030029296875,528.1500244140625,957043
2025-02-13 14:30:00+00:00,531.6699829101562,531.9099731445312,529.8699951171875,530.030029296875,1946446
2025-02-13 14:35:00+00:00,529.6400146484375,531.9896850585938,529.1900024414062,531.6500244140625,899671
2025-02-13 14:40:00+00:00,530.4000244140625,530.4500122070312,529.3099975585938,529.7059936523438,411702
2025-02-13 14:45:00+00:00,530.0299072265625,530.9299926757812,529.5800170898438,530.4000244140625,304294
2025-02-13 14:50:00+00:00,530.4400024414062,530.6154174804688,529.9299926757812,530.0800170898438,176659
2025-02-13 14:55:00+00:00,531.2346801757812,531.47998046875,530.3599853515625,530.3599853515625,488946
2025-02-13 15:00:00+00:00,531.5200805664062,532.25,531.0900268554688,531.219970703125,817020
2025-02-13 15:05:00+00:00,531.02001953125,531.7000122070312,530.219970703125,531.530029296875,363624
2025-02-13 15:10:00+00:00,531.5900268554688,531.8798828125,530.9299926757812,530.989990234375,259891
2025-02-13 15:15:00+00:00,532.510009765625,532.6099853515625,531.6500244140625,531.6500244140625,472026
2025-02-13 15:20:00+00:00,532.8297729492188,533.0599975585938,532.469970703125,532.4805908203125,738847
2025-02-13 15:25:00+00:00,532.5380249023438,532.926025390625,532.2501220703125,532.8400268554688,227131
2025-02-13 15:30:00+00:00,532.9600219726562,533.030029296875,532.4500122070312,532.5399780273438,330845
2025-02-13 15:35:00+00:00,533.8991088867188,534.0399780273438,532.8900146484375,532.9450073242188,727130
2025-02-13 15:40:00+00:00,534.4099731445312,534.5700073242188,533.864990234375,533.9400024414062,768302
2025-02-13 15:45:00+00:00,534.1599731445312,534.47998046875,534.0549926757812,534.4249267578125,932518
2025-02-13 15:50:00+00:00,534.0599975585938,534.25,533.8499755859375,534.1199951171875,252516
2025-02-13 15:55:00+00:00,534.0900268554688,534.0999755859375,533.739990234375,534.02001953125,207582
2025-02-13 16:00:00+00:00,533.9299926757812,534.1699829101562,533.8599853515625,534.0775146484375,160551
2025-02-13 16:05:00+00:00,533.9299926757812,534.2750244140625,533.8200073242188,533.9400024414062,176986
2025-02-13 16:10:00+00:00,534.1300048828125,534.2000122070312,533.8499755859375,533.9199829101562,144652
2025-02-13 16:15:00+00:00,534.0800170898438,534.135009765625,533.719970703125,534.135009765625,476912
2025-02-13 16:20:00+00:00,533.8800048828125,534.0499877929688,533.5900268554688,534.0399780273438,128344
2025-02-13 16:25:00+00:00,533.22998046875,533.8900146484375,533.114990234375,533.8699951171875,219605
2025-02-13 16:30:00+00:00,533.1799926757812,533.25,532.6900024414062,533.25,288756
2025-02-13 16:35:00+00:00,533.0,533.47998046875,532.9708862304688,533.1699829101562,199844
2025-02-13 16:40:00+00:00,533.1599731445312,533.2388916015625,532.9000244140625,533.02001953125,106290
2025-02-13 16:45:00+00:00,533.239990234375,533.365478515625,533.0999755859375,533.1181030273438,81846
2025-02-13 16:50:00+00:00,532.6599731445312,533.3096923828125,532.6099853515625,533.219970703125,160746
2025-02-13 16:55:00+00:00,532.260009765625,532.698974609375,531.7999877929688,532.6900024414062,397290
2025-02-13 17:00:00+00:00,532.7600708007812,532.780029296875,531.8106079101562,532.260009765625,217428
2025-02-13 17:05:00+00:00,532.9500122070312,533.1174926757812,532.6502075195312,532.75,157577
2025-02-13 17:10:00+00:00,532.6072998046875,533.0,532.3270263671875,532.9500122070312,175473
2025-02-13 17:15:00+00:00,532.3099975585938,532.6541137695312,532.265380859375,532.6099853515625,70250
2025-02-13 17:20:00+00:00,532.5399780273438,532.7100219726562,532.2208251953125,532.2598876953125,83200
2025-02-13 17:25:00+00:00,532.4000244140625,532.6300048828125,532.3099975585938,532.5499877929688,104015
2025-02-13 17:30:00+00:00,532.385009765625,532.469970703125,532.0,532.4000244140625,276917
2025-02-13 17:35:00+00:00,532.4600219726562,532.5399780273438,532.3084106445312,532.385009765625,97923
2025-02-13 17:40:00+00:00,532.655029296875,532.719970703125,532.4700927734375,532.5399780273438,105057
2025-02-13 17:45:00+00:00,533.0700073242188,533.1599731445312,532.6199951171875,532.64501953125,166099
2025-02-13 17:50:00+00:00,532.7150268554688,533.0999755859375,532.5800170898438,533.0800170898438,122866
2025-02-13 17:55:00+00:00,532.3798828125,532.836181640625,531.9218139648438,532.72998046875,229294
2025-02-13 18:00:00+00:00,532.0501098632812,532.385009765625,531.8200073242188,532.3712768554688,374687
2025-02-13 18:05:00+00:00,532.1400146484375,532.240478515625,531.9500122070312,532.0599975585938,207328
2025-02-13 18:10:00+00:00,532.159912109375,532.3966064453125,531.97998046875,532.1312255859375,195607
2025-02-13 18:15:00+00:00,530.9304809570312,532.1599731445312,530.5599975585938,532.135009765625,401153
2025-02-13 18:20:00+00:00,531.7949829101562,531.9127807617188,530.7850952148438,530.8800048828125,299261
2025-02-13 18:25:00+00:00,531.8400268554688,532.1599731445312,531.6950073242188,531.8200073242188,177251
2025-02-13 18:30:00+00:00,532.0399780273438,532.0653076171875,531.719970703125,531.780029296875,104957
2025-02-13 18:35:00+00:00,532.489990234375,532.530029296875,531.9201049804688,532.02001953125,163260
2025-02-13 18:40:00+00:00,532.1099853515625,532.6199951171875,531.030029296875,532.5,553496
2025-02-13 18:45:00+00:00,532.4100952148438,532.5599975585938,531.7899780273438,532.0,186135
2025-02-13 18:50:00+00:00,532.3900146484375,532.5999755859375,531.47998046875,532.469970703125,438072
2025-02-13 18:55:00+00:00,533.0499877929688,533.0900268554688,532.219970703125,532.510009765625,255136
2025-02-13 19:00:00+00:00,533.4849853515625,533.530029296875,532.8800048828125,533.0599975585938,262786
2025-02-13 19:05:00+00:00,533.77001953125,533.959716796875,533.2899780273438,533.489990234375,203020
2025-02-13 19:10:00+00:00,533.6900024414062,533.8099975585938,533.4400024414062,533.7899780273438,185508
2025-02-13 19:15:00+00:00,533.6923828125,533.9349975585938,533.5900268554688,533.6400146484375,372437
2025-02-13 19:20:00+00:00,533.5449829101562,533.8099975585938,533.4340209960938,533.719970703125,105851
2025-02-13 19:25:00+00:00,533.82470703125,533.9099731445312,533.4500122070312,533.510009765625,108253
2025-02-13 19:30:00+00:00,534.1699829101562,534.2899780273438,533.7000122070312,533.8499755859375,200928
2025-02-13 19:35:00+00:00,534.3298950195312,534.4450073242188,534.1400146484375,534.1500244140625,249362
2025-02-13 19:40:00+00:00,534.2000122070312,534.3200073242188,534.010009765625,534.280029296875,302995
2025-02-13 19:45:00+00:00,534.4099731445312,534.438720703125,534.0601196289062,534.1699829101562,151449
2025-02-13 19:50:00+00:00,534.9199829101562,534.989990234375,534.4000244140625,534.4000244140625,426793
2025-02-13 19:55:00+00:00,534.52001953125,534.9699096679688,534.385009765625,534.9199829101562,192366
2025-02-13 20:00:00+00:00,534.7675170898438,534.8099975585938,534.4548950195312,534.510009765625,181849
2025-02-13 20:05:00+00:00,535.1400146484375,535.1799926757812,534.6549072265625,534.7642822265625,262890
2025-02-13 20:10:00+00:00,535.0800170898438,535.239990234375,534.9801025390625,535.135009765625,398047
2025-02-13 20:15:00+00:00,535.3099975585938,535.3800048828125,534.97998046875,535.0999755859375,251660
2025-02-13 20:20:00+00:00,535.1500244140625,535.4299926757812,535.1300048828125,535.2999877929688,180559
2025-02-13 20:25:00+00:00,535.2050170898438,535.2288208007812,534.9000244140625,535.1300048828125,290259
2025-02-13 20:30:00+00:00,534.757080078125,535.1749877929688,534.719970703125,535.1749877929688,244852
2025-02-13 20:35:00+00:00,534.9400024414062,534.989990234375,534.6799926757812,534.77001953125,223364
2025-02-13 20:40:00+00:00,535.010009765625,535.0850219726562,534.875,534.9500122070312,252154
2025-02-13 20:45:00+00:00,535.239990234375,535.3400268554688,534.9500122070312,535.010009765625,292639
2025-02-13 20:50:00+00:00,535.5,535.6500244140625,535.0700073242188,535.219970703125,697954
2025-02-13 20:55:00+00:00,535.8800048828125,536.219970703125,535.1799926757812,535.52001953125,2113100
2025-02-14 14:30:00+00:00,536.2186889648438,536.8300170898438,535.7999877929688,536.0,1266527
2025-02-14 14:35:00+00:00,535.9940795898438,536.2974243164062,535.6699829101562,536.219970703125,294467
2025-02-14 14:40:00+00:00,535.8101806640625,536.1351928710938,535.6701049804688,535.9700927734375,223444
2025-02-14 14:45:00+00:00,536.4450073242188,536.6362915039062,535.7905883789062,535.7905883789062,382373
2025-02-14 14:50:00+00:00,536.5900268554688,536.844970703125,536.4099731445312,536.4099731445312,267710
2025-02-14 14:55:00+00:00,536.530029296875,536.8800048828125,536.3917236328125,536.592529296875,375210
2025-02-14 15:00:00+00:00,536.5900268554688,536.6799926757812,535.8499755859375,536.5399780273438,486672
2025-02-14 15:05:00+00:00,536.969970703125,537.02001953125,536.4099731445312,536.5798950195312,435874
2025-02-14 15:10:00+00:00,537.0800170898438,537.3400268554688,536.905029296875,536.9400024414062,316856
2025-02-14 15:15:00+00:00,536.530029296875,537.22998046875,536.3900146484375,537.0900268554688,304055
2025-02-14 15:20:00+00:00,537.02001953125,537.1099853515625,536.510009765625,536.5584716796875,205943
2025-02-14 15:25:00+00:00,536.8200073242188,537.1749877929688,536.760009765625,537.0,141816
2025-02-14 15:30:00+00:00,536.4036254882812,536.8699951171875,536.3300170898438,536.8300170898438,183287
2025-02-14 15:35:00+00:00,536.4000244140625,536.6599731445312,536.060302734375,536.5462036132812,159707
2025-02-14 15:40:00+00:00,536.336181640625,536.4390258789062,535.9400024414062,536.4290161132812,156471
2025-02-14 15:45:00+00:00,536.7899780273438,536.8300170898438,536.3499755859375,536.3499755859375,158779
2025-02-14 15:50:00+00:00,537.1951293945312,537.3200073242188,536.594970703125,536.7899780273438,223326
2025-02-14 15:55:00+00:00,537.4400024414062,537.5999755859375,537.1519775390625,537.1799926757812,206616
2025-02-14 16:00:00+00:00,537.15478515625,537.5750122070312,536.8300170898438,537.4500122070312,207167
2025-02-14 16:05:00+00:00,537.380126953125,537.4949951171875,537.051025390625,537.2100219726562,134658
2025-02-14 16:10:00+00:00,537.1500244140625,537.469970703125,537.0300903320312,537.4149780273438,124109
2025-02-14 16:15:00+00:00,536.5361938476562,537.2000122070312,536.5,537.1699829101562,140031
2025-02-14 16:20:00+00:00,536.4400024414062,536.5599975585938,535.989990234375,536.5562744140625,309042
2025-02-14 16:25:00+00:00,536.8543090820312,537.0499877929688,536.2807006835938,536.4099731445312,147110
2025-02-14 16:30:00+00:00,536.6220092773438,536.9149169921875,536.5142211914062,536.9000244140625,114513
2025-02-14 16:35:00+00:00,536.7734985351562,536.7734985351562,536.3200073242188,536.5999755859375,117057
2025-02-14 16:40:00+00:00,536.7899780273438,536.8800048828125,536.6900024414062,536.8167114257812,61289
2025-02-14 16:45:00+00:00,536.3900146484375,536.8997802734375,536.2899780273438,536.780029296875,136832
2025-02-14 16:50:00+00:00,536.7490844726562,536.7698974609375,536.1500244140625,536.3400268554688,102500
2025-02-14 16:55:00+00:00,536.8400268554688,536.89990234375,536.52197265625,536.75,93024
2025-02-14 17:00:00+00:00,536.7698974609375,536.927978515625,536.5800170898438,536.8200073242188,76870
2025-02-14 17:05:00+00:00,536.344970703125,536.7100219726562,536.3347778320312,536.7000122070312,72210
2025-02-14 17:10:00+00:00,536.3350219726562,536.369873046875,536.010009765625,536.3499755859375,104834
2025-02-14 17:15:00+00:00,536.3145141601562,536.4000244140625,536.1500244140625,536.3400268554688,101699
2025-02-14 17:20:00+00:00,536.239990234375,536.5100708007812,536.1199951171875,536.3671875,72072
2025-02-14 17:25:00+00:00,535.9099731445312,536.3092041015625,535.8900146484375,536.2532958984375,77785
2025-02-14 17:30:00+00:00,536.1599731445312,536.1768188476562,535.7100219726562,535.957275390625,124805
2025-02-14 17:35:00+00:00,536.1900024414062,536.3499755859375,536.1099853515625,536.1400146484375,66471
2025-02-14 17:40:00+00:00,536.1400146484375,536.2899169921875,535.9749755859375,536.2000122070312,71412
2025-02-14 17:45:00+00:00,536.6953735351562,536.719970703125,536.1240844726562,536.155029296875,115060
2025-02-14 17:50:00+00:00,537.1400146484375,537.1900024414062,536.7000122070312,536.72998046875,255207
2025-02-14 17:55:00+00:00,537.2650146484375,537.3800048828125,537.0700073242188,537.1599731445312,169730
2025-02-14 18:00:00+00:00,537.31591796875,537.52001953125,537.1199951171875,537.2899780273438,160961
2025-02-14 18:05:00+00:00,537.530029296875,537.5798950195312,537.22998046875,537.3051147460938,118124
2025-02-14 18:10:00+00:00,537.4400024414062,537.6749877929688,537.3345947265625,537.5399780273438,99299
2025-02-14 18:15:00+00:00,537.3200073242188,537.469970703125,537.22998046875,537.4299926757812,224421
2025-02-14 18:20:00+00:00,537.1900024414062,537.4199829101562,537.1900024414062,537.3300170898438,117543
2025-02-14 18:25:00+00:00,537.260009765625,537.3098754882812,536.9819946289062,537.1998901367188,100821
2025-02-14 18:30:00+00:00,537.8599853515625,537.9199829101562,537.2349853515625,537.2349853515625,165746
2025-02-14 18:35:00+00:00,537.880126953125,538.0399780273438,537.739990234375,537.8200073242188,241626
2025-02-14 18:40:00+00:00,538.0499877929688,538.0953979492188,537.8699951171875,537.9000244140625,100448
2025-02-14 18:45:00+00:00,538.10498046875,538.2462768554688,538.010009765625,538.0499877929688,97678
2025-02-14 18:50:00+00:00,538.1599731445312,538.219970703125,538.0324096679688,538.1199951171875,115630
2025-02-14 18:55:00+00:00,537.9299926757812,538.219970703125,537.9099731445312,538.2012939453125,125909
2025-02-14 19:00:00+00:00,537.9500122070312,538.02001953125,537.8046875,537.9277954101562,110407
2025-02-14 19:05:00+00:00,538.1199951171875,538.1583862304688,537.9000244140625,537.9099731445312,83257
2025-02-14 19:10:00+00:00,538.3699951171875,538.3900146484375,538.1199951171875,538.1199951171875,112258
2025-02-14 19:15:00+00:00,538.0850219726562,538.4000244140625,537.969970703125,538.4000244140625,149468
2025-02-14 19:20:00+00:00,538.010009765625,538.1099853515625,537.9000244140625,538.1099853515625,150721
2025-02-14 19:25:00+00:00,537.739990234375,538.02001953125,537.6600952148438,538.02001953125,164012
2025-02-14 19:30:00+00:00,537.6400146484375,537.7493286132812,537.3970947265625,537.7352905273438,161527
2025-02-14 19:35:00+00:00,537.6500244140625,537.77490234375,537.51171875,537.6199951171875,129403
2025-02-14 19:40:00+00:00,537.5800170898438,537.7100219726562,537.502685546875,537.6699829101562,82006
2025-02-14 19:45:00+00:00,537.489013671875,537.75,537.3400268554688,537.5900268554688,96886
2025-02-14 19:50:00+00:00,537.5401000976562,537.5599975585938,537.25,537.47998046875,170905
2025-02-14 19:55:00+00:00,537.7899780273438,537.8400268554688,537.4500122070312,537.5399780273438,150677
2025-02-14 20:00:00+00:00,537.489990234375,537.77001953125,537.4144897460938,537.77001953125,114546
2025-02-14 20:05:00+00:00,537.6199951171875,537.6400146484375,537.3300170898438,537.489990234375,92736
2025-02-14 20:10:00+00:00,537.7802734375,537.7899780273438,537.3892211914062,537.6099853515625,172432
2025-02-14 20:15:00+00:00,537.9368286132812,538.030029296875,537.77001953125,537.8300170898438,236868
2025-02-14 20:20:00+00:00,537.9600219726562,538.0399780273438,537.8900146484375,537.9500122070312,156457
2025-02-14 20:25:00+00:00,537.9099731445312,538.0999755859375,537.8499755859375,537.9600219726562,199091
2025-02-14 20:30:00+00:00,538.3200073242188,538.3400268554688,537.8292236328125,537.9299926757812,213909
2025-02-14 20:35:00+00:00,538.4598999023438,538.489990234375,538.239990234375,538.3300170898438,377875
2025-02-14 20:40:00+00:00,538.1599731445312,538.4500122070312,537.97998046875,538.4500122070312,361937
2025-02-14 20:45:00+00:00,538.22998046875,538.3400268554688,538.1300048828125,538.1799926757812,261896
2025-02-14 20:50:00+00:00,538.6453247070312,538.8400268554688,538.2100219726562,538.22998046875,578992
2025-02-14 20:55:00+00:00,538.1199951171875,538.6599731445312,538.02001953125,538.5800170898438,935538
2025-02-18 14:30:00+00:00,539.5999755859375,540.0,538.9299926757812,539.77001953125,1659477
2025-02-18 14:35:00+00:00,539.4000244140625,539.75,539.0399780273438,539.6090087890625,296799
2025-02-18 14:40:00+00:00,538.8599853515625,539.7598876953125,538.72998046875,539.409912109375,285977
2025-02-18 14:45:00+00:00,537.9799194335938,539.0,537.7100219726562,538.9000244140625,499129
2025-02-18 14:50:00+00:00,538.5800170898438,538.7899169921875,537.5399780273438,538.010009765625,573976
2025-02-18 14:55:00+00:00,538.4000244140625,538.9600219726562,538.2999877929688,538.6099853515625,280295
2025-02-18 15:00:00+00:00,537.739990234375,538.4099731445312,537.1500244140625,538.39990234375,347002
2025-02-18 15:05:00+00:00,538.1099853515625,538.260009765625,537.5599975585938,537.8699951171875,302301
2025-02-18 15:10:00+00:00,538.3699951171875,538.5028076171875,537.6500244140625,538.0800170898438,425321
2025-02-18 15:15:00+00:00,537.4500122070312,538.5399780273438,537.3099975585938,538.3800048828125,256670
2025-02-18 15:20:00+00:00,537.7999877929688,538.0538940429688,537.3800048828125,537.4400024414062,175501
2025-02-18 15:25:00+00:00,536.8900146484375,537.989990234375,536.69482421875,537.8300170898438,282438
2025-02-18 15:30:00+00:00,537.0499877929688,537.3300170898438,536.5999755859375,536.9099731445312,260678
2025-02-18 15:35:00+00:00,537.3836059570312,537.6400756835938,537.0,537.0499877929688,229999
2025-02-18 15:40:00+00:00,537.5501098632812,537.659912109375,537.1599731445312,537.3900146484375,291949
2025-02-18 15:45:00+00:00,537.0999755859375,537.580810546875,536.7399291992188,537.4400024414062,300814
2025-02-18 15:50:00+00:00,537.9099731445312,537.9199829101562,536.8701171875,537.0999755859375,209850
2025-02-18 15:55:00+00:00,538.0399780273438,538.0999755859375,537.6510009765625,537.9299926757812,160500
2025-02-18 16:00:00+00:00,538.1298828125,538.2899780273438,537.905029296875,538.030029296875,192416
2025-02-18 16:05:00+00:00,538.22998046875,538.3300170898438,537.9400024414062,538.0800170898438,175175
2025-02-18 16:10:00+00:00,538.2100219726562,538.5,538.1099853515625,538.2562255859375,196520
2025-02-18 16:15:00+00:00,538.3400268554688,538.4998779296875,538.1798706054688,538.2000122070312,183433
2025-02-18 16:20:00+00:00,537.7899780273438,538.3800048828125,537.52001953125,538.3099975585938,201058
2025-02-18 16:25:00+00:00,538.5,538.52001953125,537.7319946289062,537.7901000976562,206155
2025-02-18 16:30:00+00:00,538.030029296875,538.489990234375,537.7899780273438,538.489990234375,176754
2025-02-18 16:35:00+00:00,538.1749877929688,538.25,537.780029296875,538.030029296875,104918
2025-02-18 16:40:00+00:00,537.9099731445312,538.1599731445312,537.8350219726562,538.1599731445312,51970
2025-02-18 16:45:00+00:00,538.5499267578125,538.5698852539062,537.8400268554688,537.8699951171875,279237
2025-02-18 16:50:00+00:00,538.6165771484375,538.72998046875,538.4550170898438,538.5299072265625,122893
2025-02-18 16:55:00+00:00,538.0399780273438,538.72998046875,537.959228515625,538.6199951171875,186088
2025-02-18 17:00:00+00:00,538.0767822265625,538.139892578125,537.8521728515625,538.010009765625,123901
2025-02-18 17:05:00+00:00,537.7647094726562,538.1859741210938,537.6300048828125,538.0548095703125,140483
2025-02-18 17:10:00+00:00,538.010009765625,538.1500244140625,537.4400024414062,537.739990234375,113940
2025-02-18 17:15:00+00:00,537.60498046875,538.02001953125,537.52001953125,538.02001953125,122959
2025-02-18 17:20:00+00:00,537.7100219726562,537.760009765625,537.4998168945312,537.5900268554688,76995
2025-02-18 17:25:00+00:00,537.7000122070312,537.760009765625,537.5800170898438,537.7000122070312,47923
2025-02-18 17:30:00+00:00,537.7498779296875,538.0191040039062,537.6900024414062,537.7100219726562,66173
2025-02-18 17:35:00+00:00,538.0800170898438,538.1162719726562,537.719970703125,537.719970703125,71202
2025-02-18 17:40:00+00:00,538.02978515625,538.22998046875,537.9600219726562,538.0700073242188,95554
2025-02-18 17:45:00+00:00,537.9550170898438,538.2000122070312,537.8800048828125,538.0159912109375,71294
2025-02-18 17:50:00+00:00,538.3400268554688,538.3900146484375,537.9349975585938,537.9349975585938,158086
2025-02-18 17:55:00+00:00,538.260009765625,538.3400268554688,538.1400146484375,538.3400268554688,105010
2025-02-18 18:00:00+00:00,538.410400390625,538.4699096679688,538.1300048828125,538.1500244140625,95791
2025-02-18 18:05:00+00:00,537.9249877929688,538.4882202148438,537.8099975585938,538.4213256835938,134144
2025-02-18 18:10:00+00:00,537.780029296875,537.938720703125,537.6099853515625,537.9299926757812,85828
2025-02-18 18:15:00+00:00,537.57958984375,537.7999877929688,537.5499877929688,537.780029296875,126849
2025-02-18 18:20:00+00:00,537.5599975585938,537.6900024414062,537.2100219726562,537.5625,163904
2025-02-18 18:25:00+00:00,537.4600219726562,537.72998046875,537.4099731445312,537.5499877929688,74072
2025-02-18 18:30:00+00:00,537.1599731445312,537.469970703125,536.9600219726562,537.469970703125,143343
2025-02-18 18:35:00+00:00,537.1497192382812,537.2150268554688,536.9600219726562,537.1699829101562,188475
2025-02-18 18:40:00+00:00,537.010009765625,537.1500244140625,536.8699951171875,537.09619140625,109718
2025-02-18 18:45:00+00:00,537.3800048828125,537.3800048828125,536.9099731445312,537.02001953125,128292
2025-02-18 18:50:00+00:00,537.5,537.5999755859375,537.27001953125,537.3599853515625,107103
2025-02-18 18:55:00+00:00,537.3400268554688,537.6599731445312,537.3250122070312,537.480712890625,87347
2025-02-18 19:00:00+00:00,537.4400024414062,537.52001953125,537.27001953125,537.3499755859375,142127
2025-02-18 19:05:00+00:00,536.301513671875,537.510009765625,536.0499877929688,537.4000244140625,335544
2025-02-18 19:10:00+00:00,536.5399780273438,536.739990234375,536.2899780273438,536.2999877929688,221215
2025-02-18 19:15:00+00:00,536.3300170898438,536.6599731445312,536.2750244140625,536.530029296875,141417
2025-02-18 19:20:00+00:00,537.2700805664062,537.4299926757812,536.0399780273438,536.3400268554688,313573
2025-02-18 19:25:00+00:00,537.1599731445312,537.3555908203125,537.1099853515625,537.2999877929688,153524
2025-02-18 19:30:00+00:00,537.4600219726562,537.5,537.01123046875,537.1699829101562,128710
2025-02-18 19:35:00+00:00,537.0501098632812,537.5700073242188,537.0352783203125,537.4600219726562,78251
2025-02-18 19:40:00+00:00,537.2999877929688,537.4299926757812,537.0599975585938,537.0599975585938,91736
2025-02-18 19:45:00+00:00,537.72998046875,537.739990234375,537.1599731445312,537.2899780273438,206491
2025-02-18 19:50:00+00:00,537.8685302734375,538.010009765625,537.6099853515625,537.739990234375,188804
2025-02-18 19:55:00+00:00,537.8099975585938,538.0,537.7550048828125,537.8400268554688,94421
2025-02-18 20:00:00+00:00,537.8493041992188,537.9000244140625,537.6895141601562,537.8200073242188,172306
2025-02-18 20:05:00+00:00,537.7899780273438,537.8400268554688,537.6099853515625,537.8400268554688,147200
2025-02-18 20:10:00+00:00,537.72998046875,537.7899780273438,537.5900268554688,537.77001953125,137395
2025-02-18 20:15:00+00:00,537.6701049804688,537.760009765625,537.4600219726562,537.72998046875,190584
2025-02-18 20:20:00+00:00,537.77001953125,537.8159790039062,537.510009765625,537.6799926757812,96946
2025-02-18 20:25:00+00:00,537.6099853515625,537.8599853515625,537.5800170898438,537.7628173828125,153973
2025-02-18 20:30:00+00:00,537.5999755859375,537.8150024414062,537.530029296875,537.6165161132812,227682
2025-02-18 20:35:00+00:00,537.47998046875,537.6500244140625,537.4000244140625,537.6199951171875,174939
2025-02-18 20:40:00+00:00,537.5800170898438,537.8200073242188,537.4500122070312,537.4749755859375,182044
2025-02-18 20:45:00+00:00,537.510009765625,537.7299194335938,537.4099731445312,537.6300048828125,575758
2025-02-18 20:50:00+00:00,538.1699829101562,538.3499755859375,537.469970703125,537.5,699055
2025-02-18 20:55:00+00:00,539.2999877929688,539.2999877929688,538.1799926757812,538.1799926757812,1988662
2025-02-19 14:30:00+00:00,538.3499755859375,538.4000244140625,537.760009765625,538.3599853515625,1127672
2025-02-19 14:35:00+00:00,538.1300048828125,538.9099731445312,538.1099853515625,538.3499755859375,335416
2025-02-19 14:40:00+00:00,537.969970703125,538.3699951171875,537.8001098632812,538.1199951171875,294307
2025-02-19 14:45:00+00:00,537.5800170898438,538.280029296875,537.3300170898438,537.969970703125,256027
2025-02-19 14:50:00+00:00,538.14501953125,538.2050170898438,537.52001953125,537.52001953125,326065
2025-02-19 14:55:00+00:00,537.647705078125,538.1500244140625,537.4500122070312,538.1099853515625,164410
2025-02-19 15:00:00+00:00,537.0700073242188,537.905029296875,536.8599853515625,537.6400146484375,228193
2025-02-19 15:05:00+00:00,536.7100219726562,537.25,536.4600219726562,537.0800170898438,388551
2025-02-19 15:10:00+00:00,536.8400268554688,537.0,536.4949951171875,536.7349853515625,224017
2025-02-19 15:15:00+00:00,537.114990234375,537.3699951171875,536.6900024414062,536.7999877929688,209766
2025-02-19 15:20:00+00:00,537.030029296875,537.1799926757812,536.75,537.1300048828125,169116
2025-02-19 15:25:00+00:00,537.2249755859375,537.3347778320312,536.9199829101562,537.0599975585938,241908
2025-02-19 15:30:00+00:00,537.7899780273438,538.1300048828125,537.2034912109375,537.2100219726562,354899
2025-02-19 15:35:00+00:00,537.8699951171875,537.9299926757812,537.3300170898438,537.760009765625,160173
2025-02-19 15:40:00+00:00,538.1300048828125,538.1799926757812,537.8151245117188,537.9099731445312,358158
2025-02-19 15:45:00+00:00,538.439697265625,538.6099853515625,538.0399169921875,538.142578125,229383
2025-02-19 15:50:00+00:00,537.9949951171875,538.47998046875,537.9949951171875,538.4600219726562,221372
2025-02-19 15:55:00+00:00,537.47998046875,537.9249877929688,537.1199951171875,537.9199829101562,261929
2025-02-19 16:00:00+00:00,538.1353149414062,538.3900146484375,537.47998046875,537.489990234375,289227
2025-02-19 16:05:00+00:00,538.1799926757812,538.2598876953125,537.969970703125,538.1099853515625,138535
2025-02-19 16:10:00+00:00,538.7999877929688,538.969970703125,538.060791015625,538.2000122070312,280172
2025-02-19 16:15:00+00:00,538.72998046875,538.989990234375,538.6199951171875,538.7899780273438,176360
2025-02-19 16:20:00+00:00,538.8200073242188,538.86328125,538.5399780273438,538.7100219726562,130856
2025-02-19 16:25:00+00:00,538.8400268554688,538.9356079101562,538.72998046875,538.8250122070312,129877
2025-02-19 16:30:00+00:00,538.75,538.8800048828125,538.5900268554688,538.8049926757812,136698
2025-02-19 16:35:00+00:00,538.8200073242188,538.9199829101562,538.6699829101562,538.8400268554688,108149
2025-02-19 16:40:00+00:00,539.314697265625,539.3300170898438,538.760009765625,538.8200073242188,225216
2025-02-19 16:45:00+00:00,538.9866943359375,539.4299926757812,538.97998046875,539.2999877929688,133459
2025-02-19 16:50:00+00:00,539.25,539.2899780273438,538.9500122070312,539.030029296875,97724
2025-02-19 16:55:00+00:00,539.35498046875,539.4000244140625,539.219970703125,539.239990234375,129230
2025-02-19 17:00:00+00:00,539.489990234375,539.625,539.2000122070312,539.2999877929688,233932
2025-02-19 17:05:00+00:00,539.6361083984375,539.70751953125,539.4450073242188,539.4849853515625,176065
2025-02-19 17:10:00+00:00,539.3651123046875,539.6300048828125,539.2100219726562,539.6300048828125,135638
2025-02-19 17:15:00+00:00,539.22998046875,539.3699951171875,539.135009765625,539.364990234375,100461
2025-02-19 17:20:00+00:00,538.8099975585938,539.280029296875,538.8099975585938,539.25,199877
2025-02-19 17:25:00+00:00,538.89501953125,538.97998046875,538.6799926757812,538.8099975585938,198797
2025-02-19 17:30:00+00:00,538.6799926757812,538.9099731445312,538.6400146484375,538.9000244140625,78432
2025-02-19 17:35:00+00:00,538.9400024414062,539.0499877929688,538.6400146484375,538.6699829101562,355967
2025-02-19 17:40:00+00:00,539.2100219726562,539.2899780273438,538.8400268554688,538.969970703125,213206
2025-02-19 17:45:00+00:00,539.2401123046875,539.3300170898438,539.0999755859375,539.2000122070312,113329
2025-02-19 17:50:00+00:00,539.6500244140625,539.7371215820312,539.22998046875,539.22998046875,173944
2025-02-19 17:55:00+00:00,539.5,539.760009765625,539.4899291992188,539.6799926757812,108343
2025-02-19 18:00:00+00:00,539.1900024414062,539.5399780273438,539.119873046875,539.52001953125,128622
2025-02-19 18:05:00+00:00,538.75,539.1699829101562,538.6599731445312,539.1699829101562,148426
2025-02-19 18:10:00+00:00,538.6599731445312,538.7899780273438,538.3200073242188,538.72998046875,219454
2025-02-19 18:15:00+00:00,539.375,539.3800048828125,538.5999755859375,538.6099853515625,96902
2025-02-19 18:20:00+00:00,539.4400024414062,539.5599975585938,539.260009765625,539.3900146484375,151728
2025-02-19 18:25:00+00:00,539.5034790039062,539.6699829101562,539.3800048828125,539.4349975585938,185461
2025-02-19 18:30:00+00:00,539.7191162109375,539.8800048828125,539.510009765625,539.510009765625,163878
2025-02-19 18:35:00+00:00,539.8400268554688,539.9400024414062,539.7100219726562,539.7100219726562,83817
2025-02-19 18:40:00+00:00,539.6599731445312,539.9600219726562,539.6199951171875,539.8499755859375,133341
2025-02-19 18:45:00+00:00,539.5100708007812,539.7399291992188,539.489990234375,539.6900024414062,148743
2025-02-19 18:50:00+00:00,539.4099731445312,539.5399780273438,539.3001098632812,539.5150146484375,117478
2025-02-19 18:55:00+00:00,539.1900024414062,539.4600219726562,539.1500244140625,539.4099731445312,114342
2025-02-19 19:00:00+00:00,539.3099975585938,539.6199951171875,539.0803833007812,539.2000122070312,195433
2025-02-19 19:05:00+00:00,539.330078125,539.530029296875,539.280029296875,539.3200073242188,75587
2025-02-19 19:10:00+00:00,540.1300048828125,540.1300048828125,539.3200073242188,539.3800048828125,154912
2025-02-19 19:15:00+00:00,540.1400146484375,540.3699951171875,540.0,540.114990234375,211992
2025-02-19 19:20:00+00:00,540.280029296875,540.5,540.190185546875,540.2000122070312,261033
2025-02-19 19:25:00+00:00,540.1950073242188,540.3049926757812,539.9000244140625,540.2918701171875,139660
2025-02-19 19:30:00+00:00,540.3049926757812,540.3099975585938,539.9500122070312,540.1900024414062,92318
2025-02-19 19:35:00+00:00,540.489990234375,540.5899047851562,540.3099975585938,540.3099975585938,198822
2025-02-19 19:40:00+00:00,540.4450073242188,540.7100219726562,540.3148803710938,540.5067749023438,338259
2025-02-19 19:45:00+00:00,540.4000244140625,540.47998046875,540.2130737304688,540.4249877929688,95010
2025-02-19 19:50:00+00:00,540.760009765625,540.760009765625,540.3701782226562,540.4000244140625,164695
2025-02-19 19:55:00+00:00,540.72998046875,540.7999877929688,540.6400146484375,540.760009765625,149008
2025-02-19 20:00:00+00:00,540.2999877929688,540.7000122070312,540.25,540.7000122070312,269525
2025-02-19 20:05:00+00:00,539.9425048828125,540.4099731445312,539.9199829101562,540.3049926757812,241816
2025-02-19 20:10:00+00:00,539.97998046875,540.1599731445312,539.8812866210938,539.9600219726562,235124
2025-02-19 20:15:00+00:00,540.0499877929688,540.4000244140625,539.969970703125,539.969970703125,181785
2025-02-19 20:20:00+00:00,539.9600219726562,540.1190185546875,539.8200073242188,540.0700073242188,171816
2025-02-19 20:25:00+00:00,538.8300170898438,539.9714965820312,538.5399780273438,539.9714965820312,525102
2025-02-19 20:30:00+00:00,539.3900146484375,539.7100219726562,538.7899780273438,538.8499755859375,450434
2025-02-19 20:35:00+00:00,539.1599731445312,539.5700073242188,538.850830078125,539.3099975585938,523385
2025-02-19 20:40:00+00:00,539.0681762695312,539.4400024414062,538.969970703125,539.1799926757812,265272
2025-02-19 20:45:00+00:00,538.9699096679688,539.1099853515625,538.8099975585938,539.0700073242188,449703
2025-02-19 20:50:00+00:00,539.4099731445312,539.4500122070312,538.969970703125,538.969970703125,501180
2025-02-19 20:55:00+00:00,539.5599975585938,539.8099975585938,539.3200073242188,539.3800048828125,712793
2025-02-20 14:30:00+00:00,537.8800048828125,539.0999755859375,537.8309936523438,538.7100219726562,1100710
2025-02-20 14:35:00+00:00,538.469970703125,538.530029296875,537.9199829101562,537.9199829101562,313469
2025-02-20 14:40:00+00:00,537.72998046875,538.8300170898438,537.7000122070312,538.4500122070312,273588
2025-02-20 14:45:00+00:00,536.989990234375,537.8599243164062,536.8800048828125,537.6900024414062,774644
2025-02-20 14:50:00+00:00,535.3099975585938,537.0863037109375,534.6799926757812,537.02001953125,801926
2025-02-20 14:55:00+00:00,533.89501953125,535.4598999023438,533.6500244140625,535.3046875,675860
2025-02-20 15:00:00+00:00,534.4199829101562,534.5272827148438,532.4600219726562,533.8699951171875,1217699
2025-02-20 15:05:00+00:00,533.7899780273438,534.8900146484375,533.52001953125,534.3900146484375,571435
2025-02-20 15:10:00+00:00,534.405029296875,534.7899780273438,533.5317993164062,533.7952880859375,440027
2025-02-20 15:15:00+00:00,535.52001953125,535.739990234375,534.4299926757812,534.4299926757812,510805
2025-02-20 15:20:00+00:00,535.5399780273438,536.0599975585938,535.1199951171875,535.530029296875,421235
2025-02-20 15:25:00+00:00,535.760009765625,535.8699951171875,535.469970703125,535.7000122070312,261703
2025-02-20 15:30:00+00:00,535.6649780273438,536.219970703125,535.6300048828125,535.75,340485
2025-02-20 15:35:00+00:00,535.5285034179688,535.7249755859375,535.030029296875,535.6400146484375,255496
2025-02-20 15:40:00+00:00,535.0650024414062,535.5797729492188,534.9500122070312,535.469970703125,228065
2025-02-20 15:45:00+00:00,534.260009765625,535.2849731445312,534.2349853515625,535.0399780273438,317884
2025-02-20 15:50:00+00:00,533.97998046875,534.3200073242188,533.6799926757812,534.2401733398438,358500
2025-02-20 15:55:00+00:00,533.4099731445312,534.375,533.0800170898438,533.9600219726562,289447
2025-02-20 16:00:00+00:00,534.0700073242188,534.3499755859375,533.27001953125,533.4598999023438,416070
2025-02-20 16:05:00+00:00,534.9199829101562,535.030029296875,534.0499877929688,534.1400146484375,285382
2025-02-20 16:10:00+00:00,535.0700073242188,535.480224609375,534.9400024414062,534.97998046875,353385
2025-02-20 16:15:00+00:00,534.3300170898438,535.0,534.22998046875,535.0,182787
2025-02-20 16:20:00+00:00,534.8499755859375,534.9299926757812,534.3200073242188,534.3298950195312,253865
2025-02-20 16:25:00+00:00,535.0499877929688,535.2000122070312,534.5648193359375,534.8350219726562,186609
2025-02-20 16:30:00+00:00,534.8499755859375,535.3400268554688,534.5499877929688,535.1699829101562,377608
2025-02-20 16:35:00+00:00,534.72998046875,534.8800048828125,534.0700073242188,534.8699951171875,212684
2025-02-20 16:40:00+00:00,535.0073852539062,535.039306640625,534.4500732421875,534.719970703125,149323
2025-02-20 16:45:00+00:00,534.52001953125,535.0700073242188,534.3499755859375,534.989990234375,142299
2025-02-20 16:50:00+00:00,534.6599731445312,535.0,534.3599853515625,534.52001953125,180546
2025-02-20 16:55:00+00:00,534.3900146484375,534.6500244140625,534.3201293945312,534.6500244140625,134682
2025-02-20 17:00:00+00:00,535.1900024414062,535.2999877929688,534.25,534.3499755859375,206758
2025-02-20 17:05:00+00:00,535.4400024414062,535.5900268554688,535.1500244140625,535.2103881835938,191976
2025-02-20 17:10:00+00:00,535.4600219726562,535.6599731445312,535.1300048828125,535.4500122070312,153844
2025-02-20 17:15:00+00:00,535.6300048828125,535.760009765625,535.385009765625,535.4400024414062,167855
2025-02-20 17:20:00+00:00,535.5670166015625,535.780029296875,535.3803100585938,535.6400146484375,81404
2025-02-20 17:25:00+00:00,535.5599975585938,535.719970703125,535.4600219726562,535.639892578125,411343
2025-02-20 17:30:00+00:00,535.6300048828125,535.75,535.489990234375,535.5700073242188,262856
2025-02-20 17:35:00+00:00,535.5936279296875,535.9099731445312,535.47998046875,535.6099853515625,109874
2025-02-20 17:40:00+00:00,535.9299926757812,536.010009765625,535.5,535.5703125,100479
2025-02-20 17:45:00+00:00,535.2800903320312,535.8798828125,535.25,535.8798828125,112505
2025-02-20 17:50:00+00:00,535.260009765625,535.4600219726562,535.1699829101562,535.2999877929688,346434
2025-02-20 17:55:00+00:00,534.6452026367188,535.2222900390625,534.6400146484375,535.2222900390625,190624
2025-02-20 18:00:00+00:00,534.8701171875,534.9089965820312,534.3502807617188,534.6199951171875,267064
2025-02-20 18:05:00+00:00,535.0700073242188,535.1599731445312,534.7999877929688,534.8300170898438,217669
2025-02-20 18:10:00+00:00,535.2598876953125,535.280029296875,534.8901977539062,534.9199829101562,99965
2025-02-20 18:15:00+00:00,534.8699951171875,535.279296875,534.7999877929688,535.2440795898438,90642
2025-02-20 18:20:00+00:00,534.6199951171875,534.9199829101562,534.4000244140625,534.8699951171875,196035
2025-02-20 18:25:00+00:00,534.719970703125,534.9400024414062,534.469970703125,534.5800170898438,118563
2025-02-20 18:30:00+00:00,535.0,535.1253051757812,534.5800170898438,534.672607421875,118819
2025-02-20 18:35:00+00:00,535.0599975585938,535.2100219726562,534.8400268554688,534.9500122070312,71840
2025-02-20 18:40:00+00:00,535.1950073242188,535.219970703125,534.7999877929688,535.072021484375,146615
2025-02-20 18:45:00+00:00,534.97998046875,535.219970703125,534.8900146484375,535.1699829101562,99891
2025-02-20 18:50:00+00:00,534.8599853515625,534.9799194335938,534.7849731445312,534.9650268554688,109375
2025-02-20 18:55:00+00:00,535.280029296875,535.5180053710938,534.8001098632812,534.8499755859375,175704
2025-02-20 19:00:00+00:00,535.4201049804688,535.5700073242188,535.1799926757812,535.2899780273438,130114
2025-02-20 19:05:00+00:00,535.4600219726562,535.7000122070312,535.35009765625,535.4400024414062,121314
2025-02-20 19:10:00+00:00,536.010986328125,536.0999755859375,535.4141845703125,535.4141845703125,320014
2025-02-20 19:15:00+00:00,536.155029296875,536.1649780273438,535.9000244140625,535.9400024414062,138091
2025-02-20 19:20:00+00:00,536.1074829101562,536.3250122070312,536.1013793945312,536.155029296875,336748
2025-02-20 19:25:00+00:00,535.8950805664062,536.1300048828125,535.8300170898438,536.1099853515625,151344
2025-02-20 19:30:00+00:00,535.510009765625,535.9400024414062,535.4600219726562,535.9000244140625,193357
2025-02-20 19:35:00+00:00,535.0756225585938,535.5700073242188,535.0756225585938,535.510009765625,182753
2025-02-20 19:40:00+00:00,535.5900268554688,535.5999755859375,535.0150146484375,535.0798950195312,179502
2025-02-20 19:45:00+00:00,536.39990234375,536.4000244140625,535.530029296875,535.5700073242188,267664
2025-02-20 19:50:00+00:00,536.4450073242188,536.7000122070312,536.1799926757812,536.4199829101562,381753
2025-02-20 19:55:00+00:00,536.4500122070312,536.6890258789062,536.3400268554688,536.4149780273438,288517
2025-02-20 20:00:00+00:00,536.47998046875,536.5700073242188,536.3200073242188,536.52001953125,1401815
2025-02-20 20:05:00+00:00,536.1741943359375,536.530029296875,536.0999755859375,536.47998046875,224054
2025-02-20 20:10:00+00:00,536.0499877929688,536.2899780273438,535.889892578125,536.1599731445312,234091
2025-02-20 20:15:00+00:00,536.169921875,536.260009765625,535.6799926757812,536.0599975585938,351278
2025-02-20 20:20:00+00:00,536.1699829101562,536.5800170898438,536.1699829101562,536.1799926757812,228741
2025-02-20 20:25:00+00:00,536.1400146484375,536.27001953125,535.9224853515625,536.1992797851562,120763
2025-02-20 20:30:00+00:00,536.2449951171875,536.27001953125,536.0900268554688,536.1500244140625,147659
2025-02-20 20:35:00+00:00,535.97998046875,536.260009765625,535.8890991210938,536.260009765625,312789
2025-02-20 20:40:00+00:00,536.47998046875,536.5349731445312,535.9600219726562,535.97998046875,281738
2025-02-20 20:45:00+00:00,536.8300170898438,536.8900146484375,536.27001953125,536.469970703125,356371
2025-02-20 20:50:00+00:00,536.8150024414062,537.22998046875,536.5,536.8300170898438,852659
2025-02-20 20:55:00+00:00,537.1900024414062,537.25,536.5800170898438,536.8150024414062,1110039
2025-02-21 14:30:00+00:00,537.5700073242188,538.4000244140625,537.1099853515625,538.3800048828125,1465518
2025-02-21 14:35:00+00:00,536.77001953125,538.1099853515625,536.52001953125,537.5599975585938,530379
2025-02-21 14:40:00+00:00,536.8400268554688,536.969970703125,536.25,536.75,581367
2025-02-21 14:45:00+00:00,536.7650146484375,537.5299072265625,536.6400756835938,536.8499755859375,500481
2025-02-21 14:50:00+00:00,536.469970703125,536.8599853515625,536.0499877929688,536.719970703125,518176
2025-02-21 14:55:00+00:00,536.155029296875,536.5599975585938,535.9000244140625,536.4099731445312,246340
2025-02-21 15:00:00+00:00,536.1599731445312,536.5,535.1400146484375,536.1799926757812,540593
2025-02-21 15:05:00+00:00,536.0900268554688,536.14990234375,535.1174926757812,536.0800170898438,621228
2025-02-21 15:10:00+00:00,535.7999877929688,536.5399169921875,535.4000244140625,536.0900268554688,505110
2025-02-21 15:15:00+00:00,535.6300048828125,536.1199951171875,535.489990234375,535.739990234375,248337
2025-02-21 15:20:00+00:00,534.5999755859375,535.6298828125,534.2750244140625,535.6099853515625,666577
2025-02-21 15:25:00+00:00,534.0200805664062,534.8206176757812,533.7100219726562,534.6099853515625,432981
2025-02-21 15:30:00+00:00,533.669921875,534.3599853515625,533.2802124023438,534.010009765625,537318
2025-02-21 15:35:00+00:00,533.9500122070312,534.2393188476562,533.5800170898438,533.6536865234375,317465
2025-02-21 15:40:00+00:00,532.47998046875,533.9699096679688,532.47998046875,533.9699096679688,466666
2025-02-21 15:45:00+00:00,533.5700073242188,533.9290161132812,532.469970703125,532.489990234375,552097
2025-02-21 15:50:00+00:00,533.030029296875,533.631591796875,533.030029296875,533.5598754882812,253187
2025-02-21 15:55:00+00:00,534.0490112304688,534.0490112304688,532.97998046875,533.02001953125,435452
2025-02-21 16:00:00+00:00,533.489990234375,534.3800048828125,533.3200073242188,534.030029296875,415287
2025-02-21 16:05:00+00:00,533.4298706054688,533.8099975585938,533.2100219726562,533.52001953125,5739329
2025-02-21 16:10:00+00:00,534.219970703125,534.219970703125,533.030029296875,533.3800048828125,217251
2025-02-21 16:15:00+00:00,534.1799926757812,534.469970703125,533.75,534.239990234375,335366
2025-02-21 16:20:00+00:00,534.3699951171875,534.5700073242188,534.1600952148438,534.1998901367188,303077
2025-02-21 16:25:00+00:00,533.7108764648438,534.4099731445312,533.52001953125,534.39501953125,310136
2025-02-21 16:30:00+00:00,534.2349853515625,534.4000244140625,533.4400024414062,533.6400756835938,325301
2025-02-21 16:35:00+00:00,534.239990234375,534.3699951171875,533.8104248046875,534.27001953125,133950
2025-02-21 16:40:00+00:00,533.5750122070312,534.3150024414062,533.5200805664062,534.239990234375,159899
2025-02-21 16:45:00+00:00,533.5399169921875,533.6685791015625,533.1199951171875,533.5499877929688,152349
2025-02-21 16:50:00+00:00,533.1400146484375,533.510009765625,532.9299926757812,533.510009765625,652044
2025-02-21 16:55:00+00:00,533.3699951171875,533.8200073242188,533.1300048828125,533.1300048828125,144813
2025-02-21 17:00:00+00:00,533.7000122070312,533.8300170898438,533.2999877929688,533.3499755859375,155243
2025-02-21 17:05:00+00:00,533.010009765625,533.75,533.010009765625,533.7050170898438,178020
2025-02-21 17:10:00+00:00,532.7000122070312,533.0599975585938,532.52001953125,533.030029296875,219073
2025-02-21 17:15:00+00:00,531.8599853515625,532.7349853515625,531.6900024414062,532.6799926757812,293100
2025-02-21 17:20:00+00:00,531.8599853515625,532.0900268554688,531.143798828125,531.8300170898438,453515
2025-02-21 17:25:00+00:00,532.1209106445312,532.27001953125,531.8400268554688,531.8800048828125,186647
2025-02-21 17:30:00+00:00,531.5700073242188,532.22998046875,531.5399780273438,532.159912109375,186160
2025-02-21 17:35:00+00:00,530.969970703125,531.8699951171875,530.760009765625,531.5750122070312,637693
2025-02-21 17:40:00+00:00,531.3200073242188,531.4498901367188,530.8460083007812,531.0050048828125,286421
2025-02-21 17:45:00+00:00,530.8099975585938,531.3200073242188,530.77001953125,531.3099975585938,229244
2025-02-21 17:50:00+00:00,530.5700073242188,530.9500122070312,530.4201049804688,530.8209838867188,412394
2025-02-21 17:55:00+00:00,530.27001953125,530.780029296875,529.9199829101562,530.5999755859375,461497
2025-02-21 18:00:00+00:00,529.6799926757812,530.2999877929688,529.4600219726562,530.260009765625,495890
2025-02-21 18:05:00+00:00,529.1599731445312,529.8800048828125,529.0700073242188,529.6900024414062,464789
2025-02-21 18:10:00+00:00,529.2899780273438,529.3200073242188,528.6099853515625,529.1900024414062,603930
2025-02-21 18:15:00+00:00,529.3699951171875,530.0299072265625,529.22998046875,529.301025390625,513230
2025-02-21 18:20:00+00:00,529.3001098632812,529.6593017578125,529.0700073242188,529.3499755859375,237961
2025-02-21 18:25:00+00:00,528.944091796875,529.7899780273438,528.8499755859375,529.2949829101562,308000
2025-02-21 18:30:00+00:00,528.97998046875,529.1099853515625,528.3499755859375,528.9899291992188,725614
2025-02-21 18:35:00+00:00,529.3350219726562,530.2100219726562,528.8699951171875,528.989990234375,429434
2025-02-21 18:40:00+00:00,528.7813110351562,529.6849975585938,528.77001953125,529.3599853515625,265742
2025-02-21 18:45:00+00:00,528.6599731445312,528.9609985351562,528.5203247070312,528.780029296875,246954
2025-02-21 18:50:00+00:00,528.8536987304688,528.9899291992188,528.4500122070312,528.6699829101562,202121
2025-02-21 18:55:00+00:00,528.3250122070312,528.8599853515625,528.0900268554688,528.8200073242188,501107
2025-02-21 19:00:00+00:00,527.969970703125,528.6099853515625,527.8037719726562,528.3200073242188,452456
2025-02-21 19:05:00+00:00,528.0700073242188,528.1799926757812,527.75,527.989990234375,471931
2025-02-21 19:10:00+00:00,528.4099731445312,528.5900268554688,527.6799926757812,528.1300048828125,275978
2025-02-21 19:15:00+00:00,527.52001953125,528.3798828125,527.52001953125,528.3798828125,344700
2025-02-21 19:20:00+00:00,527.0999755859375,527.5800170898438,526.8800048828125,527.52001953125,583800
2025-02-21 19:25:00+00:00,526.0900268554688,527.1199951171875,525.8626708984375,527.0999755859375,872636
2025-02-21 19:30:00+00:00,526.6599731445312,527.1400146484375,525.989990234375,526.0800170898438,601353
2025-02-21 19:35:00+00:00,526.155029296875,526.8200073242188,525.8099975585938,526.6500244140625,536465
2025-02-21 19:40:00+00:00,526.4500122070312,526.52001953125,525.8800048828125,526.1599731445312,684171
2025-02-21 19:45:00+00:00,526.22998046875,526.5499877929688,525.9603271484375,526.4400024414062,586210
2025-02-21 19:50:00+00:00,526.3499755859375,527.0496826171875,526.219970703125,526.22998046875,1409316
2025-02-21 19:55:00+00:00,526.2999877929688,526.7999877929688,526.1699829101562,526.3515014648438,365037
2025-02-21 20:00:00+00:00,526.3200073242188,526.8499755859375,526.0499877929688,526.25,355334
2025-02-21 20:05:00+00:00,526.1849975585938,526.6790161132812,526.1300048828125,526.3099975585938,892716
2025-02-21 20:10:00+00:00,526.4234008789062,526.77001953125,525.9500122070312,526.1710205078125,434614
2025-02-21 20:15:00+00:00,526.5650024414062,526.6599731445312,526.1699829101562,526.4199829101562,328102
2025-02-21 20:20:00+00:00,526.9199829101562,526.9301147460938,526.3699951171875,526.5501098632812,520083
2025-02-21 20:25:00+00:00,526.6199951171875,526.97998046875,526.4099731445312,526.9249877929688,293942
2025-02-21 20:30:00+00:00,526.6749877929688,526.8699951171875,526.3499755859375,526.6500244140625,337992
2025-02-21 20:35:00+00:00,526.469970703125,526.7899780273438,526.3499755859375,526.7150268554688,566128
2025-02-21 20:40:00+00:00,525.969970703125,526.5966796875,525.8380126953125,526.52001953125,497850
2025-02-21 20:45:00+00:00,526.27001953125,526.4000244140625,525.7100219726562,525.9849853515625,637364
2025-02-21 20:50:00+00:00,526.594970703125,526.6799926757812,526.0700073242188,526.2899780273438,1265214
2025-02-21 20:55:00+00:00,526.0999755859375,526.6500244140625,525.7999877929688,526.5800170898438,2546708
2025-02-24 14:30:00+00:00,527.5399780273438,529.0689697265625,527.4005126953125,527.9199829101562,1962051
2025-02-24 14:35:00+00:00,526.6300048828125,527.6900024414062,526.5449829101562,527.5900268554688,833002
2025-02-24 14:40:00+00:00,526.8699951171875,527.0800170898438,526.219970703125,526.6400146484375,662998
2025-02-24 14:45:00+00:00,526.219970703125,527.2999877929688,525.9199829101562,526.9299926757812,789325
2025-02-24 14:50:00+00:00,524.4949951171875,526.260009765625,524.3099975585938,526.260009765625,1175174
2025-02-24 14:55:00+00:00,523.344970703125,524.469970703125,523.2000122070312,524.4600219726562,1385680
2025-02-24 15:00:00+00:00,521.5499877929688,523.6500244140625,521.22998046875,523.3400268554688,1758498
2025-02-24 15:05:00+00:00,521.77001953125,522.27001953125,520.189208984375,521.52001953125,1504945
2025-02-24 15:10:00+00:00,523.47998046875,523.6575927734375,521.7550048828125,521.77001953125,782156
2025-02-24 15:15:00+00:00,522.4249877929688,523.7899780273438,522.1599731445312,523.4400024414062,786027
2025-02-24 15:20:00+00:00,523.1290893554688,523.2462158203125,522.3300170898438,522.4000244140625,407775
2025-02-24 15:25:00+00:00,521.8900146484375,523.1500244140625,521.719970703125,523.1199951171875,593962
2025-02-24 15:30:00+00:00,521.780029296875,522.4199829101562,521.7000122070312,521.8400268554688,549528
2025-02-24 15:35:00+00:00,521.8270874023438,522.22998046875,521.25,521.8099975585938,457345
2025-02-24 15:40:00+00:00,521.2000122070312,522.2984008789062,521.1900024414062,521.8400268554688,475926
2025-02-24 15:45:00+00:00,521.280029296875,521.6500244140625,520.5,521.1950073242188,568574
2025-02-24 15:50:00+00:00,520.7899780273438,521.5349731445312,520.5,521.260009765625,610916
2025-02-24 15:55:00+00:00,521.5499877929688,521.760009765625,520.3800048828125,520.8499755859375,649132
2025-02-24 16:00:00+00:00,521.7899780273438,522.0,521.1799926757812,521.280029296875,446690
2025-02-24 16:05:00+00:00,522.090087890625,522.5999755859375,521.77001953125,521.77001953125,420769
2025-02-24 16:10:00+00:00,522.3599853515625,522.52001953125,521.97998046875,522.159912109375,252972
2025-02-24 16:15:00+00:00,522.8400268554688,522.8599853515625,522.239990234375,522.3599853515625,275414
2025-02-24 16:20:00+00:00,523.1799926757812,523.2100219726562,522.5599975585938,522.875,427390
2025-02-24 16:25:00+00:00,524.0250244140625,524.3400268554688,523.0750122070312,523.1605224609375,542040
2025-02-24 16:30:00+00:00,524.0,524.4299926757812,523.969970703125,524.0499877929688,459474
2025-02-24 16:35:00+00:00,523.1500244140625,524.239990234375,523.0599975585938,523.989990234375,449980
2025-02-24 16:40:00+00:00,524.3599853515625,524.7100219726562,523.0900268554688,523.1199951171875,600664
2025-02-24 16:45:00+00:00,524.2449951171875,524.7750244140625,524.2200927734375,524.3250122070312,298397
2025-02-24 16:50:00+00:00,524.030029296875,524.2899780273438,523.8300170898438,524.239990234375,313418
2025-02-24 16:55:00+00:00,523.6599731445312,524.0800170898438,523.47998046875,524.010009765625,194525
2025-02-24 17:00:00+00:00,524.39501953125,524.4400024414062,523.47998046875,523.6599731445312,288558
2025-02-24 17:05:00+00:00,524.2263793945312,524.6799926757812,523.6500244140625,524.4149780273438,311214
2025-02-24 17:10:00+00:00,524.0499877929688,524.6849975585938,523.8300170898438,524.2100219726562,172108
2025-02-24 17:15:00+00:00,525.2150268554688,525.27001953125,524.0900268554688,524.0900268554688,502888
2025-02-24 17:20:00+00:00,525.02001953125,525.489990234375,524.7899780273438,525.260009765625,560868
2025-02-24 17:25:00+00:00,524.89501953125,525.3200073242188,524.6199951171875,525.02001953125,484463
2025-02-24 17:30:00+00:00,524.6900024414062,524.9500122070312,524.3599853515625,524.9299926757812,242998
2025-02-24 17:35:00+00:00,525.1300048828125,525.2100219726562,524.5499877929688,524.7000122070312,176415
2025-02-24 17:40:00+00:00,525.3499755859375,525.469970703125,525.0999755859375,525.1199951171875,179908
2025-02-24 17:45:00+00:00,525.3250122070312,525.6500244140625,524.989990234375,525.3699951171875,187197
2025-02-24 17:50:00+00:00,524.5800170898438,525.3200073242188,524.47998046875,525.3200073242188,241812
2025-02-24 17:55:00+00:00,524.3345947265625,525.0253295898438,524.22998046875,524.5599975585938,265950
2025-02-24 18:00:00+00:00,524.5850219726562,524.6397705078125,524.25,524.3300170898438,146126
2025-02-24 18:05:00+00:00,524.77001953125,524.8800048828125,524.4099731445312,524.5999755859375,125798
2025-02-24 18:10:00+00:00,524.89501953125,524.9000244140625,524.489990234375,524.760009765625,137028
2025-02-24 18:15:00+00:00,525.4149780273438,525.6599731445312,524.8200073242188,524.8800048828125,233942
2025-02-24 18:20:00+00:00,525.0401000976562,525.469970703125,524.8099975585938,525.3800048828125,165709
2025-02-24 18:25:00+00:00,525.3699951171875,525.5396728515625,525.0850219726562,525.1199951171875,125491
2025-02-24 18:30:00+00:00,525.1699829101562,525.4400024414062,524.8800048828125,525.4000244140625,121305
2025-02-24 18:35:00+00:00,525.1099853515625,525.25,524.9000244140625,525.1699829101562,119365
2025-02-24 18:40:00+00:00,525.3099975585938,525.4000244140625,525.0399780273438,525.0999755859375,167658
2025-02-24 18:45:00+00:00,525.0599975585938,525.530029296875,524.7899780273438,525.3599853515625,220706
2025-02-24 18:50:00+00:00,524.9600219726562,525.1699829101562,524.5800170898438,525.0399780273438,145868
2025-02-24 18:55:00+00:00,524.4199829101562,525.030029296875,524.0800170898438,524.969970703125,199439
2025-02-24 19:00:00+00:00,524.9949951171875,525.030029296875,524.3599853515625,524.3599853515625,204800
2025-02-24 19:05:00+00:00,524.405029296875,525.1199951171875,524.19091796875,524.9500122070312,234444
2025-02-24 19:10:00+00:00,524.290283203125,524.4099731445312,523.8900146484375,524.3800048828125,169941
2025-02-24 19:15:00+00:00,523.6799926757812,524.2899780273438,523.5800170898438,524.260009765625,193574
2025-02-24 19:20:00+00:00,523.7033081054688,523.8900146484375,523.380126953125,523.6400146484375,346754
2025-02-24 19:25:00+00:00,523.4400024414062,523.9500122070312,523.4000244140625,523.75,153127
2025-02-24 19:30:00+00:00,524.0092163085938,524.0618286132812,523.3250122070312,523.5,207530
2025-02-24 19:35:00+00:00,523.6901245117188,524.0050048828125,523.5700073242188,523.989990234375,364638
2025-02-24 19:40:00+00:00,523.3499755859375,523.7999877929688,523.1400146484375,523.75,208482
2025-02-24 19:45:00+00:00,523.344970703125,523.5,523.1099853515625,523.3900146484375,120792
2025-02-24 19:50:00+00:00,523.0499267578125,523.5211791992188,523.02001953125,523.3291015625,239034
2025-02-24 19:55:00+00:00,523.0399780273438,523.1093139648438,522.718017578125,523.0700073242188,198904
2025-02-24 20:00:00+00:00,522.869873046875,523.1400146484375,522.4000244140625,523.0399780273438,358258
2025-02-24 20:05:00+00:00,523.030029296875,523.22998046875,522.630126953125,522.8599853515625,360994
2025-02-24 20:10:00+00:00,523.0800170898438,523.0800170898438,522.8699951171875,523.0250244140625,191503
2025-02-24 20:15:00+00:00,522.8699951171875,523.4149780273438,522.5,523.1099853515625,377413
2025-02-24 20:20:00+00:00,522.5,523.2100219726562,522.4500122070312,522.8699951171875,355402
2025-02-24 20:25:00+00:00,522.260009765625,522.7000122070312,522.22998046875,522.5120849609375,232934
2025-02-24 20:30:00+00:00,522.8900146484375,523.0499877929688,522.2899780273438,522.3099975585938,244738
2025-02-24 20:35:00+00:00,522.469970703125,523.0640869140625,522.4600219726562,522.8900146484375,231211
2025-02-24 20:40:00+00:00,522.030029296875,522.52001953125,521.7050170898438,522.510009765625,659616
2025-02-24 20:45:00+00:00,522.2100219726562,522.3200073242188,521.8800048828125,522.02001953125,458643
2025-02-24 20:50:00+00:00,520.4600219726562,522.2899780273438,520.3400268554688,522.219970703125,1051451
2025-02-24 20:55:00+00:00,519.8300170898438,520.5299072265625,519.530029296875,520.4400024414062,2630680
2025-02-25 14:30:00+00:00,518.1124877929688,518.719970703125,517.75,518.719970703125,2404437
2025-02-25 14:35:00+00:00,518.838623046875,519.3175048828125,517.5999755859375,518.125,688451
2025-02-25 14:40:00+00:00,517.2246704101562,518.8485717773438,517.2246704101562,518.8485717773438,550735
2025-02-25 14:45:00+00:00,516.6591186523438,518.0,516.4301147460938,517.3200073242188,915054
2025-02-25 14:50:00+00:00,515.4099731445312,516.8400268554688,514.7999877929688,516.6900024414062,1620302
2025-02-25 14:55:00+00:00,516.0,516.760009765625,515.4299926757812,515.4299926757812,1099373
2025-02-25 15:00:00+00:00,514.1799926757812,516.030029296875,514.0599975585938,516.0,1387031
2025-02-25 15:05:00+00:00,514.510009765625,514.719970703125,513.77001953125,514.1599731445312,899395
2025-02-25 15:10:00+00:00,513.0800170898438,515.0700073242188,512.9401245117188,514.510009765625,850264
2025-02-25 15:15:00+00:00,511.3399963378906,513.6599731445312,511.3301086425781,513.0800170898438,1010704
2025-02-25 15:20:00+00:00,511.1099853515625,512.25,510.3900146484375,511.3599853515625,1523705
2025-02-25 15:25:00+00:00,510.80499267578125,511.8999938964844,510.60009765625,511.1099853515625,723188
2025-02-25 15:30:00+00:00,511.3699951171875,511.44000244140625,510.5899963378906,510.8399963378906,884841
2025-02-25 15:35:00+00:00,512.5599975585938,512.72998046875,511.1499938964844,511.3699951171875,1097064
2025-02-25 15:40:00+00:00,512.0037841796875,512.7000122070312,511.45001220703125,512.510009765625,586989
2025-02-25 15:45:00+00:00,512.3900756835938,512.5,511.33221435546875,511.8900146484375,552360
2025-02-25 15:50:00+00:00,513.3499755859375,513.5800170898438,512.1699829101562,512.4000244140625,1037194
2025-02-25 15:55:00+00:00,512.1900024414062,513.4299926757812,512.0798950195312,513.3400268554688,428061
2025-02-25 16:00:00+00:00,511.1400146484375,512.3099975585938,510.8699951171875,512.25,609142
2025-02-25 16:05:00+00:00,511.4898986816406,511.9599914550781,510.5799865722656,511.1600036621094,446241
2025-02-25 16:10:00+00:00,511.5199890136719,511.989990234375,511.20001220703125,511.4700012207031,342823
2025-02-25 16:15:00+00:00,511.5899963378906,511.8900146484375,511.1400146484375,511.4599914550781,466519
2025-02-25 16:20:00+00:00,511.5199890136719,511.9599914550781,510.9880065917969,511.61199951171875,319025
2025-02-25 16:25:00+00:00,510.6004943847656,511.7300109863281,510.3900146484375,511.5585021972656,654856
2025-02-25 16:30:00+00:00,510.7300109863281,511.0899963378906,509.44000244140625,510.5899963378906,820371
2025-02-25 16:35:00+00:00,511.25,511.4200134277344,510.1000061035156,510.65838623046875,378124
2025-02-25 16:40:00+00:00,511.239990234375,511.3299865722656,510.7200012207031,511.2554016113281,266414
2025-02-25 16:45:00+00:00,512.4600219726562,512.6199951171875,511.17999267578125,511.25,1482249
2025-02-25 16:50:00+00:00,512.885009765625,512.9199829101562,512.3200073242188,512.47998046875,742826
2025-02-25 16:55:00+00:00,513.8300170898438,514.5800170898438,512.75,512.8200073242188,1187261
2025-02-25 17:00:00+00:00,513.3699951171875,513.989990234375,513.3499755859375,513.75,427280
2025-02-25 17:05:00+00:00,513.280029296875,513.739990234375,513.0499877929688,513.3699951171875,330835
2025-02-25 17:10:00+00:00,513.3200073242188,513.8201293945312,513.22998046875,513.260009765625,261458
2025-02-25 17:15:00+00:00,513.1699829101562,513.6699829101562,513.0999755859375,513.239990234375,273443
2025-02-25 17:20:00+00:00,513.280029296875,513.4600219726562,512.3499755859375,513.22998046875,306102
2025-02-25 17:25:00+00:00,514.3400268554688,514.3400268554688,513.1900024414062,513.3250122070312,282417
2025-02-25 17:30:00+00:00,514.0900268554688,514.489990234375,513.9500122070312,514.3099975585938,315055
2025-02-25 17:35:00+00:00,514.4652099609375,514.7999877929688,513.969970703125,514.1199951171875,309848
2025-02-25 17:40:00+00:00,514.5499877929688,515.02001953125,514.3499755859375,514.469970703125,374490
2025-02-25 17:45:00+00:00,514.489990234375,514.72998046875,514.2421264648438,514.5900268554688,256734
2025-02-25 17:50:00+00:00,514.5700073242188,514.8699951171875,514.4099731445312,514.5098876953125,267346
2025-02-25 17:55:00+00:00,515.02001953125,515.1599731445312,514.5,514.6301879882812,194264
2025-02-25 18:00:00+00:00,515.7100830078125,515.8699951171875,515.030029296875,515.030029296875,402216
2025-02-25 18:05:00+00:00,516.010009765625,516.47998046875,515.5349731445312,515.6799926757812,409523
2025-02-25 18:10:00+00:00,515.0966186523438,516.1801147460938,515.0800170898438,515.97998046875,242753
2025-02-25 18:15:00+00:00,514.7650146484375,515.3599853515625,514.739990234375,515.0700073242188,271550
2025-02-25 18:20:00+00:00,515.2000122070312,515.4400024414062,514.77001953125,514.77001953125,133642
2025-02-25 18:25:00+00:00,513.8800048828125,515.219970703125,513.8200073242188,515.2000122070312,294869
2025-02-25 18:30:00+00:00,514.1500244140625,514.3900146484375,513.7000122070312,513.8900146484375,598628
2025-02-25 18:35:00+00:00,515.5900268554688,515.6599731445312,514.0399780273438,514.1799926757812,301312
2025-02-25 18:40:00+00:00,515.469970703125,515.8099975585938,515.2598876953125,515.5499877929688,282576
2025-02-25 18:45:00+00:00,515.3599853515625,515.655029296875,515.22998046875,515.4600830078125,288351
2025-02-25 18:50:00+00:00,514.8400268554688,515.4600219726562,514.5582275390625,515.3900146484375,287164
2025-02-25 18:55:00+00:00,514.510009765625,514.9199829101562,514.3599853515625,514.8400268554688,187510
2025-02-25 19:00:00+00:00,514.3400268554688,514.6599731445312,514.1300048828125,514.47998046875,262697
2025-02-25 19:05:00+00:00,514.4500122070312,514.489990234375,514.1400146484375,514.2999877929688,183656
2025-02-25 19:10:00+00:00,513.1849975585938,514.3699951171875,513.1300048828125,514.3599853515625,297282
2025-02-25 19:15:00+00:00,513.489990234375,513.5900268554688,512.6799926757812,513.0800170898438,517484
2025-02-25 19:20:00+00:00,513.0800170898438,513.47998046875,512.8499755859375,513.47998046875,294288
2025-02-25 19:25:00+00:00,512.9299926757812,513.280029296875,512.8099975585938,513.0900268554688,261397
2025-02-25 19:30:00+00:00,513.6599731445312,513.6900024414062,512.8200073242188,512.9000244140625,351134
2025-02-25 19:35:00+00:00,514.5700073242188,514.6199951171875,512.9902954101562,513.6300048828125,568852
2025-02-25 19:40:00+00:00,514.6099853515625,514.8800048828125,514.4000244140625,514.5700073242188,472085
2025-02-25 19:45:00+00:00,514.5900268554688,514.719970703125,513.75,514.5999755859375,676052
2025-02-25 19:50:00+00:00,514.6599731445312,514.8200073242188,514.4000244140625,514.5599975585938,172365
2025-02-25 19:55:00+00:00,514.5599975585938,514.8599853515625,514.4099731445312,514.5831909179688,428629
2025-02-25 20:00:00+00:00,514.8001098632812,515.0900268554688,514.1599731445312,514.5599975585938,400692
2025-02-25 20:05:00+00:00,514.5700073242188,515.1900024414062,514.5609130859375,514.8300170898438,293457
2025-02-25 20:10:00+00:00,514.6099853515625,514.719970703125,514.1099853515625,514.6199951171875,250443
2025-02-25 20:15:00+00:00,515.1400146484375,515.22998046875,514.4000244140625,514.6099853515625,353970
2025-02-25 20:20:00+00:00,515.9188232421875,516.0399780273438,514.8200073242188,515.1690063476562,607475
2025-02-25 20:25:00+00:00,515.1300048828125,515.9500122070312,514.8900146484375,515.9249877929688,360648
2025-02-25 20:30:00+00:00,514.8800048828125,515.2899780273438,514.5,515.1500244140625,263186
2025-02-25 20:35:00+00:00,513.7849731445312,515.0900268554688,513.6699829101562,514.8900146484375,698992
2025-02-25 20:40:00+00:00,513.7100219726562,514.25,513.5599975585938,513.7999877929688,323566
2025-02-25 20:45:00+00:00,513.8800048828125,514.0700073242188,513.3300170898438,513.6900024414062,526801
2025-02-25 20:50:00+00:00,512.7999877929688,514.02001953125,512.5999755859375,513.8499755859375,1118677
2025-02-25 20:55:00+00:00,513.22998046875,513.9349975585938,512.6300048828125,512.75,2274962
2025-02-26 14:30:00+00:00,514.8200073242188,515.5999755859375,514.469970703125,515.530029296875,2438974
2025-02-26 14:35:00+00:00,516.239990234375,516.4299926757812,514.3900146484375,514.7899780273438,1029805
2025-02-26 14:40:00+00:00,515.47998046875,516.3400268554688,514.5499877929688,516.219970703125,498218
2025-02-26 14:45:00+00:00,516.5,516.5,515.0599975585938,515.510009765625,340061
2025-02-26 14:50:00+00:00,517.239990234375,517.25,516.1300048828125,516.5,463165
2025-02-26 14:55:00+00:00,517.0999755859375,517.3699951171875,516.2000122070312,517.219970703125,412622
2025-02-26 15:00:00+00:00,517.1300048828125,517.530029296875,516.630126953125,517.1099853515625,394373
2025-02-26 15:05:00+00:00,517.1500244140625,517.3402099609375,516.2000122070312,517.1400146484375,447658
2025-02-26 15:10:00+00:00,517.739990234375,517.9550170898438,516.8900146484375,517.1699829101562,557949
2025-02-26 15:15:00+00:00,518.4299926757812,518.5999755859375,517.4600219726562,517.7449951171875,658490
2025-02-26 15:20:00+00:00,517.8400268554688,518.7702026367188,517.530029296875,518.4550170898438,496666
2025-02-26 15:25:00+00:00,516.6500244140625,518.0599975585938,516.3699951171875,517.8200073242188,381362
2025-02-26 15:30:00+00:00,517.3599853515625,517.7100219726562,516.614990234375,516.6300048828125,412247
2025-02-26 15:35:00+00:00,517.5800170898438,518.3099975585938,517.135009765625,517.35400390625,388349
2025-02-26 15:40:00+00:00,517.8400268554688,518.260009765625,517.47998046875,517.5499877929688,281110
2025-02-26 15:45:00+00:00,518.0399780273438,518.27001953125,517.5130004882812,517.9400024414062,333966
2025-02-26 15:50:00+00:00,517.8900146484375,518.3800048828125,517.3900146484375,517.9600219726562,305874
2025-02-26 15:55:00+00:00,518.3099975585938,518.3900146484375,517.6099853515625,517.8699951171875,200464
2025-02-26 16:00:00+00:00,518.5900268554688,518.97998046875,518.3200073242188,518.3200073242188,332631
2025-02-26 16:05:00+00:00,519.1298828125,519.3300170898438,518.5750122070312,518.5900268554688,247985
2025-02-26 16:10:00+00:00,519.4000244140625,519.5700073242188,519.0850219726562,519.1500244140625,379505
2025-02-26 16:15:00+00:00,519.0800170898438,519.4000244140625,518.780029296875,519.3900146484375,333733
2025-02-26 16:20:00+00:00,518.9000244140625,519.3499755859375,518.5,519.0800170898438,157234
2025-02-26 16:25:00+00:00,518.6500244140625,519.010009765625,518.5399780273438,518.9022216796875,149506
2025-02-26 16:30:00+00:00,518.6099853515625,518.798828125,518.25,518.6400146484375,293775
2025-02-26 16:35:00+00:00,519.4099731445312,519.52001953125,518.6799926757812,518.8287963867188,212191
2025-02-26 16:40:00+00:00,519.0399169921875,519.6199951171875,518.4099731445312,519.4099731445312,241013
2025-02-26 16:45:00+00:00,519.1599731445312,519.1693115234375,518.780029296875,519.0499877929688,236103
2025-02-26 16:50:00+00:00,519.3900146484375,519.6588134765625,519.010009765625,519.2100219726562,171349
2025-02-26 16:55:00+00:00,518.2150268554688,519.4299926757812,518.0499877929688,519.4099731445312,403782
2025-02-26 17:00:00+00:00,518.7999877929688,518.8900146484375,517.8900146484375,518.3150024414062,316380
2025-02-26 17:05:00+00:00,518.885009765625,519.47998046875,518.6699829101562,518.8098754882812,202712
2025-02-26 17:10:00+00:00,519.3499755859375,519.4500122070312,518.719970703125,518.890380859375,375897
2025-02-26 17:15:00+00:00,519.02001953125,519.6500244140625,518.4099731445312,519.405029296875,267687
2025-02-26 17:20:00+00:00,518.7650146484375,519.0999755859375,518.530029296875,519.0349731445312,127657
2025-02-26 17:25:00+00:00,518.9688110351562,519.0800170898438,518.4000244140625,518.8057861328125,272632
2025-02-26 17:30:00+00:00,518.3507080078125,519.3499755859375,518.1400146484375,518.9949951171875,301022
2025-02-26 17:35:00+00:00,517.7000122070312,518.4299926757812,517.5737915039062,518.4000244140625,371629
2025-02-26 17:40:00+00:00,517.6950073242188,517.9099731445312,517.0999755859375,517.6699829101562,384104
2025-02-26 17:45:00+00:00,517.2095947265625,517.8699951171875,517.010009765625,517.72998046875,151980
2025-02-26 17:50:00+00:00,516.6690063476562,517.25,516.039794921875,517.1500244140625,325189
2025-02-26 17:55:00+00:00,515.8400268554688,516.8900146484375,515.3800048828125,516.7000122070312,676191
2025-02-26 18:00:00+00:00,515.4099731445312,516.0850219726562,514.9600219726562,515.77001953125,468544
2025-02-26 18:05:00+00:00,515.5900268554688,515.6300048828125,514.8900146484375,515.3599853515625,275105
2025-02-26 18:10:00+00:00,515.5900268554688,515.9099731445312,515.0700073242188,515.5599975585938,260948
2025-02-26 18:15:00+00:00,515.27001953125,515.5599975585938,514.6500244140625,515.5599975585938,226197
2025-02-26 18:20:00+00:00,515.5,515.8699951171875,515.14990234375,515.3499755859375,173105
2025-02-26 18:25:00+00:00,513.9650268554688,515.4998779296875,513.9301147460938,515.47998046875,387966
2025-02-26 18:30:00+00:00,514.469970703125,514.77001953125,513.7899780273438,513.9299926757812,334413
2025-02-26 18:35:00+00:00,513.719970703125,514.5999755859375,513.6699829101562,514.4299926757812,206262
2025-02-26 18:40:00+00:00,513.469970703125,513.8400268554688,512.9299926757812,513.6799926757812,401858
2025-02-26 18:45:00+00:00,513.2100219726562,513.8298950195312,512.9299926757812,513.510009765625,320324
2025-02-26 18:50:00+00:00,513.0053100585938,513.4500122070312,512.7136840820312,513.22998046875,302243
2025-02-26 18:55:00+00:00,512.2550048828125,513.159912109375,511.8599853515625,513.030029296875,341389
2025-02-26 19:00:00+00:00,512.2000122070312,513.030029296875,511.8500061035156,512.2000122070312,485901
2025-02-26 19:05:00+00:00,511.80999755859375,512.344970703125,511.40301513671875,512.1900024414062,566612
2025-02-26 19:10:00+00:00,512.14501953125,512.3699951171875,511.72259521484375,511.8299865722656,402152
2025-02-26 19:15:00+00:00,512.6900024414062,512.719970703125,511.510009765625,512.0599975585938,262641
2025-02-26 19:20:00+00:00,513.010009765625,513.5,512.5,512.6950073242188,416404
2025-02-26 19:25:00+00:00,512.8499755859375,513.4199829101562,512.780029296875,512.9600219726562,241265
2025-02-26 19:30:00+00:00,513.4400024414062,513.530029296875,512.6500244140625,512.7899780273438,275306
2025-02-26 19:35:00+00:00,513.510009765625,513.6500244140625,513.1109008789062,513.4199829101562,661924
2025-02-26 19:40:00+00:00,513.5549926757812,514.030029296875,513.3200073242188,513.5,283826
2025-02-26 19:45:00+00:00,513.4099731445312,513.8699951171875,513.3099975585938,513.530029296875,129410
2025-02-26 19:50:00+00:00,513.3900146484375,513.52001953125,513.0599975585938,513.4000244140625,249156
2025-02-26 19:55:00+00:00,512.0800170898438,513.400390625,511.9200134277344,513.4000244140625,313734
2025-02-26 20:00:00+00:00,512.0700073242188,512.6099243164062,511.7099914550781,512.1300048828125,391972
2025-02-26 20:05:00+00:00,512.8699951171875,512.9000244140625,512.114990234375,512.1199951171875,196729
2025-02-26 20:10:00+00:00,512.6300048828125,513.1099853515625,512.5449829101562,512.8300170898438,232034
2025-02-26 20:15:00+00:00,513.0399780273438,513.0499877929688,512.4299926757812,512.6400146484375,194410
2025-02-26 20:20:00+00:00,513.3212890625,513.5700073242188,512.5399780273438,513.0499877929688,202421
2025-02-26 20:25:00+00:00,513.4149780273438,513.8049926757812,513.3800048828125,513.4199829101562,377487
2025-02-26 20:30:00+00:00,513.4400024414062,513.5590209960938,512.9299926757812,513.4000244140625,416992
2025-02-26 20:35:00+00:00,513.7899780273438,513.864990234375,513.2000122070312,513.4500122070312,342710
2025-02-26 20:40:00+00:00,514.6500244140625,514.731201171875,513.4199829101562,513.8099975585938,402648
2025-02-26 20:45:00+00:00,514.8800048828125,515.22998046875,514.2907104492188,514.6300048828125,624117
2025-02-26 20:50:00+00:00,514.739990234375,515.010009765625,514.1699829101562,514.9600219726562,571173
2025-02-26 20:55:00+00:00,514.47998046875,515.0,513.7999877929688,514.739990234375,1039669
2025-02-27 14:30:00+00:00,518.25,518.7899169921875,517.7000122070312,518.1900024414062,2351570
2025-02-27 14:35:00+00:00,517.3200073242188,519.0698852539062,517.1400146484375,518.260009765625,895397
2025-02-27 14:40:00+00:00,514.4949951171875,517.3150024414062,513.9949951171875,517.27001953125,1361532
2025-02-27 14:45:00+00:00,514.3099975585938,515.469970703125,513.8400268554688,514.52001953125,822971
2025-02-27 14:50:00+00:00,511.6300048828125,514.5499877929688,511.57000732421875,514.239990234375,903851
2025-02-27 14:55:00+00:00,510.0299987792969,511.635009765625,509.7699890136719,511.6300048828125,1230977
2025-02-27 15:00:00+00:00,509.25,510.0400085449219,507.3349914550781,510.0299987792969,4327965
2025-02-27 15:05:00+00:00,509.3599853515625,510.1000061035156,508.5799865722656,509.2699890136719,1782019
2025-02-27 15:10:00+00:00,511.4800109863281,511.94000244140625,509.2699890136719,509.3399963378906,958580
2025-02-27 15:15:00+00:00,511.9800109863281,512.27001953125,511.1499938964844,511.45001220703125,722359
2025-02-27 15:20:00+00:00,512.780029296875,513.8800048828125,511.2699890136719,511.94000244140625,824277
2025-02-27 15:25:00+00:00,512.9450073242188,513.3300170898438,512.2899780273438,512.6699829101562,492801
2025-02-27 15:30:00+00:00,511.489990234375,513.1199951171875,510.82000732421875,512.9299926757812,518402
2025-02-27 15:35:00+00:00,512.6300048828125,513.1799926757812,510.7699890136719,511.4599914550781,484659
2025-02-27 15:40:00+00:00,512.4901123046875,512.8699951171875,511.840087890625,512.6199951171875,287874
2025-02-27 15:45:00+00:00,512.4199829101562,513.02001953125,511.9100036621094,512.47998046875,303648
2025-02-27 15:50:00+00:00,510.8999938964844,512.4099731445312,510.70001220703125,512.3800048828125,343181
2025-02-27 15:55:00+00:00,510.31170654296875,511.2300109863281,510.1400146484375,510.8999938964844,257558
2025-02-27 16:00:00+00:00,510.6449890136719,511.4800109863281,510.0899963378906,510.3599853515625,264602
2025-02-27 16:05:00+00:00,511.0299987792969,511.44000244140625,510.70001220703125,510.7099914550781,218796
2025-02-27 16:10:00+00:00,512.8200073242188,512.8599853515625,511.1698913574219,511.1700134277344,330296
2025-02-27 16:15:00+00:00,513.3049926757812,513.6942749023438,512.6199951171875,512.7100219726562,350180
2025-02-27 16:20:00+00:00,513.02001953125,513.7440185546875,512.760009765625,513.293701171875,523808
2025-02-27 16:25:00+00:00,511.4599914550781,513.1185913085938,511.2300109863281,512.969970703125,264432
2025-02-27 16:30:00+00:00,511.9359130859375,512.1300048828125,511.2449951171875,511.4574890136719,181007
2025-02-27 16:35:00+00:00,511.82000732421875,512.3400268554688,511.3900146484375,511.9200134277344,185871
2025-02-27 16:40:00+00:00,511.5799865722656,512.0399780273438,511.1700134277344,511.8299865722656,272449
2025-02-27 16:45:00+00:00,511.45001220703125,511.80999755859375,511.2300109863281,511.6199951171875,127601
2025-02-27 16:50:00+00:00,510.4100036621094,511.510009765625,510.0799865722656,511.42999267578125,375096
2025-02-27 16:55:00+00:00,510.0104064941406,510.5899963378906,509.7699890136719,510.4599914550781,269307
2025-02-27 17:00:00+00:00,510.2784118652344,510.58770751953125,509.6499938964844,510.0849914550781,309038
2025-02-27 17:05:00+00:00,510.0249938964844,510.5,509.8699951171875,510.4200134277344,208134
2025-02-27 17:10:00+00:00,510.1300048828125,510.54998779296875,509.79998779296875,510.0400085449219,199961
2025-02-27 17:15:00+00:00,509.260009765625,510.3299865722656,509.1199951171875,510.2099914550781,235170
2025-02-27 17:20:00+00:00,510.0852966308594,510.0852966308594,508.8299865722656,509.2200012207031,268461
2025-02-27 17:25:00+00:00,511.2099914550781,511.260009765625,509.94000244140625,510.04998779296875,399665
2025-02-27 17:30:00+00:00,511.29998779296875,511.75,510.94000244140625,511.2099914550781,302934
2025-02-27 17:35:00+00:00,511.2200012207031,511.6600036621094,511.2099914550781,511.32501220703125,181742
2025-02-27 17:40:00+00:00,510.1000061035156,511.2349853515625,509.67999267578125,511.2300109863281,328684
2025-02-27 17:45:00+00:00,510.1650085449219,510.7699890136719,510.07000732421875,510.09991455078125,161418
2025-02-27 17:50:00+00:00,510.6050109863281,510.9200134277344,509.8500061035156,510.2799987792969,717611
2025-02-27 17:55:00+00:00,510.7799987792969,510.8196105957031,510.30999755859375,510.55999755859375,98921
2025-02-27 18:00:00+00:00,511.0700988769531,511.7099914550781,510.75250244140625,510.82000732421875,812528
2025-02-27 18:05:00+00:00,511.2200012207031,511.30999755859375,510.5799865722656,511.0799865722656,152094
2025-02-27 18:10:00+00:00,512.1300048828125,512.4000244140625,510.9801025390625,511.20001220703125,198643
2025-02-27 18:15:00+00:00,512.0999755859375,512.3300170898438,511.6400146484375,512.1500244140625,273514
2025-02-27 18:20:00+00:00,512.4927978515625,512.5999755859375,511.6300964355469,512.0850219726562,142771
2025-02-27 18:25:00+00:00,512.1137084960938,512.6998901367188,511.94000244140625,512.5399780273438,186907
2025-02-27 18:30:00+00:00,512.3995971679688,512.5700073242188,511.9700012207031,512.2650146484375,148673
2025-02-27 18:35:00+00:00,512.375,512.469970703125,511.9700012207031,512.469970703125,113063
2025-02-27 18:40:00+00:00,511.7300109863281,512.4600219726562,511.635009765625,512.3909912109375,352025
2025-02-27 18:45:00+00:00,511.87420654296875,511.92999267578125,511.32000732421875,511.7749938964844,162275
2025-02-27 18:50:00+00:00,512.028076171875,512.028076171875,511.2099914550781,511.76739501953125,166760
2025-02-27 18:55:00+00:00,511.0202941894531,512.1599731445312,511.0202941894531,512.030029296875,144918
2025-02-27 19:00:00+00:00,510.92999267578125,511.2300109863281,510.54998779296875,511.1499938964844,181492
2025-02-27 19:05:00+00:00,510.42999267578125,510.9085998535156,510.25,510.9085998535156,136610
2025-02-27 19:10:00+00:00,509.6195983886719,510.6000061035156,509.5,510.42999267578125,201090
2025-02-27 19:15:00+00:00,509.4100036621094,509.6700134277344,508.6947937011719,509.614990234375,380934
2025-02-27 19:20:00+00:00,508.42999267578125,509.5,508.239990234375,509.409912109375,301258
2025-02-27 19:25:00+00:00,507.3900146484375,508.5350036621094,507.239990234375,508.3599853515625,316773
2025-02-27 19:30:00+00:00,505.8346862792969,507.4200134277344,505.2799987792969,507.4100036621094,728192
2025-02-27 19:35:00+00:00,506.0,506.5299987792969,505.7900085449219,505.8599853515625,884967
2025-02-27 19:40:00+00:00,505.7900085449219,506.0899963378906,504.92999267578125,505.9884948730469,618269
2025-02-27 19:45:00+00:00,505.739990234375,506.5799865722656,505.5000915527344,505.7900085449219,612160
2025-02-27 19:50:00+00:00,506.1199951171875,506.46099853515625,505.2900085449219,505.7699890136719,429269
2025-02-27 19:55:00+00:00,505.8500061035156,506.55499267578125,505.7200012207031,506.1099853515625,362417
2025-02-27 20:00:00+00:00,504.010009765625,505.99639892578125,503.489990234375,505.8599853515625,2297116
2025-02-27 20:05:00+00:00,503.7619934082031,504.3616027832031,503.5400085449219,504.0199890136719,781341
2025-02-27 20:10:00+00:00,503.6200866699219,504.239990234375,502.9800109863281,503.7300109863281,521198
2025-02-27 20:15:00+00:00,502.8800048828125,503.9800109863281,502.739990234375,503.6000061035156,804195
2025-02-27 20:20:00+00:00,503.489990234375,504.07000732421875,502.55999755859375,502.7900085449219,912663
2025-02-27 20:25:00+00:00,502.29998779296875,503.9700012207031,502.2200012207031,503.5382995605469,598723
2025-02-27 20:30:00+00:00,502.92999267578125,503.4200134277344,502.3999938964844,502.4599914550781,628196
2025-02-27 20:35:00+00:00,502.5050048828125,503.5799865722656,502.4775085449219,502.9100036621094,741133
2025-02-27 20:40:00+00:00,502.0199890136719,502.68890380859375,501.7699890136719,502.489990234375,931166
2025-02-27 20:45:00+00:00,502.19000244140625,502.489990234375,501.38189697265625,501.95989990234375,964402
2025-02-27 20:50:00+00:00,501.2200012207031,502.75,501.1199951171875,501.95001220703125,1555506
2025-02-27 20:55:00+00:00,500.3299865722656,501.260009765625,500.04998779296875,501.2099914550781,3475445
2025-02-28 14:30:00+00:00,497.07000732421875,500.17010498046875,496.92999267578125,500.1099853515625,3928657
2025-02-28 14:35:00+00:00,499.7850036621094,500.4849853515625,497.07000732421875,497.07000732421875,1374665
2025-02-28 14:40:00+00:00,500.5,501.3800048828125,498.3800048828125,499.6000061035156,1470390
2025-02-28 14:45:00+00:00,500.05999755859375,501.13958740234375,499.70001220703125,500.5150146484375,822092
2025-02-28 14:50:00+00:00,500.1000061035156,501.04998779296875,499.75,500.1600036621094,961706
2025-02-28 14:55:00+00:00,500.19000244140625,500.32000732421875,498.9006042480469,500.0636901855469,726073
2025-02-28 15:00:00+00:00,500.5199890136719,501.6400146484375,499.239990234375,500.1199951171875,833487
2025-02-28 15:05:00+00:00,501.3257141113281,501.4898986816406,499.61810302734375,500.55999755859375,610954
2025-02-28 15:10:00+00:00,502.5899963378906,502.6600036621094,501.010009765625,501.32000732421875,1123701
2025-02-28 15:15:00+00:00,501.3299865722656,502.7300109863281,501.239990234375,502.6000061035156,905190
2025-02-28 15:20:00+00:00,503.1050109863281,503.29998779296875,500.94000244140625,501.3399963378906,672444
2025-02-28 15:25:00+00:00,504.16009521484375,504.2300109863281,503.0,503.010009765625,782435
2025-02-28 15:30:00+00:00,503.93499755859375,504.6700134277344,503.5400085449219,504.20001220703125,713052
2025-02-28 15:35:00+00:00,502.8215026855469,504.1199951171875,502.5,504.04901123046875,506012
2025-02-28 15:40:00+00:00,502.79998779296875,503.20001220703125,502.19000244140625,502.885009765625,345742
2025-02-28 15:45:00+00:00,502.760009765625,503.67999267578125,502.3500061035156,502.7099914550781,591736
2025-02-28 15:50:00+00:00,503.6199951171875,504.1499938964844,502.6600036621094,502.7099914550781,384001
2025-02-28 15:55:00+00:00,504.260009765625,504.3699951171875,503.42999267578125,503.6199951171875,402068
2025-02-28 16:00:00+00:00,503.989990234375,504.6400146484375,503.739990234375,504.25,453277
2025-02-28 16:05:00+00:00,503.82000732421875,504.5299987792969,503.55999755859375,504.010009765625,462819
2025-02-28 16:10:00+00:00,502.8599853515625,504.0801086425781,502.6300048828125,503.8500061035156,599346
2025-02-28 16:15:00+00:00,502.489990234375,502.9200134277344,501.42999267578125,502.9100036621094,566336
2025-02-28 16:20:00+00:00,502.2300109863281,503.2200012207031,502.05999755859375,502.489990234375,316943
2025-02-28 16:25:00+00:00,501.260009765625,502.4100036621094,501.17999267578125,502.20001220703125,465749
2025-02-28 16:30:00+00:00,502.45001220703125,502.5,500.9400939941406,501.239990234375,409681
2025-02-28 16:35:00+00:00,503.0050048828125,503.2049865722656,502.2099914550781,502.4800109863281,327299
2025-02-28 16:40:00+00:00,503.5,503.8699035644531,502.9049987792969,502.989990234375,230113
2025-02-28 16:45:00+00:00,503.54998779296875,503.8349914550781,503.05999755859375,503.4599914550781,236051
2025-02-28 16:50:00+00:00,503.44500732421875,503.6499938964844,502.7099914550781,503.6499938964844,192435
2025-02-28 16:55:00+00:00,502.68499755859375,503.4598083496094,502.489990234375,503.4598083496094,141888
2025-02-28 17:00:00+00:00,502.19000244140625,502.9136962890625,502.1000061035156,502.69000244140625,204116
2025-02-28 17:05:00+00:00,502.2250061035156,502.6499938964844,501.8550109863281,502.1400146484375,337855
2025-02-28 17:10:00+00:00,503.1000061035156,503.19000244140625,502.1499938964844,502.1499938964844,186947
2025-02-28 17:15:00+00:00,503.67999267578125,503.8299865722656,502.70001220703125,503.0,299031
2025-02-28 17:20:00+00:00,502.5199890136719,503.94989013671875,501.92999267578125,503.67999267578125,254338
2025-02-28 17:25:00+00:00,502.7200012207031,503.1600036621094,502.4100036621094,502.4830017089844,115850
2025-02-28 17:30:00+00:00,502.3900146484375,502.82000732421875,502.1007080078125,502.82000732421875,217320
2025-02-28 17:35:00+00:00,502.3999938964844,502.6600036621094,502.0199890136719,502.4100036621094,330850
2025-02-28 17:40:00+00:00,500.7300109863281,502.4100036621094,500.3699951171875,502.375,328409
2025-02-28 17:45:00+00:00,499.6600036621094,501.0799865722656,499.6400146484375,500.67999267578125,576276
2025-02-28 17:50:00+00:00,500.45001220703125,500.8500061035156,499.159912109375,499.6600036621094,630316
2025-02-28 17:55:00+00:00,498.875,500.44000244140625,498.8110046386719,500.44000244140625,517187
2025-02-28 18:00:00+00:00,499.2699890136719,500.0,498.5799865722656,498.8363037109375,459790
2025-02-28 18:05:00+00:00,499.1099853515625,499.5299987792969,498.8399963378906,499.17999267578125,556235
2025-02-28 18:10:00+00:00,499.19000244140625,499.19000244140625,498.67999267578125,499.0799865722656,276803
2025-02-28 18:15:00+00:00,497.8900146484375,499.7699890136719,497.5400085449219,499.20001220703125,730990
2025-02-28 18:20:00+00:00,497.7900085449219,498.3999938964844,497.5614013671875,497.8500061035156,482132
2025-02-28 18:25:00+00:00,500.1300048828125,500.2499084472656,497.8599853515625,497.8599853515625,538873
2025-02-28 18:30:00+00:00,500.7699890136719,500.8699951171875,499.6814880371094,500.1300048828125,626516
2025-02-28 18:35:00+00:00,501.1499938964844,501.489990234375,500.6000061035156,500.7900085449219,328694
2025-02-28 18:40:00+00:00,501.3800048828125,501.9200134277344,500.57000732421875,501.2349853515625,432467
2025-02-28 18:45:00+00:00,501.0350036621094,501.6000061035156,500.6700134277344,501.3800048828125,208393
2025-02-28 18:50:00+00:00,500.989990234375,501.6700134277344,500.7300109863281,500.9800109863281,216963
2025-02-28 18:55:00+00:00,498.9049987792969,501.05999755859375,498.8699951171875,500.9849853515625,353902
2025-02-28 19:00:00+00:00,499.4599914550781,500.1300048828125,498.82049560546875,498.9100036621094,260179
2025-02-28 19:05:00+00:00,499.55999755859375,500.0299987792969,499.2113952636719,499.4800109863281,200014
2025-02-28 19:10:00+00:00,499.32000732421875,499.7300109863281,499.1199951171875,499.54998779296875,136424
2025-02-28 19:15:00+00:00,500.6700134277344,500.6700134277344,499.2799987792969,499.2799987792969,268897
2025-02-28 19:20:00+00:00,500.0799865722656,500.7200012207031,499.3500061035156,500.6400146484375,314698
2025-02-28 19:25:00+00:00,500.4700012207031,500.6785888671875,500.07000732421875,500.07501220703125,175144
2025-02-28 19:30:00+00:00,501.1300048828125,501.51971435546875,500.0899963378906,500.489990234375,297061
2025-02-28 19:35:00+00:00,502.0299987792969,502.44000244140625,500.9241943359375,501.1700134277344,363044
2025-02-28 19:40:00+00:00,502.4800109863281,502.760009765625,501.9100036621094,502.07000732421875,320993
2025-02-28 19:45:00+00:00,502.8800048828125,503.0799865722656,502.28118896484375,502.489990234375,400898
2025-02-28 19:50:00+00:00,502.6300048828125,503.2799987792969,502.32000732421875,502.8599853515625,364716
2025-02-28 19:55:00+00:00,503.04998779296875,503.2200012207031,502.4100036621094,502.6300048828125,263556
2025-02-28 20:00:00+00:00,503.8399963378906,503.9800109863281,502.760009765625,503.04998779296875,549812
2025-02-28 20:05:00+00:00,504.1600036621094,504.3800048828125,503.5799865722656,503.92999267578125,490902
2025-02-28 20:10:00+00:00,503.7200012207031,504.2699890136719,503.29998779296875,504.17999267578125,309696
2025-02-28 20:15:00+00:00,503.3299865722656,503.94000244140625,503.2300109863281,503.6199951171875,259002
2025-02-28 20:20:00+00:00,503.114990234375,503.4599914550781,502.5199890136719,503.32000732421875,339116
2025-02-28 20:25:00+00:00,504.4100036621094,504.45001220703125,503.04998779296875,503.0987854003906,344879
2025-02-28 20:30:00+00:00,502.92999267578125,504.4200134277344,502.8500061035156,504.4187927246094,507433
2025-02-28 20:35:00+00:00,503.54998779296875,503.81988525390625,502.3900146484375,502.9100036621094,384889
2025-02-28 20:40:00+00:00,504.0899963378906,504.4800109863281,503.5299987792969,503.5299987792969,480970
2025-02-28 20:45:00+00:00,504.7900085449219,504.8599853515625,503.80999755859375,504.04998779296875,459996
2025-02-28 20:50:00+00:00,507.1199951171875,507.1600036621094,504.7799987792969,504.82000732421875,2038648
2025-02-28 20:55:00+00:00,508.20001220703125,508.7699890136719,507.1300048828125,507.1400146484375,4280411
2025-03-03 14:30:00+00:00,512.2349853515625,513.0399780273438,510.70001220703125,511.5199890136719,2612432
2025-03-03 14:35:00+00:00,509.69000244140625,512.5800170898438,509.3500061035156,512.3099975585938,881402
2025-03-03 14:40:00+00:00,509.4200134277344,510.1600036621094,508.7349853515625,509.7200012207031,657091
2025-03-03 14:45:00+00:00,508.7300109863281,510.32000732421875,508.44000244140625,509.4100036621094,725515
2025-03-03 14:50:00+00:00,507.8599853515625,509.2099914550781,507.739990234375,508.79998779296875,576571
2025-03-03 14:55:00+00:00,506.30999755859375,508.1000061035156,505.868408203125,507.9200134277344,876876
2025-03-03 15:00:00+00:00,506.8699951171875,507.0400085449219,504.2900085449219,506.29998779296875,1224536
2025-03-03 15:05:00+00:00,505.6099853515625,507.6300048828125,505.3800048828125,506.9200134277344,619848
2025-03-03 15:10:00+00:00,505.989990234375,507.2799987792969,505.3800048828125,505.6499938964844,421214
2025-03-03 15:15:00+00:00,505.9100036621094,506.2449951171875,505.45001220703125,505.79998779296875,510315
2025-03-03 15:20:00+00:00,507.5199890136719,508.409912109375,505.7300109863281,505.7300109863281,599505
2025-03-03 15:25:00+00:00,509.1138000488281,509.1300048828125,507.2699890136719,507.4700012207031,479810
2025-03-03 15:30:00+00:00,508.8900146484375,509.8500061035156,508.25,509.1400146484375,758458
2025-03-03 15:35:00+00:00,508.4750061035156,509.0,507.0799865722656,508.84039306640625,386576
2025-03-03 15:40:00+00:00,509.6618957519531,509.69000244140625,507.9100036621094,508.4341125488281,316315
2025-03-03 15:45:00+00:00,507.8699951171875,509.6300964355469,507.510009765625,509.6300048828125,336068
2025-03-03 15:50:00+00:00,508.3450012207031,508.75,507.6000061035156,507.8900146484375,173347
2025-03-03 15:55:00+00:00,506.6664123535156,508.543701171875,506.4599914550781,508.4100036621094,322235
2025-03-03 16:00:00+00:00,507.6300048828125,507.8500061035156,506.75,506.75,295464
2025-03-03 16:05:00+00:00,507.5350036621094,508.239990234375,507.340087890625,507.67999267578125,168354
2025-03-03 16:10:00+00:00,508.0599060058594,508.3299865722656,506.92999267578125,507.69500732421875,289222
2025-03-03 16:15:00+00:00,508.55999755859375,508.6099853515625,507.5299987792969,508.1199951171875,305535
2025-03-03 16:20:00+00:00,509.5849914550781,509.7699890136719,508.42999267578125,508.5,273362
2025-03-03 16:25:00+00:00,507.3800048828125,509.5899963378906,507.3800048828125,509.5,461452
2025-03-03 16:30:00+00:00,507.1400146484375,507.7900085449219,507.0,507.4200134277344,359924
2025-03-03 16:35:00+00:00,506.5700988769531,507.69000244140625,506.2699890136719,507.0,402853
2025-03-03 16:40:00+00:00,506.32000732421875,506.8699951171875,506.0863037109375,506.5799865722656,307265
2025-03-03 16:45:00+00:00,507.7300109863281,507.7799987792969,506.2799987792969,506.3500061035156,265321
2025-03-03 16:50:00+00:00,508.2200012207031,508.6097106933594,507.6400146484375,507.6400146484375,261536
2025-03-03 16:55:00+00:00,508.2200012207031,508.7200012207031,508.0799865722656,508.29998779296875,168442
2025-03-03 17:00:00+00:00,508.0199890136719,508.239990234375,507.7500915527344,508.239990234375,172137
2025-03-03 17:05:00+00:00,507.9999084472656,508.6000061035156,507.8399963378906,507.9200134277344,240380
2025-03-03 17:10:00+00:00,508.4198913574219,508.5899963378906,507.92010498046875,508.0400085449219,125451
2025-03-03 17:15:00+00:00,508.8299865722656,509.0,508.0,508.4700927734375,338678
2025-03-03 17:20:00+00:00,508.7665100097656,508.9787902832031,508.54998779296875,508.82000732421875,134641
2025-03-03 17:25:00+00:00,508.7200012207031,509.0,508.1964111328125,508.739990234375,136814
2025-03-03 17:30:00+00:00,508.30999755859375,508.8699951171875,508.19500732421875,508.7222900390625,127050
2025-03-03 17:35:00+00:00,508.55010986328125,508.6400146484375,507.8699951171875,508.2911071777344,367931
2025-03-03 17:40:00+00:00,508.60980224609375,509.260009765625,508.41009521484375,508.57000732421875,195883
2025-03-03 17:45:00+00:00,507.93499755859375,508.6199951171875,507.2699890136719,508.6000061035156,284175
2025-03-03 17:50:00+00:00,506.9750061035156,508.04998779296875,506.9150085449219,507.9372863769531,214234
2025-03-03 17:55:00+00:00,506.510009765625,507.0450134277344,505.80999755859375,506.8882141113281,283075
2025-03-03 18:00:00+00:00,505.7799987792969,506.6449890136719,505.70001220703125,506.4750061035156,348580
2025-03-03 18:05:00+00:00,503.9700012207031,505.7099914550781,503.75,505.7099914550781,584882
2025-03-03 18:10:00+00:00,503.3017883300781,503.9136047363281,502.9601135253906,503.80999755859375,505168
2025-03-03 18:15:00+00:00,503.875,504.239990234375,503.17999267578125,503.32000732421875,379987
2025-03-03 18:20:00+00:00,504.2561950683594,504.6000061035156,503.4649963378906,503.8999938964844,272673
2025-03-03 18:25:00+00:00,502.4783935546875,504.2349853515625,502.2449951171875,504.2349853515625,494271
2025-03-03 18:30:00+00:00,502.1698913574219,503.1400146484375,501.7799987792969,502.5,355726
2025-03-03 18:35:00+00:00,501.9967041015625,502.68499755859375,501.7200012207031,502.2099914550781,376418
2025-03-03 18:40:00+00:00,502.6512145996094,503.2099914550781,501.9049987792969,501.92999267578125,530568
2025-03-03 18:45:00+00:00,503.20001220703125,504.55999755859375,502.19000244140625,502.635009765625,786690
2025-03-03 18:50:00+00:00,503.4800109863281,504.03900146484375,502.9800109863281,503.1600036621094,276657
2025-03-03 18:55:00+00:00,504.0,504.239990234375,502.9599914550781,503.4599914550781,219371
2025-03-03 19:00:00+00:00,504.5199890136719,505.1098937988281,503.79998779296875,503.9599914550781,432659
2025-03-03 19:05:00+00:00,504.6700134277344,504.9700012207031,504.1499938964844,504.5299987792969,222009
2025-03-03 19:10:00+00:00,504.0600891113281,504.8299865722656,503.9700012207031,504.6050109863281,172717
2025-03-03 19:15:00+00:00,503.1000061035156,504.20001220703125,502.8999938964844,504.19000244140625,232154
2025-03-03 19:20:00+00:00,503.7298889160156,504.0799865722656,503.114990234375,503.114990234375,165226
2025-03-03 19:25:00+00:00,503.2099914550781,503.70001220703125,502.9554138183594,503.6700134277344,137229
2025-03-03 19:30:00+00:00,504.42510986328125,504.7900085449219,503.0899963378906,503.16119384765625,239123
2025-03-03 19:35:00+00:00,504.54010009765625,504.6487121582031,503.6000061035156,504.310302734375,188320
2025-03-03 19:40:00+00:00,505.27850341796875,505.7200012207031,504.6199951171875,504.6319885253906,385182
2025-03-03 19:45:00+00:00,503.3534851074219,505.2099914550781,503.2799072265625,505.2099914550781,228776
2025-03-03 19:50:00+00:00,501.3800048828125,503.82000732421875,500.55999755859375,503.3800048828125,935239
2025-03-03 19:55:00+00:00,500.5299987792969,502.20001220703125,500.4200134277344,501.3534851074219,578115
2025-03-03 20:00:00+00:00,498.8500061035156,500.568115234375,498.1099853515625,500.5,1422690
2025-03-03 20:05:00+00:00,497.95001220703125,499.3800048828125,497.7799987792969,498.8599853515625,648336
2025-03-03 20:10:00+00:00,497.14990234375,498.2850036621094,496.260009765625,497.989990234375,1078811
2025-03-03 20:15:00+00:00,496.739990234375,498.04998779296875,496.6300048828125,497.0199890136719,797129
2025-03-03 20:20:00+00:00,495.4200134277344,497.1549987792969,495.29998779296875,496.739990234375,717503
2025-03-03 20:25:00+00:00,495.1155090332031,495.95001220703125,494.6499938964844,495.4259948730469,723650
2025-03-03 20:30:00+00:00,495.1700134277344,496.45001220703125,494.9100036621094,495.1499938964844,622468
2025-03-03 20:35:00+00:00,494.4700012207031,495.6449890136719,494.3999938964844,495.2099914550781,689481
2025-03-03 20:40:00+00:00,494.17999267578125,494.80999755859375,493.5799865722656,494.4700012207031,719459
2025-03-03 20:45:00+00:00,495.42999267578125,495.9599914550781,494.1099853515625,494.19000244140625,1053024
2025-03-03 20:50:00+00:00,496.2521057128906,496.3299865722656,494.8999938964844,495.3999938964844,1330848
2025-03-03 20:55:00+00:00,497.32000732421875,497.42999267578125,495.7699890136719,496.239990234375,2679178
2025-03-04 14:30:00+00:00,493.44000244140625,494.70001220703125,492.2300109863281,494.1700134277344,5603401
2025-03-04 14:35:00+00:00,494.5804138183594,496.32000732421875,493.19000244140625,493.45001220703125,1723691
2025-03-04 14:40:00+00:00,493.9200134277344,495.6400146484375,492.2825012207031,494.5299987792969,1631320
2025-03-04 14:45:00+00:00,493.739990234375,495.9100036621094,493.3599853515625,493.8699951171875,1674758
2025-03-04 14:50:00+00:00,493.2200012207031,494.1400146484375,492.45001220703125,493.9599914550781,1281915
2025-03-04 14:55:00+00:00,491.55938720703125,494.3399963378906,491.4599914550781,493.30999755859375,1115944
2025-03-04 15:00:00+00:00,491.30499267578125,492.07000732421875,490.2099914550781,491.54998779296875,1655366
2025-03-04 15:05:00+00:00,490.4700012207031,491.94000244140625,490.0,491.39990234375,1180369
2025-03-04 15:10:00+00:00,490.8900146484375,491.80999755859375,489.82000732421875,490.4599914550781,1202842
2025-03-04 15:15:00+00:00,488.3999938964844,490.8599853515625,488.0899963378906,490.8599853515625,1844198
2025-03-04 15:20:00+00:00,488.84979248046875,489.2300109863281,487.7349853515625,488.4100036621094,1550697
2025-03-04 15:25:00+00:00,489.80999755859375,490.3699951171875,488.260009765625,488.79998779296875,1126267
2025-03-04 15:30:00+00:00,490.989990234375,491.7799987792969,489.17498779296875,489.7200012207031,1304615
2025-03-04 15:35:00+00:00,490.5306091308594,491.6199951171875,490.0950012207031,490.9898986816406,558503
2025-03-04 15:40:00+00:00,491.5899963378906,491.5899963378906,490.06500244140625,490.4599914550781,692288
2025-03-04 15:45:00+00:00,491.5400085449219,492.239990234375,490.15771484375,491.5199890136719,811492
2025-03-04 15:50:00+00:00,490.0899963378906,491.7449951171875,489.94000244140625,491.54998779296875,550609
2025-03-04 15:55:00+00:00,490.6861877441406,491.0899963378906,489.75,490.2384948730469,480635
2025-03-04 16:00:00+00:00,490.2715148925781,491.2799987792969,489.5437927246094,490.5199890136719,777021
2025-03-04 16:05:00+00:00,488.8800048828125,490.3999938964844,488.6099853515625,490.239990234375,756714
2025-03-04 16:10:00+00:00,490.8399963378906,490.989990234375,488.6148986816406,488.9200134277344,641258
2025-03-04 16:15:00+00:00,489.81658935546875,491.42999267578125,489.7146911621094,490.739990234375,736986
2025-03-04 16:20:00+00:00,489.7799987792969,490.6400146484375,489.4263916015625,489.82000732421875,551644
2025-03-04 16:25:00+00:00,489.3800048828125,489.8599853515625,488.5199890136719,489.75,680678
2025-03-04 16:30:00+00:00,490.2250061035156,490.8900146484375,489.2699890136719,489.2900085449219,731686
2025-03-04 16:35:00+00:00,490.5,491.2200012207031,490.0,490.2200012207031,431022
2025-03-04 16:40:00+00:00,492.1000061035156,492.2900085449219,490.2900085449219,490.32501220703125,667277
2025-03-04 16:45:00+00:00,492.8699951171875,493.0199890136719,491.5299987792969,491.9100036621094,675897
2025-03-04 16:50:00+00:00,493.1199951171875,493.6300048828125,491.94000244140625,492.7799987792969,626104
2025-03-04 16:55:00+00:00,493.1499938964844,494.07000732421875,493.0299987792969,493.1499938964844,736811
2025-03-04 17:00:00+00:00,493.2950134277344,493.5899963378906,492.6099853515625,493.1600036621094,536393
2025-03-04 17:05:00+00:00,492.6499938964844,493.3514099121094,492.3699951171875,493.260009765625,355696
2025-03-04 17:10:00+00:00,493.1333923339844,493.8500061035156,492.6099853515625,492.6463928222656,368555
2025-03-04 17:15:00+00:00,493.760009765625,493.9700012207031,492.8900146484375,493.20001220703125,471954
2025-03-04 17:20:00+00:00,494.42999267578125,495.20001220703125,493.6536865234375,493.75,816274
2025-03-04 17:25:00+00:00,495.534912109375,496.4100036621094,494.4750061035156,494.4888000488281,867644
2025-03-04 17:30:00+00:00,494.8299865722656,495.489990234375,493.94378662109375,495.489990234375,590476
2025-03-04 17:35:00+00:00,495.2749938964844,495.6600036621094,494.5899963378906,494.7749938964844,334824
2025-03-04 17:40:00+00:00,494.8450012207031,495.64990234375,494.1600036621094,495.20001220703125,646854
2025-03-04 17:45:00+00:00,495.0799865722656,495.94000244140625,494.69000244140625,494.80999755859375,441701
2025-03-04 17:50:00+00:00,494.55999755859375,495.1300048828125,493.5899963378906,495.1300048828125,465079
2025-03-04 17:55:00+00:00,494.07659912109375,494.57000732421875,493.726806640625,494.5150146484375,286214
2025-03-04 18:00:00+00:00,494.3999938964844,494.8800048828125,493.5,494.0199890136719,304106
2025-03-04 18:05:00+00:00,496.1112060546875,496.260009765625,494.19171142578125,494.260009765625,496463
2025-03-04 18:10:00+00:00,497.55999755859375,497.94000244140625,495.9612121582031,496.0450134277344,832757
2025-03-04 18:15:00+00:00,496.20001220703125,497.6300048828125,495.6499938964844,497.5400085449219,580883
2025-03-04 18:20:00+00:00,495.6000061035156,496.5299987792969,495.1199951171875,496.29998779296875,253326
2025-03-04 18:25:00+00:00,495.07000732421875,495.739990234375,494.8450012207031,495.5799865722656,358603
2025-03-04 18:30:00+00:00,495.9119873046875,496.00030517578125,494.42498779296875,495.0849914550781,433729
2025-03-04 18:35:00+00:00,496.4150085449219,496.44000244140625,495.39080810546875,495.8299865722656,227372
2025-03-04 18:40:00+00:00,496.9049987792969,497.44000244140625,496.3599853515625,496.4700012207031,356017
2025-03-04 18:45:00+00:00,496.7900085449219,497.5,496.55999755859375,496.8900146484375,289153
2025-03-04 18:50:00+00:00,497.510986328125,497.70001220703125,496.489990234375,496.8599853515625,370144
2025-03-04 18:55:00+00:00,498.0596923828125,498.5899963378906,497.45001220703125,497.5,633814
2025-03-04 19:00:00+00:00,499.2300109863281,499.5400085449219,497.989990234375,498.0199890136719,808342
2025-03-04 19:05:00+00:00,499.6796875,500.1809997558594,499.0199890136719,499.2099914550781,761660
2025-03-04 19:10:00+00:00,499.25,499.82000732421875,498.8399963378906,499.69000244140625,387048
2025-03-04 19:15:00+00:00,499.5,499.70001220703125,498.9599914550781,499.29998779296875,329810
2025-03-04 19:20:00+00:00,500.6400146484375,500.8999938964844,499.3399963378906,499.4800109863281,505947
2025-03-04 19:25:00+00:00,499.5899963378906,501.0201110839844,499.5199890136719,500.7200012207031,509166
2025-03-04 19:30:00+00:00,499.29998779296875,499.9195861816406,498.9700012207031,499.6099853515625,358877
2025-03-04 19:35:00+00:00,500.2300109863281,500.25,499.1600036621094,499.260009765625,353545
2025-03-04 19:40:00+00:00,500.5799865722656,500.8599853515625,499.760009765625,500.23089599609375,320140
2025-03-04 19:45:00+00:00,500.3099060058594,501.2200012207031,500.07000732421875,500.6099853515625,443309
2025-03-04 19:50:00+00:00,500.3999938964844,500.8399963378906,500.1335144042969,500.260009765625,270443
2025-03-04 19:55:00+00:00,500.95001220703125,501.21990966796875,500.29998779296875,500.3299865722656,326606
2025-03-04 20:00:00+00:00,500.8500061035156,501.82000732421875,500.4599914550781,500.8900146484375,745137
2025-03-04 20:05:00+00:00,501.57000732421875,501.8599853515625,500.55010986328125,500.8500061035156,618971
2025-03-04 20:10:00+00:00,502.0899963378906,502.4599914550781,501.4599914550781,501.5799865722656,449221
2025-03-04 20:15:00+00:00,502.54998779296875,502.6400146484375,501.510009765625,502.1300048828125,553200
2025-03-04 20:20:00+00:00,503.6099853515625,503.739990234375,502.42999267578125,502.6099853515625,713851
2025-03-04 20:25:00+00:00,502.2300109863281,503.6099853515625,502.17999267578125,503.6099853515625,770396
2025-03-04 20:30:00+00:00,499.7300109863281,502.44000244140625,499.19000244140625,502.239990234375,1295937
2025-03-04 20:35:00+00:00,498.6199951171875,500.3299865722656,498.5899963378906,499.7300109863281,1090930
2025-03-04 20:40:00+00:00,498.67498779296875,499.1600036621094,497.6499938964844,498.6000061035156,1046594
2025-03-04 20:45:00+00:00,497.17999267578125,499.3699951171875,497.010009765625,498.7200012207031,1119372
2025-03-04 20:50:00+00:00,495.2799987792969,497.1400146484375,493.7699890136719,497.1400146484375,2228171
2025-03-04 20:55:00+00:00,495.510009765625,496.1000061035156,495.17999267578125,495.3299865722656,1937417
2025-03-05 14:30:00+00:00,496.04998779296875,496.8299865722656,495.29998779296875,496.1600036621094,2823329
2025-03-05 14:35:00+00:00,495.1199951171875,496.5199890136719,493.6199951171875,496.05999755859375,961470
2025-03-05 14:40:00+00:00,496.375,497.1300048828125,495.1300048828125,495.1300048828125,1445218
2025-03-05 14:45:00+00:00,494.4800109863281,496.5400085449219,494.44000244140625,496.375,612189
2025-03-05 14:50:00+00:00,494.0799865722656,495.9100036621094,493.7200012207031,494.5199890136719,656841
2025-03-05 14:55:00+00:00,493.7699890136719,494.79998779296875,492.57000732421875,494.07000732421875,828740
2025-03-05 15:00:00+00:00,496.7601013183594,497.75,493.82000732421875,493.82000732421875,1420420
2025-03-05 15:05:00+00:00,497.1112976074219,498.04998779296875,496.1499938964844,496.8500061035156,1260829
2025-03-05 15:10:00+00:00,496.5400085449219,497.55499267578125,495.94000244140625,496.9700012207031,489623
2025-03-05 15:15:00+00:00,495.1299133300781,496.6700134277344,494.80010986328125,496.5799865722656,445957
2025-03-05 15:20:00+00:00,494.2799987792969,495.6000061035156,493.29998779296875,495.1199951171875,531950
2025-03-05 15:25:00+00:00,494.0303039550781,494.7799987792969,493.5199890136719,494.2099914550781,613956
2025-03-05 15:30:00+00:00,494.8389892578125,495.3800048828125,493.6199951171875,494.0849914550781,824678
2025-03-05 15:35:00+00:00,496.3399963378906,496.6946105957031,494.81640625,494.8500061035156,528145
2025-03-05 15:40:00+00:00,495.9700012207031,496.4100036621094,495.0299987792969,496.3900146484375,338445
2025-03-05 15:45:00+00:00,495.07000732421875,496.54998779296875,494.6199951171875,495.9100036621094,403889
2025-03-05 15:50:00+00:00,496.0914001464844,496.1700134277344,494.17999267578125,495.0400085449219,377149
2025-03-05 15:55:00+00:00,495.54998779296875,496.6293029785156,495.3999938964844,496.0799865722656,329180
2025-03-05 16:00:00+00:00,494.57000732421875,495.4700012207031,494.1000061035156,495.4700012207031,338965
2025-03-05 16:05:00+00:00,493.8999938964844,494.760009765625,493.7200012207031,494.55999755859375,341753
2025-03-05 16:10:00+00:00,493.2099914550781,494.0199890136719,492.1700134277344,493.92498779296875,624001
2025-03-05 16:15:00+00:00,492.69500732421875,493.4200134277344,492.5199890136719,493.2099914550781,248327
2025-03-05 16:20:00+00:00,493.29998779296875,493.3599853515625,492.20001220703125,492.760009765625,685845
2025-03-05 16:25:00+00:00,493.3299865722656,493.5199890136719,492.2699890136719,493.3399963378906,444620
2025-03-05 16:30:00+00:00,491.82000732421875,493.29998779296875,491.6112976074219,493.29998779296875,455342
2025-03-05 16:35:00+00:00,492.54010009765625,493.0799865722656,491.5747985839844,491.81500244140625,388913
2025-03-05 16:40:00+00:00,491.6700134277344,492.54998779296875,491.3500061035156,492.5400085449219,329194
2025-03-05 16:45:00+00:00,492.1401062011719,492.50909423828125,491.260009765625,491.7200012207031,270200
2025-03-05 16:50:00+00:00,492.43011474609375,492.57000732421875,491.3902893066406,492.04998779296875,501573
2025-03-05 16:55:00+00:00,494.2333984375,495.2300109863281,492.260009765625,492.4599914550781,1217167
2025-03-05 17:00:00+00:00,494.239990234375,495.7200012207031,494.1000061035156,494.20001220703125,587793
2025-03-05 17:05:00+00:00,495.2099914550781,495.2099914550781,494.2200012207031,494.25,324004
2025-03-05 17:10:00+00:00,494.9949951171875,495.739990234375,494.75,495.20001220703125,297730
2025-03-05 17:15:00+00:00,495.67999267578125,496.20001220703125,494.9100036621094,495.010009765625,346114
2025-03-05 17:20:00+00:00,496.9800109863281,497.260009765625,495.45001220703125,495.6700134277344,540308
2025-03-05 17:25:00+00:00,497.489990234375,497.6199951171875,496.57000732421875,497.0,437236
2025-03-05 17:30:00+00:00,497.6300048828125,497.8599853515625,497.30999755859375,497.5799865722656,347081
2025-03-05 17:35:00+00:00,498.1650085449219,498.20001220703125,497.25,497.5849914550781,373304
2025-03-05 17:40:00+00:00,498.07000732421875,498.4599914550781,497.7799987792969,498.2699890136719,358726
2025-03-05 17:45:00+00:00,497.989990234375,498.07000732421875,496.67999267578125,498.07000732421875,483116
2025-03-05 17:50:00+00:00,499.29998779296875,499.80999755859375,497.9800109863281,497.9800109863281,574259
2025-03-05 17:55:00+00:00,499.88800048828125,500.0,499.0815124511719,499.2099914550781,385609
2025-03-05 18:00:00+00:00,499.9100036621094,500.20001220703125,499.17999267578125,499.8500061035156,651497
2025-03-05 18:05:00+00:00,497.3699951171875,500.2315979003906,496.8399963378906,499.8599853515625,1184758
2025-03-05 18:10:00+00:00,498.760009765625,499.3299865722656,497.260009765625,497.3399963378906,552373
2025-03-05 18:15:00+00:00,498.8299865722656,499.29998779296875,498.1000061035156,498.67999267578125,384068
2025-03-05 18:20:00+00:00,498.6000061035156,499.19000244140625,498.239990234375,498.75,577522
2025-03-05 18:25:00+00:00,498.2412109375,498.760009765625,497.7799987792969,498.6499938964844,285046
2025-03-05 18:30:00+00:00,497.94000244140625,498.80999755859375,496.92999267578125,498.2650146484375,443260
2025-03-05 18:35:00+00:00,498.5199890136719,498.6400146484375,497.5,498.0299987792969,315854
2025-03-05 18:40:00+00:00,497.6600036621094,498.5299987792969,497.42999267578125,498.5299987792969,233410
2025-03-05 18:45:00+00:00,499.1449890136719,499.3699951171875,497.67999267578125,497.6890869140625,322009
2025-03-05 18:50:00+00:00,499.70001220703125,499.8999938964844,499.1300048828125,499.17999267578125,495795
2025-03-05 18:55:00+00:00,500.42999267578125,500.5199890136719,499.6400146484375,499.6778869628906,414702
2025-03-05 19:00:00+00:00,500.93011474609375,501.0,499.6199951171875,500.3699951171875,544816
2025-03-05 19:05:00+00:00,502.6700134277344,502.6700134277344,500.6700134277344,500.93218994140625,614679
2025-03-05 19:10:00+00:00,502.8599853515625,503.1499938964844,502.260009765625,502.6499938964844,424247
2025-03-05 19:15:00+00:00,501.760009765625,503.2799987792969,501.6499938964844,502.8900146484375,637484
2025-03-05 19:20:00+00:00,502.7799987792969,502.8800048828125,501.3599853515625,501.80999755859375,385860
2025-03-05 19:25:00+00:00,501.5199890136719,502.8299865722656,501.4700012207031,502.79998779296875,305042
2025-03-05 19:30:00+00:00,501.9100036621094,502.2900085449219,501.57000732421875,501.57000732421875,284157
2025-03-05 19:35:00+00:00,501.5232849121094,502.2699890136719,500.6000061035156,501.8999938964844,516053
2025-03-05 19:40:00+00:00,501.5150146484375,502.19000244140625,501.30999755859375,501.57000732421875,363824
2025-03-05 19:45:00+00:00,502.260009765625,502.389892578125,501.1700134277344,501.6199951171875,248694
2025-03-05 19:50:00+00:00,502.30499267578125,502.589599609375,501.78009033203125,502.30999755859375,236921
2025-03-05 19:55:00+00:00,501.7699890136719,502.8699951171875,501.7099914550781,502.2401123046875,449818
2025-03-05 20:00:00+00:00,503.0849914550781,503.4580078125,501.7149963378906,501.82000732421875,473304
2025-03-05 20:05:00+00:00,503.4283142089844,503.6300048828125,502.67498779296875,503.07000732421875,412453
2025-03-05 20:10:00+00:00,503.3464050292969,503.56988525390625,502.8399963378906,503.3999938964844,326587
2025-03-05 20:15:00+00:00,501.8900146484375,503.57000732421875,501.0,503.3599853515625,720575
2025-03-05 20:20:00+00:00,501.67999267578125,502.29998779296875,500.7799987792969,501.94000244140625,447028
2025-03-05 20:25:00+00:00,502.80999755859375,502.9800109863281,501.510009765625,501.6400146484375,439625
2025-03-05 20:30:00+00:00,502.1499938964844,502.7900085449219,501.57000732421875,502.7900085449219,539378
2025-03-05 20:35:00+00:00,502.22320556640625,502.4100036621094,501.6000061035156,502.1700134277344,336692
2025-03-05 20:40:00+00:00,502.6300048828125,502.8500061035156,501.9400939941406,502.2099914550781,483704
2025-03-05 20:45:00+00:00,502.07000732421875,502.67999267578125,501.7200012207031,502.67999267578125,469006
2025-03-05 20:50:00+00:00,502.82000732421875,503.1700134277344,500.6400146484375,502.04998779296875,1180723
2025-03-05 20:55:00+00:00,502.0799865722656,502.82000732421875,501.80999755859375,502.82000732421875,1264132
2025-03-06 14:30:00+00:00,492.9200134277344,493.7099914550781,491.8999938964844,492.94000244140625,3553426
2025-03-06 14:35:00+00:00,493.44000244140625,493.8599853515625,491.6507873535156,492.8500061035156,1333183
2025-03-06 14:40:00+00:00,492.14471435546875,493.760009765625,492.0700988769531,493.44000244140625,969929
2025-03-06 14:45:00+00:00,493.260009765625,493.5799865722656,491.9599914550781,492.1499938964844,748569
2025-03-06 14:50:00+00:00,493.44000244140625,494.4599914550781,493.0150146484375,493.260009765625,1231646
2025-03-06 14:55:00+00:00,492.9700012207031,493.8900146484375,492.5199890136719,493.3599853515625,501180
2025-03-06 15:00:00+00:00,494.8299865722656,495.4700012207031,492.30999755859375,492.8699951171875,969604
2025-03-06 15:05:00+00:00,495.9200134277344,496.5,494.7799987792969,494.7950134277344,894409
2025-03-06 15:10:00+00:00,495.95001220703125,496.45001220703125,495.489990234375,495.8999938964844,773220
2025-03-06 15:15:00+00:00,496.94000244140625,497.2900085449219,495.760009765625,495.8900146484375,921077
2025-03-06 15:20:00+00:00,497.1600036621094,497.89630126953125,496.7200012207031,496.95001220703125,650066
2025-03-06 15:25:00+00:00,497.2900085449219,497.5400085449219,495.8800048828125,497.1300048828125,664732
2025-03-06 15:30:00+00:00,496.58990478515625,497.49969482421875,496.3599853515625,497.2799987792969,422913
2025-03-06 15:35:00+00:00,498.1400146484375,498.29998779296875,496.25,496.5899963378906,590601
2025-03-06 15:40:00+00:00,498.2200012207031,498.5787048339844,497.4700012207031,498.1199951171875,414105
2025-03-06 15:45:00+00:00,497.2699890136719,498.4700012207031,497.19000244140625,498.1499938964844,463817
2025-03-06 15:50:00+00:00,495.99530029296875,497.3699951171875,495.8900146484375,497.3599853515625,641586
2025-03-06 15:55:00+00:00,496.5849914550781,496.690185546875,495.5299987792969,496.0495910644531,490304
2025-03-06 16:00:00+00:00,497.114990234375,497.7096862792969,496.6300048828125,496.6300048828125,339017
2025-03-06 16:05:00+00:00,498.0,498.0199890136719,496.4800109863281,497.1050109863281,331865
2025-03-06 16:10:00+00:00,497.29998779296875,498.17999267578125,496.9599914550781,498.010009765625,473370
2025-03-06 16:15:00+00:00,496.8599853515625,497.4800109863281,496.6702880859375,497.25,261787
2025-03-06 16:20:00+00:00,496.20001220703125,497.07000732421875,495.2699890136719,496.8500061035156,509130
2025-03-06 16:25:00+00:00,496.1499938964844,496.739990234375,494.6263122558594,496.239990234375,900649
2025-03-06 16:30:00+00:00,496.8599853515625,497.6700134277344,495.7799987792969,496.05999755859375,612133
2025-03-06 16:35:00+00:00,494.739990234375,496.96990966796875,494.5,496.79998779296875,669980
2025-03-06 16:40:00+00:00,494.3900146484375,494.8399963378906,494.0,494.760009765625,408721
2025-03-06 16:45:00+00:00,493.8800964355469,494.80999755859375,493.7900085449219,494.44500732421875,264378
2025-03-06 16:50:00+00:00,493.0799865722656,493.8949890136719,492.6600036621094,493.8949890136719,507732
2025-03-06 16:55:00+00:00,492.239990234375,493.1499938964844,492.1700134277344,493.0199890136719,814661
2025-03-06 17:00:00+00:00,490.70001220703125,492.82000732421875,490.6199951171875,492.260009765625,887427
2025-03-06 17:05:00+00:00,491.3599853515625,491.4599914550781,490.0,490.6799011230469,894706
2025-03-06 17:10:00+00:00,490.2500915527344,491.3800048828125,490.17999267578125,491.33050537109375,408402
2025-03-06 17:15:00+00:00,490.6899108886719,490.8456115722656,489.8299865722656,490.2699890136719,512055
2025-03-06 17:20:00+00:00,490.6700134277344,491.79998779296875,490.6199951171875,490.6199951171875,655926
2025-03-06 17:25:00+00:00,489.92498779296875,490.66839599609375,489.260009765625,490.6499938964844,658334
2025-03-06 17:30:00+00:00,490.510009765625,491.1300048828125,489.8215026855469,489.881591796875,360266
2025-03-06 17:35:00+00:00,489.6549987792969,490.6099853515625,489.6199951171875,490.5299987792969,239925
2025-03-06 17:40:00+00:00,490.07000732421875,490.8500061035156,489.510009765625,489.635009765625,434026
2025-03-06 17:45:00+00:00,488.5799865722656,490.06988525390625,488.3699951171875,489.9599914550781,734774
2025-03-06 17:50:00+00:00,489.2300109863281,489.2900085449219,488.4700012207031,488.55999755859375,393606
2025-03-06 17:55:00+00:00,490.3299865722656,490.8399963378906,489.1300048828125,489.2200012207031,516993
2025-03-06 18:00:00+00:00,489.94000244140625,490.5873107910156,489.55010986328125,490.260009765625,335173
2025-03-06 18:05:00+00:00,489.6524963378906,490.43829345703125,489.4464111328125,489.8599853515625,398168
2025-03-06 18:10:00+00:00,490.0902099609375,490.1600036621094,489.1499938964844,489.75,333695
2025-03-06 18:15:00+00:00,490.7950134277344,490.9462890625,490.05999755859375,490.05999755859375,346079
2025-03-06 18:20:00+00:00,490.7900085449219,491.20001220703125,490.3711853027344,490.7799987792969,330011
2025-03-06 18:25:00+00:00,489.42999267578125,491.0400085449219,489.2200012207031,490.7699890136719,451395
2025-03-06 18:30:00+00:00,489.45001220703125,490.1188049316406,489.0516052246094,489.4599914550781,341707
2025-03-06 18:35:00+00:00,488.0199890136719,489.7196044921875,487.9599914550781,489.42999267578125,595525
2025-03-06 18:40:00+00:00,487.8299865722656,488.0,487.1600036621094,487.989990234375,846621
2025-03-06 18:45:00+00:00,488.489990234375,488.989990234375,487.6099853515625,487.82000732421875,464572
2025-03-06 18:50:00+00:00,489.0899963378906,489.57861328125,488.4714050292969,488.5115051269531,312684
2025-03-06 18:55:00+00:00,489.0400085449219,489.3599853515625,488.739990234375,489.07000732421875,291330
2025-03-06 19:00:00+00:00,487.599609375,489.2300109863281,487.4800109863281,489.0400085449219,593170
2025-03-06 19:05:00+00:00,488.1400146484375,488.4200134277344,487.5,487.6050109863281,706234
2025-03-06 19:10:00+00:00,487.9100036621094,488.8999938964844,487.79998779296875,488.1300048828125,382171
2025-03-06 19:15:00+00:00,487.1400146484375,488.3900146484375,486.8900146484375,487.8900146484375,496785
2025-03-06 19:20:00+00:00,487.44000244140625,487.5,486.801513671875,487.1400146484375,634860
2025-03-06 19:25:00+00:00,486.8299865722656,487.43438720703125,486.3399963378906,487.43438720703125,749976
2025-03-06 19:30:00+00:00,486.6499938964844,487.1600036621094,486.20001220703125,486.7900085449219,532336
2025-03-06 19:35:00+00:00,486.739990234375,487.2900085449219,486.3699951171875,486.6400146484375,382364
2025-03-06 19:40:00+00:00,487.6000061035156,488.05999755859375,486.6099853515625,486.7085876464844,508646
2025-03-06 19:45:00+00:00,489.9700012207031,490.4100036621094,487.5400085449219,487.5899963378906,1070994
2025-03-06 19:50:00+00:00,490.0799865722656,491.1700134277344,489.7200012207031,490.0,1015033
2025-03-06 19:55:00+00:00,487.3399963378906,490.1101989746094,487.1600036621094,490.07000732421875,1018801
2025-03-06 20:00:00+00:00,488.4599914550781,488.7200012207031,486.79998779296875,487.3399963378906,712697
2025-03-06 20:05:00+00:00,488.5249938964844,489.45001220703125,488.1400146484375,488.42999267578125,694480
2025-03-06 20:10:00+00:00,489.2300109863281,489.32000732421875,488.17999267578125,488.5,424264
2025-03-06 20:15:00+00:00,489.1600036621094,489.75,488.4700012207031,489.2099914550781,327054
2025-03-06 20:20:00+00:00,487.40008544921875,489.44000244140625,486.9599914550781,489.0899963378906,523637
2025-03-06 20:25:00+00:00,488.67999267578125,488.885009765625,487.2099914550781,487.42498779296875,437080
2025-03-06 20:30:00+00:00,488.5199890136719,489.8695983886719,488.45001220703125,488.70001220703125,594586
2025-03-06 20:35:00+00:00,488.1758117675781,489.5199890136719,488.1000061035156,488.54998779296875,441266
2025-03-06 20:40:00+00:00,487.41009521484375,488.3699951171875,487.25,488.1600036621094,804413
2025-03-06 20:45:00+00:00,488.3699951171875,488.3699951171875,487.0899963378906,487.3699951171875,809628
2025-03-06 20:50:00+00:00,488.8599853515625,488.8999938964844,487.7900085449219,488.3900146484375,865338
2025-03-06 20:55:00+00:00,488.32000732421875,488.989990234375,487.7900085449219,488.8900146484375,2645940
2025-03-07 14:30:00+00:00,488.760009765625,488.7699890136719,487.1199951171875,487.8800048828125,3899975
2025-03-07 14:35:00+00:00,488.489990234375,489.3299865722656,487.07000732421875,488.72119140625,806907
2025-03-07 14:40:00+00:00,489.92999267578125,490.8999938964844,488.3299865722656,488.510009765625,1021678
2025-03-07 14:45:00+00:00,491.0400085449219,491.4599914550781,489.7900085449219,489.8550109863281,971233
2025-03-07 14:50:00+00:00,491.6199951171875,492.07000732421875,490.42999267578125,491.0299987792969,1012387
2025-03-07 14:55:00+00:00,489.7200012207031,492.1791076660156,489.6300048828125,491.69989013671875,784169
2025-03-07 15:00:00+00:00,490.2401123046875,490.6600036621094,488.302001953125,489.70001220703125,727880
2025-03-07 15:05:00+00:00,490.5199890136719,490.9750061035156,489.6499938964844,490.2099914550781,495048
2025-03-07 15:10:00+00:00,489.1600036621094,490.7200012207031,488.8699951171875,490.4200134277344,450742
2025-03-07 15:15:00+00:00,488.2799987792969,489.17999267578125,487.57000732421875,489.05999755859375,584097
2025-03-07 15:20:00+00:00,489.05999755859375,489.5199890136719,487.8399963378906,488.2099914550781,599623
2025-03-07 15:25:00+00:00,487.7349853515625,489.0299987792969,487.3599853515625,489.0,477033
2025-03-07 15:30:00+00:00,485.1499938964844,487.70001220703125,484.54998779296875,487.69000244140625,1301989
2025-03-07 15:35:00+00:00,484.40008544921875,485.17999267578125,484.07000732421875,485.1098937988281,1176058
2025-03-07 15:40:00+00:00,485.0350036621094,485.285400390625,483.57000732421875,484.4314880371094,769966
2025-03-07 15:45:00+00:00,487.2980041503906,488.3900146484375,484.67999267578125,485.0199890136719,1111607
2025-03-07 15:50:00+00:00,487.0098876953125,487.760009765625,485.7987976074219,487.2500915527344,880920
2025-03-07 15:55:00+00:00,486.7499084472656,487.4599914550781,486.0710144042969,486.9200134277344,394127
2025-03-07 16:00:00+00:00,486.0299987792969,486.8799133300781,485.44000244140625,486.68499755859375,417902
2025-03-07 16:05:00+00:00,486.29998779296875,487.1099853515625,485.54998779296875,485.9400939941406,410892
2025-03-07 16:10:00+00:00,485.92999267578125,486.5799865722656,485.57000732421875,486.29998779296875,219778
2025-03-07 16:15:00+00:00,484.45001220703125,486.0899963378906,484.29998779296875,486.04998779296875,418126
2025-03-07 16:20:00+00:00,484.125,484.75,483.8699951171875,484.4700012207031,605684
2025-03-07 16:25:00+00:00,483.1499938964844,484.17999267578125,482.8299865722656,484.07000732421875,786832
2025-03-07 16:30:00+00:00,482.8800048828125,483.4800109863281,482.6499938964844,483.17999267578125,739678
2025-03-07 16:35:00+00:00,482.2900085449219,483.0899963378906,482.0400085449219,482.9700012207031,1190036
2025-03-07 16:40:00+00:00,482.1709899902344,482.32000732421875,481.1099853515625,482.2099914550781,1019764
2025-03-07 16:45:00+00:00,481.6700134277344,482.4599914550781,481.1400146484375,482.05999755859375,530264
2025-03-07 16:50:00+00:00,481.5400085449219,481.80999755859375,480.5299987792969,481.69000244140625,1245806
2025-03-07 16:55:00+00:00,482.1625061035156,482.29998779296875,481.1499938964844,481.5400085449219,725133
2025-03-07 17:00:00+00:00,482.5400085449219,483.75,482.0899963378906,482.2200012207031,858072
2025-03-07 17:05:00+00:00,481.59991455078125,483.07000732421875,481.22119140625,482.57000732421875,669922
2025-03-07 17:10:00+00:00,481.9049987792969,482.17999267578125,480.7950134277344,481.6499938964844,551101
2025-03-07 17:15:00+00:00,481.1499938964844,482.1000061035156,480.7300109863281,482.04998779296875,374575
2025-03-07 17:20:00+00:00,482.6099853515625,482.739990234375,481.1099853515625,481.2099914550781,350056
2025-03-07 17:25:00+00:00,483.25,483.2799987792969,482.2981872558594,482.67999267578125,338357
2025-03-07 17:30:00+00:00,484.7200012207031,484.7900085449219,482.6000061035156,483.2232971191406,620806
2025-03-07 17:35:00+00:00,484.44000244140625,485.44000244140625,484.05999755859375,484.69000244140625,619729
2025-03-07 17:40:00+00:00,486.3599853515625,486.489990234375,484.2699890136719,484.3900146484375,476098
2025-03-07 17:45:00+00:00,486.3399963378906,487.3999938964844,485.9400939941406,486.42999267578125,708743
2025-03-07 17:50:00+00:00,488.1300048828125,488.1600036621094,486.16119384765625,486.3699951171875,602671
2025-03-07 17:55:00+00:00,484.9599914550781,488.3223876953125,484.440185546875,488.1300048828125,846916
2025-03-07 18:00:00+00:00,487.97900390625,488.0650939941406,484.94000244140625,485.0,598795
2025-03-07 18:05:00+00:00,487.8599853515625,489.1499938964844,487.7799987792969,487.92999267578125,687977
2025-03-07 18:10:00+00:00,488.3699951171875,488.54998779296875,486.6700134277344,487.8500061035156,542876
2025-03-07 18:15:00+00:00,488.7099914550781,488.760009765625,487.9800109863281,488.42999267578125,384529
2025-03-07 18:20:00+00:00,487.5400085449219,489.3500061035156,487.3500061035156,488.6300048828125,625936
2025-03-07 18:25:00+00:00,487.6099853515625,488.1499938964844,487.239990234375,487.5,326768
2025-03-07 18:30:00+00:00,488.05999755859375,488.4800109863281,487.2900085449219,487.6499938964844,225406
2025-03-07 18:35:00+00:00,489.7056884765625,489.8399963378906,487.8900146484375,488.1300048828125,521754
2025-03-07 18:40:00+00:00,489.3599853515625,490.17999267578125,488.5799865722656,489.7084045410156,547968
2025-03-07 18:45:00+00:00,489.6400146484375,490.2300109863281,489.239990234375,489.3599853515625,408657
2025-03-07 18:50:00+00:00,490.4599914550781,490.6199951171875,489.3999938964844,489.7699890136719,343107
2025-03-07 18:55:00+00:00,490.4490051269531,490.5799865722656,489.7099914550781,490.4700012207031,560777
2025-03-07 19:00:00+00:00,490.8599853515625,491.3500061035156,490.25,490.45001220703125,807186
2025-03-07 19:05:00+00:00,489.3223876953125,490.8999938964844,489.2699890136719,490.8399963378906,572397
2025-03-07 19:10:00+00:00,490.3800048828125,490.67999267578125,489.30999755859375,489.42999267578125,335683
2025-03-07 19:15:00+00:00,491.32000732421875,491.3752136230469,490.260009765625,490.42999267578125,420170
2025-03-07 19:20:00+00:00,492.8399963378906,492.8699951171875,491.2799987792969,491.2799987792969,667079
2025-03-07 19:25:00+00:00,492.44000244140625,492.9100036621094,491.6099853515625,492.7900085449219,520080
2025-03-07 19:30:00+00:00,492.44000244140625,492.9700012207031,492.0199890136719,492.4700012207031,441247
2025-03-07 19:35:00+00:00,492.4200134277344,492.8900146484375,491.4798889160156,492.4100036621094,516937
2025-03-07 19:40:00+00:00,491.3299865722656,492.6000061035156,491.0199890136719,492.4800109863281,645642
2025-03-07 19:45:00+00:00,490.55999755859375,491.3399963378906,490.4200134277344,491.30999755859375,529963
2025-03-07 19:50:00+00:00,491.0098876953125,491.20001220703125,490.3299865722656,490.6000061035156,332131
2025-03-07 19:55:00+00:00,491.0400085449219,491.5393981933594,490.7699890136719,491.02099609375,579594
2025-03-07 20:00:00+00:00,490.8500061035156,491.32000732421875,490.5199890136719,491.0199890136719,297464
2025-03-07 20:05:00+00:00,492.17840576171875,492.2301025390625,490.8699951171875,490.88580322265625,468169
2025-03-07 20:10:00+00:00,491.70001220703125,492.5,491.57000732421875,492.1700134277344,499048
2025-03-07 20:15:00+00:00,492.19000244140625,492.40399169921875,490.4800109863281,491.70001220703125,449891
2025-03-07 20:20:00+00:00,491.3500061035156,492.2699890136719,491.0350036621094,492.2200012207031,326032
2025-03-07 20:25:00+00:00,491.81500244140625,492.04998779296875,491.2300109863281,491.3550109863281,253090
2025-03-07 20:30:00+00:00,491.92999267578125,492.1199951171875,491.05999755859375,491.79998779296875,501459
2025-03-07 20:35:00+00:00,489.7601013183594,492.0,489.3299865722656,491.9599914550781,625687
2025-03-07 20:40:00+00:00,490.43939208984375,490.510009765625,488.7300109863281,489.75,683055
2025-03-07 20:45:00+00:00,491.67999267578125,491.716796875,490.25,490.4200134277344,511711
2025-03-07 20:50:00+00:00,492.3500061035156,492.3800048828125,490.55999755859375,491.6199951171875,777860
2025-03-07 20:55:00+00:00,491.80999755859375,493.2699890136719,491.67999267578125,492.3900146484375,1905921
2025-03-10 13:30:00+00:00,481.92999267578125,483.8599853515625,481.20001220703125,483.45001220703125,3369388
2025-03-10 13:35:00+00:00,482.45599365234375,482.9200134277344,481.6700134277344,481.92999267578125,1010861
2025-03-10 13:40:00+00:00,483.5362854003906,483.9700012207031,482.04998779296875,482.4800109863281,845732
2025-03-10 13:45:00+00:00,482.4801025390625,483.8699951171875,481.94000244140625,483.5299987792969,791372
2025-03-10 13:50:00+00:00,480.6805114746094,483.07000732421875,480.20001220703125,482.45001220703125,1345987
2025-03-10 13:55:00+00:00,481.25,482.1700134277344,480.7196044921875,480.7200012207031,706266
2025-03-10 14:00:00+00:00,479.2598876953125,481.25,478.8599853515625,481.25,1180433
2025-03-10 14:05:00+00:00,479.1099853515625,479.94000244140625,478.9100036621094,479.260009765625,733622
2025-03-10 14:10:00+00:00,479.57000732421875,480.0,478.7300109863281,479.2152099609375,821769
2025-03-10 14:15:00+00:00,478.8800048828125,480.239990234375,478.4700012207031,479.5199890136719,830590
2025-03-10 14:20:00+00:00,479.44000244140625,479.7200012207031,477.9800109863281,478.989990234375,732878
2025-03-10 14:25:00+00:00,478.29998779296875,479.6099853515625,478.1600036621094,479.4100036621094,567737
2025-03-10 14:30:00+00:00,477.55999755859375,478.9849853515625,477.25,478.30999755859375,1125825
2025-03-10 14:35:00+00:00,478.010009765625,478.70001220703125,477.2200012207031,477.54998779296875,1067872
2025-03-10 14:40:00+00:00,477.1549987792969,478.1099853515625,477.05999755859375,477.90008544921875,854502
2025-03-10 14:45:00+00:00,477.0199890136719,477.760009765625,476.3800048828125,477.0899963378906,861017
2025-03-10 14:50:00+00:00,475.6300964355469,477.1600036621094,475.5,477.1099853515625,798851
2025-03-10 14:55:00+00:00,475.5799865722656,475.760009765625,474.7149963378906,475.67999267578125,1550772
2025-03-10 15:00:00+00:00,475.94000244140625,476.5199890136719,475.3999938964844,475.5400085449219,998169
2025-03-10 15:05:00+00:00,476.8324890136719,476.95001220703125,475.6650085449219,475.80999755859375,818241
2025-03-10 15:10:00+00:00,476.8299865722656,477.07501220703125,476.2200012207031,476.8299865722656,977277
2025-03-10 15:15:00+00:00,475.9200134277344,477.0199890136719,475.8042907714844,476.80999755859375,554700
2025-03-10 15:20:00+00:00,476.9725036621094,477.4700012207031,475.7099914550781,475.9200134277344,960948
2025-03-10 15:25:00+00:00,477.45001220703125,477.5,476.7300109863281,476.9400939941406,357514
2025-03-10 15:30:00+00:00,478.32000732421875,478.6300048828125,477.364990234375,477.45001220703125,753968
2025-03-10 15:35:00+00:00,478.2799987792969,479.13720703125,478.010009765625,478.32000732421875,696964
2025-03-10 15:40:00+00:00,476.739990234375,478.4389953613281,476.3500061035156,478.2300109863281,994302
2025-03-10 15:45:00+00:00,477.9200134277344,478.135009765625,476.70001220703125,476.75,483694
2025-03-10 15:50:00+00:00,477.2200012207031,477.95001220703125,476.94000244140625,477.8599853515625,414863
2025-03-10 15:55:00+00:00,476.34619140625,477.2950134277344,476.0400085449219,477.19000244140625,466013
2025-03-10 16:00:00+00:00,475.95001220703125,477.1000061035156,475.8811950683594,476.32000732421875,476814
2025-03-10 16:05:00+00:00,475.8901062011719,476.3800048828125,475.6600036621094,475.9450988769531,339253
2025-03-10 16:10:00+00:00,476.7900085449219,476.8699951171875,475.9190979003906,475.9190979003906,322751
2025-03-10 16:15:00+00:00,475.3999938964844,476.9053039550781,475.17999267578125,476.82000732421875,575117
2025-03-10 16:20:00+00:00,475.42999267578125,475.57000732421875,474.7699890136719,475.3900146484375,460767
2025-03-10 16:25:00+00:00,476.1499938964844,476.1700134277344,475.20001220703125,475.4100036621094,374563
2025-03-10 16:30:00+00:00,477.44500732421875,477.5899963378906,475.8728942871094,476.1499938964844,534144
2025-03-10 16:35:00+00:00,475.1199951171875,477.44500732421875,475.0899963378906,477.44000244140625,654376
2025-03-10 16:40:00+00:00,475.04998779296875,475.6600036621094,475.0,475.1199951171875,484315
2025-03-10 16:45:00+00:00,475.3900146484375,475.87908935546875,475.0400085449219,475.0799865722656,360550
2025-03-10 16:50:00+00:00,475.67999267578125,476.0799865722656,475.2099914550781,475.44000244140625,479004
2025-03-10 16:55:00+00:00,475.2449951171875,476.2099914550781,475.2300109863281,475.6300048828125,452600
2025-03-10 17:00:00+00:00,474.1600036621094,475.3999938964844,474.0400085449219,475.25,800141
2025-03-10 17:05:00+00:00,473.80999755859375,474.54998779296875,473.7701110839844,474.1099853515625,1051071
2025-03-10 17:10:00+00:00,474.19000244140625,474.239990234375,473.1099853515625,473.7950134277344,918732
2025-03-10 17:15:00+00:00,474.5400085449219,474.760009765625,474.00299072265625,474.1650085449219,649920
2025-03-10 17:20:00+00:00,475.1600036621094,475.4800109863281,474.42999267578125,474.5509948730469,497445
2025-03-10 17:25:00+00:00,474.3699951171875,475.1300048828125,474.1499938964844,475.05999755859375,490519
2025-03-10 17:30:00+00:00,473.7200012207031,474.489990234375,473.6099853515625,474.3699951171875,708374
2025-03-10 17:35:00+00:00,473.3900146484375,474.0400085449219,472.7300109863281,473.6700134277344,756930
2025-03-10 17:40:00+00:00,473.04998779296875,473.57000732421875,473.04998779296875,473.4200134277344,490889
2025-03-10 17:45:00+00:00,472.7799072265625,473.760009765625,472.4703063964844,473.0400085449219,1340787
2025-03-10 17:50:00+00:00,473.42999267578125,473.4599914550781,472.32000732421875,472.7900085449219,652498
2025-03-10 17:55:00+00:00,472.7850036621094,473.5299987792969,472.70001220703125,473.42999267578125,486666
2025-03-10 18:00:00+00:00,472.4599914550781,473.0,472.3399963378906,472.7900085449219,748690
2025-03-10 18:05:00+00:00,472.3900146484375,472.54998779296875,471.7200012207031,472.489990234375,1169941
2025-03-10 18:10:00+00:00,473.0350036621094,474.1400146484375,472.42999267578125,472.56640625,1105181
2025-03-10 18:15:00+00:00,472.7262878417969,473.67999267578125,472.6300048828125,473.05010986328125,474217
2025-03-10 18:20:00+00:00,472.8664855957031,473.239990234375,472.57000732421875,472.73150634765625,268983
2025-03-10 18:25:00+00:00,472.55999755859375,473.0400085449219,472.1000061035156,472.8349914550781,472686
2025-03-10 18:30:00+00:00,472.79998779296875,473.3999938964844,472.55999755859375,472.55999755859375,720901
2025-03-10 18:35:00+00:00,472.29998779296875,472.8599853515625,472.1600036621094,472.760009765625,776638
2025-03-10 18:40:00+00:00,472.2200012207031,472.4700012207031,471.6000061035156,472.2200012207031,853876
2025-03-10 18:45:00+00:00,472.0199890136719,472.42999267578125,471.9599914550781,472.2300109863281,472213
2025-03-10 18:50:00+00:00,471.2701110839844,472.3999938964844,471.239990234375,472.0469970703125,529924
2025-03-10 18:55:00+00:00,470.2699890136719,471.34698486328125,470.04998779296875,471.3399963378906,776099
2025-03-10 19:00:00+00:00,469.88690185546875,470.94000244140625,469.3999938964844,470.2300109863281,982244
2025-03-10 19:05:00+00:00,468.8414001464844,470.2300109863281,468.7200012207031,469.82000732421875,1228797
2025-03-10 19:10:00+00:00,470.4649963378906,470.54998779296875,468.6600036621094,468.8800048828125,1344392
2025-03-10 19:15:00+00:00,471.7900085449219,471.9100036621094,470.2799987792969,470.45001220703125,1118950
2025-03-10 19:20:00+00:00,472.8800048828125,473.0299987792969,471.5799865722656,471.8149108886719,914794
2025-03-10 19:25:00+00:00,472.6300048828125,474.20001220703125,472.5,472.92498779296875,1515066
2025-03-10 19:30:00+00:00,475.010009765625,475.2300109863281,472.5199890136719,472.54998779296875,1249345
2025-03-10 19:35:00+00:00,474.4100036621094,475.45001220703125,473.30999755859375,474.989990234375,1389334
2025-03-10 19:40:00+00:00,471.6784973144531,474.5616149902344,471.6199951171875,474.3399963378906,1100969
2025-03-10 19:45:00+00:00,472.8699951171875,473.25,471.6400146484375,471.6400146484375,1162331
2025-03-10 19:50:00+00:00,472.489990234375,473.94000244140625,471.739990234375,472.8500061035156,1958929
2025-03-10 19:55:00+00:00,473.29998779296875,473.8900146484375,472.2900085449219,472.489990234375,4372420
2025-03-11 13:30:00+00:00,472.3800048828125,473.2900085449219,471.4914855957031,472.1600036621094,3647336
2025-03-11 13:35:00+00:00,475.2181091308594,475.2900085449219,471.79998779296875,472.3399963378906,1499878
2025-03-11 13:40:00+00:00,475.1099853515625,475.5299987792969,473.75,475.1000061035156,1002613
2025-03-11 13:45:00+00:00,476.43121337890625,476.5400085449219,474.0,475.1600036621094,1364077
2025-03-11 13:50:00+00:00,474.76019287109375,476.69000244140625,474.3800048828125,476.3575134277344,848260
2025-03-11 13:55:00+00:00,474.7250061035156,475.5400085449219,474.42999267578125,474.80499267578125,595329
2025-03-11 14:00:00+00:00,471.489990234375,476.6400146484375,470.760009765625,474.7900085449219,2306832
2025-03-11 14:05:00+00:00,474.8999938964844,475.1700134277344,471.3500061035156,471.4750061035156,1368352
2025-03-11 14:10:00+00:00,472.9100036621094,475.0899963378906,472.4700012207031,474.9100036621094,823685
2025-03-11 14:15:00+00:00,473.14019775390625,473.8900146484375,471.8599853515625,472.82000732421875,691535
2025-03-11 14:20:00+00:00,471.5096130371094,473.54998779296875,471.0,473.1000061035156,651487
2025-03-11 14:25:00+00:00,469.9200134277344,471.69000244140625,469.75,471.5899963378906,1256372
2025-03-11 14:30:00+00:00,470.1700134277344,471.44000244140625,469.8500061035156,469.94000244140625,735557
2025-03-11 14:35:00+00:00,469.17999267578125,471.0799865722656,468.6499938964844,470.19000244140625,1197201
2025-03-11 14:40:00+00:00,470.090087890625,470.7099914550781,468.54998779296875,469.1650085449219,1017631
2025-03-11 14:45:00+00:00,469.510009765625,471.0400085449219,468.9324951171875,470.07000732421875,777663
2025-03-11 14:50:00+00:00,472.0799865722656,472.2301940917969,469.1099853515625,469.4800109863281,837018
2025-03-11 14:55:00+00:00,469.70880126953125,472.07861328125,469.5899963378906,472.0,682370
2025-03-11 15:00:00+00:00,470.00799560546875,471.2099914550781,469.07000732421875,469.6300048828125,705626
2025-03-11 15:05:00+00:00,473.4750061035156,473.6600036621094,469.95001220703125,469.9800109863281,1060978
2025-03-11 15:10:00+00:00,473.3599853515625,474.44000244140625,472.6803894042969,473.4599914550781,967883
2025-03-11 15:15:00+00:00,473.5824890136719,474.22479248046875,473.06500244140625,473.3999938964844,571130
2025-03-11 15:20:00+00:00,472.4200134277344,473.9200134277344,472.1549987792969,473.5387878417969,710309
2025-03-11 15:25:00+00:00,472.5745849609375,473.8399963378906,472.3299865722656,472.3299865722656,597477
2025-03-11 15:30:00+00:00,473.7626037597656,474.20001220703125,472.2200012207031,472.5299987792969,492745
2025-03-11 15:35:00+00:00,473.8800048828125,474.0,472.510009765625,473.67999267578125,466889
2025-03-11 15:40:00+00:00,474.67999267578125,475.3299865722656,473.8349914550781,473.95001220703125,797785
2025-03-11 15:45:00+00:00,474.44000244140625,474.8800048828125,473.3800048828125,474.5950012207031,673356
2025-03-11 15:50:00+00:00,474.2799987792969,474.7200012207031,473.55999755859375,474.3900146484375,438363
2025-03-11 15:55:00+00:00,472.3999938964844,474.44439697265625,472.1700134277344,474.2799987792969,904663
2025-03-11 16:00:00+00:00,472.2049865722656,472.9700012207031,471.6499938964844,472.3699951171875,647056
2025-03-11 16:05:00+00:00,471.17999267578125,472.4200134277344,470.94000244140625,472.1549987792969,717458
2025-03-11 16:10:00+00:00,470.4200134277344,471.2951965332031,470.260009765625,471.25,623452
2025-03-11 16:15:00+00:00,471.0199890136719,471.1700134277344,470.30499267578125,470.3999938964844,466050
2025-03-11 16:20:00+00:00,471.5299072265625,472.0,470.8599853515625,471.0299987792969,427652
2025-03-11 16:25:00+00:00,471.42999267578125,472.25,471.3599853515625,471.56500244140625,399736
2025-03-11 16:30:00+00:00,472.15460205078125,472.3699951171875,471.4100036621094,471.6099853515625,988563
2025-03-11 16:35:00+00:00,471.2099914550781,472.6400146484375,471.0400085449219,472.1000061035156,508380
2025-03-11 16:40:00+00:00,470.9100036621094,472.1300048828125,470.32000732421875,471.25,374783
2025-03-11 16:45:00+00:00,471.33990478515625,471.5199890136719,470.6700134277344,470.9599914550781,266662
2025-03-11 16:50:00+00:00,470.20001220703125,471.6300048828125,469.6400146484375,471.29998779296875,378421
2025-03-11 16:55:00+00:00,469.9849853515625,470.6499938964844,469.32000732421875,470.1400146484375,461802
2025-03-11 17:00:00+00:00,469.22100830078125,470.1000061035156,468.9912109375,469.93499755859375,481610
2025-03-11 17:05:00+00:00,469.3500061035156,469.6300048828125,468.8699951171875,469.2298889160156,421539
2025-03-11 17:10:00+00:00,469.010009765625,469.6799011230469,468.8299865722656,469.3500061035156,460765
2025-03-11 17:15:00+00:00,469.1400146484375,469.8999938964844,468.7200012207031,469.04998779296875,544077
2025-03-11 17:20:00+00:00,468.0600891113281,469.42999267578125,467.4599914550781,469.0899963378906,801909
2025-03-11 17:25:00+00:00,467.2099914550781,468.2699890136719,467.1300048828125,468.0950012207031,1153531
2025-03-11 17:30:00+00:00,467.6199951171875,468.42999267578125,467.010009765625,467.1199951171875,798058
2025-03-11 17:35:00+00:00,468.0799865722656,468.17999267578125,467.2099914550781,467.6300048828125,481542
2025-03-11 17:40:00+00:00,469.3100891113281,469.3500061035156,468.0899963378906,468.17999267578125,538502
2025-03-11 17:45:00+00:00,470.42999267578125,470.9700012207031,469.0299987792969,469.32000732421875,683461
2025-03-11 17:50:00+00:00,470.42999267578125,471.0542907714844,469.760009765625,470.3699951171875,407709
2025-03-11 17:55:00+00:00,469.989990234375,470.5199890136719,468.8599853515625,470.4700012207031,743451
2025-03-11 18:00:00+00:00,472.32000732421875,472.8526916503906,469.8699951171875,470.010009765625,963540
2025-03-11 18:05:00+00:00,472.67498779296875,473.32000732421875,471.6600036621094,472.3450012207031,918677
2025-03-11 18:10:00+00:00,473.86151123046875,473.9599914550781,472.7099914550781,472.7099914550781,698195
2025-03-11 18:15:00+00:00,473.760009765625,473.95001220703125,473.0199890136719,473.8800048828125,562514
2025-03-11 18:20:00+00:00,474.5003967285156,475.3900146484375,473.3699951171875,473.7550048828125,677334
2025-03-11 18:25:00+00:00,474.4700012207031,474.9800109863281,473.8900146484375,474.489990234375,503944
2025-03-11 18:30:00+00:00,473.8800048828125,474.67999267578125,473.3500061035156,474.4599914550781,529213
2025-03-11 18:35:00+00:00,474.8599853515625,474.96099853515625,473.510009765625,473.9100036621094,342918
2025-03-11 18:40:00+00:00,476.6600036621094,476.8900146484375,474.6499938964844,474.8900146484375,1125992
2025-03-11 18:45:00+00:00,477.260009765625,477.3299865722656,476.2099914550781,476.67999267578125,1124377
2025-03-11 18:50:00+00:00,478.1499938964844,478.80499267578125,477.07000732421875,477.2799987792969,1344570
2025-03-11 18:55:00+00:00,477.6400146484375,478.239990234375,477.1199951171875,478.1700134277344,1097639
2025-03-11 19:00:00+00:00,476.7900085449219,477.7749938964844,475.6700134277344,477.7099914550781,1122626
2025-03-11 19:05:00+00:00,477.78070068359375,478.5849914550781,476.82000732421875,476.9100036621094,1013186
2025-03-11 19:10:00+00:00,476.1400146484375,477.80999755859375,476.0400085449219,477.7699890136719,770900
2025-03-11 19:15:00+00:00,475.6199951171875,476.17999267578125,475.04998779296875,476.1700134277344,750786
2025-03-11 19:20:00+00:00,474.44000244140625,476.8299865722656,474.39080810546875,475.6099853515625,936874
2025-03-11 19:25:00+00:00,475.4800109863281,476.1499938964844,474.3500061035156,474.54998779296875,570371
2025-03-11 19:30:00+00:00,474.9100036621094,475.8900146484375,474.7744140625,475.5299987792969,470953
2025-03-11 19:35:00+00:00,474.760009765625,475.8699951171875,474.5,474.9700012207031,576689
2025-03-11 19:40:00+00:00,475.1596984863281,475.2300109863281,473.92498779296875,474.760009765625,547525
2025-03-11 19:45:00+00:00,475.7049865722656,475.7900085449219,474.4100036621094,475.1000061035156,510932
2025-03-11 19:50:00+00:00,473.625,475.6499938964844,472.9100036621094,475.6499938964844,1409045
2025-03-11 19:55:00+00:00,471.6700134277344,473.8699951171875,471.6099853515625,473.6499938964844,2321157
2025-03-12 13:30:00+00:00,480.07000732421875,480.989990234375,478.55999755859375,479.1600036621094,5208478
2025-03-12 13:35:00+00:00,480.7850036621094,480.8800048828125,479.2799987792969,480.1091003417969,988287
2025-03-12 13:40:00+00:00,478.8699951171875,481.05999755859375,478.42999267578125,480.8299865722656,1080348
2025-03-12 13:45:00+00:00,478.3982849121094,480.03021240234375,477.6600036621094,478.9200134277344,1063616
2025-03-12 13:50:00+00:00,477.7799987792969,479.8599853515625,477.739990234375,478.42999267578125,1063275
2025-03-12 13:55:00+00:00,477.8349914550781,478.1400146484375,476.5400085449219,477.80999755859375,1081785
2025-03-12 14:00:00+00:00,478.2200012207031,478.4599914550781,476.3299865722656,477.80999755859375,1129890
2025-03-12 14:05:00+00:00,479.3500061035156,479.510009765625,478.1400146484375,478.20001220703125,581977
2025-03-12 14:10:00+00:00,477.75,479.79998779296875,477.5509948730469,479.3599853515625,682305
2025-03-12 14:15:00+00:00,477.54998779296875,477.8299865722656,476.4840087890625,477.8299865722656,629132
2025-03-12 14:20:00+00:00,477.0899963378906,478.2699890136719,476.4700012207031,477.55999755859375,661149
2025-03-12 14:25:00+00:00,477.54998779296875,478.2349853515625,476.9200134277344,477.17999267578125,341950
2025-03-12 14:30:00+00:00,475.6000061035156,477.85931396484375,475.32000732421875,477.57000732421875,642900
2025-03-12 14:35:00+00:00,475.28009033203125,476.1300048828125,475.1199951171875,475.6000061035156,473372
2025-03-12 14:40:00+00:00,474.82000732421875,475.5498962402344,474.3800048828125,475.30499267578125,532166
2025-03-12 14:45:00+00:00,474.69000244140625,475.4100036621094,474.45001220703125,474.79998779296875,464419
2025-03-12 14:50:00+00:00,475.8699951171875,476.0199890136719,474.42999267578125,474.75970458984375,533244
2025-03-12 14:55:00+00:00,473.7300109863281,475.864990234375,473.643798828125,475.864990234375,516567
2025-03-12 15:00:00+00:00,472.8999938964844,474.0400085449219,472.6512145996094,473.7449951171875,671547
2025-03-12 15:05:00+00:00,472.60150146484375,473.19000244140625,471.7950134277344,472.9100036621094,710029
2025-03-12 15:10:00+00:00,472.7799987792969,473.2090148925781,472.260009765625,472.7200012207031,508042
2025-03-12 15:15:00+00:00,473.82000732421875,474.20001220703125,472.25201416015625,472.79998779296875,787801
2025-03-12 15:20:00+00:00,474.42999267578125,474.8800048828125,473.2200012207031,473.75,459411
2025-03-12 15:25:00+00:00,474.92498779296875,475.4100036621094,474.25,474.489990234375,630572
2025-03-12 15:30:00+00:00,475.0896911621094,475.8299865722656,474.6199951171875,474.9800109863281,429232
2025-03-12 15:35:00+00:00,476.05999755859375,476.4100036621094,475.0799865722656,475.1400146484375,380477
2025-03-12 15:40:00+00:00,476.2294921875,476.5400085449219,475.70001220703125,476.0799865722656,517137
2025-03-12 15:45:00+00:00,477.010009765625,477.1499938964844,475.8599853515625,476.239990234375,838433
2025-03-12 15:50:00+00:00,477.3500061035156,477.5,476.82000732421875,477.010009765625,354951
2025-03-12 15:55:00+00:00,477.5899963378906,477.70001220703125,476.07000732421875,477.3399963378906,587432
2025-03-12 16:00:00+00:00,476.9700012207031,477.6098937988281,476.4599914550781,477.6098937988281,432486
2025-03-12 16:05:00+00:00,477.989990234375,478.260009765625,476.8349914550781,477.0,318143
2025-03-12 16:10:00+00:00,478.8299865722656,479.0,477.45001220703125,478.0299987792969,703125
2025-03-12 16:15:00+00:00,478.7550048828125,478.9599914550781,478.1000061035156,478.8245849609375,318917
2025-03-12 16:20:00+00:00,479.06500244140625,479.2900085449219,478.739990234375,478.75,361758
2025-03-12 16:25:00+00:00,478.7099914550781,479.2200927734375,478.2300109863281,478.9800109863281,401885
2025-03-12 16:30:00+00:00,479.4800109863281,479.5199890136719,478.7601013183594,478.80999755859375,265587
2025-03-12 16:35:00+00:00,479.0849914550781,479.8900146484375,479.0299987792969,479.5199890136719,367952
2025-03-12 16:40:00+00:00,477.2698974609375,479.07000732421875,477.0,479.07000732421875,676987
2025-03-12 16:45:00+00:00,479.1199951171875,479.2455139160156,477.0950012207031,477.260009765625,516359
2025-03-12 16:50:00+00:00,478.94000244140625,479.54010009765625,478.1603088378906,479.2099914550781,355308
2025-03-12 16:55:00+00:00,477.44000244140625,479.1700134277344,477.3999938964844,479.07000732421875,229045
2025-03-12 17:00:00+00:00,477.53009033203125,477.8900146484375,477.04998779296875,477.4599914550781,578524
2025-03-12 17:05:00+00:00,478.2367858886719,478.25,476.840087890625,477.5400085449219,290488
2025-03-12 17:10:00+00:00,478.55999755859375,478.57879638671875,477.6600036621094,478.2099914550781,276880
2025-03-12 17:15:00+00:00,478.4599914550781,478.7850036621094,477.92120361328125,478.4599914550781,195834
2025-03-12 17:20:00+00:00,479.1300048828125,479.2699890136719,478.3599853515625,478.5299987792969,220913
2025-03-12 17:25:00+00:00,479.25,479.3299865722656,478.6000061035156,479.04998779296875,259292
2025-03-12 17:30:00+00:00,478.94000244140625,479.69000244140625,478.6400146484375,479.20001220703125,325646
2025-03-12 17:35:00+00:00,478.5899963378906,479.30999755859375,478.5,478.9464111328125,194349
2025-03-12 17:40:00+00:00,478.2349853515625,478.9653015136719,478.19000244140625,478.5400085449219,134052
2025-03-12 17:45:00+00:00,477.9049987792969,478.8349914550781,477.8299865722656,478.2099914550781,212577
2025-03-12 17:50:00+00:00,476.80999755859375,478.010009765625,476.6099853515625,477.9599914550781,431961
2025-03-12 17:55:00+00:00,475.32000732421875,476.8500061035156,475.2799987792969,476.7799987792969,516390
2025-03-12 18:00:00+00:00,476.2200012207031,476.9800109863281,475.1499938964844,475.3299865722656,606362
2025-03-12 18:05:00+00:00,475.82501220703125,476.2950134277344,475.510009765625,476.2049865722656,313285
2025-03-12 18:10:00+00:00,476.8800048828125,477.0299987792969,475.8299865722656,475.8299865722656,376003
2025-03-12 18:15:00+00:00,477.25,477.28009033203125,476.67999267578125,476.8299865722656,250501
2025-03-12 18:20:00+00:00,477.0845947265625,477.5899963378906,476.60150146484375,477.2550048828125,475657
2025-03-12 18:25:00+00:00,477.7900085449219,477.79998779296875,476.8999938964844,477.1199951171875,239938
2025-03-12 18:30:00+00:00,477.9247131347656,478.0893859863281,477.3599853515625,477.8599853515625,225951
2025-03-12 18:35:00+00:00,477.9924011230469,478.0668029785156,477.4599914550781,477.989990234375,210074
2025-03-12 18:40:00+00:00,478.6477966308594,478.7300109863281,477.9200134277344,478.0011901855469,202507
2025-03-12 18:45:00+00:00,479.1953125,479.3900146484375,478.5199890136719,478.55999755859375,328247
2025-03-12 18:50:00+00:00,478.4800109863281,479.17999267578125,478.1099853515625,479.1600036621094,483974
2025-03-12 18:55:00+00:00,478.7160949707031,478.94000244140625,477.7500915527344,478.3500061035156,297285
2025-03-12 19:00:00+00:00,478.07000732421875,478.67999267578125,477.5002136230469,478.6026916503906,325150
2025-03-12 19:05:00+00:00,478.1499938964844,478.260009765625,477.5299987792969,478.04998779296875,335255
2025-03-12 19:10:00+00:00,477.94000244140625,478.29998779296875,477.75,478.1400146484375,193694
2025-03-12 19:15:00+00:00,478.0,478.1700134277344,477.0299987792969,477.9100036621094,708492
2025-03-12 19:20:00+00:00,477.19000244140625,478.2090148925781,476.57000732421875,478.0201110839844,442763
2025-03-12 19:25:00+00:00,477.2699890136719,477.7900085449219,477.1050109863281,477.2149963378906,357616
2025-03-12 19:30:00+00:00,477.3299865722656,477.94000244140625,477.1499938964844,477.29998779296875,259049
2025-03-12 19:35:00+00:00,476.67999267578125,477.3349914550781,476.260009765625,477.2900085449219,498864
2025-03-12 19:40:00+00:00,476.6000061035156,476.81500244140625,475.92999267578125,476.7463073730469,454429
2025-03-12 19:45:00+00:00,477.19000244140625,477.30999755859375,476.5,476.6449890136719,504550
2025-03-12 19:50:00+00:00,477.3599853515625,477.54998779296875,475.7099914550781,477.17999267578125,850894
2025-03-12 19:55:00+00:00,477.0799865722656,477.989990234375,476.989990234375,477.3450012207031,1597993
2025-03-13 13:30:00+00:00,475.9700012207031,476.28009033203125,474.75,476.1499938964844,2573067
2025-03-13 13:35:00+00:00,475.4700012207031,476.1300048828125,474.25,476.0400085449219,570051
2025-03-13 13:40:00+00:00,473.8229064941406,475.94000244140625,473.79541015625,475.3599853515625,596230
2025-03-13 13:45:00+00:00,474.15289306640625,474.6300048828125,473.4700012207031,473.79998779296875,647511
2025-03-13 13:50:00+00:00,472.1499938964844,474.6600036621094,471.8299865722656,474.0801086425781,946329
2025-03-13 13:55:00+00:00,471.2200012207031,472.4700012207031,470.55999755859375,472.1199951171875,1023645
2025-03-13 14:00:00+00:00,472.04119873046875,472.57000732421875,470.1700134277344,471.1300048828125,950305
2025-03-13 14:05:00+00:00,472.7900085449219,473.260009765625,472.03009033203125,472.0899963378906,611540
2025-03-13 14:10:00+00:00,473.94000244140625,473.9800109863281,471.92999267578125,472.8500061035156,735460
2025-03-13 14:15:00+00:00,475.010009765625,475.19000244140625,473.67999267578125,473.9599914550781,610086
2025-03-13 14:20:00+00:00,475.514404296875,475.56610107421875,474.3999938964844,474.9750061035156,531442
2025-03-13 14:25:00+00:00,473.8599853515625,476.1499938964844,473.7449951171875,475.54998779296875,576995
2025-03-13 14:30:00+00:00,474.1129150390625,475.1737976074219,473.739990234375,473.9800109863281,424561
2025-03-13 14:35:00+00:00,473.13970947265625,474.4700012207031,472.760009765625,474.05499267578125,589935
2025-03-13 14:40:00+00:00,472.760009765625,473.2799987792969,472.239990234375,473.1300048828125,522039
2025-03-13 14:45:00+00:00,472.518798828125,473.3399963378906,472.0801086425781,472.68499755859375,359136
2025-03-13 14:50:00+00:00,473.5400085449219,474.25,472.45001220703125,472.5299987792969,796976
2025-03-13 14:55:00+00:00,472.5899963378906,473.57000732421875,472.25,473.4849853515625,448167
2025-03-13 15:00:00+00:00,473.5,473.79998779296875,472.6600036621094,472.6600036621094,638775
2025-03-13 15:05:00+00:00,471.75,473.8699951171875,471.5199890136719,473.4800109863281,567868
2025-03-13 15:10:00+00:00,471.5199890136719,472.2300109863281,471.2200012207031,471.8699951171875,691378
2025-03-13 15:15:00+00:00,471.8800964355469,471.95001220703125,471.0799865722656,471.510009765625,313721
2025-03-13 15:20:00+00:00,471.7799987792969,471.8900146484375,471.1499938964844,471.7699890136719,423551
2025-03-13 15:25:00+00:00,470.94500732421875,472.0899963378906,470.67999267578125,471.7799987792969,628587
2025-03-13 15:30:00+00:00,471.0450134277344,471.5400085449219,470.760009765625,470.9100036621094,256546
2025-03-13 15:35:00+00:00,469.5400085449219,471.0299987792969,469.2200012207031,471.0299987792969,754319
2025-03-13 15:40:00+00:00,470.9750061035156,471.80999755859375,469.0602111816406,469.510009765625,1109123
2025-03-13 15:45:00+00:00,471.1495056152344,471.3900146484375,470.239990234375,470.9599914550781,433333
2025-03-13 15:50:00+00:00,469.8074951171875,471.20001220703125,469.739990234375,471.20001220703125,356000
2025-03-13 15:55:00+00:00,469.5,470.07000732421875,469.30999755859375,469.8399963378906,409314
2025-03-13 16:00:00+00:00,470.2799987792969,470.45001220703125,469.28009033203125,469.5199890136719,488263
2025-03-13 16:05:00+00:00,470.7149963378906,470.92999267578125,469.4800109863281,470.2900085449219,396465
2025-03-13 16:10:00+00:00,469.7659912109375,470.7099914550781,469.7099914550781,470.6000061035156,332037
2025-03-13 16:15:00+00:00,469.9100036621094,470.12908935546875,469.5,469.7699890136719,195024
2025-03-13 16:20:00+00:00,469.614990234375,470.2300109863281,469.5799865722656,469.94000244140625,320002
2025-03-13 16:25:00+00:00,469.6700134277344,470.010009765625,469.29998779296875,469.6300048828125,272352
2025-03-13 16:30:00+00:00,471.0,471.05999755859375,469.2099914550781,469.6499938964844,459624
2025-03-13 16:35:00+00:00,471.5950927734375,471.7799987792969,470.489990234375,470.9599914550781,333914
2025-03-13 16:40:00+00:00,470.19000244140625,471.8019104003906,470.04998779296875,471.6698913574219,380988
2025-03-13 16:45:00+00:00,468.8299865722656,470.4200134277344,468.17120361328125,470.1300048828125,852762
2025-03-13 16:50:00+00:00,469.0199890136719,469.83990478515625,468.4200134277344,468.8599853515625,505443
2025-03-13 16:55:00+00:00,469.29998779296875,469.3500061035156,468.6300048828125,469.0050048828125,425361
2025-03-13 17:00:00+00:00,469.3869934082031,469.4599914550781,468.55999755859375,469.2699890136719,480460
2025-03-13 17:05:00+00:00,468.6700134277344,469.8900146484375,468.5199890136719,469.45001220703125,265433
2025-03-13 17:10:00+00:00,468.0199890136719,468.7799987792969,467.7200012207031,468.6600036621094,562404
2025-03-13 17:15:00+00:00,466.93499755859375,468.0249938964844,466.6700134277344,468.0249938964844,503082
2025-03-13 17:20:00+00:00,467.2900085449219,467.80999755859375,466.8599853515625,466.93499755859375,354476
2025-03-13 17:25:00+00:00,467.6300048828125,467.79998779296875,467.1000061035156,467.2449951171875,343305
2025-03-13 17:30:00+00:00,466.9700012207031,467.75,466.8699951171875,467.55999755859375,405667
2025-03-13 17:35:00+00:00,466.9237060546875,467.3299865722656,466.75,466.9100036621094,256910
2025-03-13 17:40:00+00:00,466.67999267578125,467.45001220703125,466.6099853515625,466.95001220703125,303049
2025-03-13 17:45:00+00:00,466.7699890136719,466.9700012207031,466.42999267578125,466.70001220703125,315602
2025-03-13 17:50:00+00:00,467.7799987792969,467.8399963378906,466.67999267578125,466.79998779296875,446633
2025-03-13 17:55:00+00:00,466.94000244140625,467.760009765625,466.760009765625,467.7099914550781,428797
2025-03-13 18:00:00+00:00,468.3584899902344,468.6300048828125,466.8500061035156,466.9200134277344,563678
2025-03-13 18:05:00+00:00,468.71051025390625,469.139404296875,468.1400146484375,468.3800048828125,458073
2025-03-13 18:10:00+00:00,469.92498779296875,470.19000244140625,468.6099853515625,468.7300109863281,491073
2025-03-13 18:15:00+00:00,469.1700134277344,469.95001220703125,468.8900146484375,469.94000244140625,361555
2025-03-13 18:20:00+00:00,469.80999755859375,469.9700012207031,468.9601135253906,469.1000061035156,268820
2025-03-13 18:25:00+00:00,470.2699890136719,470.2699890136719,469.5199890136719,469.8399963378906,323514
2025-03-13 18:30:00+00:00,470.1099853515625,470.739990234375,469.69000244140625,470.2699890136719,293545
2025-03-13 18:35:00+00:00,470.7701110839844,470.9700012207031,470.1099853515625,470.1499938964844,373897
2025-03-13 18:40:00+00:00,471.29998779296875,471.4100036621094,470.4537048339844,470.67498779296875,245999
2025-03-13 18:45:00+00:00,471.260009765625,471.4599914550781,470.7200012207031,471.29998779296875,286833
2025-03-13 18:50:00+00:00,470.6099853515625,471.42999267578125,469.9100036621094,471.3034973144531,547916
2025-03-13 18:55:00+00:00,471.1300048828125,471.2229919433594,470.2701110839844,470.55999755859375,286015
2025-03-13 19:00:00+00:00,470.75421142578125,471.9200134277344,470.6037902832031,471.1000061035156,500658
2025-03-13 19:05:00+00:00,469.82000732421875,470.76251220703125,469.4200134277344,470.739990234375,464839
2025-03-13 19:10:00+00:00,469.9599914550781,470.2699890136719,469.489990234375,469.7900085449219,285792
2025-03-13 19:15:00+00:00,470.239990234375,470.38800048828125,469.7601013183594,470.07000732421875,393386
2025-03-13 19:20:00+00:00,469.739990234375,470.20001220703125,469.6000061035156,470.20001220703125,258886
2025-03-13 19:25:00+00:00,468.6300048828125,469.7699890136719,468.0799865722656,469.75518798828125,886750
2025-03-13 19:30:00+00:00,468.9700012207031,469.1449890136719,468.1258850097656,468.6199951171875,453092
2025-03-13 19:35:00+00:00,467.32000732421875,468.9700012207031,467.32000732421875,468.8900146484375,920423
2025-03-13 19:40:00+00:00,467.7799987792969,468.0899963378906,467.20001220703125,467.3599853515625,609957
2025-03-13 19:45:00+00:00,467.8699951171875,468.1785888671875,467.3399963378906,467.80999755859375,572520
2025-03-13 19:50:00+00:00,467.7200012207031,467.8999938964844,466.7900085449219,467.82000732421875,1062822
2025-03-13 19:55:00+00:00,468.3500061035156,468.4700012207031,467.5899963378906,467.7200012207031,2386470
2025-03-14 13:30:00+00:00,475.5451965332031,475.7200012207031,473.4607849121094,473.7099914550781,2500956
2025-03-14 13:35:00+00:00,476.57501220703125,477.0400085449219,475.32000732421875,475.5199890136719,1100687
2025-03-14 13:40:00+00:00,476.44140625,476.7699890136719,475.7799987792969,476.58099365234375,896571
2025-03-14 13:45:00+00:00,476.93499755859375,477.1000061035156,476.1199951171875,476.5,972663
2025-03-14 13:50:00+00:00,477.1947937011719,477.510009765625,476.4200134277344,476.989990234375,675215
2025-03-14 13:55:00+00:00,475.739990234375,477.19000244140625,475.4762878417969,477.19000244140625,791239
2025-03-14 14:00:00+00:00,475.3399963378906,475.69000244140625,473.1199951171875,475.69000244140625,1578768
2025-03-14 14:05:00+00:00,474.5658874511719,476.5849914550781,474.5658874511719,475.2900085449219,860603
2025-03-14 14:10:00+00:00,474.1578063964844,475.2099914550781,473.67999267578125,474.6600036621094,632834
2025-03-14 14:15:00+00:00,474.4800109863281,474.69610595703125,473.95001220703125,474.010009765625,535858
2025-03-14 14:20:00+00:00,474.989990234375,475.125,473.2950134277344,474.4750061035156,729888
2025-03-14 14:25:00+00:00,474.0299987792969,475.1195068359375,473.6499938964844,475.07000732421875,527821
2025-03-14 14:30:00+00:00,474.5299987792969,474.8800048828125,473.92999267578125,474.010009765625,548195
2025-03-14 14:35:00+00:00,475.7900085449219,475.8699951171875,473.8399963378906,474.6000061035156,737181
2025-03-14 14:40:00+00:00,475.7900085449219,476.08050537109375,474.94000244140625,475.7502136230469,380607
2025-03-14 14:45:00+00:00,476.125,476.5199890136719,475.760009765625,475.8500061035156,405466
2025-03-14 14:50:00+00:00,476.1000061035156,476.59991455078125,476.0400085449219,476.1449890136719,360655
2025-03-14 14:55:00+00:00,477.2900085449219,477.2900085449219,475.6603088378906,476.1116027832031,387561
2025-03-14 15:00:00+00:00,477.8699951171875,478.010009765625,477.29998779296875,477.29998779296875,534448
2025-03-14 15:05:00+00:00,477.32000732421875,478.0,477.2099914550781,477.8738098144531,407688
2025-03-14 15:10:00+00:00,477.3998107910156,477.8999938964844,476.8399963378906,477.260009765625,554563
2025-03-14 15:15:00+00:00,478.1400146484375,478.1700134277344,477.3999938964844,477.4100036621094,344394
2025-03-14 15:20:00+00:00,478.2699890136719,478.6050109863281,477.95001220703125,478.1499938964844,423479
2025-03-14 15:25:00+00:00,478.12750244140625,478.4700012207031,477.7699890136719,478.30010986328125,302575
2025-03-14 15:30:00+00:00,478.5899963378906,478.80999755859375,478.0299987792969,478.1499938964844,346644
2025-03-14 15:35:00+00:00,479.0400085449219,479.0599060058594,478.4700012207031,478.5849914550781,652779
2025-03-14 15:40:00+00:00,479.42010498046875,479.4700012207031,478.92010498046875,479.05999755859375,1123518
2025-03-14 15:45:00+00:00,478.75,479.54998779296875,478.29681396484375,479.3999938964844,585845
2025-03-14 15:50:00+00:00,478.8299865722656,478.8900146484375,478.2099914550781,478.760009765625,560498
2025-03-14 15:55:00+00:00,478.9849853515625,479.2300109863281,478.5299987792969,478.80999755859375,480118
2025-03-14 16:00:00+00:00,478.6300048828125,479.25,478.6300048828125,479.0,281975
2025-03-14 16:05:00+00:00,478.19000244140625,478.7685852050781,478.1000061035156,478.6000061035156,214919
2025-03-14 16:10:00+00:00,477.9800109863281,478.29998779296875,477.7099914550781,478.1979064941406,349477
2025-03-14 16:15:00+00:00,477.8299865722656,478.17999267578125,477.4100036621094,477.94000244140625,334481
2025-03-14 16:20:00+00:00,478.239990234375,478.5199890136719,477.8399963378906,477.8800048828125,263042
2025-03-14 16:25:00+00:00,477.3900146484375,478.4100036621094,477.2409973144531,478.17498779296875,216805
2025-03-14 16:30:00+00:00,477.8346862792969,477.86761474609375,477.16009521484375,477.4100036621094,187913
2025-03-14 16:35:00+00:00,478.3297119140625,478.92999267578125,477.8599853515625,477.8800048828125,848677
2025-03-14 16:40:00+00:00,478.93499755859375,479.0400085449219,478.3599853515625,478.3599853515625,189417
2025-03-14 16:45:00+00:00,479.0,479.0,478.6398010253906,478.95001220703125,156520
2025-03-14 16:50:00+00:00,479.43499755859375,479.6400146484375,478.92999267578125,479.04998779296875,330070
2025-03-14 16:55:00+00:00,479.17999267578125,479.54998779296875,479.0600891113281,479.45001220703125,152831
2025-03-14 17:00:00+00:00,478.8550109863281,479.6700134277344,478.5400085449219,479.17999267578125,574015
2025-03-14 17:05:00+00:00,479.2900085449219,479.510009765625,478.7550048828125,478.9200134277344,239326
2025-03-14 17:10:00+00:00,478.8399963378906,479.3691101074219,478.7099914550781,479.32000732421875,169555
2025-03-14 17:15:00+00:00,478.75,479.34979248046875,478.6596984863281,478.82000732421875,160500
2025-03-14 17:20:00+00:00,478.6199951171875,479.260009765625,478.5400085449219,478.6700134277344,151150
2025-03-14 17:25:00+00:00,478.3299865722656,478.92388916015625,478.05999755859375,478.6499938964844,331829
2025-03-14 17:30:00+00:00,477.94378662109375,478.7997131347656,477.7950134277344,478.32000732421875,244691
2025-03-14 17:35:00+00:00,478.29998779296875,478.45001220703125,477.57501220703125,478.010009765625,325784
2025-03-14 17:40:00+00:00,477.7900085449219,478.3299865722656,477.7300109863281,478.2972106933594,377277
2025-03-14 17:45:00+00:00,477.80999755859375,477.9800109863281,477.5199890136719,477.760009765625,327178
2025-03-14 17:50:00+00:00,478.4599914550781,478.55999755859375,477.760009765625,477.7868957519531,332543
2025-03-14 17:55:00+00:00,477.75,478.5,477.6700134277344,478.4100036621094,427198
2025-03-14 18:00:00+00:00,478.5249938964844,478.54998779296875,477.760009765625,477.760009765625,243910
2025-03-14 18:05:00+00:00,478.4200134277344,478.80999755859375,478.2300109863281,478.510009765625,283871
2025-03-14 18:10:00+00:00,477.8699951171875,478.6300048828125,477.7799987792969,478.3599853515625,193495
2025-03-14 18:15:00+00:00,477.8299865722656,478.0899963378906,477.6499938964844,477.9100036621094,327598
2025-03-14 18:20:00+00:00,477.4400939941406,478.0199890136719,477.3500061035156,477.79998779296875,215907
2025-03-14 18:25:00+00:00,477.8399963378906,478.0899963378906,477.4200134277344,477.44000244140625,483553
2025-03-14 18:30:00+00:00,478.6199951171875,478.6499938964844,477.8500061035156,477.8599853515625,704561
2025-03-14 18:35:00+00:00,479.19268798828125,479.2049865722656,478.3399963378906,478.57000732421875,343465
2025-03-14 18:40:00+00:00,479.1630859375,479.32000732421875,478.760009765625,479.19000244140625,167540
2025-03-14 18:45:00+00:00,479.1549987792969,479.5430908203125,479.1199951171875,479.17999267578125,222899
2025-03-14 18:50:00+00:00,478.94000244140625,479.29998779296875,478.7764892578125,479.1600036621094,227318
2025-03-14 18:55:00+00:00,478.8500061035156,479.0498962402344,478.306396484375,478.94000244140625,254217
2025-03-14 19:00:00+00:00,479.1300048828125,479.1700134277344,478.5700988769531,478.7799987792969,261350
2025-03-14 19:05:00+00:00,479.375,479.5557861328125,479.0212097167969,479.1300048828125,271271
2025-03-14 19:10:00+00:00,479.7349853515625,479.7900085449219,479.0906982421875,479.3699951171875,647288
2025-03-14 19:15:00+00:00,479.30999755859375,479.7799987792969,479.1600036621094,479.739990234375,437189
2025-03-14 19:20:00+00:00,479.1600036621094,479.45001220703125,478.7699890136719,479.3399963378906,446814
2025-03-14 19:25:00+00:00,478.7132873535156,479.3299865722656,478.6199951171875,479.1600036621094,304634
2025-03-14 19:30:00+00:00,479.1000061035156,479.2300109863281,478.7200012207031,478.7300109863281,244131
2025-03-14 19:35:00+00:00,478.54998779296875,479.1000061035156,478.4901123046875,478.9800109863281,417950
2025-03-14 19:40:00+00:00,478.739990234375,478.8299865722656,478.2799987792969,478.5199890136719,430351
2025-03-14 19:45:00+00:00,479.4049987792969,479.4100036621094,478.5299987792969,478.7099914550781,598884
2025-03-14 19:50:00+00:00,480.260009765625,480.3800048828125,478.57000732421875,479.4085998535156,1265745
2025-03-14 19:55:00+00:00,479.6499938964844,480.55999755859375,479.6099853515625,480.260009765625,3317431
2025-03-17 13:30:00+00:00,480.94000244140625,480.989990234375,479.17999267578125,479.6600036621094,2946166
2025-03-17 13:35:00+00:00,482.6099853515625,482.69000244140625,480.69000244140625,480.92999267578125,799181
2025-03-17 13:40:00+00:00,482.2799987792969,483.1400146484375,482.20001220703125,482.6300048828125,614387
2025-03-17 13:45:00+00:00,480.79998779296875,482.5899963378906,480.6000061035156,482.2650146484375,725562
2025-03-17 13:50:00+00:00,482.1637878417969,482.3599853515625,480.2300109863281,480.80999755859375,653033
2025-03-17 13:55:00+00:00,481.6954040527344,482.42498779296875,481.3399963378906,482.20001220703125,295394
2025-03-17 14:00:00+00:00,480.57000732421875,481.760009765625,480.05120849609375,481.7099914550781,630439
2025-03-17 14:05:00+00:00,481.2699890136719,481.6700134277344,480.1199951171875,480.6000061035156,587393
2025-03-17 14:10:00+00:00,482.1449890136719,482.3599853515625,480.91009521484375,481.1000061035156,387476
2025-03-17 14:15:00+00:00,481.739990234375,482.30999755859375,481.2699890136719,482.239990234375,302700
2025-03-17 14:20:00+00:00,481.45001220703125,482.11480712890625,481.25,481.760009765625,401878
2025-03-17 14:25:00+00:00,479.9599914550781,481.8949890136719,479.8837890625,481.5199890136719,492911
2025-03-17 14:30:00+00:00,479.7314147949219,480.3445129394531,479.3299865722656,479.95001220703125,494446
2025-03-17 14:35:00+00:00,480.4800109863281,480.6000061035156,478.9599914550781,479.7799987792969,517643
2025-03-17 14:40:00+00:00,480.79998779296875,480.9549865722656,480.051513671875,480.4800109863281,277014
2025-03-17 14:45:00+00:00,480.7049865722656,480.8999938964844,480.1400146484375,480.760009765625,334690
2025-03-17 14:50:00+00:00,479.69000244140625,480.7699890136719,479.5899963378906,480.7699890136719,267655
2025-03-17 14:55:00+00:00,479.19000244140625,479.6700134277344,478.8340148925781,479.6700134277344,335315
2025-03-17 15:00:00+00:00,478.7300109863281,479.78570556640625,478.4200134277344,479.239990234375,824623
2025-03-17 15:05:00+00:00,478.9999084472656,479.1099853515625,478.4637145996094,478.7300109863281,351186
2025-03-17 15:10:00+00:00,479.5085144042969,479.6099853515625,478.5799865722656,479.0400085449219,327125
2025-03-17 15:15:00+00:00,480.2200012207031,480.2799987792969,479.0199890136719,479.57000732421875,296429
2025-03-17 15:20:00+00:00,479.9399108886719,480.3399963378906,479.80999755859375,480.193603515625,163959
2025-03-17 15:25:00+00:00,479.1050109863281,480.04998779296875,478.97119140625,479.8900146484375,264545
2025-03-17 15:30:00+00:00,478.23199462890625,479.45001220703125,477.79998779296875,479.0799865722656,347545
2025-03-17 15:35:00+00:00,478.30999755859375,478.8689880371094,478.04998779296875,478.1700134277344,419874
2025-03-17 15:40:00+00:00,478.385009765625,478.5799865722656,477.95001220703125,478.3210144042969,192393
2025-03-17 15:45:00+00:00,479.0899963378906,479.1438903808594,478.25,478.3900146484375,209792
2025-03-17 15:50:00+00:00,479.42498779296875,479.5299987792969,478.760009765625,479.0899963378906,237435
2025-03-17 15:55:00+00:00,479.0846862792969,479.5400085449219,478.8599853515625,479.45001220703125,218693
2025-03-17 16:00:00+00:00,479.3450012207031,479.4100036621094,478.489990234375,479.07000732421875,194011
2025-03-17 16:05:00+00:00,480.19000244140625,480.3999938964844,479.3548889160156,479.3599853515625,299477
2025-03-17 16:10:00+00:00,480.2698974609375,480.6099853515625,479.9700012207031,480.2699890136719,180026
2025-03-17 16:15:00+00:00,479.67999267578125,480.3999938964844,479.510009765625,480.260986328125,165537
2025-03-17 16:20:00+00:00,479.0799865722656,479.7200012207031,478.7699890136719,479.6700134277344,250029
2025-03-17 16:25:00+00:00,478.739990234375,479.3500061035156,478.5799865722656,479.1050109863281,164838
2025-03-17 16:30:00+00:00,479.0964050292969,479.260009765625,478.67999267578125,478.79998779296875,177828
2025-03-17 16:35:00+00:00,479.3599853515625,479.8099060058594,478.9664001464844,479.1099853515625,256646
2025-03-17 16:40:00+00:00,478.8399963378906,479.3500061035156,478.510009765625,479.3500061035156,231235
2025-03-17 16:45:00+00:00,479.29998779296875,479.409912109375,478.44000244140625,478.8699951171875,164551
2025-03-17 16:50:00+00:00,479.7099914550781,479.7900085449219,478.95001220703125,479.3800048828125,251100
2025-03-17 16:55:00+00:00,479.5299987792969,479.8699951171875,479.2200012207031,479.7099914550781,238583
2025-03-17 17:00:00+00:00,479.0199890136719,479.6596984863281,478.8999938964844,479.42999267578125,131772
2025-03-17 17:05:00+00:00,479.74371337890625,479.96978759765625,479.04998779296875,479.07000732421875,123191
2025-03-17 17:10:00+00:00,480.05999755859375,480.1000061035156,479.5242004394531,479.84521484375,338000
2025-03-17 17:15:00+00:00,480.04998779296875,480.1700134277344,479.8299865722656,480.05999755859375,212036
2025-03-17 17:20:00+00:00,480.56500244140625,480.6300048828125,479.7099914550781,480.0249938964844,329494
2025-03-17 17:25:00+00:00,481.0150146484375,481.2300109863281,480.5199890136719,480.5400085449219,426571
2025-03-17 17:30:00+00:00,481.4071960449219,481.4071960449219,480.75201416015625,481.0299987792969,216084
2025-03-17 17:35:00+00:00,481.940185546875,482.0799865722656,481.27301025390625,481.44000244140625,512148
2025-03-17 17:40:00+00:00,482.3500061035156,482.5799865722656,481.95001220703125,481.95001220703125,283123
2025-03-17 17:45:00+00:00,482.5198974609375,482.5400085449219,481.93499755859375,482.3546142578125,302477
2025-03-17 17:50:00+00:00,482.69989013671875,482.7799987792969,482.44000244140625,482.5382995605469,284479
2025-03-17 17:55:00+00:00,482.3500061035156,482.7099914550781,482.2701110839844,482.6600036621094,192352
2025-03-17 18:00:00+00:00,482.625,483.2799987792969,482.32000732421875,482.3399963378906,715076
2025-03-17 18:05:00+00:00,483.1300048828125,483.2300109863281,482.5400085449219,482.6099853515625,715378
2025-03-17 18:10:00+00:00,483.840087890625,483.9728088378906,482.8399963378906,483.0899963378906,557150
2025-03-17 18:15:00+00:00,484.2650146484375,484.4599914550781,483.6300048828125,483.8699951171875,1962737
2025-03-17 18:20:00+00:00,484.3500061035156,484.42999267578125,483.9100036621094,484.29998779296875,609296
2025-03-17 18:25:00+00:00,484.8500061035156,484.9849853515625,484.3450012207031,484.3450012207031,612782
2025-03-17 18:30:00+00:00,485.3599853515625,485.3699951171875,484.6499938964844,484.8500061035156,581494
2025-03-17 18:35:00+00:00,485.18499755859375,485.3699951171875,484.7699890136719,485.364990234375,440512
2025-03-17 18:40:00+00:00,485.0899963378906,485.32989501953125,484.8699951171875,485.17999267578125,292592
2025-03-17 18:45:00+00:00,485.6400146484375,485.8349914550781,485.0400085449219,485.1000061035156,642161
2025-03-17 18:50:00+00:00,485.489990234375,485.8399963378906,485.4100036621094,485.6099853515625,568845
2025-03-17 18:55:00+00:00,485.3399963378906,485.81500244140625,485.30999755859375,485.489990234375,317491
2025-03-17 19:00:00+00:00,484.9949951171875,485.510009765625,484.79998779296875,485.3399963378906,791774
2025-03-17 19:05:00+00:00,484.8912048339844,485.42999267578125,484.8450012207031,485.010009765625,574434
2025-03-17 19:10:00+00:00,484.8999938964844,485.07000732421875,484.5899963378906,484.8999938964844,413494
2025-03-17 19:15:00+00:00,484.7099914550781,484.95001220703125,484.5799865722656,484.95001220703125,308704
2025-03-17 19:20:00+00:00,484.82000732421875,485.0299987792969,484.69000244140625,484.7099914550781,475997
2025-03-17 19:25:00+00:00,484.8431091308594,484.95001220703125,484.4809875488281,484.80499267578125,402311
2025-03-17 19:30:00+00:00,484.5450134277344,485.1700134277344,484.4801025390625,484.8599853515625,675185
2025-03-17 19:35:00+00:00,484.7799987792969,484.9599914550781,484.4700012207031,484.5000915527344,696554
2025-03-17 19:40:00+00:00,484.7799987792969,484.8688049316406,484.43499755859375,484.7900085449219,795053
2025-03-17 19:45:00+00:00,484.6199951171875,484.94000244140625,484.42999267578125,484.7699890136719,625231
2025-03-17 19:50:00+00:00,483.7300109863281,484.82000732421875,483.4800109863281,484.6000061035156,1107366
2025-03-17 19:55:00+00:00,482.7300109863281,483.75,482.6199951171875,483.7200012207031,2852705
2025-03-18 13:30:00+00:00,478.14520263671875,479.42999267578125,477.97979736328125,479.30999755859375,2062291
2025-03-18 13:35:00+00:00,476.6600036621094,478.1300048828125,476.3900146484375,478.1199951171875,1169018
2025-03-18 13:40:00+00:00,475.010009765625,477.17999267578125,474.9100036621094,476.6199951171875,1278742
2025-03-18 13:45:00+00:00,475.4649963378906,475.80999755859375,474.42999267578125,475.0,995187
2025-03-18 13:50:00+00:00,474.79998779296875,475.90301513671875,474.19000244140625,475.3999938964844,568568
2025-03-18 13:55:00+00:00,474.0199890136719,474.8599853515625,473.6300048828125,474.82000732421875,722885
2025-03-18 14:00:00+00:00,474.4649963378906,474.5299987792969,473.2699890136719,474.0299987792969,834893
2025-03-18 14:05:00+00:00,474.9599914550781,475.0450134277344,473.95001220703125,474.47869873046875,681578
2025-03-18 14:10:00+00:00,473.6304016113281,475.07000732421875,473.5400085449219,474.989990234375,646102
2025-03-18 14:15:00+00:00,473.67498779296875,474.17999267578125,473.19000244140625,473.7200012207031,635778
2025-03-18 14:20:00+00:00,474.62030029296875,474.7900085449219,473.6300048828125,473.7300109863281,351247
2025-03-18 14:25:00+00:00,474.7098083496094,474.8851013183594,474.1700134277344,474.635009765625,385148
2025-03-18 14:30:00+00:00,474.8699951171875,475.04998779296875,474.0,474.6600036621094,387826
2025-03-18 14:35:00+00:00,475.20001220703125,475.268798828125,474.3800048828125,474.8450012207031,475422
2025-03-18 14:40:00+00:00,474.3837890625,475.4891052246094,474.2099914550781,475.2799987792969,363418
2025-03-18 14:45:00+00:00,473.7799987792969,474.4649963378906,473.5559997558594,474.43499755859375,357685
2025-03-18 14:50:00+00:00,474.2300109863281,474.6499938964844,473.76910400390625,473.76910400390625,297696
2025-03-18 14:55:00+00:00,474.17999267578125,474.82000732421875,473.8299865722656,474.25,263468
2025-03-18 15:00:00+00:00,472.92999267578125,474.30999755859375,472.5,474.2099914550781,669320
2025-03-18 15:05:00+00:00,473.0,473.3599853515625,472.4100036621094,472.9100036621094,412519
2025-03-18 15:10:00+00:00,473.760009765625,473.8091125488281,472.80999755859375,473.0299987792969,355581
2025-03-18 15:15:00+00:00,474.04998779296875,474.04998779296875,473.3699951171875,473.6400146484375,200927
2025-03-18 15:20:00+00:00,473.7900085449219,474.1449890136719,473.4599914550781,474.04998779296875,198081
2025-03-18 15:25:00+00:00,473.94000244140625,474.57000732421875,473.8500061035156,473.8500061035156,247760
2025-03-18 15:30:00+00:00,474.14471435546875,474.4649963378906,473.67999267578125,473.94000244140625,220659
2025-03-18 15:35:00+00:00,474.5863952636719,474.67999267578125,473.95098876953125,474.1000061035156,413144
2025-03-18 15:40:00+00:00,474.05999755859375,474.70001220703125,473.7699890136719,474.67999267578125,205452
2025-03-18 15:45:00+00:00,473.8727111816406,474.4700012207031,473.7900085449219,474.0199890136719,153341
2025-03-18 15:50:00+00:00,473.5299987792969,473.875,473.4700012207031,473.8399963378906,355564
2025-03-18 15:55:00+00:00,473.69000244140625,473.8500061035156,473.0,473.5199890136719,546413
2025-03-18 16:00:00+00:00,474.3399963378906,474.489990234375,473.4800109863281,473.7300109863281,596875
2025-03-18 16:05:00+00:00,474.3599853515625,474.5799865722656,474.09478759765625,474.30999755859375,145865
2025-03-18 16:10:00+00:00,475.2200012207031,475.29998779296875,474.3399963378906,474.3752136230469,435442
2025-03-18 16:15:00+00:00,474.6462097167969,475.42999267578125,474.57000732421875,475.2699890136719,276475
2025-03-18 16:20:00+00:00,475.05999755859375,475.1000061035156,474.5799865722656,474.64990234375,202414
2025-03-18 16:25:00+00:00,475.8485107421875,475.8800048828125,474.9649963378906,475.05999755859375,347625
2025-03-18 16:30:00+00:00,475.44989013671875,475.9590148925781,475.29998779296875,475.80999755859375,416611
2025-03-18 16:35:00+00:00,475.6488037109375,475.8900146484375,475.07000732421875,475.4599914550781,203929
2025-03-18 16:40:00+00:00,474.3900146484375,475.7099914550781,474.30999755859375,475.70001220703125,261329
2025-03-18 16:45:00+00:00,474.2620849609375,474.6398010253906,474.0299987792969,474.3900146484375,321134
2025-03-18 16:50:00+00:00,474.29998779296875,474.3699035644531,473.5799865722656,474.25,226609
2025-03-18 16:55:00+00:00,475.4800109863281,475.8399963378906,474.260009765625,474.2900085449219,407747
2025-03-18 17:00:00+00:00,475.4494934082031,475.6400146484375,475.114990234375,475.44000244140625,264865
2025-03-18 17:05:00+00:00,474.8699951171875,475.4150085449219,474.30999755859375,475.3900146484375,266784
2025-03-18 17:10:00+00:00,475.68499755859375,475.8500061035156,474.55999755859375,474.8699951171875,379490
2025-03-18 17:15:00+00:00,474.5,475.79998779296875,473.57000732421875,475.7300109863281,520508
2025-03-18 17:20:00+00:00,474.84991455078125,475.318603515625,474.34381103515625,474.5249938964844,331833
2025-03-18 17:25:00+00:00,474.6614074707031,475.46881103515625,474.3399963378906,474.8699951171875,233204
2025-03-18 17:30:00+00:00,474.70001220703125,474.8887939453125,473.95001220703125,474.70001220703125,215059
2025-03-18 17:35:00+00:00,475.3800048828125,475.5199890136719,474.5299987792969,474.739990234375,293641
2025-03-18 17:40:00+00:00,474.80499267578125,475.45001220703125,474.6700134277344,475.41949462890625,446359
2025-03-18 17:45:00+00:00,475.260009765625,475.3999938964844,474.80999755859375,474.80999755859375,270465
2025-03-18 17:50:00+00:00,475.3402099609375,475.6794128417969,474.8999938964844,475.2908935546875,202918
2025-03-18 17:55:00+00:00,474.94000244140625,475.3599853515625,474.5,475.3599853515625,246527
2025-03-18 18:00:00+00:00,474.1000061035156,475.0,473.864990234375,474.9549865722656,235546
2025-03-18 18:05:00+00:00,474.4599914550781,474.5,473.8599853515625,474.0299987792969,148974
2025-03-18 18:10:00+00:00,473.73760986328125,474.3800048828125,473.70001220703125,474.3800048828125,167706
2025-03-18 18:15:00+00:00,474.31500244140625,474.3399963378906,473.67999267578125,473.72491455078125,158159
2025-03-18 18:20:00+00:00,475.0,475.2699890136719,474.0703125,474.2550048828125,244442
2025-03-18 18:25:00+00:00,474.6449890136719,475.3999938964844,474.5799865722656,475.0050048828125,1204988
2025-03-18 18:30:00+00:00,474.659912109375,475.4096984863281,474.3999938964844,474.6199951171875,482242
2025-03-18 18:35:00+00:00,475.2940979003906,475.5075988769531,474.70001220703125,474.70001220703125,173481
2025-03-18 18:40:00+00:00,474.885009765625,475.375,474.69000244140625,475.2799987792969,160267
2025-03-18 18:45:00+00:00,475.9299011230469,476.1000061035156,474.8861999511719,474.90179443359375,1117732
2025-03-18 18:50:00+00:00,475.9649963378906,476.6400146484375,475.6400146484375,475.9549865722656,588760
2025-03-18 18:55:00+00:00,475.7593078613281,476.2799072265625,475.3900146484375,475.95001220703125,404067
2025-03-18 19:00:00+00:00,475.67999267578125,475.9200134277344,475.2200927734375,475.739990234375,299029
2025-03-18 19:05:00+00:00,475.1258850097656,475.885009765625,474.95001220703125,475.7049865722656,260675
2025-03-18 19:10:00+00:00,475.30999755859375,475.44500732421875,474.76348876953125,475.1000061035156,220467
2025-03-18 19:15:00+00:00,475.4700012207031,475.6400146484375,475.05999755859375,475.2799987792969,856102
2025-03-18 19:20:00+00:00,475.2699890136719,475.8150939941406,475.1650085449219,475.4825134277344,226139
2025-03-18 19:25:00+00:00,474.875,475.3699951171875,474.3900146484375,475.2900085449219,331424
2025-03-18 19:30:00+00:00,475.0899963378906,475.3800048828125,474.75408935546875,474.8800048828125,326767
2025-03-18 19:35:00+00:00,474.3638000488281,475.1199951171875,474.3500061035156,475.1199951171875,186326
2025-03-18 19:40:00+00:00,474.4200134277344,474.85528564453125,474.10009765625,474.3622131347656,517118
2025-03-18 19:45:00+00:00,473.9549865722656,474.5799865722656,473.7099914550781,474.44989013671875,390038
2025-03-18 19:50:00+00:00,474.54998779296875,475.125,473.82501220703125,473.8299865722656,705974
2025-03-18 19:55:00+00:00,474.7099914550781,474.82000732421875,474.2799987792969,474.57000732421875,2085081
2025-03-19 13:30:00+00:00,476.3999938964844,477.4599914550781,476.3200988769531,476.80999755859375,1587716
2025-03-19 13:35:00+00:00,476.25,476.8330078125,475.8301086425781,476.4200134277344,505980
2025-03-19 13:40:00+00:00,475.32000732421875,476.6600036621094,474.8699951171875,476.4599914550781,480792
2025-03-19 13:45:00+00:00,476.6400146484375,477.0299987792969,475.260009765625,475.3299865722656,641902
2025-03-19 13:50:00+00:00,477.8500061035156,478.0,476.4103088378906,476.70001220703125,434822
2025-03-19 13:55:00+00:00,477.6199951171875,478.1300048828125,477.5299987792969,477.8500061035156,409410
2025-03-19 14:00:00+00:00,478.6300048828125,478.7200012207031,477.6199951171875,477.6199951171875,423021
2025-03-19 14:05:00+00:00,479.3706970214844,479.5,478.4700012207031,478.6199951171875,645175
2025-03-19 14:10:00+00:00,479.0557861328125,479.42620849609375,478.6099853515625,479.3699951171875,370102
2025-03-19 14:15:00+00:00,479.1199951171875,479.2300109863281,478.6600036621094,479.0799865722656,287505
2025-03-19 14:20:00+00:00,478.6250915527344,479.2898864746094,478.54998779296875,479.1700134277344,189609
2025-03-19 14:25:00+00:00,478.2699890136719,478.8450012207031,478.1099853515625,478.689697265625,250608
2025-03-19 14:30:00+00:00,478.3699951171875,478.54998779296875,477.9515075683594,478.30999755859375,200951
2025-03-19 14:35:00+00:00,478.3299865722656,478.6499938964844,478.0199890136719,478.3599853515625,288012
2025-03-19 14:40:00+00:00,477.79998779296875,478.54998779296875,477.5,478.3599853515625,201058
2025-03-19 14:45:00+00:00,477.7699890136719,477.9234924316406,477.29010009765625,477.7604064941406,350461
2025-03-19 14:50:00+00:00,477.1199951171875,477.82000732421875,477.0199890136719,477.82000732421875,192717
2025-03-19 14:55:00+00:00,477.051513671875,477.42999267578125,476.8800048828125,477.1000061035156,233016
2025-03-19 15:00:00+00:00,477.56878662109375,477.6099853515625,476.8900146484375,477.04998779296875,760929
2025-03-19 15:05:00+00:00,478.5299987792969,478.57000732421875,477.5,477.5199890136719,269801
2025-03-19 15:10:00+00:00,478.56500244140625,478.92498779296875,478.4700012207031,478.57000732421875,225497
2025-03-19 15:15:00+00:00,477.7699890136719,478.6698913574219,477.7279968261719,478.56500244140625,164805
2025-03-19 15:20:00+00:00,478.6400146484375,478.8599853515625,477.6400146484375,477.7699890136719,388488
2025-03-19 15:25:00+00:00,478.8810119628906,479.0784912109375,478.3800964355469,478.6199951171875,180397
2025-03-19 15:30:00+00:00,479.0899963378906,479.24200439453125,478.5899963378906,478.8988037109375,173282
2025-03-19 15:35:00+00:00,479.05499267578125,479.2200012207031,478.8594970703125,479.1700134277344,216577
2025-03-19 15:40:00+00:00,479.5400085449219,479.5799865722656,479.0899963378906,479.09979248046875,317895
2025-03-19 15:45:00+00:00,479.5393981933594,479.6199951171875,479.239990234375,479.5799865722656,208811
2025-03-19 15:50:00+00:00,480.1098937988281,480.3800048828125,479.5899963378906,479.5899963378906,366000
2025-03-19 15:55:00+00:00,479.96099853515625,480.3299865722656,479.7099914550781,480.1099853515625,214040
2025-03-19 16:00:00+00:00,479.7640075683594,480.12969970703125,479.7099914550781,479.9800109863281,343950
2025-03-19 16:05:00+00:00,479.9393005371094,480.3026123046875,479.68011474609375,479.7900085449219,199058
2025-03-19 16:10:00+00:00,479.3999938964844,479.95001220703125,479.29998779296875,479.8804931640625,277458
2025-03-19 16:15:00+00:00,479.3599853515625,479.4849853515625,479.1098937988281,479.4674072265625,194471
2025-03-19 16:20:00+00:00,479.4700012207031,479.70001220703125,479.1297912597656,479.3500061035156,193185
2025-03-19 16:25:00+00:00,479.68499755859375,479.7449951171875,479.25,479.42999267578125,177155
2025-03-19 16:30:00+00:00,479.260009765625,479.7300109863281,478.95001220703125,479.6199951171875,300286
2025-03-19 16:35:00+00:00,478.9599914550781,479.3399963378906,478.9100036621094,479.2349853515625,130766
2025-03-19 16:40:00+00:00,478.92999267578125,479.0299987792969,478.7200012207031,478.95001220703125,98452
2025-03-19 16:45:00+00:00,478.7250061035156,479.0299987792969,478.67999267578125,478.9599914550781,185303
2025-03-19 16:50:00+00:00,479.23040771484375,479.2900085449219,478.4599914550781,478.70001220703125,183965
2025-03-19 16:55:00+00:00,478.9208068847656,479.239990234375,478.5400085449219,479.2221984863281,161593
2025-03-19 17:00:00+00:00,478.7900085449219,479.1499938964844,478.5799865722656,478.92999267578125,113202
2025-03-19 17:05:00+00:00,478.07000732421875,478.8900146484375,477.9700012207031,478.79998779296875,175611
2025-03-19 17:10:00+00:00,477.510009765625,478.239990234375,477.4100036621094,478.0856018066406,216275
2025-03-19 17:15:00+00:00,477.67449951171875,477.8299865722656,477.20001220703125,477.5,369089
2025-03-19 17:20:00+00:00,477.67999267578125,477.8699951171875,477.5299987792969,477.6600036621094,205551
2025-03-19 17:25:00+00:00,477.30999755859375,477.75,477.2550048828125,477.6600036621094,173757
2025-03-19 17:30:00+00:00,477.44500732421875,477.45849609375,476.8500061035156,477.2799987792969,272078
2025-03-19 17:35:00+00:00,478.07000732421875,478.08990478515625,477.3999938964844,477.42999267578125,320466
2025-03-19 17:40:00+00:00,477.6099853515625,478.30999755859375,477.5199890136719,478.0589904785156,187764
2025-03-19 17:45:00+00:00,477.04998779296875,477.7388000488281,476.79010009765625,477.6199951171875,345205
2025-03-19 17:50:00+00:00,477.57989501953125,477.6899108886719,477.0150146484375,477.04998779296875,276543
2025-03-19 17:55:00+00:00,477.3699951171875,477.6400146484375,477.32049560546875,477.57000732421875,212818
2025-03-19 18:00:00+00:00,478.54998779296875,479.489990234375,476.5899963378906,477.25,1362660
2025-03-19 18:05:00+00:00,478.55999755859375,478.75,477.3671875,478.5350036621094,665353
2025-03-19 18:10:00+00:00,479.3800048828125,479.739990234375,478.5450134277344,478.5450134277344,539638
2025-03-19 18:15:00+00:00,479.54998779296875,480.17999267578125,479.4100036621094,479.4100036621094,516275
2025-03-19 18:20:00+00:00,479.389892578125,479.7699890136719,479.0050048828125,479.54119873046875,872340
2025-03-19 18:25:00+00:00,478.7712097167969,479.6400146484375,478.5799865722656,479.3599853515625,431880
2025-03-19 18:30:00+00:00,480.2799987792969,480.9299011230469,478.7699890136719,478.7699890136719,844354
2025-03-19 18:35:00+00:00,479.75,480.6499938964844,479.5,480.239990234375,615232
2025-03-19 18:40:00+00:00,481.1400146484375,481.3900146484375,479.3699951171875,479.75,783301
2025-03-19 18:45:00+00:00,480.7099914550781,481.42999267578125,480.54998779296875,481.17999267578125,506049
2025-03-19 18:50:00+00:00,481.6369934082031,482.010009765625,480.5799865722656,480.739990234375,692041
2025-03-19 18:55:00+00:00,482.539794921875,482.6050109863281,481.29998779296875,481.6499938964844,696674
2025-03-19 19:00:00+00:00,483.3299865722656,483.4700012207031,482.4200134277344,482.489990234375,875694
2025-03-19 19:05:00+00:00,484.82501220703125,485.0,483.2149963378906,483.30499267578125,1264264
2025-03-19 19:10:00+00:00,484.2300109863281,485.3299865722656,483.510009765625,484.760009765625,1253684
2025-03-19 19:15:00+00:00,483.489990234375,484.5799865722656,483.25,484.239990234375,683761
2025-03-19 19:20:00+00:00,482.49969482421875,483.5400085449219,481.8999938964844,483.5199890136719,968955
2025-03-19 19:25:00+00:00,480.864990234375,482.6798095703125,480.41009521484375,482.514404296875,953966
2025-03-19 19:30:00+00:00,481.5799865722656,482.114990234375,480.5400085449219,480.82000732421875,699933
2025-03-19 19:35:00+00:00,482.2900085449219,482.4700012207031,480.8699951171875,481.5799865722656,586957
2025-03-19 19:40:00+00:00,483.21038818359375,483.3210144042969,482.19000244140625,482.30999755859375,623661
2025-03-19 19:45:00+00:00,482.2250061035156,483.239990234375,481.8500061035156,483.239990234375,558316
2025-03-19 19:50:00+00:00,481.45001220703125,482.2200012207031,480.94000244140625,482.2099914550781,1380798
2025-03-19 19:55:00+00:00,480.7900085449219,481.3999938964844,480.3800048828125,481.3500061035156,1685415
2025-03-20 13:30:00+00:00,478.8450927734375,478.9750061035156,476.17999267578125,476.8800048828125,2686622
2025-03-20 13:35:00+00:00,479.485595703125,479.57000732421875,478.5215148925781,478.7900085449219,696772
2025-03-20 13:40:00+00:00,479.2474060058594,479.8299865722656,478.77679443359375,479.4750061035156,611424
2025-03-20 13:45:00+00:00,479.8999938964844,480.2499084472656,479.19000244140625,479.2919921875,503222
2025-03-20 13:50:00+00:00,480.114990234375,480.4100036621094,479.6400146484375,479.8431091308594,429049
2025-03-20 13:55:00+00:00,480.4200134277344,480.5899963378906,479.5,480.0,581742
2025-03-20 14:00:00+00:00,482.19000244140625,482.5,480.25,480.3999938964844,707120
2025-03-20 14:05:00+00:00,482.1600036621094,482.659912109375,481.7200012207031,482.19500732421875,549359
2025-03-20 14:10:00+00:00,482.0899963378906,482.4096984863281,481.69500732421875,482.1700134277344,355968
2025-03-20 14:15:00+00:00,482.8349914550781,483.1099853515625,481.45001220703125,482.04998779296875,630763
2025-03-20 14:20:00+00:00,483.5299987792969,483.7699890136719,482.3999938964844,482.8599853515625,446983
2025-03-20 14:25:00+00:00,483.364990234375,484.0899963378906,483.25,483.55999755859375,532395
2025-03-20 14:30:00+00:00,482.8699951171875,483.460693359375,482.8399963378906,483.3399963378906,435733
2025-03-20 14:35:00+00:00,483.5299987792969,484.1099853515625,482.6000061035156,482.9700012207031,492328
2025-03-20 14:40:00+00:00,484.20001220703125,484.42999267578125,483.3500061035156,483.5,515403
2025-03-20 14:45:00+00:00,484.2799987792969,484.5400085449219,484.05999755859375,484.2799987792969,384095
2025-03-20 14:50:00+00:00,483.6453857421875,484.2300109863281,483.2699890136719,484.2300109863281,432055
2025-03-20 14:55:00+00:00,483.07501220703125,483.7236022949219,482.8500061035156,483.6039123535156,430698
2025-03-20 15:00:00+00:00,482.6000061035156,483.2597961425781,482.2900085449219,483.0520935058594,373629
2025-03-20 15:05:00+00:00,483.3800048828125,483.4269104003906,482.310302734375,482.5799865722656,300568
2025-03-20 15:10:00+00:00,483.2737121582031,483.54998779296875,482.9700012207031,483.32000732421875,223785
2025-03-20 15:15:00+00:00,482.69000244140625,483.3741149902344,482.6199951171875,483.3299865722656,235636
2025-03-20 15:20:00+00:00,482.95001220703125,483.19000244140625,482.4200134277344,482.7200012207031,280974
2025-03-20 15:25:00+00:00,482.8299865722656,483.1000061035156,482.6199951171875,482.9241027832031,153492
2025-03-20 15:30:00+00:00,481.95001220703125,482.989990234375,481.7301025390625,482.82000732421875,347636
2025-03-20 15:35:00+00:00,482.1300048828125,482.1300048828125,481.260009765625,481.8999938964844,404179
2025-03-20 15:40:00+00:00,482.7099914550781,482.8399963378906,482.1300048828125,482.1300048828125,241980
2025-03-20 15:45:00+00:00,483.1603088378906,483.3999938964844,482.45001220703125,482.69000244140625,291321
2025-03-20 15:50:00+00:00,483.1400146484375,483.3500061035156,482.6400146484375,483.1900939941406,131299
2025-03-20 15:55:00+00:00,481.739990234375,483.0899963378906,481.6300048828125,483.0799865722656,291293
2025-03-20 16:00:00+00:00,482.0,483.0,481.4949951171875,481.7300109863281,591439
2025-03-20 16:05:00+00:00,481.5,482.239990234375,481.260009765625,482.0150146484375,266318
2025-03-20 16:10:00+00:00,481.4200134277344,481.6199951171875,480.7099914550781,481.489990234375,404455
2025-03-20 16:15:00+00:00,481.2809143066406,481.45001220703125,480.9800109863281,481.45001220703125,226187
2025-03-20 16:20:00+00:00,480.5299987792969,481.2001037597656,480.5,481.198486328125,240003
2025-03-20 16:25:00+00:00,479.2200012207031,480.7799987792969,478.95001220703125,480.5199890136719,862583
2025-03-20 16:30:00+00:00,479.30999755859375,479.885498046875,479.114990234375,479.17999267578125,471367
2025-03-20 16:35:00+00:00,480.07000732421875,480.20001220703125,479.0799865722656,479.32000732421875,372461
2025-03-20 16:40:00+00:00,479.0899963378906,480.0799865722656,478.78021240234375,480.0799865722656,287761
2025-03-20 16:45:00+00:00,478.8411865234375,479.510009765625,478.7532043457031,479.0899963378906,284738
2025-03-20 16:50:00+00:00,479.760009765625,479.82000732421875,478.7850036621094,478.8500061035156,241743
2025-03-20 16:55:00+00:00,479.1099853515625,479.989990234375,478.8999938964844,479.7699890136719,266170
2025-03-20 17:00:00+00:00,479.7300109863281,479.7699890136719,478.9800109863281,479.09991455078125,255752
2025-03-20 17:05:00+00:00,480.489990234375,480.70001220703125,479.7300109863281,479.7300109863281,567925
2025-03-20 17:10:00+00:00,480.30999755859375,480.67498779296875,479.9750061035156,480.489990234375,344312
2025-03-20 17:15:00+00:00,479.9602966308594,480.3699951171875,479.5199890136719,480.32000732421875,187810
2025-03-20 17:20:00+00:00,479.0899963378906,480.0299987792969,478.9825134277344,480.0,218810
2025-03-20 17:25:00+00:00,478.07000732421875,479.2550048828125,478.05999755859375,479.0899963378906,383305
2025-03-20 17:30:00+00:00,478.75,479.0534973144531,477.95001220703125,478.1000061035156,435477
2025-03-20 17:35:00+00:00,479.20001220703125,479.2799987792969,478.30999755859375,478.69000244140625,218682
2025-03-20 17:40:00+00:00,479.2799987792969,479.33880615234375,478.67999267578125,479.19000244140625,154303
2025-03-20 17:45:00+00:00,479.15411376953125,479.8500061035156,478.9599914550781,479.2699890136719,262652
2025-03-20 17:50:00+00:00,478.510009765625,479.2099914550781,478.5,479.1400146484375,1500228
2025-03-20 17:55:00+00:00,478.489990234375,478.67999267578125,478.17999267578125,478.5101013183594,384363
2025-03-20 18:00:00+00:00,478.8699951171875,479.0899963378906,478.4200134277344,478.54998779296875,304866
2025-03-20 18:05:00+00:00,479.0050048828125,479.2200012207031,478.739990234375,478.82000732421875,277220
2025-03-20 18:10:00+00:00,479.2001037597656,479.69000244140625,479.010009765625,479.010009765625,541776
2025-03-20 18:15:00+00:00,479.0799865722656,479.45001220703125,479.0799865722656,479.1600036621094,164069
2025-03-20 18:20:00+00:00,478.5400085449219,479.0101013183594,478.1300048828125,479.010009765625,463521
2025-03-20 18:25:00+00:00,477.5299987792969,478.6199951171875,477.43011474609375,478.5400085449219,490779
2025-03-20 18:30:00+00:00,477.3800048828125,477.6499938964844,477.239990234375,477.5,572342
2025-03-20 18:35:00+00:00,478.1700134277344,478.3399963378906,477.364990234375,477.3800048828125,485463
2025-03-20 18:40:00+00:00,477.5798034667969,478.20001220703125,477.4700012207031,478.1600036621094,452445
2025-03-20 18:45:00+00:00,478.3200988769531,478.3699951171875,477.510009765625,477.57000732421875,414819
2025-03-20 18:50:00+00:00,479.17999267578125,479.3089904785156,478.315185546875,478.3399963378906,508860
2025-03-20 18:55:00+00:00,477.7900085449219,479.30999755859375,477.6700134277344,479.239990234375,511480
2025-03-20 19:00:00+00:00,478.5,478.80999755859375,477.7200012207031,477.7799987792969,415273
2025-03-20 19:05:00+00:00,478.44000244140625,478.9150085449219,478.3599853515625,478.5087890625,187929
2025-03-20 19:10:00+00:00,478.5899963378906,478.92999267578125,478.32501220703125,478.3900146484375,258353
2025-03-20 19:15:00+00:00,479.05999755859375,479.2796936035156,478.5199890136719,478.5899963378906,249933
2025-03-20 19:20:00+00:00,479.3299865722656,479.67999267578125,479.05999755859375,479.05999755859375,768557
2025-03-20 19:25:00+00:00,478.07000732421875,479.3900146484375,478.010009765625,479.3900146484375,330837
2025-03-20 19:30:00+00:00,478.6400146484375,478.9638977050781,478.1400146484375,478.1400146484375,363667
2025-03-20 19:35:00+00:00,478.7900085449219,479.29998779296875,478.489990234375,478.510009765625,514481
2025-03-20 19:40:00+00:00,479.4798889160156,479.4800109863281,478.75,478.760009765625,326072
2025-03-20 19:45:00+00:00,480.07989501953125,480.2099914550781,479.4200134277344,479.44000244140625,686420
2025-03-20 19:50:00+00:00,479.1499938964844,480.0400085449219,478.9200134277344,480.0400085449219,512051
2025-03-20 19:55:00+00:00,479.3500061035156,480.19000244140625,479.07000732421875,479.17999267578125,1044257
2025-03-21 13:30:00+00:00,474.0400085449219,475.3999938964844,473.32000732421875,474.0625,3158678
2025-03-21 13:35:00+00:00,473.5400085449219,474.1099853515625,472.9049987792969,474.1000061035156,1002964
2025-03-21 13:40:00+00:00,474.6424865722656,475.17999267578125,473.3399963378906,473.4800109863281,734483
2025-03-21 13:45:00+00:00,475.2749938964844,475.54998779296875,474.2300109863281,474.75,614927
2025-03-21 13:50:00+00:00,475.6000061035156,476.0799865722656,474.57000732421875,475.2699890136719,815344
2025-03-21 13:55:00+00:00,475.5299987792969,476.3299865722656,475.2300109863281,475.5899963378906,618639
2025-03-21 14:00:00+00:00,475.59991455078125,475.739990234375,474.79998779296875,475.6400146484375,594469
2025-03-21 14:05:00+00:00,474.6700134277344,475.989990234375,474.5425109863281,475.6000061035156,491114
2025-03-21 14:10:00+00:00,475.4849853515625,475.5899963378906,474.2099914550781,474.7200012207031,592203
2025-03-21 14:15:00+00:00,475.6101989746094,475.94000244140625,474.989990234375,475.4649963378906,414728
2025-03-21 14:20:00+00:00,476.510009765625,476.7998962402344,475.2200012207031,475.5899963378906,418762
2025-03-21 14:25:00+00:00,476.1600036621094,476.82000732421875,476.0,476.510009765625,363310
2025-03-21 14:30:00+00:00,476.17498779296875,476.44000244140625,475.69000244140625,476.1700134277344,273743
2025-03-21 14:35:00+00:00,475.4200134277344,476.5299987792969,475.4100036621094,476.20001220703125,233710
2025-03-21 14:40:00+00:00,475.9750061035156,476.1700134277344,474.9599914550781,475.3999938964844,392919
2025-03-21 14:45:00+00:00,476.0899963378906,476.46990966796875,475.6700134277344,475.9599914550781,235644
2025-03-21 14:50:00+00:00,476.059814453125,476.32000732421875,475.5199890136719,476.1242980957031,165022
2025-03-21 14:55:00+00:00,477.3362121582031,477.3900146484375,475.99951171875,476.07000732421875,526189
2025-03-21 15:00:00+00:00,477.1387939453125,477.75,477.08209228515625,477.3800048828125,562347
2025-03-21 15:05:00+00:00,477.1600036621094,477.4674987792969,476.8999938964844,477.1099853515625,213126
2025-03-21 15:10:00+00:00,476.2991027832031,477.3489990234375,476.2699890136719,477.1199951171875,200105
2025-03-21 15:15:00+00:00,475.7200012207031,476.3999938964844,475.7200012207031,476.29998779296875,2497189
2025-03-21 15:20:00+00:00,475.56500244140625,476.0212097167969,475.4125061035156,475.7349853515625,471888
2025-03-21 15:25:00+00:00,475.5,475.7300109863281,475.3106994628906,475.6097106933594,186900
2025-03-21 15:30:00+00:00,475.79998779296875,476.25,475.3699951171875,475.4200134277344,338802
2025-03-21 15:35:00+00:00,475.6099853515625,476.0,475.5400085449219,475.739990234375,213362
2025-03-21 15:40:00+00:00,474.70001220703125,475.7409973144531,474.5899963378906,475.6099853515625,439713
2025-03-21 15:45:00+00:00,475.2598876953125,475.5862121582031,474.6199951171875,474.6499938964844,411495
2025-03-21 15:50:00+00:00,475.4649963378906,475.80999755859375,474.7699890136719,475.2767028808594,389038
2025-03-21 15:55:00+00:00,475.3399963378906,475.9700012207031,475.3399963378906,475.4700012207031,392519
2025-03-21 16:00:00+00:00,475.7099914550781,475.8900146484375,474.6199951171875,475.30999755859375,797555
2025-03-21 16:05:00+00:00,476.47021484375,476.5299987792969,475.6199951171875,475.70001220703125,224333
2025-03-21 16:10:00+00:00,477.44000244140625,477.6000061035156,476.4700012207031,476.4967956542969,415122
2025-03-21 16:15:00+00:00,478.2900085449219,478.5591125488281,477.2699890136719,477.5,445339
2025-03-21 16:20:00+00:00,478.94500732421875,479.010009765625,478.2001037597656,478.260009765625,655438
2025-03-21 16:25:00+00:00,478.489990234375,479.0799865722656,478.45001220703125,478.95001220703125,418974
2025-03-21 16:30:00+00:00,478.8800048828125,479.1499938964844,478.4200134277344,478.5299987792969,320129
2025-03-21 16:35:00+00:00,478.42498779296875,478.8800048828125,478.1199951171875,478.8599853515625,354306
2025-03-21 16:40:00+00:00,478.0400085449219,478.7349853515625,477.95001220703125,478.45001220703125,276871
2025-03-21 16:45:00+00:00,478.8599853515625,479.0439147949219,478.0899963378906,478.125,380188
2025-03-21 16:50:00+00:00,478.8699951171875,479.1499938964844,478.6000061035156,478.8599853515625,230963
2025-03-21 16:55:00+00:00,479.7300109863281,479.739990234375,478.69000244140625,478.8599853515625,354445
2025-03-21 17:00:00+00:00,479.0150146484375,479.7200012207031,478.735107421875,479.7200012207031,486472
2025-03-21 17:05:00+00:00,479.22088623046875,479.3500061035156,478.95001220703125,479.0299987792969,330462
2025-03-21 17:10:00+00:00,478.6200866699219,479.3988037109375,478.489990234375,479.2099914550781,231186
2025-03-21 17:15:00+00:00,478.1099853515625,478.739990234375,478.07000732421875,478.6099853515625,317693
2025-03-21 17:20:00+00:00,478.55999755859375,478.7298889160156,477.95001220703125,478.07000732421875,343258
2025-03-21 17:25:00+00:00,477.95001220703125,478.6487121582031,477.6600036621094,478.5450134277344,372046
2025-03-21 17:30:00+00:00,478.0799865722656,478.2099914550781,477.4700012207031,477.9700012207031,297856
2025-03-21 17:35:00+00:00,478.75,478.769287109375,478.0046081542969,478.05560302734375,194842
2025-03-21 17:40:00+00:00,478.9599914550781,479.29840087890625,478.6099853515625,478.7200012207031,416063
2025-03-21 17:45:00+00:00,479.5299987792969,479.57000732421875,478.9800109863281,479.0,522650
2025-03-21 17:50:00+00:00,479.4100036621094,479.8299865722656,479.2013854980469,479.5199890136719,451518
2025-03-21 17:55:00+00:00,478.7900085449219,479.4849853515625,478.7200012207031,479.4237060546875,253467
2025-03-21 18:00:00+00:00,479.17999267578125,479.30999755859375,478.739990234375,478.7699890136719,185993
2025-03-21 18:05:00+00:00,478.92999267578125,479.19000244140625,478.5899963378906,479.1300048828125,287866
2025-03-21 18:10:00+00:00,478.8500061035156,479.07000732421875,478.4753112792969,478.8999938964844,262130
2025-03-21 18:15:00+00:00,479.0199890136719,479.07501220703125,478.5752868652344,478.8500061035156,174275
2025-03-21 18:20:00+00:00,478.57000732421875,479.1000061035156,478.3912048339844,479.0199890136719,159118
2025-03-21 18:25:00+00:00,478.4049987792969,478.67999267578125,478.20001220703125,478.57000732421875,363018
2025-03-21 18:30:00+00:00,478.7200012207031,478.95001220703125,478.3699951171875,478.3999938964844,256537
2025-03-21 18:35:00+00:00,479.1099853515625,479.2409973144531,478.57000732421875,478.69000244140625,255803
2025-03-21 18:40:00+00:00,479.4200134277344,479.51910400390625,479.0202941894531,479.05999755859375,219612
2025-03-21 18:45:00+00:00,478.9700012207031,479.489990234375,478.6400146484375,479.3999938964844,203572
2025-03-21 18:50:00+00:00,478.739990234375,479.1199951171875,478.5273132324219,478.9599914550781,182000
2025-03-21 18:55:00+00:00,478.80999755859375,479.2366943359375,478.7699890136719,478.7699890136719,203915
2025-03-21 19:00:00+00:00,478.3800048828125,478.8399963378906,478.2001953125,478.8323059082031,630687
2025-03-21 19:05:00+00:00,478.0492858886719,478.5799865722656,477.95001220703125,478.3699951171875,322170
2025-03-21 19:10:00+00:00,478.25,478.29998779296875,477.69000244140625,478.010009765625,480888
2025-03-21 19:15:00+00:00,478.3299865722656,478.44000244140625,477.92999267578125,478.19000244140625,287070
2025-03-21 19:20:00+00:00,478.489990234375,478.6199951171875,477.7799987792969,478.30999755859375,379408
2025-03-21 19:25:00+00:00,478.3446960449219,478.5,478.03399658203125,478.4800109863281,284945
2025-03-21 19:30:00+00:00,478.32000732421875,478.55999755859375,478.20001220703125,478.3399963378906,287809
2025-03-21 19:35:00+00:00,478.5,478.79998779296875,478.1347961425781,478.3500061035156,401557
2025-03-21 19:40:00+00:00,478.55999755859375,478.6499938964844,478.1099853515625,478.49798583984375,450164
2025-03-21 19:45:00+00:00,478.6400146484375,478.9200134277344,478.4700012207031,478.5299987792969,827964
2025-03-21 19:50:00+00:00,480.07000732421875,480.17999267578125,478.6099853515625,478.6099853515625,1220088
2025-03-21 19:55:00+00:00,481.1400146484375,481.6000061035156,479.9599914550781,480.04998779296875,2858032
2025-03-24 13:30:00+00:00,487.25,488.17999267578125,487.1199951171875,487.739990234375,2837221
2025-03-24 13:35:00+00:00,488.39898681640625,488.6600036621094,487.1400146484375,487.239990234375,939025
2025-03-24 13:40:00+00:00,488.1199951171875,488.57000732421875,487.5400085449219,488.42999267578125,861153
2025-03-24 13:45:00+00:00,489.1300048828125,489.1499938964844,487.8999938964844,488.1300048828125,591828
2025-03-24 13:50:00+00:00,489.239990234375,489.44000244140625,488.9100036621094,489.1300048828125,501953
2025-03-24 13:55:00+00:00,489.17999267578125,489.7200012207031,489.07501220703125,489.2799987792969,653619
2025-03-24 14:00:00+00:00,489.1400146484375,489.5,488.9200134277344,489.17999267578125,404891
2025-03-24 14:05:00+00:00,488.3299865722656,489.239990234375,488.1499938964844,489.1600036621094,496285
2025-03-24 14:10:00+00:00,489.2099914550781,489.2699890136719,488.32000732421875,488.3599853515625,343293
2025-03-24 14:15:00+00:00,489.6099853515625,489.6700134277344,489.0899963378906,489.2200012207031,390394
2025-03-24 14:20:00+00:00,489.8599853515625,489.92999267578125,489.3612060546875,489.6199951171875,394489
2025-03-24 14:25:00+00:00,489.7107849121094,489.8599853515625,489.57000732421875,489.8299865722656,241284
2025-03-24 14:30:00+00:00,489.489990234375,489.9800109863281,489.260009765625,489.760009765625,420244
2025-03-24 14:35:00+00:00,489.29998779296875,489.7786865234375,489.239990234375,489.510009765625,334836
2025-03-24 14:40:00+00:00,489.54998779296875,489.75,489.2200012207031,489.2900085449219,222941
2025-03-24 14:45:00+00:00,490.1711120605469,490.20001220703125,489.510009765625,489.54998779296875,296023
2025-03-24 14:50:00+00:00,490.07000732421875,490.239990234375,490.010009765625,490.1789855957031,218391
2025-03-24 14:55:00+00:00,489.9700012207031,490.1199951171875,489.80999755859375,490.04998779296875,179535
2025-03-24 15:00:00+00:00,490.0799865722656,490.1300048828125,489.5350036621094,489.9967956542969,252674
2025-03-24 15:05:00+00:00,490.30499267578125,490.5199890136719,490.0199890136719,490.04998779296875,378647
2025-03-24 15:10:00+00:00,490.2200012207031,490.4599914550781,490.1099853515625,490.2974853515625,324901
2025-03-24 15:15:00+00:00,490.3900146484375,490.4700012207031,490.19000244140625,490.2300109863281,235258
2025-03-24 15:20:00+00:00,490.2349853515625,490.5,490.1659851074219,490.3700866699219,196500
2025-03-24 15:25:00+00:00,490.1099853515625,490.2900085449219,489.8699951171875,490.2699890136719,254604
2025-03-24 15:30:00+00:00,490.0899963378906,490.1400146484375,489.79998779296875,490.114990234375,212407
2025-03-24 15:35:00+00:00,489.57000732421875,490.2200012207031,489.510009765625,490.10980224609375,220887
2025-03-24 15:40:00+00:00,489.6050109863281,489.79998779296875,489.510009765625,489.55999755859375,196850
2025-03-24 15:45:00+00:00,489.5299987792969,489.8599853515625,489.5132141113281,489.6199951171875,204125
2025-03-24 15:50:00+00:00,490.0400085449219,490.1000061035156,489.5111999511719,489.54998779296875,208160
2025-03-24 15:55:00+00:00,490.1099853515625,490.1700134277344,490.0,490.0400085449219,130759
2025-03-24 16:00:00+00:00,490.2749938964844,490.31500244140625,489.9407958984375,490.1099853515625,274197
2025-03-24 16:05:00+00:00,490.5899963378906,490.7250061035156,490.2799987792969,490.2799987792969,272181
2025-03-24 16:10:00+00:00,490.4798889160156,490.5950012207031,490.2908935546875,490.5799865722656,170502
2025-03-24 16:15:00+00:00,490.1700134277344,490.5,490.1300048828125,490.4696044921875,370099
2025-03-24 16:20:00+00:00,490.5797119140625,490.5797119140625,490.1199951171875,490.19000244140625,175499
2025-03-24 16:25:00+00:00,489.69000244140625,490.55999755859375,489.6000061035156,490.54998779296875,507933
2025-03-24 16:30:00+00:00,489.7799987792969,489.9100036621094,489.37091064453125,489.760009765625,257671
2025-03-24 16:35:00+00:00,489.79998779296875,490.05999755859375,489.7099914550781,489.8399963378906,161819
2025-03-24 16:40:00+00:00,489.7596130371094,489.8299865722656,489.24560546875,489.75,145821
2025-03-24 16:45:00+00:00,490.0899963378906,490.25,489.75,489.7650146484375,175135
2025-03-24 16:50:00+00:00,489.9700012207031,490.19000244140625,489.8299865722656,490.06829833984375,100825
2025-03-24 16:55:00+00:00,489.7799072265625,490.0,489.6000061035156,489.9700012207031,128438
2025-03-24 17:00:00+00:00,489.6000061035156,489.8900146484375,489.5199890136719,489.7850036621094,163513
2025-03-24 17:05:00+00:00,489.56500244140625,489.8999938964844,489.4800109863281,489.5899963378906,219293
2025-03-24 17:10:00+00:00,489.29998779296875,489.6300048828125,489.19000244140625,489.55999755859375,184388
2025-03-24 17:15:00+00:00,489.25,489.60009765625,489.17999267578125,489.31500244140625,204390
2025-03-24 17:20:00+00:00,489.3699951171875,489.4700012207031,489.0199890136719,489.2300109863281,217490
2025-03-24 17:25:00+00:00,489.70001220703125,489.7200012207031,489.364990234375,489.3699951171875,169595
2025-03-24 17:30:00+00:00,489.8599853515625,489.9800109863281,489.6199951171875,489.7300109863281,297882
2025-03-24 17:35:00+00:00,489.95001220703125,489.989990234375,489.5299987792969,489.8349914550781,258201
2025-03-24 17:40:00+00:00,489.6449890136719,489.9565124511719,489.5,489.9549865722656,155111
2025-03-24 17:45:00+00:00,489.73638916015625,489.7900085449219,489.54998779296875,489.6600036621094,174446
2025-03-24 17:50:00+00:00,489.5899963378906,489.9700012207031,489.510009765625,489.7699890136719,160300
2025-03-24 17:55:00+00:00,489.80999755859375,489.80999755859375,489.4200134277344,489.635009765625,245450
2025-03-24 18:00:00+00:00,489.2300109863281,489.8699951171875,489.010009765625,489.82000732421875,231889
2025-03-24 18:05:00+00:00,489.4599914550781,489.6300048828125,489.2300109863281,489.2300109863281,364453
2025-03-24 18:10:00+00:00,489.2799987792969,489.5299987792969,489.22119140625,489.44000244140625,118463
2025-03-24 18:15:00+00:00,489.4700012207031,489.69500732421875,489.19000244140625,489.29998779296875,157515
2025-03-24 18:20:00+00:00,489.5899963378906,489.6700134277344,489.37359619140625,489.4800109863281,160461
2025-03-24 18:25:00+00:00,489.6400146484375,489.7300109863281,489.3500061035156,489.5669860839844,186086
2025-03-24 18:30:00+00:00,489.3800048828125,489.70001220703125,489.2200012207031,489.6499938964844,324942
2025-03-24 18:35:00+00:00,489.8999938964844,490.19000244140625,489.20001220703125,489.3800048828125,429415
2025-03-24 18:40:00+00:00,490.2099914550781,490.44000244140625,489.7099914550781,489.8999938964844,508059
2025-03-24 18:45:00+00:00,490.2300109863281,490.306396484375,489.4700012207031,490.24749755859375,519796
2025-03-24 18:50:00+00:00,490.4100036621094,490.5,490.20001220703125,490.260009765625,223058
2025-03-24 18:55:00+00:00,490.3699951171875,490.45001220703125,490.2300109863281,490.4100036621094,241610
2025-03-24 19:00:00+00:00,490.623291015625,490.6300964355469,490.222412109375,490.3800048828125,499630
2025-03-24 19:05:00+00:00,490.81500244140625,490.989990234375,490.6199951171875,490.6199951171875,646010
2025-03-24 19:10:00+00:00,490.5950012207031,490.8299865722656,490.5845947265625,490.81500244140625,494410
2025-03-24 19:15:00+00:00,490.8550109863281,490.8999938964844,490.5899963378906,490.5950012207031,394936
2025-03-24 19:20:00+00:00,490.75,490.8500061035156,490.5920104980469,490.8500061035156,407758
2025-03-24 19:25:00+00:00,490.510009765625,490.80999755859375,490.42230224609375,490.760009765625,337321
2025-03-24 19:30:00+00:00,490.510009765625,490.6499938964844,490.4100036621094,490.54998779296875,582763
2025-03-24 19:35:00+00:00,490.39990234375,490.55999755859375,490.2799987792969,490.489990234375,413037
2025-03-24 19:40:00+00:00,490.5744934082031,490.75,490.3399963378906,490.3999938964844,605019
2025-03-24 19:45:00+00:00,490.8599853515625,491.0,490.489990234375,490.5799865722656,722316
2025-03-24 19:50:00+00:00,491.2099914550781,491.4800109863281,490.4700012207031,490.8399963378906,936381
2025-03-24 19:55:00+00:00,490.4800109863281,491.4700012207031,490.4800109863281,491.2300109863281,2739898
2025-03-25 13:30:00+00:00,491.3999938964844,491.8399963378906,491.0199890136719,491.3999938964844,1799466
2025-03-25 13:35:00+00:00,491.2900085449219,491.4549865722656,490.85150146484375,491.3299865722656,526918
2025-03-25 13:40:00+00:00,491.2099914550781,492.0,490.6499938964844,491.260009765625,1072014
2025-03-25 13:45:00+00:00,490.6600036621094,491.510009765625,490.4200134277344,491.20001220703125,367742
2025-03-25 13:50:00+00:00,491.3608093261719,491.52899169921875,490.4549865722656,490.6700134277344,469280
2025-03-25 13:55:00+00:00,491.5911865234375,491.8699951171875,491.3399963378906,491.3699951171875,462808
2025-03-25 14:00:00+00:00,491.010009765625,492.25,490.6449890136719,491.70001220703125,547377
2025-03-25 14:05:00+00:00,491.6199951171875,491.7900085449219,491.0,491.05999755859375,553131
2025-03-25 14:10:00+00:00,491.94549560546875,492.17999267578125,491.489990234375,491.57000732421875,335026
2025-03-25 14:15:00+00:00,491.9100036621094,492.3497009277344,491.80999755859375,491.8599853515625,346712
2025-03-25 14:20:00+00:00,492.0799865722656,492.2300109863281,491.7099914550781,491.9100036621094,219574
2025-03-25 14:25:00+00:00,492.6496887207031,492.6496887207031,491.7438049316406,492.07000732421875,399808
2025-03-25 14:30:00+00:00,492.1000061035156,492.6799011230469,491.8800964355469,492.6499938964844,301494
2025-03-25 14:35:00+00:00,492.8399963378906,492.9100036621094,492.13128662109375,492.135009765625,265975
2025-03-25 14:40:00+00:00,493.260009765625,493.2799987792969,492.7699890136719,492.8500061035156,472831
2025-03-25 14:45:00+00:00,493.1098937988281,493.45001220703125,493.1098937988281,493.25,650751
2025-03-25 14:50:00+00:00,493.22021484375,493.510009765625,493.0299987792969,493.1099853515625,241884
2025-03-25 14:55:00+00:00,493.1888122558594,493.45001220703125,492.8299865722656,493.2290954589844,285696
2025-03-25 15:00:00+00:00,493.15008544921875,493.57940673828125,493.0799865722656,493.1600036621094,236846
2025-03-25 15:05:00+00:00,493.4599914550781,493.60369873046875,493.19000244140625,493.19500732421875,142401
2025-03-25 15:10:00+00:00,493.26019287109375,493.50909423828125,493.1400146484375,493.4599914550781,153426
2025-03-25 15:15:00+00:00,493.239990234375,493.3550109863281,493.0299987792969,493.27850341796875,152642
2025-03-25 15:20:00+00:00,493.239990234375,493.3299865722656,492.9200134277344,493.2300109863281,379190
2025-03-25 15:25:00+00:00,493.1300048828125,493.3999938964844,493.0899963378906,493.25,159886
2025-03-25 15:30:00+00:00,492.8800964355469,493.1769104003906,492.6700134277344,493.1400146484375,264596
2025-03-25 15:35:00+00:00,492.7799987792969,492.9397888183594,492.6199951171875,492.9100036621094,183516
2025-03-25 15:40:00+00:00,492.8800048828125,492.8800048828125,492.5299987792969,492.7349853515625,112905
2025-03-25 15:45:00+00:00,492.7099914550781,492.95001220703125,492.4841003417969,492.88909912109375,206869
2025-03-25 15:50:00+00:00,492.3214111328125,492.85479736328125,492.32000732421875,492.7099914550781,167100
2025-03-25 15:55:00+00:00,492.3599853515625,492.5,492.110107421875,492.3299865722656,640702
2025-03-25 16:00:00+00:00,492.3900146484375,492.6400146484375,492.239990234375,492.3500061035156,206237
2025-03-25 16:05:00+00:00,492.510009765625,492.55999755859375,492.17999267578125,492.3800048828125,163360
2025-03-25 16:10:00+00:00,492.60699462890625,492.7699890136719,492.3599853515625,492.4800109863281,320653
2025-03-25 16:15:00+00:00,492.1499938964844,492.5400085449219,492.010009765625,492.5382995605469,190612
2025-03-25 16:20:00+00:00,492.5,492.57000732421875,492.1221008300781,492.17999267578125,611324
2025-03-25 16:25:00+00:00,492.1099853515625,492.510009765625,492.05999755859375,492.4549865722656,131213
2025-03-25 16:30:00+00:00,491.8900146484375,492.2297058105469,491.75,492.1099853515625,215261
2025-03-25 16:35:00+00:00,492.0299987792969,492.16009521484375,491.8299865722656,491.8999938964844,133633
2025-03-25 16:40:00+00:00,492.3200988769531,492.3999938964844,491.989990234375,492.0899963378906,160551
2025-03-25 16:45:00+00:00,492.30999755859375,492.489990234375,492.1300048828125,492.3139953613281,99093
2025-03-25 16:50:00+00:00,492.75,492.79998779296875,492.260009765625,492.3009033203125,258786
2025-03-25 16:55:00+00:00,492.5450134277344,492.80999755859375,492.3999938964844,492.739990234375,139508
2025-03-25 17:00:00+00:00,490.6600036621094,493.0400085449219,490.6600036621094,492.6050109863281,301303
2025-03-25 17:05:00+00:00,493.2099914550781,493.260009765625,492.95001220703125,492.989990234375,179431
2025-03-25 17:10:00+00:00,492.7099914550781,493.2099914550781,492.70001220703125,493.2099914550781,217741
2025-03-25 17:15:00+00:00,492.3399963378906,492.760009765625,492.29998779296875,492.7300109863281,199105
2025-03-25 17:20:00+00:00,492.1400146484375,492.43499755859375,492.04998779296875,492.3299865722656,250827
2025-03-25 17:25:00+00:00,491.5201110839844,492.1400146484375,491.3710021972656,492.13751220703125,210765
2025-03-25 17:30:00+00:00,491.80499267578125,491.8554992675781,491.5299987792969,491.54998779296875,165321
2025-03-25 17:35:00+00:00,491.7300109863281,491.989990234375,491.6947021484375,491.80999755859375,128434
2025-03-25 17:40:00+00:00,491.95001220703125,492.0299987792969,491.6499938964844,491.7099914550781,172223
2025-03-25 17:45:00+00:00,491.7950134277344,492.0,491.7099914550781,491.94000244140625,111864
2025-03-25 17:50:00+00:00,491.80999755859375,491.83990478515625,491.5701904296875,491.80499267578125,231597
2025-03-25 17:55:00+00:00,491.6499938964844,491.9800109863281,491.57000732421875,491.79998779296875,90125
2025-03-25 18:00:00+00:00,491.67999267578125,491.7497863769531,491.4800109863281,491.6099853515625,218649
2025-03-25 18:05:00+00:00,491.8999938964844,491.92999267578125,491.3800048828125,491.6600036621094,219795
2025-03-25 18:10:00+00:00,492.2799987792969,492.2799987792969,491.8999938964844,491.8999938964844,146739
2025-03-25 18:15:00+00:00,492.3800048828125,492.4659118652344,492.04998779296875,492.2699890136719,266205
2025-03-25 18:20:00+00:00,492.3999938964844,492.6700134277344,492.3909912109375,492.427490234375,140604
2025-03-25 18:25:00+00:00,492.1300048828125,492.4200134277344,492.0000915527344,492.3999938964844,140795
2025-03-25 18:30:00+00:00,492.1300048828125,492.260009765625,491.8800048828125,492.1400146484375,143771
2025-03-25 18:35:00+00:00,491.970703125,492.27880859375,491.94000244140625,492.1413879394531,75917
2025-03-25 18:40:00+00:00,491.930908203125,492.05999755859375,491.6925048828125,492.010009765625,444916
2025-03-25 18:45:00+00:00,491.6903076171875,492.0799865722656,491.67999267578125,491.8900146484375,103248
2025-03-25 18:50:00+00:00,491.9700012207031,492.04998779296875,491.6099853515625,491.6600036621094,178888
2025-03-25 18:55:00+00:00,491.9765930175781,492.1499938964844,491.8699951171875,491.9700012207031,98466
2025-03-25 19:00:00+00:00,492.30999755859375,492.4200134277344,491.8999938964844,491.9100036621094,185761
2025-03-25 19:05:00+00:00,492.3900146484375,492.489990234375,492.20001220703125,492.3299865722656,169377
2025-03-25 19:10:00+00:00,492.1000061035156,492.6000061035156,491.9700012207031,492.4200134277344,176749
2025-03-25 19:15:00+00:00,492.3371887207031,492.3500061035156,491.9501037597656,492.1000061035156,479752
2025-03-25 19:20:00+00:00,492.54949951171875,492.55999755859375,492.20001220703125,492.29998779296875,138538
2025-03-25 19:25:00+00:00,492.2221984863281,492.55999755859375,492.2200012207031,492.54998779296875,223172
2025-03-25 19:30:00+00:00,492.6300048828125,492.6700134277344,492.25,492.25,243229
2025-03-25 19:35:00+00:00,492.69000244140625,492.95001220703125,492.5299987792969,492.6300048828125,357873
2025-03-25 19:40:00+00:00,492.8800048828125,492.9840087890625,492.67999267578125,492.70001220703125,197124
2025-03-25 19:45:00+00:00,493.2900085449219,493.3900146484375,492.7900085449219,492.8900146484375,598102
2025-03-25 19:50:00+00:00,493.30999755859375,493.55999755859375,492.79998779296875,493.2799987792969,662031
2025-03-25 19:55:00+00:00,493.4599914550781,493.5400085449219,493.1300048828125,493.260009765625,1080327
2025-03-26 13:30:00+00:00,492.0400085449219,492.80999755859375,491.70001220703125,492.3299865722656,1371068
2025-03-26 13:35:00+00:00,492.7900085449219,493.1499938964844,492.0799865722656,492.09991455078125,697282
2025-03-26 13:40:00+00:00,492.45989990234375,493.0899963378906,492.0000915527344,492.7900085449219,285955
2025-03-26 13:45:00+00:00,491.3800048828125,492.70001220703125,491.1600036621094,492.4800109863281,535176
2025-03-26 13:50:00+00:00,490.7550048828125,491.5199890136719,490.3699951171875,491.30999755859375,660528
2025-03-26 13:55:00+00:00,489.35040283203125,490.7774963378906,489.1099853515625,490.75,764010
2025-03-26 14:00:00+00:00,489.6499938964844,490.30999755859375,489.20001220703125,489.3800048828125,1005855
2025-03-26 14:05:00+00:00,489.2900085449219,489.94989013671875,488.9599914550781,489.6199951171875,491088
2025-03-26 14:10:00+00:00,489.40008544921875,489.6163024902344,488.8399963378906,489.2655029296875,371956
2025-03-26 14:15:00+00:00,488.4800109863281,489.54998779296875,488.4403991699219,489.4599914550781,466005
2025-03-26 14:20:00+00:00,487.8900146484375,488.52099609375,487.2101135253906,488.489990234375,803520
2025-03-26 14:25:00+00:00,488.60089111328125,488.6600036621094,487.7862854003906,487.8533020019531,443107
2025-03-26 14:30:00+00:00,488.54998779296875,488.8299865722656,488.29998779296875,488.5950012207031,342197
2025-03-26 14:35:00+00:00,488.6300048828125,488.8900146484375,488.45001220703125,488.6600036621094,254542
2025-03-26 14:40:00+00:00,488.5,488.82000732421875,488.3800964355469,488.57000732421875,161596
2025-03-26 14:45:00+00:00,488.0199890136719,488.57989501953125,487.9599914550781,488.5400085449219,343679
2025-03-26 14:50:00+00:00,489.1099853515625,489.29998779296875,488.0050964355469,488.0050964355469,396633
2025-03-26 14:55:00+00:00,488.8699951171875,489.1900939941406,488.6199951171875,489.1199951171875,222343
2025-03-26 15:00:00+00:00,489.05029296875,489.25,488.69000244140625,488.9049987792969,330003
2025-03-26 15:05:00+00:00,489.19000244140625,489.3399963378906,488.9800109863281,489.0201110839844,232351
2025-03-26 15:10:00+00:00,489.2450866699219,489.3900146484375,489.010009765625,489.17999267578125,226320
2025-03-26 15:15:00+00:00,489.4079895019531,489.4150085449219,489.0400085449219,489.260009765625,145813
2025-03-26 15:20:00+00:00,488.7099914550781,489.4800109863281,488.7049865722656,489.3900146484375,262010
2025-03-26 15:25:00+00:00,488.35321044921875,488.7298889160156,487.9200134277344,488.70001220703125,316039
2025-03-26 15:30:00+00:00,488.5668029785156,488.8999938964844,488.3236999511719,488.3337097167969,193430
2025-03-26 15:35:00+00:00,488.4599914550781,488.67291259765625,488.2699890136719,488.5899963378906,206039
2025-03-26 15:40:00+00:00,487.8699035644531,488.6199951171875,487.75,488.44000244140625,179682
2025-03-26 15:45:00+00:00,487.6400146484375,488.07000732421875,487.5199890136719,487.8699951171875,278883
2025-03-26 15:50:00+00:00,486.7900085449219,487.7099914550781,486.4599914550781,487.6400146484375,685848
2025-03-26 15:55:00+00:00,486.3999938964844,487.0,485.8900146484375,486.7699890136719,671742
2025-03-26 16:00:00+00:00,486.0400085449219,486.43499755859375,485.7640075683594,486.3699951171875,695607
2025-03-26 16:05:00+00:00,486.260009765625,486.70001220703125,485.989990234375,486.0199890136719,498158
2025-03-26 16:10:00+00:00,486.2799987792969,486.6000061035156,485.9800109863281,486.260009765625,219542
2025-03-26 16:15:00+00:00,485.8924865722656,486.2882080078125,485.86029052734375,486.2650146484375,383298
2025-03-26 16:20:00+00:00,486.0401916503906,486.3900146484375,485.7799987792969,485.8699951171875,397751
2025-03-26 16:25:00+00:00,486.739990234375,486.760009765625,486.04998779296875,486.04998779296875,268750
2025-03-26 16:30:00+00:00,486.3699951171875,487.0,486.25,486.70001220703125,236522
2025-03-26 16:35:00+00:00,486.2449951171875,486.8299865722656,486.17999267578125,486.4187927246094,291184
2025-03-26 16:40:00+00:00,486.02899169921875,486.5199890136719,485.94000244140625,486.2598876953125,147116
2025-03-26 16:45:00+00:00,486.4100036621094,486.489990234375,485.8949890136719,486.0150146484375,385497
2025-03-26 16:50:00+00:00,485.4599914550781,486.51800537109375,485.44000244140625,486.4200134277344,322628
2025-03-26 16:55:00+00:00,484.9400939941406,485.489990234375,484.7799987792969,485.4855041503906,400494
2025-03-26 17:00:00+00:00,485.03021240234375,485.4599914550781,484.8800048828125,484.9150085449219,297759
2025-03-26 17:05:00+00:00,485.17999267578125,485.3500061035156,484.92999267578125,485.0498962402344,204543
2025-03-26 17:10:00+00:00,485.2200012207031,485.55999755859375,485.0199890136719,485.13848876953125,166911
2025-03-26 17:15:00+00:00,484.6499938964844,485.2799987792969,484.55999755859375,485.2099914550781,493650
2025-03-26 17:20:00+00:00,484.8900146484375,484.989990234375,484.489990234375,484.6409912109375,269906
2025-03-26 17:25:00+00:00,484.6600036621094,485.0,484.4700012207031,484.93499755859375,221687
2025-03-26 17:30:00+00:00,484.0,484.7345886230469,483.9599914550781,484.6700134277344,378436
2025-03-26 17:35:00+00:00,484.05999755859375,484.1600036621094,483.5899963378906,484.0270080566406,491749
2025-03-26 17:40:00+00:00,484.2099914550781,484.8546142578125,484.0299987792969,484.05999755859375,436630
2025-03-26 17:45:00+00:00,484.0400085449219,484.6499938964844,483.8800048828125,484.2099914550781,267986
2025-03-26 17:50:00+00:00,484.07000732421875,484.2969970703125,483.95001220703125,484.0950012207031,285338
2025-03-26 17:55:00+00:00,483.739990234375,484.17999267578125,483.70001220703125,484.05999755859375,298991
2025-03-26 18:00:00+00:00,483.9100036621094,484.17999267578125,483.55999755859375,483.75,300083
2025-03-26 18:05:00+00:00,484.1600036621094,484.17999267578125,483.5899963378906,483.8599853515625,288851
2025-03-26 18:10:00+00:00,484.6700134277344,484.95001220703125,484.1099853515625,484.1199951171875,424423
2025-03-26 18:15:00+00:00,484.7250061035156,485.010009765625,484.5150146484375,484.6400146484375,232781
2025-03-26 18:20:00+00:00,484.94000244140625,485.0799865722656,484.6449890136719,484.7200012207031,315027
2025-03-26 18:25:00+00:00,485.0299987792969,485.2200012207031,484.739990234375,484.92010498046875,280681
2025-03-26 18:30:00+00:00,484.5,485.29998779296875,484.4800109863281,484.9400939941406,187752
2025-03-26 18:35:00+00:00,484.293212890625,484.6400146484375,484.2699890136719,484.5,133324
2025-03-26 18:40:00+00:00,483.7699890136719,484.44000244140625,483.6199951171875,484.2933044433594,246701
2025-03-26 18:45:00+00:00,483.2699890136719,483.9092102050781,482.95001220703125,483.7699890136719,513121
2025-03-26 18:50:00+00:00,483.239990234375,483.4009094238281,483.05999755859375,483.25,276405
2025-03-26 18:55:00+00:00,483.1000061035156,483.30999755859375,482.9599914550781,483.30999755859375,223864
2025-03-26 19:00:00+00:00,483.3999938964844,483.75,483.07000732421875,483.0899963378906,526374
2025-03-26 19:05:00+00:00,483.1000061035156,483.4100036621094,482.82000732421875,483.3900146484375,596838
2025-03-26 19:10:00+00:00,483.2001037597656,483.260009765625,482.8800048828125,483.10980224609375,397395
2025-03-26 19:15:00+00:00,483.8800048828125,483.95001220703125,483.1000061035156,483.1700134277344,373340
2025-03-26 19:20:00+00:00,483.5899963378906,484.239990234375,483.57000732421875,483.8699951171875,385348
2025-03-26 19:25:00+00:00,483.2799987792969,483.8800048828125,483.239990234375,483.5899963378906,520278
2025-03-26 19:30:00+00:00,483.6400146484375,483.7099914550781,483.2099914550781,483.29998779296875,247922
2025-03-26 19:35:00+00:00,483.57000732421875,483.7384033203125,483.3529968261719,483.6499938964844,287268
2025-03-26 19:40:00+00:00,483.989990234375,484.2200012207031,483.54998779296875,483.5799865722656,474844
2025-03-26 19:45:00+00:00,484.44500732421875,484.4700012207031,483.75,484.0249938964844,519406
2025-03-26 19:50:00+00:00,484.7113037109375,484.9584045410156,484.20001220703125,484.45001220703125,1432262
2025-03-26 19:55:00+00:00,484.4100036621094,484.8450012207031,484.29998779296875,484.6700134277344,1355854
2025-03-27 13:30:00+00:00,481.6700134277344,483.3900146484375,481.1700134277344,482.3999938964844,2913749
2025-03-27 13:35:00+00:00,480.54998779296875,481.8299865722656,480.3599853515625,481.67999267578125,1116813
2025-03-27 13:40:00+00:00,481.25,481.30999755859375,480.25,480.5400085449219,992308
2025-03-27 13:45:00+00:00,482.0899963378906,482.2900085449219,480.7980041503906,481.25,762733
2025-03-27 13:50:00+00:00,483.3299865722656,483.6099853515625,481.7699890136719,482.17999267578125,801049
2025-03-27 13:55:00+00:00,483.5899963378906,483.8949890136719,483.2799987792969,483.3299865722656,642774
2025-03-27 14:00:00+00:00,483.67999267578125,484.20001220703125,483.3399963378906,483.510009765625,535398
2025-03-27 14:05:00+00:00,483.1600036621094,483.989990234375,482.69000244140625,483.7300109863281,444791
2025-03-27 14:10:00+00:00,483.9150085449219,484.0899963378906,482.4100036621094,483.0542907714844,583789
2025-03-27 14:15:00+00:00,483.8500061035156,484.0400085449219,483.2200012207031,483.92999267578125,324263
2025-03-27 14:20:00+00:00,483.3399963378906,484.04998779296875,482.92999267578125,483.8999938964844,425837
2025-03-27 14:25:00+00:00,484.69000244140625,484.69000244140625,483.239990234375,483.35400390625,660492
2025-03-27 14:30:00+00:00,484.909912109375,484.94970703125,484.3417053222656,484.70001220703125,556944
2025-03-27 14:35:00+00:00,485.42010498046875,485.81500244140625,484.7807922363281,484.8800048828125,534019
2025-03-27 14:40:00+00:00,485.5924987792969,485.8900146484375,485.17999267578125,485.5091857910156,359312
2025-03-27 14:45:00+00:00,485.2099914550781,485.80999755859375,485.16009521484375,485.6199951171875,281276
2025-03-27 14:50:00+00:00,486.25,486.260009765625,484.94000244140625,485.25,451402
2025-03-27 14:55:00+00:00,486.3699951171875,486.57989501953125,485.8999938964844,486.2699890136719,415891
2025-03-27 15:00:00+00:00,485.95001220703125,486.45001220703125,485.74420166015625,486.385009765625,306747
2025-03-27 15:05:00+00:00,485.3599853515625,486.18499755859375,485.3500061035156,485.9599914550781,242879
2025-03-27 15:10:00+00:00,485.6300048828125,486.010009765625,485.260986328125,485.3699951171875,318590
2025-03-27 15:15:00+00:00,485.7200012207031,485.8500061035156,485.1499938964844,485.7300109863281,265831
2025-03-27 15:20:00+00:00,485.57000732421875,485.768798828125,485.1499938964844,485.7200012207031,230374
2025-03-27 15:25:00+00:00,484.9700012207031,485.760009765625,484.9200134277344,485.57989501953125,201001
2025-03-27 15:30:00+00:00,484.05999755859375,484.9599914550781,483.9599914550781,484.9599914550781,727989
2025-03-27 15:35:00+00:00,483.7799987792969,484.3699951171875,483.5299987792969,484.05999755859375,483394
2025-03-27 15:40:00+00:00,483.5732116699219,483.8900146484375,483.20001220703125,483.7900085449219,439103
2025-03-27 15:45:00+00:00,483.010009765625,483.6300048828125,482.92999267578125,483.6000061035156,293934
2025-03-27 15:50:00+00:00,483.70001220703125,483.760009765625,483.07000732421875,483.07000732421875,934412
2025-03-27 15:55:00+00:00,482.9100036621094,483.7200012207031,482.7799987792969,483.7200012207031,274721
2025-03-27 16:00:00+00:00,483.4100036621094,483.55999755859375,482.69000244140625,482.9200134277344,588491
2025-03-27 16:05:00+00:00,484.2200012207031,484.25,483.2980041503906,483.4200134277344,509995
2025-03-27 16:10:00+00:00,484.2096862792969,484.239990234375,483.6499938964844,484.2200927734375,169653
2025-03-27 16:15:00+00:00,485.0199890136719,485.2300109863281,484.0799865722656,484.1600036621094,365077
2025-03-27 16:20:00+00:00,484.4649963378906,485.4800109863281,484.3900146484375,485.0400085449219,466765
2025-03-27 16:25:00+00:00,483.6650085449219,484.45001220703125,483.5350036621094,484.45001220703125,350319
2025-03-27 16:30:00+00:00,483.9200134277344,484.4200134277344,483.6600036621094,483.739990234375,194537
2025-03-27 16:35:00+00:00,483.80999755859375,483.9612121582031,483.44000244140625,483.9194030761719,231143
2025-03-27 16:40:00+00:00,483.9281005859375,484.29998779296875,483.6300964355469,483.79998779296875,152883
2025-03-27 16:45:00+00:00,482.8905029296875,484.1700134277344,482.860107421875,483.9100036621094,178244
2025-03-27 16:50:00+00:00,482.7200927734375,482.989990234375,482.3738098144531,482.8800048828125,300558
2025-03-27 16:55:00+00:00,481.9700012207031,482.75,481.9169006347656,482.7300109863281,392069
2025-03-27 17:00:00+00:00,482.489990234375,482.6099853515625,481.7900085449219,481.9599914550781,322499
2025-03-27 17:05:00+00:00,482.7200012207031,482.95001220703125,482.1101989746094,482.3999938964844,184606
2025-03-27 17:10:00+00:00,483.260009765625,483.260009765625,482.5899963378906,482.71240234375,217504
2025-03-27 17:15:00+00:00,482.9700012207031,483.42999267578125,482.9200134277344,483.2359924316406,237425
2025-03-27 17:20:00+00:00,482.8900146484375,483.20001220703125,482.53009033203125,482.9298095703125,167632
2025-03-27 17:25:00+00:00,482.0199890136719,482.8999938964844,481.8999938964844,482.8900146484375,171540
2025-03-27 17:30:00+00:00,482.4150085449219,482.7799987792969,481.9100036621094,481.95001220703125,202806
2025-03-27 17:35:00+00:00,482.3599853515625,482.4800109863281,481.8599853515625,482.3699951171875,209941
2025-03-27 17:40:00+00:00,482.2099914550781,482.55999755859375,482.1099853515625,482.3800048828125,88770
2025-03-27 17:45:00+00:00,482.95001220703125,483.1050109863281,482.2699890136719,482.2699890136719,210286
2025-03-27 17:50:00+00:00,482.0101013183594,483.2799987792969,481.95001220703125,482.9599914550781,213381
2025-03-27 17:55:00+00:00,482.05340576171875,482.30999755859375,481.9599914550781,481.989990234375,211554
2025-03-27 18:00:00+00:00,482.8201904296875,482.8511962890625,482.0249938964844,482.05999755859375,138598
2025-03-27 18:05:00+00:00,483.19989013671875,483.510009765625,482.80169677734375,482.80169677734375,246949
2025-03-27 18:10:00+00:00,483.677001953125,483.716796875,483.04998779296875,483.1625061035156,166730
2025-03-27 18:15:00+00:00,483.30999755859375,483.8800048828125,483.1300048828125,483.65679931640625,246727
2025-03-27 18:20:00+00:00,483.0899963378906,483.739990234375,483.0799865722656,483.2900085449219,168940
2025-03-27 18:25:00+00:00,483.1400146484375,483.489990234375,482.80999755859375,483.0309143066406,167924
2025-03-27 18:30:00+00:00,483.2900085449219,483.3900146484375,482.6700134277344,483.0799865722656,282131
2025-03-27 18:35:00+00:00,483.6099853515625,483.69000244140625,483.17999267578125,483.29998779296875,287069
2025-03-27 18:40:00+00:00,483.6401062011719,484.19000244140625,483.4800109863281,483.6000061035156,202894
2025-03-27 18:45:00+00:00,484.0299987792969,484.1199951171875,483.70001220703125,483.7099914550781,125023
2025-03-27 18:50:00+00:00,484.081298828125,484.3900146484375,483.8099060058594,484.07000732421875,150826
2025-03-27 18:55:00+00:00,482.8500061035156,484.05499267578125,482.7200012207031,484.0400085449219,195091
2025-03-27 19:00:00+00:00,483.2388000488281,483.4700012207031,482.6435852050781,482.8399963378906,198504
2025-03-27 19:05:00+00:00,483.20001220703125,483.3399963378906,482.82000732421875,483.17999267578125,256231
2025-03-27 19:10:00+00:00,484.0799865722656,484.1199951171875,483.01409912109375,483.15301513671875,138989
2025-03-27 19:15:00+00:00,484.127197265625,484.30999755859375,483.79998779296875,484.010009765625,204133
2025-03-27 19:20:00+00:00,484.5799865722656,484.8900146484375,484.0400085449219,484.1600036621094,510026
2025-03-27 19:25:00+00:00,484.4100036621094,484.5799865722656,484.20001220703125,484.5249938964844,270021
2025-03-27 19:30:00+00:00,483.7900085449219,484.44000244140625,483.3999938964844,484.42999267578125,255393
2025-03-27 19:35:00+00:00,483.3299865722656,483.8800048828125,483.2300109863281,483.8699951171875,150133
2025-03-27 19:40:00+00:00,483.36981201171875,483.7200012207031,483.0400085449219,483.3349914550781,353752
2025-03-27 19:45:00+00:00,483.3800048828125,483.510009765625,483.0799865722656,483.3949890136719,297705
2025-03-27 19:50:00+00:00,481.8800048828125,483.3299865722656,481.1199951171875,483.30999755859375,956758
2025-03-27 19:55:00+00:00,481.6000061035156,482.29998779296875,481.3399963378906,481.8999938964844,1548183
2025-03-28 13:30:00+00:00,478.7196960449219,479.8999938964844,478.07000732421875,479.80999755859375,2363286
2025-03-28 13:35:00+00:00,479.7251892089844,480.0,478.5918884277344,478.70001220703125,635840
2025-03-28 13:40:00+00:00,479.0849914550781,480.5199890136719,479.04010009765625,479.7099914550781,750125
2025-03-28 13:45:00+00:00,479.75,480.0,478.8800048828125,479.1400146484375,573257
2025-03-28 13:50:00+00:00,478.7225036621094,480.05999755859375,478.25,479.75,579506
2025-03-28 13:55:00+00:00,478.45220947265625,478.85980224609375,478.19000244140625,478.7300109863281,397480
2025-03-28 14:00:00+00:00,478.0199890136719,479.04998779296875,477.55010986328125,478.3399963378906,900948
2025-03-28 14:05:00+00:00,476.1094970703125,478.1400146484375,475.8299865722656,478.06500244140625,1608814
2025-03-28 14:10:00+00:00,475.1300048828125,476.2699890136719,474.7699890136719,476.1300048828125,1154508
2025-03-28 14:15:00+00:00,474.4796142578125,475.2096862792969,474.2300109863281,475.0303039550781,1236670
2025-03-28 14:20:00+00:00,474.364990234375,474.8399963378906,474.0299987792969,474.510009765625,724260
2025-03-28 14:25:00+00:00,473.2124938964844,474.3800048828125,473.010009765625,474.360107421875,1128153
2025-03-28 14:30:00+00:00,472.70001220703125,473.739990234375,472.3900146484375,473.2300109863281,1264731
2025-03-28 14:35:00+00:00,473.2148132324219,473.24951171875,471.9750061035156,472.69000244140625,1011329
2025-03-28 14:40:00+00:00,473.3699951171875,473.5,472.6499938964844,473.17999267578125,653038
2025-03-28 14:45:00+00:00,472.7099914550781,473.4049987792969,472.481201171875,473.3999938964844,516694
2025-03-28 14:50:00+00:00,472.8399963378906,473.2300109863281,472.4800109863281,472.6300048828125,558152
2025-03-28 14:55:00+00:00,472.42999267578125,472.8537902832031,471.79998779296875,472.8500061035156,563280
2025-03-28 15:00:00+00:00,471.3599853515625,472.5398864746094,471.2349853515625,472.4197082519531,887596
2025-03-28 15:05:00+00:00,471.70001220703125,471.8699951171875,471.25,471.3500061035156,476886
2025-03-28 15:10:00+00:00,472.5299987792969,472.8399963378906,471.6600036621094,471.75,601702
2025-03-28 15:15:00+00:00,472.05999755859375,472.7900085449219,471.989990234375,472.489990234375,375180
2025-03-28 15:20:00+00:00,471.489990234375,472.29998779296875,471.3299865722656,472.010009765625,263874
2025-03-28 15:25:00+00:00,472.3800048828125,472.5,471.5,471.5,301058
2025-03-28 15:30:00+00:00,472.9122009277344,473.0,472.1000061035156,472.32000732421875,346157
2025-03-28 15:35:00+00:00,472.7900085449219,473.0751037597656,472.6600036621094,472.8599853515625,241706
2025-03-28 15:40:00+00:00,472.3599853515625,472.9599914550781,471.8699951171875,472.760009765625,270736
2025-03-28 15:45:00+00:00,472.510009765625,472.5799865722656,472.0299987792969,472.3711853027344,283890
2025-03-28 15:50:00+00:00,471.489990234375,472.5299987792969,471.4800109863281,472.4700012207031,290119
2025-03-28 15:55:00+00:00,470.9200134277344,471.6549987792969,470.9200134277344,471.489990234375,341905
2025-03-28 16:00:00+00:00,471.5400085449219,471.55999755859375,470.9100036621094,470.9200134277344,490186
2025-03-28 16:05:00+00:00,471.2799987792969,471.8756103515625,471.260009765625,471.5299987792969,197845
2025-03-28 16:10:00+00:00,471.1299133300781,471.7300109863281,471.1299133300781,471.29998779296875,314333
2025-03-28 16:15:00+00:00,469.82000732421875,471.1919860839844,469.80010986328125,471.114990234375,494036
2025-03-28 16:20:00+00:00,469.79998779296875,470.07000732421875,469.57000732421875,469.8299865722656,464683
2025-03-28 16:25:00+00:00,469.95001220703125,470.1600036621094,469.6000061035156,469.7699890136719,280107
2025-03-28 16:30:00+00:00,470.4599914550781,470.5179138183594,469.9399108886719,469.94000244140625,937409
2025-03-28 16:35:00+00:00,470.17291259765625,470.6600036621094,470.10009765625,470.4700012207031,251072
2025-03-28 16:40:00+00:00,470.0531005859375,470.6400146484375,470.0531005859375,470.12188720703125,186454
2025-03-28 16:45:00+00:00,470.29901123046875,470.5899963378906,470.0,470.05999755859375,381275
2025-03-28 16:50:00+00:00,470.5400085449219,470.69989013671875,470.239990234375,470.2799987792969,334477
2025-03-28 16:55:00+00:00,469.739990234375,470.5299987792969,469.6700134277344,470.5299987792969,451019
2025-03-28 17:00:00+00:00,469.5675048828125,469.739990234375,469.19000244140625,469.67999267578125,361844
2025-03-28 17:05:00+00:00,468.9299011230469,469.5899963378906,468.90008544921875,469.52410888671875,433130
2025-03-28 17:10:00+00:00,468.9800109863281,469.17999267578125,468.80999755859375,468.9208984375,309161
2025-03-28 17:15:00+00:00,469.489990234375,469.8999938964844,468.7200012207031,468.9800109863281,596142
2025-03-28 17:20:00+00:00,469.1099853515625,469.6600036621094,469.1099853515625,469.4844055175781,355047
2025-03-28 17:25:00+00:00,468.7900085449219,469.1549987792969,468.4891052246094,469.1099853515625,708874
2025-03-28 17:30:00+00:00,468.8900146484375,469.17999267578125,468.6875,468.7699890136719,277218
2025-03-28 17:35:00+00:00,469.0799865722656,469.0899963378906,468.489990234375,468.8800048828125,303066
2025-03-28 17:40:00+00:00,468.9200134277344,469.29620361328125,468.7900085449219,469.06500244140625,360955
2025-03-28 17:45:00+00:00,468.8900146484375,469.3800048828125,468.7799987792969,468.8999938964844,221819
2025-03-28 17:50:00+00:00,468.7900085449219,468.9800109863281,468.67999267578125,468.8699951171875,278660
2025-03-28 17:55:00+00:00,469.55999755859375,469.5798034667969,468.760009765625,468.7699890136719,741682
2025-03-28 18:00:00+00:00,469.3800048828125,469.8399963378906,469.2412109375,469.489990234375,365546
2025-03-28 18:05:00+00:00,469.8800048828125,469.9100036621094,469.2900085449219,469.3999938964844,249443
2025-03-28 18:10:00+00:00,469.7349853515625,470.3999938964844,469.6449890136719,469.88018798828125,617447
2025-03-28 18:15:00+00:00,469.739990234375,470.0299987792969,469.3299865722656,469.739990234375,260395
2025-03-28 18:20:00+00:00,469.2099914550781,469.8599853515625,469.1600036621094,469.7401123046875,196622
2025-03-28 18:25:00+00:00,469.3599853515625,469.5799865722656,469.07940673828125,469.20001220703125,141237
2025-03-28 18:30:00+00:00,469.635009765625,469.7998962402344,469.2300109863281,469.3599853515625,395667
2025-03-28 18:35:00+00:00,468.9800109863281,469.739990234375,468.9700012207031,469.6499938964844,297262
2025-03-28 18:40:00+00:00,469.0299987792969,469.1400146484375,468.9200134277344,469.0299987792969,206053
2025-03-28 18:45:00+00:00,468.75,469.1796875,468.6199951171875,468.9801025390625,288497
2025-03-28 18:50:00+00:00,469.1792907714844,469.2200012207031,468.68121337890625,468.7699890136719,595518
2025-03-28 18:55:00+00:00,469.4898986816406,469.510009765625,469.10009765625,469.1400146484375,331348
2025-03-28 19:00:00+00:00,469.4800109863281,469.7099914550781,469.302490234375,469.4700012207031,340871
2025-03-28 19:05:00+00:00,469.7699890136719,470.0400085449219,469.4939880371094,469.4939880371094,256631
2025-03-28 19:10:00+00:00,469.4400939941406,469.81500244140625,469.150390625,469.80999755859375,272498
2025-03-28 19:15:00+00:00,469.5000915527344,469.5899963378906,469.0400085449219,469.45001220703125,294118
2025-03-28 19:20:00+00:00,469.2900085449219,469.5899963378906,468.9200134277344,469.489990234375,437660
2025-03-28 19:25:00+00:00,468.9599914550781,469.3699951171875,468.8606872558594,469.30999755859375,259900
2025-03-28 19:30:00+00:00,468.18499755859375,469.0799865722656,468.1643981933594,468.9599914550781,922212
2025-03-28 19:35:00+00:00,468.5263977050781,468.6549987792969,468.04998779296875,468.17498779296875,501315
2025-03-28 19:40:00+00:00,468.3900146484375,468.6099853515625,468.1000061035156,468.53118896484375,536379
2025-03-28 19:45:00+00:00,468.80999755859375,468.8299865722656,468.125,468.3800048828125,897706
2025-03-28 19:50:00+00:00,469.2449951171875,469.3299865722656,468.2699890136719,468.8399963378906,980005
2025-03-28 19:55:00+00:00,468.9700012207031,469.5,468.7799987792969,469.25,2200305
2025-03-31 13:30:00+00:00,458.67999267578125,462.5199890136719,458.25,461.95001220703125,4361198
2025-03-31 13:35:00+00:00,459.57000732421875,460.1400146484375,458.6499938964844,458.69000244140625,1642920
2025-03-31 13:40:00+00:00,458.0000915527344,459.6698913574219,458.0,459.5799865722656,1714838
2025-03-31 13:45:00+00:00,458.5400085449219,458.7331848144531,457.3500061035156,458.0,1474269
2025-03-31 13:50:00+00:00,459.70001220703125,459.8500061035156,458.0400085449219,458.4100036621094,950683
2025-03-31 13:55:00+00:00,460.0899963378906,460.9100036621094,459.6000061035156,459.69000244140625,1051316
2025-03-31 14:00:00+00:00,460.7900085449219,461.4480895996094,459.9100036621094,459.989990234375,893251
2025-03-31 14:05:00+00:00,461.739990234375,461.956787109375,460.3800048828125,460.7699890136719,954796
2025-03-31 14:10:00+00:00,461.6697998046875,461.92999267578125,460.9549865722656,461.7200012207031,615827
2025-03-31 14:15:00+00:00,460.2099914550781,461.80999755859375,460.1700134277344,461.6000061035156,417753
2025-03-31 14:20:00+00:00,459.95001220703125,460.6700134277344,459.6400146484375,460.2200012207031,508502
2025-03-31 14:25:00+00:00,459.3450012207031,459.94000244140625,459.260009765625,459.94000244140625,427425
2025-03-31 14:30:00+00:00,461.6700134277344,461.7300109863281,459.3500061035156,459.3500061035156,630042
2025-03-31 14:35:00+00:00,461.0199890136719,461.8599853515625,460.4599914550781,461.7001037597656,851593
2025-03-31 14:40:00+00:00,460.4200134277344,461.45001220703125,460.152099609375,460.9949951171875,545382
2025-03-31 14:45:00+00:00,461.50079345703125,461.6919860839844,460.42999267578125,460.45001220703125,448101
2025-03-31 14:50:00+00:00,461.489990234375,461.7879943847656,460.5309143066406,461.510009765625,996182
2025-03-31 14:55:00+00:00,461.2900085449219,461.55999755859375,460.9100036621094,461.4599914550781,425394
2025-03-31 15:00:00+00:00,461.67999267578125,462.19000244140625,461.25,461.29998779296875,618018
2025-03-31 15:05:00+00:00,461.1400146484375,462.3800048828125,461.1099853515625,461.67999267578125,458590
2025-03-31 15:10:00+00:00,460.82000732421875,462.05999755859375,460.8078918457031,461.1400146484375,408072
2025-03-31 15:15:00+00:00,461.7300109863281,461.9200134277344,460.7099914550781,460.9100036621094,568082
2025-03-31 15:20:00+00:00,463.12030029296875,463.29998779296875,461.7300109863281,461.75,540385
2025-03-31 15:25:00+00:00,462.45001220703125,463.518798828125,462.30999755859375,463.1000061035156,420524
2025-03-31 15:30:00+00:00,462.79998779296875,462.8399963378906,461.860107421875,462.3900146484375,446586
2025-03-31 15:35:00+00:00,463.3999938964844,463.697509765625,462.67999267578125,462.7099914550781,448064
2025-03-31 15:40:00+00:00,463.30499267578125,463.92999267578125,463.1199951171875,463.4100036621094,780973
2025-03-31 15:45:00+00:00,463.8500061035156,463.8999938964844,463.2900085449219,463.29998779296875,398663
2025-03-31 15:50:00+00:00,463.8599853515625,464.2699890136719,463.5899963378906,463.8299865722656,745814
2025-03-31 15:55:00+00:00,463.2799987792969,463.9668884277344,463.1000061035156,463.8500061035156,304159
2025-03-31 16:00:00+00:00,463.7200012207031,464.0,463.2300109863281,463.29998779296875,623615
2025-03-31 16:05:00+00:00,462.8832092285156,463.760009765625,462.760009765625,463.7099914550781,425376
2025-03-31 16:10:00+00:00,462.6199951171875,462.95989990234375,462.1499938964844,462.8999938964844,384124
2025-03-31 16:15:00+00:00,463.5414123535156,463.6400146484375,462.3999938964844,462.6099853515625,378228
2025-03-31 16:20:00+00:00,463.5,463.6099853515625,462.9732971191406,463.5799865722656,285297
2025-03-31 16:25:00+00:00,464.80999755859375,464.80999755859375,463.3999938964844,463.3999938964844,242825
2025-03-31 16:30:00+00:00,464.5299987792969,464.82000732421875,463.989990234375,464.82000732421875,288334
2025-03-31 16:35:00+00:00,464.5400085449219,464.6600036621094,464.0899963378906,464.54998779296875,195525
2025-03-31 16:40:00+00:00,464.05999755859375,464.6000061035156,463.9100036621094,464.5299987792969,198816
2025-03-31 16:45:00+00:00,464.1099853515625,464.3800048828125,463.7799987792969,464.0199890136719,223949
2025-03-31 16:50:00+00:00,464.3349914550781,464.4700012207031,463.8399963378906,464.1300048828125,146252
2025-03-31 16:55:00+00:00,463.1600036621094,464.2699890136719,463.0050048828125,464.2699890136719,300750
2025-03-31 17:00:00+00:00,463.9028015136719,464.0,462.9800109863281,463.1099853515625,187694
2025-03-31 17:05:00+00:00,465.0400085449219,465.05999755859375,463.739990234375,463.875,245280
2025-03-31 17:10:00+00:00,464.93560791015625,465.32989501953125,464.7325134277344,465.06500244140625,224917
2025-03-31 17:15:00+00:00,463.7102966308594,464.989990234375,463.6700134277344,464.95001220703125,271039
2025-03-31 17:20:00+00:00,463.7300109863281,463.875,463.17999267578125,463.7200012207031,311923
2025-03-31 17:25:00+00:00,463.8349914550781,463.95989990234375,463.260009765625,463.69171142578125,130790
2025-03-31 17:30:00+00:00,463.910888671875,463.9599914550781,463.5199890136719,463.8599853515625,153133
2025-03-31 17:35:00+00:00,464.2799987792969,464.42999267578125,463.5,463.8999938964844,174760
2025-03-31 17:40:00+00:00,463.2699890136719,464.3299865722656,463.2300109863281,464.3299865722656,157672
2025-03-31 17:45:00+00:00,463.3999938964844,463.4100036621094,462.9512939453125,463.30999755859375,418633
2025-03-31 17:50:00+00:00,464.19000244140625,464.3500061035156,463.1524963378906,463.3949890136719,324154
2025-03-31 17:55:00+00:00,463.32000732421875,464.2149963378906,463.25,464.2149963378906,266378
2025-03-31 18:00:00+00:00,464.7099914550781,464.7749938964844,463.2099914550781,463.32000732421875,532833
2025-03-31 18:05:00+00:00,465.9612121582031,466.0400085449219,464.5299987792969,464.6856994628906,435571
2025-03-31 18:10:00+00:00,465.998291015625,466.7799987792969,465.9154968261719,465.95001220703125,980554
2025-03-31 18:15:00+00:00,466.68499755859375,466.7200012207031,465.5799865722656,465.9700012207031,563639
2025-03-31 18:20:00+00:00,466.3299865722656,466.80999755859375,466.1099853515625,466.7200012207031,285495
2025-03-31 18:25:00+00:00,466.8999938964844,466.92999267578125,466.1600036621094,466.3399963378906,350595
2025-03-31 18:30:00+00:00,467.2496032714844,467.44000244140625,466.64520263671875,466.8999938964844,546414
2025-03-31 18:35:00+00:00,467.54998779296875,467.70001220703125,467.1499938964844,467.2237854003906,401877
2025-03-31 18:40:00+00:00,467.3299865722656,467.8800048828125,467.31500244140625,467.489990234375,420093
2025-03-31 18:45:00+00:00,467.07501220703125,467.44000244140625,466.30999755859375,467.33990478515625,801601
2025-03-31 18:50:00+00:00,467.6000061035156,468.0,467.0249938964844,467.0299987792969,390652
2025-03-31 18:55:00+00:00,466.385498046875,467.55999755859375,466.3800048828125,467.55999755859375,397886
2025-03-31 19:00:00+00:00,467.2300109863281,467.32000732421875,466.3399963378906,466.3599853515625,465846
2025-03-31 19:05:00+00:00,467.4549865722656,467.75909423828125,467.1300048828125,467.260009765625,361712
2025-03-31 19:10:00+00:00,468.07000732421875,468.5299987792969,467.3150939941406,467.4599914550781,469202
2025-03-31 19:15:00+00:00,467.75,468.3500061035156,467.4202880859375,468.010009765625,353887
2025-03-31 19:20:00+00:00,468.0799865722656,468.5199890136719,467.67999267578125,467.7349853515625,1133309
2025-03-31 19:25:00+00:00,466.7900085449219,468.0696105957031,466.6268005371094,468.04998779296875,934613
2025-03-31 19:30:00+00:00,468.1499938964844,468.20001220703125,466.47100830078125,466.7799987792969,705399
2025-03-31 19:35:00+00:00,468.0400085449219,468.3800048828125,467.5299987792969,468.0899963378906,569458
2025-03-31 19:40:00+00:00,468.54998779296875,469.6000061035156,468.0299987792969,468.0299987792969,1068037
2025-03-31 19:45:00+00:00,468.20001220703125,469.0,467.80999755859375,468.4750061035156,655634
2025-03-31 19:50:00+00:00,469.2950134277344,469.7200012207031,467.6099853515625,468.2300109863281,1518140
2025-03-31 19:55:00+00:00,468.9299011230469,469.8500061035156,468.3399963378906,469.25,3220593
2025-04-01 13:30:00+00:00,467.010009765625,468.5392150878906,466.5,467.2300109863281,2615991
2025-04-01 13:35:00+00:00,467.3900146484375,467.42999267578125,466.2799987792969,466.989990234375,657467
2025-04-01 13:40:00+00:00,467.7601013183594,468.19000244140625,466.8299865722656,467.3699951171875,580531
2025-04-01 13:45:00+00:00,468.80999755859375,469.27099609375,467.55999755859375,467.6000061035156,1060958
2025-04-01 13:50:00+00:00,467.947509765625,469.1199951171875,467.92999267578125,468.82000732421875,678856
2025-04-01 13:55:00+00:00,467.70001220703125,468.510009765625,467.310302734375,467.94000244140625,765813
2025-04-01 14:00:00+00:00,467.08770751953125,468.2699890136719,466.5,467.7099914550781,985886
2025-04-01 14:05:00+00:00,466.5498962402344,467.8500061035156,466.0299987792969,467.1199951171875,710008
2025-04-01 14:10:00+00:00,465.34149169921875,466.7799987792969,465.0950012207031,466.6000061035156,700333
2025-04-01 14:15:00+00:00,465.07000732421875,465.9390869140625,465.0,465.4100036621094,533886
2025-04-01 14:20:00+00:00,466.25,466.42999267578125,464.4200134277344,465.1449890136719,741725
2025-04-01 14:25:00+00:00,466.18499755859375,466.82000732421875,465.55999755859375,466.2200012207031,597775
2025-04-01 14:30:00+00:00,466.6499938964844,467.0,466.0299987792969,466.1400146484375,321248
2025-04-01 14:35:00+00:00,468.0299987792969,468.5799865722656,466.5150146484375,466.64959716796875,604406
2025-04-01 14:40:00+00:00,468.79998779296875,469.2900085449219,467.7300109863281,467.9700012207031,656243
2025-04-01 14:45:00+00:00,468.9031066894531,469.2001953125,468.3800048828125,468.7699890136719,457327
2025-04-01 14:50:00+00:00,470.0400085449219,470.05999755859375,468.92999267578125,468.9837951660156,489590
2025-04-01 14:55:00+00:00,470.5502014160156,470.6400146484375,469.489990234375,470.0400085449219,472560
2025-04-01 15:00:00+00:00,470.67999267578125,471.04681396484375,470.2699890136719,470.5299987792969,558197
2025-04-01 15:05:00+00:00,471.3399963378906,471.4700012207031,470.55499267578125,470.55999755859375,370105
2025-04-01 15:10:00+00:00,472.1600036621094,472.2287902832031,470.82000732421875,471.2850036621094,482977
2025-04-01 15:15:00+00:00,471.92999267578125,472.5899963378906,471.8893127441406,472.1099853515625,655492
2025-04-01 15:20:00+00:00,472.5299987792969,472.6400146484375,471.4800109863281,471.8999938964844,501365
2025-04-01 15:25:00+00:00,471.70928955078125,472.6600036621094,471.6700134277344,472.4700012207031,698773
2025-04-01 15:30:00+00:00,471.84991455078125,471.94000244140625,471.30999755859375,471.7749938964844,340877
2025-04-01 15:35:00+00:00,471.6697082519531,471.9200134277344,471.0408935546875,471.8599853515625,335025
2025-04-01 15:40:00+00:00,471.9549865722656,472.05999755859375,470.94000244140625,471.5299987792969,325537
2025-04-01 15:45:00+00:00,472.4750061035156,472.5350036621094,471.8699951171875,471.9200134277344,366605
2025-04-01 15:50:00+00:00,471.82000732421875,472.7250061035156,471.60009765625,472.5,457463
2025-04-01 15:55:00+00:00,472.3887939453125,472.4200134277344,471.6000061035156,471.8999938964844,249065
2025-04-01 16:00:00+00:00,472.67999267578125,472.9800109863281,471.9700012207031,472.3999938964844,559794
2025-04-01 16:05:00+00:00,472.9200134277344,473.0,472.32000732421875,472.6400146484375,391424
2025-04-01 16:10:00+00:00,472.843994140625,473.1499938964844,472.5,472.8912048339844,572467
2025-04-01 16:15:00+00:00,473.29998779296875,473.5,472.65008544921875,472.8399963378906,287820
2025-04-01 16:20:00+00:00,472.67999267578125,473.6261901855469,472.4049072265625,473.260009765625,463783
2025-04-01 16:25:00+00:00,471.5320129394531,472.7699890136719,471.25,472.6600036621094,429480
2025-04-01 16:30:00+00:00,471.32501220703125,471.8500061035156,470.864990234375,471.6000061035156,410198
2025-04-01 16:35:00+00:00,470.7449951171875,471.3999938964844,470.5400085449219,471.2749938964844,269767
2025-04-01 16:40:00+00:00,470.3399963378906,470.9700012207031,470.0899963378906,470.75,310048
2025-04-01 16:45:00+00:00,471.17999267578125,471.2200012207031,470.1199951171875,470.29998779296875,393504
2025-04-01 16:50:00+00:00,472.0799865722656,472.4599914550781,471.03009033203125,471.2149963378906,410529
2025-04-01 16:55:00+00:00,471.69500732421875,472.31878662109375,471.67999267578125,472.0400085449219,320872
2025-04-01 17:00:00+00:00,471.79998779296875,472.1549987792969,471.54998779296875,471.6960144042969,221335
2025-04-01 17:05:00+00:00,471.2247009277344,471.8399963378906,470.92999267578125,471.8299865722656,477927
2025-04-01 17:10:00+00:00,471.75,471.7699890136719,470.94000244140625,471.1700134277344,376025
2025-04-01 17:15:00+00:00,470.78448486328125,471.88531494140625,470.7200012207031,471.7135925292969,320716
2025-04-01 17:20:00+00:00,470.8326110839844,471.1099853515625,470.67999267578125,470.8399963378906,1024161
2025-04-01 17:25:00+00:00,470.739990234375,471.17999267578125,470.55999755859375,470.8349914550781,177970
2025-04-01 17:30:00+00:00,470.6099853515625,471.3825988769531,470.5299987792969,470.7300109863281,284702
2025-04-01 17:35:00+00:00,471.2799987792969,471.42498779296875,470.54998779296875,470.54998779296875,190076
2025-04-01 17:40:00+00:00,470.7900085449219,471.8699951171875,470.69000244140625,471.2840881347656,286462
2025-04-01 17:45:00+00:00,471.3900146484375,471.4100036621094,470.75,470.80999755859375,195932
2025-04-01 17:50:00+00:00,470.8399963378906,471.69000244140625,470.80999755859375,471.3399963378906,316450
2025-04-01 17:55:00+00:00,470.29998779296875,470.8900146484375,470.19000244140625,470.8699951171875,367837
2025-04-01 18:00:00+00:00,468.94000244140625,470.489990234375,468.6653137207031,470.44000244140625,606062
2025-04-01 18:05:00+00:00,468.3450012207031,469.19000244140625,468.2760925292969,469.0,463900
2025-04-01 18:10:00+00:00,468.77899169921875,468.94000244140625,468.05999755859375,468.3599853515625,512780
2025-04-01 18:15:00+00:00,468.0799865722656,468.8529968261719,467.8500061035156,468.73199462890625,380485
2025-04-01 18:20:00+00:00,467.4200134277344,468.2369079589844,467.3699951171875,468.1300048828125,345233
2025-04-01 18:25:00+00:00,467.8599853515625,468.2900085449219,467.42999267578125,467.435302734375,406922
2025-04-01 18:30:00+00:00,468.0350036621094,468.42999267578125,467.7099914550781,467.79119873046875,548344
2025-04-01 18:35:00+00:00,467.7900085449219,468.3699951171875,467.6499938964844,468.1000061035156,406480
2025-04-01 18:40:00+00:00,468.5199890136719,468.5299987792969,467.82000732421875,467.82000732421875,231462
2025-04-01 18:45:00+00:00,467.7099914550781,468.5199890136719,467.69000244140625,468.4700012207031,251168
2025-04-01 18:50:00+00:00,468.239990234375,468.2598876953125,467.44000244140625,467.67999267578125,261455
2025-04-01 18:55:00+00:00,468.9399108886719,469.0387878417969,468.1951904296875,468.1951904296875,366242
2025-04-01 19:00:00+00:00,469.04998779296875,469.2650146484375,468.6600036621094,468.8900146484375,276614
2025-04-01 19:05:00+00:00,468.80499267578125,469.6000061035156,468.7799987792969,469.08099365234375,308730
2025-04-01 19:10:00+00:00,469.30999755859375,469.34698486328125,468.69000244140625,468.7950134277344,180694
2025-04-01 19:15:00+00:00,469.42999267578125,469.8800048828125,469.1199951171875,469.32000732421875,341889
2025-04-01 19:20:00+00:00,469.8699951171875,470.010009765625,469.25,469.4075012207031,241185
2025-04-01 19:25:00+00:00,469.55999755859375,470.19879150390625,469.54998779296875,469.8999938964844,272656
2025-04-01 19:30:00+00:00,470.468994140625,470.82000732421875,469.2809143066406,469.510009765625,432124
2025-04-01 19:35:00+00:00,470.97149658203125,471.1701965332031,470.3399963378906,470.4100036621094,350534
2025-04-01 19:40:00+00:00,471.29998779296875,471.45001220703125,470.8949890136719,470.9695129394531,286110
2025-04-01 19:45:00+00:00,471.7250061035156,471.94000244140625,471.19000244140625,471.2799987792969,598664
2025-04-01 19:50:00+00:00,472.7900085449219,472.9200134277344,471.4100036621094,471.7900085449219,914647
2025-04-01 19:55:00+00:00,472.6300048828125,473.1700134277344,472.3299865722656,472.8299865722656,1697134
2025-04-02 13:30:00+00:00,468.2898864746094,468.29998779296875,465.8599853515625,466.1099853515625,2742219
2025-04-02 13:35:00+00:00,470.2300109863281,470.6499938964844,468.1600036621094,468.260009765625,1085534
2025-04-02 13:40:00+00:00,470.94000244140625,471.0150146484375,469.6000061035156,470.17999267578125,774454
2025-04-02 13:45:00+00:00,471.8500061035156,471.9088134765625,470.7900085449219,471.0,541811
2025-04-02 13:50:00+00:00,470.92999267578125,472.1400146484375,470.92999267578125,471.79998779296875,369152
2025-04-02 13:55:00+00:00,470.94000244140625,471.6099853515625,470.8417053222656,470.9599914550781,326168
2025-04-02 14:00:00+00:00,472.92999267578125,473.1099853515625,470.55999755859375,470.95001220703125,706707
2025-04-02 14:05:00+00:00,470.9602966308594,473.0950012207031,470.6449890136719,472.95001220703125,538914
2025-04-02 14:10:00+00:00,470.9495849609375,471.4100036621094,469.989990234375,471.0150146484375,551940
2025-04-02 14:15:00+00:00,471.7300109863281,471.95001220703125,470.70001220703125,470.9399108886719,349339
2025-04-02 14:20:00+00:00,472.5799865722656,472.69000244140625,471.4700012207031,471.7630920410156,324339
2025-04-02 14:25:00+00:00,472.5158996582031,472.70001220703125,471.54998779296875,472.5675048828125,324005
2025-04-02 14:30:00+00:00,472.3855895996094,473.2615966796875,472.2799987792969,472.5299987792969,466406
2025-04-02 14:35:00+00:00,472.35089111328125,472.5450134277344,471.6701965332031,472.3699951171875,375254
2025-04-02 14:40:00+00:00,472.2200012207031,472.8399963378906,471.8900146484375,472.3500061035156,308199
2025-04-02 14:45:00+00:00,472.7200012207031,472.92999267578125,472.17999267578125,472.2749938964844,737796
2025-04-02 14:50:00+00:00,472.54998779296875,473.0799865722656,472.42999267578125,472.7699890136719,216400
2025-04-02 14:55:00+00:00,473.40850830078125,473.53021240234375,472.29998779296875,472.5350036621094,435613
2025-04-02 15:00:00+00:00,473.1300048828125,473.3399963378906,472.48150634765625,473.3399963378906,561637
2025-04-02 15:05:00+00:00,473.4100036621094,473.44000244140625,472.79998779296875,473.1400146484375,207103
2025-04-02 15:10:00+00:00,472.25,473.44000244140625,472.2253112792969,473.3699951171875,369259
2025-04-02 15:15:00+00:00,473.1050109863281,473.1188049316406,472.0849914550781,472.17999267578125,253013
2025-04-02 15:20:00+00:00,474.3599853515625,474.4700012207031,473.0299987792969,473.1099853515625,603626
2025-04-02 15:25:00+00:00,474.875,475.32989501953125,474.3324890136719,474.3324890136719,646401
2025-04-02 15:30:00+00:00,475.04998779296875,475.12969970703125,474.6000061035156,474.7900085449219,574174
2025-04-02 15:35:00+00:00,475.05499267578125,475.3099060058594,474.6300048828125,475.0400085449219,302120
2025-04-02 15:40:00+00:00,474.25,475.2300109863281,474.19000244140625,475.07000732421875,452602
2025-04-02 15:45:00+00:00,473.4884948730469,474.42999267578125,473.29998779296875,474.239990234375,411187
2025-04-02 15:50:00+00:00,473.70001220703125,473.9088134765625,472.8699951171875,473.45001220703125,363158
2025-04-02 15:55:00+00:00,474.260009765625,474.67999267578125,473.4800109863281,473.69390869140625,596578
2025-04-02 16:00:00+00:00,474.2300109863281,474.6953125,474.0299987792969,474.20001220703125,240704
2025-04-02 16:05:00+00:00,474.69000244140625,474.7149963378906,474.1213073730469,474.2298889160156,165897
2025-04-02 16:10:00+00:00,475.5101013183594,475.6700134277344,474.5700988769531,474.739990234375,379296
2025-04-02 16:15:00+00:00,475.8799133300781,475.95001220703125,475.4200134277344,475.510009765625,282486
2025-04-02 16:20:00+00:00,476.1050109863281,476.2200012207031,475.54998779296875,475.8500061035156,417796
2025-04-02 16:25:00+00:00,476.5799865722656,476.6300048828125,475.739990234375,476.0799865722656,598387
2025-04-02 16:30:00+00:00,476.7699890136719,476.9700012207031,476.3399963378906,476.6499938964844,330231
2025-04-02 16:35:00+00:00,476.29998779296875,476.760009765625,475.9200134277344,476.7200012207031,368015
2025-04-02 16:40:00+00:00,476.7638854980469,476.7799987792969,475.8699951171875,476.32000732421875,223083
2025-04-02 16:45:00+00:00,477.7300109863281,477.80999755859375,476.3599853515625,476.7650146484375,427412
2025-04-02 16:50:00+00:00,477.5050048828125,478.0968017578125,477.1000061035156,477.739990234375,672619
2025-04-02 16:55:00+00:00,477.7300109863281,477.8800048828125,477.114990234375,477.5299987792969,442815
2025-04-02 17:00:00+00:00,478.2650146484375,478.368896484375,477.69000244140625,477.7300109863281,413293
2025-04-02 17:05:00+00:00,478.4700012207031,478.7200012207031,478.1400146484375,478.260009765625,489892
2025-04-02 17:10:00+00:00,479.0895080566406,479.55999755859375,478.45001220703125,478.45001220703125,467377
2025-04-02 17:15:00+00:00,478.9800109863281,479.17999267578125,478.760009765625,479.0950012207031,319590
2025-04-02 17:20:00+00:00,478.6549987792969,479.0150146484375,478.1000061035156,478.9800109863281,355075
2025-04-02 17:25:00+00:00,478.17999267578125,478.68499755859375,472.70001220703125,478.6199951171875,205631
2025-04-02 17:30:00+00:00,477.760009765625,478.25,472.70001220703125,478.1499938964844,344774
2025-04-02 17:35:00+00:00,477.45001220703125,477.760009765625,476.9849853515625,477.7349853515625,357966
2025-04-02 17:40:00+00:00,476.7900085449219,477.6780090332031,476.3699951171875,477.4750061035156,321398
2025-04-02 17:45:00+00:00,476.0892028808594,476.75,475.70001220703125,476.75,312615
2025-04-02 17:50:00+00:00,475.97088623046875,476.0899963378906,475.42999267578125,476.04010009765625,341264
2025-04-02 17:55:00+00:00,476.0849914550781,476.42999267578125,475.70001220703125,475.9955139160156,334826
2025-04-02 18:00:00+00:00,475.3800048828125,476.45001220703125,475.3500061035156,476.0400085449219,535155
2025-04-02 18:05:00+00:00,474.6799011230469,475.3796081542969,474.30999755859375,475.3500061035156,496785
2025-04-02 18:10:00+00:00,474.7200012207031,475.0400085449219,474.20660400390625,474.760009765625,277728
2025-04-02 18:15:00+00:00,474.2799987792969,474.9696044921875,474.0199890136719,474.69000244140625,440845
2025-04-02 18:20:00+00:00,473.744384765625,474.70001220703125,473.6300048828125,474.2099914550781,324226
2025-04-02 18:25:00+00:00,472.8659973144531,474.0899963378906,472.8659973144531,473.69000244140625,336016
2025-04-02 18:30:00+00:00,473.8533020019531,473.8800048828125,472.67999267578125,472.8699951171875,397235
2025-04-02 18:35:00+00:00,474.99749755859375,475.0,473.6499938964844,473.8800048828125,388511
2025-04-02 18:40:00+00:00,474.8949890136719,475.3399963378906,474.55999755859375,474.9649963378906,369572
2025-04-02 18:45:00+00:00,474.8800048828125,475.0199890136719,474.4187927246094,474.8900146484375,282539
2025-04-02 18:50:00+00:00,474.4800109863281,474.8699951171875,474.0899963378906,474.8699951171875,249373
2025-04-02 18:55:00+00:00,472.7900085449219,474.3999938964844,472.739990234375,474.3999938964844,406524
2025-04-02 19:00:00+00:00,474.3999938964844,474.45001220703125,472.7900085449219,472.7900085449219,442580
2025-04-02 19:05:00+00:00,474.1700134277344,474.5987854003906,473.8999938964844,474.3851013183594,286480
2025-04-02 19:10:00+00:00,473.599609375,474.2799987792969,473.5650939941406,474.1499938964844,205589
2025-04-02 19:15:00+00:00,473.4800109863281,474.05999755859375,473.1199951171875,473.6000061035156,307199
2025-04-02 19:20:00+00:00,474.3008117675781,474.4800109863281,473.3905029296875,473.42999267578125,559447
2025-04-02 19:25:00+00:00,474.79998779296875,474.96771240234375,473.6549987792969,474.2699890136719,352032
2025-04-02 19:30:00+00:00,475.8750915527344,476.1000061035156,474.20001220703125,474.7685852050781,454203
2025-04-02 19:35:00+00:00,475.7850036621094,476.29998779296875,475.5400085449219,475.8299865722656,499011
2025-04-02 19:40:00+00:00,476.2850036621094,476.6061096191406,475.6600036621094,475.79998779296875,462849
2025-04-02 19:45:00+00:00,476.8599853515625,477.239990234375,476.239990234375,476.2850036621094,340815
2025-04-02 19:50:00+00:00,476.5849914550781,477.1400146484375,476.3500061035156,476.8599853515625,922025
2025-04-02 19:55:00+00:00,476.17999267578125,477.09930419921875,476.0899963378906,476.6700134277344,1755961
2025-04-03 13:30:00+00:00,459.5400085449219,459.69000244140625,456.1099853515625,456.3900146484375,6932411
2025-04-03 13:35:00+00:00,459.6499938964844,460.07000732421875,457.989990234375,459.5799865722656,1981108
2025-04-03 13:40:00+00:00,458.0400085449219,459.7200012207031,457.32000732421875,459.7200012207031,1365506
2025-04-03 13:45:00+00:00,457.2049865722656,458.1600036621094,456.8800048828125,458.0849914550781,1257871
2025-04-03 13:50:00+00:00,458.5199890136719,459.510009765625,457.07000732421875,457.1600036621094,1463564
2025-04-03 13:55:00+00:00,458.0199890136719,459.19000244140625,457.28009033203125,458.5299987792969,895631
2025-04-03 14:00:00+00:00,456.2699890136719,458.3999938964844,456.0799865722656,457.95001220703125,1137242
2025-04-03 14:05:00+00:00,456.1050109863281,457.1099853515625,455.70001220703125,456.260009765625,1057266
2025-04-03 14:10:00+00:00,455.9800109863281,456.32000732421875,455.17999267578125,456.1000061035156,888207
2025-04-03 14:15:00+00:00,455.5899963378906,456.8500061035156,455.55999755859375,456.0,868760
2025-04-03 14:20:00+00:00,455.1400146484375,455.8900146484375,454.82000732421875,455.5799865722656,1112544
2025-04-03 14:25:00+00:00,456.3699951171875,457.2699890136719,455.0899963378906,455.1099853515625,1263764
2025-04-03 14:30:00+00:00,455.739990234375,457.0299987792969,455.6099853515625,456.3900146484375,702119
2025-04-03 14:35:00+00:00,455.17999267578125,455.9140930175781,454.739990234375,455.72198486328125,772767
2025-04-03 14:40:00+00:00,454.7850036621094,455.54998779296875,454.2699890136719,455.17498779296875,848068
2025-04-03 14:45:00+00:00,453.19000244140625,454.8500061035156,453.0799865722656,454.760009765625,938690
2025-04-03 14:50:00+00:00,453.1099853515625,453.25,452.55999755859375,453.1700134277344,1112227
2025-04-03 14:55:00+00:00,452.6600036621094,453.5799865722656,452.5799865722656,453.07501220703125,497242
2025-04-03 15:00:00+00:00,453.04998779296875,453.3399963378906,452.4700012207031,452.6000061035156,612063
2025-04-03 15:05:00+00:00,452.1499938964844,453.135009765625,451.560791015625,453.1099853515625,924443
2025-04-03 15:10:00+00:00,453.43011474609375,454.1199951171875,452.1199951171875,452.1600036621094,1548484
2025-04-03 15:15:00+00:00,454.3550109863281,454.739990234375,453.38409423828125,453.4200134277344,898055
2025-04-03 15:20:00+00:00,454.18499755859375,454.5400085449219,453.3699951171875,454.30999755859375,652600
2025-04-03 15:25:00+00:00,453.9800109863281,455.1600036621094,453.9599914550781,454.19000244140625,797836
2025-04-03 15:30:00+00:00,455.2200012207031,455.5299987792969,453.8800048828125,453.9800109863281,638285
2025-04-03 15:35:00+00:00,455.8999938964844,455.93499755859375,454.4200134277344,455.239990234375,797719
2025-04-03 15:40:00+00:00,456.1449890136719,456.70001220703125,455.80999755859375,455.9049987792969,1070030
2025-04-03 15:45:00+00:00,455.4599914550781,456.4493103027344,454.9599914550781,456.1400146484375,683077
2025-04-03 15:50:00+00:00,455.75,455.760009765625,454.3450012207031,455.3999938964844,513964
2025-04-03 15:55:00+00:00,455.5400085449219,456.5899963378906,455.5,455.7200012207031,531979
2025-04-03 16:00:00+00:00,455.95001220703125,456.7799987792969,455.42999267578125,455.489990234375,478954
2025-04-03 16:05:00+00:00,455.4639892578125,456.6099853515625,455.4263916015625,456.0,768512
2025-04-03 16:10:00+00:00,457.0098876953125,457.239990234375,455.3900146484375,455.4800109863281,443449
2025-04-03 16:15:00+00:00,457.6199951171875,457.69000244140625,456.73638916015625,457.00640869140625,1106231
2025-04-03 16:20:00+00:00,457.5199890136719,457.92999267578125,457.1050109863281,457.5799865722656,638129
2025-04-03 16:25:00+00:00,457.57000732421875,457.5899963378906,456.32000732421875,457.54998779296875,1027277
2025-04-03 16:30:00+00:00,455.9237060546875,457.9849853515625,455.9237060546875,457.6099853515625,698146
2025-04-03 16:35:00+00:00,456.010009765625,456.389404296875,455.6340026855469,455.8999938964844,808072
2025-04-03 16:40:00+00:00,456.2799987792969,457.3999938964844,455.9599914550781,456.0899963378906,498536
2025-04-03 16:45:00+00:00,456.7174072265625,456.7650146484375,455.80999755859375,456.2699890136719,437794
2025-04-03 16:50:00+00:00,455.2200012207031,456.760009765625,455.2099914550781,456.69000244140625,408944
2025-04-03 16:55:00+00:00,455.2799072265625,455.5199890136719,454.8900146484375,455.20001220703125,443911
2025-04-03 17:00:00+00:00,455.3999938964844,456.0899963378906,455.1000061035156,455.32000732421875,294724
2025-04-03 17:05:00+00:00,455.2499084472656,456.32000732421875,455.19000244140625,455.42999267578125,305377
2025-04-03 17:10:00+00:00,455.4700012207031,455.95001220703125,454.94000244140625,455.2200012207031,442294
2025-04-03 17:15:00+00:00,455.1300048828125,455.6700134277344,454.95001220703125,455.4700012207031,966703
2025-04-03 17:20:00+00:00,454.5299987792969,455.6700134277344,454.0249938964844,455.1700134277344,653041
2025-04-03 17:25:00+00:00,454.489990234375,454.8500061035156,454.239990234375,454.5799865722656,226078
2025-04-03 17:30:00+00:00,454.9100036621094,454.92999267578125,454.1700134277344,454.3500061035156,320013
2025-04-03 17:35:00+00:00,455.2650146484375,455.75,454.8399963378906,454.8699951171875,312081
2025-04-03 17:40:00+00:00,455.6000061035156,455.7149963378906,455.0299987792969,455.2699890136719,214575
2025-04-03 17:45:00+00:00,454.89990234375,455.8399963378906,454.8006896972656,455.6000061035156,473932
2025-04-03 17:50:00+00:00,454.6628112792969,455.0400085449219,454.3500061035156,454.92999267578125,325338
2025-04-03 17:55:00+00:00,453.79998779296875,454.6798095703125,453.7699890136719,454.6300048828125,550596
2025-04-03 18:00:00+00:00,453.7699890136719,454.3800048828125,453.7099914550781,453.760009765625,298888
2025-04-03 18:05:00+00:00,453.7098083496094,453.8699035644531,453.3399963378906,453.7799987792969,263060
2025-04-03 18:10:00+00:00,452.8450012207031,453.7200012207031,452.7821044921875,453.57000732421875,454274
2025-04-03 18:15:00+00:00,452.8150939941406,453.2200012207031,452.54998779296875,452.8299865722656,415575
2025-04-03 18:20:00+00:00,452.82000732421875,453.44000244140625,452.5130920410156,452.8299865722656,423078
2025-04-03 18:25:00+00:00,452.9700012207031,453.0950012207031,452.54998779296875,452.79998779296875,435153
2025-04-03 18:30:00+00:00,452.83489990234375,453.9200134277344,452.3800048828125,452.92999267578125,883016
2025-04-03 18:35:00+00:00,453.7300109863281,453.9570007324219,452.7200012207031,452.94000244140625,504182
2025-04-03 18:40:00+00:00,454.4100036621094,454.55999755859375,453.5690002441406,453.7200012207031,471353
2025-04-03 18:45:00+00:00,454.4949951171875,454.7300109863281,453.7850036621094,454.4100036621094,442105
2025-04-03 18:50:00+00:00,454.44000244140625,454.95001220703125,454.2200012207031,454.44000244140625,442638
2025-04-03 18:55:00+00:00,454.64019775390625,454.79998779296875,453.92120361328125,454.3599853515625,356789
2025-04-03 19:00:00+00:00,454.3299865722656,454.885009765625,454.0400085449219,454.6785888671875,354943
2025-04-03 19:05:00+00:00,454.110107421875,454.94000244140625,454.110107421875,454.3900146484375,396873
2025-04-03 19:10:00+00:00,453.8999938964844,454.4100036621094,453.5,454.125,695673
2025-04-03 19:15:00+00:00,452.32000732421875,453.92999267578125,451.6000061035156,453.9198913574219,917940
2025-04-03 19:20:00+00:00,452.162109375,452.85809326171875,451.6700134277344,452.30999755859375,1039659
2025-04-03 19:25:00+00:00,451.69000244140625,452.6099853515625,451.489990234375,452.1400146484375,598242
2025-04-03 19:30:00+00:00,451.2200012207031,451.8999938964844,450.989990234375,451.70001220703125,959436
2025-04-03 19:35:00+00:00,451.489990234375,451.57000732421875,450.8699951171875,451.2099914550781,550250
2025-04-03 19:40:00+00:00,452.38970947265625,452.4949951171875,451.25,451.4599914550781,835475
2025-04-03 19:45:00+00:00,451.05999755859375,452.49639892578125,450.8500061035156,452.3900146484375,1323267
2025-04-03 19:50:00+00:00,451.6300048828125,451.739990234375,450.55499267578125,451.0400085449219,1385064
2025-04-03 19:55:00+00:00,450.7300109863281,451.7300109863281,450.1400146484375,451.6099853515625,3483603
2025-04-04 13:30:00+00:00,438.2705078125,440.3500061035156,436.7099914550781,438.010009765625,12008605
2025-04-04 13:35:00+00:00,436.79998779296875,438.75,435.7101135253906,438.30999755859375,2408707
2025-04-04 13:40:00+00:00,435.09991455078125,436.8299865722656,434.5400085449219,436.8088073730469,2366883
2025-04-04 13:45:00+00:00,436.8301086425781,438.4961853027344,434.5,435.1300048828125,2291698
2025-04-04 13:50:00+00:00,436.8599853515625,439.0799865722656,436.6300048828125,436.8550109863281,1476055
2025-04-04 13:55:00+00:00,439.0400085449219,440.0400085449219,436.0,436.7699890136719,2402120
2025-04-04 14:00:00+00:00,437.9986877441406,439.17999267578125,437.30999755859375,438.9901123046875,990315
2025-04-04 14:05:00+00:00,435.510009765625,438.6600036621094,435.4200134277344,438.0,1225309
2025-04-04 14:10:00+00:00,434.44000244140625,435.6499938964844,433.8100891113281,435.5174865722656,1340343
2025-04-04 14:15:00+00:00,434.9100036621094,435.2900085449219,433.04998779296875,434.3399963378906,1621339
2025-04-04 14:20:00+00:00,433.8999938964844,436.0799865722656,433.5400085449219,434.81988525390625,1271652
2025-04-04 14:25:00+00:00,432.3900146484375,434.3999938964844,432.30999755859375,433.8900146484375,1452718
2025-04-04 14:30:00+00:00,431.45001220703125,433.6400146484375,431.4200134277344,432.3699951171875,2170965
2025-04-04 14:35:00+00:00,431.95001220703125,432.2300109863281,430.81219482421875,431.45001220703125,2113362
2025-04-04 14:40:00+00:00,430.6709899902344,432.1099853515625,430.40008544921875,431.92999267578125,1688073
2025-04-04 14:45:00+00:00,427.5,430.75,427.4750061035156,430.5799865722656,2409886
2025-04-04 14:50:00+00:00,429.8599853515625,430.739990234375,426.1000061035156,427.5199890136719,2281766
2025-04-04 14:55:00+00:00,430.98529052734375,432.0899963378906,429.0,429.8500061035156,1535134
2025-04-04 15:00:00+00:00,435.55999755859375,436.0899963378906,430.2099914550781,430.9100036621094,2904031
2025-04-04 15:05:00+00:00,433.7099914550781,436.04998779296875,432.4833984375,435.6700134277344,1864267
2025-04-04 15:10:00+00:00,436.5299987792969,437.4599914550781,433.4700012207031,433.6099853515625,1865691
2025-04-04 15:15:00+00:00,435.4888000488281,437.9200134277344,435.4599914550781,436.5,1374402
2025-04-04 15:20:00+00:00,437.1380920410156,437.5199890136719,435.2900085449219,435.5400085449219,1226281
2025-04-04 15:25:00+00:00,432.9703063964844,437.1293029785156,432.7699890136719,437.1293029785156,1943666
2025-04-04 15:30:00+00:00,432.9150085449219,434.4100036621094,432.4100036621094,433.0299987792969,929384
2025-04-04 15:35:00+00:00,431.239990234375,433.3800048828125,430.6499938964844,432.9200134277344,1091353
2025-04-04 15:40:00+00:00,432.5899963378906,433.19000244140625,431.0,431.1400146484375,792958
2025-04-04 15:45:00+00:00,434.4599914550781,434.82000732421875,431.5450134277344,432.510009765625,1150218
2025-04-04 15:50:00+00:00,433.4200134277344,434.8599853515625,432.760009765625,434.4800109863281,665606
2025-04-04 15:55:00+00:00,431.5400085449219,434.30999755859375,431.3800048828125,433.4200134277344,636949
2025-04-04 16:00:00+00:00,432.1099853515625,433.2200012207031,431.4288024902344,431.5299987792969,665823
2025-04-04 16:05:00+00:00,432.010009765625,433.8800048828125,431.89019775390625,432.0299987792969,587057
2025-04-04 16:10:00+00:00,432.7699890136719,433.5899963378906,431.6416015625,431.80999755859375,705273
2025-04-04 16:15:00+00:00,429.760009765625,433.3500061035156,429.57000732421875,432.94000244140625,737684
2025-04-04 16:20:00+00:00,429.19000244140625,429.989990234375,428.489990234375,429.7300109863281,531027
2025-04-04 16:25:00+00:00,428.739990234375,429.489990234375,428.0799865722656,429.19000244140625,978141
2025-04-04 16:30:00+00:00,427.6400146484375,429.07000732421875,427.610107421875,428.69000244140625,1219240
2025-04-04 16:35:00+00:00,429.8599853515625,430.239990234375,427.4100036621094,427.6300048828125,1053262
2025-04-04 16:40:00+00:00,428.510009765625,430.6400146484375,428.4700012207031,429.95001220703125,824415
2025-04-04 16:45:00+00:00,427.93499755859375,428.80999755859375,427.67999267578125,428.5150146484375,661239
2025-04-04 16:50:00+00:00,428.43499755859375,429.2152099609375,427.55999755859375,427.9100036621094,618667
2025-04-04 16:55:00+00:00,428.42999267578125,429.3699951171875,428.1499938964844,428.3599853515625,665827
2025-04-04 17:00:00+00:00,428.75,429.7650146484375,427.8999938964844,428.45001220703125,938692
2025-04-04 17:05:00+00:00,428.05010986328125,429.32000732421875,427.79998779296875,428.7401123046875,971268
2025-04-04 17:10:00+00:00,426.5350036621094,428.2052001953125,426.2699890136719,428.1000061035156,891367
2025-04-04 17:15:00+00:00,426.3999938964844,426.6199951171875,425.25,426.4700012207031,1208277
2025-04-04 17:20:00+00:00,427.42999267578125,427.5400085449219,426.2099914550781,426.4200134277344,1019082
2025-04-04 17:25:00+00:00,427.6050109863281,428.45001220703125,427.3900146484375,427.42498779296875,621517
2025-04-04 17:30:00+00:00,427.8399963378906,428.54998779296875,426.2799987792969,427.54998779296875,863776
2025-04-04 17:35:00+00:00,429.489990234375,429.92498779296875,427.6701965332031,427.8500061035156,948647
2025-04-04 17:40:00+00:00,429.1700134277344,430.29998779296875,429.04998779296875,429.3900146484375,735859
2025-04-04 17:45:00+00:00,430.8500061035156,431.0,428.760009765625,429.1099853515625,857763
2025-04-04 17:50:00+00:00,430.1549987792969,430.9599914550781,429.45001220703125,430.84600830078125,585772
2025-04-04 17:55:00+00:00,431.1700134277344,431.2300109863281,429.04998779296875,430.17999267578125,884789
2025-04-04 18:00:00+00:00,431.5899963378906,432.32989501953125,431.17999267578125,431.21038818359375,1080388
2025-04-04 18:05:00+00:00,429.6099853515625,431.80999755859375,429.4012145996094,431.5150146484375,842262
2025-04-04 18:10:00+00:00,428.6199035644531,429.7799987792969,428.5,429.6199951171875,540879
2025-04-04 18:15:00+00:00,427.375,428.6300048828125,427.20001220703125,428.5799865722656,763043
2025-04-04 18:20:00+00:00,426.7099914550781,427.7200012207031,426.6300048828125,427.42999267578125,706994
2025-04-04 18:25:00+00:00,426.25,426.9200134277344,425.9599914550781,426.69000244140625,594494
2025-04-04 18:30:00+00:00,425.9200134277344,426.7900085449219,425.4100036621094,426.29998779296875,863491
2025-04-04 18:35:00+00:00,425.07989501953125,426.3999938964844,424.57000732421875,425.8900146484375,1117020
2025-04-04 18:40:00+00:00,424.0,425.389892578125,423.6700134277344,425.07000732421875,1136390
2025-04-04 18:45:00+00:00,425.7799987792969,426.1099853515625,423.5899963378906,423.92999267578125,1132616
2025-04-04 18:50:00+00:00,426.29998779296875,426.70001220703125,425.0400085449219,425.8399963378906,957074
2025-04-04 18:55:00+00:00,425.38958740234375,426.55999755859375,424.95001220703125,426.25,727242
2025-04-04 19:00:00+00:00,425.0799865722656,426.1400146484375,424.25,425.4100036621094,867228
2025-04-04 19:05:00+00:00,425.54998779296875,425.7300109863281,424.1600036621094,425.1099853515625,862762
2025-04-04 19:10:00+00:00,427.7900085449219,428.2799987792969,425.2200012207031,425.510009765625,1524381
2025-04-04 19:15:00+00:00,425.8800964355469,427.94000244140625,425.3900146484375,427.7900085449219,1140346
2025-04-04 19:20:00+00:00,428.67999267578125,428.8595886230469,425.8500061035156,425.8900146484375,1209569
2025-04-04 19:25:00+00:00,428.2799987792969,429.25,427.4700012207031,428.7099914550781,967545
2025-04-04 19:30:00+00:00,430.69000244140625,430.7799987792969,427.7850036621094,428.2699890136719,1473234
2025-04-04 19:35:00+00:00,429.7900085449219,431.3349914550781,428.8489990234375,430.67999267578125,1883381
2025-04-04 19:40:00+00:00,429.7200012207031,430.239990234375,428.6814880371094,429.80999755859375,1054923
2025-04-04 19:45:00+00:00,427.3349914550781,430.4700012207031,427.05120849609375,429.6700134277344,1860920
2025-04-04 19:50:00+00:00,425.0069885253906,427.3299865722656,424.3299865722656,427.32000732421875,2182479
2025-04-04 19:55:00+00:00,423.2012023925781,424.9800109863281,423.0799865722656,424.9800109863281,4147267
2025-04-07 13:30:00+00:00,408.0199890136719,410.0,406.7699890136719,407.75,15720289
2025-04-07 13:35:00+00:00,406.4599914550781,408.17999267578125,404.1700134277344,408.0299987792969,3181630
2025-04-07 13:40:00+00:00,404.385009765625,407.1199951171875,402.3900146484375,406.44000244140625,3905565
2025-04-07 13:45:00+00:00,408.3299865722656,409.3399963378906,403.1300048828125,404.3399963378906,3576689
2025-04-07 13:50:00+00:00,413.1990051269531,413.2799987792969,408.0,408.2850036621094,2608884
2025-04-07 13:55:00+00:00,416.8900146484375,417.4800109863281,412.1400146484375,413.1099853515625,2434637
2025-04-07 14:00:00+00:00,415.8900146484375,418.9096984863281,414.32000732421875,416.8599853515625,3285218
2025-04-07 14:05:00+00:00,416.5400085449219,418.3299865722656,415.614990234375,415.8299865722656,2241657
2025-04-07 14:10:00+00:00,433.489990234375,437.3599853515625,416.510009765625,416.510009765625,8804943
2025-04-07 14:15:00+00:00,433.9949951171875,443.1400146484375,432.3599853515625,433.489990234375,7546614
2025-04-07 14:20:00+00:00,421.3599853515625,434.06500244140625,420.6300048828125,434.0199890136719,6933876
2025-04-07 14:25:00+00:00,419.0400085449219,426.8999938964844,418.5299987792969,421.2900085449219,4010809
2025-04-07 14:30:00+00:00,419.6600036621094,426.8999938964844,417.7699890136719,419.1700134277344,3955475
2025-04-07 14:35:00+00:00,414.75,420.79998779296875,414.4700012207031,419.6499938964844,3918895
2025-04-07 14:40:00+00:00,421.04998779296875,421.5,414.2950134277344,414.72979736328125,2517141
2025-04-07 14:45:00+00:00,421.1000061035156,422.3299865722656,417.55999755859375,421.0906982421875,2679757
2025-04-07 14:50:00+00:00,428.2698974609375,428.87701416015625,420.7200012207031,421.0899963378906,2634041
2025-04-07 14:55:00+00:00,426.2200012207031,428.4150085449219,424.67999267578125,428.1499938964844,1832521
2025-04-07 15:00:00+00:00,427.8699035644531,429.6300048828125,424.760009765625,426.20001220703125,2122843
2025-04-07 15:05:00+00:00,422.3800048828125,427.9200134277344,422.1300048828125,427.8299865722656,1960898
2025-04-07 15:10:00+00:00,417.2699890136719,424.989990234375,416.0,422.3299865722656,2962000
2025-04-07 15:15:00+00:00,418.760009765625,419.8999938964844,414.05999755859375,417.2300109863281,4377996
2025-04-07 15:20:00+00:00,415.4211120605469,421.0400085449219,415.0799865722656,418.6700134277344,2407247
2025-04-07 15:25:00+00:00,415.1112060546875,416.9599914550781,414.7300109863281,415.510009765625,1574251
2025-04-07 15:30:00+00:00,417.6499938964844,418.57000732421875,415.125,415.125,1936904
2025-04-07 15:35:00+00:00,419.1000061035156,421.42999267578125,417.44000244140625,417.6499938964844,1614382
2025-04-07 15:40:00+00:00,423.29998779296875,423.9883117675781,418.8999938964844,419.20001220703125,1643556
2025-04-07 15:45:00+00:00,422.239990234375,423.5899963378906,420.69000244140625,423.2900085449219,1220989
2025-04-07 15:50:00+00:00,420.05999755859375,423.82000732421875,419.7782897949219,422.2799987792969,1194842
2025-04-07 15:55:00+00:00,419.760009765625,421.8599853515625,419.760009765625,420.12469482421875,904477
2025-04-07 16:00:00+00:00,419.0199890136719,419.8900146484375,418.16009521484375,419.79998779296875,981669
2025-04-07 16:05:00+00:00,416.6319885253906,419.07000732421875,416.3699951171875,419.07000732421875,1025128
2025-04-07 16:10:00+00:00,417.6000061035156,418.6300048828125,415.71990966796875,416.57000732421875,1417411
2025-04-07 16:15:00+00:00,417.9100036621094,418.45001220703125,415.9100036621094,417.63531494140625,847093
2025-04-07 16:20:00+00:00,418.3399963378906,419.05999755859375,415.9700012207031,417.9100036621094,1071150
2025-04-07 16:25:00+00:00,420.1000061035156,421.0899963378906,418.4800109863281,418.5400085449219,887499
2025-04-07 16:30:00+00:00,421.5992126464844,422.3599853515625,419.6300048828125,420.1099853515625,880424
2025-04-07 16:35:00+00:00,420.0899963378906,421.5945129394531,419.8599853515625,421.5299987792969,733151
2025-04-07 16:40:00+00:00,418.6669006347656,421.0400085449219,417.82000732421875,420.0199890136719,851567
2025-04-07 16:45:00+00:00,417.67999267578125,418.5400085449219,416.5714111328125,418.5400085449219,723564
2025-04-07 16:50:00+00:00,418.25,418.659912109375,416.7799987792969,417.6600036621094,661118
2025-04-07 16:55:00+00:00,416.5199890136719,418.5150146484375,415.57000732421875,418.2300109863281,702402
2025-04-07 17:00:00+00:00,417.45001220703125,423.70001220703125,416.4200134277344,416.489990234375,2258335
2025-04-07 17:05:00+00:00,418.260009765625,418.8599853515625,416.3741149902344,417.6300048828125,1075086
2025-04-07 17:10:00+00:00,422.0450134277344,422.17498779296875,417.0799865722656,418.239990234375,1165715
2025-04-07 17:15:00+00:00,423.1499938964844,424.0,421.0199890136719,421.9800109863281,1323461
2025-04-07 17:20:00+00:00,423.3299865722656,424.3999938964844,422.3800048828125,423.1199951171875,1066969
2025-04-07 17:25:00+00:00,425.739990234375,426.0,422.79998779296875,423.3500061035156,1256039
2025-04-07 17:30:00+00:00,424.45001220703125,426.0,422.7200012207031,425.8487854003906,1142872
2025-04-07 17:35:00+00:00,426.4599914550781,426.5400085449219,423.6000061035156,424.4599914550781,804938
2025-04-07 17:40:00+00:00,427.20001220703125,427.4100036621094,424.8900146484375,426.5199890136719,821364
2025-04-07 17:45:00+00:00,427.45001220703125,429.2200012207031,425.0,427.19000244140625,1784927
2025-04-07 17:50:00+00:00,428.1400146484375,428.75,426.4949951171875,427.54998779296875,1100884
2025-04-07 17:55:00+00:00,429.17999267578125,429.489990234375,426.9200134277344,428.1600036621094,683037
2025-04-07 18:00:00+00:00,428.3299865722656,429.8900146484375,427.54998779296875,429.20001220703125,904409
2025-04-07 18:05:00+00:00,427.2300109863281,428.3599853515625,425.8299865722656,428.2850036621094,800859
2025-04-07 18:10:00+00:00,426.2699890136719,428.7900085449219,425.17999267578125,427.20001220703125,822037
2025-04-07 18:15:00+00:00,429.5400085449219,430.1600036621094,425.94500732421875,426.1400146484375,1276307
2025-04-07 18:20:00+00:00,429.0,430.13690185546875,427.7799987792969,429.5,967513
2025-04-07 18:25:00+00:00,424.82000732421875,429.2300109863281,424.5299987792969,429.1300048828125,1039474
2025-04-07 18:30:00+00:00,426.20001220703125,426.4148864746094,424.7799987792969,424.8800048828125,750909
2025-04-07 18:35:00+00:00,427.7449951171875,428.0899963378906,425.5400085449219,426.04998779296875,747135
2025-04-07 18:40:00+00:00,426.67999267578125,428.6482849121094,426.4200134277344,427.6300048828125,800092
2025-04-07 18:45:00+00:00,426.05999755859375,427.8800048828125,425.3999938964844,426.5899963378906,697568
2025-04-07 18:50:00+00:00,423.7200012207031,426.30499267578125,423.57000732421875,426.0050964355469,790179
2025-04-07 18:55:00+00:00,423.1499938964844,424.260009765625,422.2900085449219,423.82000732421875,820636
2025-04-07 19:00:00+00:00,423.5799865722656,426.010009765625,422.94000244140625,423.1499938964844,1310773
2025-04-07 19:05:00+00:00,421.8999938964844,424.1700134277344,421.6000061035156,423.6499938964844,624539
2025-04-07 19:10:00+00:00,421.6099853515625,422.2099914550781,420.9599914550781,421.8299865722656,602271
2025-04-07 19:15:00+00:00,423.5498962402344,424.239990234375,420.1499938964844,421.55999755859375,1322977
2025-04-07 19:20:00+00:00,422.1700134277344,424.260009765625,421.55999755859375,423.5,800217
2025-04-07 19:25:00+00:00,420.760009765625,422.8500061035156,420.510009765625,422.1449890136719,1051353
2025-04-07 19:30:00+00:00,424.58990478515625,425.8399963378906,420.7900085449219,420.7900085449219,1550335
2025-04-07 19:35:00+00:00,424.42999267578125,426.2594909667969,424.0,424.6199951171875,919132
2025-04-07 19:40:00+00:00,421.52789306640625,424.7300109863281,421.2300109863281,424.32000732421875,995135
2025-04-07 19:45:00+00:00,422.3599853515625,422.8699951171875,421.3399963378906,421.5,1061173
2025-04-07 19:50:00+00:00,422.7250061035156,423.0,420.6000061035156,422.32000732421875,1162495
2025-04-07 19:55:00+00:00,423.9599914550781,424.6099853515625,422.739990234375,422.739990234375,3005529
2025-04-08 13:30:00+00:00,438.6199951171875,439.44000244140625,437.22479248046875,438.1600036621094,9419031
2025-04-08 13:35:00+00:00,437.05999755859375,439.29998779296875,436.07000732421875,438.6099853515625,2377462
2025-04-08 13:40:00+00:00,437.7803955078125,438.5400085449219,436.3599853515625,437.1000061035156,1795744
2025-04-08 13:45:00+00:00,437.17999267578125,439.7900085449219,437.07000732421875,437.8399963378906,1705325
2025-04-08 13:50:00+00:00,439.760009765625,440.05621337890625,436.8399963378906,437.2200012207031,1552404
2025-04-08 13:55:00+00:00,440.57000732421875,440.968994140625,439.0199890136719,439.7799987792969,1450267
2025-04-08 14:00:00+00:00,441.4136962890625,441.8800048828125,439.9049987792969,440.5199890136719,1465240
2025-04-08 14:05:00+00:00,442.3699951171875,442.4700012207031,440.5199890136719,441.4100036621094,1390055
2025-04-08 14:10:00+00:00,441.6499938964844,442.5,440.5899963378906,442.31500244140625,1081306
2025-04-08 14:15:00+00:00,442.2099914550781,442.95001220703125,441.510009765625,441.7699890136719,1542746
2025-04-08 14:20:00+00:00,441.5799865722656,443.05999755859375,441.4504089355469,442.29998779296875,813495
2025-04-08 14:25:00+00:00,441.385009765625,443.1383972167969,441.260009765625,441.55999755859375,1344641
2025-04-08 14:30:00+00:00,441.94000244140625,442.2900085449219,440.57000732421875,441.3800048828125,1107159
2025-04-08 14:35:00+00:00,442.2449951171875,442.5199890136719,441.05999755859375,442.0400085449219,868452
2025-04-08 14:40:00+00:00,440.1700134277344,442.3699951171875,440.05999755859375,442.260009765625,920009
2025-04-08 14:45:00+00:00,439.5840148925781,441.07000732421875,439.2699890136719,440.1600036621094,865111
2025-04-08 14:50:00+00:00,438.82000732421875,439.96929931640625,438.69000244140625,439.6000061035156,821588
2025-04-08 14:55:00+00:00,437.3599853515625,438.94000244140625,437.33099365234375,438.8500061035156,1099420
2025-04-08 15:00:00+00:00,438.4486083984375,438.8900146484375,437.2300109863281,437.3901062011719,1455993
2025-04-08 15:05:00+00:00,437.19000244140625,438.4599914550781,436.4100036621094,438.45001220703125,792807
2025-04-08 15:10:00+00:00,435.7850036621094,437.3500061035156,435.2799987792969,437.260009765625,902010
2025-04-08 15:15:00+00:00,435.8500061035156,436.12860107421875,434.4599914550781,435.79998779296875,1267100
2025-04-08 15:20:00+00:00,434.7900085449219,436.8999938964844,434.32000732421875,435.92999267578125,1038712
2025-04-08 15:25:00+00:00,434.0899963378906,435.70001220703125,434.07000732421875,434.6698913574219,637137
2025-04-08 15:30:00+00:00,435.17999267578125,435.6778869628906,433.9599914550781,434.1549987792969,684831
2025-04-08 15:35:00+00:00,436.8599853515625,437.1400146484375,434.9599914550781,435.1199951171875,1097417
2025-04-08 15:40:00+00:00,436.7799987792969,437.80999755859375,436.42999267578125,436.8194885253906,833601
2025-04-08 15:45:00+00:00,434.9200134277344,437.3999938964844,434.6502990722656,436.739990234375,555574
2025-04-08 15:50:00+00:00,434.58050537109375,435.32000732421875,433.3999938964844,434.9200134277344,718400
2025-04-08 15:55:00+00:00,435.75,436.0849914550781,434.25,434.6300048828125,491530
2025-04-08 16:00:00+00:00,435.44000244140625,435.75,434.70001220703125,435.7300109863281,471343
2025-04-08 16:05:00+00:00,434.79541015625,436.2898864746094,434.510009765625,435.5,500697
2025-04-08 16:10:00+00:00,434.57000732421875,436.1672058105469,434.5199890136719,434.885009765625,495229
2025-04-08 16:15:00+00:00,432.3900146484375,434.7904052734375,432.0799865722656,434.55999755859375,928277
2025-04-08 16:20:00+00:00,431.17999267578125,432.6300048828125,430.81500244140625,432.3900146484375,744650
2025-04-08 16:25:00+00:00,432.5799865722656,432.6499938964844,430.7200012207031,431.114990234375,890245
2025-04-08 16:30:00+00:00,430.42999267578125,433.2200012207031,430.04998779296875,432.54998779296875,1422179
2025-04-08 16:35:00+00:00,428.0199890136719,431.20001220703125,427.5509948730469,430.3900146484375,1634173
2025-04-08 16:40:00+00:00,427.6549987792969,428.7699890136719,426.6400146484375,428.04998779296875,1338660
2025-04-08 16:45:00+00:00,429.260009765625,430.45001220703125,427.0799865722656,427.69000244140625,1501880
2025-04-08 16:50:00+00:00,428.2143859863281,429.7699890136719,427.9100036621094,429.2200012207031,891808
2025-04-08 16:55:00+00:00,426.3599853515625,429.5745849609375,426.20050048828125,428.2799987792969,934886
2025-04-08 17:00:00+00:00,426.9599914550781,427.0585021972656,425.4649963378906,426.29998779296875,1038973
2025-04-08 17:05:00+00:00,424.4200134277344,428.05999755859375,424.2699890136719,427.0498962402344,1265906
2025-04-08 17:10:00+00:00,424.7701110839844,425.20001220703125,423.489990234375,424.4200134277344,1096262
2025-04-08 17:15:00+00:00,425.32000732421875,426.67999267578125,424.5799865722656,424.7699890136719,1158095
2025-04-08 17:20:00+00:00,424.6400146484375,425.67999267578125,423.8900146484375,425.260009765625,691644
2025-04-08 17:25:00+00:00,422.69000244140625,425.1199951171875,422.510009765625,424.6300048828125,1024788
2025-04-08 17:30:00+00:00,422.6099853515625,423.80999755859375,422.2200012207031,422.625,894501
2025-04-08 17:35:00+00:00,425.1099853515625,425.760009765625,422.3299865722656,422.6199951171875,1525604
2025-04-08 17:40:00+00:00,427.385009765625,428.7799987792969,424.9599914550781,425.010009765625,1296913
2025-04-08 17:45:00+00:00,425.30999755859375,427.5299987792969,424.989990234375,427.489990234375,856195
2025-04-08 17:50:00+00:00,425.5299987792969,426.8399963378906,424.54998779296875,425.2799987792969,545573
2025-04-08 17:55:00+00:00,426.5299987792969,426.9800109863281,425.4440002441406,425.5199890136719,317755
2025-04-08 18:00:00+00:00,425.7900085449219,426.8500061035156,425.29998779296875,426.510009765625,479941
2025-04-08 18:05:00+00:00,424.2699890136719,425.739990234375,423.79998779296875,425.739990234375,472798
2025-04-08 18:10:00+00:00,423.614990234375,424.79998779296875,423.090087890625,424.30999755859375,376035
2025-04-08 18:15:00+00:00,425.7799987792969,426.0596008300781,423.44000244140625,423.6075134277344,771024
2025-04-08 18:20:00+00:00,424.8900146484375,425.98291015625,424.3399963378906,425.82000732421875,433899
2025-04-08 18:25:00+00:00,422.68499755859375,425.0,422.3800048828125,424.9700012207031,497306
2025-04-08 18:30:00+00:00,423.5299987792969,427.3800048828125,422.70001220703125,422.70001220703125,1294297
2025-04-08 18:35:00+00:00,422.43499755859375,423.5940856933594,421.5400085449219,423.3800048828125,789477
2025-04-08 18:40:00+00:00,421.3128967285156,422.5400085449219,421.2200012207031,422.510009765625,529966
2025-04-08 18:45:00+00:00,422.8599853515625,423.6099853515625,421.3121032714844,421.3399963378906,938730
2025-04-08 18:50:00+00:00,422.2200012207031,423.5185852050781,422.0400085449219,423.0299987792969,407659
2025-04-08 18:55:00+00:00,421.05999755859375,422.3699951171875,421.05999755859375,422.2099914550781,477626
2025-04-08 19:00:00+00:00,419.3599853515625,421.54998779296875,419.135009765625,421.1499938964844,772126
2025-04-08 19:05:00+00:00,417.32000732421875,419.8900146484375,417.19500732421875,419.3500061035156,1325421
2025-04-08 19:10:00+00:00,415.8699951171875,418.1600036621094,415.7699890136719,417.2300109863281,1496710
2025-04-08 19:15:00+00:00,414.6700134277344,416.29998779296875,413.7300109863281,415.9700012207031,1236423
2025-04-08 19:20:00+00:00,416.4450988769531,416.6300048828125,414.44000244140625,414.57000732421875,1433860
2025-04-08 19:25:00+00:00,416.94171142578125,418.0249938964844,416.2950134277344,416.40509033203125,1425659
2025-04-08 19:30:00+00:00,415.0400085449219,416.9700927734375,414.7300109863281,416.9700927734375,1165129
2025-04-08 19:35:00+00:00,411.8599853515625,415.05999755859375,411.30999755859375,415.05999755859375,1501706
2025-04-08 19:40:00+00:00,411.1158142089844,413.90838623046875,411.0299987792969,411.8599853515625,1420993
2025-04-08 19:45:00+00:00,409.989990234375,412.1700134277344,409.7900085449219,411.1199951171875,1520439
2025-04-08 19:50:00+00:00,415.9200134277344,416.2799987792969,410.0,410.0,2956069
2025-04-08 19:55:00+00:00,416.239990234375,416.6650085449219,413.4800109863281,415.8299865722656,3078651
2025-04-09 13:30:00+00:00,417.1600036621094,419.2699890136719,415.45001220703125,415.59259033203125,10055708
2025-04-09 13:35:00+00:00,421.05999755859375,421.05999755859375,416.1499938964844,417.0899963378906,1865276
2025-04-09 13:40:00+00:00,419.3699951171875,423.95001220703125,419.001708984375,421.0255126953125,1906761
2025-04-09 13:45:00+00:00,420.6400146484375,420.6600036621094,417.8599853515625,418.8699951171875,1735538
2025-04-09 13:50:00+00:00,421.9599914550781,422.6700134277344,420.0,420.5899963378906,1312943
2025-04-09 13:55:00+00:00,421.3900146484375,422.82000732421875,420.7099914550781,421.9049987792969,1039983
2025-04-09 14:00:00+00:00,423.25,424.94000244140625,422.5400085449219,423.8500061035156,1702034
2025-04-09 14:05:00+00:00,420.1499938964844,423.3399963378906,419.3999938964844,423.1300048828125,1267058
2025-04-09 14:10:00+00:00,419.2699890136719,422.139892578125,418.5899963378906,420.260009765625,1006412
2025-04-09 14:15:00+00:00,420.9849853515625,421.29998779296875,419.2099914550781,419.25,731586
2025-04-09 14:20:00+00:00,421.2900085449219,422.6499938964844,419.2300109863281,421.0400085449219,911716
2025-04-09 14:25:00+00:00,421.2799987792969,421.7900085449219,419.3800048828125,421.260009765625,767901
2025-04-09 14:30:00+00:00,423.239990234375,423.8599853515625,420.8800048828125,421.30999755859375,885868
2025-04-09 14:35:00+00:00,421.1099853515625,423.3999938964844,420.5,423.18499755859375,692384
2025-04-09 14:40:00+00:00,420.4700012207031,421.4700012207031,420.09228515625,421.052001953125,690535
2025-04-09 14:45:00+00:00,419.5400085449219,422.20001220703125,419.1199951171875,420.5,711910
2025-04-09 14:50:00+00:00,417.1400146484375,419.92999267578125,416.3800048828125,419.4801025390625,1249064
2025-04-09 14:55:00+00:00,415.8700866699219,417.8999938964844,415.739990234375,417.17999267578125,1083057
2025-04-09 15:00:00+00:00,417.9798889160156,417.9798889160156,415.6300048828125,415.8599853515625,768492
2025-04-09 15:05:00+00:00,419.4100036621094,420.0400085449219,417.3999938964844,417.8644104003906,738033
2025-04-09 15:10:00+00:00,418.8500061035156,419.95001220703125,418.3999938964844,419.4613952636719,570528
2025-04-09 15:15:00+00:00,420.3835144042969,421.1499938964844,418.9599914550781,418.9599914550781,570506
2025-04-09 15:20:00+00:00,421.4543151855469,421.5840148925781,420.2300109863281,420.3999938964844,414427
2025-04-09 15:25:00+00:00,420.04998779296875,421.4700012207031,419.8999938964844,421.4700012207031,567643
2025-04-09 15:30:00+00:00,419.0400085449219,421.1300048828125,418.55999755859375,420.05999755859375,857950
2025-04-09 15:35:00+00:00,418.1099853515625,419.6600036621094,417.9949951171875,419.0,815707
2025-04-09 15:40:00+00:00,417.1000061035156,418.3999938964844,416.847412109375,418.1099853515625,554681
2025-04-09 15:45:00+00:00,419.6658020019531,420.95001220703125,417.2099914550781,417.2300109863281,818428
2025-04-09 15:50:00+00:00,418.8500061035156,420.20001220703125,418.6000061035156,419.6400146484375,411309
2025-04-09 15:55:00+00:00,418.1610107421875,419.0119934082031,417.4599914550781,418.79998779296875,460807
2025-04-09 16:00:00+00:00,417.9432067871094,418.8399963378906,417.2200012207031,418.17999267578125,480144
2025-04-09 16:05:00+00:00,419.5400085449219,419.8800048828125,417.70001220703125,418.04998779296875,315463
2025-04-09 16:10:00+00:00,421.9200134277344,422.30999755859375,419.206298828125,419.5400085449219,797084
2025-04-09 16:15:00+00:00,421.93499755859375,422.3500061035156,421.3299865722656,421.9068908691406,516565
2025-04-09 16:20:00+00:00,421.2699890136719,422.1300048828125,421.1200866699219,421.9100036621094,432538
2025-04-09 16:25:00+00:00,421.5,422.6400146484375,421.1419982910156,421.17999267578125,465914
2025-04-09 16:30:00+00:00,422.30999755859375,422.3699951171875,420.8800048828125,421.4549865722656,579513
2025-04-09 16:35:00+00:00,422.3999938964844,422.9800109863281,421.5830993652344,422.32000732421875,517268
2025-04-09 16:40:00+00:00,422.1499938964844,422.4700012207031,421.3800048828125,422.4267883300781,269999
2025-04-09 16:45:00+00:00,422.8800048828125,422.9200134277344,421.54998779296875,422.17718505859375,559080
2025-04-09 16:50:00+00:00,423.44000244140625,423.7099914550781,422.0,422.8800048828125,751608
2025-04-09 16:55:00+00:00,423.260009765625,424.4200134277344,423.1099853515625,423.3631896972656,765814
2025-04-09 17:00:00+00:00,427.2268981933594,427.5,423.17999267578125,423.376708984375,1677784
2025-04-09 17:05:00+00:00,424.19000244140625,427.2699890136719,423.9700012207031,427.25,1215762
2025-04-09 17:10:00+00:00,424.8800048828125,424.8800048828125,423.29998779296875,424.2300109863281,652229
2025-04-09 17:15:00+00:00,434.3299865722656,435.4100036621094,420.5799865722656,424.9599914550781,3862132
2025-04-09 17:20:00+00:00,443.8800048828125,444.9375915527344,429.20001220703125,434.0408935546875,6035018
2025-04-09 17:25:00+00:00,444.2099914550781,453.5,443.3500061035156,443.6300048828125,5668053
2025-04-09 17:30:00+00:00,451.8949890136719,452.0,443.5400085449219,444.2200012207031,4846528
2025-04-09 17:35:00+00:00,447.9949951171875,456.2699890136719,447.760009765625,451.8299865722656,3773858
2025-04-09 17:40:00+00:00,447.0400085449219,450.2900085449219,445.57000732421875,448.05999755859375,2892218
2025-04-09 17:45:00+00:00,451.44378662109375,453.82989501953125,446.7099914550781,447.04998779296875,2816551
2025-04-09 17:50:00+00:00,452.54998779296875,452.54998779296875,449.3399963378906,451.6050109863281,1698118
2025-04-09 17:55:00+00:00,455.7099914550781,456.0712890625,450.42999267578125,452.54998779296875,2383649
2025-04-09 18:00:00+00:00,456.7200012207031,458.7300109863281,455.1499938964844,455.7799987792969,3612498
2025-04-09 18:05:00+00:00,455.3399963378906,457.4540100097656,452.44000244140625,456.67498779296875,2722012
2025-04-09 18:10:00+00:00,455.41009521484375,457.5299987792969,454.2900085449219,455.42999267578125,2125854
2025-04-09 18:15:00+00:00,455.4949951171875,458.1199951171875,454.1300048828125,455.3999938964844,1715632
2025-04-09 18:20:00+00:00,458.7449951171875,459.2300109863281,454.6400146484375,455.5,1444531
2025-04-09 18:25:00+00:00,459.5299987792969,461.3291015625,458.00201416015625,458.75,1926242
2025-04-09 18:30:00+00:00,458.0,461.2699890136719,457.19000244140625,459.6099853515625,2033610
2025-04-09 18:35:00+00:00,459.17999267578125,460.1000061035156,457.6925964355469,458.0400085449219,1758484
2025-04-09 18:40:00+00:00,455.45001220703125,459.55999755859375,454.8006896972656,459.21990966796875,1893250
2025-04-09 18:45:00+00:00,455.79998779296875,457.0,453.70001220703125,455.5299987792969,1834115
2025-04-09 18:50:00+00:00,455.70001220703125,458.1499938964844,454.57000732421875,455.80999755859375,1302593
2025-04-09 18:55:00+00:00,453.07000732421875,456.1000061035156,452.7900085449219,455.81439208984375,1222891
2025-04-09 19:00:00+00:00,455.7749938964844,455.92999267578125,451.7300109863281,453.04998779296875,1927522
2025-04-09 19:05:00+00:00,456.3800048828125,456.6300048828125,454.04998779296875,455.8399963378906,1516693
2025-04-09 19:10:00+00:00,459.2200012207031,459.3800048828125,456.3599853515625,456.42999267578125,1812869
2025-04-09 19:15:00+00:00,460.45001220703125,460.45001220703125,457.54998779296875,459.2200012207031,1449556
2025-04-09 19:20:00+00:00,462.19000244140625,462.6300048828125,460.25,460.3800048828125,1898583
2025-04-09 19:25:00+00:00,462.2300109863281,463.4796142578125,461.4599914550781,462.1650085449219,1643931
2025-04-09 19:30:00+00:00,464.05999755859375,465.010009765625,462.05999755859375,462.07000732421875,2461525
2025-04-09 19:35:00+00:00,463.8450012207031,464.1986083984375,461.4100036621094,464.1600036621094,2234536
2025-04-09 19:40:00+00:00,463.1000061035156,463.8500061035156,462.45001220703125,463.8500061035156,1287394
2025-04-09 19:45:00+00:00,464.7080078125,464.7900085449219,461.9200134277344,463.1400146484375,2134095
2025-04-09 19:50:00+00:00,466.5,467.57000732421875,464.7099914550781,464.7099914550781,3176274
2025-04-09 19:55:00+00:00,465.1600036621094,467.82000732421875,464.1000061035156,466.5799865722656,5979557
2025-04-10 13:30:00+00:00,454.3500061035156,455.5899963378906,452.44000244140625,453.614990234375,7232727
2025-04-10 13:35:00+00:00,453.7752990722656,455.1549987792969,452.3900146484375,454.3399963378906,2053190
2025-04-10 13:40:00+00:00,452.239990234375,453.7850036621094,451.0,453.7850036621094,1618217
2025-04-10 13:45:00+00:00,454.1034851074219,454.5299987792969,451.67999267578125,452.1700134277344,1650474
2025-04-10 13:50:00+00:00,452.55999755859375,455.07000732421875,451.8599853515625,454.05999755859375,1225383
2025-04-10 13:55:00+00:00,450.5199890136719,452.864990234375,450.5,452.5899963378906,1159380
2025-04-10 14:00:00+00:00,450.1499938964844,451.6199951171875,448.75628662109375,450.510009765625,1651265
2025-04-10 14:05:00+00:00,450.8800048828125,451.5400085449219,449.2200012207031,450.164794921875,1153301
2025-04-10 14:10:00+00:00,449.5400085449219,450.875,448.2699890136719,450.875,926097
2025-04-10 14:15:00+00:00,449.1199951171875,450.6780090332031,448.9700012207031,449.5299987792969,803358
2025-04-10 14:20:00+00:00,451.68499755859375,451.9800109863281,448.8699951171875,449.1099853515625,1114194
2025-04-10 14:25:00+00:00,450.1485900878906,452.4599914550781,449.9599914550781,451.635009765625,874589
2025-04-10 14:30:00+00:00,452.8900146484375,452.9599914550781,450.1549987792969,450.1600036621094,750112
2025-04-10 14:35:00+00:00,452.5602111816406,453.45001220703125,452.05999755859375,452.82000732421875,703691
2025-04-10 14:40:00+00:00,451.8800048828125,453.9200134277344,451.6499938964844,452.5799865722656,1076411
2025-04-10 14:45:00+00:00,450.5899963378906,452.2900085449219,450.04541015625,452.010009765625,718579
2025-04-10 14:50:00+00:00,450.6099853515625,451.1400146484375,449.55999755859375,450.5299987792969,1208974
2025-04-10 14:55:00+00:00,448.69000244140625,451.0899963378906,448.44000244140625,450.6499938964844,1250935
2025-04-10 15:00:00+00:00,448.9696044921875,449.1700134277344,448.25,448.67498779296875,588649
2025-04-10 15:05:00+00:00,450.7300109863281,450.9200134277344,448.6499938964844,448.8800048828125,1508720
2025-04-10 15:10:00+00:00,448.75,450.7900085449219,448.5299987792969,450.7149963378906,873054
2025-04-10 15:15:00+00:00,447.82000732421875,448.9700012207031,447.5600891113281,448.7300109863281,741320
2025-04-10 15:20:00+00:00,446.8442077636719,448.010009765625,446.260009765625,447.7799987792969,870460
2025-04-10 15:25:00+00:00,445.8900146484375,447.25,445.8599853515625,446.8550109863281,657043
2025-04-10 15:30:00+00:00,445.8699951171875,446.4200134277344,444.2300109863281,445.8800048828125,1582188
2025-04-10 15:35:00+00:00,444.7950134277344,446.1499938964844,444.67498779296875,445.8800048828125,1105965
2025-04-10 15:40:00+00:00,444.3500061035156,445.8800048828125,443.95001220703125,444.7699890136719,917922
2025-04-10 15:45:00+00:00,443.57000732421875,445.2403869628906,443.42999267578125,444.239990234375,800654
2025-04-10 15:50:00+00:00,444.0144958496094,444.0880126953125,441.8999938964844,443.4800109863281,2409010
2025-04-10 15:55:00+00:00,441.3299865722656,444.3900146484375,440.801513671875,444.0382995605469,1131039
2025-04-10 16:00:00+00:00,439.1600036621094,442.6700134277344,439.1404113769531,441.30999755859375,1874512
2025-04-10 16:05:00+00:00,440.47198486328125,441.5400085449219,438.42999267578125,439.1549987792969,1416366
2025-04-10 16:10:00+00:00,439.02850341796875,441.4100036621094,438.70001220703125,440.42999267578125,888470
2025-04-10 16:15:00+00:00,437.19500732421875,439.1199951171875,436.2699890136719,438.8500061035156,5115542
2025-04-10 16:20:00+00:00,436.3500061035156,437.20001220703125,433.17999267578125,437.20001220703125,1818342
2025-04-10 16:25:00+00:00,434.75,436.510009765625,432.6499938964844,436.339599609375,2033110
2025-04-10 16:30:00+00:00,438.95001220703125,439.2099914550781,434.5299987792969,434.8299865722656,2177775
2025-04-10 16:35:00+00:00,440.04998779296875,440.7799987792969,437.8500061035156,438.9100036621094,1260190
2025-04-10 16:40:00+00:00,440.0400085449219,440.5899963378906,438.6400146484375,440.0299987792969,984907
2025-04-10 16:45:00+00:00,441.45001220703125,442.07000732421875,437.8999938964844,440.0249938964844,1238671
2025-04-10 16:50:00+00:00,440.2699890136719,442.4800109863281,439.42999267578125,441.5,1228707
2025-04-10 16:55:00+00:00,442.1499938964844,442.6698913574219,440.05999755859375,440.0799865722656,1152804
2025-04-10 17:00:00+00:00,443.125,446.57000732421875,441.30999755859375,442.1199951171875,1635756
2025-04-10 17:05:00+00:00,440.1947021484375,443.05999755859375,439.8999938964844,443.0,1165398
2025-04-10 17:10:00+00:00,437.510009765625,440.5050048828125,436.739990234375,440.1600036621094,1255100
2025-04-10 17:15:00+00:00,438.0249938964844,438.6000061035156,436.510009765625,437.4750061035156,1001268
2025-04-10 17:20:00+00:00,438.3800048828125,438.8800048828125,435.4700012207031,438.10418701171875,1223303
2025-04-10 17:25:00+00:00,441.4649963378906,441.70001220703125,438.17999267578125,438.489990234375,1225303
2025-04-10 17:30:00+00:00,441.69000244140625,443.18939208984375,440.5400085449219,441.45001220703125,827860
2025-04-10 17:35:00+00:00,441.7850036621094,443.82000732421875,441.4898986816406,441.6199951171875,968660
2025-04-10 17:40:00+00:00,444.2799987792969,444.3800048828125,441.4800109863281,441.78021240234375,840306
2025-04-10 17:45:00+00:00,443.989990234375,445.9399108886719,443.3900146484375,444.239990234375,1127186
2025-04-10 17:50:00+00:00,445.5400085449219,446.0,442.7099914550781,444.0,1138505
2025-04-10 17:55:00+00:00,445.75,447.0,445.3800048828125,445.5899963378906,892852
2025-04-10 18:00:00+00:00,448.3299865722656,449.0,445.0705871582031,445.67999267578125,1125735
2025-04-10 18:05:00+00:00,444.07000732421875,448.9800109863281,443.82000732421875,448.3999938964844,1238714
2025-04-10 18:10:00+00:00,442.5899963378906,444.7300109863281,442.3161926269531,444.0398864746094,811781
2025-04-10 18:15:00+00:00,444.17999267578125,444.8599853515625,441.9100036621094,442.5299987792969,806274
2025-04-10 18:20:00+00:00,447.5,448.5799865722656,444.1300048828125,444.2250061035156,1315958
2025-04-10 18:25:00+00:00,449.44000244140625,449.80999755859375,446.8699951171875,447.4800109863281,1149488
2025-04-10 18:30:00+00:00,448.19219970703125,450.6700134277344,448.1200866699219,449.4649963378906,1208165
2025-04-10 18:35:00+00:00,449.119384765625,449.39990234375,446.8854064941406,448.1722106933594,823680
2025-04-10 18:40:00+00:00,450.4100036621094,450.82000732421875,448.239990234375,449.1199951171875,1204559
2025-04-10 18:45:00+00:00,447.8800048828125,450.5199890136719,446.9100036621094,450.2799987792969,680814
2025-04-10 18:50:00+00:00,446.30999755859375,449.44000244140625,446.04998779296875,448.0299987792969,680289
2025-04-10 18:55:00+00:00,447.6600036621094,448.5899963378906,445.1099853515625,446.2900085449219,3358087
2025-04-10 19:00:00+00:00,449.739990234375,450.4800109863281,446.54998779296875,447.5299987792969,963898
2025-04-10 19:05:00+00:00,445.70001220703125,450.2900085449219,445.6499938964844,449.7149963378906,797420
2025-04-10 19:10:00+00:00,446.3800048828125,446.9599914550781,445.010009765625,445.739990234375,643223
2025-04-10 19:15:00+00:00,447.67999267578125,447.9783020019531,445.19000244140625,446.31500244140625,544758
2025-04-10 19:20:00+00:00,446.7300109863281,449.1499938964844,445.9049987792969,447.7300109863281,579952
2025-04-10 19:25:00+00:00,443.80999755859375,448.0299987792969,443.79998779296875,446.6700134277344,696247
2025-04-10 19:30:00+00:00,445.55999755859375,446.8500061035156,443.6099853515625,443.8900146484375,819349
2025-04-10 19:35:00+00:00,443.70001220703125,446.07000732421875,443.5199890136719,445.51580810546875,1118565
2025-04-10 19:40:00+00:00,440.9800109863281,444.2893981933594,440.45001220703125,443.67999267578125,1259507
2025-04-10 19:45:00+00:00,441.7300109863281,443.04998779296875,440.3800048828125,440.9800109863281,1362242
2025-04-10 19:50:00+00:00,447.04998779296875,447.3175048828125,441.3399963378906,441.5400085449219,1814879
2025-04-10 19:55:00+00:00,446.17999267578125,447.9200134277344,444.1600036621094,446.9700012207031,3311750
2025-04-11 13:30:00+00:00,444.75,446.2796936035156,443.2099914550781,445.6099853515625,4642820
2025-04-11 13:35:00+00:00,447.0,447.6499938964844,443.80999755859375,444.6600036621094,1245548
2025-04-11 13:40:00+00:00,447.6112976074219,448.5,444.6449890136719,447.0,1321618
2025-04-11 13:45:00+00:00,448.5799865722656,449.82000732421875,447.44000244140625,447.6300048828125,1028783
2025-04-11 13:50:00+00:00,449.8200988769531,450.3789978027344,447.4800109863281,448.6499938964844,935524
2025-04-11 13:55:00+00:00,448.239990234375,449.9599914550781,448.239990234375,449.9599914550781,649401
2025-04-11 14:00:00+00:00,446.8399963378906,448.7699890136719,445.2200012207031,448.30999755859375,1071203
2025-04-11 14:05:00+00:00,448.8952941894531,449.760009765625,446.3100891113281,446.80999755859375,860731
2025-04-11 14:10:00+00:00,447.5199890136719,449.4645080566406,445.92999267578125,448.8699951171875,616428
2025-04-11 14:15:00+00:00,444.6099853515625,448.79998779296875,444.4700012207031,447.489990234375,674091
2025-04-11 14:20:00+00:00,443.44000244140625,444.90850830078125,441.3299865722656,444.7699890136719,1006328
2025-04-11 14:25:00+00:00,442.0899963378906,444.04998779296875,441.82000732421875,443.44000244140625,652812
2025-04-11 14:30:00+00:00,444.989013671875,445.4194030761719,441.3399963378906,442.2200012207031,836581
2025-04-11 14:35:00+00:00,445.7200012207031,446.2200012207031,444.5799865722656,445.1499938964844,424439
2025-04-11 14:40:00+00:00,446.70001220703125,446.9049987792969,444.55999755859375,445.6498107910156,544162
2025-04-11 14:45:00+00:00,447.2123107910156,447.9100036621094,446.6700134277344,446.6700134277344,492254
2025-04-11 14:50:00+00:00,446.07000732421875,447.0799865722656,445.19000244140625,447.0799865722656,470329
2025-04-11 14:55:00+00:00,444.79998779296875,446.70001220703125,444.57000732421875,446.0,332971
2025-04-11 15:00:00+00:00,444.3599853515625,448.6191101074219,443.8399963378906,444.67999267578125,768101
2025-04-11 15:05:00+00:00,444.8854064941406,445.3598937988281,443.2200012207031,444.4100036621094,503184
2025-04-11 15:10:00+00:00,443.4801025390625,445.4294128417969,443.2699890136719,444.95001220703125,400425
2025-04-11 15:15:00+00:00,443.3900146484375,444.1600036621094,442.57000732421875,443.45001220703125,422730
2025-04-11 15:20:00+00:00,443.2112121582031,444.5199890136719,442.63238525390625,443.3699951171875,442836
2025-04-11 15:25:00+00:00,444.7699890136719,445.2099914550781,443.0849914550781,443.20001220703125,356859
2025-04-11 15:30:00+00:00,445.5060119628906,445.76971435546875,444.20001220703125,444.7300109863281,320708
2025-04-11 15:35:00+00:00,447.75,447.75,444.8900146484375,445.5,537054
2025-04-11 15:40:00+00:00,446.9800109863281,447.8299865722656,446.065185546875,447.7650146484375,321895
2025-04-11 15:45:00+00:00,447.56988525390625,448.010009765625,446.57000732421875,446.9800109863281,296186
2025-04-11 15:50:00+00:00,447.3800048828125,447.79998779296875,446.5899963378906,447.4847106933594,242171
2025-04-11 15:55:00+00:00,448.3900146484375,448.55999755859375,447.4100036621094,447.4949951171875,224236
2025-04-11 16:00:00+00:00,448.4215087890625,448.5801086425781,447.55999755859375,448.4100036621094,346322
2025-04-11 16:05:00+00:00,448.42999267578125,450.1000061035156,448.3599853515625,448.4693908691406,562624
2025-04-11 16:10:00+00:00,449.0799865722656,449.7699890136719,448.4100036621094,448.489990234375,355898
2025-04-11 16:15:00+00:00,449.6400146484375,449.8299865722656,448.6499938964844,449.0899963378906,277682
2025-04-11 16:20:00+00:00,448.5101013183594,449.7699890136719,448.45001220703125,449.5799865722656,456829
2025-04-11 16:25:00+00:00,448.3949890136719,448.9800109863281,447.5400085449219,448.5400085449219,373802
2025-04-11 16:30:00+00:00,450.81988525390625,451.2799987792969,448.4800109863281,448.5,557396
2025-04-11 16:35:00+00:00,452.2200927734375,452.9599914550781,450.7900085449219,450.80999755859375,691972
2025-04-11 16:40:00+00:00,452.9175109863281,453.20001220703125,451.6600036621094,452.3299865722656,483787
2025-04-11 16:45:00+00:00,453.5,453.5799865722656,452.1199951171875,452.92999267578125,812045
2025-04-11 16:50:00+00:00,453.2145080566406,453.70001220703125,452.6400146484375,453.4949951171875,448838
2025-04-11 16:55:00+00:00,452.4200134277344,453.3599853515625,452.30999755859375,453.1300048828125,377114
2025-04-11 17:00:00+00:00,452.50830078125,453.05999755859375,451.1600036621094,452.510009765625,457706
2025-04-11 17:05:00+00:00,452.2200012207031,453.4100036621094,451.7250061035156,452.6099853515625,439523
2025-04-11 17:10:00+00:00,451.8299865722656,452.30499267578125,451.2300109863281,452.30499267578125,330259
2025-04-11 17:15:00+00:00,450.5799865722656,452.3500061035156,450.010009765625,451.8501892089844,469341
2025-04-11 17:20:00+00:00,450.9100036621094,452.010009765625,450.0299987792969,450.4100036621094,499564
2025-04-11 17:25:00+00:00,450.1888122558594,451.05999755859375,449.8900146484375,450.7900085449219,430830
2025-04-11 17:30:00+00:00,450.17999267578125,450.7596130371094,449.0400085449219,450.25,458742
2025-04-11 17:35:00+00:00,452.4700012207031,452.69000244140625,449.510009765625,450.1600036621094,592466
2025-04-11 17:40:00+00:00,454.5799865722656,455.239990234375,452.3699951171875,452.44000244140625,1851282
2025-04-11 17:45:00+00:00,454.2349853515625,454.6600036621094,452.6099853515625,454.56500244140625,674272
2025-04-11 17:50:00+00:00,455.17999267578125,455.760009765625,453.69171142578125,454.1499938964844,933446
2025-04-11 17:55:00+00:00,454.5849914550781,455.3599853515625,454.0776062011719,455.1400146484375,730749
2025-04-11 18:00:00+00:00,454.75,454.8900146484375,453.7200012207031,454.59991455078125,545654
2025-04-11 18:05:00+00:00,453.5,454.8450012207031,453.04010009765625,454.81500244140625,421517
2025-04-11 18:10:00+00:00,453.80999755859375,454.5299987792969,452.8500061035156,453.489990234375,360352
2025-04-11 18:15:00+00:00,452.6499938964844,454.2900085449219,452.1600036621094,453.82000732421875,446882
2025-04-11 18:20:00+00:00,453.0596008300781,453.32000732421875,451.9599914550781,452.6199951171875,416601
2025-04-11 18:25:00+00:00,453.1000061035156,453.17999267578125,451.8500061035156,452.989990234375,326644
2025-04-11 18:30:00+00:00,453.0141906738281,453.4700012207031,452.7099914550781,453.0799865722656,285415
2025-04-11 18:35:00+00:00,453.489990234375,454.1400146484375,452.5199890136719,452.9599914550781,406941
2025-04-11 18:40:00+00:00,453.8550109863281,454.32000732421875,453.44000244140625,453.4700012207031,414978
2025-04-11 18:45:00+00:00,454.27850341796875,454.6400146484375,453.7099914550781,453.8999938964844,238818
2025-04-11 18:50:00+00:00,453.6549987792969,454.3999938964844,452.0,454.3699951171875,600202
2025-04-11 18:55:00+00:00,452.44000244140625,453.95001220703125,452.2900085449219,453.7200012207031,303590
2025-04-11 19:00:00+00:00,453.92999267578125,454.3500061035156,452.3900146484375,452.4800109863281,388345
2025-04-11 19:05:00+00:00,454.6600036621094,454.760009765625,453.2589111328125,453.8699951171875,388114
2025-04-11 19:10:00+00:00,455.0577087402344,455.260009765625,454.1600036621094,454.6899108886719,353476
2025-04-11 19:15:00+00:00,455.010009765625,455.2099914550781,453.760009765625,455.125,358130
2025-04-11 19:20:00+00:00,455.3599853515625,455.5696105957031,454.69500732421875,455.010009765625,455773
2025-04-11 19:25:00+00:00,454.6499938964844,455.5199890136719,454.3800048828125,455.3399963378906,374380
2025-04-11 19:30:00+00:00,454.7799987792969,455.05999755859375,453.8800048828125,454.5899963378906,434448
2025-04-11 19:35:00+00:00,454.4100036621094,454.8153991699219,453.4200134277344,454.7900085449219,440614
2025-04-11 19:40:00+00:00,454.94000244140625,455.0400085449219,454.239990234375,454.3655090332031,521587
2025-04-11 19:45:00+00:00,454.54998779296875,455.0400085449219,453.96148681640625,454.8800048828125,557240
2025-04-11 19:50:00+00:00,454.7900085449219,455.2699890136719,453.75,454.57501220703125,1937844
2025-04-11 19:55:00+00:00,454.239990234375,455.3500061035156,453.8900146484375,454.6499938964844,2620946
