Price,Close,High,Low,Open,Volume
Ticker,SHOP,SHOP,SHOP,SHOP,SHOP
Datetime,,,,,
2025-02-12 14:30:00+00:00,118.3550033569336,119.5,116.69999694824219,119.05000305175781,1079326
2025-02-12 14:35:00+00:00,117.59870147705078,118.5790023803711,116.83000183105469,118.44000244140625,540093
2025-02-12 14:40:00+00:00,118.80000305175781,119.06999969482422,117.36000061035156,117.55000305175781,413405
2025-02-12 14:45:00+00:00,119.61499786376953,119.61499786376953,118.33000183105469,118.80000305175781,342056
2025-02-12 14:50:00+00:00,119.94999694824219,120.1500015258789,119.05000305175781,119.6500015258789,379109
2025-02-12 14:55:00+00:00,119.73999786376953,120.15899658203125,119.58000183105469,120.02999877929688,231454
2025-02-12 15:00:00+00:00,119.37999725341797,119.88999938964844,119.06999969482422,119.77999877929688,272112
2025-02-12 15:05:00+00:00,118.0,119.45999908447266,117.81999969482422,119.37999725341797,296299
2025-02-12 15:10:00+00:00,118.58499908447266,118.8279037475586,118.01000213623047,118.05000305175781,182496
2025-02-12 15:15:00+00:00,119.1449966430664,119.2699966430664,118.51000213623047,118.55000305175781,172846
2025-02-12 15:20:00+00:00,118.92009735107422,119.5,118.92009735107422,119.1050033569336,207795
2025-02-12 15:25:00+00:00,119.33999633789062,119.33999633789062,118.83000183105469,118.98999786376953,231362
2025-02-12 15:30:00+00:00,119.75,119.80000305175781,119.28500366210938,119.28500366210938,184961
2025-02-12 15:35:00+00:00,120.12999725341797,120.3499984741211,119.70099639892578,119.75,188122
2025-02-12 15:40:00+00:00,120.7249984741211,120.80000305175781,119.63079833984375,120.0,204020
2025-02-12 15:45:00+00:00,119.5999984741211,120.63999938964844,119.17179870605469,120.63999938964844,163928
2025-02-12 15:50:00+00:00,119.47940063476562,119.98999786376953,119.4000015258789,119.56999969482422,132969
2025-02-12 15:55:00+00:00,119.75,119.80000305175781,119.48999786376953,119.54000091552734,87548
2025-02-12 16:00:00+00:00,119.83999633789062,120.05999755859375,119.44000244140625,119.73999786376953,93529
2025-02-12 16:05:00+00:00,119.37000274658203,119.91000366210938,119.2699966430664,119.875,138478
2025-02-12 16:10:00+00:00,120.11499786376953,120.17990112304688,119.38009643554688,119.47000122070312,176060
2025-02-12 16:15:00+00:00,119.72000122070312,120.31999969482422,119.51000213623047,120.11000061035156,127646
2025-02-12 16:20:00+00:00,119.44499969482422,120.0199966430664,119.13999938964844,119.69000244140625,113843
2025-02-12 16:25:00+00:00,119.3550033569336,119.48999786376953,118.9000015258789,119.43000030517578,138387
2025-02-12 16:30:00+00:00,119.7699966430664,120.12999725341797,119.37999725341797,119.37999725341797,87091
2025-02-12 16:35:00+00:00,120.02999877929688,120.2499008178711,119.55000305175781,119.79000091552734,88537
2025-02-12 16:40:00+00:00,120.33000183105469,120.60800170898438,120.04000091552734,120.04000091552734,94338
2025-02-12 16:45:00+00:00,120.23500061035156,120.44000244140625,119.94999694824219,120.33999633789062,96242
2025-02-12 16:50:00+00:00,120.41999816894531,120.58000183105469,120.23500061035156,120.23500061035156,68015
2025-02-12 16:55:00+00:00,120.58999633789062,120.75,120.2699966430664,120.45919799804688,104770
2025-02-12 17:00:00+00:00,120.94000244140625,121.05000305175781,120.42009735107422,120.58999633789062,126094
2025-02-12 17:05:00+00:00,120.49749755859375,120.93000030517578,120.45010375976562,120.87000274658203,114110
2025-02-12 17:10:00+00:00,120.87000274658203,120.87999725341797,120.33999633789062,120.5199966430664,126231
2025-02-12 17:15:00+00:00,121.0999984741211,121.4198989868164,120.8499984741211,120.87000274658203,159999
2025-02-12 17:20:00+00:00,121.29000091552734,121.5199966430664,121.06999969482422,121.09500122070312,114349
2025-02-12 17:25:00+00:00,121.30999755859375,121.44999694824219,120.94999694824219,121.23999786376953,112324
2025-02-12 17:30:00+00:00,121.41999816894531,121.58999633789062,121.18000030517578,121.2699966430664,99384
2025-02-12 17:35:00+00:00,121.51000213623047,121.61000061035156,121.29000091552734,121.51000213623047,85256
2025-02-12 17:40:00+00:00,121.4000015258789,121.58999633789062,121.31999969482422,121.48999786376953,62982
2025-02-12 17:45:00+00:00,121.97000122070312,122.41999816894531,121.40499877929688,121.40499877929688,190473
2025-02-12 17:50:00+00:00,121.69999694824219,122.0,121.22000122070312,121.99870300292969,121790
2025-02-12 17:55:00+00:00,121.81999969482422,121.87999725341797,121.55999755859375,121.77999877929688,99211
2025-02-12 18:00:00+00:00,121.75,122.0,121.54000091552734,121.84940338134766,114323
2025-02-12 18:05:00+00:00,121.74009704589844,121.88990020751953,121.69000244140625,121.83999633789062,57575
2025-02-12 18:10:00+00:00,121.8499984741211,121.94999694824219,121.70999908447266,121.80819702148438,56667
2025-02-12 18:15:00+00:00,121.80000305175781,122.0,121.74009704589844,121.87999725341797,83558
2025-02-12 18:20:00+00:00,121.5199966430664,121.9000015258789,121.30999755859375,121.78140258789062,66711
2025-02-12 18:25:00+00:00,121.62000274658203,121.72000122070312,121.48999786376953,121.50199890136719,49118
2025-02-12 18:30:00+00:00,121.91999816894531,121.91999816894531,121.56999969482422,121.62000274658203,34872
2025-02-12 18:35:00+00:00,122.33000183105469,122.37999725341797,121.88999938964844,121.9292984008789,291064
2025-02-12 18:40:00+00:00,122.06999969482422,122.36000061035156,122.0,122.29000091552734,44307
2025-02-12 18:45:00+00:00,122.03500366210938,122.19000244140625,121.94999694824219,122.12999725341797,61574
2025-02-12 18:50:00+00:00,122.20500183105469,122.23999786376953,121.94999694824219,122.02999877929688,102031
2025-02-12 18:55:00+00:00,122.30999755859375,122.30999755859375,122.16000366210938,122.23970031738281,65362
2025-02-12 19:00:00+00:00,122.25,122.41999816894531,122.16999816894531,122.30000305175781,71728
2025-02-12 19:05:00+00:00,122.48999786376953,122.48999786376953,121.98999786376953,122.25,174606
2025-02-12 19:10:00+00:00,122.41000366210938,122.45999908447266,122.30000305175781,122.41000366210938,124798
2025-02-12 19:15:00+00:00,121.95999908447266,122.44999694824219,121.9000015258789,122.38999938964844,156011
2025-02-12 19:20:00+00:00,121.79000091552734,122.1698989868164,121.70999908447266,121.95999908447266,146723
2025-02-12 19:25:00+00:00,121.5,121.69000244140625,120.95999908447266,121.69000244140625,162785
2025-02-12 19:30:00+00:00,121.49189758300781,121.56999969482422,121.30999755859375,121.4800033569336,78532
2025-02-12 19:35:00+00:00,121.47000122070312,121.55999755859375,121.2699966430664,121.45999908447266,70991
2025-02-12 19:40:00+00:00,121.68669891357422,121.75090026855469,121.38999938964844,121.45999908447266,70763
2025-02-12 19:45:00+00:00,121.875,121.9000015258789,121.55000305175781,121.71499633789062,50089
2025-02-12 19:50:00+00:00,121.77999877929688,121.97000122070312,121.72000122070312,121.875,42631
2025-02-12 19:55:00+00:00,122.01499938964844,122.02999877929688,121.79000091552734,121.80000305175781,82805
2025-02-12 20:00:00+00:00,121.9000015258789,122.05000305175781,121.79000091552734,122.02999877929688,65348
2025-02-12 20:05:00+00:00,122.07649993896484,122.15989685058594,121.83000183105469,121.8499984741211,110809
2025-02-12 20:10:00+00:00,122.16000366210938,122.23989868164062,122.0199966430664,122.08000183105469,72586
2025-02-12 20:15:00+00:00,122.15499877929688,122.23999786376953,122.02999877929688,122.16000366210938,80764
2025-02-12 20:20:00+00:00,122.29000091552734,122.29000091552734,122.12999725341797,122.15499877929688,113045
2025-02-12 20:25:00+00:00,122.3550033569336,122.43000030517578,122.26000213623047,122.30000305175781,141293
2025-02-12 20:30:00+00:00,122.1500015258789,122.41000366210938,122.1500015258789,122.3550033569336,100973
2025-02-12 20:35:00+00:00,121.62999725341797,122.20999908447266,121.55000305175781,122.1500015258789,147632
2025-02-12 20:40:00+00:00,121.58000183105469,121.81999969482422,121.55000305175781,121.62999725341797,199790
2025-02-12 20:45:00+00:00,121.11000061035156,121.62999725341797,121.0,121.58000183105469,210667
2025-02-12 20:50:00+00:00,120.58000183105469,121.23999786376953,120.47000122070312,121.12999725341797,395000
2025-02-12 20:55:00+00:00,120.43499755859375,120.94000244140625,120.37000274658203,120.61000061035156,737673
2025-02-13 14:30:00+00:00,120.95249938964844,121.41000366210938,120.0999984741211,121.0,402986
2025-02-13 14:35:00+00:00,120.62010192871094,121.18000030517578,120.32599639892578,120.95999908447266,125518
2025-02-13 14:40:00+00:00,121.106201171875,121.13999938964844,120.51000213623047,120.68000030517578,99471
2025-02-13 14:45:00+00:00,122.7750015258789,123.06990051269531,121.12000274658203,121.18000030517578,311677
2025-02-13 14:50:00+00:00,123.6500015258789,123.81999969482422,122.12000274658203,122.85459899902344,217253
2025-02-13 14:55:00+00:00,123.51000213623047,124.04000091552734,123.3499984741211,123.81999969482422,215663
2025-02-13 15:00:00+00:00,123.33999633789062,123.6500015258789,123.06999969482422,123.51499938964844,113223
2025-02-13 15:05:00+00:00,123.63500213623047,123.9000015258789,123.08999633789062,123.40499877929688,152370
2025-02-13 15:10:00+00:00,123.8499984741211,123.93000030517578,123.41000366210938,123.54000091552734,182145
2025-02-13 15:15:00+00:00,124.2750015258789,124.30999755859375,123.5,123.8499984741211,201115
2025-02-13 15:20:00+00:00,124.19999694824219,124.66999816894531,123.97000122070312,124.2699966430664,233064
2025-02-13 15:25:00+00:00,124.4729995727539,124.48999786376953,123.51000213623047,124.19499969482422,100332
2025-02-13 15:30:00+00:00,125.68000030517578,125.79000091552734,124.125,124.4800033569336,330343
2025-02-13 15:35:00+00:00,126.12999725341797,126.41799926757812,125.56999969482422,125.56999969482422,458677
2025-02-13 15:40:00+00:00,127.68000030517578,127.69000244140625,125.93000030517578,126.11000061035156,437020
2025-02-13 15:45:00+00:00,127.5261001586914,128.0,127.18000030517578,127.58999633789062,324721
2025-02-13 15:50:00+00:00,127.80500030517578,127.83000183105469,126.9000015258789,127.59500122070312,230133
2025-02-13 15:55:00+00:00,127.48590087890625,127.80500030517578,127.08999633789062,127.80439758300781,146087
2025-02-13 16:00:00+00:00,126.55000305175781,127.7699966430664,126.5,127.54000091552734,182585
2025-02-13 16:05:00+00:00,126.29640197753906,126.69999694824219,126.11630249023438,126.58000183105469,158143
2025-02-13 16:10:00+00:00,126.57499694824219,127.0,126.3010025024414,126.31999969482422,206645
2025-02-13 16:15:00+00:00,126.5,127.11260223388672,126.5,126.57499694824219,186236
2025-02-13 16:20:00+00:00,126.74520111083984,126.76000213623047,126.30000305175781,126.53500366210938,127998
2025-02-13 16:25:00+00:00,126.37000274658203,126.72000122070312,126.2300033569336,126.72000122070312,101364
2025-02-13 16:30:00+00:00,126.81999969482422,126.8499984741211,126.25,126.41999816894531,184705
2025-02-13 16:35:00+00:00,126.58000183105469,127.19999694824219,126.51010131835938,126.80999755859375,158660
2025-02-13 16:40:00+00:00,126.87999725341797,127.11000061035156,126.62000274658203,126.62999725341797,111020
2025-02-13 16:45:00+00:00,127.16000366210938,127.22000122070312,126.83000183105469,126.83000183105469,79785
2025-02-13 16:50:00+00:00,126.92500305175781,127.26000213623047,126.82170104980469,127.16999816894531,92645
2025-02-13 16:55:00+00:00,126.8499984741211,127.13999938964844,126.7500991821289,126.89199829101562,62642
2025-02-13 17:00:00+00:00,127.02999877929688,127.06999969482422,126.5,126.8812026977539,55873
2025-02-13 17:05:00+00:00,127.12999725341797,127.18000030517578,126.80999755859375,126.97000122070312,74574
2025-02-13 17:10:00+00:00,126.99829864501953,127.1449966430664,126.75,127.1449966430664,41276
2025-02-13 17:15:00+00:00,126.86979675292969,126.98999786376953,126.74009704589844,126.98999786376953,55384
2025-02-13 17:20:00+00:00,127.0199966430664,127.23999786376953,126.79000091552734,126.8499984741211,78709
2025-02-13 17:25:00+00:00,126.88999938964844,127.16000366210938,126.7300033569336,127.0199966430664,81436
2025-02-13 17:30:00+00:00,126.9000015258789,127.0,126.73999786376953,126.8906021118164,49354
2025-02-13 17:35:00+00:00,127.1500015258789,127.1500015258789,126.7699966430664,126.88999938964844,55908
2025-02-13 17:40:00+00:00,127.16999816894531,127.41999816894531,127.11289978027344,127.11289978027344,88746
2025-02-13 17:45:00+00:00,127.4000015258789,127.43000030517578,127.13999938964844,127.16000366210938,56712
2025-02-13 17:50:00+00:00,127.19999694824219,127.46530151367188,127.13999938964844,127.38999938964844,46336
2025-02-13 17:55:00+00:00,127.08000183105469,127.33999633789062,126.95719909667969,127.22000122070312,56042
2025-02-13 18:00:00+00:00,126.65480041503906,127.06999969482422,126.60980224609375,127.06999969482422,72308
2025-02-13 18:05:00+00:00,126.58999633789062,126.73999786376953,126.51000213623047,126.66000366210938,68807
2025-02-13 18:10:00+00:00,126.94000244140625,126.98999786376953,126.59500122070312,126.59500122070312,39637
2025-02-13 18:15:00+00:00,126.83999633789062,126.98999786376953,126.71499633789062,126.95999908447266,90107
2025-02-13 18:20:00+00:00,126.94999694824219,127.13999938964844,126.73999786376953,126.83999633789062,67967
2025-02-13 18:25:00+00:00,127.18000030517578,127.18000030517578,126.8499984741211,126.98999786376953,56619
2025-02-13 18:30:00+00:00,127.37999725341797,127.37999725341797,127.05000305175781,127.16850280761719,86938
2025-02-13 18:35:00+00:00,127.19000244140625,127.38999938964844,127.05000305175781,127.36000061035156,75165
2025-02-13 18:40:00+00:00,126.86990356445312,127.30999755859375,126.55000305175781,127.18000030517578,160873
2025-02-13 18:45:00+00:00,126.36000061035156,126.98999786376953,126.27999877929688,126.79000091552734,111586
2025-02-13 18:50:00+00:00,125.6500015258789,126.38999938964844,125.11000061035156,126.33999633789062,160600
2025-02-13 18:55:00+00:00,125.44000244140625,125.79630279541016,125.3499984741211,125.73999786376953,55494
2025-02-13 19:00:00+00:00,125.77999877929688,125.80000305175781,125.1500015258789,125.36000061035156,68391
2025-02-13 19:05:00+00:00,125.9800033569336,126.05139923095703,125.68000030517578,125.79000091552734,78083
2025-02-13 19:10:00+00:00,125.70999908447266,125.98999786376953,125.58000183105469,125.98999786376953,48439
2025-02-13 19:15:00+00:00,126.12999725341797,126.20999908447266,125.62000274658203,125.75,88061
2025-02-13 19:20:00+00:00,125.97000122070312,126.19000244140625,125.80999755859375,126.16000366210938,45861
2025-02-13 19:25:00+00:00,125.91000366210938,126.06999969482422,125.81999969482422,125.93000030517578,42367
2025-02-13 19:30:00+00:00,125.83999633789062,125.94999694824219,125.75,125.91190338134766,25626
2025-02-13 19:35:00+00:00,125.6500015258789,125.97000122070312,125.53299713134766,125.88999938964844,60294
2025-02-13 19:40:00+00:00,125.69000244140625,125.73999786376953,125.19999694824219,125.66000366210938,142293
2025-02-13 19:45:00+00:00,126.25,126.29000091552734,125.54000091552734,125.66000366210938,122083
2025-02-13 19:50:00+00:00,126.32990264892578,126.56999969482422,126.23999786376953,126.27999877929688,86439
2025-02-13 19:55:00+00:00,126.05470275878906,126.41000366210938,126.04000091552734,126.29000091552734,49666
2025-02-13 20:00:00+00:00,126.1500015258789,126.19300079345703,125.87010192871094,126.05000305175781,77567
2025-02-13 20:05:00+00:00,125.87999725341797,126.19000244140625,125.87999725341797,126.12999725341797,77558
2025-02-13 20:10:00+00:00,125.89990234375,125.91999816894531,125.70999908447266,125.87090301513672,45452
2025-02-13 20:15:00+00:00,126.12999725341797,126.19000244140625,125.7699966430664,125.9000015258789,69156
2025-02-13 20:20:00+00:00,126.41500091552734,126.51000213623047,126.06999969482422,126.11000061035156,134896
2025-02-13 20:25:00+00:00,126.51499938964844,126.62000274658203,126.37999725341797,126.41500091552734,100233
2025-02-13 20:30:00+00:00,126.36109924316406,126.55940246582031,126.3499984741211,126.51000213623047,94193
2025-02-13 20:35:00+00:00,126.53500366210938,126.75,126.30999755859375,126.30999755859375,135817
2025-02-13 20:40:00+00:00,126.63719940185547,126.66999816894531,126.30999755859375,126.53500366210938,115802
2025-02-13 20:45:00+00:00,127.13500213623047,127.1500015258789,126.37999725341797,126.61499786376953,192029
2025-02-13 20:50:00+00:00,127.69499969482422,127.72000122070312,127.08999633789062,127.08999633789062,304843
2025-02-13 20:55:00+00:00,127.6500015258789,127.7300033569336,127.41999816894531,127.69000244140625,543510
2025-02-14 14:30:00+00:00,125.37999725341797,126.75,124.75,125.76000213623047,500125
2025-02-14 14:35:00+00:00,124.69499969482422,125.44999694824219,123.87999725341797,125.37999725341797,282441
2025-02-14 14:40:00+00:00,125.08999633789062,125.25,124.6500015258789,124.69999694824219,215762
2025-02-14 14:45:00+00:00,124.69999694824219,125.62000274658203,124.6500015258789,125.05999755859375,262391
2025-02-14 14:50:00+00:00,125.55999755859375,125.5999984741211,124.72000122070312,124.72000122070312,153519
2025-02-14 14:55:00+00:00,125.83999633789062,125.97000122070312,125.16999816894531,125.5625991821289,173939
2025-02-14 15:00:00+00:00,125.94499969482422,126.0,125.48999786376953,125.83000183105469,155051
2025-02-14 15:05:00+00:00,126.81330108642578,126.95999908447266,125.80989837646484,125.94499969482422,146750
2025-02-14 15:10:00+00:00,126.40910339355469,127.08999633789062,126.36000061035156,126.82009887695312,151772
2025-02-14 15:15:00+00:00,126.66000366210938,126.76000213623047,126.33999633789062,126.37999725341797,157907
2025-02-14 15:20:00+00:00,125.61000061035156,126.69999694824219,125.61000061035156,126.57499694824219,187935
2025-02-14 15:25:00+00:00,125.76000213623047,126.0999984741211,125.47239685058594,125.61000061035156,159904
2025-02-14 15:30:00+00:00,126.12000274658203,126.27999877929688,125.70500183105469,125.79499816894531,104806
2025-02-14 15:35:00+00:00,126.67500305175781,126.69999694824219,126.16000366210938,126.16000366210938,94292
2025-02-14 15:40:00+00:00,126.9000015258789,126.91000366210938,126.48999786376953,126.67500305175781,103332
2025-02-14 15:45:00+00:00,126.80000305175781,127.13500213623047,126.55999755859375,126.91999816894531,90948
2025-02-14 15:50:00+00:00,126.86000061035156,127.11000061035156,126.51499938964844,126.74559783935547,90327
2025-02-14 15:55:00+00:00,127.0250015258789,127.19999694824219,126.9000015258789,126.94999694824219,76835
2025-02-14 16:00:00+00:00,127.30999755859375,127.30999755859375,126.94999694824219,127.05000305175781,76283
2025-02-14 16:05:00+00:00,127.46499633789062,127.7698974609375,127.22000122070312,127.29000091552734,121943
2025-02-14 16:10:00+00:00,127.55999755859375,127.62999725341797,127.36000061035156,127.44999694824219,80183
2025-02-14 16:15:00+00:00,127.3550033569336,127.63999938964844,127.25,127.56999969482422,82304
2025-02-14 16:20:00+00:00,127.55249786376953,127.58000183105469,127.08999633789062,127.33000183105469,90861
2025-02-14 16:25:00+00:00,127.83999633789062,127.83999633789062,127.5199966430664,127.55500030517578,111067
2025-02-14 16:30:00+00:00,127.41000366210938,127.8280029296875,127.37000274658203,127.80999755859375,125010
2025-02-14 16:35:00+00:00,127.56999969482422,127.56999969482422,127.125,127.4000015258789,98966
2025-02-14 16:40:00+00:00,127.29000091552734,127.5199966430664,127.20999908447266,127.5,53883
2025-02-14 16:45:00+00:00,127.55999755859375,127.58000183105469,127.25399780273438,127.27999877929688,69842
2025-02-14 16:50:00+00:00,127.73999786376953,127.7655029296875,127.5,127.55999755859375,48594
2025-02-14 16:55:00+00:00,127.80010223388672,127.8949966430664,127.55000305175781,127.69999694824219,77460
2025-02-14 17:00:00+00:00,127.63999938964844,127.87000274658203,127.63999938964844,127.83499908447266,74701
2025-02-14 17:05:00+00:00,127.69999694824219,127.80999755859375,127.55460357666016,127.5999984741211,73913
2025-02-14 17:10:00+00:00,127.6050033569336,127.7300033569336,127.47000122070312,127.66000366210938,95528
2025-02-14 17:15:00+00:00,127.95999908447266,127.9800033569336,127.56999969482422,127.6050033569336,100988
2025-02-14 17:20:00+00:00,127.95999908447266,128.1300048828125,127.9000015258789,127.9800033569336,106043
2025-02-14 17:25:00+00:00,128.0399932861328,128.27000427246094,127.91000366210938,127.93061828613281,112165
2025-02-14 17:30:00+00:00,128.13499450683594,128.22830200195312,127.91999816894531,128.06500244140625,75225
2025-02-14 17:35:00+00:00,128.27200317382812,128.32000732421875,128.0800018310547,128.1199951171875,100461
2025-02-14 17:40:00+00:00,128.02999877929688,128.30999755859375,127.87999725341797,128.2550048828125,90827
2025-02-14 17:45:00+00:00,128.11000061035156,128.27999877929688,127.76000213623047,128.00079345703125,123113
2025-02-14 17:50:00+00:00,128.00999450683594,128.14999389648438,127.86000061035156,128.10000610351562,47465
2025-02-14 17:55:00+00:00,128.16000366210938,128.17999267578125,127.98999786376953,128.00999450683594,53611
2025-02-14 18:00:00+00:00,128.3300018310547,128.38999938964844,128.14999389648438,128.14999389648438,84129
2025-02-14 18:05:00+00:00,128.34500122070312,128.3699951171875,128.1999969482422,128.3350067138672,36707
2025-02-14 18:10:00+00:00,128.1074981689453,128.3800048828125,128.0500030517578,128.3699951171875,36404
2025-02-14 18:15:00+00:00,127.94999694824219,128.14999389648438,127.81729888916016,128.10699462890625,57268
2025-02-14 18:20:00+00:00,127.74500274658203,127.97000122070312,127.72820281982422,127.94499969482422,66119
2025-02-14 18:25:00+00:00,127.33999633789062,127.80000305175781,127.30000305175781,127.7300033569336,102715
2025-02-14 18:30:00+00:00,127.3499984741211,127.62999725341797,127.13999938964844,127.33999633789062,65195
2025-02-14 18:35:00+00:00,127.53500366210938,127.66999816894531,127.38999938964844,127.41999816894531,35937
2025-02-14 18:40:00+00:00,127.69000244140625,127.75,127.48999786376953,127.53500366210938,71518
2025-02-14 18:45:00+00:00,127.67500305175781,127.80000305175781,127.6500015258789,127.72000122070312,33451
2025-02-14 18:50:00+00:00,127.75,127.75,127.57360076904297,127.63999938964844,42516
2025-02-14 18:55:00+00:00,127.65499877929688,127.78500366210938,127.55670166015625,127.74099731445312,38993
2025-02-14 19:00:00+00:00,127.73500061035156,127.75,127.62999725341797,127.68000030517578,31190
2025-02-14 19:05:00+00:00,127.69999694824219,127.76000213623047,127.5363998413086,127.72530364990234,64524
2025-02-14 19:10:00+00:00,128.0,128.0,127.69000244140625,127.69999694824219,46560
2025-02-14 19:15:00+00:00,127.91999816894531,128.08999633789062,127.88999938964844,127.98999786376953,47359
2025-02-14 19:20:00+00:00,128.0800018310547,128.1300048828125,127.87000274658203,127.91999816894531,49706
2025-02-14 19:25:00+00:00,128.22000122070312,128.22999572753906,128.0800018310547,128.11300659179688,33951
2025-02-14 19:30:00+00:00,127.83499908447266,128.22000122070312,127.75,128.22000122070312,88165
2025-02-14 19:35:00+00:00,127.98999786376953,128.0399932861328,127.83999633789062,127.83999633789062,34963
2025-02-14 19:40:00+00:00,127.87000274658203,128.1199951171875,127.83999633789062,128.00999450683594,69967
2025-02-14 19:45:00+00:00,127.93000030517578,128.07000732421875,127.87999725341797,127.9000015258789,48093
2025-02-14 19:50:00+00:00,127.90499877929688,127.93000030517578,127.83000183105469,127.92279815673828,38414
2025-02-14 19:55:00+00:00,127.87000274658203,127.97000122070312,127.80999755859375,127.91000366210938,43028
2025-02-14 20:00:00+00:00,127.62999725341797,127.86499786376953,127.62000274658203,127.83999633789062,52782
2025-02-14 20:05:00+00:00,127.68000030517578,127.75,127.61000061035156,127.66000366210938,48029
2025-02-14 20:10:00+00:00,127.77999877929688,127.80000305175781,127.6500015258789,127.66999816894531,60494
2025-02-14 20:15:00+00:00,127.75499725341797,127.86000061035156,127.6500015258789,127.77999877929688,69335
2025-02-14 20:20:00+00:00,128.10000610351562,128.11000061035156,127.7300033569336,127.7699966430664,94835
2025-02-14 20:25:00+00:00,128.3249969482422,128.33990478515625,128.05999755859375,128.09500122070312,104239
2025-02-14 20:30:00+00:00,128.43499755859375,128.44000244140625,128.22000122070312,128.3249969482422,132201
2025-02-14 20:35:00+00:00,128.4199981689453,128.49000549316406,128.3000030517578,128.4199981689453,128815
2025-02-14 20:40:00+00:00,128.4600067138672,128.5399932861328,128.39999389648438,128.4149932861328,149168
2025-02-14 20:45:00+00:00,128.3699951171875,128.57000732421875,128.27999877929688,128.4600067138672,117909
2025-02-14 20:50:00+00:00,128.48500061035156,128.5500030517578,128.3699951171875,128.38999938964844,293975
2025-02-14 20:55:00+00:00,128.36000061035156,128.47999572753906,128.2801055908203,128.47500610351562,455934
2025-02-18 14:30:00+00:00,127.47000122070312,129.1999969482422,127.44499969482422,129.0800018310547,513964
2025-02-18 14:35:00+00:00,127.19499969482422,127.86000061035156,126.86000061035156,127.55999755859375,138877
2025-02-18 14:40:00+00:00,127.06400299072266,127.55359649658203,126.94999694824219,127.06300354003906,106411
2025-02-18 14:45:00+00:00,126.69999694824219,127.3499984741211,126.65010070800781,127.04000091552734,165723
2025-02-18 14:50:00+00:00,127.25499725341797,127.3499984741211,126.52999877929688,126.66000366210938,165305
2025-02-18 14:55:00+00:00,127.16000366210938,127.47000122070312,126.94000244140625,127.20999908447266,56182
2025-02-18 15:00:00+00:00,126.11000061035156,127.29000091552734,126.02999877929688,127.29000091552734,108768
2025-02-18 15:05:00+00:00,125.20500183105469,126.05999755859375,124.9749984741211,126.05999755859375,142175
2025-02-18 15:10:00+00:00,125.22000122070312,125.3843002319336,124.76000213623047,125.22000122070312,118792
2025-02-18 15:15:00+00:00,124.52999877929688,125.22000122070312,124.2699966430664,125.20999908447266,131833
2025-02-18 15:20:00+00:00,124.66000366210938,124.72000122070312,124.3499984741211,124.58000183105469,92099
2025-02-18 15:25:00+00:00,124.3499984741211,124.94999694824219,124.2699966430664,124.66999816894531,89086
2025-02-18 15:30:00+00:00,124.625,124.69000244140625,124.19000244140625,124.30999755859375,108442
2025-02-18 15:35:00+00:00,125.0199966430664,125.19989776611328,124.58999633789062,124.62000274658203,144065
2025-02-18 15:40:00+00:00,125.16000366210938,125.31999969482422,124.76110076904297,125.01750183105469,64700
2025-02-18 15:45:00+00:00,125.31999969482422,125.43000030517578,124.88999938964844,125.22000122070312,71010
2025-02-18 15:50:00+00:00,125.68000030517578,125.7699966430664,125.25,125.3499984741211,53843
2025-02-18 15:55:00+00:00,126.08999633789062,126.16000366210938,125.70999908447266,125.70999908447266,84452
2025-02-18 16:00:00+00:00,126.29000091552734,126.36000061035156,125.99500274658203,126.06999969482422,92270
2025-02-18 16:05:00+00:00,126.40149688720703,126.56999969482422,126.2750015258789,126.27999877929688,73207
2025-02-18 16:10:00+00:00,126.16999816894531,126.57499694824219,126.12999725341797,126.43499755859375,99504
2025-02-18 16:15:00+00:00,126.54000091552734,126.58999633789062,126.12999725341797,126.19000244140625,83832
2025-02-18 16:20:00+00:00,126.0,126.58999633789062,125.9800033569336,126.53189849853516,102032
2025-02-18 16:25:00+00:00,126.31999969482422,126.6500015258789,126.0,126.0,56885
2025-02-18 16:30:00+00:00,126.55999755859375,126.58999633789062,126.25499725341797,126.33999633789062,85352
2025-02-18 16:35:00+00:00,126.88999938964844,127.05000305175781,126.49500274658203,126.55999755859375,110880
2025-02-18 16:40:00+00:00,127.28500366210938,127.37000274658203,126.83999633789062,126.88999938964844,64469
2025-02-18 16:45:00+00:00,127.1500015258789,127.30000305175781,126.97000122070312,127.25,58868
2025-02-18 16:50:00+00:00,127.26499938964844,127.37999725341797,127.11000061035156,127.1500015258789,73530
2025-02-18 16:55:00+00:00,127.01000213623047,127.31500244140625,126.98999786376953,127.2699966430664,61696
2025-02-18 17:00:00+00:00,127.18000030517578,127.26499938964844,127.01000213623047,127.02999877929688,43213
2025-02-18 17:05:00+00:00,127.0,127.3021011352539,127.0,127.16500091552734,59548
2025-02-18 17:10:00+00:00,126.56500244140625,127.12059783935547,126.56500244140625,127.04000091552734,63691
2025-02-18 17:15:00+00:00,126.33999633789062,126.58989715576172,126.30999755859375,126.53289794921875,36324
2025-02-18 17:20:00+00:00,126.26499938964844,126.33000183105469,126.18000030517578,126.33000183105469,20717
2025-02-18 17:25:00+00:00,126.5199966430664,126.55999755859375,126.23600006103516,126.30000305175781,67372
2025-02-18 17:30:00+00:00,126.79000091552734,126.9800033569336,126.5199966430664,126.5199966430664,73838
2025-02-18 17:35:00+00:00,127.06999969482422,127.13999938964844,126.73049926757812,126.7750015258789,61594
2025-02-18 17:40:00+00:00,127.11000061035156,127.20999908447266,126.95999908447266,127.11000061035156,35593
2025-02-18 17:45:00+00:00,127.19499969482422,127.22000122070312,126.9800033569336,127.16919708251953,35569
2025-02-18 17:50:00+00:00,127.2249984741211,127.27999877929688,127.11019897460938,127.19999694824219,35377
2025-02-18 17:55:00+00:00,127.08000183105469,127.23999786376953,127.0,127.19000244140625,53555
2025-02-18 18:00:00+00:00,127.45500183105469,127.45999908447266,127.06999969482422,127.08999633789062,39614
2025-02-18 18:05:00+00:00,127.13500213623047,127.45500183105469,127.1050033569336,127.45500183105469,31804
2025-02-18 18:10:00+00:00,127.23500061035156,127.29000091552734,127.12000274658203,127.1500015258789,35464
2025-02-18 18:15:00+00:00,126.51000213623047,127.23500061035156,126.4800033569336,127.23500061035156,100354
2025-02-18 18:20:00+00:00,126.55500030517578,126.62999725341797,126.4000015258789,126.51000213623047,95289
2025-02-18 18:25:00+00:00,126.90499877929688,126.95999908447266,126.55000305175781,126.55500030517578,69626
2025-02-18 18:30:00+00:00,127.04000091552734,127.08499908447266,126.83000183105469,126.87999725341797,51366
2025-02-18 18:35:00+00:00,127.0999984741211,127.2699966430664,126.88999938964844,127.00879669189453,52791
2025-02-18 18:40:00+00:00,127.06999969482422,127.22000122070312,126.94999694824219,127.08000183105469,38387
2025-02-18 18:45:00+00:00,127.01000213623047,127.12000274658203,126.97000122070312,127.03389739990234,45319
2025-02-18 18:50:00+00:00,127.08999633789062,127.18000030517578,126.95999908447266,127.02999877929688,46219
2025-02-18 18:55:00+00:00,127.1050033569336,127.2300033569336,127.1050033569336,127.11000061035156,36465
2025-02-18 19:00:00+00:00,127.375,127.375,127.0999984741211,127.12000274658203,65072
2025-02-18 19:05:00+00:00,127.0978012084961,127.43000030517578,127.0,127.36000061035156,55705
2025-02-18 19:10:00+00:00,126.98999786376953,127.23999786376953,126.86000061035156,127.09500122070312,54962
2025-02-18 19:15:00+00:00,126.92500305175781,127.05999755859375,126.83999633789062,126.95999908447266,35844
2025-02-18 19:20:00+00:00,126.8499984741211,126.98999786376953,126.70999908447266,126.92500305175781,60471
2025-02-18 19:25:00+00:00,126.7249984741211,126.9000015258789,126.5199966430664,126.83000183105469,92011
2025-02-18 19:30:00+00:00,126.77999877929688,126.79000091552734,126.51499938964844,126.69000244140625,62831
2025-02-18 19:35:00+00:00,127.05999755859375,127.09359741210938,126.7699966430664,126.7750015258789,58350
2025-02-18 19:40:00+00:00,127.30989837646484,127.31999969482422,127.0199966430664,127.0199966430664,51387
2025-02-18 19:45:00+00:00,127.13999938964844,127.30999755859375,127.02999877929688,127.28240203857422,51006
2025-02-18 19:50:00+00:00,127.2249984741211,127.25,127.12000274658203,127.12000274658203,50703
2025-02-18 19:55:00+00:00,126.95999908447266,127.2699966430664,126.87999725341797,127.20999908447266,98681
2025-02-18 20:00:00+00:00,127.13999938964844,127.2300033569336,126.95500183105469,126.95999908447266,59135
2025-02-18 20:05:00+00:00,127.41999816894531,127.48999786376953,127.16000366210938,127.16000366210938,59483
2025-02-18 20:10:00+00:00,127.6050033569336,127.70999908447266,127.38999938964844,127.43000030517578,82307
2025-02-18 20:15:00+00:00,127.61000061035156,127.63999938964844,127.49500274658203,127.61000061035156,44720
2025-02-18 20:20:00+00:00,127.61000061035156,127.66999816894531,127.58000183105469,127.61000061035156,53554
2025-02-18 20:25:00+00:00,127.61000061035156,127.6675033569336,127.56999969482422,127.61799621582031,50783
2025-02-18 20:30:00+00:00,127.55999755859375,127.72000122070312,127.5199966430664,127.62000274658203,83682
2025-02-18 20:35:00+00:00,128.05999755859375,128.05999755859375,127.55000305175781,127.58000183105469,88977
2025-02-18 20:40:00+00:00,128.04530334472656,128.3000030517578,128.0399932861328,128.05999755859375,101139
2025-02-18 20:45:00+00:00,128.8000030517578,128.80999755859375,128.05999755859375,128.05999755859375,168009
2025-02-18 20:50:00+00:00,129.0500030517578,129.19000244140625,128.77000427246094,128.80999755859375,337823
2025-02-18 20:55:00+00:00,129.32000732421875,129.3800048828125,129.02999877929688,129.0449981689453,516962
2025-02-19 14:30:00+00:00,127.51000213623047,129.0500030517578,127.05000305175781,129.0500030517578,393147
2025-02-19 14:35:00+00:00,126.61000061035156,127.76499938964844,126.41000366210938,127.5199966430664,305617
2025-02-19 14:40:00+00:00,127.2699966430664,127.55999755859375,126.36000061035156,126.61000061035156,168918
2025-02-19 14:45:00+00:00,126.71499633789062,127.25,126.54000091552734,127.0823974609375,131730
2025-02-19 14:50:00+00:00,126.4801025390625,126.83000183105469,125.91999816894531,126.69000244140625,143657
2025-02-19 14:55:00+00:00,126.44999694824219,126.52999877929688,126.0,126.49500274658203,79934
2025-02-19 15:00:00+00:00,126.12999725341797,126.6050033569336,125.95999908447266,126.44999694824219,129707
2025-02-19 15:05:00+00:00,125.81999969482422,126.29000091552734,125.69499969482422,126.12000274658203,132946
2025-02-19 15:10:00+00:00,124.68000030517578,125.91000366210938,124.62999725341797,125.88999938964844,318128
2025-02-19 15:15:00+00:00,125.20999908447266,125.22000122070312,124.4000015258789,124.71920013427734,193993
2025-02-19 15:20:00+00:00,125.20500183105469,125.25,124.81999969482422,125.19999694824219,137888
2025-02-19 15:25:00+00:00,125.0,125.38999938964844,124.97000122070312,125.21499633789062,88314
2025-02-19 15:30:00+00:00,125.16000366210938,125.26000213623047,124.86000061035156,124.94999694824219,123785
2025-02-19 15:35:00+00:00,124.8550033569336,125.12300109863281,124.7699966430664,125.1050033569336,87994
2025-02-19 15:40:00+00:00,125.53710174560547,125.58000183105469,124.66999816894531,124.82279968261719,132738
2025-02-19 15:45:00+00:00,125.81999969482422,125.88999938964844,125.19000244140625,125.52999877929688,113170
2025-02-19 15:50:00+00:00,126.01000213623047,126.05999755859375,125.56999969482422,125.87999725341797,109100
2025-02-19 15:55:00+00:00,125.93000030517578,126.23999786376953,125.70140075683594,126.0,130311
2025-02-19 16:00:00+00:00,126.42500305175781,126.47000122070312,125.86219787597656,125.94999694824219,64368
2025-02-19 16:05:00+00:00,126.69499969482422,126.75,126.38999938964844,126.40499877929688,101121
2025-02-19 16:10:00+00:00,126.6521987915039,126.75160217285156,126.51000213623047,126.70500183105469,82556
2025-02-19 16:15:00+00:00,126.8499984741211,126.91000366210938,126.60350036621094,126.63410186767578,73960
2025-02-19 16:20:00+00:00,127.22000122070312,127.25,126.79000091552734,126.85009765625,83955
2025-02-19 16:25:00+00:00,127.40499877929688,127.55000305175781,127.13069915771484,127.23999786376953,66287
2025-02-19 16:30:00+00:00,127.37000274658203,127.44499969482422,127.05000305175781,127.36000061035156,82634
2025-02-19 16:35:00+00:00,127.36000061035156,127.45999908447266,127.18000030517578,127.375,61082
2025-02-19 16:40:00+00:00,127.31999969482422,127.38999938964844,127.1500015258789,127.33170318603516,72774
2025-02-19 16:45:00+00:00,127.0999984741211,127.37000274658203,127.02999877929688,127.36000061035156,62515
2025-02-19 16:50:00+00:00,127.00499725341797,127.1500015258789,126.87359619140625,127.0999984741211,33474
2025-02-19 16:55:00+00:00,126.94000244140625,127.02449798583984,126.81999969482422,127.01000213623047,49155
2025-02-19 17:00:00+00:00,127.25,127.29000091552734,126.95999908447266,126.95999908447266,43325
2025-02-19 17:05:00+00:00,127.20059967041016,127.41500091552734,127.16169738769531,127.2699966430664,44236
2025-02-19 17:10:00+00:00,127.12999725341797,127.30999755859375,127.06999969482422,127.20500183105469,53393
2025-02-19 17:15:00+00:00,126.9800033569336,127.16999816894531,126.97000122070312,127.16999816894531,85058
2025-02-19 17:20:00+00:00,126.68499755859375,127.03500366210938,126.68499755859375,126.98999786376953,65561
2025-02-19 17:25:00+00:00,126.91999816894531,126.94000244140625,126.52999877929688,126.69000244140625,113672
2025-02-19 17:30:00+00:00,126.56999969482422,126.93000030517578,126.52999877929688,126.9000015258789,50526
2025-02-19 17:35:00+00:00,126.14240264892578,126.61000061035156,126.14240264892578,126.59500122070312,92076
2025-02-19 17:40:00+00:00,126.70999908447266,126.79000091552734,126.13999938964844,126.18090057373047,80879
2025-02-19 17:45:00+00:00,127.06999969482422,127.06999969482422,126.73500061035156,126.73500061035156,34822
2025-02-19 17:50:00+00:00,127.44000244140625,127.52999877929688,127.05999755859375,127.05999755859375,82851
2025-02-19 17:55:00+00:00,127.23999786376953,127.58799743652344,127.2300033569336,127.41999816894531,70023
2025-02-19 18:00:00+00:00,126.86000061035156,127.2500991821289,126.70999908447266,127.22940063476562,35688
2025-02-19 18:05:00+00:00,126.87000274658203,126.91999816894531,126.7699966430664,126.86499786376953,33391
2025-02-19 18:10:00+00:00,126.73999786376953,126.90989685058594,126.6050033569336,126.87000274658203,31584
2025-02-19 18:15:00+00:00,126.98999786376953,127.03990173339844,126.73500061035156,126.73999786376953,39129
2025-02-19 18:20:00+00:00,127.17500305175781,127.25,126.94999694824219,126.98500061035156,40287
2025-02-19 18:25:00+00:00,127.19999694824219,127.25,127.06999969482422,127.18000030517578,26601
2025-02-19 18:30:00+00:00,127.37000274658203,127.3949966430664,127.19000244140625,127.19000244140625,34397
2025-02-19 18:35:00+00:00,127.38999938964844,127.41000366210938,127.13999938964844,127.36000061035156,148248
2025-02-19 18:40:00+00:00,127.29080200195312,127.55999755859375,127.2300033569336,127.37999725341797,37965
2025-02-19 18:45:00+00:00,127.27999877929688,127.36000061035156,127.2699966430664,127.30999755859375,32623
2025-02-19 18:50:00+00:00,127.13500213623047,127.29000091552734,127.08999633789062,127.29000091552734,34800
2025-02-19 18:55:00+00:00,126.94999694824219,127.33429718017578,126.87000274658203,127.13500213623047,50741
2025-02-19 19:00:00+00:00,126.88999938964844,127.0199966430664,126.79000091552734,126.94999694824219,27499
2025-02-19 19:05:00+00:00,126.9000015258789,127.08000183105469,126.87000274658203,126.87000274658203,32217
2025-02-19 19:10:00+00:00,127.08999633789062,127.08999633789062,126.87000274658203,126.9000015258789,30075
2025-02-19 19:15:00+00:00,127.03500366210938,127.18609619140625,126.95999908447266,127.09500122070312,37174
2025-02-19 19:20:00+00:00,127.41000366210938,127.44999694824219,127.03500366210938,127.03500366210938,52468
2025-02-19 19:25:00+00:00,127.5,127.58999633789062,127.31999969482422,127.41000366210938,51531
2025-02-19 19:30:00+00:00,127.8499984741211,127.87999725341797,127.48819732666016,127.5250015258789,58293
2025-02-19 19:35:00+00:00,127.97000122070312,128.10000610351562,127.81999969482422,127.83499908447266,50378
2025-02-19 19:40:00+00:00,127.87999725341797,128.02000427246094,127.68499755859375,127.98500061035156,50582
2025-02-19 19:45:00+00:00,127.87000274658203,127.94000244140625,127.77999877929688,127.87999725341797,47274
2025-02-19 19:50:00+00:00,127.91999816894531,128.07000732421875,127.83999633789062,127.9000015258789,44815
2025-02-19 19:55:00+00:00,127.87999725341797,127.95999908447266,127.82499694824219,127.95999908447266,34573
2025-02-19 20:00:00+00:00,127.56999969482422,127.87999725341797,127.47000122070312,127.87999725341797,52729
2025-02-19 20:05:00+00:00,127.52400207519531,127.69000244140625,127.5,127.58999633789062,39641
2025-02-19 20:10:00+00:00,127.12000274658203,127.55000305175781,127.09020233154297,127.55000305175781,58277
2025-02-19 20:15:00+00:00,127.30000305175781,127.42500305175781,127.08000183105469,127.11000061035156,58989
2025-02-19 20:20:00+00:00,127.5198974609375,127.5199966430664,127.2699966430664,127.30500030517578,56519
2025-02-19 20:25:00+00:00,126.87999725341797,127.5199966430664,126.71939849853516,127.49500274658203,134577
2025-02-19 20:30:00+00:00,127.16000366210938,127.44000244140625,126.83999633789062,126.88500213623047,136805
2025-02-19 20:35:00+00:00,127.0250015258789,127.30999755859375,126.76000213623047,127.1500015258789,125291
2025-02-19 20:40:00+00:00,126.44999694824219,127.05999755859375,126.41999816894531,127.02999877929688,138682
2025-02-19 20:45:00+00:00,126.68000030517578,126.70999908447266,126.38500213623047,126.4749984741211,117735
2025-02-19 20:50:00+00:00,127.30650329589844,127.4000015258789,126.70999908447266,126.70999908447266,242049
2025-02-19 20:55:00+00:00,127.70999908447266,127.73999786376953,127.19000244140625,127.30000305175781,483524
2025-02-20 14:30:00+00:00,126.27999877929688,126.94999694824219,125.83000183105469,126.9000015258789,229855
2025-02-20 14:35:00+00:00,125.4113998413086,126.33999633789062,125.23999786376953,126.25499725341797,95087
2025-02-20 14:40:00+00:00,124.07319641113281,125.5199966430664,124.05000305175781,125.44000244140625,187112
2025-02-20 14:45:00+00:00,124.36000061035156,124.70279693603516,123.6520004272461,124.01000213623047,201410
2025-02-20 14:50:00+00:00,123.58000183105469,124.4000015258789,123.30999755859375,124.4000015258789,182434
2025-02-20 14:55:00+00:00,123.2300033569336,123.6500015258789,123.07499694824219,123.556396484375,194616
2025-02-20 15:00:00+00:00,123.80000305175781,123.82499694824219,122.26000213623047,123.19999694824219,279650
2025-02-20 15:05:00+00:00,122.73999786376953,123.9000015258789,122.62000274658203,123.8499984741211,224096
2025-02-20 15:10:00+00:00,123.23989868164062,123.37999725341797,122.4000015258789,122.73999786376953,277802
2025-02-20 15:15:00+00:00,123.06999969482422,123.68000030517578,122.93000030517578,123.23999786376953,110878
2025-02-20 15:20:00+00:00,123.18000030517578,123.36000061035156,122.93000030517578,123.06999969482422,119284
2025-02-20 15:25:00+00:00,122.99500274658203,123.30000305175781,122.91999816894531,123.22000122070312,97788
2025-02-20 15:30:00+00:00,123.04000091552734,123.51000213623047,122.98999786376953,122.99500274658203,119941
2025-02-20 15:35:00+00:00,122.69999694824219,123.06999969482422,122.61000061035156,123.05000305175781,152143
2025-02-20 15:40:00+00:00,122.66000366210938,123.02999877929688,122.56620025634766,122.66999816894531,150348
2025-02-20 15:45:00+00:00,122.22000122070312,122.74749755859375,122.12000274658203,122.65859985351562,144736
2025-02-20 15:50:00+00:00,121.51499938964844,122.33000183105469,121.44000244140625,122.22000122070312,313599
2025-02-20 15:55:00+00:00,121.75499725341797,121.95999908447266,121.47380065917969,121.51499938964844,172789
2025-02-20 16:00:00+00:00,121.66999816894531,121.91999816894531,121.55999755859375,121.81999969482422,170471
2025-02-20 16:05:00+00:00,121.91000366210938,122.11000061035156,121.72010040283203,121.7249984741211,194267
2025-02-20 16:10:00+00:00,121.69999694824219,122.0,121.5,121.95999908447266,152050
2025-02-20 16:15:00+00:00,121.16000366210938,121.70500183105469,120.80000305175781,121.69000244140625,282393
2025-02-20 16:20:00+00:00,121.28350067138672,121.44000244140625,120.80999755859375,121.11000061035156,147602
2025-02-20 16:25:00+00:00,121.7699966430664,121.91000366210938,121.28500366210938,121.28500366210938,99405
2025-02-20 16:30:00+00:00,121.83000183105469,121.83000183105469,121.4000015258789,121.7699966430664,72204
2025-02-20 16:35:00+00:00,122.06999969482422,122.12000274658203,121.58000183105469,121.87000274658203,79454
2025-02-20 16:40:00+00:00,122.38500213623047,122.41999816894531,122.0199966430664,122.06999969482422,48248
2025-02-20 16:45:00+00:00,122.17500305175781,122.43000030517578,122.05999755859375,122.38999938964844,145680
2025-02-20 16:50:00+00:00,122.41000366210938,122.50499725341797,122.16999816894531,122.18000030517578,151714
2025-02-20 16:55:00+00:00,122.30999755859375,122.48999786376953,122.26499938964844,122.38999938964844,48697
2025-02-20 17:00:00+00:00,122.5,122.54499816894531,122.04000091552734,122.26000213623047,80816
2025-02-20 17:05:00+00:00,122.33149719238281,122.63990020751953,122.33149719238281,122.50499725341797,69099
2025-02-20 17:10:00+00:00,122.79000091552734,122.83999633789062,122.3949966430664,122.43000030517578,53111
2025-02-20 17:15:00+00:00,122.88999938964844,123.29000091552734,122.70999908447266,122.83999633789062,167437
2025-02-20 17:20:00+00:00,122.62999725341797,123.08000183105469,122.5999984741211,122.87999725341797,72592
2025-02-20 17:25:00+00:00,122.69999694824219,122.91999816894531,122.56999969482422,122.62999725341797,54639
2025-02-20 17:30:00+00:00,122.91999816894531,123.01000213623047,122.6332015991211,122.68499755859375,45085
2025-02-20 17:35:00+00:00,122.97000122070312,123.13600158691406,122.94999694824219,122.94999694824219,30229
2025-02-20 17:40:00+00:00,123.13999938964844,123.20999908447266,122.91000366210938,122.97000122070312,35423
2025-02-20 17:45:00+00:00,122.91999816894531,123.1500015258789,122.87999725341797,123.13500213623047,41530
2025-02-20 17:50:00+00:00,122.66500091552734,122.91999816894531,122.54000091552734,122.91999816894531,55327
2025-02-20 17:55:00+00:00,122.45500183105469,122.7699966430664,122.38999938964844,122.63999938964844,30144
2025-02-20 18:00:00+00:00,122.7249984741211,122.7249984741211,122.26000213623047,122.45500183105469,40902
2025-02-20 18:05:00+00:00,122.61000061035156,122.81999969482422,122.58999633789062,122.81999969482422,38300
2025-02-20 18:10:00+00:00,122.81999969482422,122.8499984741211,122.55999755859375,122.56999969482422,54935
2025-02-20 18:15:00+00:00,122.58899688720703,122.81999969482422,122.5199966430664,122.80999755859375,42440
2025-02-20 18:20:00+00:00,122.58999633789062,122.69999694824219,122.56999969482422,122.625,40371
2025-02-20 18:25:00+00:00,122.65499877929688,122.79000091552734,122.61000061035156,122.63999938964844,25572
2025-02-20 18:30:00+00:00,122.63500213623047,122.7699966430664,122.58999633789062,122.62999725341797,60668
2025-02-20 18:35:00+00:00,122.9000015258789,122.9000015258789,122.58999633789062,122.61000061035156,32703
2025-02-20 18:40:00+00:00,123.12000274658203,123.12000274658203,122.8499984741211,122.91000366210938,71061
2025-02-20 18:45:00+00:00,123.31999969482422,123.31999969482422,123.08000183105469,123.12000274658203,40921
2025-02-20 18:50:00+00:00,123.08000183105469,123.33989715576172,123.08000183105469,123.33000183105469,44776
2025-02-20 18:55:00+00:00,123.27100372314453,123.31500244140625,123.01000213623047,123.08000183105469,39128
2025-02-20 19:00:00+00:00,123.43000030517578,123.44000244140625,123.19000244140625,123.25,21967
2025-02-20 19:05:00+00:00,123.63999938964844,123.6500015258789,123.36000061035156,123.43000030517578,41405
2025-02-20 19:10:00+00:00,123.94999694824219,123.98999786376953,123.62470245361328,123.625,74968
2025-02-20 19:15:00+00:00,123.76000213623047,124.12000274658203,123.67489624023438,123.94999694824219,41519
2025-02-20 19:20:00+00:00,124.0,124.08999633789062,123.69000244140625,123.76000213623047,78127
2025-02-20 19:25:00+00:00,123.88999938964844,124.03500366210938,123.77999877929688,123.99500274658203,46719
2025-02-20 19:30:00+00:00,123.5999984741211,123.9800033569336,123.56999969482422,123.86000061035156,37653
2025-02-20 19:35:00+00:00,123.6500015258789,123.73999786376953,123.5,123.5999984741211,34863
2025-02-20 19:40:00+00:00,123.98999786376953,123.98999786376953,123.62039947509766,123.62039947509766,54236
2025-02-20 19:45:00+00:00,124.06999969482422,124.12000274658203,123.95999908447266,123.96499633789062,57383
2025-02-20 19:50:00+00:00,124.1769027709961,124.1769027709961,124.04000091552734,124.08000183105469,52864
2025-02-20 19:55:00+00:00,124.07499694824219,124.29000091552734,124.07499694824219,124.16000366210938,56092
2025-02-20 20:00:00+00:00,123.94999694824219,124.1500015258789,123.94999694824219,124.07499694824219,39096
2025-02-20 20:05:00+00:00,123.8949966430664,124.0999984741211,123.81999969482422,123.98999786376953,159554
2025-02-20 20:10:00+00:00,123.76499938964844,124.12000274658203,123.66000366210938,123.91999816894531,84431
2025-02-20 20:15:00+00:00,123.75,123.80000305175781,123.5999984741211,123.73999786376953,68984
2025-02-20 20:20:00+00:00,123.81510162353516,123.9000015258789,123.70999908447266,123.7750015258789,38255
2025-02-20 20:25:00+00:00,123.69499969482422,123.9000015258789,123.66000366210938,123.7699966430664,82375
2025-02-20 20:30:00+00:00,123.43000030517578,123.76000213623047,123.4000015258789,123.72000122070312,92303
2025-02-20 20:35:00+00:00,123.19969940185547,123.45999908447266,123.19969940185547,123.41999816894531,87024
2025-02-20 20:40:00+00:00,123.44999694824219,123.44999694824219,123.18000030517578,123.21499633789062,93514
2025-02-20 20:45:00+00:00,123.51000213623047,123.52999877929688,123.31999969482422,123.43000030517578,139945
2025-02-20 20:50:00+00:00,123.41999816894531,123.69989776611328,123.30000305175781,123.5199966430664,220621
2025-02-20 20:55:00+00:00,123.43000030517578,123.54000091552734,123.02999877929688,123.4000015258789,382904
2025-02-21 14:30:00+00:00,123.85209655761719,125.5,122.94999694824219,125.19999694824219,364811
2025-02-21 14:35:00+00:00,122.84500122070312,123.80999755859375,122.5,123.73999786376953,61088
2025-02-21 14:40:00+00:00,123.04000091552734,123.19499969482422,122.47000122070312,122.9000015258789,77607
2025-02-21 14:45:00+00:00,123.08000183105469,123.58000183105469,123.0,123.16999816894531,70006
2025-02-21 14:50:00+00:00,123.07499694824219,123.22000122070312,122.91999816894531,123.01000213623047,69293
2025-02-21 14:55:00+00:00,122.60250091552734,123.1449966430664,122.5,123.07499694824219,63163
2025-02-21 15:00:00+00:00,122.5,123.1500015258789,122.3499984741211,122.66000366210938,97503
2025-02-21 15:05:00+00:00,122.45500183105469,122.77999877929688,122.16999816894531,122.41999816894531,75571
2025-02-21 15:10:00+00:00,122.79000091552734,122.83999633789062,122.38999938964844,122.45500183105469,95392
2025-02-21 15:15:00+00:00,122.7750015258789,123.05000305175781,122.66000366210938,122.79000091552734,92949
2025-02-21 15:20:00+00:00,122.30999755859375,122.83999633789062,122.29000091552734,122.7750015258789,91228
2025-02-21 15:25:00+00:00,121.2300033569336,122.51000213623047,121.2300033569336,122.29560089111328,102077
2025-02-21 15:30:00+00:00,121.12999725341797,121.31999969482422,120.81999969482422,121.29000091552734,138748
2025-02-21 15:35:00+00:00,121.05670166015625,121.24259948730469,120.91000366210938,121.11499786376953,110615
2025-02-21 15:40:00+00:00,120.51589965820312,121.16919708251953,120.44000244140625,121.08000183105469,172357
2025-02-21 15:45:00+00:00,120.66000366210938,120.98999786376953,120.49240112304688,120.55999755859375,195147
2025-02-21 15:50:00+00:00,120.7699966430664,120.88999938964844,120.4800033569336,120.63999938964844,106271
2025-02-21 15:55:00+00:00,121.0199966430664,121.04000091552734,120.5,120.76499938964844,80346
2025-02-21 16:00:00+00:00,121.05000305175781,121.35990142822266,120.94999694824219,121.08000183105469,138205
2025-02-21 16:05:00+00:00,121.03500366210938,121.19999694824219,120.94000244140625,121.05130004882812,80754
2025-02-21 16:10:00+00:00,121.25,121.3499984741211,120.84950256347656,121.0,98948
2025-02-21 16:15:00+00:00,121.0199966430664,121.3499984741211,120.97000122070312,121.25,79993
2025-02-21 16:20:00+00:00,121.3499984741211,121.43000030517578,121.02999877929688,121.04000091552734,57679
2025-02-21 16:25:00+00:00,120.94999694824219,121.4000015258789,120.81999969482422,121.37999725341797,93231
2025-02-21 16:30:00+00:00,120.98999786376953,121.05999755859375,120.80000305175781,120.95040130615234,67981
2025-02-21 16:35:00+00:00,120.95999908447266,121.04000091552734,120.82890319824219,121.0,52311
2025-02-21 16:40:00+00:00,120.37989807128906,120.95790100097656,120.30000305175781,120.95790100097656,97732
2025-02-21 16:45:00+00:00,119.91999816894531,120.37000274658203,119.80000305175781,120.3499984741211,124281
2025-02-21 16:50:00+00:00,119.66500091552734,119.9000015258789,119.55000305175781,119.9000015258789,103376
2025-02-21 16:55:00+00:00,119.84500122070312,119.91999816894531,119.58000183105469,119.66500091552734,79645
2025-02-21 17:00:00+00:00,120.26000213623047,120.27999877929688,119.802001953125,119.87000274658203,59049
2025-02-21 17:05:00+00:00,120.22000122070312,120.33000183105469,120.02999877929688,120.2699966430664,103463
2025-02-21 17:10:00+00:00,119.88999938964844,120.18000030517578,119.80000305175781,120.18000030517578,69989
2025-02-21 17:15:00+00:00,119.79669952392578,119.93000030517578,119.69999694824219,119.91999816894531,104885
2025-02-21 17:20:00+00:00,119.44000244140625,119.7300033569336,119.22000122070312,119.7300033569336,161745
2025-02-21 17:25:00+00:00,119.7300033569336,119.7699966430664,119.4000015258789,119.47000122070312,174733
2025-02-21 17:30:00+00:00,119.41999816894531,119.76000213623047,119.38999938964844,119.7300033569336,60419
2025-02-21 17:35:00+00:00,119.0,119.51000213623047,118.9000015258789,119.37999725341797,173259
2025-02-21 17:40:00+00:00,119.26499938964844,119.27999877929688,118.73999786376953,119.01499938964844,169413
2025-02-21 17:45:00+00:00,119.00499725341797,119.30000305175781,118.95999908447266,119.26499938964844,80977
2025-02-21 17:50:00+00:00,118.92500305175781,119.05999755859375,118.66000366210938,119.02999877929688,134054
2025-02-21 17:55:00+00:00,118.7300033569336,118.92500305175781,118.63999938964844,118.92500305175781,82660
2025-02-21 18:00:00+00:00,118.55670166015625,118.87999725341797,118.4000015258789,118.7300033569336,99288
2025-02-21 18:05:00+00:00,118.18000030517578,118.66000366210938,118.08000183105469,118.55000305175781,136384
2025-02-21 18:10:00+00:00,117.9386978149414,118.25,117.58999633789062,118.13890075683594,141569
2025-02-21 18:15:00+00:00,117.7300033569336,118.16999816894531,117.66000366210938,117.98999786376953,85742
2025-02-21 18:20:00+00:00,117.44000244140625,117.91999816894531,117.43000030517578,117.7300033569336,62247
2025-02-21 18:25:00+00:00,117.12000274658203,117.54000091552734,116.91999816894531,117.48500061035156,147265
2025-02-21 18:30:00+00:00,117.375,117.51000213623047,117.02980041503906,117.0999984741211,137904
2025-02-21 18:35:00+00:00,117.34960174560547,117.69000244140625,117.33180236816406,117.37000274658203,67851
2025-02-21 18:40:00+00:00,117.30000305175781,117.48999786376953,117.19999694824219,117.375,64951
2025-02-21 18:45:00+00:00,116.97000122070312,117.37999725341797,116.94999694824219,117.26000213623047,98458
2025-02-21 18:50:00+00:00,117.2300033569336,117.23999786376953,116.86000061035156,116.9800033569336,114719
2025-02-21 18:55:00+00:00,117.4749984741211,117.4749984741211,117.0999984741211,117.19000244140625,129201
2025-02-21 19:00:00+00:00,117.4000015258789,117.4800033569336,117.2300033569336,117.44999694824219,90021
2025-02-21 19:05:00+00:00,117.5199966430664,117.5199966430664,117.18000030517578,117.37999725341797,126538
2025-02-21 19:10:00+00:00,117.5199966430664,117.60990142822266,117.29000091552734,117.49500274658203,100210
2025-02-21 19:15:00+00:00,117.3499984741211,117.55879974365234,117.33000183105469,117.5425033569336,80007
2025-02-21 19:20:00+00:00,116.9800033569336,117.36499786376953,116.83000183105469,117.36499786376953,67694
2025-02-21 19:25:00+00:00,116.4800033569336,117.01000213623047,116.29000091552734,116.99299621582031,89653
2025-02-21 19:30:00+00:00,116.71499633789062,116.9000015258789,116.48999786376953,116.48999786376953,91830
2025-02-21 19:35:00+00:00,116.16999816894531,116.72000122070312,116.12000274658203,116.70999908447266,81507
2025-02-21 19:40:00+00:00,116.12000274658203,116.22000122070312,115.94999694824219,116.16000366210938,108509
2025-02-21 19:45:00+00:00,116.31999969482422,116.31999969482422,116.0,116.12000274658203,104728
2025-02-21 19:50:00+00:00,116.7699966430664,116.77999877929688,116.30000305175781,116.30000305175781,87605
2025-02-21 19:55:00+00:00,117.02999877929688,117.13999938964844,116.7699966430664,116.7699966430664,116588
2025-02-21 20:00:00+00:00,117.17500305175781,117.36000061035156,117.0199966430664,117.06999969482422,84878
2025-02-21 20:05:00+00:00,116.91500091552734,117.33000183105469,116.86000061035156,117.17500305175781,78835
2025-02-21 20:10:00+00:00,116.76000213623047,116.95240020751953,116.54550170898438,116.91500091552734,127748
2025-02-21 20:15:00+00:00,116.339599609375,116.76499938964844,116.33499908447266,116.76499938964844,111495
2025-02-21 20:20:00+00:00,116.625,116.66999816894531,116.26000213623047,116.30999755859375,125027
2025-02-21 20:25:00+00:00,116.6801986694336,116.81999969482422,116.51000213623047,116.625,86777
2025-02-21 20:30:00+00:00,116.2699966430664,116.9000015258789,116.26000213623047,116.68000030517578,111342
2025-02-21 20:35:00+00:00,116.26499938964844,116.4000015258789,116.07039642333984,116.27010345458984,199515
2025-02-21 20:40:00+00:00,115.62999725341797,116.36000061035156,115.61840057373047,116.30000305175781,229829
2025-02-21 20:45:00+00:00,115.63999938964844,115.91999816894531,115.51000213623047,115.65499877929688,268054
2025-02-21 20:50:00+00:00,115.5999984741211,115.94999694824219,115.37000274658203,115.68000030517578,382551
2025-02-21 20:55:00+00:00,115.55000305175781,115.79000091552734,115.30000305175781,115.6050033569336,613648
2025-02-24 14:30:00+00:00,116.55500030517578,116.87999725341797,115.4000015258789,115.55999755859375,319419
2025-02-24 14:35:00+00:00,115.30999755859375,117.02999877929688,115.16000366210938,116.58499908447266,95205
2025-02-24 14:40:00+00:00,114.90499877929688,115.87000274658203,114.69000244140625,115.3499984741211,156847
2025-02-24 14:45:00+00:00,114.57499694824219,115.37000274658203,114.44000244140625,114.91000366210938,189779
2025-02-24 14:50:00+00:00,112.98999786376953,114.6500015258789,112.88999938964844,114.63999938964844,262716
2025-02-24 14:55:00+00:00,111.86000061035156,113.08999633789062,111.75,112.9800033569336,264261
2025-02-24 15:00:00+00:00,110.57499694824219,111.98999786376953,110.44999694824219,111.8311996459961,251523
2025-02-24 15:05:00+00:00,110.62000274658203,111.25,109.80999755859375,110.62000274658203,368769
2025-02-24 15:10:00+00:00,112.05500030517578,112.1500015258789,110.63999938964844,110.63999938964844,164703
2025-02-24 15:15:00+00:00,111.0199966430664,112.13999938964844,111.01000213623047,111.9800033569336,130310
2025-02-24 15:20:00+00:00,111.75,111.75,110.91000366210938,111.0260009765625,162903
2025-02-24 15:25:00+00:00,111.02999877929688,111.80999755859375,110.97000122070312,111.72000122070312,85637
2025-02-24 15:30:00+00:00,111.51000213623047,111.5199966430664,110.87000274658203,111.0999984741211,111903
2025-02-24 15:35:00+00:00,111.54000091552734,111.80000305175781,111.13999938964844,111.51000213623047,102630
2025-02-24 15:40:00+00:00,111.0625991821289,111.75,110.9800033569336,111.54499816894531,93391
2025-02-24 15:45:00+00:00,110.68000030517578,111.30999755859375,110.08000183105469,111.30000305175781,131230
2025-02-24 15:50:00+00:00,110.92500305175781,110.97000122070312,110.53130340576172,110.69000244140625,144211
2025-02-24 15:55:00+00:00,110.66000366210938,110.95999908447266,110.01000213623047,110.91500091552734,237507
2025-02-24 16:00:00+00:00,111.25,111.30850219726562,110.47000122070312,110.6500015258789,84940
2025-02-24 16:05:00+00:00,111.62999725341797,111.94000244140625,111.18000030517578,111.24500274658203,108340
2025-02-24 16:10:00+00:00,111.7699966430664,112.02999877929688,111.55999755859375,111.6500015258789,59952
2025-02-24 16:15:00+00:00,112.11000061035156,112.18000030517578,111.73500061035156,111.79000091552734,80672
2025-02-24 16:20:00+00:00,112.44879913330078,112.5199966430664,112.06999969482422,112.1500015258789,146829
2025-02-24 16:25:00+00:00,112.75,113.0,112.1449966430664,112.38500213623047,98649
2025-02-24 16:30:00+00:00,112.57499694824219,112.94000244140625,112.51000213623047,112.74810028076172,83365
2025-02-24 16:35:00+00:00,112.69499969482422,112.75,112.41000366210938,112.62000274658203,155516
2025-02-24 16:40:00+00:00,113.29499816894531,113.41999816894531,112.70999908447266,112.70999908447266,129054
2025-02-24 16:45:00+00:00,113.05999755859375,113.55000305175781,113.01000213623047,113.31999969482422,56139
2025-02-24 16:50:00+00:00,113.16999816894531,113.33999633789062,112.88999938964844,113.02999877929688,58897
2025-02-24 16:55:00+00:00,113.18000030517578,113.26000213623047,113.02999877929688,113.125,44935
2025-02-24 17:00:00+00:00,113.58499908447266,113.70500183105469,113.02059936523438,113.11000061035156,63124
2025-02-24 17:05:00+00:00,113.88500213623047,113.88500213623047,113.45999908447266,113.58000183105469,60835
2025-02-24 17:10:00+00:00,113.8550033569336,114.17990112304688,113.63999938964844,113.86000061035156,60750
2025-02-24 17:15:00+00:00,114.37999725341797,114.42559814453125,113.73999786376953,113.87000274658203,49015
2025-02-24 17:20:00+00:00,114.23999786376953,114.47850036621094,114.10009765625,114.3499984741211,61003
2025-02-24 17:25:00+00:00,114.2699966430664,114.37000274658203,114.16110229492188,114.26000213623047,31983
2025-02-24 17:30:00+00:00,114.13999938964844,114.35890197753906,114.03099822998047,114.23999786376953,33689
2025-02-24 17:35:00+00:00,114.43000030517578,114.50990295410156,114.08999633789062,114.125,25684
2025-02-24 17:40:00+00:00,114.56999969482422,114.62999725341797,114.39179992675781,114.44000244140625,42959
2025-02-24 17:45:00+00:00,114.30500030517578,114.69999694824219,114.16999816894531,114.56999969482422,50137
2025-02-24 17:50:00+00:00,114.41000366210938,114.58000183105469,114.23999786376953,114.27999877929688,51344
2025-02-24 17:55:00+00:00,114.2300033569336,114.5,114.11009979248047,114.44999694824219,72771
2025-02-24 18:00:00+00:00,114.62999725341797,114.63999938964844,114.19000244140625,114.2249984741211,46321
2025-02-24 18:05:00+00:00,114.69000244140625,114.80999755859375,114.4312973022461,114.62999725341797,43750
2025-02-24 18:10:00+00:00,114.62999725341797,114.87999725341797,114.52999877929688,114.69999694824219,59284
2025-02-24 18:15:00+00:00,114.8667984008789,114.94999694824219,114.62190246582031,114.625,36443
2025-02-24 18:20:00+00:00,114.77999877929688,114.87000274658203,114.58000183105469,114.87000274658203,29280
2025-02-24 18:25:00+00:00,115.03500366210938,115.08999633789062,114.79000091552734,114.79000091552734,45722
2025-02-24 18:30:00+00:00,115.36000061035156,115.37000274658203,115.05000305175781,115.05999755859375,52513
2025-02-24 18:35:00+00:00,115.12000274658203,115.36000061035156,115.05000305175781,115.3499984741211,46028
2025-02-24 18:40:00+00:00,115.2300033569336,115.30999755859375,115.06999969482422,115.08999633789062,77241
2025-02-24 18:45:00+00:00,115.08000183105469,115.4000015258789,114.98970031738281,115.25,40085
2025-02-24 18:50:00+00:00,115.08000183105469,115.19000244140625,114.83999633789062,115.08000183105469,34842
2025-02-24 18:55:00+00:00,114.81999969482422,115.16000366210938,114.72000122070312,115.08000183105469,23796
2025-02-24 19:00:00+00:00,115.05999755859375,115.0999984741211,114.84500122070312,114.8499984741211,55382
2025-02-24 19:05:00+00:00,114.8550033569336,115.18000030517578,114.80000305175781,115.05999755859375,87777
2025-02-24 19:10:00+00:00,115.05000305175781,115.05999755859375,114.7300033569336,114.83000183105469,57938
2025-02-24 19:15:00+00:00,114.72000122070312,115.0250015258789,114.63999938964844,115.0250015258789,56727
2025-02-24 19:20:00+00:00,114.91000366210938,114.91000366210938,114.62000274658203,114.75,32438
2025-02-24 19:25:00+00:00,114.66000366210938,115.12999725341797,114.61000061035156,114.9000015258789,37013
2025-02-24 19:30:00+00:00,115.05999755859375,115.12999725341797,114.62090301513672,114.65499877929688,51945
2025-02-24 19:35:00+00:00,115.0999984741211,115.12000274658203,114.94999694824219,115.06500244140625,49359
2025-02-24 19:40:00+00:00,114.9800033569336,115.16999816894531,114.88999938964844,115.08000183105469,53084
2025-02-24 19:45:00+00:00,115.16999816894531,115.22109985351562,114.9800033569336,115.04000091552734,44291
2025-02-24 19:50:00+00:00,115.04000091552734,115.26000213623047,114.97000122070312,115.13999938964844,63067
2025-02-24 19:55:00+00:00,115.0199966430664,115.11000061035156,114.91999816894531,115.04000091552734,44656
2025-02-24 20:00:00+00:00,115.0250015258789,115.08999633789062,114.8499984741211,115.01000213623047,44987
2025-02-24 20:05:00+00:00,115.22000122070312,115.3499984741211,114.80000305175781,115.02999877929688,50704
2025-02-24 20:10:00+00:00,115.5,115.51000213623047,115.05010223388672,115.22000122070312,61246
2025-02-24 20:15:00+00:00,115.72000122070312,115.96990203857422,115.55000305175781,115.55999755859375,125025
2025-02-24 20:20:00+00:00,115.8499984741211,116.0,115.55999755859375,115.70999908447266,104024
2025-02-24 20:25:00+00:00,115.86499786376953,115.9540023803711,115.62000274658203,115.8499984741211,91864
2025-02-24 20:30:00+00:00,116.3550033569336,116.4800033569336,115.83000183105469,115.86000061035156,121943
2025-02-24 20:35:00+00:00,116.299560546875,116.53900146484375,116.2300033569336,116.37000274658203,118192
2025-02-24 20:40:00+00:00,116.06999969482422,116.30999755859375,115.73999786376953,116.27999877929688,161940
2025-02-24 20:45:00+00:00,116.36000061035156,116.4000015258789,116.04000091552734,116.08000183105469,103993
2025-02-24 20:50:00+00:00,115.63999938964844,116.36000061035156,115.62000274658203,116.36000061035156,234350
2025-02-24 20:55:00+00:00,115.4800033569336,115.66000366210938,115.25309753417969,115.63999938964844,470484
2025-02-25 14:30:00+00:00,114.25,115.0,112.80999755859375,113.29000091552734,244364
2025-02-25 14:35:00+00:00,113.66999816894531,114.5198974609375,113.18319702148438,114.36470031738281,78125
2025-02-25 14:40:00+00:00,113.19000244140625,113.69499969482422,112.9000015258789,113.69499969482422,93640
2025-02-25 14:45:00+00:00,112.45999908447266,113.66999816894531,112.41000366210938,113.19000244140625,82548
2025-02-25 14:50:00+00:00,111.23799896240234,112.58000183105469,110.88999938964844,112.50499725341797,122395
2025-02-25 14:55:00+00:00,111.0999984741211,111.9800033569336,110.9000015258789,111.07550048828125,102749
2025-02-25 15:00:00+00:00,109.91999816894531,111.0999984741211,109.66999816894531,111.0999984741211,240686
2025-02-25 15:05:00+00:00,110.0,110.29000091552734,109.69999694824219,109.94029998779297,204169
2025-02-25 15:10:00+00:00,109.0,110.2300033569336,108.80000305175781,110.0,270891
2025-02-25 15:15:00+00:00,107.8550033569336,109.48989868164062,107.80999755859375,108.98999786376953,251571
2025-02-25 15:20:00+00:00,107.70999908447266,108.18000030517578,107.3499984741211,107.86000061035156,307463
2025-02-25 15:25:00+00:00,107.26319885253906,107.86859893798828,107.16000366210938,107.68000030517578,233621
2025-02-25 15:30:00+00:00,107.72000122070312,107.7699966430664,107.0,107.33999633789062,208490
2025-02-25 15:35:00+00:00,108.5,108.70999908447266,107.58000183105469,107.75,182360
2025-02-25 15:40:00+00:00,108.1500015258789,108.70999908447266,108.08000183105469,108.52999877929688,149319
2025-02-25 15:45:00+00:00,108.18229675292969,108.45999908447266,107.76000213623047,108.23999786376953,102497
2025-02-25 15:50:00+00:00,108.8949966430664,109.0,108.0,108.19000244140625,183002
2025-02-25 15:55:00+00:00,108.72760009765625,108.8499984741211,108.3499984741211,108.8499984741211,106431
2025-02-25 16:00:00+00:00,108.12000274658203,108.80000305175781,108.02999877929688,108.80000305175781,103840
2025-02-25 16:05:00+00:00,108.08999633789062,108.48999786376953,107.9000015258789,108.15499877929688,109762
2025-02-25 16:10:00+00:00,108.14550018310547,108.43990325927734,107.9303970336914,108.07749938964844,97101
2025-02-25 16:15:00+00:00,108.01000213623047,108.33999633789062,107.66999816894531,108.16999816894531,258171
2025-02-25 16:20:00+00:00,107.97000122070312,108.36000061035156,107.86009979248047,108.05000305175781,112825
2025-02-25 16:25:00+00:00,107.22000122070312,108.01000213623047,107.18000030517578,107.97000122070312,146907
2025-02-25 16:30:00+00:00,107.52999877929688,107.58000183105469,107.08999633789062,107.23999786376953,172211
2025-02-25 16:35:00+00:00,107.92500305175781,108.13999938964844,107.13999938964844,107.4800033569336,145113
2025-02-25 16:40:00+00:00,107.91000366210938,108.11000061035156,107.58000183105469,107.88999938964844,122370
2025-02-25 16:45:00+00:00,108.0999984741211,108.29000091552734,107.73999786376953,107.93000030517578,171379
2025-02-25 16:50:00+00:00,108.2499008178711,108.31990051269531,107.98999786376953,108.11000061035156,178844
2025-02-25 16:55:00+00:00,108.625,108.97000122070312,108.06999969482422,108.16999816894531,76486
2025-02-25 17:00:00+00:00,108.12000274658203,108.69000244140625,108.11000061035156,108.55999755859375,52921
2025-02-25 17:05:00+00:00,108.04000091552734,108.29000091552734,107.91000366210938,108.12999725341797,83165
2025-02-25 17:10:00+00:00,107.93000030517578,108.30999755859375,107.91000366210938,108.06500244140625,62676
2025-02-25 17:15:00+00:00,107.93000030517578,108.12000274658203,107.83000183105469,107.91999816894531,60882
2025-02-25 17:20:00+00:00,108.2300033569336,108.29000091552734,107.83000183105469,107.93000030517578,153098
2025-02-25 17:25:00+00:00,108.44499969482422,108.49500274658203,108.16999816894531,108.23999786376953,66195
2025-02-25 17:30:00+00:00,108.45999908447266,108.54989624023438,108.31999969482422,108.44499969482422,66927
2025-02-25 17:35:00+00:00,108.88999938964844,108.95999908447266,108.43499755859375,108.44999694824219,92745
2025-02-25 17:40:00+00:00,108.8949966430664,109.19999694824219,108.87000274658203,108.9000015258789,93182
2025-02-25 17:45:00+00:00,109.09500122070312,109.16000366210938,108.87149810791016,108.91999816894531,90341
2025-02-25 17:50:00+00:00,109.06500244140625,109.19000244140625,109.0,109.05999755859375,47550
2025-02-25 17:55:00+00:00,109.38999938964844,109.41000366210938,109.0,109.08999633789062,82140
2025-02-25 18:00:00+00:00,110.2300033569336,110.23999786376953,109.31999969482422,109.37999725341797,174909
2025-02-25 18:05:00+00:00,110.14669799804688,110.67500305175781,110.11000061035156,110.2300033569336,121634
2025-02-25 18:10:00+00:00,109.92289733886719,110.19999694824219,109.84010314941406,110.08999633789062,54341
2025-02-25 18:15:00+00:00,109.9000015258789,110.08999633789062,109.75279998779297,109.87000274658203,93162
2025-02-25 18:20:00+00:00,110.11000061035156,110.2699966430664,109.9000015258789,109.93000030517578,78396
2025-02-25 18:25:00+00:00,109.36000061035156,110.1449966430664,109.31999969482422,110.1449966430664,118290
2025-02-25 18:30:00+00:00,109.69000244140625,109.69000244140625,109.31999969482422,109.3324966430664,62684
2025-02-25 18:35:00+00:00,110.6050033569336,110.70500183105469,109.59010314941406,109.66000366210938,102808
2025-02-25 18:40:00+00:00,110.01000213623047,110.70999908447266,109.88130187988281,110.58000183105469,200920
2025-02-25 18:45:00+00:00,110.01000213623047,110.12000274658203,109.9000015258789,109.98999786376953,69807
2025-02-25 18:50:00+00:00,109.95999908447266,110.15499877929688,109.83000183105469,110.01499938964844,53617
2025-02-25 18:55:00+00:00,109.9801025390625,110.08000183105469,109.87999725341797,109.97000122070312,32259
2025-02-25 19:00:00+00:00,110.20999908447266,110.37999725341797,109.88999938964844,110.01000213623047,195206
2025-02-25 19:05:00+00:00,110.44999694824219,110.58999633789062,110.2300033569336,110.23999786376953,44100
2025-02-25 19:10:00+00:00,110.27999877929688,110.55999755859375,110.26000213623047,110.45999908447266,52674
2025-02-25 19:15:00+00:00,110.2699966430664,110.37000274658203,110.05999755859375,110.25,51257
2025-02-25 19:20:00+00:00,110.2750015258789,110.30999755859375,110.06999969482422,110.20999908447266,48461
2025-02-25 19:25:00+00:00,110.31500244140625,110.7300033569336,110.27999877929688,110.27999877929688,53728
2025-02-25 19:30:00+00:00,110.55999755859375,110.58000183105469,110.25,110.29000091552734,52459
2025-02-25 19:35:00+00:00,110.80999755859375,110.81999969482422,110.29000091552734,110.56500244140625,49669
2025-02-25 19:40:00+00:00,110.87000274658203,111.09500122070312,110.76499938964844,110.83999633789062,59911
2025-02-25 19:45:00+00:00,110.97000122070312,111.05000305175781,110.6500015258789,110.8499984741211,32343
2025-02-25 19:50:00+00:00,111.0199966430664,111.12989807128906,110.92009735107422,110.97000122070312,37441
2025-02-25 19:55:00+00:00,110.94020080566406,111.12999725341797,110.91999816894531,111.0199966430664,53090
2025-02-25 20:00:00+00:00,110.7699966430664,110.96499633789062,110.57009887695312,110.9000015258789,90230
2025-02-25 20:05:00+00:00,110.69000244140625,110.88999938964844,110.63009643554688,110.80000305175781,75209
2025-02-25 20:10:00+00:00,110.69999694824219,110.69999694824219,110.37000274658203,110.66600036621094,67166
2025-02-25 20:15:00+00:00,111.16999816894531,111.19999694824219,110.62999725341797,110.68000030517578,73278
2025-02-25 20:20:00+00:00,111.56999969482422,111.56999969482422,111.07099914550781,111.1500015258789,83212
2025-02-25 20:25:00+00:00,111.79000091552734,111.87999725341797,111.4801025390625,111.58999633789062,90341
2025-02-25 20:30:00+00:00,111.69999694824219,111.86000061035156,111.33000183105469,111.82499694824219,104000
2025-02-25 20:35:00+00:00,111.1449966430664,111.70999908447266,111.12999725341797,111.68000030517578,119362
2025-02-25 20:40:00+00:00,111.37000274658203,111.5199966430664,111.12000274658203,111.16999816894531,84007
2025-02-25 20:45:00+00:00,111.61000061035156,111.62999725341797,111.36499786376953,111.38500213623047,137457
2025-02-25 20:50:00+00:00,110.91000366210938,111.8499984741211,110.87999725341797,111.5999984741211,271752
2025-02-25 20:55:00+00:00,110.94000244140625,111.0,110.62000274658203,110.9000015258789,573091
2025-02-26 14:30:00+00:00,111.13999938964844,111.92990112304688,110.83999633789062,111.87999725341797,209276
2025-02-26 14:35:00+00:00,112.66500091552734,113.0,110.93679809570312,111.13999938964844,94779
2025-02-26 14:40:00+00:00,112.37000274658203,112.69999694824219,111.70999908447266,112.5999984741211,53486
2025-02-26 14:45:00+00:00,112.46499633789062,112.70999908447266,112.11000061035156,112.375,47397
2025-02-26 14:50:00+00:00,113.20999908447266,113.23999786376953,112.3499984741211,112.46499633789062,60881
2025-02-26 14:55:00+00:00,113.23500061035156,113.41999816894531,112.79000091552734,113.2125015258789,52813
2025-02-26 15:00:00+00:00,113.72000122070312,113.88999938964844,113.02999877929688,113.30000305175781,101186
2025-02-26 15:05:00+00:00,113.91000366210938,114.0,113.33280181884766,113.87000274658203,101876
2025-02-26 15:10:00+00:00,113.94999694824219,114.25,113.62000274658203,113.88999938964844,62556
2025-02-26 15:15:00+00:00,114.32499694824219,114.36000061035156,113.89600372314453,113.95500183105469,74911
2025-02-26 15:20:00+00:00,114.6801986694336,114.75399780273438,114.13999938964844,114.33000183105469,89903
2025-02-26 15:25:00+00:00,113.55999755859375,114.80000305175781,113.55999755859375,114.63999938964844,94198
2025-02-26 15:30:00+00:00,113.9260025024414,114.19999694824219,113.63999938964844,113.6500015258789,58403
2025-02-26 15:35:00+00:00,114.02999877929688,114.47000122070312,113.94000244140625,113.943603515625,55506
2025-02-26 15:40:00+00:00,113.87999725341797,114.4800033569336,113.87999725341797,114.02179718017578,50387
2025-02-26 15:45:00+00:00,113.88999938964844,114.13999938964844,113.77999877929688,113.8499984741211,40600
2025-02-26 15:50:00+00:00,113.93000030517578,114.02999877929688,113.6500015258789,113.9000015258789,51294
2025-02-26 15:55:00+00:00,114.15049743652344,114.18000030517578,113.79000091552734,113.86000061035156,44881
2025-02-26 16:00:00+00:00,114.13999938964844,114.44000244140625,114.12999725341797,114.12999725341797,81191
2025-02-26 16:05:00+00:00,114.02999877929688,114.3499984741211,114.0,114.19999694824219,48933
2025-02-26 16:10:00+00:00,114.42720031738281,114.44000244140625,114.02999877929688,114.0344009399414,60893
2025-02-26 16:15:00+00:00,113.94999694824219,114.40499877929688,113.86699676513672,114.40499877929688,34534
2025-02-26 16:20:00+00:00,113.88999938964844,114.06999969482422,113.7301025390625,114.0,47068
2025-02-26 16:25:00+00:00,113.75460052490234,114.01499938964844,113.7300033569336,113.94000244140625,30224
2025-02-26 16:30:00+00:00,113.91000366210938,113.91000366210938,113.62999725341797,113.74500274658203,40301
2025-02-26 16:35:00+00:00,113.91999816894531,114.02999877929688,113.86000061035156,113.90499877929688,38211
2025-02-26 16:40:00+00:00,113.72000122070312,114.04000091552734,113.62999725341797,114.0,52514
2025-02-26 16:45:00+00:00,114.0,114.0199966430664,113.72000122070312,113.72000122070312,33673
2025-02-26 16:50:00+00:00,114.44999694824219,114.5199966430664,113.94000244140625,114.0,39069
2025-02-26 16:55:00+00:00,113.62000274658203,114.62000274658203,113.5999984741211,114.44000244140625,100330
2025-02-26 17:00:00+00:00,113.94000244140625,113.94000244140625,113.5,113.625,79815
2025-02-26 17:05:00+00:00,114.02999877929688,114.2699966430664,113.96549987792969,113.98999786376953,47315
2025-02-26 17:10:00+00:00,114.1050033569336,114.27999877929688,113.94999694824219,114.02999877929688,34149
2025-02-26 17:15:00+00:00,113.69000244140625,114.13999938964844,113.5,114.1050033569336,47181
2025-02-26 17:20:00+00:00,113.55500030517578,113.77999877929688,113.5,113.72000122070312,27888
2025-02-26 17:25:00+00:00,113.76000213623047,113.84989929199219,113.4000015258789,113.54499816894531,40229
2025-02-26 17:30:00+00:00,113.4000015258789,114.04000091552734,113.4000015258789,113.7300033569336,52760
2025-02-26 17:35:00+00:00,113.06999969482422,113.45999908447266,113.06999969482422,113.3499984741211,75540
2025-02-26 17:40:00+00:00,113.30999755859375,113.43890380859375,112.93000030517578,113.0999984741211,35011
2025-02-26 17:45:00+00:00,113.04000091552734,113.37000274658203,112.99009704589844,113.37000274658203,48206
2025-02-26 17:50:00+00:00,113.08000183105469,113.08000183105469,112.69000244140625,112.98999786376953,36124
2025-02-26 17:55:00+00:00,112.81939697265625,113.13999938964844,112.68000030517578,113.05000305175781,44092
2025-02-26 18:00:00+00:00,112.66000366210938,112.86000061035156,112.37999725341797,112.8499984741211,36086
2025-02-26 18:05:00+00:00,112.86000061035156,112.86000061035156,112.5199966430664,112.62999725341797,33273
2025-02-26 18:10:00+00:00,112.91999816894531,113.0,112.72000122070312,112.90499877929688,29127
2025-02-26 18:15:00+00:00,112.92500305175781,112.92500305175781,112.62999725341797,112.92500305175781,33046
2025-02-26 18:20:00+00:00,113.05500030517578,113.22000122070312,112.87000274658203,112.93000030517578,35205
2025-02-26 18:25:00+00:00,112.62999725341797,113.05500030517578,112.59390258789062,113.04930114746094,29611
2025-02-26 18:30:00+00:00,112.80000305175781,112.8499984741211,112.58000183105469,112.5999984741211,25079
2025-02-26 18:35:00+00:00,112.71499633789062,112.89749908447266,112.69999694824219,112.84600067138672,30359
2025-02-26 18:40:00+00:00,112.80000305175781,112.80999755859375,112.5,112.71499633789062,29579
2025-02-26 18:45:00+00:00,112.77999877929688,113.07510375976562,112.73999786376953,112.83000183105469,25759
2025-02-26 18:50:00+00:00,112.77999877929688,112.87999725341797,112.55999755859375,112.77999877929688,55294
2025-02-26 18:55:00+00:00,112.63249969482422,112.77999877929688,112.4000015258789,112.73100280761719,58389
2025-02-26 19:00:00+00:00,112.62200164794922,112.85240173339844,112.51000213623047,112.6449966430664,30990
2025-02-26 19:05:00+00:00,112.62000274658203,112.72000122070312,112.44999694824219,112.68000030517578,28520
2025-02-26 19:10:00+00:00,112.86499786376953,112.86499786376953,112.59049987792969,112.63999938964844,30960
2025-02-26 19:15:00+00:00,113.30000305175781,113.30000305175781,112.66000366210938,112.80999755859375,48669
2025-02-26 19:20:00+00:00,113.62999725341797,113.67990112304688,113.25,113.30500030517578,47564
2025-02-26 19:25:00+00:00,113.52999877929688,113.68000030517578,113.38999938964844,113.62999725341797,43965
2025-02-26 19:30:00+00:00,113.7699966430664,113.83000183105469,113.41999816894531,113.51000213623047,38358
2025-02-26 19:35:00+00:00,113.83999633789062,113.88999938964844,113.66999816894531,113.76499938964844,32093
2025-02-26 19:40:00+00:00,113.72000122070312,113.91909790039062,113.68000030517578,113.80000305175781,25908
2025-02-26 19:45:00+00:00,113.69000244140625,113.77999877929688,113.61000061035156,113.75,23564
2025-02-26 19:50:00+00:00,113.66999816894531,113.79000091552734,113.5999984741211,113.6500015258789,29363
2025-02-26 19:55:00+00:00,113.06500244140625,113.70780181884766,113.01000213623047,113.69000244140625,46098
2025-02-26 20:00:00+00:00,113.12000274658203,113.2300033569336,112.9000015258789,113.06500244140625,38353
2025-02-26 20:05:00+00:00,113.33999633789062,113.40499877929688,113.12999725341797,113.12999725341797,46417
2025-02-26 20:10:00+00:00,113.21499633789062,113.43000030517578,113.12999725341797,113.3499984741211,37053
2025-02-26 20:15:00+00:00,113.25,113.25250244140625,113.05999755859375,113.20999908447266,45060
2025-02-26 20:20:00+00:00,113.5250015258789,113.62830352783203,113.17449951171875,113.23999786376953,42778
2025-02-26 20:25:00+00:00,113.80999755859375,113.81999969482422,113.51000213623047,113.55000305175781,55017
2025-02-26 20:30:00+00:00,113.625,113.8499984741211,113.55000305175781,113.81500244140625,103170
2025-02-26 20:35:00+00:00,113.84739685058594,113.88999938964844,113.55999755859375,113.625,60836
2025-02-26 20:40:00+00:00,113.96009826660156,114.0199966430664,113.58999633789062,113.83999633789062,74553
2025-02-26 20:45:00+00:00,114.02999877929688,114.06999969482422,113.69000244140625,113.9800033569336,110821
2025-02-26 20:50:00+00:00,114.05500030517578,114.19999694824219,113.91000366210938,114.06999969482422,138906
2025-02-26 20:55:00+00:00,113.27999877929688,114.0999984741211,113.26000213623047,114.08000183105469,347746
2025-02-27 14:30:00+00:00,115.05000305175781,115.51000213623047,114.04000091552734,114.8499984741211,248945
2025-02-27 14:35:00+00:00,114.46009826660156,115.58999633789062,114.38999938964844,115.23999786376953,133565
2025-02-27 14:40:00+00:00,113.98999786376953,114.54000091552734,113.58000183105469,114.44000244140625,103338
2025-02-27 14:45:00+00:00,114.2300033569336,114.67500305175781,113.62999725341797,113.83999633789062,95495
2025-02-27 14:50:00+00:00,112.3499984741211,114.30000305175781,112.26000213623047,114.20999908447266,147532
2025-02-27 14:55:00+00:00,111.19999694824219,112.29499816894531,111.01000213623047,112.25,124246
2025-02-27 15:00:00+00:00,111.12999725341797,111.44000244140625,110.1500015258789,111.13999938964844,126525
2025-02-27 15:05:00+00:00,111.67500305175781,111.77999877929688,111.0199966430664,111.2300033569336,111159
2025-02-27 15:10:00+00:00,112.25,112.66000366210938,111.55999755859375,111.58999633789062,153103
2025-02-27 15:15:00+00:00,112.44999694824219,112.77999877929688,112.08000183105469,112.18000030517578,126562
2025-02-27 15:20:00+00:00,112.30999755859375,112.94999694824219,112.16999816894531,112.44000244140625,118889
2025-02-27 15:25:00+00:00,112.61499786376953,112.72000122070312,112.05999755859375,112.30500030517578,84434
2025-02-27 15:30:00+00:00,112.26000213623047,112.7300033569336,111.8499984741211,112.55999755859375,77407
2025-02-27 15:35:00+00:00,112.68000030517578,112.91999816894531,111.70999908447266,112.2699966430664,62584
2025-02-27 15:40:00+00:00,112.66999816894531,112.84159851074219,112.44999694824219,112.5999984741211,46616
2025-02-27 15:45:00+00:00,113.01000213623047,113.08499908447266,112.48999786376953,112.55999755859375,112491
2025-02-27 15:50:00+00:00,112.52999877929688,113.23999786376953,112.52999877929688,112.87000274658203,73770
2025-02-27 15:55:00+00:00,112.87999725341797,112.91999816894531,112.33999633789062,112.48500061035156,51115
2025-02-27 16:00:00+00:00,112.94999694824219,113.25,112.70999908447266,112.83499908447266,62296
2025-02-27 16:05:00+00:00,113.38999938964844,113.4800033569336,112.98999786376953,113.02999877929688,32365
2025-02-27 16:10:00+00:00,114.16000366210938,114.2699966430664,113.45999908447266,113.47000122070312,93615
2025-02-27 16:15:00+00:00,114.73999786376953,114.84089660644531,114.0999984741211,114.1500015258789,104267
2025-02-27 16:20:00+00:00,114.36000061035156,114.91000366210938,114.36000061035156,114.66999816894531,83425
2025-02-27 16:25:00+00:00,113.85990142822266,114.58000183105469,113.79010009765625,114.36000061035156,31953
2025-02-27 16:30:00+00:00,114.0250015258789,114.02999877929688,113.7300033569336,113.94999694824219,27972
2025-02-27 16:35:00+00:00,113.98999786376953,114.08999633789062,113.83000183105469,114.01499938964844,17833
2025-02-27 16:40:00+00:00,113.86000061035156,113.98500061035156,113.80000305175781,113.97000122070312,18277
2025-02-27 16:45:00+00:00,113.76000213623047,113.87999725341797,113.69999694824219,113.8499984741211,17163
2025-02-27 16:50:00+00:00,113.48999786376953,113.76000213623047,113.33670043945312,113.76000213623047,40597
2025-02-27 16:55:00+00:00,113.46499633789062,113.69999694824219,113.3499984741211,113.47000122070312,31033
2025-02-27 17:00:00+00:00,113.63999938964844,113.70999908447266,113.36000061035156,113.5,31016
2025-02-27 17:05:00+00:00,113.51499938964844,113.83999633789062,113.51499938964844,113.68000030517578,54553
2025-02-27 17:10:00+00:00,113.26000213623047,113.53079986572266,113.18000030517578,113.45999908447266,43361
2025-02-27 17:15:00+00:00,112.92500305175781,113.36499786376953,112.90499877929688,113.25,37501
2025-02-27 17:20:00+00:00,112.87999725341797,113.0199966430664,112.66130065917969,112.87000274658203,95391
2025-02-27 17:25:00+00:00,112.97000122070312,113.19999694824219,112.94999694824219,112.97000122070312,46112
2025-02-27 17:30:00+00:00,113.41500091552734,113.44989776611328,113.04000091552734,113.05000305175781,74208
2025-02-27 17:35:00+00:00,113.44999694824219,113.62000274658203,113.38999938964844,113.41000366210938,24187
2025-02-27 17:40:00+00:00,112.9800033569336,113.44000244140625,112.80000305175781,113.43000030517578,50021
2025-02-27 17:45:00+00:00,113.18000030517578,113.31999969482422,112.9800033569336,113.0199966430664,21673
2025-02-27 17:50:00+00:00,113.18499755859375,113.42500305175781,112.94000244140625,113.18000030517578,30998
2025-02-27 17:55:00+00:00,113.25,113.25,113.05000305175781,113.18499755859375,21403
2025-02-27 18:00:00+00:00,113.3949966430664,113.5999984741211,113.31500244140625,113.37000274658203,21166
2025-02-27 18:05:00+00:00,113.44000244140625,113.52999877929688,113.29000091552734,113.33000183105469,23787
2025-02-27 18:10:00+00:00,114.06999969482422,114.13999938964844,113.36609649658203,113.44000244140625,70287
2025-02-27 18:15:00+00:00,113.98999786376953,114.19999694824219,113.71499633789062,114.08999633789062,33505
2025-02-27 18:20:00+00:00,114.0,114.12000274658203,113.875,113.95500183105469,24257
2025-02-27 18:25:00+00:00,113.84500122070312,114.00499725341797,113.69000244140625,114.0,35304
2025-02-27 18:30:00+00:00,114.02999877929688,114.02999877929688,113.76000213623047,113.84500122070312,33467
2025-02-27 18:35:00+00:00,113.92289733886719,114.0199966430664,113.79000091552734,114.0199966430664,46555
2025-02-27 18:40:00+00:00,113.78500366210938,113.94000244140625,113.72200012207031,113.90499877929688,28648
2025-02-27 18:45:00+00:00,113.73999786376953,113.80000305175781,113.6449966430664,113.75,35636
2025-02-27 18:50:00+00:00,113.70999908447266,113.76000213623047,113.62000274658203,113.70999908447266,25814
2025-02-27 18:55:00+00:00,113.43000030517578,113.75,113.4000015258789,113.69000244140625,37823
2025-02-27 19:00:00+00:00,113.4489974975586,113.45999908447266,113.19000244140625,113.44000244140625,31549
2025-02-27 19:05:00+00:00,113.41000366210938,113.55000305175781,113.3687973022461,113.43000030517578,30823
2025-02-27 19:10:00+00:00,113.18499755859375,113.4749984741211,113.11000061035156,113.38500213623047,54225
2025-02-27 19:15:00+00:00,113.08000183105469,113.18499755859375,112.81009674072266,113.15560150146484,37095
2025-02-27 19:20:00+00:00,112.83000183105469,113.12999725341797,112.7699966430664,113.09500122070312,26685
2025-02-27 19:25:00+00:00,112.08999633789062,112.8499984741211,112.08000183105469,112.82499694824219,71481
2025-02-27 19:30:00+00:00,111.45999908447266,112.08499908447266,111.2750015258789,112.05000305175781,63124
2025-02-27 19:35:00+00:00,111.48999786376953,111.62999725341797,111.13999938964844,111.4000015258789,59922
2025-02-27 19:40:00+00:00,111.48999786376953,111.5199966430664,111.11000061035156,111.45999908447266,55752
2025-02-27 19:45:00+00:00,111.58999633789062,111.91999816894531,111.44999694824219,111.55000305175781,39480
2025-02-27 19:50:00+00:00,111.5199966430664,111.86499786376953,111.41000366210938,111.62000274658203,81642
2025-02-27 19:55:00+00:00,111.80000305175781,111.80000305175781,111.44999694824219,111.5199966430664,38490
2025-02-27 20:00:00+00:00,111.33499908447266,111.86499786376953,111.13999938964844,111.81500244140625,52883
2025-02-27 20:05:00+00:00,111.27999877929688,111.58000183105469,111.12000274658203,111.36499786376953,61070
2025-02-27 20:10:00+00:00,111.1449966430664,111.40129852294922,110.91999816894531,111.27999877929688,49449
2025-02-27 20:15:00+00:00,110.94000244140625,111.32499694824219,110.83000183105469,111.2300033569336,66056
2025-02-27 20:20:00+00:00,111.19999694824219,111.38999938964844,110.75,110.91999816894531,90385
2025-02-27 20:25:00+00:00,110.91999816894531,111.3499984741211,110.83000183105469,111.2300033569336,66990
2025-02-27 20:30:00+00:00,111.2300033569336,111.31999969482422,110.9000015258789,111.0,76220
2025-02-27 20:35:00+00:00,111.19000244140625,111.44000244140625,111.1500015258789,111.22000122070312,65735
2025-02-27 20:40:00+00:00,111.09500122070312,111.25080108642578,110.93000030517578,111.16999816894531,105044
2025-02-27 20:45:00+00:00,111.13999938964844,111.22000122070312,110.93000030517578,111.09459686279297,150987
2025-02-27 20:50:00+00:00,110.95989990234375,111.44999694824219,110.9000015258789,111.08999633789062,185844
2025-02-27 20:55:00+00:00,110.80999755859375,110.97000122070312,110.66000366210938,110.93000030517578,366074
2025-02-28 14:30:00+00:00,107.66000366210938,109.18000030517578,107.58000183105469,109.0,272259
2025-02-28 14:35:00+00:00,108.42839813232422,109.2300033569336,107.5999984741211,107.6449966430664,224492
2025-02-28 14:40:00+00:00,108.19499969482422,108.62000274658203,107.76000213623047,108.48999786376953,92490
2025-02-28 14:45:00+00:00,108.36499786376953,108.69999694824219,108.0,108.14849853515625,76966
2025-02-28 14:50:00+00:00,108.23999786376953,108.69879913330078,107.8550033569336,108.32499694824219,176743
2025-02-28 14:55:00+00:00,108.44000244140625,108.44000244140625,107.69999694824219,108.20999908447266,80956
2025-02-28 15:00:00+00:00,108.6500015258789,109.06999969482422,108.22000122070312,108.38500213623047,161847
2025-02-28 15:05:00+00:00,109.16000366210938,109.2300033569336,108.31060028076172,108.61000061035156,100970
2025-02-28 15:10:00+00:00,110.29499816894531,110.3499984741211,109.04000091552734,109.20999908447266,168757
2025-02-28 15:15:00+00:00,109.87000274658203,110.51000213623047,109.80999755859375,110.3479995727539,96485
2025-02-28 15:20:00+00:00,110.5,110.69000244140625,109.81999969482422,109.93000030517578,95541
2025-02-28 15:25:00+00:00,110.55329895019531,110.61000061035156,110.38999938964844,110.49500274658203,50065
2025-02-28 15:30:00+00:00,110.61000061035156,110.79000091552734,110.37000274658203,110.5199966430664,71401
2025-02-28 15:35:00+00:00,110.44499969482422,110.69000244140625,110.26000213623047,110.66000366210938,72148
2025-02-28 15:40:00+00:00,110.6500015258789,110.80999755859375,110.375,110.37999725341797,100996
2025-02-28 15:45:00+00:00,111.16500091552734,111.29000091552734,110.6500015258789,110.70500183105469,78842
2025-02-28 15:50:00+00:00,111.58499908447266,111.70999908447266,111.12000274658203,111.16999816894531,84979
2025-02-28 15:55:00+00:00,111.55999755859375,111.66000366210938,111.4000015258789,111.58000183105469,65181
2025-02-28 16:00:00+00:00,111.49500274658203,111.79000091552734,111.45500183105469,111.52999877929688,47657
2025-02-28 16:05:00+00:00,111.36000061035156,111.79000091552734,111.30069732666016,111.4800033569336,41525
2025-02-28 16:10:00+00:00,110.9800033569336,111.47000122070312,110.93000030517578,111.36000061035156,45810
2025-02-28 16:15:00+00:00,110.62999725341797,111.00409698486328,110.11910247802734,110.96499633789062,85300
2025-02-28 16:20:00+00:00,110.38999938964844,111.043701171875,110.36000061035156,110.67500305175781,48171
2025-02-28 16:25:00+00:00,110.0199966430664,110.55999755859375,110.0199966430664,110.41000366210938,46472
2025-02-28 16:30:00+00:00,110.20999908447266,110.2520980834961,109.7300033569336,110.02999877929688,98174
2025-02-28 16:35:00+00:00,110.27999877929688,110.53910064697266,110.12999725341797,110.20999908447266,42582
2025-02-28 16:40:00+00:00,110.25849914550781,110.56999969482422,110.11000061035156,110.30000305175781,37839
2025-02-28 16:45:00+00:00,110.23999786376953,110.30999755859375,110.02999877929688,110.24500274658203,46976
2025-02-28 16:50:00+00:00,110.20999908447266,110.30999755859375,109.91999816894531,110.20999908447266,73467
2025-02-28 16:55:00+00:00,110.16999816894531,110.27999877929688,109.95999908447266,110.18000030517578,52282
2025-02-28 17:00:00+00:00,109.94000244140625,110.23999786376953,109.94000244140625,110.19000244140625,25477
2025-02-28 17:05:00+00:00,110.05999755859375,110.2300033569336,109.91000366210938,109.97000122070312,45694
2025-02-28 17:10:00+00:00,110.2300033569336,110.25499725341797,109.95130157470703,110.01000213623047,46513
2025-02-28 17:15:00+00:00,110.41999816894531,110.4800033569336,110.06999969482422,110.22000122070312,36587
2025-02-28 17:20:00+00:00,109.94000244140625,110.44000244140625,109.70500183105469,110.41000366210938,78941
2025-02-28 17:25:00+00:00,110.14640045166016,110.1500015258789,109.9000015258789,109.9000015258789,31526
2025-02-28 17:30:00+00:00,110.05999755859375,110.20999908447266,109.94999694824219,110.18000030517578,28346
2025-02-28 17:35:00+00:00,109.93560028076172,110.08999633789062,109.7699966430664,110.04000091552734,31965
2025-02-28 17:40:00+00:00,109.67749786376953,109.98999786376953,109.5199966430664,109.91000366210938,60318
2025-02-28 17:45:00+00:00,109.45999908447266,109.7699966430664,109.30999755859375,109.70999908447266,70640
2025-02-28 17:50:00+00:00,109.72000122070312,109.87000274658203,109.30000305175781,109.45999908447266,40759
2025-02-28 17:55:00+00:00,109.12000274658203,109.70999908447266,109.08999633789062,109.69999694824219,43996
2025-02-28 18:00:00+00:00,109.1500015258789,109.41999816894531,108.91000366210938,109.08999633789062,40617
2025-02-28 18:05:00+00:00,109.19000244140625,109.30000305175781,109.06009674072266,109.20999908447266,42128
2025-02-28 18:10:00+00:00,109.19999694824219,109.23999786376953,109.0,109.18000030517578,38097
2025-02-28 18:15:00+00:00,108.69999694824219,109.4000015258789,108.66490173339844,109.21499633789062,91515
2025-02-28 18:20:00+00:00,108.71499633789062,108.87999725341797,108.61000061035156,108.69999694824219,131123
2025-02-28 18:25:00+00:00,109.26000213623047,109.33000183105469,108.75,108.75,132988
2025-02-28 18:30:00+00:00,109.69499969482422,109.7699966430664,109.16999816894531,109.23999786376953,59784
2025-02-28 18:35:00+00:00,110.01000213623047,110.08999633789062,109.70999908447266,109.70999908447266,45748
2025-02-28 18:40:00+00:00,110.02999877929688,110.19999694824219,109.81999969482422,110.05000305175781,56548
2025-02-28 18:45:00+00:00,110.05000305175781,110.12039947509766,109.83000183105469,110.06999969482422,50614
2025-02-28 18:50:00+00:00,109.80999755859375,110.11000061035156,109.77999877929688,110.0,26159
2025-02-28 18:55:00+00:00,109.04000091552734,109.8499984741211,108.93000030517578,109.8499984741211,33184
2025-02-28 19:00:00+00:00,109.0999984741211,109.4000015258789,109.00499725341797,109.04000091552734,54171
2025-02-28 19:05:00+00:00,108.91000366210938,109.25,108.83999633789062,109.13999938964844,42042
2025-02-28 19:10:00+00:00,108.98999786376953,109.05000305175781,108.84010314941406,108.92169952392578,34963
2025-02-28 19:15:00+00:00,109.33499908447266,109.3499984741211,108.97000122070312,108.98999786376953,33109
2025-02-28 19:20:00+00:00,109.2249984741211,109.33499908447266,109.03099822998047,109.33499908447266,44183
2025-02-28 19:25:00+00:00,109.27999877929688,109.33000183105469,109.20999908447266,109.2300033569336,28638
2025-02-28 19:30:00+00:00,109.58000183105469,109.72000122070312,109.20999908447266,109.26000213623047,57122
2025-02-28 19:35:00+00:00,109.91000366210938,110.0,109.56999969482422,109.61000061035156,56116
2025-02-28 19:40:00+00:00,109.87999725341797,110.0199966430664,109.82099914550781,109.875,44753
2025-02-28 19:45:00+00:00,110.02999877929688,110.0999984741211,109.80000305175781,109.88999938964844,67174
2025-02-28 19:50:00+00:00,109.93009948730469,110.16799926757812,109.91999816894531,109.98049926757812,41064
2025-02-28 19:55:00+00:00,110.01499938964844,110.0199966430664,109.69999694824219,109.95999908447266,45048
2025-02-28 20:00:00+00:00,110.37999725341797,110.38999938964844,109.94000244140625,109.97000122070312,47640
2025-02-28 20:05:00+00:00,110.8550033569336,110.9000015258789,110.3656005859375,110.38999938964844,48951
2025-02-28 20:10:00+00:00,110.68000030517578,110.95999908447266,110.61000061035156,110.8499984741211,58927
2025-02-28 20:15:00+00:00,110.61499786376953,110.79000091552734,110.5999984741211,110.68000030517578,56674
2025-02-28 20:20:00+00:00,110.41999816894531,110.63999938964844,110.18000030517578,110.58999633789062,58936
2025-02-28 20:25:00+00:00,110.7750015258789,110.86900329589844,110.41000366210938,110.41000366210938,39415
2025-02-28 20:30:00+00:00,110.27999877929688,110.7750015258789,110.23999786376953,110.7750015258789,69746
2025-02-28 20:35:00+00:00,110.375,110.52799987792969,110.13009643554688,110.25,74967
2025-02-28 20:40:00+00:00,110.5999984741211,110.69000244140625,110.34500122070312,110.4000015258789,68792
2025-02-28 20:45:00+00:00,110.62000274658203,110.70999908447266,110.41999816894531,110.58000183105469,87263
2025-02-28 20:50:00+00:00,111.05999755859375,111.08000183105469,110.58999633789062,110.58999633789062,176390
2025-02-28 20:55:00+00:00,111.94999694824219,112.08999633789062,111.07499694824219,111.07499694824219,427947
2025-03-03 14:30:00+00:00,114.61000061035156,115.20850372314453,112.6500015258789,112.88999938964844,277434
2025-03-03 14:35:00+00:00,113.61499786376953,115.05999755859375,113.2750015258789,114.5,134049
2025-03-03 14:40:00+00:00,113.46620178222656,114.0,112.97010040283203,113.5999984741211,102303
2025-03-03 14:45:00+00:00,113.55999755859375,114.2750015258789,113.32499694824219,113.55000305175781,130650
2025-03-03 14:50:00+00:00,113.18000030517578,113.80000305175781,113.06999969482422,113.5551986694336,67501
2025-03-03 14:55:00+00:00,111.75,113.29000091552734,111.6500015258789,113.26000213623047,90915
2025-03-03 15:00:00+00:00,111.69499969482422,111.79000091552734,110.76000213623047,111.72000122070312,97041
2025-03-03 15:05:00+00:00,112.51499938964844,112.63999938964844,111.62999725341797,111.76000213623047,96222
2025-03-03 15:10:00+00:00,112.37000274658203,113.37999725341797,112.33000183105469,112.52999877929688,79829
2025-03-03 15:15:00+00:00,112.71990203857422,112.91999816894531,112.30999755859375,112.4800033569336,48305
2025-03-03 15:20:00+00:00,113.1500015258789,113.5999984741211,112.72000122070312,112.72000122070312,49629
2025-03-03 15:25:00+00:00,113.83999633789062,113.88999938964844,112.9000015258789,113.18000030517578,85994
2025-03-03 15:30:00+00:00,113.16000366210938,114.18499755859375,113.02140045166016,113.83999633789062,65452
2025-03-03 15:35:00+00:00,112.62000274658203,113.16000366210938,112.41000366210938,113.16000366210938,59695
2025-03-03 15:40:00+00:00,112.95249938964844,113.05999755859375,112.42729949951172,112.66000366210938,58652
2025-03-03 15:45:00+00:00,112.55000305175781,112.98500061035156,112.37000274658203,112.95999908447266,39966
2025-03-03 15:50:00+00:00,112.30500030517578,112.62999725341797,112.26000213623047,112.56500244140625,51581
2025-03-03 15:55:00+00:00,111.5,112.36000061035156,111.44999694824219,112.36000061035156,48269
2025-03-03 16:00:00+00:00,111.70999908447266,111.95999908447266,111.48999786376953,111.50499725341797,53092
2025-03-03 16:05:00+00:00,111.70999908447266,111.9000015258789,111.47000122070312,111.70999908447266,36019
2025-03-03 16:10:00+00:00,111.75,111.94000244140625,111.47000122070312,111.73999786376953,44102
2025-03-03 16:15:00+00:00,111.91570281982422,111.9800033569336,111.48999786376953,111.75,36595
2025-03-03 16:20:00+00:00,111.84500122070312,112.04000091552734,111.83000183105469,111.97000122070312,49757
2025-03-03 16:25:00+00:00,111.25,111.82588195800781,111.1500015258789,111.80000305175781,47706
2025-03-03 16:30:00+00:00,111.06999969482422,111.47000122070312,111.06500244140625,111.30999755859375,35911
2025-03-03 16:35:00+00:00,110.94000244140625,111.25,110.77999877929688,111.0000991821289,39910
2025-03-03 16:40:00+00:00,110.62590026855469,110.94499969482422,110.5199966430664,110.82499694824219,41923
2025-03-03 16:45:00+00:00,111.08999633789062,111.1050033569336,110.47000122070312,110.62999725341797,63374
2025-03-03 16:50:00+00:00,111.2249984741211,111.33000183105469,111.02999877929688,111.06999969482422,42007
2025-03-03 16:55:00+00:00,111.15049743652344,111.30999755859375,111.05999755859375,111.19999694824219,39644
2025-03-03 17:00:00+00:00,111.08999633789062,111.29000091552734,111.05000305175781,111.1500015258789,34216
2025-03-03 17:05:00+00:00,110.95999908447266,111.31999969482422,110.93000030517578,111.16000366210938,26418
2025-03-03 17:10:00+00:00,111.02999877929688,111.12999725341797,110.87999725341797,110.95999908447266,31812
2025-03-03 17:15:00+00:00,111.1500015258789,111.2300033569336,110.86000061035156,111.0009994506836,32052
2025-03-03 17:20:00+00:00,111.08000183105469,111.1948013305664,110.9800033569336,111.15689849853516,25620
2025-03-03 17:25:00+00:00,110.95999908447266,111.1500015258789,110.86000061035156,111.08000183105469,37542
2025-03-03 17:30:00+00:00,111.08999633789062,111.23999786376953,110.87000274658203,110.98999786376953,41788
2025-03-03 17:35:00+00:00,111.25,111.25,111.0,111.12000274658203,21032
2025-03-03 17:40:00+00:00,111.13999938964844,111.33000183105469,111.09089660644531,111.19000244140625,31796
2025-03-03 17:45:00+00:00,111.02999877929688,111.1449966430664,110.72000122070312,111.0999984741211,29591
2025-03-03 17:50:00+00:00,110.4749984741211,111.05000305175781,110.44000244140625,111.02999877929688,59358
2025-03-03 17:55:00+00:00,110.22000122070312,110.58000183105469,110.04949951171875,110.44000244140625,54411
2025-03-03 18:00:00+00:00,110.2300033569336,110.31999969482422,109.9000015258789,110.16999816894531,62311
2025-03-03 18:05:00+00:00,109.51000213623047,110.20999908447266,109.45999908447266,110.19999694824219,51043
2025-03-03 18:10:00+00:00,109.2699966430664,109.4800033569336,109.18000030517578,109.47000122070312,65940
2025-03-03 18:15:00+00:00,109.36750030517578,109.44999694824219,109.16000366210938,109.31300354003906,64798
2025-03-03 18:20:00+00:00,109.68000030517578,109.73999786376953,109.21009826660156,109.37000274658203,44752
2025-03-03 18:25:00+00:00,109.31999969482422,109.66000366210938,109.22000122070312,109.63999938964844,40444
2025-03-03 18:30:00+00:00,109.38999938964844,109.5999984741211,109.12999725341797,109.34500122070312,67524
2025-03-03 18:35:00+00:00,108.95999908447266,109.62000274658203,108.94000244140625,109.41000366210938,46706
2025-03-03 18:40:00+00:00,108.97000122070312,109.22000122070312,108.8499984741211,108.94999694824219,37884
2025-03-03 18:45:00+00:00,109.3550033569336,109.81500244140625,108.83000183105469,108.88500213623047,62483
2025-03-03 18:50:00+00:00,109.29000091552734,109.5,109.13999938964844,109.34500122070312,30918
2025-03-03 18:55:00+00:00,109.25,109.40699768066406,109.0999984741211,109.29000091552734,39031
2025-03-03 19:00:00+00:00,109.54832458496094,109.6500015258789,109.06999969482422,109.19000244140625,69219
2025-03-03 19:05:00+00:00,109.59500122070312,109.79000091552734,109.51000213623047,109.55000305175781,54792
2025-03-03 19:10:00+00:00,109.6500015258789,109.88999938964844,109.52999877929688,109.54000091552734,51897
2025-03-03 19:15:00+00:00,109.29000091552734,109.69999694824219,109.29000091552734,109.66000366210938,58537
2025-03-03 19:20:00+00:00,109.40499877929688,109.57890319824219,109.22000122070312,109.28500366210938,61214
2025-03-03 19:25:00+00:00,109.13009643554688,109.41000366210938,109.04000091552734,109.36000061035156,57433
2025-03-03 19:30:00+00:00,109.29499816894531,109.42500305175781,108.97000122070312,109.05000305175781,50322
2025-03-03 19:35:00+00:00,109.2699966430664,109.33499908447266,109.05999755859375,109.2249984741211,51300
2025-03-03 19:40:00+00:00,109.38500213623047,109.70999908447266,109.23999786376953,109.31999969482422,71428
2025-03-03 19:45:00+00:00,108.91500091552734,109.3499984741211,108.9000015258789,109.33999633789062,57979
2025-03-03 19:50:00+00:00,108.19000244140625,109.08999633789062,108.0510025024414,108.88999938964844,181725
2025-03-03 19:55:00+00:00,107.72000122070312,108.3499984741211,107.6897964477539,108.18499755859375,152281
2025-03-03 20:00:00+00:00,107.25499725341797,107.7699966430664,106.94499969482422,107.66999816894531,193542
2025-03-03 20:05:00+00:00,106.95500183105469,107.44000244140625,106.87999725341797,107.30000305175781,131833
2025-03-03 20:10:00+00:00,106.69000244140625,107.0999984741211,106.58999633789062,106.9800033569336,196843
2025-03-03 20:15:00+00:00,106.55500030517578,107.01000213623047,106.4800033569336,106.68000030517578,132528
2025-03-03 20:20:00+00:00,106.07499694824219,106.79000091552734,106.02999877929688,106.58000183105469,213822
2025-03-03 20:25:00+00:00,105.8479995727539,106.12000274658203,105.62999725341797,106.08000183105469,175827
2025-03-03 20:30:00+00:00,105.55000305175781,106.17500305175781,105.5199966430664,105.83999633789062,177135
2025-03-03 20:35:00+00:00,105.23999786376953,105.70999908447266,105.18000030517578,105.52999877929688,299418
2025-03-03 20:40:00+00:00,105.06999969482422,105.41329956054688,104.80999755859375,105.23999786376953,342987
2025-03-03 20:45:00+00:00,105.54000091552734,105.68000030517578,104.8949966430664,105.07499694824219,281971
2025-03-03 20:50:00+00:00,105.66999816894531,105.7300033569336,105.08000183105469,105.5199966430664,454319
2025-03-03 20:55:00+00:00,106.55000305175781,106.63999938964844,105.58000183105469,105.69999694824219,684162
2025-03-04 14:30:00+00:00,101.04000091552734,103.94000244140625,100.38999938964844,103.61000061035156,725013
2025-03-04 14:35:00+00:00,102.27999877929688,102.62000274658203,100.2699966430664,101.08000183105469,455478
2025-03-04 14:40:00+00:00,101.04000091552734,102.48999786376953,100.20999908447266,102.27999877929688,350943
2025-03-04 14:45:00+00:00,101.94000244140625,102.19999694824219,100.91020202636719,101.08000183105469,294182
2025-03-04 14:50:00+00:00,101.13999938964844,102.20999908447266,101.10009765625,102.0,162020
2025-03-04 14:55:00+00:00,100.83999633789062,101.80999755859375,100.73999786376953,101.20999908447266,192490
2025-03-04 15:00:00+00:00,100.27999877929688,100.86000061035156,99.91000366210938,100.83999633789062,339634
2025-03-04 15:05:00+00:00,99.66999816894531,100.5199966430664,99.61000061035156,100.30999755859375,189633
2025-03-04 15:10:00+00:00,99.75,100.30999755859375,99.48999786376953,99.64920043945312,363449
2025-03-04 15:15:00+00:00,99.01499938964844,99.8499984741211,98.76000213623047,99.73999786376953,217089
2025-03-04 15:20:00+00:00,98.61499786376953,99.28411102294922,98.3499984741211,99.08000183105469,222206
2025-03-04 15:25:00+00:00,99.49500274658203,99.66000366210938,98.18000030517578,98.58000183105469,247375
2025-03-04 15:30:00+00:00,100.02999877929688,100.2300033569336,99.16999816894531,99.49500274658203,314821
2025-03-04 15:35:00+00:00,99.19000244140625,100.26000213623047,99.05000305175781,99.98999786376953,207513
2025-03-04 15:40:00+00:00,99.0250015258789,99.58506774902344,98.58999633789062,99.16000366210938,213047
2025-03-04 15:45:00+00:00,99.2300033569336,99.6167984008789,98.70999908447266,99.0250015258789,215308
2025-03-04 15:50:00+00:00,98.81999969482422,99.44999694824219,98.72000122070312,99.27909851074219,156594
2025-03-04 15:55:00+00:00,98.7300033569336,98.98999786376953,98.47000122070312,98.87000274658203,168164
2025-03-04 16:00:00+00:00,98.69999694824219,98.98999786376953,98.0,98.70999908447266,216009
2025-03-04 16:05:00+00:00,98.2300033569336,98.91000366210938,98.12000274658203,98.66000366210938,221212
2025-03-04 16:10:00+00:00,98.9000015258789,98.94000244140625,98.04000091552734,98.24500274658203,231142
2025-03-04 16:15:00+00:00,98.17009735107422,99.20339965820312,98.13999938964844,98.92500305175781,110278
2025-03-04 16:20:00+00:00,98.33999633789062,98.80999755859375,98.0,98.20999908447266,163185
2025-03-04 16:25:00+00:00,98.125,98.38999938964844,97.8499984741211,98.29000091552734,207626
2025-03-04 16:30:00+00:00,98.19750213623047,98.62989807128906,98.06999969482422,98.06999969482422,129126
2025-03-04 16:35:00+00:00,98.42500305175781,98.62470245361328,98.11000061035156,98.12000274658203,81693
2025-03-04 16:40:00+00:00,99.22000122070312,99.26000213623047,98.31999969482422,98.36000061035156,260357
2025-03-04 16:45:00+00:00,99.33499908447266,99.3644027709961,98.7699966430664,99.22000122070312,141643
2025-03-04 16:50:00+00:00,99.33000183105469,99.43000030517578,98.9613037109375,99.29000091552734,104812
2025-03-04 16:55:00+00:00,99.64720153808594,99.94999694824219,99.16000366210938,99.28099822998047,142739
2025-03-04 17:00:00+00:00,99.96499633789062,100.0,99.37999725341797,99.63999938964844,129048
2025-03-04 17:05:00+00:00,99.05999755859375,99.95999908447266,99.05999755859375,99.94000244140625,157648
2025-03-04 17:10:00+00:00,99.66000366210938,99.80000305175781,99.04010009765625,99.08000183105469,273024
2025-03-04 17:15:00+00:00,99.42500305175781,99.79000091552734,99.31999969482422,99.69000244140625,140084
2025-03-04 17:20:00+00:00,99.9000015258789,100.0,99.25,99.37000274658203,236982
2025-03-04 17:25:00+00:00,100.37000274658203,100.44000244140625,99.86000061035156,99.91000366210938,226781
2025-03-04 17:30:00+00:00,100.43000030517578,100.6489028930664,100.04000091552734,100.33999633789062,197309
2025-03-04 17:35:00+00:00,100.2750015258789,100.61000061035156,100.22000122070312,100.43000030517578,118344
2025-03-04 17:40:00+00:00,100.15499877929688,100.47000122070312,99.83100128173828,100.2699966430664,111381
2025-03-04 17:45:00+00:00,100.002197265625,100.44000244140625,99.94999694824219,100.12999725341797,189892
2025-03-04 17:50:00+00:00,99.94000244140625,100.04900360107422,99.72000122070312,100.0,103533
2025-03-04 17:55:00+00:00,99.59500122070312,99.9800033569336,99.4800033569336,99.93000030517578,76929
2025-03-04 18:00:00+00:00,100.06079864501953,100.16000366210938,99.5,99.56999969482422,93693
2025-03-04 18:05:00+00:00,100.80999755859375,100.88999938964844,99.86000061035156,100.0,77015
2025-03-04 18:10:00+00:00,101.41999816894531,101.46499633789062,100.76000213623047,100.80000305175781,98936
2025-03-04 18:15:00+00:00,100.85600280761719,101.41999816894531,100.66999816894531,101.4000015258789,106277
2025-03-04 18:20:00+00:00,100.61000061035156,101.19110107421875,100.54000091552734,100.91000366210938,68140
2025-03-04 18:25:00+00:00,100.33999633789062,100.70999908447266,100.30999755859375,100.55999755859375,51758
2025-03-04 18:30:00+00:00,100.8949966430664,100.93360137939453,100.16000366210938,100.30999755859375,67595
2025-03-04 18:35:00+00:00,101.37000274658203,101.37000274658203,100.81009674072266,100.87000274658203,55750
2025-03-04 18:40:00+00:00,101.69000244140625,101.87319946289062,101.37999725341797,101.41999816894531,50679
2025-03-04 18:45:00+00:00,101.69499969482422,101.98999786376953,101.54000091552734,101.69000244140625,55422
2025-03-04 18:50:00+00:00,101.80000305175781,101.80999755859375,101.41999816894531,101.72000122070312,46187
2025-03-04 18:55:00+00:00,102.08499908447266,102.26000213623047,101.76000213623047,101.76000213623047,67447
2025-03-04 19:00:00+00:00,102.58999633789062,102.5999984741211,102.05999755859375,102.05999755859375,56189
2025-03-04 19:05:00+00:00,102.66000366210938,103.02999877929688,102.5199966430664,102.5999984741211,101724
2025-03-04 19:10:00+00:00,102.83000183105469,102.88990020751953,102.41799926757812,102.63999938964844,61754
2025-03-04 19:15:00+00:00,102.91999816894531,103.23999786376953,102.77999877929688,102.87000274658203,68868
2025-03-04 19:20:00+00:00,103.31999969482422,103.34476470947266,102.91010284423828,102.97000122070312,58253
2025-03-04 19:25:00+00:00,102.8499984741211,103.37999725341797,102.8499984741211,103.33999633789062,72832
2025-03-04 19:30:00+00:00,102.78500366210938,103.05999755859375,102.66999816894531,102.93000030517578,97148
2025-03-04 19:35:00+00:00,103.12999725341797,103.16000366210938,102.63999938964844,102.77999877929688,114985
2025-03-04 19:40:00+00:00,103.25,103.42500305175781,102.97000122070312,103.12999725341797,65861
2025-03-04 19:45:00+00:00,103.4000015258789,103.47000122070312,103.0999984741211,103.30000305175781,74241
2025-03-04 19:50:00+00:00,103.69999694824219,104.08999633789062,103.4000015258789,103.41999816894531,141390
2025-03-04 19:55:00+00:00,103.21369934082031,103.70999908447266,103.04000091552734,103.68000030517578,92609
2025-03-04 20:00:00+00:00,103.36000061035156,103.66999816894531,103.1500015258789,103.1500015258789,65037
2025-03-04 20:05:00+00:00,103.5199966430664,103.65249633789062,103.2509994506836,103.32499694824219,50939
2025-03-04 20:10:00+00:00,103.69999694824219,103.7699966430664,103.37999725341797,103.47000122070312,66822
2025-03-04 20:15:00+00:00,103.97000122070312,104.05999755859375,103.55000305175781,103.69999694824219,103221
2025-03-04 20:20:00+00:00,104.16500091552734,104.19280242919922,103.76000213623047,104.01000213623047,79438
2025-03-04 20:25:00+00:00,103.44999694824219,104.1500015258789,103.38500213623047,104.1500015258789,121701
2025-03-04 20:30:00+00:00,102.73500061035156,103.5425033569336,102.44999694824219,103.4800033569336,188971
2025-03-04 20:35:00+00:00,102.2300033569336,102.91000366210938,102.2300033569336,102.76000213623047,156624
2025-03-04 20:40:00+00:00,102.17250061035156,102.31999969482422,101.9000015258789,102.22000122070312,207757
2025-03-04 20:45:00+00:00,101.66000366210938,102.33000183105469,101.6500015258789,102.18000030517578,184438
2025-03-04 20:50:00+00:00,101.44499969482422,101.62999725341797,100.83000183105469,101.62999725341797,326035
2025-03-04 20:55:00+00:00,101.72000122070312,101.83999633789062,101.2699966430664,101.43000030517578,725697
2025-03-05 14:30:00+00:00,103.61499786376953,104.0,102.41000366210938,102.76000213623047,292909
2025-03-05 14:35:00+00:00,102.67500305175781,103.96510314941406,101.87000274658203,103.48999786376953,152773
2025-03-05 14:40:00+00:00,103.26170349121094,104.04000091552734,102.7300033569336,102.73999786376953,128106
2025-03-05 14:45:00+00:00,102.8499984741211,103.48999786376953,102.52050018310547,103.34500122070312,98308
2025-03-05 14:50:00+00:00,102.6500015258789,103.58999633789062,102.48999786376953,102.87999725341797,96181
2025-03-05 14:55:00+00:00,101.72000122070312,102.80999755859375,101.58999633789062,102.6500015258789,115991
2025-03-05 15:00:00+00:00,103.6449966430664,103.81999969482422,101.7300033569336,101.7300033569336,117197
2025-03-05 15:05:00+00:00,103.66000366210938,104.16999816894531,103.57009887695312,103.68000030517578,127688
2025-03-05 15:10:00+00:00,103.33999633789062,103.72000122070312,103.19499969482422,103.58999633789062,92784
2025-03-05 15:15:00+00:00,102.72000122070312,103.48999786376953,102.62000274658203,103.41999816894531,69091
2025-03-05 15:20:00+00:00,102.8499984741211,103.1050033569336,102.32009887695312,102.69999694824219,113442
2025-03-05 15:25:00+00:00,102.81999969482422,103.19499969482422,102.72000122070312,102.8499984741211,64897
2025-03-05 15:30:00+00:00,103.11070251464844,103.58820343017578,102.69000244140625,102.80000305175781,52913
2025-03-05 15:35:00+00:00,103.73500061035156,103.77999877929688,103.09300231933594,103.12049865722656,58598
2025-03-05 15:40:00+00:00,103.872802734375,104.08999633789062,103.41000366210938,103.80000305175781,117904
2025-03-05 15:45:00+00:00,103.21499633789062,103.87999725341797,103.11000061035156,103.83000183105469,96213
2025-03-05 15:50:00+00:00,103.79000091552734,103.80999755859375,102.95999908447266,103.20999908447266,65515
2025-03-05 15:55:00+00:00,103.80999755859375,104.13999938964844,103.60919952392578,103.79000091552734,66426
2025-03-05 16:00:00+00:00,103.37000274658203,103.80999755859375,103.16999816894531,103.80999755859375,96744
2025-03-05 16:05:00+00:00,103.26499938964844,103.51000213623047,103.05999755859375,103.41000366210938,66414
2025-03-05 16:10:00+00:00,102.38999938964844,103.29000091552734,102.38999938964844,103.23999786376953,120851
2025-03-05 16:15:00+00:00,102.38999938964844,102.55000305175781,102.1500015258789,102.4800033569336,69406
2025-03-05 16:20:00+00:00,102.4749984741211,102.51000213623047,102.0999984741211,102.38500213623047,130507
2025-03-05 16:25:00+00:00,102.37999725341797,102.57499694824219,102.08000183105469,102.51000213623047,64450
2025-03-05 16:30:00+00:00,101.93000030517578,102.37999725341797,101.87999725341797,102.36000061035156,81909
2025-03-05 16:35:00+00:00,102.48999786376953,102.56999969482422,101.80000305175781,101.93000030517578,58813
2025-03-05 16:40:00+00:00,102.13999938964844,102.5250015258789,102.05999755859375,102.5250015258789,67656
2025-03-05 16:45:00+00:00,102.47000122070312,102.62000274658203,102.0199966430664,102.2300033569336,52880
2025-03-05 16:50:00+00:00,102.61499786376953,102.68000030517578,102.18000030517578,102.42500305175781,33824
2025-03-05 16:55:00+00:00,103.27999877929688,103.37999725341797,102.44999694824219,102.62999725341797,66559
2025-03-05 17:00:00+00:00,102.73500061035156,103.79000091552734,102.69999694824219,103.18000030517578,91711
2025-03-05 17:05:00+00:00,102.80750274658203,102.91000366210938,102.63500213623047,102.74500274658203,65923
2025-03-05 17:10:00+00:00,102.66000366210938,102.9749984741211,102.63999938964844,102.83000183105469,77524
2025-03-05 17:15:00+00:00,102.72000122070312,102.87000274658203,102.58000183105469,102.66000366210938,72380
2025-03-05 17:20:00+00:00,102.87999725341797,103.04000091552734,102.69000244140625,102.70999908447266,50981
2025-03-05 17:25:00+00:00,102.70999908447266,102.91999816894531,102.5,102.88500213623047,77723
2025-03-05 17:30:00+00:00,102.80000305175781,102.88999938964844,102.70999908447266,102.72000122070312,53667
2025-03-05 17:35:00+00:00,103.25499725341797,103.38999938964844,102.73999786376953,102.77999877929688,40156
2025-03-05 17:40:00+00:00,103.42500305175781,103.56999969482422,103.2300033569336,103.29000091552734,61201
2025-03-05 17:45:00+00:00,103.25,103.375,102.81999969482422,103.375,38302
2025-03-05 17:50:00+00:00,103.34200286865234,103.75499725341797,103.24310302734375,103.24310302734375,77595
2025-03-05 17:55:00+00:00,103.62000274658203,103.65630340576172,103.2699966430664,103.33999633789062,59019
2025-03-05 18:00:00+00:00,103.5199966430664,103.75499725341797,103.48999786376953,103.5999984741211,107274
2025-03-05 18:05:00+00:00,102.7300033569336,103.87000274658203,102.58499908447266,103.625,109860
2025-03-05 18:10:00+00:00,103.44999694824219,103.49500274658203,102.6500015258789,102.68499755859375,41851
2025-03-05 18:15:00+00:00,103.5199966430664,103.56999969482422,103.29350280761719,103.33000183105469,39937
2025-03-05 18:20:00+00:00,103.30999755859375,103.61000061035156,103.22000122070312,103.54000091552734,42741
2025-03-05 18:25:00+00:00,103.08000183105469,103.36000061035156,103.06999969482422,103.36000061035156,32263
2025-03-05 18:30:00+00:00,103.08000183105469,103.41999816894531,102.86000061035156,103.08000183105469,54445
2025-03-05 18:35:00+00:00,103.31999969482422,103.34980010986328,102.93000030517578,103.05000305175781,36566
2025-03-05 18:40:00+00:00,103.0,103.25,102.94000244140625,103.20999908447266,24882
2025-03-05 18:45:00+00:00,103.25499725341797,103.33999633789062,102.98999786376953,103.10749816894531,62045
2025-03-05 18:50:00+00:00,103.30999755859375,103.44000244140625,103.16000366210938,103.26499938964844,60505
2025-03-05 18:55:00+00:00,103.38249969482422,103.45999908447266,103.23999786376953,103.2699966430664,40913
2025-03-05 19:00:00+00:00,103.63999938964844,103.6500015258789,103.3499984741211,103.40499877929688,143667
2025-03-05 19:05:00+00:00,104.68000030517578,104.68000030517578,103.55000305175781,103.6500015258789,202821
2025-03-05 19:10:00+00:00,104.86000061035156,105.0,104.56999969482422,104.62999725341797,211009
2025-03-05 19:15:00+00:00,104.58999633789062,105.0,104.5,104.87000274658203,120974
2025-03-05 19:20:00+00:00,104.8550033569336,104.91000366210938,104.47000122070312,104.58999633789062,56856
2025-03-05 19:25:00+00:00,104.30999755859375,104.8550033569336,104.29000091552734,104.8550033569336,55659
2025-03-05 19:30:00+00:00,104.20999908447266,104.5,104.20500183105469,104.33000183105469,36491
2025-03-05 19:35:00+00:00,103.92500305175781,104.33999633789062,103.76000213623047,104.20999908447266,52856
2025-03-05 19:40:00+00:00,104.07499694824219,104.2300033569336,103.8499984741211,103.94000244140625,48668
2025-03-05 19:45:00+00:00,104.41999816894531,104.5,104.01000213623047,104.11000061035156,79016
2025-03-05 19:50:00+00:00,104.70500183105469,104.8499984741211,104.36000061035156,104.41999816894531,108549
2025-03-05 19:55:00+00:00,104.77999877929688,104.9800033569336,104.58999633789062,104.66999816894531,87836
2025-03-05 20:00:00+00:00,105.58999633789062,105.68000030517578,104.70999908447266,104.72000122070312,110337
2025-03-05 20:05:00+00:00,105.27999877929688,105.58000183105469,105.26000213623047,105.58000183105469,73241
2025-03-05 20:10:00+00:00,105.70999908447266,105.86000061035156,105.2020034790039,105.26000213623047,144393
2025-03-05 20:15:00+00:00,105.31999969482422,105.83000183105469,104.95999908447266,105.73999786376953,155649
2025-03-05 20:20:00+00:00,105.56500244140625,105.62000274658203,105.1500015258789,105.33999633789062,125858
2025-03-05 20:25:00+00:00,106.0,106.06999969482422,105.52999877929688,105.56500244140625,156500
2025-03-05 20:30:00+00:00,105.9800033569336,106.2417984008789,105.75,106.0,153314
2025-03-05 20:35:00+00:00,106.27999877929688,106.33999633789062,105.80500030517578,105.98999786376953,181053
2025-03-05 20:40:00+00:00,106.3550033569336,106.61000061035156,106.08999633789062,106.27999877929688,217379
2025-03-05 20:45:00+00:00,105.97000122070312,106.3499984741211,105.7699966430664,106.33999633789062,281741
2025-03-05 20:50:00+00:00,106.55000305175781,106.6500015258789,105.80000305175781,105.94000244140625,267828
2025-03-05 20:55:00+00:00,106.05000305175781,106.55999755859375,106.05000305175781,106.52999877929688,511239
2025-03-06 14:30:00+00:00,104.20999908447266,104.52999877929688,102.05999755859375,103.51000213623047,633874
2025-03-06 14:35:00+00:00,103.63999938964844,104.30000305175781,102.81819915771484,104.16000366210938,241818
2025-03-06 14:40:00+00:00,103.4800033569336,104.12000274658203,103.33999633789062,103.63999938964844,218225
2025-03-06 14:45:00+00:00,104.83499908447266,105.23999786376953,103.41000366210938,103.44999694824219,237773
2025-03-06 14:50:00+00:00,105.04000091552734,105.37000274658203,104.55000305175781,104.83999633789062,195617
2025-03-06 14:55:00+00:00,105.73999786376953,106.02999877929688,104.95999908447266,104.9800033569336,199190
2025-03-06 15:00:00+00:00,107.16000366210938,107.29000091552734,105.33000183105469,105.69999694824219,285503
2025-03-06 15:05:00+00:00,107.30000305175781,108.13999938964844,107.08999633789062,107.17500305175781,421064
2025-03-06 15:10:00+00:00,107.41999816894531,107.9000015258789,107.0999984741211,107.30999755859375,208897
2025-03-06 15:15:00+00:00,108.35530090332031,108.5780029296875,107.29000091552734,107.38999938964844,193138
2025-03-06 15:20:00+00:00,108.12999725341797,109.44999694824219,107.87000274658203,108.34500122070312,371603
2025-03-06 15:25:00+00:00,108.19999694824219,108.4800033569336,107.48999786376953,108.12000274658203,191850
2025-03-06 15:30:00+00:00,107.83999633789062,108.30999755859375,107.72160339355469,108.16000366210938,189022
2025-03-06 15:35:00+00:00,108.69999694824219,108.81999969482422,107.62000274658203,107.8949966430664,240593
2025-03-06 15:40:00+00:00,108.73519897460938,108.91000366210938,108.54000091552734,108.62000274658203,119654
2025-03-06 15:45:00+00:00,108.31999969482422,109.0,108.16000366210938,108.77999877929688,182967
2025-03-06 15:50:00+00:00,108.0,108.54000091552734,107.97000122070312,108.33000183105469,120129
2025-03-06 15:55:00+00:00,108.06500244140625,108.2699966430664,107.69999694824219,107.99500274658203,116010
2025-03-06 16:00:00+00:00,108.43000030517578,108.63999938964844,108.01000213623047,108.13999938964844,262551
2025-03-06 16:05:00+00:00,108.18499755859375,108.45999908447266,107.80999755859375,108.43000030517578,112788
2025-03-06 16:10:00+00:00,107.61499786376953,108.26499938964844,107.45500183105469,108.16000366210938,113245
2025-03-06 16:15:00+00:00,107.45999908447266,107.81500244140625,107.4000015258789,107.61499786376953,81927
2025-03-06 16:20:00+00:00,107.11499786376953,107.61000061035156,106.81999969482422,107.41999816894531,126448
2025-03-06 16:25:00+00:00,107.05000305175781,107.38800048828125,106.4800033569336,107.1500015258789,137645
2025-03-06 16:30:00+00:00,106.90499877929688,107.66000366210938,106.5,107.05000305175781,79965
2025-03-06 16:35:00+00:00,106.29000091552734,107.05130004882812,106.05500030517578,106.97000122070312,103456
2025-03-06 16:40:00+00:00,106.25499725341797,106.47000122070312,106.01000213623047,106.22000122070312,64676
2025-03-06 16:45:00+00:00,105.95999908447266,106.3499984741211,105.86000061035156,106.25499725341797,75608
2025-03-06 16:50:00+00:00,105.76000213623047,105.91999816894531,105.58999633789062,105.91999816894531,59145
2025-03-06 16:55:00+00:00,105.43000030517578,105.7699966430664,105.30999755859375,105.7699966430664,145472
2025-03-06 17:00:00+00:00,105.04000091552734,105.7300033569336,105.0,105.2699966430664,96553
2025-03-06 17:05:00+00:00,105.13500213623047,105.20999908447266,104.69999694824219,105.04000091552734,292325
2025-03-06 17:10:00+00:00,104.91999816894531,105.22000122070312,104.8499984741211,105.13500213623047,57868
2025-03-06 17:15:00+00:00,104.77999877929688,105.08000183105469,104.53500366210938,104.95999908447266,102755
2025-03-06 17:20:00+00:00,104.81999969482422,105.12999725341797,104.80000305175781,104.80999755859375,106864
2025-03-06 17:25:00+00:00,104.2750015258789,104.87000274658203,104.17970275878906,104.80000305175781,107891
2025-03-06 17:30:00+00:00,104.5999984741211,104.80999755859375,104.2300033569336,104.2300033569336,126405
2025-03-06 17:35:00+00:00,104.02999877929688,104.66999816894531,104.02999877929688,104.5999984741211,70634
2025-03-06 17:40:00+00:00,104.16999816894531,104.45999908447266,103.97000122070312,104.0,105606
2025-03-06 17:45:00+00:00,103.7300033569336,104.16000366210938,103.55000305175781,104.16000366210938,96945
2025-03-06 17:50:00+00:00,103.79000091552734,103.82849884033203,103.5199966430664,103.68499755859375,58746
2025-03-06 17:55:00+00:00,103.9124984741211,104.0199966430664,103.69000244140625,103.80000305175781,123844
2025-03-06 18:00:00+00:00,103.65499877929688,103.95999908447266,103.58999633789062,103.87999725341797,60454
2025-03-06 18:05:00+00:00,103.68000030517578,103.80999755859375,103.56999969482422,103.6500015258789,42806
2025-03-06 18:10:00+00:00,103.61250305175781,103.79000091552734,103.48999786376953,103.68000030517578,67129
2025-03-06 18:15:00+00:00,104.20999908447266,104.31999969482422,103.5999984741211,103.66000366210938,89267
2025-03-06 18:20:00+00:00,104.26000213623047,104.41000366210938,104.05000305175781,104.06999969482422,76642
2025-03-06 18:25:00+00:00,103.79000091552734,104.33999633789062,103.76000213623047,104.26000213623047,37995
2025-03-06 18:30:00+00:00,104.05000305175781,104.11199951171875,103.73999786376953,103.79000091552734,35140
2025-03-06 18:35:00+00:00,103.3550033569336,104.12999725341797,103.33999633789062,104.05000305175781,64662
2025-03-06 18:40:00+00:00,103.20999908447266,103.3550033569336,102.90249633789062,103.3550033569336,91413
2025-03-06 18:45:00+00:00,103.625,103.72000122070312,103.16000366210938,103.23999786376953,49201
2025-03-06 18:50:00+00:00,103.62000274658203,103.83000183105469,103.51000213623047,103.5999984741211,60048
2025-03-06 18:55:00+00:00,103.69499969482422,103.83000183105469,103.5,103.56999969482422,94010
2025-03-06 19:00:00+00:00,103.05999755859375,103.80000305175781,103.01000213623047,103.69170379638672,101976
2025-03-06 19:05:00+00:00,102.87999725341797,103.26000213623047,102.73999786376953,103.11000061035156,83514
2025-03-06 19:10:00+00:00,102.83999633789062,103.16999816894531,102.75,102.88999938964844,54730
2025-03-06 19:15:00+00:00,102.29000091552734,102.97000122070312,102.2249984741211,102.83000183105469,129350
2025-03-06 19:20:00+00:00,102.23999786376953,102.4800033569336,102.18000030517578,102.33000183105469,94478
2025-03-06 19:25:00+00:00,101.6449966430664,102.27999877929688,101.5999984741211,102.23999786376953,130033
2025-03-06 19:30:00+00:00,101.5,101.76499938964844,101.36000061035156,101.66999816894531,111602
2025-03-06 19:35:00+00:00,101.70999908447266,101.85990142822266,101.44000244140625,101.52999877929688,108742
2025-03-06 19:40:00+00:00,102.30000305175781,102.58000183105469,101.68000030517578,101.68000030517578,102147
2025-03-06 19:45:00+00:00,103.40499877929688,103.55000305175781,102.31999969482422,102.32499694824219,99576
2025-03-06 19:50:00+00:00,103.40499877929688,103.72000122070312,103.30130004882812,103.43000030517578,106901
2025-03-06 19:55:00+00:00,102.33000183105469,103.36000061035156,102.30000305175781,103.36000061035156,87239
2025-03-06 20:00:00+00:00,102.58000183105469,102.61000061035156,102.12999725341797,102.30999755859375,154531
2025-03-06 20:05:00+00:00,102.67500305175781,102.83999633789062,102.4800033569336,102.5199966430664,150780
2025-03-06 20:10:00+00:00,103.19000244140625,103.19000244140625,102.62999725341797,102.67500305175781,112151
2025-03-06 20:15:00+00:00,102.88500213623047,103.30000305175781,102.75,103.1500015258789,99020
2025-03-06 20:20:00+00:00,102.22000122070312,102.99500274658203,102.06999969482422,102.83000183105469,122596
2025-03-06 20:25:00+00:00,102.47000122070312,102.58499908447266,102.19999694824219,102.2300033569336,118708
2025-03-06 20:30:00+00:00,102.29000091552734,102.66999816894531,102.2699966430664,102.48999786376953,209871
2025-03-06 20:35:00+00:00,102.34500122070312,102.54000091552734,102.16999816894531,102.29000091552734,165460
2025-03-06 20:40:00+00:00,101.71499633789062,102.41000366210938,101.5999984741211,102.31999969482422,221221
2025-03-06 20:45:00+00:00,102.48999786376953,102.48999786376953,101.66000366210938,101.68000030517578,244210
2025-03-06 20:50:00+00:00,102.33499908447266,102.80000305175781,102.13999938964844,102.43000030517578,309613
2025-03-06 20:55:00+00:00,102.48999786376953,102.5,102.04000091552734,102.36000061035156,596974
2025-03-07 14:30:00+00:00,101.81500244140625,102.16999816894531,100.51679992675781,100.8499984741211,256882
2025-03-07 14:35:00+00:00,101.80000305175781,102.48999786376953,101.36000061035156,101.8499984741211,122308
2025-03-07 14:40:00+00:00,101.72000122070312,102.0199966430664,101.58999633789062,101.77999877929688,84974
2025-03-07 14:45:00+00:00,102.58999633789062,102.80999755859375,101.70500183105469,101.70500183105469,119512
2025-03-07 14:50:00+00:00,103.41999816894531,103.5,102.45999908447266,102.58999633789062,149162
2025-03-07 14:55:00+00:00,102.16999816894531,103.4800033569336,102.12999725341797,103.41999816894531,130704
2025-03-07 15:00:00+00:00,102.12999725341797,102.20999908447266,101.44999694824219,102.20999908447266,189726
2025-03-07 15:05:00+00:00,102.2699966430664,102.47000122070312,101.87999725341797,102.12999725341797,74615
2025-03-07 15:10:00+00:00,101.6449966430664,102.38999938964844,101.58000183105469,102.22000122070312,77314
2025-03-07 15:15:00+00:00,101.08499908447266,101.74800109863281,101.05000305175781,101.62999725341797,88941
2025-03-07 15:20:00+00:00,101.57980346679688,101.6500015258789,100.6852035522461,101.13999938964844,109144
2025-03-07 15:25:00+00:00,100.61499786376953,101.5,100.44999694824219,101.5,94288
2025-03-07 15:30:00+00:00,100.18499755859375,100.62000274658203,99.87010192871094,100.58000183105469,170760
2025-03-07 15:35:00+00:00,99.93499755859375,100.23999786376953,99.75,100.19999694824219,131204
2025-03-07 15:40:00+00:00,99.88999938964844,99.95999908447266,99.44999694824219,99.92500305175781,116935
2025-03-07 15:45:00+00:00,100.92500305175781,101.09500122070312,99.7686996459961,99.92500305175781,155617
2025-03-07 15:50:00+00:00,100.875,101.12999725341797,100.39009857177734,100.9800033569336,103528
2025-03-07 15:55:00+00:00,100.57499694824219,100.98999786376953,100.41999816894531,100.875,83871
2025-03-07 16:00:00+00:00,100.23999786376953,100.5199966430664,100.04000091552734,100.51000213623047,93743
2025-03-07 16:05:00+00:00,99.7300033569336,100.30000305175781,99.7300033569336,100.2750015258789,91960
2025-03-07 16:10:00+00:00,99.7249984741211,99.94000244140625,99.48999786376953,99.77999877929688,121843
2025-03-07 16:15:00+00:00,98.80999755859375,99.70999908447266,98.68000030517578,99.69000244140625,176707
2025-03-07 16:20:00+00:00,98.44000244140625,98.93990325927734,98.2699966430664,98.80000305175781,251451
2025-03-07 16:25:00+00:00,97.73999786376953,98.63990020751953,97.72000122070312,98.44999694824219,192575
2025-03-07 16:30:00+00:00,97.61199951171875,97.95999908447266,97.47000122070312,97.77999877929688,207679
2025-03-07 16:35:00+00:00,97.46659851074219,97.68000030517578,97.18000030517578,97.66000366210938,144028
2025-03-07 16:40:00+00:00,96.95500183105469,97.44000244140625,96.56999969482422,97.4000015258789,146229
2025-03-07 16:45:00+00:00,96.43000030517578,96.95999908447266,96.33000183105469,96.93000030517578,279310
2025-03-07 16:50:00+00:00,96.37999725341797,96.45999908447266,95.81999969482422,96.41500091552734,193842
2025-03-07 16:55:00+00:00,96.20999908447266,96.52999877929688,96.12999725341797,96.3949966430664,268680
2025-03-07 17:00:00+00:00,96.58000183105469,97.02999877929688,96.01000213623047,96.22000122070312,328993
2025-03-07 17:05:00+00:00,95.8949966430664,96.74240112304688,95.83999633789062,96.6050033569336,208808
2025-03-07 17:10:00+00:00,95.93000030517578,96.09500122070312,95.4800033569336,95.88500213623047,273319
2025-03-07 17:15:00+00:00,95.45999908447266,96.0199966430664,95.36000061035156,95.94499969482422,166411
2025-03-07 17:20:00+00:00,96.4000015258789,96.51000213623047,95.47000122070312,95.4800033569336,187769
2025-03-07 17:25:00+00:00,96.4000015258789,96.62999725341797,96.22000122070312,96.38999938964844,252036
2025-03-07 17:30:00+00:00,97.0199966430664,97.12999725341797,96.1978988647461,96.3499984741211,130839
2025-03-07 17:35:00+00:00,96.84010314941406,97.16999816894531,96.72000122070312,97.0199966430664,144740
2025-03-07 17:40:00+00:00,97.57499694824219,97.58999633789062,96.81999969482422,96.86000061035156,87878
2025-03-07 17:45:00+00:00,97.83000183105469,98.16000366210938,97.58000183105469,97.58999633789062,213476
2025-03-07 17:50:00+00:00,98.25,98.27999877929688,97.54000091552734,97.77999877929688,247151
2025-03-07 17:55:00+00:00,97.12000274658203,98.4000015258789,96.76000213623047,98.21499633789062,152832
2025-03-07 18:00:00+00:00,98.33000183105469,98.38140106201172,97.12999725341797,97.16500091552734,139309
2025-03-07 18:05:00+00:00,98.0999984741211,98.73999786376953,98.05000305175781,98.30500030517578,186044
2025-03-07 18:10:00+00:00,98.7699966430664,98.7699966430664,98.0999984741211,98.0999984741211,155183
2025-03-07 18:15:00+00:00,98.51000213623047,98.81999969482422,98.41000366210938,98.72000122070312,100995
2025-03-07 18:20:00+00:00,98.3499984741211,98.8499984741211,98.30000305175781,98.51000213623047,93126
2025-03-07 18:25:00+00:00,98.36000061035156,98.58000183105469,98.30000305175781,98.3499984741211,90249
2025-03-07 18:30:00+00:00,98.54000091552734,98.73999786376953,98.37000274658203,98.41000366210938,101765
2025-03-07 18:35:00+00:00,99.07499694824219,99.19499969482422,98.4000015258789,98.5199966430664,147055
2025-03-07 18:40:00+00:00,99.2750015258789,99.45999908447266,99.04000091552734,99.04000091552734,104601
2025-03-07 18:45:00+00:00,99.22000122070312,99.70999908447266,99.13999938964844,99.27999877929688,100475
2025-03-07 18:50:00+00:00,99.4000015258789,99.44999694824219,99.0999984741211,99.22000122070312,61879
2025-03-07 18:55:00+00:00,99.5999984741211,99.66999816894531,99.33999633789062,99.375,80985
2025-03-07 19:00:00+00:00,99.55999755859375,99.73999786376953,99.44999694824219,99.5999984741211,84781
2025-03-07 19:05:00+00:00,99.0,99.5999984741211,98.95999908447266,99.55999755859375,89816
2025-03-07 19:10:00+00:00,99.00499725341797,99.0999984741211,98.76000213623047,99.02999877929688,411496
2025-03-07 19:15:00+00:00,99.41500091552734,99.41500091552734,98.9000015258789,98.97000122070312,114747
2025-03-07 19:20:00+00:00,100.4375,100.47000122070312,99.36000061035156,99.42500305175781,157347
2025-03-07 19:25:00+00:00,100.04499816894531,100.4800033569336,99.8499984741211,100.43499755859375,84471
2025-03-07 19:30:00+00:00,100.05999755859375,100.23999786376953,99.94000244140625,100.08910369873047,132376
2025-03-07 19:35:00+00:00,100.07499694824219,100.28500366210938,99.72000122070312,100.04499816894531,84217
2025-03-07 19:40:00+00:00,99.77999877929688,100.13999938964844,99.69999694824219,100.0999984741211,101033
2025-03-07 19:45:00+00:00,99.58000183105469,99.79000091552734,99.44000244140625,99.79000091552734,77872
2025-03-07 19:50:00+00:00,99.63999938964844,99.77999877929688,99.48139953613281,99.55000305175781,82615
2025-03-07 19:55:00+00:00,99.55999755859375,99.77999877929688,99.51000213623047,99.63400268554688,81999
2025-03-07 20:00:00+00:00,99.49500274658203,99.77999877929688,99.37999725341797,99.55000305175781,106807
2025-03-07 20:05:00+00:00,99.75,99.83999633789062,99.44999694824219,99.5199966430664,89876
2025-03-07 20:10:00+00:00,99.37999725341797,99.83499908447266,99.37999725341797,99.7300033569336,114143
2025-03-07 20:15:00+00:00,99.52880096435547,99.58000183105469,98.93000030517578,99.37000274658203,129088
2025-03-07 20:20:00+00:00,99.41000366210938,99.56179809570312,99.19000244140625,99.56179809570312,120068
2025-03-07 20:25:00+00:00,99.4000015258789,99.5,99.36000061035156,99.41000366210938,134073
2025-03-07 20:30:00+00:00,99.30000305175781,99.44999694824219,98.9800033569336,99.37000274658203,151198
2025-03-07 20:35:00+00:00,98.63999938964844,99.31999969482422,98.45999908447266,99.31999969482422,150109
2025-03-07 20:40:00+00:00,98.83999633789062,98.94000244140625,98.44999694824219,98.62999725341797,177330
2025-03-07 20:45:00+00:00,99.07499694824219,99.16999816894531,98.7300033569336,98.81999969482422,182547
2025-03-07 20:50:00+00:00,99.33999633789062,99.37999725341797,98.8499984741211,99.05999755859375,297915
2025-03-07 20:55:00+00:00,100.16999816894531,100.16999816894531,99.36000061035156,99.36000061035156,863498
2025-03-10 13:30:00+00:00,93.0,96.18689727783203,92.80999755859375,96.06999969482422,823634
2025-03-10 13:35:00+00:00,94.05999755859375,94.16999816894531,92.6500015258789,93.05000305175781,477645
2025-03-10 13:40:00+00:00,94.11499786376953,94.38999938964844,93.59380340576172,93.9800033569336,302985
2025-03-10 13:45:00+00:00,94.30999755859375,94.62999725341797,93.9000015258789,94.08000183105469,200673
2025-03-10 13:50:00+00:00,94.5,94.87999725341797,94.08000183105469,94.30999755859375,365274
2025-03-10 13:55:00+00:00,94.63500213623047,95.58999633789062,94.36000061035156,94.51000213623047,319622
2025-03-10 14:00:00+00:00,93.7750015258789,94.5999984741211,93.71499633789062,94.5999984741211,340610
2025-03-10 14:05:00+00:00,93.8499984741211,94.72000122070312,93.7300033569336,93.83999633789062,263877
2025-03-10 14:10:00+00:00,93.8499984741211,93.94999694824219,93.41000366210938,93.9000015258789,192828
2025-03-10 14:15:00+00:00,93.22000122070312,94.05000305175781,92.83999633789062,93.87000274658203,383032
2025-03-10 14:20:00+00:00,93.63500213623047,93.79499816894531,92.83999633789062,93.27999877929688,187193
2025-03-10 14:25:00+00:00,92.84269714355469,93.76499938964844,92.7249984741211,93.63999938964844,168238
2025-03-10 14:30:00+00:00,92.79000091552734,93.18000030517578,92.70999908447266,92.83499908447266,182360
2025-03-10 14:35:00+00:00,92.94999694824219,93.02999877929688,92.55999755859375,92.73999786376953,143141
2025-03-10 14:40:00+00:00,92.69000244140625,93.12000274658203,92.66999816894531,92.92259979248047,164370
2025-03-10 14:45:00+00:00,92.55000305175781,93.02999877929688,92.37999725341797,92.70999908447266,206470
2025-03-10 14:50:00+00:00,92.12000274658203,92.55000305175781,91.9000015258789,92.5250015258789,394755
2025-03-10 14:55:00+00:00,92.41000366210938,92.48999786376953,92.12999725341797,92.19000244140625,276122
2025-03-10 15:00:00+00:00,93.16010284423828,93.36000061035156,92.23999786376953,92.41000366210938,314115
2025-03-10 15:05:00+00:00,93.31999969482422,93.41000366210938,92.8499984741211,93.20999908447266,188415
2025-03-10 15:10:00+00:00,93.15840148925781,93.29499816894531,92.77999877929688,93.20999908447266,144480
2025-03-10 15:15:00+00:00,92.55000305175781,93.2699966430664,92.4800033569336,93.12999725341797,154468
2025-03-10 15:20:00+00:00,93.15499877929688,93.23999786376953,92.3499984741211,92.52999877929688,141939
2025-03-10 15:25:00+00:00,93.63999938964844,93.66999816894531,93.11000061035156,93.15499877929688,137226
2025-03-10 15:30:00+00:00,94.47000122070312,94.75,93.58999633789062,93.63999938964844,267055
2025-03-10 15:35:00+00:00,94.80500030517578,95.08000183105469,94.33499908447266,94.44999694824219,196324
2025-03-10 15:40:00+00:00,93.97000122070312,94.8499984741211,93.80999755859375,94.78730010986328,158268
2025-03-10 15:45:00+00:00,94.73999786376953,94.87370300292969,93.9000015258789,93.98999786376953,162551
2025-03-10 15:50:00+00:00,94.56999969482422,94.94000244140625,94.36000061035156,94.69999694824219,155944
2025-03-10 15:55:00+00:00,94.12999725341797,94.52999877929688,93.81099700927734,94.52999877929688,124142
2025-03-10 16:00:00+00:00,93.71499633789062,94.5999984741211,93.66000366210938,94.12999725341797,136963
2025-03-10 16:05:00+00:00,93.66500091552734,93.88999938964844,93.56999969482422,93.71499633789062,115803
2025-03-10 16:10:00+00:00,93.76000213623047,93.8550033569336,93.51000213623047,93.66500091552734,142604
2025-03-10 16:15:00+00:00,93.62000274658203,93.87000274658203,93.47000122070312,93.7300033569336,103816
2025-03-10 16:20:00+00:00,93.6500015258789,93.72000122070312,93.4717025756836,93.61000061035156,109873
2025-03-10 16:25:00+00:00,93.98300170898438,94.05000305175781,93.62999725341797,93.6500015258789,108612
2025-03-10 16:30:00+00:00,94.5250015258789,94.55999755859375,93.97000122070312,94.0250015258789,125100
2025-03-10 16:35:00+00:00,93.62999725341797,94.52999877929688,93.62999725341797,94.52999877929688,123380
2025-03-10 16:40:00+00:00,93.58000183105469,93.93000030517578,93.58000183105469,93.65499877929688,118837
2025-03-10 16:45:00+00:00,93.55000305175781,93.8499984741211,93.46749877929688,93.58000183105469,99328
2025-03-10 16:50:00+00:00,93.67500305175781,93.87999725341797,93.5199966430664,93.56999969482422,89633
2025-03-10 16:55:00+00:00,93.70999908447266,93.92500305175781,93.61000061035156,93.67500305175781,106820
2025-03-10 17:00:00+00:00,93.51499938964844,93.80999755859375,93.33000183105469,93.70999908447266,107344
2025-03-10 17:05:00+00:00,93.27999877929688,93.6500015258789,93.26000213623047,93.4800033569336,152355
2025-03-10 17:10:00+00:00,93.0,93.3499984741211,92.77999877929688,93.28500366210938,199277
2025-03-10 17:15:00+00:00,93.2699966430664,93.3499984741211,92.93000030517578,93.0,85471
2025-03-10 17:20:00+00:00,93.33999633789062,93.52999877929688,93.15499877929688,93.23999786376953,85983
2025-03-10 17:25:00+00:00,93.18499755859375,93.44999694824219,93.16999816894531,93.31999969482422,75772
2025-03-10 17:30:00+00:00,92.97660064697266,93.20999908447266,92.73999786376953,93.18499755859375,148147
2025-03-10 17:35:00+00:00,92.69499969482422,92.97000122070312,92.54000091552734,92.9000015258789,98412
2025-03-10 17:40:00+00:00,92.58999633789062,92.80999755859375,92.38500213623047,92.69499969482422,122258
2025-03-10 17:45:00+00:00,92.3499984741211,92.93000030517578,92.23999786376953,92.59500122070312,171710
2025-03-10 17:50:00+00:00,92.61000061035156,92.66000366210938,92.04630279541016,92.36000061035156,134790
2025-03-10 17:55:00+00:00,92.41000366210938,92.74199676513672,92.23999786376953,92.63999938964844,178353
2025-03-10 18:00:00+00:00,92.04000091552734,92.45999908447266,92.04000091552734,92.43000030517578,80749
2025-03-10 18:05:00+00:00,92.12000274658203,92.12999725341797,91.87000274658203,92.06999969482422,211078
2025-03-10 18:10:00+00:00,92.61499786376953,92.77999877929688,92.08999633789062,92.08999633789062,122513
2025-03-10 18:15:00+00:00,92.5,92.83000183105469,92.4800033569336,92.61499786376953,89061
2025-03-10 18:20:00+00:00,92.2300033569336,92.5999984741211,92.12000274658203,92.48999786376953,135882
2025-03-10 18:25:00+00:00,92.12999725341797,92.38999938964844,92.04000091552734,92.2300033569336,129767
2025-03-10 18:30:00+00:00,92.44999694824219,92.5,92.12999725341797,92.16000366210938,83158
2025-03-10 18:35:00+00:00,92.41000366210938,92.5,92.22000122070312,92.44000244140625,74277
2025-03-10 18:40:00+00:00,92.69999694824219,92.8499984741211,92.37999725341797,92.4000015258789,141113
2025-03-10 18:45:00+00:00,92.63999938964844,92.81999969482422,92.58999633789062,92.66500091552734,106211
2025-03-10 18:50:00+00:00,92.12999725341797,92.7699966430664,92.08000183105469,92.63999938964844,148058
2025-03-10 18:55:00+00:00,91.8949966430664,92.19000244140625,91.83589935302734,92.12999725341797,132191
2025-03-10 19:00:00+00:00,91.80500030517578,92.12999725341797,91.69999694824219,91.88999938964844,165379
2025-03-10 19:05:00+00:00,91.91999816894531,92.05000305175781,91.72000122070312,91.80000305175781,183136
2025-03-10 19:10:00+00:00,92.32499694824219,92.4198989868164,91.69000244140625,91.91999816894531,198424
2025-03-10 19:15:00+00:00,92.65499877929688,92.67109680175781,92.08999633789062,92.27999877929688,242480
2025-03-10 19:20:00+00:00,93.05500030517578,93.05999755859375,92.5199966430664,92.6500015258789,139657
2025-03-10 19:25:00+00:00,92.98999786376953,93.45500183105469,92.94999694824219,93.07879638671875,189318
2025-03-10 19:30:00+00:00,93.69000244140625,93.81999969482422,92.86000061035156,93.01000213623047,245477
2025-03-10 19:35:00+00:00,93.33999633789062,93.97000122070312,93.06999969482422,93.66000366210938,233157
2025-03-10 19:40:00+00:00,92.55500030517578,93.3499984741211,92.55500030517578,93.30999755859375,203926
2025-03-10 19:45:00+00:00,92.81999969482422,92.97989654541016,92.55390167236328,92.55500030517578,270143
2025-03-10 19:50:00+00:00,92.61000061035156,93.0999984741211,92.47000122070312,92.83999633789062,522223
2025-03-10 19:55:00+00:00,92.73999786376953,92.87999725341797,92.33999633789062,92.63999938964844,896564
2025-03-11 13:30:00+00:00,93.24960327148438,93.4800033569336,92.47000122070312,92.75,317424
2025-03-11 13:35:00+00:00,93.54000091552734,94.08000183105469,93.06999969482422,93.20999908447266,116870
2025-03-11 13:40:00+00:00,94.5,94.76219940185547,93.45500183105469,93.55999755859375,126743
2025-03-11 13:45:00+00:00,94.91999816894531,94.9800033569336,94.04000091552734,94.5,240368
2025-03-11 13:50:00+00:00,94.4000015258789,94.9800033569336,94.22000122070312,94.94999694824219,108993
2025-03-11 13:55:00+00:00,94.27999877929688,94.91000366210938,94.27999877929688,94.44999694824219,602411
2025-03-11 14:00:00+00:00,93.19499969482422,95.1084976196289,93.08000183105469,94.23999786376953,213015
2025-03-11 14:05:00+00:00,94.16000366210938,94.27999877929688,93.08000183105469,93.0999984741211,144077
2025-03-11 14:10:00+00:00,93.58000183105469,94.25,93.43669891357422,94.17500305175781,106088
2025-03-11 14:15:00+00:00,93.58499908447266,94.01000213623047,93.25,93.54000091552734,87364
2025-03-11 14:20:00+00:00,92.93000030517578,93.70999908447266,92.86699676513672,93.57499694824219,81249
2025-03-11 14:25:00+00:00,91.88999938964844,92.88999938964844,91.88999938964844,92.87999725341797,126822
2025-03-11 14:30:00+00:00,92.1500015258789,92.6500015258789,91.875,91.93499755859375,134384
2025-03-11 14:35:00+00:00,91.4749984741211,92.61000061035156,91.43000030517578,92.1500015258789,205158
2025-03-11 14:40:00+00:00,92.36499786376953,92.45999908447266,91.18000030517578,91.4749984741211,233179
2025-03-11 14:45:00+00:00,92.0,92.69000244140625,91.82499694824219,92.27999877929688,98802
2025-03-11 14:50:00+00:00,93.04000091552734,93.1852035522461,91.9749984741211,91.98999786376953,104778
2025-03-11 14:55:00+00:00,92.44000244140625,93.02999877929688,92.38999938964844,93.0,86144
2025-03-11 15:00:00+00:00,92.83000183105469,93.02999877929688,92.1500015258789,92.33999633789062,191117
2025-03-11 15:05:00+00:00,93.83999633789062,93.88999938964844,92.7300033569336,92.73999786376953,157251
2025-03-11 15:10:00+00:00,93.62000274658203,93.9000015258789,93.30000305175781,93.83999633789062,193000
2025-03-11 15:15:00+00:00,93.94999694824219,94.06999969482422,93.51000213623047,93.66000366210938,103522
2025-03-11 15:20:00+00:00,93.91999816894531,94.2300033569336,93.66010284423828,93.95500183105469,105423
2025-03-11 15:25:00+00:00,93.69999694824219,94.39600372314453,93.69999694824219,93.98989868164062,210848
2025-03-11 15:30:00+00:00,94.01000213623047,94.41500091552734,93.66999816894531,93.79000091552734,93732
2025-03-11 15:35:00+00:00,93.86000061035156,94.20999908447266,93.47000122070312,94.06999969482422,89734
2025-03-11 15:40:00+00:00,94.375,94.6509017944336,93.87000274658203,93.87000274658203,110024
2025-03-11 15:45:00+00:00,94.20999908447266,94.41999816894531,93.8499984741211,94.375,81428
2025-03-11 15:50:00+00:00,93.90760040283203,94.2699966430664,93.75,94.25,104591
2025-03-11 15:55:00+00:00,93.19000244140625,93.86000061035156,93.14009857177734,93.86000061035156,89235
2025-03-11 16:00:00+00:00,93.125,93.38999938964844,93.01000213623047,93.16000366210938,89122
2025-03-11 16:05:00+00:00,92.79000091552734,93.12999725341797,92.66999816894531,93.0199966430664,91008
2025-03-11 16:10:00+00:00,92.68000030517578,92.80000305175781,92.58000183105469,92.77999877929688,126507
2025-03-11 16:15:00+00:00,92.6500015258789,92.91999816894531,92.61000061035156,92.66000366210938,76698
2025-03-11 16:20:00+00:00,92.7750015258789,92.94000244140625,92.61000061035156,92.68000030517578,60611
2025-03-11 16:25:00+00:00,92.78500366210938,93.0,92.7300033569336,92.77999877929688,65780
2025-03-11 16:30:00+00:00,93.12000274658203,93.19999694824219,92.78500366210938,92.78500366210938,95209
2025-03-11 16:35:00+00:00,92.87239837646484,93.20999908447266,92.79000091552734,93.12000274658203,74988
2025-03-11 16:40:00+00:00,92.52999877929688,93.0199966430664,92.52999877929688,92.8550033569336,75935
2025-03-11 16:45:00+00:00,92.3499984741211,92.68000030517578,92.29000091552734,92.53500366210938,73972
2025-03-11 16:50:00+00:00,91.95500183105469,92.40509796142578,91.75,92.37999725341797,113404
2025-03-11 16:55:00+00:00,92.01000213623047,92.20999908447266,91.80000305175781,91.96499633789062,112919
2025-03-11 17:00:00+00:00,91.80999755859375,92.1166000366211,91.72000122070312,92.01000213623047,62039
2025-03-11 17:05:00+00:00,91.8499984741211,92.0,91.68000030517578,91.80500030517578,117914
2025-03-11 17:10:00+00:00,91.72000122070312,91.9800033569336,91.52999877929688,91.83000183105469,113944
2025-03-11 17:15:00+00:00,91.66999816894531,92.0,91.6500015258789,91.70999908447266,89780
2025-03-11 17:20:00+00:00,91.37000274658203,91.76000213623047,91.20030212402344,91.6500015258789,70351
2025-03-11 17:25:00+00:00,91.3499984741211,91.47000122070312,91.1614990234375,91.37000274658203,110763
2025-03-11 17:30:00+00:00,91.31999969482422,91.73999786376953,91.30000305175781,91.31999969482422,121191
2025-03-11 17:35:00+00:00,91.5,91.5199966430664,91.15042877197266,91.33999633789062,86318
2025-03-11 17:40:00+00:00,91.98999786376953,92.0,91.51000213623047,91.51000213623047,77942
2025-03-11 17:45:00+00:00,92.2750015258789,92.55000305175781,91.94000244140625,91.99500274658203,71544
2025-03-11 17:50:00+00:00,92.41490173339844,92.51000213623047,92.20999908447266,92.32499694824219,62785
2025-03-11 17:55:00+00:00,92.45999908447266,92.66000366210938,92.08000183105469,92.41500091552734,172718
2025-03-11 18:00:00+00:00,93.16000366210938,93.37999725341797,92.45999908447266,92.45999908447266,76354
2025-03-11 18:05:00+00:00,92.8373031616211,93.19999694824219,92.81999969482422,93.15499877929688,139181
2025-03-11 18:10:00+00:00,92.98999786376953,93.11820220947266,92.55000305175781,92.875,267902
2025-03-11 18:15:00+00:00,93.33999633789062,93.33999633789062,92.7699966430664,92.9800033569336,391573
2025-03-11 18:20:00+00:00,93.45999908447266,94.0,93.30999755859375,93.31999969482422,25863
2025-03-11 18:25:00+00:00,93.5,93.69000244140625,93.27999877929688,93.4800033569336,97649
2025-03-11 18:30:00+00:00,93.2927017211914,93.52999877929688,93.0999984741211,93.5,93580
2025-03-11 18:35:00+00:00,93.37000274658203,93.45999908447266,93.01000213623047,93.25,75123
2025-03-11 18:40:00+00:00,93.98500061035156,94.18990325927734,93.25,93.41999816894531,195058
2025-03-11 18:45:00+00:00,94.0199966430664,94.30500030517578,93.86000061035156,94.0199966430664,375676
2025-03-11 18:50:00+00:00,94.07499694824219,94.2699966430664,94.01000213623047,94.02999877929688,102453
2025-03-11 18:55:00+00:00,94.02999877929688,94.27999877929688,93.86000061035156,94.08499908447266,100526
2025-03-11 19:00:00+00:00,93.7699966430664,94.19000244140625,93.52999877929688,94.04109954833984,86192
2025-03-11 19:05:00+00:00,94.38999938964844,94.55999755859375,93.76000213623047,93.79499816894531,114917
2025-03-11 19:10:00+00:00,93.8949966430664,94.4800033569336,93.81999969482422,94.33000183105469,301584
2025-03-11 19:15:00+00:00,93.81500244140625,93.98999786376953,93.69000244140625,93.88999938964844,140725
2025-03-11 19:20:00+00:00,93.45999908447266,94.18499755859375,93.45999908447266,93.81500244140625,127911
2025-03-11 19:25:00+00:00,93.55000305175781,93.9000015258789,93.37999725341797,93.4000015258789,94136
2025-03-11 19:30:00+00:00,93.30000305175781,93.7300033569336,93.30000305175781,93.55999755859375,106595
2025-03-11 19:35:00+00:00,93.20500183105469,93.5999984741211,93.16999816894531,93.3499984741211,133249
2025-03-11 19:40:00+00:00,93.26280212402344,93.36000061035156,93.12999725341797,93.20999908447266,88372
2025-03-11 19:45:00+00:00,93.58000183105469,93.63999938964844,93.08999633789062,93.22000122070312,116571
2025-03-11 19:50:00+00:00,93.01000213623047,93.55999755859375,92.86000061035156,93.55999755859375,212469
2025-03-11 19:55:00+00:00,92.94999694824219,93.06999969482422,92.75,93.01000213623047,459804
2025-03-12 13:30:00+00:00,97.73999786376953,97.77999877929688,96.23999786376953,96.66999816894531,506878
2025-03-12 13:35:00+00:00,98.76000213623047,99.13469696044922,97.62000274658203,97.68000030517578,439449
2025-03-12 13:40:00+00:00,97.75,98.80999755859375,97.43000030517578,98.75,322360
2025-03-12 13:45:00+00:00,97.20999908447266,98.12000274658203,96.80000305175781,97.76000213623047,334394
2025-03-12 13:50:00+00:00,95.9000015258789,97.58999633789062,95.86000061035156,97.29000091552734,202974
2025-03-12 13:55:00+00:00,96.19499969482422,96.20500183105469,95.36000061035156,95.87999725341797,143920
2025-03-12 14:00:00+00:00,96.38999938964844,96.58889770507812,95.94999694824219,96.22989654541016,157700
2025-03-12 14:05:00+00:00,97.44999694824219,97.47000122070312,96.30999755859375,96.30999755859375,139320
2025-03-12 14:10:00+00:00,97.43000030517578,97.52999877929688,97.04000091552734,97.45999908447266,255205
2025-03-12 14:15:00+00:00,96.87000274658203,97.44000244140625,96.5999984741211,97.38500213623047,168930
2025-03-12 14:20:00+00:00,96.80000305175781,97.13999938964844,96.51000213623047,96.91999816894531,122198
2025-03-12 14:25:00+00:00,97.19499969482422,97.4000015258789,96.74960327148438,96.77999877929688,121769
2025-03-12 14:30:00+00:00,96.29000091552734,97.29000091552734,96.11499786376953,97.23999786376953,133238
2025-03-12 14:35:00+00:00,96.16999816894531,96.45999908447266,96.0199966430664,96.29000091552734,126671
2025-03-12 14:40:00+00:00,96.05999755859375,96.23999786376953,95.80999755859375,96.12999725341797,63109
2025-03-12 14:45:00+00:00,96.33999633789062,96.44999694824219,96.0199966430664,96.05999755859375,71030
2025-03-12 14:50:00+00:00,96.79499816894531,96.83999633789062,96.20999908447266,96.33999633789062,97444
2025-03-12 14:55:00+00:00,96.08999633789062,96.7699966430664,96.0,96.7699966430664,66830
2025-03-12 15:00:00+00:00,95.5199966430664,96.13500213623047,95.41000366210938,96.13500213623047,99109
2025-03-12 15:05:00+00:00,95.80999755859375,95.93000030517578,95.41000366210938,95.58000183105469,84889
2025-03-12 15:10:00+00:00,95.62999725341797,96.0,95.52999877929688,95.87999725341797,53726
2025-03-12 15:15:00+00:00,95.86409759521484,95.9478988647461,95.29000091552734,95.66999816894531,46066
2025-03-12 15:20:00+00:00,96.12999725341797,96.13999938964844,95.44120025634766,95.8499984741211,88391
2025-03-12 15:25:00+00:00,96.22000122070312,96.42500305175781,96.0199966430664,96.08999633789062,95830
2025-03-12 15:30:00+00:00,96.4800033569336,96.58999633789062,96.13999938964844,96.23999786376953,81880
2025-03-12 15:35:00+00:00,96.6449966430664,96.87999725341797,96.34220123291016,96.4800033569336,55740
2025-03-12 15:40:00+00:00,96.91000366210938,96.97000122070312,96.5999984741211,96.63999938964844,40941
2025-03-12 15:45:00+00:00,97.25,97.33999633789062,96.79000091552734,96.91999816894531,106934
2025-03-12 15:50:00+00:00,97.44999694824219,97.48999786376953,97.2300033569336,97.25,71612
2025-03-12 15:55:00+00:00,97.5,97.52999877929688,97.19999694824219,97.44999694824219,112785
2025-03-12 16:00:00+00:00,97.1500015258789,97.47000122070312,96.91000366210938,97.47000122070312,67396
2025-03-12 16:05:00+00:00,97.50749969482422,97.55000305175781,97.02999877929688,97.16999816894531,85364
2025-03-12 16:10:00+00:00,97.58999633789062,97.79000091552734,97.30000305175781,97.48999786376953,127302
2025-03-12 16:15:00+00:00,97.25,97.61000061035156,96.98999786376953,97.58000183105469,44463
2025-03-12 16:20:00+00:00,97.4000015258789,97.52999877929688,97.25,97.25,41276
2025-03-12 16:25:00+00:00,97.37000274658203,97.55999755859375,97.1500015258789,97.41999816894531,84352
2025-03-12 16:30:00+00:00,97.91000366210938,97.91999816894531,97.37999725341797,97.4000015258789,58219
2025-03-12 16:35:00+00:00,98.0199966430664,98.20999908447266,97.87999725341797,97.91999816894531,68578
2025-03-12 16:40:00+00:00,97.28040313720703,97.95999908447266,97.20999908447266,97.95999908447266,81390
2025-03-12 16:45:00+00:00,97.8499984741211,97.95999908447266,97.2699966430664,97.31999969482422,54725
2025-03-12 16:50:00+00:00,97.93499755859375,98.02999877929688,97.58159637451172,97.8499984741211,83508
2025-03-12 16:55:00+00:00,97.67500305175781,98.0,97.62000274658203,97.95999908447266,72458
2025-03-12 17:00:00+00:00,97.57499694824219,97.77999877929688,97.42960357666016,97.7300033569336,44240
2025-03-12 17:05:00+00:00,97.70500183105469,97.75,97.26000213623047,97.54000091552734,33065
2025-03-12 17:10:00+00:00,97.51000213623047,97.7300033569336,97.37999725341797,97.7300033569336,44628
2025-03-12 17:15:00+00:00,97.39990234375,97.5302963256836,97.21179962158203,97.51499938964844,42819
2025-03-12 17:20:00+00:00,97.80999755859375,97.80999755859375,97.3499984741211,97.3499984741211,34917
2025-03-12 17:25:00+00:00,97.79000091552734,97.8499984741211,97.56999969482422,97.7699966430664,31902
2025-03-12 17:30:00+00:00,97.73999786376953,97.9800033569336,97.70999908447266,97.79000091552734,34823
2025-03-12 17:35:00+00:00,97.9000015258789,97.94000244140625,97.66000366210938,97.72000122070312,27639
2025-03-12 17:40:00+00:00,97.810302734375,98.0,97.67430114746094,97.84629821777344,23520
2025-03-12 17:45:00+00:00,97.66999816894531,97.97000122070312,97.5999984741211,97.80999755859375,36896
2025-03-12 17:50:00+00:00,97.06500244140625,97.62999725341797,97.05400085449219,97.58999633789062,50132
2025-03-12 17:55:00+00:00,96.30500030517578,97.08999633789062,96.2300033569336,97.08999633789062,52767
2025-03-12 18:00:00+00:00,96.76499938964844,96.98999786376953,96.18000030517578,96.25499725341797,59033
2025-03-12 18:05:00+00:00,96.4926986694336,96.83000183105469,96.4926986694336,96.72000122070312,29048
2025-03-12 18:10:00+00:00,96.93499755859375,97.01000213623047,96.5199966430664,96.5199966430664,44896
2025-03-12 18:15:00+00:00,97.16000366210938,97.16000366210938,96.91000366210938,96.94000244140625,47140
2025-03-12 18:20:00+00:00,96.9800033569336,97.39990234375,96.87000274658203,97.16000366210938,68718
2025-03-12 18:25:00+00:00,97.11000061035156,97.15989685058594,96.9000015258789,96.9800033569336,34250
2025-03-12 18:30:00+00:00,97.36000061035156,97.37000274658203,97.0,97.13999938964844,37251
2025-03-12 18:35:00+00:00,97.36150360107422,97.43000030517578,97.21080017089844,97.38500213623047,40052
2025-03-12 18:40:00+00:00,97.38999938964844,97.44999694824219,97.33999633789062,97.375,19924
2025-03-12 18:45:00+00:00,97.55500030517578,97.69000244140625,97.38569641113281,97.4000015258789,46426
2025-03-12 18:50:00+00:00,97.30500030517578,97.54000091552734,97.19000244140625,97.52999877929688,56777
2025-03-12 18:55:00+00:00,97.24500274658203,97.33000183105469,96.95999908447266,97.2699966430664,32163
2025-03-12 19:00:00+00:00,97.0199966430664,97.24500274658203,96.95999908447266,97.24500274658203,100165
2025-03-12 19:05:00+00:00,97.16000366210938,97.19000244140625,96.80999755859375,97.05000305175781,77972
2025-03-12 19:10:00+00:00,97.0250015258789,97.1500015258789,96.93000030517578,97.13999938964844,48123
2025-03-12 19:15:00+00:00,97.05999755859375,97.0999984741211,96.69999694824219,96.98999786376953,59900
2025-03-12 19:20:00+00:00,96.99500274658203,97.11000061035156,96.79000091552734,97.04000091552734,80351
2025-03-12 19:25:00+00:00,97.1500015258789,97.18990325927734,96.87000274658203,97.01000213623047,54027
2025-03-12 19:30:00+00:00,97.26139831542969,97.30999755859375,97.11000061035156,97.16999816894531,81998
2025-03-12 19:35:00+00:00,97.02999877929688,97.27999877929688,96.97000122070312,97.27999877929688,70470
2025-03-12 19:40:00+00:00,96.79000091552734,97.05999755859375,96.43000030517578,97.02999877929688,95239
2025-03-12 19:45:00+00:00,96.98999786376953,97.04000091552734,96.70999908447266,96.7699966430664,89805
2025-03-12 19:50:00+00:00,96.80999755859375,97.05000305175781,96.5999984741211,96.9800033569336,158549
2025-03-12 19:55:00+00:00,96.55999755859375,96.97000122070312,96.41000366210938,96.83999633789062,477022
2025-03-13 13:30:00+00:00,94.48500061035156,95.52999877929688,94.19999694824219,95.16999816894531,403466
2025-03-13 13:35:00+00:00,93.16000366210938,94.69999694824219,93.1500015258789,94.51499938964844,234396
2025-03-13 13:40:00+00:00,92.66000366210938,93.87999725341797,92.5999984741211,93.12000274658203,270294
2025-03-13 13:45:00+00:00,92.30500030517578,93.0,92.2249984741211,92.67500305175781,243473
2025-03-13 13:50:00+00:00,90.7750015258789,92.52999877929688,90.62000274658203,92.26000213623047,285385
2025-03-13 13:55:00+00:00,90.05500030517578,91.2300033569336,89.91000366210938,90.75,563860
2025-03-13 14:00:00+00:00,90.08999633789062,90.24729919433594,89.0999984741211,90.05500030517578,540775
2025-03-13 14:05:00+00:00,90.72000122070312,90.80999755859375,90.0999984741211,90.11000061035156,182894
2025-03-13 14:10:00+00:00,90.95999908447266,91.0,89.9000015258789,90.7300033569336,299563
2025-03-13 14:15:00+00:00,91.71499633789062,91.84249877929688,90.94000244140625,90.98999786376953,232352
2025-03-13 14:20:00+00:00,92.16999816894531,92.27999877929688,91.62999725341797,91.70999908447266,217301
2025-03-13 14:25:00+00:00,91.53500366210938,92.32749938964844,91.4800033569336,92.11000061035156,134890
2025-03-13 14:30:00+00:00,91.48999786376953,91.97000122070312,91.44999694824219,91.58000183105469,101681
2025-03-13 14:35:00+00:00,90.88999938964844,91.55000305175781,90.83000183105469,91.50499725341797,124342
2025-03-13 14:40:00+00:00,90.82499694824219,90.91000366210938,90.5,90.91000366210938,154485
2025-03-13 14:45:00+00:00,90.83999633789062,91.08999633789062,90.66999816894531,90.80999755859375,144494
2025-03-13 14:50:00+00:00,91.9000015258789,91.91000366210938,90.9000015258789,90.9000015258789,104784
2025-03-13 14:55:00+00:00,91.93009948730469,91.97000122070312,91.4800033569336,91.875,99090
2025-03-13 15:00:00+00:00,91.88500213623047,92.48999786376953,91.8499984741211,91.94499969482422,123329
2025-03-13 15:05:00+00:00,91.48999786376953,91.98999786376953,91.37000274658203,91.83999633789062,76061
2025-03-13 15:10:00+00:00,91.44000244140625,91.62999725341797,91.3499984741211,91.54000091552734,52192
2025-03-13 15:15:00+00:00,91.70500183105469,91.87000274658203,91.37000274658203,91.44999694824219,97464
2025-03-13 15:20:00+00:00,91.77999877929688,91.83000183105469,91.4800033569336,91.70500183105469,91198
2025-03-13 15:25:00+00:00,91.5,91.91999816894531,91.3949966430664,91.80000305175781,68198
2025-03-13 15:30:00+00:00,91.55000305175781,91.66999816894531,91.33999633789062,91.44000244140625,62581
2025-03-13 15:35:00+00:00,91.45999908447266,91.58999633789062,91.12999725341797,91.55000305175781,182667
2025-03-13 15:40:00+00:00,91.8447036743164,92.11000061035156,91.25,91.41000366210938,149996
2025-03-13 15:45:00+00:00,92.05500030517578,92.08999633789062,91.75,91.8499984741211,99580
2025-03-13 15:50:00+00:00,91.63999938964844,92.12000274658203,91.55049896240234,92.05500030517578,50321
2025-03-13 15:55:00+00:00,91.45999908447266,91.72000122070312,91.41000366210938,91.61499786376953,89384
2025-03-13 16:00:00+00:00,91.56999969482422,91.5999984741211,91.19999694824219,91.51000213623047,79277
2025-03-13 16:05:00+00:00,91.9000015258789,92.0999984741211,91.38999938964844,91.56999969482422,101086
2025-03-13 16:10:00+00:00,91.98999786376953,92.12000274658203,91.77999877929688,91.87999725341797,47474
2025-03-13 16:15:00+00:00,92.12999725341797,92.16000366210938,91.7300033569336,91.98999786376953,108172
2025-03-13 16:20:00+00:00,92.13999938964844,92.4800033569336,92.06999969482422,92.125,118893
2025-03-13 16:25:00+00:00,92.25499725341797,92.48999786376953,92.0999984741211,92.19000244140625,71337
2025-03-13 16:30:00+00:00,92.64430236816406,92.72000122070312,92.02999877929688,92.23999786376953,69651
2025-03-13 16:35:00+00:00,92.91000366210938,93.03929901123047,92.37000274658203,92.55999755859375,75525
2025-03-13 16:40:00+00:00,92.30500030517578,92.94000244140625,92.23999786376953,92.91000366210938,44163
2025-03-13 16:45:00+00:00,91.8499984741211,92.37000274658203,91.63240051269531,92.30500030517578,61404
2025-03-13 16:50:00+00:00,91.75779724121094,92.12999725341797,91.71640014648438,91.84500122070312,37068
2025-03-13 16:55:00+00:00,91.58999633789062,91.77999877929688,91.45999908447266,91.7300033569336,39856
2025-03-13 17:00:00+00:00,91.41000366210938,91.61000061035156,91.29000091552734,91.58000183105469,48099
2025-03-13 17:05:00+00:00,91.47000122070312,91.56999969482422,91.31999969482422,91.44000244140625,40488
2025-03-13 17:10:00+00:00,91.04979705810547,91.5199966430664,91.03500366210938,91.49240112304688,40894
2025-03-13 17:15:00+00:00,90.79000091552734,91.0999984741211,90.69000244140625,91.05500030517578,60459
2025-03-13 17:20:00+00:00,90.75,90.87000274658203,90.52999877929688,90.80000305175781,127004
2025-03-13 17:25:00+00:00,90.7750015258789,90.86000061035156,90.61000061035156,90.75,93843
2025-03-13 17:30:00+00:00,90.2699966430664,90.92500305175781,90.2699966430664,90.7300033569336,85763
2025-03-13 17:35:00+00:00,89.61499786376953,90.33000183105469,89.55000305175781,90.30000305175781,389604
2025-03-13 17:40:00+00:00,89.30999755859375,89.70999908447266,89.26000213623047,89.6050033569336,196288
2025-03-13 17:45:00+00:00,89.38999938964844,89.44000244140625,89.18000030517578,89.2699966430664,150748
2025-03-13 17:50:00+00:00,90.13999938964844,90.16000366210938,89.39399719238281,89.42790222167969,123255
2025-03-13 17:55:00+00:00,90.06999969482422,90.1500015258789,89.94999694824219,90.08999633789062,149694
2025-03-13 18:00:00+00:00,91.02999877929688,91.04000091552734,90.0199966430664,90.06500244140625,76699
2025-03-13 18:05:00+00:00,90.9800033569336,91.30999755859375,90.86000061035156,91.02999877929688,98957
2025-03-13 18:10:00+00:00,91.37000274658203,91.4800033569336,90.91000366210938,90.9800033569336,69396
2025-03-13 18:15:00+00:00,91.06999969482422,91.38999938964844,90.87090301513672,91.3499984741211,102643
2025-03-13 18:20:00+00:00,91.22000122070312,91.22000122070312,90.95500183105469,91.05999755859375,44999
2025-03-13 18:25:00+00:00,91.23500061035156,91.33999633789062,91.06999969482422,91.19999694824219,45715
2025-03-13 18:30:00+00:00,91.1500015258789,91.31999969482422,91.05000305175781,91.23500061035156,56758
2025-03-13 18:35:00+00:00,91.375,91.40989685058594,91.08000183105469,91.1500015258789,52899
2025-03-13 18:40:00+00:00,91.52999877929688,91.53299713134766,91.18000030517578,91.35980224609375,78108
2025-03-13 18:45:00+00:00,91.75,91.80000305175781,91.4000015258789,91.53500366210938,52801
2025-03-13 18:50:00+00:00,91.26000213623047,91.83999633789062,91.16999816894531,91.73500061035156,77062
2025-03-13 18:55:00+00:00,91.52439880371094,91.5999984741211,91.22000122070312,91.26499938964844,46872
2025-03-13 19:00:00+00:00,91.6364974975586,92.08999633789062,91.48999786376953,91.56999969482422,78473
2025-03-13 19:05:00+00:00,91.33999633789062,91.6500015258789,91.33000183105469,91.6050033569336,63503
2025-03-13 19:10:00+00:00,91.26000213623047,91.37000274658203,91.0199966430664,91.23999786376953,103645
2025-03-13 19:15:00+00:00,91.37999725341797,91.41999816894531,91.22000122070312,91.30000305175781,71000
2025-03-13 19:20:00+00:00,91.30999755859375,91.44999694824219,91.2300033569336,91.3499984741211,77117
2025-03-13 19:25:00+00:00,90.9800033569336,91.30999755859375,90.87000274658203,91.30999755859375,102237
2025-03-13 19:30:00+00:00,91.01000213623047,91.16000366210938,90.7300033569336,90.96499633789062,110167
2025-03-13 19:35:00+00:00,90.55999755859375,91.04000091552734,90.52999877929688,91.0199966430664,127587
2025-03-13 19:40:00+00:00,90.6500015258789,90.66999816894531,90.3499984741211,90.55500030517578,199757
2025-03-13 19:45:00+00:00,90.70999908447266,90.94000244140625,90.5071029663086,90.6500015258789,152649
2025-03-13 19:50:00+00:00,90.72000122070312,90.88999938964844,90.47579956054688,90.68000030517578,294212
2025-03-13 19:55:00+00:00,90.55999755859375,90.77999877929688,90.44000244140625,90.7300033569336,491715
2025-03-14 13:30:00+00:00,93.58999633789062,94.68000030517578,93.05999755859375,94.61000061035156,489284
2025-03-14 13:35:00+00:00,94.0,94.09850311279297,93.33000183105469,93.68499755859375,176424
2025-03-14 13:40:00+00:00,94.48999786376953,94.56999969482422,93.69999694824219,93.9800033569336,264539
2025-03-14 13:45:00+00:00,95.30999755859375,95.45999908447266,94.44000244140625,94.45500183105469,358734
2025-03-14 13:50:00+00:00,95.2699966430664,95.83000183105469,95.12000274658203,95.31999969482422,182781
2025-03-14 13:55:00+00:00,94.76499938964844,95.47000122070312,94.76499938964844,95.28500366210938,124276
2025-03-14 14:00:00+00:00,94.99500274658203,95.0250015258789,93.91999816894531,94.69000244140625,131800
2025-03-14 14:05:00+00:00,95.16000366210938,95.55000305175781,95.0,95.03500366210938,213194
2025-03-14 14:10:00+00:00,94.94999694824219,95.45999908447266,94.7396011352539,95.125,112853
2025-03-14 14:15:00+00:00,94.7300033569336,94.94000244140625,94.66000366210938,94.93499755859375,79124
2025-03-14 14:20:00+00:00,94.63999938964844,94.75,94.16010284423828,94.7300033569336,157568
2025-03-14 14:25:00+00:00,94.25,94.6500015258789,94.13999938964844,94.63999938964844,89237
2025-03-14 14:30:00+00:00,94.12999725341797,94.50499725341797,94.0999984741211,94.25,83993
2025-03-14 14:35:00+00:00,94.26000213623047,94.37000274658203,93.77999877929688,94.1050033569336,93729
2025-03-14 14:40:00+00:00,94.33000183105469,94.43000030517578,93.95999908447266,94.30999755859375,59759
2025-03-14 14:45:00+00:00,94.16000366210938,94.41000366210938,94.08000183105469,94.33999633789062,36261
2025-03-14 14:50:00+00:00,93.97000122070312,94.33000183105469,93.97000122070312,94.20500183105469,46603
2025-03-14 14:55:00+00:00,94.79499816894531,94.83999633789062,93.81999969482422,93.91999816894531,82029
2025-03-14 15:00:00+00:00,94.86000061035156,95.0,94.55000305175781,94.79499816894531,76613
2025-03-14 15:05:00+00:00,95.16500091552734,95.41999816894531,94.83999633789062,94.83999633789062,100340
2025-03-14 15:10:00+00:00,95.26270294189453,95.41999816894531,95.08999633789062,95.16500091552734,94269
2025-03-14 15:15:00+00:00,94.88999938964844,95.2699966430664,94.8499984741211,95.23999786376953,118502
2025-03-14 15:20:00+00:00,94.76000213623047,94.94999694824219,94.72000122070312,94.88999938964844,87459
2025-03-14 15:25:00+00:00,94.54499816894531,94.76000213623047,94.36000061035156,94.76000213623047,75439
2025-03-14 15:30:00+00:00,94.37999725341797,94.66000366210938,94.37000274658203,94.55999755859375,49874
2025-03-14 15:35:00+00:00,94.45500183105469,94.62000274658203,94.37000274658203,94.37000274658203,44483
2025-03-14 15:40:00+00:00,94.7699966430664,94.83999633789062,94.45500183105469,94.47000122070312,92276
2025-03-14 15:45:00+00:00,94.30000305175781,94.82499694824219,94.20999908447266,94.7699966430664,56783
2025-03-14 15:50:00+00:00,94.19000244140625,94.32499694824219,94.04000091552734,94.32499694824219,44253
2025-03-14 15:55:00+00:00,94.37999725341797,94.41000366210938,94.0613021850586,94.16000366210938,96334
2025-03-14 16:00:00+00:00,94.14910125732422,94.43800354003906,94.13999938964844,94.37999725341797,36866
2025-03-14 16:05:00+00:00,93.98999786376953,94.2300033569336,93.94999694824219,94.16500091552734,85731
2025-03-14 16:10:00+00:00,93.7300033569336,93.97000122070312,93.65499877929688,93.95999908447266,52502
2025-03-14 16:15:00+00:00,93.73919677734375,93.82440185546875,93.58000183105469,93.72000122070312,78665
2025-03-14 16:20:00+00:00,93.79000091552734,93.94000244140625,93.63999938964844,93.69999694824219,56425
2025-03-14 16:25:00+00:00,93.37999725341797,93.80999755859375,93.23999786376953,93.80000305175781,41932
2025-03-14 16:30:00+00:00,93.7699966430664,93.7699966430664,93.34100341796875,93.36000061035156,73460
2025-03-14 16:35:00+00:00,94.11470031738281,94.33000183105469,93.76000213623047,93.77999877929688,73773
2025-03-14 16:40:00+00:00,94.09500122070312,94.19000244140625,94.01000213623047,94.1449966430664,41356
2025-03-14 16:45:00+00:00,94.27999877929688,94.27999877929688,94.05999755859375,94.12000274658203,71144
2025-03-14 16:50:00+00:00,94.58000183105469,94.62000274658203,94.23999786376953,94.26000213623047,55606
2025-03-14 16:55:00+00:00,94.69000244140625,94.7699966430664,94.47000122070312,94.58499908447266,40512
2025-03-14 17:00:00+00:00,94.51000213623047,94.83999633789062,94.3499984741211,94.68000030517578,86784
2025-03-14 17:05:00+00:00,94.48999786376953,94.58000183105469,94.44499969482422,94.55999755859375,33853
2025-03-14 17:10:00+00:00,94.33999633789062,94.5,94.2699966430664,94.5,43356
2025-03-14 17:15:00+00:00,94.12000274658203,94.5,94.08000183105469,94.36499786376953,62082
2025-03-14 17:20:00+00:00,94.16999816894531,94.31999969482422,94.04000091552734,94.11000061035156,40362
2025-03-14 17:25:00+00:00,94.18000030517578,94.30000305175781,94.05000305175781,94.20999908447266,36287
2025-03-14 17:30:00+00:00,94.26499938964844,94.41000366210938,94.13999938964844,94.18499755859375,32690
2025-03-14 17:35:00+00:00,94.36000061035156,94.4000015258789,94.06999969482422,94.26499938964844,44621
2025-03-14 17:40:00+00:00,94.1500015258789,94.4000015258789,94.1500015258789,94.33999633789062,32189
2025-03-14 17:45:00+00:00,94.13500213623047,94.19999694824219,93.98999786376953,94.16999816894531,43780
2025-03-14 17:50:00+00:00,94.30000305175781,94.33000183105469,94.0999984741211,94.13500213623047,43040
2025-03-14 17:55:00+00:00,94.02999877929688,94.31999969482422,93.98930358886719,94.29000091552734,70294
2025-03-14 18:00:00+00:00,94.30000305175781,94.36000061035156,94.03500366210938,94.04000091552734,38173
2025-03-14 18:05:00+00:00,94.25499725341797,94.4000015258789,94.22000122070312,94.31999969482422,33964
2025-03-14 18:10:00+00:00,94.02999877929688,94.29000091552734,94.02999877929688,94.25499725341797,38103
2025-03-14 18:15:00+00:00,94.22000122070312,94.25299835205078,94.0,94.05500030517578,31818
2025-03-14 18:20:00+00:00,94.44000244140625,94.56999969482422,94.18000030517578,94.22000122070312,51527
2025-03-14 18:25:00+00:00,94.62999725341797,94.73999786376953,94.41000366210938,94.41000366210938,57613
2025-03-14 18:30:00+00:00,94.94000244140625,94.95999908447266,94.63500213623047,94.63500213623047,36820
2025-03-14 18:35:00+00:00,94.94000244140625,94.98999786376953,94.83000183105469,94.94499969482422,69606
2025-03-14 18:40:00+00:00,95.0,95.0250015258789,94.87999725341797,94.96499633789062,54218
2025-03-14 18:45:00+00:00,95.01000213623047,95.0999984741211,94.9800033569336,95.0199966430664,52668
2025-03-14 18:50:00+00:00,94.93000030517578,95.06999969482422,94.88999938964844,95.0,53756
2025-03-14 18:55:00+00:00,94.91000366210938,95.02999877929688,94.79000091552734,94.95999908447266,51418
2025-03-14 19:00:00+00:00,95.11209869384766,95.11209869384766,94.83999633789062,94.91000366210938,43354
2025-03-14 19:05:00+00:00,95.1449966430664,95.27410125732422,95.05000305175781,95.09500122070312,46064
2025-03-14 19:10:00+00:00,95.05999755859375,95.1449966430664,94.98999786376953,95.1449966430664,44883
2025-03-14 19:15:00+00:00,94.86000061035156,95.05999755859375,94.76599884033203,95.05999755859375,50283
2025-03-14 19:20:00+00:00,94.86000061035156,94.94999694824219,94.6500015258789,94.86000061035156,49397
2025-03-14 19:25:00+00:00,94.62000274658203,94.87999725341797,94.60099792480469,94.83499908447266,43814
2025-03-14 19:30:00+00:00,94.67669677734375,94.73999786376953,94.62000274658203,94.63500213623047,53763
2025-03-14 19:35:00+00:00,94.66000366210938,94.76000213623047,94.64099884033203,94.69499969482422,53770
2025-03-14 19:40:00+00:00,94.58200073242188,94.69999694824219,94.42500305175781,94.68000030517578,100756
2025-03-14 19:45:00+00:00,94.76000213623047,94.80000305175781,94.4749984741211,94.58999633789062,85362
2025-03-14 19:50:00+00:00,94.8550033569336,94.87899780273438,94.5199966430664,94.7699966430664,196431
2025-03-14 19:55:00+00:00,94.87000274658203,94.94000244140625,94.70999908447266,94.83000183105469,318701
2025-03-17 13:30:00+00:00,95.93499755859375,96.0,94.80000305175781,95.0199966430664,211822
2025-03-17 13:35:00+00:00,97.93499755859375,98.0,95.8499984741211,96.0,203070
2025-03-17 13:40:00+00:00,97.3062973022461,98.43000030517578,97.25,97.9800033569336,186618
2025-03-17 13:45:00+00:00,96.19149780273438,97.5,96.19149780273438,97.38999938964844,165593
2025-03-17 13:50:00+00:00,96.7249984741211,97.18489837646484,96.0,96.20999908447266,137016
2025-03-17 13:55:00+00:00,96.44000244140625,96.8499984741211,96.27999877929688,96.70999908447266,157242
2025-03-17 14:00:00+00:00,95.96499633789062,96.55000305175781,95.88999938964844,96.43000030517578,141818
2025-03-17 14:05:00+00:00,96.01000213623047,96.44000244140625,95.67500305175781,95.96499633789062,119288
2025-03-17 14:10:00+00:00,95.87950134277344,96.22699737548828,95.70999908447266,95.88999938964844,65781
2025-03-17 14:15:00+00:00,95.66999816894531,96.0,95.30999755859375,95.93000030517578,80751
2025-03-17 14:20:00+00:00,95.4800033569336,95.80999755859375,95.32499694824219,95.67500305175781,44440
2025-03-17 14:25:00+00:00,95.0199966430664,95.66000366210938,94.97799682617188,95.47000122070312,59052
2025-03-17 14:30:00+00:00,94.9800033569336,95.16000366210938,94.69999694824219,95.01499938964844,97495
2025-03-17 14:35:00+00:00,95.16000366210938,95.19989776611328,94.58110046386719,95.01000213623047,65543
2025-03-17 14:40:00+00:00,95.36499786376953,95.36499786376953,94.94000244140625,95.15499877929688,43634
2025-03-17 14:45:00+00:00,95.76000213623047,95.81999969482422,95.11930084228516,95.33000183105469,70001
2025-03-17 14:50:00+00:00,95.43460083007812,95.80999755859375,95.3499984741211,95.79499816894531,52488
2025-03-17 14:55:00+00:00,95.45999908447266,95.45999908447266,95.08000183105469,95.42500305175781,69976
2025-03-17 15:00:00+00:00,95.41000366210938,95.77999877929688,95.27999877929688,95.48999786376953,82170
2025-03-17 15:05:00+00:00,96.0,96.0199966430664,95.41999816894531,95.41999816894531,45097
2025-03-17 15:10:00+00:00,95.9979019165039,96.30999755859375,95.87999725341797,95.98729705810547,55513
2025-03-17 15:15:00+00:00,96.15499877929688,96.19000244140625,95.83999633789062,96.06999969482422,37768
2025-03-17 15:20:00+00:00,96.08999633789062,96.19999694824219,95.95999908447266,96.15499877929688,39033
2025-03-17 15:25:00+00:00,95.79000091552734,96.11000061035156,95.73500061035156,96.11000061035156,28533
2025-03-17 15:30:00+00:00,95.72000122070312,95.96499633789062,95.5999984741211,95.7699966430664,44369
2025-03-17 15:35:00+00:00,95.9800033569336,96.06999969482422,95.6500015258789,95.7300033569336,49961
2025-03-17 15:40:00+00:00,96.03500366210938,96.0978012084961,95.9000015258789,95.9800033569336,34719
2025-03-17 15:45:00+00:00,96.42500305175781,96.4749984741211,95.98999786376953,96.0376968383789,66899
2025-03-17 15:50:00+00:00,96.58000183105469,96.80000305175781,96.4000015258789,96.44000244140625,54071
2025-03-17 15:55:00+00:00,96.44000244140625,96.62000274658203,96.3499984741211,96.58999633789062,45545
2025-03-17 16:00:00+00:00,96.6333999633789,96.6333999633789,96.25,96.44000244140625,80975
2025-03-17 16:05:00+00:00,96.7300033569336,96.86000061035156,96.55000305175781,96.61000061035156,28279
2025-03-17 16:10:00+00:00,96.61000061035156,96.75,96.55000305175781,96.70500183105469,27940
2025-03-17 16:15:00+00:00,96.55000305175781,96.63999938964844,96.45999908447266,96.61399841308594,30732
2025-03-17 16:20:00+00:00,96.37000274658203,96.56549835205078,96.29000091552734,96.56549835205078,78671
2025-03-17 16:25:00+00:00,96.1500015258789,96.44000244140625,96.05500030517578,96.34940338134766,68927
2025-03-17 16:30:00+00:00,96.37000274658203,96.38999938964844,96.08000183105469,96.16000366210938,46265
2025-03-17 16:35:00+00:00,96.2699966430664,96.44999694824219,96.25,96.37000274658203,21798
2025-03-17 16:40:00+00:00,96.13999938964844,96.2699966430664,96.04000091552734,96.25,111544
2025-03-17 16:45:00+00:00,96.30000305175781,96.37000274658203,96.02249908447266,96.12000274658203,52884
2025-03-17 16:50:00+00:00,96.3499984741211,96.47000122070312,96.19999694824219,96.36000061035156,19955
2025-03-17 16:55:00+00:00,96.43000030517578,96.45999908447266,96.27999877929688,96.34500122070312,29553
2025-03-17 17:00:00+00:00,96.31500244140625,96.54000091552734,96.25,96.42500305175781,42418
2025-03-17 17:05:00+00:00,96.8499984741211,96.9000015258789,96.33999633789062,96.33999633789062,45839
2025-03-17 17:10:00+00:00,97.12539672851562,97.12539672851562,96.83999633789062,96.87999725341797,35038
2025-03-17 17:15:00+00:00,96.79000091552734,97.1323013305664,96.79000091552734,97.1323013305664,25988
2025-03-17 17:20:00+00:00,96.80999755859375,96.8499984741211,96.63999938964844,96.76020050048828,38525
2025-03-17 17:25:00+00:00,96.86000061035156,97.05999755859375,96.80999755859375,96.80999755859375,29517
2025-03-17 17:30:00+00:00,96.9800033569336,97.02999877929688,96.83000183105469,96.88849639892578,36206
2025-03-17 17:35:00+00:00,97.13999938964844,97.23999786376953,96.9636001586914,96.9636001586914,106618
2025-03-17 17:40:00+00:00,97.16999816894531,97.25499725341797,97.12000274658203,97.12999725341797,39304
2025-03-17 17:45:00+00:00,97.12000274658203,97.20999908447266,97.0,97.16999816894531,41336
2025-03-17 17:50:00+00:00,97.0,97.13999938964844,96.9000015258789,97.13999938964844,35826
2025-03-17 17:55:00+00:00,96.9000015258789,97.0199966430664,96.8196029663086,97.0199966430664,20281
2025-03-17 18:00:00+00:00,96.94000244140625,97.19000244140625,96.70999908447266,96.87000274658203,46074
2025-03-17 18:05:00+00:00,97.01000213623047,97.02999877929688,96.9000015258789,96.91000366210938,38319
2025-03-17 18:10:00+00:00,97.23079681396484,97.26000213623047,96.88999938964844,96.9800033569336,55436
2025-03-17 18:15:00+00:00,97.19499969482422,97.29859924316406,97.08999633789062,97.19999694824219,51000
2025-03-17 18:20:00+00:00,97.19999694824219,97.22000122070312,97.04000091552734,97.19999694824219,33250
2025-03-17 18:25:00+00:00,97.32499694824219,97.44000244140625,97.18000030517578,97.19000244140625,47165
2025-03-17 18:30:00+00:00,97.44999694824219,97.44999694824219,97.27999877929688,97.30999755859375,35668
2025-03-17 18:35:00+00:00,97.19999694824219,97.43000030517578,97.05999755859375,97.41999816894531,37113
2025-03-17 18:40:00+00:00,97.20999908447266,97.27999877929688,97.08999633789062,97.18499755859375,41651
2025-03-17 18:45:00+00:00,97.29499816894531,97.37999725341797,97.1500015258789,97.20999908447266,30685
2025-03-17 18:50:00+00:00,97.19999694824219,97.37999725341797,97.18499755859375,97.2699966430664,49257
2025-03-17 18:55:00+00:00,97.36000061035156,97.56999969482422,97.2249984741211,97.2300033569336,58471
2025-03-17 19:00:00+00:00,97.26000213623047,97.44000244140625,97.2300033569336,97.3499984741211,39588
2025-03-17 19:05:00+00:00,97.38030242919922,97.62999725341797,97.27999877929688,97.27999877929688,53420
2025-03-17 19:10:00+00:00,97.56999969482422,97.56999969482422,97.30999755859375,97.42279815673828,46247
2025-03-17 19:15:00+00:00,97.40499877929688,97.56999969482422,97.3499984741211,97.5199966430664,57061
2025-03-17 19:20:00+00:00,97.41999816894531,97.53959655761719,97.41000366210938,97.43000030517578,38419
2025-03-17 19:25:00+00:00,97.43000030517578,97.5,97.30999755859375,97.44000244140625,41519
2025-03-17 19:30:00+00:00,97.30000305175781,97.47000122070312,97.29000091552734,97.41000366210938,54523
2025-03-17 19:35:00+00:00,97.2699966430664,97.33000183105469,97.1500015258789,97.29000091552734,46077
2025-03-17 19:40:00+00:00,97.22000122070312,97.30000305175781,97.05999755859375,97.2699966430664,49750
2025-03-17 19:45:00+00:00,97.16000366210938,97.30999755859375,97.08999633789062,97.2300033569336,75227
2025-03-17 19:50:00+00:00,97.05999755859375,97.37999725341797,96.93000030517578,97.16000366210938,182486
2025-03-17 19:55:00+00:00,96.5999984741211,97.05500030517578,96.58999633789062,97.02999877929688,443594
2025-03-18 13:30:00+00:00,95.44499969482422,96.12000274658203,95.16999816894531,95.9000015258789,205604
2025-03-18 13:35:00+00:00,94.63999938964844,95.44999694824219,94.47000122070312,95.44499969482422,96423
2025-03-18 13:40:00+00:00,94.73999786376953,95.1500015258789,94.25,94.56500244140625,99816
2025-03-18 13:45:00+00:00,94.55999755859375,94.93000030517578,94.19999694824219,94.62000274658203,100008
2025-03-18 13:50:00+00:00,94.3499984741211,94.72000122070312,94.18000030517578,94.55999755859375,63027
2025-03-18 13:55:00+00:00,93.93250274658203,94.37349700927734,93.75,94.33999633789062,77756
2025-03-18 14:00:00+00:00,94.02999877929688,94.08999633789062,93.5999984741211,93.94249725341797,65854
2025-03-18 14:05:00+00:00,94.48999786376953,94.48999786376953,93.88999938964844,94.01000213623047,95197
2025-03-18 14:10:00+00:00,94.0999984741211,94.47000122070312,93.86000061035156,94.43000030517578,61851
2025-03-18 14:15:00+00:00,94.16999816894531,94.41000366210938,93.94999694824219,94.12000274658203,41779
2025-03-18 14:20:00+00:00,94.33000183105469,94.41999816894531,94.11000061035156,94.17500305175781,44282
2025-03-18 14:25:00+00:00,94.33999633789062,94.41000366210938,93.98999786376953,94.3499984741211,53014
2025-03-18 14:30:00+00:00,94.38999938964844,94.44999694824219,94.08000183105469,94.29000091552734,51309
2025-03-18 14:35:00+00:00,94.68000030517578,94.68000030517578,94.12999725341797,94.3499984741211,35639
2025-03-18 14:40:00+00:00,94.19000244140625,94.79000091552734,94.13999938964844,94.73999786376953,43845
2025-03-18 14:45:00+00:00,93.9749984741211,94.33999633789062,93.91000366210938,94.17269897460938,49087
2025-03-18 14:50:00+00:00,94.2228012084961,94.23989868164062,93.97000122070312,93.97000122070312,36677
2025-03-18 14:55:00+00:00,93.75,94.36000061035156,93.66000366210938,94.1520004272461,46869
2025-03-18 15:00:00+00:00,93.25499725341797,93.83000183105469,93.11000061035156,93.70999908447266,99125
2025-03-18 15:05:00+00:00,92.91000366210938,93.26000213623047,92.91000366210938,93.25849914550781,69963
2025-03-18 15:10:00+00:00,93.2699966430664,93.29000091552734,92.94000244140625,92.95500183105469,77356
2025-03-18 15:15:00+00:00,93.20999908447266,93.5386962890625,92.98999786376953,93.20999908447266,77472
2025-03-18 15:20:00+00:00,93.29000091552734,93.4000015258789,93.13999938964844,93.25,62860
2025-03-18 15:25:00+00:00,93.31999969482422,93.52999877929688,93.2699966430664,93.2699966430664,51659
2025-03-18 15:30:00+00:00,93.26000213623047,93.4800033569336,93.2300033569336,93.31999969482422,49589
2025-03-18 15:35:00+00:00,93.49500274658203,93.61609649658203,93.2300033569336,93.2699966430664,34135
2025-03-18 15:40:00+00:00,93.41539764404297,93.55999755859375,93.26000213623047,93.49500274658203,36729
2025-03-18 15:45:00+00:00,93.26000213623047,93.55000305175781,93.2417984008789,93.44000244140625,26623
2025-03-18 15:50:00+00:00,93.30999755859375,93.31999969482422,93.12000274658203,93.22000122070312,37483
2025-03-18 15:55:00+00:00,93.18620300292969,93.38999938964844,93.0199966430664,93.28500366210938,52996
2025-03-18 16:00:00+00:00,93.51000213623047,93.55159759521484,93.08999633789062,93.17500305175781,50052
2025-03-18 16:05:00+00:00,93.47260284423828,93.63999938964844,93.42009735107422,93.5199966430664,44128
2025-03-18 16:10:00+00:00,93.9800033569336,93.9800033569336,93.4800033569336,93.49500274658203,36779
2025-03-18 16:15:00+00:00,93.8499984741211,94.08000183105469,93.75,94.0199966430664,47611
2025-03-18 16:20:00+00:00,94.13999938964844,94.13999938964844,93.875,93.88749694824219,23611
2025-03-18 16:25:00+00:00,94.4749984741211,94.4800033569336,94.08999633789062,94.16000366210938,28873
2025-03-18 16:30:00+00:00,94.375,94.55000305175781,94.30999755859375,94.5198974609375,27694
2025-03-18 16:35:00+00:00,94.43000030517578,94.48999786376953,94.20999908447266,94.41999816894531,28914
2025-03-18 16:40:00+00:00,94.38999938964844,94.4800033569336,94.30000305175781,94.42749786376953,50803
2025-03-18 16:45:00+00:00,94.13590240478516,94.5199966430664,94.06999969482422,94.38999938964844,46548
2025-03-18 16:50:00+00:00,94.1050033569336,94.18000030517578,93.91999816894531,94.13500213623047,41122
2025-03-18 16:55:00+00:00,94.62000274658203,94.69000244140625,94.11000061035156,94.11000061035156,28994
2025-03-18 17:00:00+00:00,94.48999786376953,94.63999938964844,94.44999694824219,94.5999984741211,23494
2025-03-18 17:05:00+00:00,94.22000122070312,94.48999786376953,94.0999984741211,94.45999908447266,33095
2025-03-18 17:10:00+00:00,94.62999725341797,94.70999908447266,94.1500015258789,94.20999908447266,24922
2025-03-18 17:15:00+00:00,94.375,94.6500015258789,94.08000183105469,94.62000274658203,53757
2025-03-18 17:20:00+00:00,94.375,94.55000305175781,94.2699966430664,94.37999725341797,37861
2025-03-18 17:25:00+00:00,94.13749694824219,94.55000305175781,94.11000061035156,94.37999725341797,47866
2025-03-18 17:30:00+00:00,94.0999984741211,94.177001953125,93.94000244140625,94.1500015258789,58858
2025-03-18 17:35:00+00:00,94.3499984741211,94.44000244140625,94.05999755859375,94.12999725341797,32280
2025-03-18 17:40:00+00:00,94.19999694824219,94.38500213623047,94.16999816894531,94.38500213623047,27964
2025-03-18 17:45:00+00:00,93.94999694824219,94.2699966430664,93.88999938964844,94.19999694824219,54855
2025-03-18 17:50:00+00:00,94.19999694824219,94.31990051269531,93.95999908447266,93.98500061035156,135654
2025-03-18 17:55:00+00:00,94.00499725341797,94.18000030517578,93.87000274658203,94.18000030517578,29224
2025-03-18 18:00:00+00:00,93.63999938964844,94.0,93.61000061035156,93.97000122070312,58969
2025-03-18 18:05:00+00:00,93.62999725341797,93.79000091552734,93.5999984741211,93.66500091552734,92444
2025-03-18 18:10:00+00:00,93.36000061035156,93.66000366210938,93.22000122070312,93.66000366210938,53238
2025-03-18 18:15:00+00:00,93.69000244140625,93.72000122070312,93.34719848632812,93.37999725341797,57248
2025-03-18 18:20:00+00:00,93.76000213623047,93.83999633789062,93.61000061035156,93.66999816894531,54404
2025-03-18 18:25:00+00:00,93.50499725341797,93.83999633789062,93.45999908447266,93.74500274658203,41345
2025-03-18 18:30:00+00:00,93.63999938964844,93.81999969482422,93.47000122070312,93.50499725341797,38650
2025-03-18 18:35:00+00:00,93.82250213623047,93.87000274658203,93.62999725341797,93.6500015258789,34338
2025-03-18 18:40:00+00:00,93.74500274658203,93.83999633789062,93.62999725341797,93.80000305175781,34872
2025-03-18 18:45:00+00:00,93.95999908447266,94.01000213623047,93.70999908447266,93.74500274658203,58845
2025-03-18 18:50:00+00:00,93.94000244140625,94.26000213623047,93.87999725341797,94.00499725341797,73224
2025-03-18 18:55:00+00:00,93.81999969482422,94.0,93.69000244140625,93.95500183105469,53344
2025-03-18 19:00:00+00:00,93.97000122070312,93.98999786376953,93.66000366210938,93.76000213623047,57839
2025-03-18 19:05:00+00:00,93.8499984741211,94.0199966430664,93.7300033569336,93.9800033569336,53964
2025-03-18 19:10:00+00:00,93.88999938964844,93.97000122070312,93.62000274658203,93.81500244140625,68380
2025-03-18 19:15:00+00:00,93.98500061035156,94.0,93.72000122070312,93.87999725341797,63662
2025-03-18 19:20:00+00:00,93.92500305175781,94.12000274658203,93.91000366210938,93.98500061035156,85961
2025-03-18 19:25:00+00:00,94.06999969482422,94.18000030517578,93.66000366210938,93.94999694824219,64031
2025-03-18 19:30:00+00:00,94.05999755859375,94.16000366210938,93.91000366210938,94.06999969482422,57146
2025-03-18 19:35:00+00:00,93.79499816894531,94.05999755859375,93.77999877929688,94.05999755859375,72852
2025-03-18 19:40:00+00:00,93.80500030517578,93.88999938964844,93.68000030517578,93.79499816894531,82519
2025-03-18 19:45:00+00:00,93.80000305175781,93.88999938964844,93.73999786376953,93.81500244140625,107087
2025-03-18 19:50:00+00:00,93.94499969482422,94.20999908447266,93.79000091552734,93.79000091552734,217257
2025-03-18 19:55:00+00:00,94.01000213623047,94.01000213623047,93.75499725341797,93.94999694824219,409811
2025-03-19 13:30:00+00:00,98.61000061035156,100.5199966430664,97.6500015258789,99.625,1790046
2025-03-19 13:35:00+00:00,99.77999877929688,100.19999694824219,98.05000305175781,98.54499816894531,682916
2025-03-19 13:40:00+00:00,99.41000366210938,100.19999694824219,98.6500015258789,99.81500244140625,410142
2025-03-19 13:45:00+00:00,99.70099639892578,99.91000366210938,99.0199966430664,99.26010131835938,424357
2025-03-19 13:50:00+00:00,100.19000244140625,100.33000183105469,99.3499984741211,99.69000244140625,313785
2025-03-19 13:55:00+00:00,99.80999755859375,100.95999908447266,99.5199966430664,100.21849822998047,278630
2025-03-19 14:00:00+00:00,100.41000366210938,100.43000030517578,99.36000061035156,99.86000061035156,265590
2025-03-19 14:05:00+00:00,100.44999694824219,100.58149719238281,100.0999984741211,100.3499984741211,255613
2025-03-19 14:10:00+00:00,100.4999008178711,100.86000061035156,100.13999938964844,100.47000122070312,490237
2025-03-19 14:15:00+00:00,100.50029754638672,100.63999938964844,100.16000366210938,100.47000122070312,206247
2025-03-19 14:20:00+00:00,99.79499816894531,100.5199966430664,99.73999786376953,100.5199966430664,172672
2025-03-19 14:25:00+00:00,99.79000091552734,99.87999725341797,99.4000015258789,99.8499984741211,261565
2025-03-19 14:30:00+00:00,100.37000274658203,100.42060089111328,99.4000015258789,99.80999755859375,163848
2025-03-19 14:35:00+00:00,100.30500030517578,100.62999725341797,100.08999633789062,100.33000183105469,147939
2025-03-19 14:40:00+00:00,100.1050033569336,100.43419647216797,99.91999816894531,100.29000091552734,124105
2025-03-19 14:45:00+00:00,100.06999969482422,100.33000183105469,99.94999694824219,100.0999984741211,144901
2025-03-19 14:50:00+00:00,99.94999694824219,100.25,99.83499908447266,100.05500030517578,183467
2025-03-19 14:55:00+00:00,100.11499786376953,100.13999938964844,99.81999969482422,99.91000366210938,191239
2025-03-19 15:00:00+00:00,100.04940032958984,100.2249984741211,99.88999938964844,100.11250305175781,128179
2025-03-19 15:05:00+00:00,100.26000213623047,100.30000305175781,99.80000305175781,100.01499938964844,165647
2025-03-19 15:10:00+00:00,99.97000122070312,100.26000213623047,99.91999816894531,100.26000213623047,89352
2025-03-19 15:15:00+00:00,99.93000030517578,100.01000213623047,99.7300033569336,99.9800033569336,96570
2025-03-19 15:20:00+00:00,100.31999969482422,100.54000091552734,99.87000274658203,99.91000366210938,139564
2025-03-19 15:25:00+00:00,99.97000122070312,100.37000274658203,99.94000244140625,100.30999755859375,98843
2025-03-19 15:30:00+00:00,100.1449966430664,100.20999908447266,99.81999969482422,100.0,80279
2025-03-19 15:35:00+00:00,100.19999694824219,100.30000305175781,100.01000213623047,100.18000030517578,162819
2025-03-19 15:40:00+00:00,100.62000274658203,100.7300033569336,100.22000122070312,100.22000122070312,102853
2025-03-19 15:45:00+00:00,100.66999816894531,100.66999816894531,100.4800033569336,100.59500122070312,101742
2025-03-19 15:50:00+00:00,100.99199676513672,101.05999755859375,100.56999969482422,100.69999694824219,128603
2025-03-19 15:55:00+00:00,101.37999725341797,101.41999816894531,100.93000030517578,101.0,225732
2025-03-19 16:00:00+00:00,101.4000015258789,101.47000122070312,101.16999816894531,101.37999725341797,153401
2025-03-19 16:05:00+00:00,101.62000274658203,101.73999786376953,101.2699966430664,101.375,176604
2025-03-19 16:10:00+00:00,101.29000091552734,101.63999938964844,101.11000061035156,101.58000183105469,158665
2025-03-19 16:15:00+00:00,101.33000183105469,101.4800033569336,101.12000274658203,101.29000091552734,137760
2025-03-19 16:20:00+00:00,101.23999786376953,101.4800033569336,101.15010070800781,101.33000183105469,139491
2025-03-19 16:25:00+00:00,101.31500244140625,101.41000366210938,101.22000122070312,101.23999786376953,87798
2025-03-19 16:30:00+00:00,101.17500305175781,101.33999633789062,100.91999816894531,101.29000091552734,255639
2025-03-19 16:35:00+00:00,101.12000274658203,101.3550033569336,101.08999633789062,101.17849731445312,99312
2025-03-19 16:40:00+00:00,101.26000213623047,101.31999969482422,101.05999755859375,101.1449966430664,86193
2025-03-19 16:45:00+00:00,101.65440368652344,101.70999908447266,101.23999786376953,101.27999877929688,137736
2025-03-19 16:50:00+00:00,101.91999816894531,102.04000091552734,101.44000244140625,101.69999694824219,158213
2025-03-19 16:55:00+00:00,101.95999908447266,102.0199966430664,101.68000030517578,101.91000366210938,114090
2025-03-19 17:00:00+00:00,101.73500061035156,102.16000366210938,101.58000183105469,101.93000030517578,208098
2025-03-19 17:05:00+00:00,101.12000274658203,101.7699966430664,101.08999633789062,101.73500061035156,163951
2025-03-19 17:10:00+00:00,101.01000213623047,101.26000213623047,100.83999633789062,101.11499786376953,219416
2025-03-19 17:15:00+00:00,101.2300033569336,101.23999786376953,100.95999908447266,100.9800033569336,78494
2025-03-19 17:20:00+00:00,101.30999755859375,101.45999908447266,101.0999984741211,101.19499969482422,76740
2025-03-19 17:25:00+00:00,100.9800033569336,101.31999969482422,100.9000015258789,101.28500366210938,123650
2025-03-19 17:30:00+00:00,100.80500030517578,100.9800033569336,100.5,100.9800033569336,121130
2025-03-19 17:35:00+00:00,101.55999755859375,101.63999938964844,100.76000213623047,100.80500030517578,136484
2025-03-19 17:40:00+00:00,101.01000213623047,101.80000305175781,100.9800033569336,101.6240005493164,136856
2025-03-19 17:45:00+00:00,101.05000305175781,101.19999694824219,100.93000030517578,101.05999755859375,91638
2025-03-19 17:50:00+00:00,101.43000030517578,101.43000030517578,101.06999969482422,101.08999633789062,99667
2025-03-19 17:55:00+00:00,101.20500183105469,101.41000366210938,101.12879943847656,101.37000274658203,82021
2025-03-19 18:00:00+00:00,101.05000305175781,101.86000061035156,100.72000122070312,101.20500183105469,208169
2025-03-19 18:05:00+00:00,101.38999938964844,101.41999816894531,100.7699966430664,101.05000305175781,128386
2025-03-19 18:10:00+00:00,101.4749984741211,101.82599639892578,101.41000366210938,101.41999816894531,139088
2025-03-19 18:15:00+00:00,101.54000091552734,101.73999786376953,101.51499938964844,101.55000305175781,149069
2025-03-19 18:20:00+00:00,101.69000244140625,101.80000305175781,101.3499984741211,101.55000305175781,89953
2025-03-19 18:25:00+00:00,101.44999694824219,101.69000244140625,101.36000061035156,101.6500015258789,80367
2025-03-19 18:30:00+00:00,101.9749984741211,102.22000122070312,101.45279693603516,101.45500183105469,198896
2025-03-19 18:35:00+00:00,101.72000122070312,102.1500015258789,101.55000305175781,102.0,186515
2025-03-19 18:40:00+00:00,102.16000366210938,102.25,101.6500015258789,101.7300033569336,206089
2025-03-19 18:45:00+00:00,102.01499938964844,102.25,101.83000183105469,102.12999725341797,128987
2025-03-19 18:50:00+00:00,102.1449966430664,102.33000183105469,101.80999755859375,102.05000305175781,116601
2025-03-19 18:55:00+00:00,102.33499908447266,102.3499984741211,102.0199966430664,102.16000366210938,154288
2025-03-19 19:00:00+00:00,102.61000061035156,102.66000366210938,102.30999755859375,102.30999755859375,188158
2025-03-19 19:05:00+00:00,102.81999969482422,103.11000061035156,102.54000091552734,102.60060119628906,203926
2025-03-19 19:10:00+00:00,102.97940063476562,103.04090118408203,102.4801025390625,102.88999938964844,176034
2025-03-19 19:15:00+00:00,102.65499877929688,103.16999816894531,102.56199645996094,102.97000122070312,179071
2025-03-19 19:20:00+00:00,102.5999984741211,102.69999694824219,102.16999816894531,102.61000061035156,259190
2025-03-19 19:25:00+00:00,101.73999786376953,102.68000030517578,101.63999938964844,102.5999984741211,276023
2025-03-19 19:30:00+00:00,102.05000305175781,102.36000061035156,101.69000244140625,101.75,297871
2025-03-19 19:35:00+00:00,102.52999877929688,102.61000061035156,101.7699966430664,102.05000305175781,230346
2025-03-19 19:40:00+00:00,102.83999633789062,103.03500366210938,102.5199966430664,102.5199966430664,243664
2025-03-19 19:45:00+00:00,102.87999725341797,102.8949966430664,102.4000015258789,102.83499908447266,292862
2025-03-19 19:50:00+00:00,102.66999816894531,102.86000061035156,102.2699966430664,102.86000061035156,429310
2025-03-19 19:55:00+00:00,101.54000091552734,102.6500015258789,101.51000213623047,102.63999938964844,960244
2025-03-20 13:30:00+00:00,101.36499786376953,101.61000061035156,98.45999908447266,98.45999908447266,619654
2025-03-20 13:35:00+00:00,102.55500030517578,102.62999725341797,101.27999877929688,101.36000061035156,248402
2025-03-20 13:40:00+00:00,101.7300033569336,102.62999725341797,101.51010131835938,102.55999755859375,167152
2025-03-20 13:45:00+00:00,101.36000061035156,101.85890197753906,100.97000122070312,101.70999908447266,147897
2025-03-20 13:50:00+00:00,102.04000091552734,102.19000244140625,101.1500015258789,101.41000366210938,159132
2025-03-20 13:55:00+00:00,101.73999786376953,102.03500366210938,101.44039916992188,102.03500366210938,119535
2025-03-20 14:00:00+00:00,102.34140014648438,102.37999725341797,101.56999969482422,101.75,197117
2025-03-20 14:05:00+00:00,102.08000183105469,102.5,102.0,102.31999969482422,135115
2025-03-20 14:10:00+00:00,102.30999755859375,102.37000274658203,101.8499984741211,102.06999969482422,84763
2025-03-20 14:15:00+00:00,102.76000213623047,102.87850189208984,102.02999877929688,102.29499816894531,107653
2025-03-20 14:20:00+00:00,103.44000244140625,103.48999786376953,102.66500091552734,102.75499725341797,172475
2025-03-20 14:25:00+00:00,103.1050033569336,103.55989837646484,103.06999969482422,103.44000244140625,180346
2025-03-20 14:30:00+00:00,103.56999969482422,103.72000122070312,103.0999984741211,103.1180648803711,132710
2025-03-20 14:35:00+00:00,103.76000213623047,103.98660278320312,103.44999694824219,103.5999984741211,136194
2025-03-20 14:40:00+00:00,104.08709716796875,104.19000244140625,103.5,103.7300033569336,123265
2025-03-20 14:45:00+00:00,103.87000274658203,104.16000366210938,103.79000091552734,104.08499908447266,106011
2025-03-20 14:50:00+00:00,103.54000091552734,103.83999633789062,103.3499984741211,103.83999633789062,114541
2025-03-20 14:55:00+00:00,103.5199966430664,103.77999877929688,103.41999816894531,103.55500030517578,76029
2025-03-20 15:00:00+00:00,103.28500366210938,103.52999877929688,103.20999908447266,103.45249938964844,138740
2025-03-20 15:05:00+00:00,103.62999725341797,103.80000305175781,103.17549896240234,103.33000183105469,87420
2025-03-20 15:10:00+00:00,103.59010314941406,103.80000305175781,103.3550033569336,103.62999725341797,96818
2025-03-20 15:15:00+00:00,103.33000183105469,103.61000061035156,103.25240325927734,103.5999984741211,100117
2025-03-20 15:20:00+00:00,103.58499908447266,103.6500015258789,103.29000091552734,103.30000305175781,63706
2025-03-20 15:25:00+00:00,103.4749984741211,103.63999938964844,103.36239624023438,103.58000183105469,66670
2025-03-20 15:30:00+00:00,103.38880157470703,103.62000274658203,103.25,103.47000122070312,77268
2025-03-20 15:35:00+00:00,103.29000091552734,103.37000274658203,103.0999984741211,103.33000183105469,99477
2025-03-20 15:40:00+00:00,103.56950378417969,103.70999908447266,103.37000274658203,103.37999725341797,66847
2025-03-20 15:45:00+00:00,103.83999633789062,103.97640228271484,103.49870300292969,103.49870300292969,49632
2025-03-20 15:50:00+00:00,103.63999938964844,103.87570190429688,103.62000274658203,103.87570190429688,32832
2025-03-20 15:55:00+00:00,103.06999969482422,103.61000061035156,103.0,103.58000183105469,85590
2025-03-20 16:00:00+00:00,103.16000366210938,103.5,102.85880279541016,103.06999969482422,128275
2025-03-20 16:05:00+00:00,102.86599731445312,103.2300033569336,102.66500091552734,103.21170043945312,68914
2025-03-20 16:10:00+00:00,102.98999786376953,102.98999786376953,102.5999984741211,102.91000366210938,64584
2025-03-20 16:15:00+00:00,103.15499877929688,103.19000244140625,102.86000061035156,102.89099884033203,77197
2025-03-20 16:20:00+00:00,102.80999755859375,103.13999938964844,102.80500030517578,103.0999984741211,54943
2025-03-20 16:25:00+00:00,102.38980102539062,102.83999633789062,102.30000305175781,102.7699966430664,117352
2025-03-20 16:30:00+00:00,102.30000305175781,102.58979797363281,102.26280212402344,102.4000015258789,63585
2025-03-20 16:35:00+00:00,102.50050354003906,102.55999755859375,102.11000061035156,102.27999877929688,106236
2025-03-20 16:40:00+00:00,102.02999877929688,102.47000122070312,102.02999877929688,102.44000244140625,77196
2025-03-20 16:45:00+00:00,102.29000091552734,102.4000015258789,101.95999908447266,102.02999877929688,103261
2025-03-20 16:50:00+00:00,102.34500122070312,102.42500305175781,102.25,102.25,49617
2025-03-20 16:55:00+00:00,102.30000305175781,102.51000213623047,102.12000274658203,102.38999938964844,59261
2025-03-20 17:00:00+00:00,102.58999633789062,102.62999725341797,102.33999633789062,102.33999633789062,46233
2025-03-20 17:05:00+00:00,103.04000091552734,103.0999984741211,102.58999633789062,102.62000274658203,95774
2025-03-20 17:10:00+00:00,102.9000015258789,103.11280059814453,102.79000091552734,103.05999755859375,54190
2025-03-20 17:15:00+00:00,102.5199966430664,102.94999694824219,102.4800033569336,102.93000030517578,56608
2025-03-20 17:20:00+00:00,102.12000274658203,102.55000305175781,102.05999755859375,102.55000305175781,74789
2025-03-20 17:25:00+00:00,101.30000305175781,102.13999938964844,101.21499633789062,102.08000183105469,123571
2025-03-20 17:30:00+00:00,101.7300033569336,101.79000091552734,101.2300033569336,101.29000091552734,113674
2025-03-20 17:35:00+00:00,101.80500030517578,101.83999633789062,101.52999877929688,101.7593002319336,58654
2025-03-20 17:40:00+00:00,101.95999908447266,102.0,101.74849700927734,101.80500030517578,52376
2025-03-20 17:45:00+00:00,101.81999969482422,102.20999908447266,101.75,101.98999786376953,64294
2025-03-20 17:50:00+00:00,101.80999755859375,102.04000091552734,101.79000091552734,101.8499984741211,43672
2025-03-20 17:55:00+00:00,101.66999816894531,101.87000274658203,101.55999755859375,101.8499984741211,68097
2025-03-20 18:00:00+00:00,101.91500091552734,102.0,101.63999938964844,101.66000366210938,54721
2025-03-20 18:05:00+00:00,102.01000213623047,102.06900024414062,101.88999938964844,101.91000366210938,27387
2025-03-20 18:10:00+00:00,102.11009979248047,102.20999908447266,102.04000091552734,102.04000091552734,49516
2025-03-20 18:15:00+00:00,101.97000122070312,102.19999694824219,101.9011001586914,102.16000366210938,51431
2025-03-20 18:20:00+00:00,101.7300033569336,101.94000244140625,101.55000305175781,101.94000244140625,55370
2025-03-20 18:25:00+00:00,101.07499694824219,101.77999877929688,101.05000305175781,101.7699966430664,81891
2025-03-20 18:30:00+00:00,101.12259674072266,101.1500015258789,100.87999725341797,101.04000091552734,81732
2025-03-20 18:35:00+00:00,101.30000305175781,101.43000030517578,101.12000274658203,101.12000274658203,131588
2025-03-20 18:40:00+00:00,101.20999908447266,101.36199951171875,101.18000030517578,101.30000305175781,51609
2025-03-20 18:45:00+00:00,101.50990295410156,101.50990295410156,101.13999938964844,101.18000030517578,56293
2025-03-20 18:50:00+00:00,101.91079711914062,101.91079711914062,101.51000213623047,101.51000213623047,51974
2025-03-20 18:55:00+00:00,101.4749984741211,102.0,101.45999908447266,101.90950012207031,59452
2025-03-20 19:00:00+00:00,101.93000030517578,101.94999694824219,101.43000030517578,101.44000244140625,58800
2025-03-20 19:05:00+00:00,101.86499786376953,102.06999969482422,101.83000183105469,101.94000244140625,46874
2025-03-20 19:10:00+00:00,101.93499755859375,102.05999755859375,101.83000183105469,101.8499984741211,48757
2025-03-20 19:15:00+00:00,102.04000091552734,102.11000061035156,101.9000015258789,101.94000244140625,55215
2025-03-20 19:20:00+00:00,102.10700225830078,102.27999877929688,101.98999786376953,102.06999969482422,75116
2025-03-20 19:25:00+00:00,101.66999816894531,102.11000061035156,101.5999984741211,102.11000061035156,98171
2025-03-20 19:30:00+00:00,101.91000366210938,102.04499816894531,101.6500015258789,101.66999816894531,80015
2025-03-20 19:35:00+00:00,101.9749984741211,102.25,101.88999938964844,101.9000015258789,107922
2025-03-20 19:40:00+00:00,102.4000015258789,102.4000015258789,102.0,102.01000213623047,122401
2025-03-20 19:45:00+00:00,102.56999969482422,102.58999633789062,102.33000183105469,102.38999938964844,113200
2025-03-20 19:50:00+00:00,101.97000122070312,102.55500030517578,101.87999725341797,102.55000305175781,257883
2025-03-20 19:55:00+00:00,101.81999969482422,102.16999816894531,101.73999786376953,101.98999786376953,447518
2025-03-21 13:30:00+00:00,99.93000030517578,100.62999725341797,99.19969940185547,100.2699966430664,544482
2025-03-21 13:35:00+00:00,99.84500122070312,100.0999984741211,99.29000091552734,99.93000030517578,206807
2025-03-21 13:40:00+00:00,100.76000213623047,100.86000061035156,99.81999969482422,99.90499877929688,91936
2025-03-21 13:45:00+00:00,101.0250015258789,101.16999816894531,100.61000061035156,100.75,110240
2025-03-21 13:50:00+00:00,101.20249938964844,101.55000305175781,100.83000183105469,101.12999725341797,178630
2025-03-21 13:55:00+00:00,101.25,101.7300033569336,101.18000030517578,101.20500183105469,84352
2025-03-21 14:00:00+00:00,101.54000091552734,101.54000091552734,100.97480010986328,101.29000091552734,69807
2025-03-21 14:05:00+00:00,101.1449966430664,101.7699966430664,101.0199966430664,101.54000091552734,108473
2025-03-21 14:10:00+00:00,101.37000274658203,101.52999877929688,100.9000015258789,101.19999694824219,57823
2025-03-21 14:15:00+00:00,101.7699966430664,101.83000183105469,101.22000122070312,101.37000274658203,97434
2025-03-21 14:20:00+00:00,102.66999816894531,102.66999816894531,101.76000213623047,101.81999969482422,147244
2025-03-21 14:25:00+00:00,102.2750015258789,102.72000122070312,102.16010284423828,102.62000274658203,107350
2025-03-21 14:30:00+00:00,102.48500061035156,102.55000305175781,101.9800033569336,102.2750015258789,90309
2025-03-21 14:35:00+00:00,102.05000305175781,102.58000183105469,102.02999877929688,102.48500061035156,84337
2025-03-21 14:40:00+00:00,102.5199966430664,102.69000244140625,101.91999816894531,102.04000091552734,181704
2025-03-21 14:45:00+00:00,102.05500030517578,102.5250015258789,102.05500030517578,102.5250015258789,110475
2025-03-21 14:50:00+00:00,102.3499984741211,102.3499984741211,101.98999786376953,102.05500030517578,58066
2025-03-21 14:55:00+00:00,102.52999877929688,102.56999969482422,102.2699966430664,102.37000274658203,79348
2025-03-21 15:00:00+00:00,102.66999816894531,102.79000091552734,102.47000122070312,102.52999877929688,70176
2025-03-21 15:05:00+00:00,102.7300033569336,102.97000122070312,102.4800033569336,102.59500122070312,58875
2025-03-21 15:10:00+00:00,102.38749694824219,102.77999877929688,102.3499984741211,102.7698974609375,71177
2025-03-21 15:15:00+00:00,102.45999908447266,102.61000061035156,102.30000305175781,102.43000030517578,88564
2025-03-21 15:20:00+00:00,102.45999908447266,102.5,102.33999633789062,102.45999908447266,87271
2025-03-21 15:25:00+00:00,102.36000061035156,102.54000091552734,102.30999755859375,102.42500305175781,55236
2025-03-21 15:30:00+00:00,102.50499725341797,102.73999786376953,102.25,102.31999969482422,42117
2025-03-21 15:35:00+00:00,102.30000305175781,102.55999755859375,102.30000305175781,102.48999786376953,58864
2025-03-21 15:40:00+00:00,101.97000122070312,102.33000183105469,101.9000015258789,102.30000305175781,82635
2025-03-21 15:45:00+00:00,102.16999816894531,102.26000213623047,101.95999908447266,102.0199966430664,71252
2025-03-21 15:50:00+00:00,101.9000015258789,102.19999694824219,101.7699966430664,102.1500015258789,63936
2025-03-21 15:55:00+00:00,101.9800033569336,102.12000274658203,101.8949966430664,101.8949966430664,46601
2025-03-21 16:00:00+00:00,102.08000183105469,102.1500015258789,101.76000213623047,101.9749984741211,116477
2025-03-21 16:05:00+00:00,102.36430358886719,102.43990325927734,102.06999969482422,102.08999633789062,50820
2025-03-21 16:10:00+00:00,102.64769744873047,102.70999908447266,102.38999938964844,102.38999938964844,44127
2025-03-21 16:15:00+00:00,103.16999816894531,103.23500061035156,102.54170227050781,102.66999816894531,113652
2025-03-21 16:20:00+00:00,103.55000305175781,103.55000305175781,103.08999633789062,103.16999816894531,119043
2025-03-21 16:25:00+00:00,103.01499938964844,103.55999755859375,102.98999786376953,103.5199966430664,135116
2025-03-21 16:30:00+00:00,103.4800033569336,103.5199966430664,102.9800033569336,103.01499938964844,219708
2025-03-21 16:35:00+00:00,103.44999694824219,103.4800033569336,103.2699966430664,103.4800033569336,146155
2025-03-21 16:40:00+00:00,103.41000366210938,103.48999786376953,103.2979965209961,103.41500091552734,68561
2025-03-21 16:45:00+00:00,103.55000305175781,103.69000244140625,103.36000061035156,103.36000061035156,58019
2025-03-21 16:50:00+00:00,103.58219909667969,103.66999816894531,103.37629699707031,103.5199966430664,50270
2025-03-21 16:55:00+00:00,103.91999816894531,103.94000244140625,103.54000091552734,103.55999755859375,73686
2025-03-21 17:00:00+00:00,103.75499725341797,103.94000244140625,103.68000030517578,103.9000015258789,87990
2025-03-21 17:05:00+00:00,103.8499984741211,104.0,103.66999816894531,103.75,77770
2025-03-21 17:10:00+00:00,103.73999786376953,103.94000244140625,103.66500091552734,103.83000183105469,62631
2025-03-21 17:15:00+00:00,103.73999786376953,103.80999755859375,103.54000091552734,103.66999816894531,107608
2025-03-21 17:20:00+00:00,103.56999969482422,103.7699966430664,103.5,103.69000244140625,110027
2025-03-21 17:25:00+00:00,103.54000091552734,103.58999633789062,103.30000305175781,103.55999755859375,147325
2025-03-21 17:30:00+00:00,103.4800033569336,103.58000183105469,103.33000183105469,103.50129699707031,67854
2025-03-21 17:35:00+00:00,103.70999908447266,103.72000122070312,103.44000244140625,103.51000213623047,42911
2025-03-21 17:40:00+00:00,103.7699966430664,103.8499984741211,103.60179901123047,103.70999908447266,60780
2025-03-21 17:45:00+00:00,103.9800033569336,103.9800033569336,103.69000244140625,103.70999908447266,61022
2025-03-21 17:50:00+00:00,104.01000213623047,104.19000244140625,103.95999908447266,103.9800033569336,77275
2025-03-21 17:55:00+00:00,103.80999755859375,104.05999755859375,103.7699966430664,104.0250015258789,57596
2025-03-21 18:00:00+00:00,103.79000091552734,103.93000030517578,103.72000122070312,103.77999877929688,73498
2025-03-21 18:05:00+00:00,103.5999984741211,103.80000305175781,103.5,103.76000213623047,52190
2025-03-21 18:10:00+00:00,103.69000244140625,103.77999877929688,103.57499694824219,103.57499694824219,78735
2025-03-21 18:15:00+00:00,103.87000274658203,103.91000366210938,103.62999725341797,103.68499755859375,40344
2025-03-21 18:20:00+00:00,103.78500366210938,103.84500122070312,103.68000030517578,103.84500122070312,49569
2025-03-21 18:25:00+00:00,103.80999755859375,103.9000015258789,103.69000244140625,103.78500366210938,87811
2025-03-21 18:30:00+00:00,103.79000091552734,103.87000274658203,103.70719909667969,103.81999969482422,56552
2025-03-21 18:35:00+00:00,103.9800033569336,104.05999755859375,103.76499938964844,103.78500366210938,55223
2025-03-21 18:40:00+00:00,104.01000213623047,104.18000030517578,103.9000015258789,103.9800033569336,52401
2025-03-21 18:45:00+00:00,103.86000061035156,104.0199966430664,103.77999877929688,103.98999786376953,49083
2025-03-21 18:50:00+00:00,103.73999786376953,103.93000030517578,103.58999633789062,103.87000274658203,52092
2025-03-21 18:55:00+00:00,103.78150177001953,103.87000274658203,103.73999786376953,103.73999786376953,48790
2025-03-21 19:00:00+00:00,103.69999694824219,103.87999725341797,103.58000183105469,103.77999877929688,127648
2025-03-21 19:05:00+00:00,103.68000030517578,103.8499984741211,103.61000061035156,103.69999694824219,48192
2025-03-21 19:10:00+00:00,103.80000305175781,103.83999633789062,103.48999786376953,103.66000366210938,66551
2025-03-21 19:15:00+00:00,103.83000183105469,103.88999938964844,103.6500015258789,103.80500030517578,69163
2025-03-21 19:20:00+00:00,103.86499786376953,103.87999725341797,103.57969665527344,103.80000305175781,76464
2025-03-21 19:25:00+00:00,103.79000091552734,103.86499786376953,103.68890380859375,103.83999633789062,62024
2025-03-21 19:30:00+00:00,103.66000366210938,103.83999633789062,103.62999725341797,103.76000213623047,124200
2025-03-21 19:35:00+00:00,103.71499633789062,103.87999725341797,103.55999755859375,103.66000366210938,118009
2025-03-21 19:40:00+00:00,103.7750015258789,103.83000183105469,103.49500274658203,103.69999694824219,128192
2025-03-21 19:45:00+00:00,103.94000244140625,104.0999984741211,103.70999908447266,103.7750015258789,168274
2025-03-21 19:50:00+00:00,104.38500213623047,104.43000030517578,103.97000122070312,104.0199966430664,252142
2025-03-21 19:55:00+00:00,104.23999786376953,104.37999725341797,104.13999938964844,104.37000274658203,479927
2025-03-24 13:30:00+00:00,107.30500030517578,109.41000366210938,106.79499816894531,106.94999694824219,879413
2025-03-24 13:35:00+00:00,109.11499786376953,109.16999816894531,107.04000091552734,107.30500030517578,323693
2025-03-24 13:40:00+00:00,108.16000366210938,109.1500015258789,108.0199966430664,109.05000305175781,190482
2025-03-24 13:45:00+00:00,108.30000305175781,108.48999786376953,108.01000213623047,108.16000366210938,201834
2025-03-24 13:50:00+00:00,109.23500061035156,109.4000015258789,108.02999877929688,108.30000305175781,250820
2025-03-24 13:55:00+00:00,108.87999725341797,109.5,108.75,109.18000030517578,147261
2025-03-24 14:00:00+00:00,108.9800033569336,109.47000122070312,108.5999984741211,108.88999938964844,168999
2025-03-24 14:05:00+00:00,108.58499908447266,109.06500244140625,108.30999755859375,109.05000305175781,202932
2025-03-24 14:10:00+00:00,109.31500244140625,109.4718017578125,108.54000091552734,108.58000183105469,127598
2025-03-24 14:15:00+00:00,109.94000244140625,109.95919799804688,109.26000213623047,109.3499984741211,259876
2025-03-24 14:20:00+00:00,110.01000213623047,110.12000274658203,109.66110229492188,109.94000244140625,197048
2025-03-24 14:25:00+00:00,109.66999816894531,110.1500015258789,109.54000091552734,110.05000305175781,298760
2025-03-24 14:30:00+00:00,109.7699966430664,110.02999877929688,109.41000366210938,109.66999816894531,179690
2025-03-24 14:35:00+00:00,110.00499725341797,110.30999755859375,109.5999984741211,109.73500061035156,111305
2025-03-24 14:40:00+00:00,110.16999816894531,110.41999816894531,109.91000366210938,110.0,106331
2025-03-24 14:45:00+00:00,110.26499938964844,110.28500366210938,109.80999755859375,110.16999816894531,82156
2025-03-24 14:50:00+00:00,110.1500015258789,110.37999725341797,109.9800033569336,110.26499938964844,127231
2025-03-24 14:55:00+00:00,109.93000030517578,110.19000244140625,109.80000305175781,110.14859771728516,78331
2025-03-24 15:00:00+00:00,109.79029846191406,110.27950286865234,109.58999633789062,109.98999786376953,108700
2025-03-24 15:05:00+00:00,110.16999816894531,110.16999816894531,109.75,109.80999755859375,93162
2025-03-24 15:10:00+00:00,110.20999908447266,110.25,110.08999633789062,110.1500015258789,105338
2025-03-24 15:15:00+00:00,110.58999633789062,110.62449645996094,110.12999725341797,110.20500183105469,115764
2025-03-24 15:20:00+00:00,110.44999694824219,110.60700225830078,110.3499984741211,110.59500122070312,102556
2025-03-24 15:25:00+00:00,110.2750015258789,110.44000244140625,110.08999633789062,110.43000030517578,136488
2025-03-24 15:30:00+00:00,110.58999633789062,110.62999725341797,110.23999786376953,110.2699966430664,101266
2025-03-24 15:35:00+00:00,110.41000366210938,110.68000030517578,110.33000183105469,110.58499908447266,69221
2025-03-24 15:40:00+00:00,110.3550033569336,110.52970123291016,110.30000305175781,110.42500305175781,84420
2025-03-24 15:45:00+00:00,110.3499984741211,110.45999908447266,110.30010223388672,110.3550033569336,167044
2025-03-24 15:50:00+00:00,110.44999694824219,110.53849792480469,110.30999755859375,110.3499984741211,64817
2025-03-24 15:55:00+00:00,110.30000305175781,110.55000305175781,110.27999877929688,110.48999786376953,67640
2025-03-24 16:00:00+00:00,110.30000305175781,110.37999725341797,110.16999816894531,110.30000305175781,69274
2025-03-24 16:05:00+00:00,110.43000030517578,110.55999755859375,110.29000091552734,110.29000091552734,55659
2025-03-24 16:10:00+00:00,110.05500030517578,110.43499755859375,110.05500030517578,110.43000030517578,123772
2025-03-24 16:15:00+00:00,110.01000213623047,110.16000366210938,109.95999908447266,110.05000305175781,136898
2025-03-24 16:20:00+00:00,110.29000091552734,110.29000091552734,109.98999786376953,110.01499938964844,77228
2025-03-24 16:25:00+00:00,109.91999816894531,110.30000305175781,109.75,110.2699966430664,149235
2025-03-24 16:30:00+00:00,109.86000061035156,109.94239807128906,109.72000122070312,109.94239807128906,90197
2025-03-24 16:35:00+00:00,109.90499877929688,110.12000274658203,109.80999755859375,109.86000061035156,66867
2025-03-24 16:40:00+00:00,109.76000213623047,109.94999694824219,109.55010223388672,109.91999816894531,99033
2025-03-24 16:45:00+00:00,109.87999725341797,109.94999694824219,109.79000091552734,109.79000091552734,47774
2025-03-24 16:50:00+00:00,109.75,109.93000030517578,109.61000061035156,109.86000061035156,60153
2025-03-24 16:55:00+00:00,109.45999908447266,109.75,109.41999816894531,109.73500061035156,68704
2025-03-24 17:00:00+00:00,109.45999908447266,109.55999755859375,109.30999755859375,109.44000244140625,69850
2025-03-24 17:05:00+00:00,109.51000213623047,109.63999938964844,109.38999938964844,109.4000015258789,49890
2025-03-24 17:10:00+00:00,109.31999969482422,109.55000305175781,109.1500015258789,109.51499938964844,68417
2025-03-24 17:15:00+00:00,109.2300033569336,109.48999786376953,109.19000244140625,109.30999755859375,66242
2025-03-24 17:20:00+00:00,109.41500091552734,109.56999969482422,109.1624984741211,109.19999694824219,101189
2025-03-24 17:25:00+00:00,109.78500366210938,109.80999755859375,109.4000015258789,109.42500305175781,66747
2025-03-24 17:30:00+00:00,110.06999969482422,110.08000183105469,109.73999786376953,109.79000091552734,114445
2025-03-24 17:35:00+00:00,110.19000244140625,110.19999694824219,109.91999816894531,110.04499816894531,72810
2025-03-24 17:40:00+00:00,109.84500122070312,110.23999786376953,109.80500030517578,110.19999694824219,59903
2025-03-24 17:45:00+00:00,109.98999786376953,110.0999984741211,109.83000183105469,109.84500122070312,65376
2025-03-24 17:50:00+00:00,109.87999725341797,110.05000305175781,109.81999969482422,109.98999786376953,42270
2025-03-24 17:55:00+00:00,109.62999725341797,109.88999938964844,109.58999633789062,109.88999938964844,62273
2025-03-24 18:00:00+00:00,109.5199966430664,109.68499755859375,109.31999969482422,109.62999725341797,54413
2025-03-24 18:05:00+00:00,109.55999755859375,109.62999725341797,109.38999938964844,109.5199966430664,57678
2025-03-24 18:10:00+00:00,109.42009735107422,109.56999969482422,109.42009735107422,109.55000305175781,51404
2025-03-24 18:15:00+00:00,109.69499969482422,109.70999908447266,109.41000366210938,109.44999694824219,44429
2025-03-24 18:20:00+00:00,109.5999984741211,109.70999908447266,109.54000091552734,109.68000030517578,54723
2025-03-24 18:25:00+00:00,109.61000061035156,109.63999938964844,109.41000366210938,109.5999984741211,46512
2025-03-24 18:30:00+00:00,109.39520263671875,109.67500305175781,109.30999755859375,109.63999938964844,54543
2025-03-24 18:35:00+00:00,109.38999938964844,109.52999877929688,109.30000305175781,109.38999938964844,84675
2025-03-24 18:40:00+00:00,109.58000183105469,109.68000030517578,109.36000061035156,109.41999816894531,47883
2025-03-24 18:45:00+00:00,109.5999984741211,109.62999725341797,109.33000183105469,109.61000061035156,67564
2025-03-24 18:50:00+00:00,109.73500061035156,109.80999755859375,109.58000183105469,109.58000183105469,98407
2025-03-24 18:55:00+00:00,109.6500015258789,109.8499984741211,109.61000061035156,109.7571029663086,107595
2025-03-24 19:00:00+00:00,109.76000213623047,109.77999877929688,109.55999755859375,109.6500015258789,59769
2025-03-24 19:05:00+00:00,110.01499938964844,110.0199966430664,109.74500274658203,109.74500274658203,51178
2025-03-24 19:10:00+00:00,109.83499908447266,110.01499938964844,109.77999877929688,110.01499938964844,57872
2025-03-24 19:15:00+00:00,109.9749984741211,110.13999938964844,109.83999633789062,109.8499984741211,73652
2025-03-24 19:20:00+00:00,110.018798828125,110.05000305175781,109.81999969482422,109.94999694824219,78843
2025-03-24 19:25:00+00:00,109.72000122070312,110.0199966430664,109.70999908447266,110.01499938964844,99147
2025-03-24 19:30:00+00:00,109.68000030517578,109.88999938964844,109.66999816894531,109.7300033569336,78709
2025-03-24 19:35:00+00:00,109.33999633789062,109.75,109.33999633789062,109.69000244140625,83433
2025-03-24 19:40:00+00:00,109.69000244140625,109.73999786376953,109.25499725341797,109.33999633789062,123163
2025-03-24 19:45:00+00:00,109.58000183105469,109.70999908447266,109.33999633789062,109.69999694824219,123432
2025-03-24 19:50:00+00:00,109.48500061035156,109.62999725341797,109.0199966430664,109.5999984741211,279114
2025-03-24 19:55:00+00:00,109.30000305175781,109.56999969482422,109.26599884033203,109.5,573028
2025-03-25 13:30:00+00:00,110.4800033569336,111.0,109.5999984741211,109.98999786376953,381966
2025-03-25 13:35:00+00:00,110.19000244140625,110.58999633789062,109.79499816894531,110.4000015258789,159789
2025-03-25 13:40:00+00:00,110.03690338134766,110.68000030517578,109.92500305175781,110.25,132251
2025-03-25 13:45:00+00:00,109.7699966430664,110.36000061035156,109.69000244140625,110.0,141480
2025-03-25 13:50:00+00:00,110.11000061035156,110.21029663085938,109.61000061035156,109.80000305175781,72862
2025-03-25 13:55:00+00:00,110.13999938964844,110.55000305175781,110.0199966430664,110.1050033569336,89580
2025-03-25 14:00:00+00:00,109.54499816894531,110.5,109.19999694824219,110.16999816894531,119047
2025-03-25 14:05:00+00:00,110.02999877929688,110.29000091552734,109.53500366210938,109.53500366210938,98369
2025-03-25 14:10:00+00:00,110.27459716796875,110.2843017578125,109.72000122070312,110.06500244140625,75256
2025-03-25 14:15:00+00:00,110.19499969482422,110.30999755859375,110.04000091552734,110.23500061035156,51843
2025-03-25 14:20:00+00:00,110.08999633789062,110.20999908447266,109.88999938964844,110.16999816894531,67849
2025-03-25 14:25:00+00:00,110.0636978149414,110.12999725341797,109.75,110.05000305175781,68273
2025-03-25 14:30:00+00:00,110.20500183105469,110.2699966430664,110.0,110.08000183105469,55263
2025-03-25 14:35:00+00:00,110.56999969482422,110.58999633789062,110.20500183105469,110.20500183105469,87583
2025-03-25 14:40:00+00:00,110.5979995727539,110.69000244140625,110.41000366210938,110.58999633789062,88585
2025-03-25 14:45:00+00:00,110.31500244140625,110.63050079345703,110.27999877929688,110.61000061035156,63187
2025-03-25 14:50:00+00:00,110.2750015258789,110.43000030517578,110.16999816894531,110.30999755859375,61951
2025-03-25 14:55:00+00:00,110.125,110.31999969482422,109.94000244140625,110.26000213623047,56449
2025-03-25 15:00:00+00:00,109.91999816894531,110.22000122070312,109.91999816894531,110.125,49040
2025-03-25 15:05:00+00:00,109.7699966430664,110.11849975585938,109.72000122070312,109.96330261230469,74427
2025-03-25 15:10:00+00:00,109.74500274658203,109.8499984741211,109.36000061035156,109.7699966430664,145098
2025-03-25 15:15:00+00:00,109.5999984741211,109.75,109.41000366210938,109.74500274658203,61643
2025-03-25 15:20:00+00:00,109.93499755859375,110.0,109.62000274658203,109.62000274658203,100039
2025-03-25 15:25:00+00:00,109.95999908447266,110.16000366210938,109.91999816894531,109.97000122070312,67555
2025-03-25 15:30:00+00:00,109.37000274658203,110.04000091552734,109.33999633789062,110.0,62879
2025-03-25 15:35:00+00:00,109.45500183105469,109.45500183105469,109.26000213623047,109.37999725341797,43682
2025-03-25 15:40:00+00:00,109.3499984741211,109.52999877929688,109.33999633789062,109.45500183105469,41100
2025-03-25 15:45:00+00:00,109.18000030517578,109.3550033569336,109.1500015258789,109.31009674072266,100918
2025-03-25 15:50:00+00:00,108.94999694824219,109.29920196533203,108.94999694824219,109.19000244140625,47983
2025-03-25 15:55:00+00:00,108.81999969482422,109.0,108.75039672851562,108.95999908447266,51563
2025-03-25 16:00:00+00:00,109.02999877929688,109.0999984741211,108.79000091552734,108.8499984741211,50871
2025-03-25 16:05:00+00:00,109.16000366210938,109.16000366210938,108.86000061035156,109.01000213623047,36464
2025-03-25 16:10:00+00:00,109.28500366210938,109.30999755859375,109.0999984741211,109.13999938964844,31334
2025-03-25 16:15:00+00:00,109.19000244140625,109.2750015258789,109.05000305175781,109.2699966430664,45604
2025-03-25 16:20:00+00:00,109.45999908447266,109.52999877929688,109.11000061035156,109.18000030517578,42704
2025-03-25 16:25:00+00:00,109.4000015258789,109.51000213623047,109.33999633789062,109.47000122070312,33662
2025-03-25 16:30:00+00:00,109.20999908447266,109.44999694824219,109.20999908447266,109.41000366210938,37019
2025-03-25 16:35:00+00:00,109.48169708251953,109.48169708251953,109.19000244140625,109.22000122070312,23742
2025-03-25 16:40:00+00:00,109.52999877929688,109.62000274658203,109.4000015258789,109.43000030517578,35932
2025-03-25 16:45:00+00:00,109.41000366210938,109.55000305175781,109.40499877929688,109.55000305175781,30427
2025-03-25 16:50:00+00:00,109.5999984741211,109.62999725341797,109.37000274658203,109.37999725341797,25020
2025-03-25 16:55:00+00:00,109.50499725341797,109.59500122070312,109.41000366210938,109.59500122070312,24214
2025-03-25 17:00:00+00:00,110.0,110.01000213623047,109.51000213623047,109.52999877929688,56475
2025-03-25 17:05:00+00:00,109.97000122070312,110.0199966430664,109.87999725341797,109.9800033569336,34578
2025-03-25 17:10:00+00:00,109.99009704589844,110.0,109.87999725341797,109.9800033569336,28414
2025-03-25 17:15:00+00:00,109.97000122070312,110.1500015258789,109.9000015258789,110.01499938964844,50746
2025-03-25 17:20:00+00:00,109.76000213623047,109.9800033569336,109.73999786376953,109.97000122070312,69445
2025-03-25 17:25:00+00:00,109.42500305175781,109.75499725341797,109.42500305175781,109.70999908447266,41634
2025-03-25 17:30:00+00:00,109.82499694824219,109.83999633789062,109.42500305175781,109.42500305175781,44545
2025-03-25 17:35:00+00:00,109.75499725341797,109.83699798583984,109.6500015258789,109.83000183105469,29897
2025-03-25 17:40:00+00:00,109.7699966430664,109.89219665527344,109.68000030517578,109.76000213623047,24834
2025-03-25 17:45:00+00:00,109.69999694824219,109.79000091552734,109.62999725341797,109.7699966430664,29248
2025-03-25 17:50:00+00:00,109.66000366210938,109.7300033569336,109.62000274658203,109.7300033569336,25571
2025-03-25 17:55:00+00:00,109.69999694824219,109.80500030517578,109.63999938964844,109.67500305175781,34370
2025-03-25 18:00:00+00:00,109.72000122070312,109.75,109.56999969482422,109.68000030517578,30910
2025-03-25 18:05:00+00:00,109.625,109.72000122070312,109.48999786376953,109.71089935302734,37811
2025-03-25 18:10:00+00:00,109.63999938964844,109.73989868164062,109.56999969482422,109.63999938964844,31713
2025-03-25 18:15:00+00:00,109.6449966430664,109.68900299072266,109.55000305175781,109.66000366210938,20958
2025-03-25 18:20:00+00:00,109.63999938964844,109.7699966430664,109.63999938964844,109.66000366210938,33307
2025-03-25 18:25:00+00:00,109.41999816894531,109.63999938964844,109.27999877929688,109.63999938964844,36930
2025-03-25 18:30:00+00:00,109.54000091552734,109.58000183105469,109.4000015258789,109.4000015258789,51467
2025-03-25 18:35:00+00:00,109.31999969482422,109.5999984741211,109.30000305175781,109.54499816894531,32259
2025-03-25 18:40:00+00:00,109.20999908447266,109.33999633789062,109.06009674072266,109.29000091552734,38972
2025-03-25 18:45:00+00:00,109.0999984741211,109.26000213623047,109.0999984741211,109.19000244140625,37918
2025-03-25 18:50:00+00:00,109.13999938964844,109.16000366210938,109.0,109.08000183105469,47603
2025-03-25 18:55:00+00:00,109.18499755859375,109.30999755859375,109.13999938964844,109.13999938964844,49023
2025-03-25 19:00:00+00:00,109.4000015258789,109.43499755859375,109.18499755859375,109.18499755859375,45128
2025-03-25 19:05:00+00:00,109.62999725341797,109.63999938964844,109.38999938964844,109.4000015258789,42466
2025-03-25 19:10:00+00:00,109.44999694824219,109.66500091552734,109.3499984741211,109.625,40070
2025-03-25 19:15:00+00:00,109.51499938964844,109.52999877929688,109.41999816894531,109.47000122070312,47975
2025-03-25 19:20:00+00:00,109.47000122070312,109.58000183105469,109.4000015258789,109.5,59109
2025-03-25 19:25:00+00:00,109.5,109.52999877929688,109.45999908447266,109.47000122070312,35738
2025-03-25 19:30:00+00:00,109.62999725341797,109.63999938964844,109.48999786376953,109.51000213623047,59402
2025-03-25 19:35:00+00:00,109.4800033569336,109.5999984741211,109.37000274658203,109.5999984741211,80682
2025-03-25 19:40:00+00:00,109.68000030517578,109.68000030517578,109.29000091552734,109.5,97419
2025-03-25 19:45:00+00:00,109.69999694824219,109.87000274658203,109.62000274658203,109.69000244140625,121218
2025-03-25 19:50:00+00:00,109.91000366210938,109.91999816894531,109.38999938964844,109.68000030517578,222319
2025-03-25 19:55:00+00:00,109.83999633789062,109.9800033569336,109.62000274658203,109.91999816894531,468532
2025-03-26 13:30:00+00:00,108.70999908447266,109.41999816894531,108.4000015258789,109.16999816894531,378390
2025-03-26 13:35:00+00:00,108.55999755859375,109.22989654541016,108.55999755859375,108.7300033569336,74235
2025-03-26 13:40:00+00:00,107.91500091552734,108.69000244140625,107.70999908447266,108.52999877929688,169314
2025-03-26 13:45:00+00:00,106.18000030517578,108.16500091552734,106.11000061035156,107.94999694824219,252387
2025-03-26 13:50:00+00:00,105.77999877929688,106.25,105.30000305175781,106.13999938964844,383459
2025-03-26 13:55:00+00:00,105.33000183105469,105.88999938964844,105.05000305175781,105.7300033569336,236524
2025-03-26 14:00:00+00:00,106.1500015258789,106.23999786376953,105.25,105.31500244140625,122065
2025-03-26 14:05:00+00:00,106.26069641113281,106.5250015258789,106.06999969482422,106.13999938964844,81624
2025-03-26 14:10:00+00:00,106.45159912109375,106.55000305175781,106.0999984741211,106.30999755859375,73311
2025-03-26 14:15:00+00:00,105.75499725341797,106.5199966430664,105.75499725341797,106.4749984741211,80251
2025-03-26 14:20:00+00:00,105.16500091552734,105.70999908447266,104.94999694824219,105.70999908447266,139813
2025-03-26 14:25:00+00:00,105.49729919433594,105.52200317382812,105.11000061035156,105.16500091552734,114309
2025-03-26 14:30:00+00:00,105.66000366210938,105.80000305175781,105.30000305175781,105.49400329589844,105584
2025-03-26 14:35:00+00:00,105.5999984741211,105.81999969482422,105.52999877929688,105.68000030517578,120531
2025-03-26 14:40:00+00:00,105.16999816894531,105.70500183105469,105.16999816894531,105.54000091552734,137208
2025-03-26 14:45:00+00:00,104.9000015258789,105.2699966430664,104.9000015258789,105.16999816894531,113019
2025-03-26 14:50:00+00:00,105.48999786376953,105.62999725341797,104.92500305175781,104.92500305175781,102838
2025-03-26 14:55:00+00:00,105.37999725341797,105.51899719238281,105.2051010131836,105.44000244140625,54653
2025-03-26 15:00:00+00:00,105.23999786376953,105.5,105.19999694824219,105.4000015258789,86878
2025-03-26 15:05:00+00:00,105.20999908447266,105.36000061035156,105.08999633789062,105.27999877929688,91877
2025-03-26 15:10:00+00:00,105.44999694824219,105.5,105.16999816894531,105.22000122070312,75938
2025-03-26 15:15:00+00:00,105.35919952392578,105.51000213623047,105.27999877929688,105.45999908447266,54305
2025-03-26 15:20:00+00:00,104.9800033569336,105.43000030517578,104.94999694824219,105.3499984741211,58444
2025-03-26 15:25:00+00:00,104.73999786376953,104.9832992553711,104.52999877929688,104.9832992553711,88287
2025-03-26 15:30:00+00:00,104.81999969482422,105.08999633789062,104.73999786376953,104.74500274658203,47748
2025-03-26 15:35:00+00:00,105.01000213623047,105.0199966430664,104.77999877929688,104.82679748535156,32459
2025-03-26 15:40:00+00:00,104.86499786376953,105.25499725341797,104.83999633789062,105.01000213623047,44482
2025-03-26 15:45:00+00:00,104.93000030517578,105.08000183105469,104.7300033569336,104.86000061035156,35903
2025-03-26 15:50:00+00:00,104.6500015258789,104.93000030517578,104.43000030517578,104.91000366210938,91603
2025-03-26 15:55:00+00:00,104.41500091552734,104.6500015258789,104.22000122070312,104.6449966430664,68570
2025-03-26 16:00:00+00:00,104.125,104.41000366210938,104.05249786376953,104.33999633789062,42680
2025-03-26 16:05:00+00:00,104.05999755859375,104.3499984741211,104.05000305175781,104.1500015258789,45104
2025-03-26 16:10:00+00:00,103.94000244140625,104.12999725341797,103.7699966430664,104.08999633789062,67868
2025-03-26 16:15:00+00:00,103.69999694824219,103.96520233154297,103.69999694824219,103.96520233154297,41981
2025-03-26 16:20:00+00:00,103.51000213623047,103.68000030517578,103.48999786376953,103.66000366210938,76215
2025-03-26 16:25:00+00:00,103.91000366210938,103.92500305175781,103.54000091552734,103.55000305175781,58210
2025-03-26 16:30:00+00:00,103.80999755859375,104.12989807128906,103.70999908447266,103.9000015258789,68565
2025-03-26 16:35:00+00:00,103.81999969482422,103.93000030517578,103.76000213623047,103.77999877929688,76897
2025-03-26 16:40:00+00:00,103.81999969482422,104.05000305175781,103.80999755859375,103.84500122070312,61909
2025-03-26 16:45:00+00:00,104.23999786376953,104.26000213623047,103.80000305175781,103.9000015258789,40647
2025-03-26 16:50:00+00:00,103.93000030517578,104.33000183105469,103.93000030517578,104.25,42028
2025-03-26 16:55:00+00:00,103.76499938964844,103.91000366210938,103.62000274658203,103.91000366210938,61118
2025-03-26 17:00:00+00:00,103.80390167236328,103.95999908447266,103.72100067138672,103.76000213623047,64959
2025-03-26 17:05:00+00:00,103.7300033569336,103.83000183105469,103.62999725341797,103.73999786376953,25529
2025-03-26 17:10:00+00:00,103.83999633789062,103.94999694824219,103.67500305175781,103.70500183105469,42906
2025-03-26 17:15:00+00:00,103.30000305175781,103.83999633789062,103.26000213623047,103.83999633789062,74963
2025-03-26 17:20:00+00:00,103.44999694824219,103.53040313720703,103.16999816894531,103.29000091552734,89276
2025-03-26 17:25:00+00:00,103.26000213623047,103.45999908447266,103.26000213623047,103.43000030517578,53532
2025-03-26 17:30:00+00:00,103.2300033569336,103.36000061035156,103.16999816894531,103.23999786376953,47172
2025-03-26 17:35:00+00:00,103.41000366210938,103.41000366210938,103.05000305175781,103.23999786376953,103397
2025-03-26 17:40:00+00:00,103.49089813232422,103.69499969482422,103.38999938964844,103.4000015258789,51844
2025-03-26 17:45:00+00:00,103.44999694824219,103.55999755859375,103.37000274658203,103.5199966430664,36081
2025-03-26 17:50:00+00:00,103.48999786376953,103.56999969482422,103.37999725341797,103.44999694824219,38708
2025-03-26 17:55:00+00:00,103.37000274658203,103.56999969482422,103.36000061035156,103.52999877929688,55836
2025-03-26 18:00:00+00:00,103.38500213623047,103.48999786376953,103.22000122070312,103.38999938964844,53009
2025-03-26 18:05:00+00:00,103.38999938964844,103.43000030517578,103.30999755859375,103.37999725341797,22818
2025-03-26 18:10:00+00:00,103.81500244140625,103.93000030517578,103.4000015258789,103.4000015258789,49669
2025-03-26 18:15:00+00:00,103.90499877929688,103.98999786376953,103.76000213623047,103.83999633789062,54125
2025-03-26 18:20:00+00:00,103.94499969482422,103.97000122070312,103.81999969482422,103.87999725341797,23855
2025-03-26 18:25:00+00:00,104.01000213623047,104.0999984741211,103.91500091552734,103.93000030517578,37293
2025-03-26 18:30:00+00:00,103.93000030517578,104.13099670410156,103.9000015258789,103.98999786376953,57634
2025-03-26 18:35:00+00:00,103.91000366210938,104.02999877929688,103.9000015258789,103.93000030517578,27829
2025-03-26 18:40:00+00:00,103.58000183105469,103.9800033569336,103.55999755859375,103.94000244140625,95394
2025-03-26 18:45:00+00:00,103.4000015258789,103.6500015258789,103.4000015258789,103.62000274658203,73095
2025-03-26 18:50:00+00:00,103.45999908447266,103.58699798583984,103.4000015258789,103.47000122070312,26540
2025-03-26 18:55:00+00:00,103.43000030517578,103.51000213623047,103.36000061035156,103.45999908447266,35460
2025-03-26 19:00:00+00:00,103.6449966430664,103.7699966430664,103.41500091552734,103.43000030517578,57156
2025-03-26 19:05:00+00:00,103.38999938964844,103.68000030517578,103.37000274658203,103.63999938964844,38662
2025-03-26 19:10:00+00:00,103.41000366210938,103.5,103.30000305175781,103.3949966430664,37918
2025-03-26 19:15:00+00:00,103.7300033569336,103.75,103.375,103.375,33320
2025-03-26 19:20:00+00:00,103.5250015258789,103.76000213623047,103.51000213623047,103.70999908447266,53628
2025-03-26 19:25:00+00:00,103.40499877929688,103.63999938964844,103.4000015258789,103.5250015258789,67771
2025-03-26 19:30:00+00:00,103.625,103.72200012207031,103.43000030517578,103.43000030517578,82215
2025-03-26 19:35:00+00:00,103.67500305175781,103.76000213623047,103.55999755859375,103.62999725341797,53788
2025-03-26 19:40:00+00:00,103.88999938964844,103.91000366210938,103.66000366210938,103.66000366210938,90572
2025-03-26 19:45:00+00:00,104.08999633789062,104.08999633789062,103.76000213623047,103.86499786376953,135193
2025-03-26 19:50:00+00:00,104.30000305175781,104.31999969482422,104.0199966430664,104.08999633789062,231523
2025-03-26 19:55:00+00:00,104.27999877929688,104.38999938964844,104.15499877929688,104.30000305175781,478162
2025-03-27 13:30:00+00:00,101.26000213623047,102.41000366210938,100.83000183105469,102.31999969482422,312557
2025-03-27 13:35:00+00:00,100.46499633789062,101.61499786376953,100.41950225830078,101.31999969482422,159912
2025-03-27 13:40:00+00:00,99.83999633789062,100.54000091552734,99.7300033569336,100.45999908447266,257568
2025-03-27 13:45:00+00:00,100.51000213623047,100.5999984741211,99.77999877929688,99.81999969482422,177159
2025-03-27 13:50:00+00:00,101.13999938964844,101.30000305175781,100.45999908447266,100.5250015258789,194213
2025-03-27 13:55:00+00:00,101.9800033569336,101.9800033569336,101.04000091552734,101.06999969482422,230072
2025-03-27 14:00:00+00:00,101.45999908447266,102.25,101.45999908447266,101.7699966430664,218536
2025-03-27 14:05:00+00:00,101.3499984741211,101.9000015258789,101.30000305175781,101.55999755859375,143204
2025-03-27 14:10:00+00:00,101.8499984741211,101.88999938964844,101.0999984741211,101.37999725341797,83634
2025-03-27 14:15:00+00:00,101.68000030517578,101.97000122070312,101.54499816894531,101.8499984741211,91313
2025-03-27 14:20:00+00:00,101.34500122070312,101.69000244140625,101.14019775390625,101.68000030517578,79080
2025-03-27 14:25:00+00:00,101.80000305175781,101.80000305175781,101.30000305175781,101.37999725341797,52209
2025-03-27 14:30:00+00:00,102.02999877929688,102.03829956054688,101.56999969482422,101.77999877929688,125068
2025-03-27 14:35:00+00:00,102.58000183105469,102.76000213623047,101.95999908447266,102.0,322921
2025-03-27 14:40:00+00:00,102.58000183105469,102.86000061035156,102.16000366210938,102.58999633789062,191953
2025-03-27 14:45:00+00:00,102.25499725341797,102.66000366210938,102.05999755859375,102.58000183105469,223459
2025-03-27 14:50:00+00:00,102.44170379638672,102.44170379638672,101.93000030517578,102.25499725341797,142444
2025-03-27 14:55:00+00:00,102.75,102.75,102.4000015258789,102.4000015258789,85553
2025-03-27 15:00:00+00:00,102.62999725341797,102.91000366210938,102.5199966430664,102.76000213623047,95080
2025-03-27 15:05:00+00:00,102.22000122070312,102.73999786376953,102.18000030517578,102.5999984741211,49548
2025-03-27 15:10:00+00:00,102.34500122070312,102.47000122070312,102.12000274658203,102.19999694824219,50953
2025-03-27 15:15:00+00:00,102.43499755859375,102.5,102.02999877929688,102.34500122070312,60787
2025-03-27 15:20:00+00:00,102.33000183105469,102.43499755859375,102.19000244140625,102.43499755859375,42279
2025-03-27 15:25:00+00:00,102.16999816894531,102.5,102.16999816894531,102.3499984741211,48090
2025-03-27 15:30:00+00:00,101.86000061035156,102.1500015258789,101.80000305175781,102.1500015258789,45641
2025-03-27 15:35:00+00:00,101.91500091552734,102.04000091552734,101.80999755859375,101.87000274658203,53857
2025-03-27 15:40:00+00:00,102.04499816894531,102.05999755859375,101.68000030517578,101.94999694824219,121017
2025-03-27 15:45:00+00:00,101.7300033569336,102.04000091552734,101.7300033569336,102.02999877929688,39194
2025-03-27 15:50:00+00:00,101.86000061035156,101.9000015258789,101.63999938964844,101.75,31284
2025-03-27 15:55:00+00:00,101.66500091552734,101.87000274658203,101.61000061035156,101.86019897460938,51989
2025-03-27 16:00:00+00:00,101.86000061035156,101.87999725341797,101.58000183105469,101.69000244140625,59647
2025-03-27 16:05:00+00:00,101.9801025390625,102.18000030517578,101.76000213623047,101.81999969482422,74214
2025-03-27 16:10:00+00:00,102.05000305175781,102.15499877929688,101.73999786376953,101.9800033569336,60956
2025-03-27 16:15:00+00:00,102.625,102.62999725341797,102.05000305175781,102.07499694824219,57305
2025-03-27 16:20:00+00:00,102.31999969482422,102.7699966430664,102.27999877929688,102.6500015258789,63739
2025-03-27 16:25:00+00:00,102.16999816894531,102.39569854736328,102.08499908447266,102.3499984741211,30310
2025-03-27 16:30:00+00:00,102.20999908447266,102.33499908447266,102.13999938964844,102.16999816894531,37451
2025-03-27 16:35:00+00:00,102.08999633789062,102.19000244140625,101.95999908447266,102.16999816894531,28081
2025-03-27 16:40:00+00:00,102.01000213623047,102.18000030517578,101.97000122070312,102.08999633789062,34235
2025-03-27 16:45:00+00:00,101.84239959716797,102.11000061035156,101.79000091552734,102.01000213623047,37192
2025-03-27 16:50:00+00:00,101.65499877929688,101.8499984741211,101.55999755859375,101.79000091552734,49324
2025-03-27 16:55:00+00:00,101.4749984741211,101.65499877929688,101.38999938964844,101.65499877929688,39509
2025-03-27 17:00:00+00:00,101.55000305175781,101.625,101.38999938964844,101.47000122070312,28698
2025-03-27 17:05:00+00:00,101.83999633789062,101.86669921875,101.43000030517578,101.5,54326
2025-03-27 17:10:00+00:00,102.04000091552734,102.13999938964844,101.79000091552734,101.83000183105469,53569
2025-03-27 17:15:00+00:00,102.05000305175781,102.2699966430664,102.04000091552734,102.05000305175781,34743
2025-03-27 17:20:00+00:00,102.04000091552734,102.16999816894531,101.87999725341797,102.08999633789062,65132
2025-03-27 17:25:00+00:00,101.75,102.05000305175781,101.73500061035156,102.02999877929688,32574
2025-03-27 17:30:00+00:00,101.76000213623047,101.87999725341797,101.66000366210938,101.7300033569336,35381
2025-03-27 17:35:00+00:00,101.9000015258789,101.95999908447266,101.61000061035156,101.7300033569336,82167
2025-03-27 17:40:00+00:00,102.13999938964844,102.2699966430664,101.86499786376953,101.9000015258789,73671
2025-03-27 17:45:00+00:00,102.12999725341797,102.26119995117188,101.91999816894531,102.1500015258789,60278
2025-03-27 17:50:00+00:00,101.84500122070312,102.22000122070312,101.80999755859375,102.12999725341797,41410
2025-03-27 17:55:00+00:00,102.0,102.06500244140625,101.84500122070312,101.86000061035156,38337
2025-03-27 18:00:00+00:00,102.32559967041016,102.33000183105469,101.94000244140625,102.00990295410156,34531
2025-03-27 18:05:00+00:00,102.69000244140625,102.82499694824219,102.32499694824219,102.33000183105469,131755
2025-03-27 18:10:00+00:00,102.58499908447266,102.8499984741211,102.51000213623047,102.69999694824219,82361
2025-03-27 18:15:00+00:00,102.38999938964844,102.57499694824219,102.3499984741211,102.5625,43193
2025-03-27 18:20:00+00:00,102.22000122070312,102.47000122070312,102.20999908447266,102.38999938964844,49080
2025-03-27 18:25:00+00:00,102.36000061035156,102.5,102.12999725341797,102.16999816894531,37477
2025-03-27 18:30:00+00:00,102.41999816894531,102.41999816894531,102.19000244140625,102.33000183105469,34816
2025-03-27 18:35:00+00:00,102.4800033569336,102.5,102.29000091552734,102.41500091552734,46974
2025-03-27 18:40:00+00:00,102.55500030517578,102.7699966430664,102.44000244140625,102.51000213623047,42917
2025-03-27 18:45:00+00:00,102.7750015258789,102.875,102.55000305175781,102.55000305175781,62165
2025-03-27 18:50:00+00:00,103.16000366210938,103.22000122070312,102.76499938964844,102.78500366210938,41182
2025-03-27 18:55:00+00:00,102.66500091552734,103.15499877929688,102.62999725341797,103.15499877929688,36247
2025-03-27 19:00:00+00:00,102.98999786376953,103.04000091552734,102.62000274658203,102.66500091552734,66228
2025-03-27 19:05:00+00:00,103.05999755859375,103.16000366210938,102.81999969482422,102.94999694824219,38579
2025-03-27 19:10:00+00:00,103.38999938964844,103.38999938964844,102.91000366210938,103.02999877929688,52039
2025-03-27 19:15:00+00:00,103.27999877929688,103.37999725341797,103.12999725341797,103.33999633789062,63204
2025-03-27 19:20:00+00:00,103.51499938964844,103.70999908447266,103.27999877929688,103.30999755859375,68606
2025-03-27 19:25:00+00:00,103.5,103.58580017089844,103.38999938964844,103.48999786376953,94957
2025-03-27 19:30:00+00:00,103.26000213623047,103.5199966430664,103.18000030517578,103.5199966430664,142611
2025-03-27 19:35:00+00:00,103.0199966430664,103.27999877929688,102.84880065917969,103.26000213623047,127221
2025-03-27 19:40:00+00:00,102.79499816894531,103.02999877929688,102.7699966430664,103.0,146173
2025-03-27 19:45:00+00:00,102.77999877929688,102.87999725341797,102.6500015258789,102.77999877929688,122710
2025-03-27 19:50:00+00:00,102.70500183105469,102.88999938964844,102.30500030517578,102.73999786376953,270575
2025-03-27 19:55:00+00:00,102.55999755859375,102.91999816894531,102.41000366210938,102.7300033569336,471410
2025-03-28 13:30:00+00:00,99.65499877929688,99.80000305175781,98.33999633789062,99.1500015258789,632494
2025-03-28 13:35:00+00:00,99.94499969482422,100.26000213623047,99.66999816894531,99.69999694824219,245079
2025-03-28 13:40:00+00:00,98.79000091552734,100.18990325927734,98.79000091552734,99.94499969482422,306500
2025-03-28 13:45:00+00:00,99.12999725341797,99.19999694824219,98.66999816894531,98.7699966430664,229690
2025-03-28 13:50:00+00:00,98.65499877929688,99.47000122070312,98.4000015258789,99.12999725341797,178071
2025-03-28 13:55:00+00:00,98.07499694824219,98.5999984741211,98.0,98.5999984741211,207605
2025-03-28 14:00:00+00:00,97.55000305175781,98.25,97.47000122070312,98.1500015258789,283896
2025-03-28 14:05:00+00:00,96.9791030883789,97.55999755859375,96.58499908447266,97.5,391030
2025-03-28 14:10:00+00:00,97.19010162353516,97.23999786376953,96.86000061035156,96.93499755859375,170155
2025-03-28 14:15:00+00:00,97.41999816894531,97.72000122070312,97.08000183105469,97.1449966430664,136497
2025-03-28 14:20:00+00:00,97.75,98.05999755859375,97.47000122070312,97.4800033569336,142451
2025-03-28 14:25:00+00:00,97.58499908447266,97.86000061035156,97.23999786376953,97.73999786376953,141359
2025-03-28 14:30:00+00:00,97.24500274658203,97.81999969482422,97.19999694824219,97.58999633789062,216377
2025-03-28 14:35:00+00:00,97.40750122070312,97.43000030517578,96.91999816894531,97.25,179126
2025-03-28 14:40:00+00:00,97.88999938964844,97.97000122070312,97.2300033569336,97.4000015258789,142153
2025-03-28 14:45:00+00:00,97.88999938964844,97.95999908447266,97.6509017944336,97.86000061035156,96525
2025-03-28 14:50:00+00:00,98.46499633789062,98.5,97.79000091552734,97.8550033569336,173337
2025-03-28 14:55:00+00:00,97.82499694824219,98.47000122070312,97.6500015258789,98.46499633789062,150165
2025-03-28 15:00:00+00:00,97.83499908447266,97.86499786376953,97.56999969482422,97.86499786376953,97179
2025-03-28 15:05:00+00:00,97.94999694824219,98.08000183105469,97.81999969482422,97.83499908447266,89672
2025-03-28 15:10:00+00:00,98.42500305175781,98.56999969482422,97.91000366210938,97.94999694824219,131072
2025-03-28 15:15:00+00:00,98.18499755859375,98.5,98.0801010131836,98.42500305175781,124027
2025-03-28 15:20:00+00:00,98.26000213623047,98.5199966430664,98.18000030517578,98.18000030517578,70191
2025-03-28 15:25:00+00:00,98.73999786376953,98.7699966430664,98.27999877929688,98.27999877929688,118481
2025-03-28 15:30:00+00:00,99.05500030517578,99.12999725341797,98.63999938964844,98.72000122070312,100891
2025-03-28 15:35:00+00:00,99.45999908447266,99.50499725341797,99.01080322265625,99.05500030517578,83421
2025-03-28 15:40:00+00:00,99.17990112304688,99.56320190429688,99.08999633789062,99.44999694824219,86298
2025-03-28 15:45:00+00:00,99.41999816894531,99.44000244140625,99.06999969482422,99.16000366210938,75243
2025-03-28 15:50:00+00:00,99.02999877929688,99.41999816894531,98.91000366210938,99.37999725341797,161145
2025-03-28 15:55:00+00:00,98.56999969482422,99.0199966430664,98.56999969482422,99.0,64136
2025-03-28 16:00:00+00:00,98.79499816894531,98.81199645996094,98.57499694824219,98.57499694824219,91516
2025-03-28 16:05:00+00:00,98.5250015258789,99.07499694824219,98.5199966430664,98.79499816894531,83723
2025-03-28 16:10:00+00:00,98.44000244140625,98.73500061035156,98.44000244140625,98.5,115413
2025-03-28 16:15:00+00:00,97.63999938964844,98.54000091552734,97.60009765625,98.44000244140625,176523
2025-03-28 16:20:00+00:00,97.41000366210938,97.73999786376953,97.26000213623047,97.66000366210938,128364
2025-03-28 16:25:00+00:00,97.55000305175781,97.68000030517578,97.33999633789062,97.43499755859375,416231
2025-03-28 16:30:00+00:00,97.7249984741211,97.8582992553711,97.54499816894531,97.54499816894531,59194
2025-03-28 16:35:00+00:00,97.83499908447266,97.91999816894531,97.66000366210938,97.73999786376953,91180
2025-03-28 16:40:00+00:00,97.69999694824219,97.91000366210938,97.69000244140625,97.83499908447266,90904
2025-03-28 16:45:00+00:00,97.61000061035156,97.70999908447266,97.51000213623047,97.69000244140625,131788
2025-03-28 16:50:00+00:00,97.5199966430664,97.68260192871094,97.4000015258789,97.62000274658203,60198
2025-03-28 16:55:00+00:00,97.42009735107422,97.5199966430664,97.37999725341797,97.5,81407
2025-03-28 17:00:00+00:00,97.1500015258789,97.43000030517578,97.0999984741211,97.41999816894531,181056
2025-03-28 17:05:00+00:00,96.77999877929688,97.19000244140625,96.76000213623047,97.15499877929688,112009
2025-03-28 17:10:00+00:00,96.5250015258789,96.9000015258789,96.51000213623047,96.79000091552734,120847
2025-03-28 17:15:00+00:00,96.48999786376953,96.68000030517578,96.33999633789062,96.5,161030
2025-03-28 17:20:00+00:00,96.71499633789062,96.71499633789062,96.37000274658203,96.4800033569336,107479
2025-03-28 17:25:00+00:00,96.72640228271484,96.73999786376953,96.4000015258789,96.69000244140625,152560
2025-03-28 17:30:00+00:00,96.69000244140625,96.80000305175781,96.56999969482422,96.71499633789062,72873
2025-03-28 17:35:00+00:00,96.76000213623047,96.83000183105469,96.4800033569336,96.68499755859375,44611
2025-03-28 17:40:00+00:00,96.5999984741211,96.86000061035156,96.5999984741211,96.83000183105469,52834
2025-03-28 17:45:00+00:00,96.79000091552734,96.96499633789062,96.5199966430664,96.59500122070312,78307
2025-03-28 17:50:00+00:00,96.54000091552734,96.81999969482422,96.51000213623047,96.77999877929688,54874
2025-03-28 17:55:00+00:00,97.0,97.02999877929688,96.51000213623047,96.54000091552734,74133
2025-03-28 18:00:00+00:00,97.07499694824219,97.16999816894531,96.95999908447266,96.97000122070312,66050
2025-03-28 18:05:00+00:00,97.28500366210938,97.44999694824219,96.98999786376953,97.08000183105469,159571
2025-03-28 18:10:00+00:00,97.375,97.52999877929688,97.05000305175781,97.2699966430664,90747
2025-03-28 18:15:00+00:00,97.44000244140625,97.54149627685547,97.33000183105469,97.4000015258789,71037
2025-03-28 18:20:00+00:00,97.07499694824219,97.53500366210938,97.0,97.44999694824219,90579
2025-03-28 18:25:00+00:00,97.02999877929688,97.1500015258789,97.0,97.06999969482422,45082
2025-03-28 18:30:00+00:00,97.06999969482422,97.16000366210938,96.95890045166016,97.0199966430664,99475
2025-03-28 18:35:00+00:00,96.87000274658203,97.12000274658203,96.8499984741211,97.08999633789062,69329
2025-03-28 18:40:00+00:00,96.98999786376953,96.98999786376953,96.8550033569336,96.86689758300781,80111
2025-03-28 18:45:00+00:00,96.80500030517578,97.02999877929688,96.78119659423828,96.98999786376953,67507
2025-03-28 18:50:00+00:00,96.77999877929688,96.88999938964844,96.64009857177734,96.83000183105469,133845
2025-03-28 18:55:00+00:00,96.93000030517578,96.97000122070312,96.7300033569336,96.75,55624
2025-03-28 19:00:00+00:00,96.83999633789062,97.11000061035156,96.83499908447266,96.93000030517578,66332
2025-03-28 19:05:00+00:00,96.91999816894531,97.05000305175781,96.81500244140625,96.82499694824219,100223
2025-03-28 19:10:00+00:00,96.80999755859375,96.92500305175781,96.69000244140625,96.91000366210938,66919
2025-03-28 19:15:00+00:00,96.73500061035156,96.86000061035156,96.62000274658203,96.81109619140625,146459
2025-03-28 19:20:00+00:00,96.59609985351562,96.80999755859375,96.56999969482422,96.72000122070312,77127
2025-03-28 19:25:00+00:00,96.41999816894531,96.5999984741211,96.38999938964844,96.58000183105469,117342
2025-03-28 19:30:00+00:00,96.02999877929688,96.42500305175781,96.0,96.40499877929688,247398
2025-03-28 19:35:00+00:00,95.97000122070312,96.08000183105469,95.86100006103516,96.02999877929688,213208
2025-03-28 19:40:00+00:00,96.27999877929688,96.33999633789062,95.94999694824219,95.96499633789062,320193
2025-03-28 19:45:00+00:00,96.45500183105469,96.46109771728516,96.04000091552734,96.2699966430664,340148
2025-03-28 19:50:00+00:00,96.61000061035156,96.68000030517578,95.9749984741211,96.44999694824219,657348
2025-03-28 19:55:00+00:00,96.63999938964844,96.7699966430664,96.0999984741211,96.5999984741211,1224609
2025-03-31 13:30:00+00:00,91.12999725341797,92.93000030517578,90.81500244140625,92.7300033569336,860090
2025-03-31 13:35:00+00:00,91.0999984741211,92.04000091552734,90.93000030517578,91.13500213623047,429394
2025-03-31 13:40:00+00:00,89.72000122070312,91.20500183105469,89.68000030517578,91.13500213623047,621119
2025-03-31 13:45:00+00:00,89.88999938964844,89.98999786376953,89.23999786376953,89.70999908447266,438448
2025-03-31 13:50:00+00:00,90.87000274658203,91.08000183105469,89.7300033569336,89.875,396562
2025-03-31 13:55:00+00:00,91.23090362548828,91.51499938964844,90.68499755859375,90.86000061035156,565288
2025-03-31 14:00:00+00:00,91.67900085449219,91.88999938964844,91.16999816894531,91.16999816894531,369835
2025-03-31 14:05:00+00:00,91.94999694824219,92.16999816894531,91.33999633789062,91.63999938964844,248339
2025-03-31 14:10:00+00:00,92.0,92.13500213623047,91.80999755859375,91.94000244140625,172156
2025-03-31 14:15:00+00:00,91.66000366210938,92.30000305175781,91.5999984741211,92.01000213623047,166878
2025-03-31 14:20:00+00:00,91.47000122070312,91.86000061035156,91.24500274658203,91.69000244140625,157504
2025-03-31 14:25:00+00:00,91.16000366210938,91.56999969482422,91.02999877929688,91.44000244140625,194384
2025-03-31 14:30:00+00:00,92.1500015258789,92.30000305175781,91.17500305175781,91.17500305175781,190309
2025-03-31 14:35:00+00:00,91.76499938964844,92.25,91.55999755859375,92.18000030517578,203725
2025-03-31 14:40:00+00:00,91.42500305175781,91.8499984741211,91.3499984741211,91.75,178189
2025-03-31 14:45:00+00:00,91.66500091552734,91.7699966430664,91.23999786376953,91.44999694824219,284112
2025-03-31 14:50:00+00:00,91.7843017578125,92.04989624023438,91.45999908447266,91.69000244140625,145688
2025-03-31 14:55:00+00:00,91.70500183105469,91.81999969482422,91.56999969482422,91.79499816894531,125277
2025-03-31 15:00:00+00:00,92.05999755859375,92.1500015258789,91.62999725341797,91.70500183105469,162650
2025-03-31 15:05:00+00:00,91.87999725341797,92.08000183105469,91.76000213623047,92.04000091552734,96167
2025-03-31 15:10:00+00:00,91.6500015258789,92.11000061035156,91.63999938964844,91.9000015258789,338999
2025-03-31 15:15:00+00:00,91.91999816894531,92.06999969482422,91.57499694824219,91.66500091552734,117993
2025-03-31 15:20:00+00:00,92.33999633789062,92.3499984741211,91.94999694824219,91.95980072021484,419609
2025-03-31 15:25:00+00:00,92.068603515625,92.45999908447266,91.86000061035156,92.33999633789062,258530
2025-03-31 15:30:00+00:00,92.55999755859375,92.6176986694336,91.94000244140625,92.04000091552734,327926
2025-03-31 15:35:00+00:00,92.80000305175781,92.97000122070312,92.5199966430664,92.54000091552734,126103
2025-03-31 15:40:00+00:00,93.12999725341797,93.18000030517578,92.7699966430664,92.7699966430664,174742
2025-03-31 15:45:00+00:00,93.51280212402344,93.52999877929688,93.05999755859375,93.12000274658203,162247
2025-03-31 15:50:00+00:00,93.50520324707031,93.76000213623047,93.48999786376953,93.5,242629
2025-03-31 15:55:00+00:00,92.95999908447266,93.5199966430664,92.93000030517578,93.5199966430664,128746
2025-03-31 16:00:00+00:00,93.37000274658203,93.50499725341797,92.93000030517578,92.95999908447266,139290
2025-03-31 16:05:00+00:00,93.01000213623047,93.40709686279297,92.9000015258789,93.33999633789062,95695
2025-03-31 16:10:00+00:00,92.9800033569336,93.08000183105469,92.68000030517578,93.0,82507
2025-03-31 16:15:00+00:00,93.2300033569336,93.2699966430664,92.91000366210938,92.9800033569336,94619
2025-03-31 16:20:00+00:00,93.37480163574219,93.44499969482422,92.96080017089844,93.25,84059
2025-03-31 16:25:00+00:00,94.18499755859375,94.25,93.37999725341797,93.37999725341797,120931
2025-03-31 16:30:00+00:00,94.2699966430664,94.57499694824219,94.06999969482422,94.20500183105469,175276
2025-03-31 16:35:00+00:00,94.63999938964844,94.63999938964844,94.16999816894531,94.29000091552734,148093
2025-03-31 16:40:00+00:00,94.23500061035156,94.80000305175781,94.22000122070312,94.63500213623047,190498
2025-03-31 16:45:00+00:00,94.25,94.30999755859375,94.08000183105469,94.21499633789062,62804
2025-03-31 16:50:00+00:00,94.26000213623047,94.31999969482422,93.9800033569336,94.25,76276
2025-03-31 16:55:00+00:00,93.83000183105469,94.25499725341797,93.80500030517578,94.25499725341797,49265
2025-03-31 17:00:00+00:00,94.09429931640625,94.27999877929688,93.71499633789062,93.81999969482422,55130
2025-03-31 17:05:00+00:00,94.63919830322266,94.63919830322266,94.08000183105469,94.12870025634766,72918
2025-03-31 17:10:00+00:00,94.3499984741211,94.7699966430664,94.3499984741211,94.70500183105469,92731
2025-03-31 17:15:00+00:00,94.19000244140625,94.4749984741211,94.19000244140625,94.37999725341797,92758
2025-03-31 17:20:00+00:00,94.25499725341797,94.27880096435547,94.01000213623047,94.19999694824219,54282
2025-03-31 17:25:00+00:00,94.0999984741211,94.29000091552734,93.94000244140625,94.23999786376953,33439
2025-03-31 17:30:00+00:00,94.22000122070312,94.26000213623047,94.05000305175781,94.0875015258789,44302
2025-03-31 17:35:00+00:00,94.25,94.33000183105469,94.05599975585938,94.0999984741211,39607
2025-03-31 17:40:00+00:00,93.94000244140625,94.23999786376953,93.86000061035156,94.23999786376953,44795
2025-03-31 17:45:00+00:00,93.8550033569336,93.9800033569336,93.7300033569336,93.9800033569336,47396
2025-03-31 17:50:00+00:00,94.03500366210938,94.05999755859375,93.80999755859375,93.8550033569336,32558
2025-03-31 17:55:00+00:00,94.12999725341797,94.19999694824219,93.9749984741211,94.05999755859375,38348
2025-03-31 18:00:00+00:00,94.48999786376953,94.53559875488281,94.05999755859375,94.0999984741211,54222
2025-03-31 18:05:00+00:00,95.05999755859375,95.12000274658203,94.37999725341797,94.5199966430664,85660
2025-03-31 18:10:00+00:00,95.29000091552734,95.62000274658203,95.03890228271484,95.08000183105469,158687
2025-03-31 18:15:00+00:00,95.4800033569336,95.50499725341797,95.08000183105469,95.26000213623047,73121
2025-03-31 18:20:00+00:00,95.45999908447266,95.54000091552734,95.26499938964844,95.51000213623047,46683
2025-03-31 18:25:00+00:00,95.55000305175781,95.61000061035156,95.36000061035156,95.47000122070312,94209
2025-03-31 18:30:00+00:00,95.56999969482422,95.69000244140625,95.47000122070312,95.52999877929688,45601
2025-03-31 18:35:00+00:00,95.7300033569336,95.87000274658203,95.56999969482422,95.56999969482422,93227
2025-03-31 18:40:00+00:00,95.86000061035156,96.01000213623047,95.68000030517578,95.69499969482422,69272
2025-03-31 18:45:00+00:00,95.87999725341797,95.91999816894531,95.56999969482422,95.875,379608
2025-03-31 18:50:00+00:00,96.04499816894531,96.11000061035156,95.8499984741211,95.87999725341797,60269
2025-03-31 18:55:00+00:00,95.54000091552734,96.05000305175781,95.54000091552734,96.04000091552734,53020
2025-03-31 19:00:00+00:00,95.69000244140625,95.7699966430664,95.43499755859375,95.51000213623047,146262
2025-03-31 19:05:00+00:00,95.69000244140625,95.87000274658203,95.63099670410156,95.68499755859375,82984
2025-03-31 19:10:00+00:00,95.86499786376953,96.05000305175781,95.65499877929688,95.68000030517578,100449
2025-03-31 19:15:00+00:00,95.56999969482422,95.94000244140625,95.48999786376953,95.83999633789062,93426
2025-03-31 19:20:00+00:00,95.9104995727539,95.98999786376953,95.56999969482422,95.5999984741211,71577
2025-03-31 19:25:00+00:00,95.1500015258789,95.8949966430664,95.08999633789062,95.8949966430664,121963
2025-03-31 19:30:00+00:00,95.51000213623047,95.53500366210938,95.02999877929688,95.11000061035156,117108
2025-03-31 19:35:00+00:00,95.36000061035156,95.52999877929688,95.11499786376953,95.48999786376953,100555
2025-03-31 19:40:00+00:00,95.4800033569336,95.91000366210938,95.34010314941406,95.36000061035156,183691
2025-03-31 19:45:00+00:00,95.33499908447266,95.61000061035156,95.19999694824219,95.47000122070312,157948
2025-03-31 19:50:00+00:00,95.34010314941406,95.75,94.94999694824219,95.36000061035156,385813
2025-03-31 19:55:00+00:00,95.38999938964844,95.63999938964844,95.2300033569336,95.3499984741211,891832
2025-04-01 13:30:00+00:00,94.61499786376953,95.84980010986328,94.5999984741211,95.84980010986328,272805
2025-04-01 13:35:00+00:00,95.08999633789062,95.08999633789062,94.0,94.58499908447266,176502
2025-04-01 13:40:00+00:00,95.79000091552734,96.08999633789062,94.97000122070312,94.97000122070312,107346
2025-04-01 13:45:00+00:00,96.2300033569336,96.69000244140625,95.68000030517578,95.80000305175781,269740
2025-04-01 13:50:00+00:00,95.77749633789062,96.4489974975586,95.68000030517578,96.27999877929688,161343
2025-04-01 13:55:00+00:00,95.4800033569336,95.8949966430664,95.23500061035156,95.80999755859375,119730
2025-04-01 14:00:00+00:00,95.16500091552734,95.68000030517578,95.08000183105469,95.37999725341797,105929
2025-04-01 14:05:00+00:00,95.23999786376953,95.5,94.8949966430664,95.16999816894531,146483
2025-04-01 14:10:00+00:00,94.70500183105469,95.34110260009766,94.66000366210938,95.2699966430664,283994
2025-04-01 14:15:00+00:00,94.55999755859375,94.95999908447266,94.55000305175781,94.69999694824219,88163
2025-04-01 14:20:00+00:00,94.80999755859375,94.86000061035156,94.16000366210938,94.55999755859375,107965
2025-04-01 14:25:00+00:00,94.81999969482422,95.08000183105469,94.55999755859375,94.79000091552734,99342
2025-04-01 14:30:00+00:00,94.9800033569336,95.33499908447266,94.80000305175781,94.83499908447266,116766
2025-04-01 14:35:00+00:00,95.31999969482422,95.69339752197266,94.95500183105469,94.9800033569336,106821
2025-04-01 14:40:00+00:00,95.5,95.69999694824219,95.16999816894531,95.27999877929688,115591
2025-04-01 14:45:00+00:00,95.81999969482422,95.8550033569336,95.4000015258789,95.45999908447266,118025
2025-04-01 14:50:00+00:00,96.04499816894531,96.1050033569336,95.80000305175781,95.83999633789062,276794
2025-04-01 14:55:00+00:00,96.18000030517578,96.2300033569336,95.8499984741211,96.05000305175781,123606
2025-04-01 15:00:00+00:00,96.72000122070312,96.77999877929688,96.12999725341797,96.19930267333984,77665
2025-04-01 15:05:00+00:00,97.21499633789062,97.22000122070312,96.69999694824219,96.69999694824219,95802
2025-04-01 15:10:00+00:00,97.5250015258789,97.5250015258789,96.87000274658203,97.22000122070312,65176
2025-04-01 15:15:00+00:00,97.66999816894531,97.8499984741211,97.44000244140625,97.5,101339
2025-04-01 15:20:00+00:00,98.26000213623047,98.2750015258789,97.44000244140625,97.66000366210938,96798
2025-04-01 15:25:00+00:00,98.08499908447266,98.36990356445312,97.93000030517578,98.26000213623047,199406
2025-04-01 15:30:00+00:00,97.93000030517578,98.16999816894531,97.69999694824219,98.08000183105469,99739
2025-04-01 15:35:00+00:00,98.56999969482422,98.56999969482422,97.68000030517578,97.94999694824219,93820
2025-04-01 15:40:00+00:00,98.61499786376953,98.6500015258789,98.27999877929688,98.5,108598
2025-04-01 15:45:00+00:00,98.875,98.91999816894531,98.6050033569336,98.6050033569336,87986
2025-04-01 15:50:00+00:00,98.83999633789062,99.05000305175781,98.5999984741211,98.9000015258789,234161
2025-04-01 15:55:00+00:00,98.87000274658203,98.93000030517578,98.5999984741211,98.83000183105469,205955
2025-04-01 16:00:00+00:00,99.01000213623047,99.1500015258789,98.75499725341797,98.92990112304688,220350
2025-04-01 16:05:00+00:00,99.19000244140625,99.2699966430664,98.94999694824219,98.97010040283203,200439
2025-04-01 16:10:00+00:00,99.0999984741211,99.1863021850586,98.94999694824219,99.13999938964844,78997
2025-04-01 16:15:00+00:00,99.2699966430664,99.3687973022461,99.0,99.12000274658203,83490
2025-04-01 16:20:00+00:00,99.44999694824219,99.52999877929688,99.19999694824219,99.26000213623047,95825
2025-04-01 16:25:00+00:00,99.08999633789062,99.54000091552734,98.85030364990234,99.45999908447266,159125
2025-04-01 16:30:00+00:00,98.62999725341797,99.16999816894531,98.5,99.13999938964844,328351
2025-04-01 16:35:00+00:00,98.11000061035156,98.72000122070312,98.0999984741211,98.66000366210938,81440
2025-04-01 16:40:00+00:00,97.66500091552734,98.31999969482422,97.6624984741211,98.1500015258789,125223
2025-04-01 16:45:00+00:00,97.9800033569336,97.99500274658203,97.55999755859375,97.625,52780
2025-04-01 16:50:00+00:00,98.29499816894531,98.37000274658203,97.95999908447266,97.97000122070312,86721
2025-04-01 16:55:00+00:00,98.5199966430664,98.72000122070312,98.25,98.29000091552734,127899
2025-04-01 17:00:00+00:00,98.56999969482422,98.8499984741211,98.41000366210938,98.51499938964844,91131
2025-04-01 17:05:00+00:00,98.35990142822266,98.5999984741211,98.30999755859375,98.58499908447266,56245
2025-04-01 17:10:00+00:00,98.53060150146484,98.72000122070312,98.29000091552734,98.3499984741211,52950
2025-04-01 17:15:00+00:00,97.99099731445312,98.52570343017578,97.97000122070312,98.50499725341797,62173
2025-04-01 17:20:00+00:00,98.27999877929688,98.27999877929688,97.93009948730469,97.95999908447266,62003
2025-04-01 17:25:00+00:00,98.0198974609375,98.3499984741211,97.94999694824219,98.33000183105469,38138
2025-04-01 17:30:00+00:00,97.98500061035156,98.33000183105469,97.94999694824219,98.00499725341797,49665
2025-04-01 17:35:00+00:00,98.05000305175781,98.13999938964844,97.9749984741211,98.00959777832031,48456
2025-04-01 17:40:00+00:00,97.89959716796875,98.30999755859375,97.88919830322266,98.07250213623047,45984
2025-04-01 17:45:00+00:00,98.16999816894531,98.23419952392578,97.88500213623047,97.88999938964844,75916
2025-04-01 17:50:00+00:00,98.01000213623047,98.42250061035156,97.97750091552734,98.1500015258789,94436
2025-04-01 17:55:00+00:00,97.48999786376953,98.0,97.46499633789062,97.98500061035156,62161
2025-04-01 18:00:00+00:00,97.30000305175781,97.55999755859375,97.09500122070312,97.5,59898
2025-04-01 18:05:00+00:00,97.29499816894531,97.48999786376953,97.18000030517578,97.3550033569336,53567
2025-04-01 18:10:00+00:00,97.58000183105469,97.5999984741211,97.26000213623047,97.27999877929688,78589
2025-04-01 18:15:00+00:00,97.41999816894531,97.6500015258789,97.3499984741211,97.55000305175781,75950
2025-04-01 18:20:00+00:00,96.875,97.47000122070312,96.8499984741211,97.44999694824219,50337
2025-04-01 18:25:00+00:00,97.04000091552734,97.27999877929688,96.9000015258789,96.9000015258789,50208
2025-04-01 18:30:00+00:00,97.36000061035156,97.41000366210938,97.0103988647461,97.02999877929688,57405
2025-04-01 18:35:00+00:00,97.15499877929688,97.41999816894531,97.06999969482422,97.3499984741211,73355
2025-04-01 18:40:00+00:00,97.30000305175781,97.30000305175781,97.10099792480469,97.1500015258789,50741
2025-04-01 18:45:00+00:00,97.16999816894531,97.29000091552734,97.12999725341797,97.29000091552734,33450
2025-04-01 18:50:00+00:00,97.30000305175781,97.30000305175781,96.98999786376953,97.16000366210938,36738
2025-04-01 18:55:00+00:00,97.58499908447266,97.61000061035156,97.30000305175781,97.31999969482422,105765
2025-04-01 19:00:00+00:00,97.9000015258789,98.0,97.5250015258789,97.58000183105469,87773
2025-04-01 19:05:00+00:00,97.94999694824219,98.16999816894531,97.8949966430664,97.8949966430664,82516
2025-04-01 19:10:00+00:00,98.04000091552734,98.05000305175781,97.86499786376953,97.93499755859375,50620
2025-04-01 19:15:00+00:00,98.0,98.20999908447266,97.9000015258789,98.05999755859375,73637
2025-04-01 19:20:00+00:00,98.08000183105469,98.11000061035156,97.83499908447266,97.99500274658203,59974
2025-04-01 19:25:00+00:00,97.83999633789062,98.19000244140625,97.83999633789062,98.0824966430664,108946
2025-04-01 19:30:00+00:00,97.95999908447266,98.29000091552734,97.73999786376953,97.83000183105469,86130
2025-04-01 19:35:00+00:00,98.05000305175781,98.2300033569336,97.90499877929688,97.91000366210938,104191
2025-04-01 19:40:00+00:00,97.87999725341797,98.1500015258789,97.87999725341797,98.05000305175781,166921
2025-04-01 19:45:00+00:00,97.73999786376953,97.95999908447266,97.56500244140625,97.87999725341797,253359
2025-04-01 19:50:00+00:00,97.66000366210938,97.8550033569336,97.44999694824219,97.7699966430664,343563
2025-04-01 19:55:00+00:00,97.63999938964844,97.7927017211914,97.4000015258789,97.68000030517578,530874
2025-04-02 13:30:00+00:00,95.80999755859375,95.98999786376953,94.6500015258789,94.87999725341797,297551
2025-04-02 13:35:00+00:00,97.33000183105469,97.41999816894531,95.77999877929688,95.80999755859375,166703
2025-04-02 13:40:00+00:00,98.33000183105469,98.33000183105469,97.05999755859375,97.31999969482422,162133
2025-04-02 13:45:00+00:00,97.79000091552734,98.30000305175781,97.54000091552734,98.30000305175781,204476
2025-04-02 13:50:00+00:00,97.12000274658203,98.0,97.0999984741211,97.7300033569336,121573
2025-04-02 13:55:00+00:00,97.01499938964844,97.44999694824219,97.01499938964844,97.11499786376953,87032
2025-04-02 14:00:00+00:00,97.83000183105469,97.97000122070312,96.84500122070312,96.87000274658203,124323
2025-04-02 14:05:00+00:00,97.29100036621094,97.93900299072266,97.19999694824219,97.75,91100
2025-04-02 14:10:00+00:00,97.2699966430664,97.51000213623047,96.9000015258789,97.32279968261719,71887
2025-04-02 14:15:00+00:00,97.62999725341797,97.66999816894531,97.13500213623047,97.25,72154
2025-04-02 14:20:00+00:00,97.98500061035156,98.0,97.55999755859375,97.6449966430664,97645
2025-04-02 14:25:00+00:00,97.83300018310547,97.9800033569336,97.5199966430664,97.97000122070312,61936
2025-04-02 14:30:00+00:00,97.82499694824219,97.98999786376953,97.76000213623047,97.83999633789062,74926
2025-04-02 14:35:00+00:00,97.73999786376953,97.92500305175781,97.66130065917969,97.83499908447266,105164
2025-04-02 14:40:00+00:00,97.8499984741211,98.05000305175781,97.6500015258789,97.73999786376953,55852
2025-04-02 14:45:00+00:00,97.78500366210938,98.0199966430664,97.69000244140625,97.8499984741211,72650
2025-04-02 14:50:00+00:00,97.6500015258789,97.84500122070312,97.63500213623047,97.76000213623047,44307
2025-04-02 14:55:00+00:00,97.95999908447266,98.0999984741211,97.66500091552734,97.69000244140625,121109
2025-04-02 15:00:00+00:00,97.87999725341797,97.93000030517578,97.66000366210938,97.93000030517578,65782
2025-04-02 15:05:00+00:00,98.04000091552734,98.05999755859375,97.76499938964844,97.89749908447266,57900
2025-04-02 15:10:00+00:00,97.19499969482422,98.03500366210938,97.12000274658203,98.03500366210938,69738
2025-04-02 15:15:00+00:00,97.31999969482422,97.33989715576172,96.96499633789062,97.16000366210938,139195
2025-04-02 15:20:00+00:00,98.02999877929688,98.08999633789062,97.31999969482422,97.31999969482422,125593
2025-04-02 15:25:00+00:00,98.54499816894531,98.80999755859375,98.0999984741211,98.0999984741211,81354
2025-04-02 15:30:00+00:00,98.54499816894531,98.58999633789062,98.33000183105469,98.58000183105469,70286
2025-04-02 15:35:00+00:00,98.65499877929688,98.69999694824219,98.36000061035156,98.54499816894531,101233
2025-04-02 15:40:00+00:00,98.48159790039062,98.71499633789062,98.39900207519531,98.66000366210938,75597
2025-04-02 15:45:00+00:00,98.34249877929688,98.5199966430664,98.06009674072266,98.51000213623047,82032
2025-04-02 15:50:00+00:00,98.48750305175781,98.58000183105469,98.2300033569336,98.30999755859375,62042
2025-04-02 15:55:00+00:00,98.7300033569336,98.88999938964844,98.37860107421875,98.41999816894531,88152
2025-04-02 16:00:00+00:00,98.92500305175781,99.05490112304688,98.63999938964844,98.74500274658203,84237
2025-04-02 16:05:00+00:00,99.02999877929688,99.04000091552734,98.8499984741211,98.91000366210938,53727
2025-04-02 16:10:00+00:00,99.4800033569336,99.4800033569336,98.9749984741211,99.02999877929688,132937
2025-04-02 16:15:00+00:00,99.4000015258789,99.69999694824219,99.19999694824219,99.48500061035156,105690
2025-04-02 16:20:00+00:00,99.45500183105469,99.52999877929688,99.26180267333984,99.38999938964844,72183
2025-04-02 16:25:00+00:00,99.47000122070312,99.5,99.18000030517578,99.41999816894531,122570
2025-04-02 16:30:00+00:00,99.79000091552734,99.87000274658203,99.4000015258789,99.47000122070312,139213
2025-04-02 16:35:00+00:00,99.47000122070312,99.77999877929688,99.42009735107422,99.7699966430664,68180
2025-04-02 16:40:00+00:00,99.75499725341797,99.77999877929688,99.42250061035156,99.44000244140625,58028
2025-04-02 16:45:00+00:00,100.12999725341797,100.19999694824219,99.62999725341797,99.79000091552734,92863
2025-04-02 16:50:00+00:00,100.11000061035156,100.30999755859375,99.88999938964844,100.1500015258789,105594
2025-04-02 16:55:00+00:00,100.08999633789062,100.16500091552734,99.91000366210938,100.11000061035156,50438
2025-04-02 17:00:00+00:00,100.61499786376953,100.61499786376953,100.08999633789062,100.1050033569336,82441
2025-04-02 17:05:00+00:00,100.73999786376953,100.86949920654297,100.53009796142578,100.57499694824219,102998
2025-04-02 17:10:00+00:00,101.37999725341797,101.44999694824219,100.73999786376953,100.7699966430664,155162
2025-04-02 17:15:00+00:00,101.26000213623047,101.4000015258789,101.1500015258789,101.37999725341797,100844
2025-04-02 17:20:00+00:00,100.91999816894531,101.2699966430664,100.80000305175781,101.2699966430664,55301
2025-04-02 17:25:00+00:00,100.73999786376953,100.95999908447266,97.63999938964844,100.88999938964844,36305
2025-04-02 17:30:00+00:00,100.3949966430664,100.73999786376953,97.63999938964844,100.73999786376953,70150
2025-04-02 17:35:00+00:00,100.36000061035156,100.45999908447266,100.1500015258789,100.37999725341797,124420
2025-04-02 17:40:00+00:00,99.95999908447266,100.43000030517578,99.81999969482422,100.375,76223
2025-04-02 17:45:00+00:00,99.65499877929688,99.93499755859375,99.58999633789062,99.91999816894531,48561
2025-04-02 17:50:00+00:00,99.69000244140625,99.739501953125,99.44999694824219,99.67500305175781,56384
2025-04-02 17:55:00+00:00,99.61499786376953,99.9000015258789,99.4800033569336,99.66000366210938,51405
2025-04-02 18:00:00+00:00,99.47000122070312,99.80000305175781,99.47000122070312,99.58999633789062,41253
2025-04-02 18:05:00+00:00,99.22000122070312,99.44000244140625,99.08999633789062,99.41000366210938,53767
2025-04-02 18:10:00+00:00,99.51370239257812,99.55850219726562,99.08000183105469,99.22000122070312,45653
2025-04-02 18:15:00+00:00,99.26000213623047,99.5625,99.20999908447266,99.48500061035156,45955
2025-04-02 18:20:00+00:00,99.0,99.37999725341797,98.94999694824219,99.2300033569336,50956
2025-04-02 18:25:00+00:00,98.7699966430664,99.11499786376953,98.7300033569336,99.0,35506
2025-04-02 18:30:00+00:00,99.11000061035156,99.16999816894531,98.69499969482422,98.73500061035156,108840
2025-04-02 18:35:00+00:00,99.66999816894531,99.69000244140625,99.08999633789062,99.11000061035156,65576
2025-04-02 18:40:00+00:00,99.66000366210938,99.83999633789062,99.54499816894531,99.68440246582031,66981
2025-04-02 18:45:00+00:00,99.41000366210938,99.62999725341797,99.2300033569336,99.62000274658203,40951
2025-04-02 18:50:00+00:00,99.26000213623047,99.41999816894531,99.12000274658203,99.41000366210938,29789
2025-04-02 18:55:00+00:00,98.43499755859375,99.16999816894531,98.41999816894531,99.16999816894531,41994
2025-04-02 19:00:00+00:00,99.07499694824219,99.12000274658203,98.43000030517578,98.43499755859375,62518
2025-04-02 19:05:00+00:00,99.29000091552734,99.29000091552734,99.04000091552734,99.08000183105469,74990
2025-04-02 19:10:00+00:00,99.06500244140625,99.30999755859375,99.05999755859375,99.2699966430664,65385
2025-04-02 19:15:00+00:00,98.85749816894531,99.23999786376953,98.80999755859375,99.06999969482422,62392
2025-04-02 19:20:00+00:00,99.58999633789062,99.66999816894531,98.87000274658203,98.87000274658203,81964
2025-04-02 19:25:00+00:00,99.69999694824219,99.76000213623047,99.3125,99.55999755859375,62807
2025-04-02 19:30:00+00:00,100.0999984741211,100.2499008178711,99.44000244140625,99.70999908447266,100665
2025-04-02 19:35:00+00:00,100.01000213623047,100.25,99.9749984741211,100.06999969482422,135632
2025-04-02 19:40:00+00:00,100.2249984741211,100.36000061035156,100.0,100.0199966430664,118703
2025-04-02 19:45:00+00:00,100.4749984741211,100.58999633789062,100.19000244140625,100.2249984741211,117537
2025-04-02 19:50:00+00:00,100.48999786376953,100.69000244140625,100.2300033569336,100.48999786376953,190035
2025-04-02 19:55:00+00:00,100.68499755859375,100.72000122070312,100.33000183105469,100.5,494858
2025-04-03 13:30:00+00:00,85.3499984741211,87.69999694824219,84.80000305175781,87.32499694824219,2819914
2025-04-03 13:35:00+00:00,86.84500122070312,86.87000274658203,84.8499984741211,85.38999938964844,1133695
2025-04-03 13:40:00+00:00,86.37000274658203,87.12999725341797,86.33000183105469,86.84500122070312,782658
2025-04-03 13:45:00+00:00,85.94000244140625,86.58999633789062,85.66000366210938,86.43000030517578,538550
2025-04-03 13:50:00+00:00,86.48999786376953,86.78990173339844,85.92250061035156,85.92250061035156,566090
2025-04-03 13:55:00+00:00,85.77999877929688,86.7300033569336,85.61000061035156,86.48500061035156,338264
2025-04-03 14:00:00+00:00,85.30999755859375,86.03500366210938,85.26000213623047,85.73999786376953,411965
2025-04-03 14:05:00+00:00,85.62999725341797,86.0,85.16000366210938,85.30999755859375,421192
2025-04-03 14:10:00+00:00,85.7300033569336,85.85990142822266,85.18000030517578,85.61000061035156,553779
2025-04-03 14:15:00+00:00,85.81999969482422,85.94000244140625,85.5,85.75,386199
2025-04-03 14:20:00+00:00,85.07250213623047,85.92169952392578,85.0199966430664,85.79000091552734,513602
2025-04-03 14:25:00+00:00,85.61000061035156,85.66999816894531,85.04499816894531,85.08000183105469,279580
2025-04-03 14:30:00+00:00,84.94999694824219,86.19000244140625,84.88999938964844,85.66999816894531,394150
2025-04-03 14:35:00+00:00,84.46499633789062,85.16999816894531,84.3499984741211,84.96199798583984,399201
2025-04-03 14:40:00+00:00,83.93499755859375,84.54000091552734,83.80999755859375,84.48999786376953,384245
2025-04-03 14:45:00+00:00,82.5875015258789,83.99490356445312,82.55999755859375,83.94000244140625,562739
2025-04-03 14:50:00+00:00,82.44999694824219,82.64939880371094,81.86009979248047,82.58000183105469,742248
2025-04-03 14:55:00+00:00,83.41000366210938,83.47000122070312,82.27999877929688,82.41000366210938,516056
2025-04-03 15:00:00+00:00,83.25,83.5199966430664,82.80999755859375,83.41000366210938,453156
2025-04-03 15:05:00+00:00,83.4000015258789,83.4468002319336,82.75,83.27999877929688,292735
2025-04-03 15:10:00+00:00,83.62999725341797,84.36109924316406,83.20999908447266,83.36499786376953,355712
2025-04-03 15:15:00+00:00,83.9800033569336,84.08999633789062,83.54000091552734,83.62999725341797,284064
2025-04-03 15:20:00+00:00,83.95999908447266,83.9800033569336,83.5,83.96499633789062,288978
2025-04-03 15:25:00+00:00,83.80000305175781,84.30999755859375,83.71499633789062,83.93499755859375,246788
2025-04-03 15:30:00+00:00,84.26000213623047,84.31999969482422,83.75,83.76000213623047,312152
2025-04-03 15:35:00+00:00,84.31999969482422,84.45999908447266,83.87999725341797,84.26000213623047,194553
2025-04-03 15:40:00+00:00,84.3499984741211,84.75,84.25499725341797,84.31999969482422,254177
2025-04-03 15:45:00+00:00,83.61000061035156,84.44259643554688,83.58000183105469,84.34860229492188,165531
2025-04-03 15:50:00+00:00,83.75499725341797,83.7699966430664,83.37799835205078,83.5999984741211,198824
2025-04-03 15:55:00+00:00,83.30999755859375,84.08999633789062,83.30000305175781,83.7699966430664,175719
2025-04-03 16:00:00+00:00,83.75499725341797,84.0999984741211,83.30000305175781,83.30000305175781,208682
2025-04-03 16:05:00+00:00,83.12999725341797,83.78990173339844,83.0999984741211,83.76000213623047,252051
2025-04-03 16:10:00+00:00,83.29000091552734,83.62000274658203,83.0199966430664,83.16000366210938,199433
2025-04-03 16:15:00+00:00,83.8499984741211,83.8499984741211,83.19000244140625,83.31500244140625,266390
2025-04-03 16:20:00+00:00,83.94999694824219,84.44499969482422,83.80000305175781,83.86000061035156,474344
2025-04-03 16:25:00+00:00,83.29000091552734,83.91729736328125,82.88999938964844,83.91729736328125,351871
2025-04-03 16:30:00+00:00,82.9000015258789,83.4968032836914,82.77999877929688,83.30000305175781,455808
2025-04-03 16:35:00+00:00,82.84549713134766,83.04570007324219,82.62000274658203,82.93000030517578,245708
2025-04-03 16:40:00+00:00,83.13999938964844,83.44999694824219,82.80010223388672,82.80010223388672,212487
2025-04-03 16:45:00+00:00,83.35209655761719,83.36000061035156,82.94999694824219,83.1500015258789,123490
2025-04-03 16:50:00+00:00,82.73999786376953,83.33999633789062,82.6500015258789,83.33499908447266,308342
2025-04-03 16:55:00+00:00,82.67169952392578,82.77999877929688,82.5,82.69999694824219,212060
2025-04-03 17:00:00+00:00,82.61000061035156,82.95999908447266,82.52999877929688,82.66500091552734,136727
2025-04-03 17:05:00+00:00,82.97000122070312,83.09970092773438,82.5199966430664,82.63999938964844,158206
2025-04-03 17:10:00+00:00,82.87000274658203,83.26000213623047,82.66999816894531,82.94999694824219,264294
2025-04-03 17:15:00+00:00,82.69999694824219,83.13999938964844,82.69000244140625,82.83999633789062,152248
2025-04-03 17:20:00+00:00,82.73500061035156,82.80000305175781,82.41000366210938,82.70999908447266,150901
2025-04-03 17:25:00+00:00,82.72000122070312,82.86000061035156,82.60590362548828,82.73500061035156,132211
2025-04-03 17:30:00+00:00,82.91000366210938,82.91000366210938,82.56999969482422,82.66999816894531,101886
2025-04-03 17:35:00+00:00,83.4800033569336,83.58999633789062,82.90499877929688,82.90499877929688,272033
2025-04-03 17:40:00+00:00,83.5,83.54000091552734,83.11000061035156,83.53500366210938,237789
2025-04-03 17:45:00+00:00,83.18000030517578,83.66000366210938,83.12999725341797,83.4800033569336,288242
2025-04-03 17:50:00+00:00,83.38999938964844,83.4800033569336,83.03500366210938,83.19960021972656,170683
2025-04-03 17:55:00+00:00,83.11150360107422,83.44999694824219,83.05000305175781,83.37999725341797,406141
2025-04-03 18:00:00+00:00,82.63999938964844,83.22000122070312,82.61000061035156,83.06999969482422,129191
2025-04-03 18:05:00+00:00,82.68000030517578,82.69000244140625,82.43000030517578,82.6449966430664,215151
2025-04-03 18:10:00+00:00,82.2699966430664,82.75,82.25,82.66000366210938,157160
2025-04-03 18:15:00+00:00,82.38500213623047,82.5199966430664,82.23999786376953,82.25,168637
2025-04-03 18:20:00+00:00,82.12000274658203,82.3949966430664,82.0199966430664,82.37999725341797,240962
2025-04-03 18:25:00+00:00,81.9000015258789,82.18000030517578,81.7699966430664,82.11000061035156,195017
2025-04-03 18:30:00+00:00,81.5999984741211,82.01229858398438,81.56009674072266,81.91549682617188,164074
2025-04-03 18:35:00+00:00,81.94999694824219,82.13999938964844,81.54000091552734,81.55010223388672,264793
2025-04-03 18:40:00+00:00,82.94499969482422,83.14340209960938,81.93000030517578,81.93000030517578,296945
2025-04-03 18:45:00+00:00,82.63999938964844,82.93000030517578,82.41000366210938,82.91999816894531,232081
2025-04-03 18:50:00+00:00,83.08000183105469,83.27999877929688,82.58999633789062,82.63999938964844,266854
2025-04-03 18:55:00+00:00,83.07499694824219,83.2699966430664,83.0,83.04000091552734,200833
2025-04-03 19:00:00+00:00,82.8550033569336,83.08000183105469,82.80000305175781,83.04000091552734,172203
2025-04-03 19:05:00+00:00,82.86000061035156,83.08000183105469,82.86000061035156,82.86000061035156,205907
2025-04-03 19:10:00+00:00,82.9800033569336,83.13999938964844,82.79000091552734,82.86000061035156,179400
2025-04-03 19:15:00+00:00,82.12999725341797,83.01000213623047,82.07499694824219,82.9800033569336,301371
2025-04-03 19:20:00+00:00,82.12000274658203,82.57499694824219,81.79000091552734,82.13500213623047,288825
2025-04-03 19:25:00+00:00,81.62000274658203,82.20999908447266,81.61000061035156,82.12000274658203,400666
2025-04-03 19:30:00+00:00,81.7300033569336,81.8468017578125,81.62000274658203,81.6449966430664,239614
2025-04-03 19:35:00+00:00,81.94000244140625,81.94000244140625,81.48999786376953,81.72000122070312,281788
2025-04-03 19:40:00+00:00,82.01499938964844,82.07499694824219,81.70999908447266,81.91999816894531,257118
2025-04-03 19:45:00+00:00,81.37999725341797,82.05000305175781,81.31999969482422,82.01499938964844,451508
2025-04-03 19:50:00+00:00,82.42960357666016,82.45999908447266,81.25,81.37999725341797,636386
2025-04-03 19:55:00+00:00,82.22000122070312,82.7699966430664,82.15499877929688,82.37000274658203,1228427
2025-04-04 13:30:00+00:00,75.44999694824219,77.52999877929688,75.27220153808594,77.48500061035156,1474616
2025-04-04 13:35:00+00:00,74.76000213623047,75.68000030517578,74.21800231933594,75.5250015258789,670265
2025-04-04 13:40:00+00:00,75.73999786376953,75.9800033569336,74.4000015258789,74.75,554860
2025-04-04 13:45:00+00:00,75.36000061035156,76.63999938964844,75.27999877929688,75.7699966430664,736499
2025-04-04 13:50:00+00:00,75.06999969482422,76.24549865722656,74.9749984741211,75.30999755859375,345111
2025-04-04 13:55:00+00:00,74.625,75.1688003540039,74.30999755859375,75.06999969482422,596754
2025-04-04 14:00:00+00:00,74.9000015258789,75.07499694824219,74.33999633789062,74.62000274658203,415393
2025-04-04 14:05:00+00:00,74.20999908447266,75.13999938964844,74.12999725341797,74.86000061035156,399112
2025-04-04 14:10:00+00:00,73.66000366210938,74.2699966430664,73.4800033569336,74.16000366210938,604799
2025-04-04 14:15:00+00:00,73.13990020751953,73.6500015258789,72.80030059814453,73.6500015258789,578784
2025-04-04 14:20:00+00:00,73.16000366210938,75.94999694824219,72.55999755859375,73.0999984741211,1114264
2025-04-04 14:25:00+00:00,72.45890045166016,73.7249984741211,72.30999755859375,73.17500305175781,278443
2025-04-04 14:30:00+00:00,71.93499755859375,72.75499725341797,71.80999755859375,72.47000122070312,581860
2025-04-04 14:35:00+00:00,71.3895034790039,71.96499633789062,71.33000183105469,71.93499755859375,533776
2025-04-04 14:40:00+00:00,71.44000244140625,71.69000244140625,70.87999725341797,71.3499984741211,548453
2025-04-04 14:45:00+00:00,70.2699966430664,71.51499938964844,70.2699966430664,71.38999938964844,398095
2025-04-04 14:50:00+00:00,71.3499984741211,71.5199966430664,69.83999633789062,70.2699966430664,547704
2025-04-04 14:55:00+00:00,71.76000213623047,72.16999816894531,71.2311019897461,71.33999633789062,481129
2025-04-04 15:00:00+00:00,74.65499877929688,75.08499908447266,71.4800033569336,71.7300033569336,621067
2025-04-04 15:05:00+00:00,74.91000366210938,75.16999816894531,74.16000366210938,74.76000213623047,559557
2025-04-04 15:10:00+00:00,75.86170196533203,76.57510375976562,74.98999786376953,75.00499725341797,600479
2025-04-04 15:15:00+00:00,76.67500305175781,77.31999969482422,75.85790252685547,75.91000366210938,719183
2025-04-04 15:20:00+00:00,77.2300033569336,77.44000244140625,76.54350280761719,76.69000244140625,403500
2025-04-04 15:25:00+00:00,75.45999908447266,77.20999908447266,75.385498046875,77.20999908447266,406482
2025-04-04 15:30:00+00:00,76.1050033569336,76.33000183105469,75.44000244140625,75.44000244140625,293222
2025-04-04 15:35:00+00:00,75.5199966430664,76.16000366210938,75.19999694824219,76.16000366210938,231059
2025-04-04 15:40:00+00:00,76.44999694824219,76.77999877929688,75.4800033569336,75.5250015258789,351407
2025-04-04 15:45:00+00:00,76.94000244140625,77.08000183105469,76.06999969482422,76.41500091552734,325624
2025-04-04 15:50:00+00:00,76.55999755859375,77.05000305175781,76.51000213623047,76.93000030517578,241635
2025-04-04 15:55:00+00:00,75.73680114746094,76.83999633789062,75.69999694824219,76.69000244140625,401357
2025-04-04 16:00:00+00:00,75.37999725341797,76.23999786376953,75.37999725341797,75.69000244140625,206903
2025-04-04 16:05:00+00:00,75.80999755859375,76.1863021850586,75.33000183105469,75.38999938964844,314466
2025-04-04 16:10:00+00:00,76.80999755859375,76.80999755859375,75.58999633789062,75.81500244140625,593356
2025-04-04 16:15:00+00:00,75.06500244140625,77.05000305175781,74.87999725341797,76.81999969482422,266918
2025-04-04 16:20:00+00:00,75.29299926757812,75.30000305175781,74.84249877929688,75.06500244140625,159619
2025-04-04 16:25:00+00:00,75.01010131835938,75.4198989868164,74.91999816894531,75.26499938964844,190868
2025-04-04 16:30:00+00:00,74.5625,75.05999755859375,74.4219970703125,75.0199966430664,246557
2025-04-04 16:35:00+00:00,75.2750015258789,75.38999938964844,74.44000244140625,74.56500244140625,210550
2025-04-04 16:40:00+00:00,74.79499816894531,75.51000213623047,74.75,75.28500366210938,158704
2025-04-04 16:45:00+00:00,74.51499938964844,74.81839752197266,74.375,74.81839752197266,128095
2025-04-04 16:50:00+00:00,74.6500015258789,74.98999786376953,74.41539764404297,74.51499938964844,114141
2025-04-04 16:55:00+00:00,74.87000274658203,75.04000091552734,74.48200225830078,74.62999725341797,149014
2025-04-04 17:00:00+00:00,75.31990051269531,75.69000244140625,74.75499725341797,74.88410186767578,147401
2025-04-04 17:05:00+00:00,75.45999908447266,75.6510009765625,75.15660095214844,75.33000183105469,134921
2025-04-04 17:10:00+00:00,74.83820343017578,75.5,74.79000091552734,75.48500061035156,201953
2025-04-04 17:15:00+00:00,74.76499938964844,74.98999786376953,74.41999816894531,74.84400177001953,161399
2025-04-04 17:20:00+00:00,75.55999755859375,75.61000061035156,74.63999938964844,74.7750015258789,263008
2025-04-04 17:25:00+00:00,75.62999725341797,75.88999938964844,75.45010375976562,75.58000183105469,278281
2025-04-04 17:30:00+00:00,75.5,75.67949676513672,75.00160217285156,75.56999969482422,167066
2025-04-04 17:35:00+00:00,76.0999984741211,76.32350158691406,75.48500061035156,75.48500061035156,170770
2025-04-04 17:40:00+00:00,76.31310272216797,76.8499984741211,75.91999816894531,76.08999633789062,298471
2025-04-04 17:45:00+00:00,76.92500305175781,77.0,76.1500015258789,76.3499984741211,130150
2025-04-04 17:50:00+00:00,76.48999786376953,76.92500305175781,76.3550033569336,76.92500305175781,118049
2025-04-04 17:55:00+00:00,76.91000366210938,76.91000366210938,76.05000305175781,76.48999786376953,182272
2025-04-04 18:00:00+00:00,77.0250015258789,77.29180145263672,76.83999633789062,76.94490051269531,163119
2025-04-04 18:05:00+00:00,76.13999938964844,77.12989807128906,76.01000213623047,77.0250015258789,152378
2025-04-04 18:10:00+00:00,75.76840209960938,76.19999694824219,75.69999694824219,76.19999694824219,121411
2025-04-04 18:15:00+00:00,75.55500030517578,75.7699966430664,75.43000030517578,75.73500061035156,96610
2025-04-04 18:20:00+00:00,75.29000091552734,75.72000122070312,75.22000122070312,75.58999633789062,118503
2025-04-04 18:25:00+00:00,75.12000274658203,75.34269714355469,74.96009826660156,75.33000183105469,151583
2025-04-04 18:30:00+00:00,75.1449966430664,75.2699966430664,74.80000305175781,75.13999938964844,156780
2025-04-04 18:35:00+00:00,74.91999816894531,75.4000015258789,74.86000061035156,75.18000030517578,143916
2025-04-04 18:40:00+00:00,74.8499984741211,75.17500305175781,74.73999786376953,74.95500183105469,226425
2025-04-04 18:45:00+00:00,75.80000305175781,75.83999633789062,74.69999694824219,74.83000183105469,207834
2025-04-04 18:50:00+00:00,75.63999938964844,75.98999786376953,75.54000091552734,75.83000183105469,150136
2025-04-04 18:55:00+00:00,75.27999877929688,75.62999725341797,74.94999694824219,75.56999969482422,146181
2025-04-04 19:00:00+00:00,75.21990203857422,75.55000305175781,74.90010070800781,75.30000305175781,125051
2025-04-04 19:05:00+00:00,75.20999908447266,75.22000122070312,74.83499908447266,75.16470336914062,113788
2025-04-04 19:10:00+00:00,76.33999633789062,76.4083023071289,75.16000366210938,75.23999786376953,175738
2025-04-04 19:15:00+00:00,75.81999969482422,76.37999725341797,75.62999725341797,76.37999725341797,315354
2025-04-04 19:20:00+00:00,76.90499877929688,76.98930358886719,75.80000305175781,75.81999969482422,276186
2025-04-04 19:25:00+00:00,76.5199966430664,77.01000213623047,76.47000122070312,76.90499877929688,312804
2025-04-04 19:30:00+00:00,77.8499984741211,77.8499984741211,76.2699966430664,76.51000213623047,322847
2025-04-04 19:35:00+00:00,77.66000366210938,78.2699966430664,77.62999725341797,77.81999969482422,441687
2025-04-04 19:40:00+00:00,77.44499969482422,77.87000274658203,77.09500122070312,77.66000366210938,392954
2025-04-04 19:45:00+00:00,76.66000366210938,77.55999755859375,76.44999694824219,77.44000244140625,785361
2025-04-04 19:50:00+00:00,76.125,76.69999694824219,75.95010375976562,76.66000366210938,607946
2025-04-04 19:55:00+00:00,76.87999725341797,77.33999633789062,75.44999694824219,76.06999969482422,2519114
2025-04-07 13:30:00+00:00,72.23500061035156,72.81500244140625,70.0,70.06430053710938,1360656
2025-04-07 13:35:00+00:00,72.04499816894531,72.33999633789062,71.1500015258789,72.33999633789062,551456
2025-04-07 13:40:00+00:00,71.26000213623047,72.18000030517578,70.7699966430664,72.04499816894531,778236
2025-04-07 13:45:00+00:00,72.41000366210938,72.77999877929688,70.55000305175781,71.30999755859375,385901
2025-04-07 13:50:00+00:00,74.43499755859375,74.81999969482422,72.4000015258789,72.40499877929688,522373
2025-04-07 13:55:00+00:00,75.01000213623047,75.26000213623047,74.12000274658203,74.41999816894531,258099
2025-04-07 14:00:00+00:00,75.37000274658203,75.79000091552734,74.70999908447266,74.97000122070312,463793
2025-04-07 14:05:00+00:00,75.9000015258789,76.16999816894531,75.36329650878906,75.41000366210938,264134
2025-04-07 14:10:00+00:00,80.45999908447266,81.5999984741211,75.80960083007812,75.84500122070312,779019
2025-04-07 14:15:00+00:00,81.4800033569336,83.47000122070312,80.36499786376953,80.47000122070312,893568
2025-04-07 14:20:00+00:00,77.83000183105469,81.45999908447266,77.46499633789062,81.30999755859375,680918
2025-04-07 14:25:00+00:00,76.70999908447266,79.07499694824219,76.48999786376953,77.8499984741211,518067
2025-04-07 14:30:00+00:00,77.67050170898438,79.75,76.55570220947266,76.86000061035156,427470
2025-04-07 14:35:00+00:00,75.80500030517578,78.05000305175781,75.70999908447266,77.81999969482422,559454
2025-04-07 14:40:00+00:00,78.21499633789062,78.25,75.62999725341797,75.80500030517578,342113
2025-04-07 14:45:00+00:00,78.59500122070312,79.0,77.81999969482422,78.21499633789062,357090
2025-04-07 14:50:00+00:00,80.93000030517578,81.01000213623047,78.37000274658203,78.6050033569336,353223
2025-04-07 14:55:00+00:00,79.80999755859375,80.98999786376953,79.56999969482422,80.98999786376953,365803
2025-04-07 15:00:00+00:00,80.26000213623047,80.98999786376953,79.4719009399414,79.79000091552734,296187
2025-04-07 15:05:00+00:00,78.58999633789062,80.47000122070312,78.51000213623047,80.23999786376953,310646
2025-04-07 15:10:00+00:00,77.91000366210938,79.94000244140625,77.62000274658203,78.52999877929688,260360
2025-04-07 15:15:00+00:00,77.71499633789062,78.2699966430664,77.01010131835938,77.93000030517578,274984
2025-04-07 15:20:00+00:00,76.59500122070312,78.55000305175781,76.2699966430664,77.70500183105469,348896
2025-04-07 15:25:00+00:00,76.12000274658203,76.9000015258789,76.02999877929688,76.61000061035156,272924
2025-04-07 15:30:00+00:00,76.8499984741211,77.0,76.125,76.125,236797
2025-04-07 15:35:00+00:00,77.7300033569336,78.05829620361328,76.8499984741211,76.91500091552734,169577
2025-04-07 15:40:00+00:00,78.66500091552734,78.88999938964844,77.59500122070312,77.63999938964844,201455
2025-04-07 15:45:00+00:00,78.0,78.66000366210938,77.7300033569336,78.66000366210938,157084
2025-04-07 15:50:00+00:00,77.2300033569336,78.31500244140625,77.07009887695312,77.98999786376953,156474
2025-04-07 15:55:00+00:00,77.16999816894531,77.59500122070312,77.08999633789062,77.21009826660156,112822
2025-04-07 16:00:00+00:00,76.92259979248047,77.20999908447266,76.79010009765625,77.0999984741211,94375
2025-04-07 16:05:00+00:00,76.3949966430664,76.9800033569336,76.33000183105469,76.9800033569336,82942
2025-04-07 16:10:00+00:00,76.75,77.08000183105469,76.12999725341797,76.33999633789062,104215
2025-04-07 16:15:00+00:00,77.08999633789062,77.12000274658203,76.41999816894531,76.68000030517578,158521
2025-04-07 16:20:00+00:00,77.67960357666016,77.88500213623047,76.4800033569336,77.0999984741211,125485
2025-04-07 16:25:00+00:00,78.20999908447266,78.45989990234375,77.74500274658203,77.74500274658203,120957
2025-04-07 16:30:00+00:00,78.63500213623047,78.69000244140625,78.08999633789062,78.26000213623047,96434
2025-04-07 16:35:00+00:00,78.0999984741211,78.63500213623047,78.0199966430664,78.63500213623047,102610
2025-04-07 16:40:00+00:00,77.43000030517578,78.2249984741211,77.23999786376953,78.08000183105469,103543
2025-04-07 16:45:00+00:00,77.16999816894531,77.40670013427734,76.86000061035156,77.36499786376953,189114
2025-04-07 16:50:00+00:00,77.37999725341797,77.4800033569336,76.7301025390625,77.20999908447266,144701
2025-04-07 16:55:00+00:00,76.94200134277344,77.41000366210938,76.69999694824219,77.31999969482422,165980
2025-04-07 17:00:00+00:00,77.41000366210938,79.08000183105469,76.88999938964844,76.94000244140625,290212
2025-04-07 17:05:00+00:00,77.80999755859375,78.01000213623047,77.27999877929688,77.38500213623047,146291
2025-04-07 17:10:00+00:00,79.23490142822266,79.23490142822266,77.60009765625,77.81999969482422,185411
2025-04-07 17:15:00+00:00,79.56999969482422,79.69999694824219,78.84500122070312,79.20500183105469,181377
2025-04-07 17:20:00+00:00,79.51000213623047,79.75,79.19000244140625,79.5999984741211,263927
2025-04-07 17:25:00+00:00,80.19000244140625,80.19000244140625,79.30000305175781,79.5199966430664,219696
2025-04-07 17:30:00+00:00,79.52249908447266,80.18000030517578,79.10009765625,80.16999816894531,353772
2025-04-07 17:35:00+00:00,80.19499969482422,80.20999908447266,79.20010375976562,79.56999969482422,158058
2025-04-07 17:40:00+00:00,80.76000213623047,80.83999633789062,79.58000183105469,80.19000244140625,238678
2025-04-07 17:45:00+00:00,80.69999694824219,81.37000274658203,80.36000061035156,80.76000213623047,285540
2025-04-07 17:50:00+00:00,80.61129760742188,80.87999725341797,80.0000991821289,80.69999694824219,297626
2025-04-07 17:55:00+00:00,80.58499908447266,80.68389892578125,80.13999938964844,80.4749984741211,189850
2025-04-07 18:00:00+00:00,80.15619659423828,80.77999877929688,79.94499969482422,80.58999633789062,202757
2025-04-07 18:05:00+00:00,79.8855972290039,80.1500015258789,79.55010223388672,80.1500015258789,177957
2025-04-07 18:10:00+00:00,79.48999786376953,80.18000030517578,79.23149871826172,79.82499694824219,115818
2025-04-07 18:15:00+00:00,80.3499984741211,80.51000213623047,79.36250305175781,79.48500061035156,155693
2025-04-07 18:20:00+00:00,80.1050033569336,80.45999908447266,79.62999725341797,80.33999633789062,156969
2025-04-07 18:25:00+00:00,78.62999725341797,80.0999984741211,78.52999877929688,80.01010131835938,119177
2025-04-07 18:30:00+00:00,79.27999877929688,79.32990264892578,78.43000030517578,78.62999725341797,205466
2025-04-07 18:35:00+00:00,79.69999694824219,79.9000015258789,79.22000122070312,79.2699966430664,134610
2025-04-07 18:40:00+00:00,79.2699966430664,80.0,79.26000213623047,79.67500305175781,127976
2025-04-07 18:45:00+00:00,79.30000305175781,79.4885025024414,78.89009857177734,79.22000122070312,136245
2025-04-07 18:50:00+00:00,78.62000274658203,79.37999725341797,78.54000091552734,79.30000305175781,165819
2025-04-07 18:55:00+00:00,78.30000305175781,78.73999786376953,78.11000061035156,78.63999938964844,126952
2025-04-07 19:00:00+00:00,78.54499816894531,79.20999908447266,78.25250244140625,78.30000305175781,195954
2025-04-07 19:05:00+00:00,78.28520202636719,78.69000244140625,78.16000366210938,78.52999877929688,139261
2025-04-07 19:10:00+00:00,78.51499938964844,78.55000305175781,78.13999938964844,78.23500061035156,134689
2025-04-07 19:15:00+00:00,79.21499633789062,79.3499984741211,78.18099975585938,78.4800033569336,196178
2025-04-07 19:20:00+00:00,78.87999725341797,79.36499786376953,78.77999877929688,79.23999786376953,136476
2025-04-07 19:25:00+00:00,78.36009979248047,79.05000305175781,78.36009979248047,78.91000366210938,140836
2025-04-07 19:30:00+00:00,79.53600311279297,79.83000183105469,78.36000061035156,78.38999938964844,194543
2025-04-07 19:35:00+00:00,78.91999816894531,79.73989868164062,78.91000366210938,79.56999969482422,315973
2025-04-07 19:40:00+00:00,77.91000366210938,78.98290252685547,77.91000366210938,78.94000244140625,259851
2025-04-07 19:45:00+00:00,78.38999938964844,78.5,77.87000274658203,77.87999725341797,337476
2025-04-07 19:50:00+00:00,78.73999786376953,78.83000183105469,78.0801010131836,78.3499984741211,491788
2025-04-07 19:55:00+00:00,78.8499984741211,79.0199966430664,78.44000244140625,78.7699966430664,811457
2025-04-08 13:30:00+00:00,83.8499984741211,85.0,83.3499984741211,83.98999786376953,1102962
2025-04-08 13:35:00+00:00,84.33000183105469,84.54959869384766,83.19000244140625,83.91000366210938,513733
2025-04-08 13:40:00+00:00,84.51499938964844,84.77999877929688,83.71179962158203,84.34500122070312,404435
2025-04-08 13:45:00+00:00,83.94000244140625,85.2698974609375,83.93000030517578,84.51499938964844,313716
2025-04-08 13:50:00+00:00,84.6500015258789,84.75,83.58999633789062,84.01000213623047,322171
2025-04-08 13:55:00+00:00,84.96009826660156,85.41000366210938,84.51000213623047,84.6500015258789,231397
2025-04-08 14:00:00+00:00,85.97000122070312,85.9884033203125,84.7699966430664,84.95999908447266,300244
2025-04-08 14:05:00+00:00,84.9655990600586,86.36000061035156,84.68000030517578,85.86000061035156,337343
2025-04-08 14:10:00+00:00,85.73500061035156,85.84559631347656,84.46499633789062,84.9800033569336,310064
2025-04-08 14:15:00+00:00,85.55500030517578,85.83000183105469,85.20999908447266,85.75,360122
2025-04-08 14:20:00+00:00,85.05500030517578,85.91999816894531,85.05500030517578,85.55500030517578,211728
2025-04-08 14:25:00+00:00,84.73600006103516,85.16000366210938,84.66999816894531,85.08000183105469,196673
2025-04-08 14:30:00+00:00,84.77999877929688,84.94999694824219,84.1500015258789,84.75,309975
2025-04-08 14:35:00+00:00,84.66500091552734,84.80999755859375,84.23999786376953,84.76499938964844,164891
2025-04-08 14:40:00+00:00,83.54000091552734,84.70999908447266,83.54000091552734,84.66500091552734,326035
2025-04-08 14:45:00+00:00,83.47000122070312,83.98999786376953,83.16000366210938,83.57499694824219,190638
2025-04-08 14:50:00+00:00,82.91000366210938,83.51000213623047,82.83999633789062,83.5,216909
2025-04-08 14:55:00+00:00,82.2300033569336,82.94999694824219,82.19000244140625,82.91000366210938,207548
2025-04-08 15:00:00+00:00,82.87999725341797,82.88999938964844,82.2249984741211,82.2300033569336,238141
2025-04-08 15:05:00+00:00,82.13999938964844,82.91000366210938,81.87999725341797,82.86000061035156,152596
2025-04-08 15:10:00+00:00,81.69999694824219,82.28990173339844,81.5259017944336,82.23750305175781,199646
2025-04-08 15:15:00+00:00,81.58499908447266,81.8499984741211,81.16999816894531,81.65499877929688,136907
2025-04-08 15:20:00+00:00,81.21499633789062,81.81990051269531,81.06999969482422,81.58000183105469,184160
2025-04-08 15:25:00+00:00,81.27249908447266,81.41999816894531,81.08999633789062,81.18000030517578,174910
2025-04-08 15:30:00+00:00,81.90499877929688,82.01000213623047,81.29000091552734,81.30000305175781,215088
2025-04-08 15:35:00+00:00,81.8949966430664,82.08000183105469,81.58000183105469,81.91000366210938,228530
2025-04-08 15:40:00+00:00,81.69499969482422,82.11000061035156,81.69000244140625,81.8949966430664,155500
2025-04-08 15:45:00+00:00,81.58499908447266,82.31999969482422,81.45999908447266,81.73989868164062,187529
2025-04-08 15:50:00+00:00,80.94499969482422,81.59500122070312,80.58499908447266,81.59500122070312,223131
2025-04-08 15:55:00+00:00,81.43499755859375,81.44000244140625,80.88500213623047,81.0,96543
2025-04-08 16:00:00+00:00,81.29000091552734,81.37000274658203,81.05000305175781,81.26000213623047,207559
2025-04-08 16:05:00+00:00,81.06999969482422,81.5250015258789,80.98500061035156,81.30500030517578,90913
2025-04-08 16:10:00+00:00,80.9480972290039,81.5999984741211,80.93000030517578,81.06999969482422,75149
2025-04-08 16:15:00+00:00,80.30999755859375,80.95999908447266,80.22000122070312,80.9000015258789,188820
2025-04-08 16:20:00+00:00,79.87000274658203,80.44000244140625,79.73999786376953,80.30500030517578,170684
2025-04-08 16:25:00+00:00,80.04000091552734,80.1449966430664,79.5999984741211,79.87000274658203,158521
2025-04-08 16:30:00+00:00,79.54000091552734,80.20999908447266,79.2699966430664,80.0000991821289,279206
2025-04-08 16:35:00+00:00,78.375,79.76000213623047,78.27999877929688,79.55000305175781,548983
2025-04-08 16:40:00+00:00,78.69000244140625,78.7699966430664,77.86499786376953,78.3499984741211,297307
2025-04-08 16:45:00+00:00,79.56500244140625,79.98999786376953,78.5199966430664,78.69000244140625,313228
2025-04-08 16:50:00+00:00,79.20490264892578,79.67980194091797,79.20490264892578,79.61000061035156,225016
2025-04-08 16:55:00+00:00,78.87000274658203,79.48999786376953,78.68000030517578,79.23500061035156,185809
2025-04-08 17:00:00+00:00,78.87999725341797,79.19000244140625,78.72000122070312,78.87000274658203,140384
2025-04-08 17:05:00+00:00,78.1677017211914,79.29810333251953,78.05000305175781,78.95999908447266,166349
2025-04-08 17:10:00+00:00,78.23999786376953,78.40750122070312,77.72859954833984,78.18499755859375,316554
2025-04-08 17:15:00+00:00,78.63999938964844,78.98799896240234,78.2300033569336,78.2300033569336,180799
2025-04-08 17:20:00+00:00,78.48999786376953,78.7699966430664,78.26000213623047,78.5999984741211,104856
2025-04-08 17:25:00+00:00,78.06500244140625,78.6500015258789,78.02999877929688,78.43000030517578,118620
2025-04-08 17:30:00+00:00,77.87999725341797,78.25,77.79000091552734,78.04000091552734,133967
2025-04-08 17:35:00+00:00,78.59639739990234,78.69000244140625,77.83999633789062,77.88999938964844,284104
2025-04-08 17:40:00+00:00,79.41000366210938,79.68000030517578,78.52999877929688,78.52999877929688,213753
2025-04-08 17:45:00+00:00,78.83499908447266,79.4800033569336,78.69499969482422,79.4800033569336,89211
2025-04-08 17:50:00+00:00,78.94999694824219,79.23970031738281,78.55999755859375,78.80500030517578,106012
2025-04-08 17:55:00+00:00,79.12000274658203,79.36000061035156,78.9749984741211,78.98999786376953,112533
2025-04-08 18:00:00+00:00,78.73500061035156,79.22000122070312,78.66000366210938,79.22000122070312,73773
2025-04-08 18:05:00+00:00,78.51000213623047,78.77999877929688,78.36000061035156,78.77999877929688,93529
2025-04-08 18:10:00+00:00,78.37000274658203,78.70999908447266,78.25,78.56999969482422,93197
2025-04-08 18:15:00+00:00,78.86990356445312,78.9000015258789,78.31009674072266,78.3499984741211,132193
2025-04-08 18:20:00+00:00,78.56999969482422,78.875,78.38999938964844,78.87000274658203,88548
2025-04-08 18:25:00+00:00,77.6500015258789,78.61000061035156,77.56999969482422,78.5999984741211,157124
2025-04-08 18:30:00+00:00,78.13999938964844,79.20999908447266,77.6500015258789,77.66999816894531,260060
2025-04-08 18:35:00+00:00,77.70999908447266,78.18499755859375,77.6500015258789,78.16000366210938,127137
2025-04-08 18:40:00+00:00,77.36000061035156,77.78700256347656,77.35189819335938,77.75,158469
2025-04-08 18:45:00+00:00,77.79139709472656,77.92060089111328,77.37999725341797,77.40499877929688,153333
2025-04-08 18:50:00+00:00,77.59500122070312,77.81999969482422,77.44000244140625,77.77749633789062,178925
2025-04-08 18:55:00+00:00,77.55999755859375,77.68000030517578,77.25,77.60749816894531,229632
2025-04-08 19:00:00+00:00,76.98249816894531,77.81999969482422,76.9000015258789,77.55999755859375,165304
2025-04-08 19:05:00+00:00,76.55999755859375,77.17140197753906,76.54000091552734,77.0199966430664,185576
2025-04-08 19:10:00+00:00,76.12010192871094,76.80999755859375,76.12010192871094,76.63999938964844,136883
2025-04-08 19:15:00+00:00,75.80500030517578,76.26000213623047,75.62000274658203,76.18000030517578,213658
2025-04-08 19:20:00+00:00,76.5,76.61990356445312,75.77999877929688,75.84300231933594,223894
2025-04-08 19:25:00+00:00,76.61000061035156,76.91000366210938,76.43000030517578,76.50499725341797,205554
2025-04-08 19:30:00+00:00,76.04000091552734,76.62999725341797,75.80999755859375,76.55999755859375,191889
2025-04-08 19:35:00+00:00,75.38749694824219,76.08000183105469,75.2300033569336,76.08000183105469,233585
2025-04-08 19:40:00+00:00,75.47000122070312,76.01000213623047,75.30999755859375,75.41000366210938,228364
2025-04-08 19:45:00+00:00,75.53500366210938,75.77989959716797,75.2699966430664,75.5,305872
2025-04-08 19:50:00+00:00,76.97000122070312,77.11000061035156,75.58999633789062,75.58999633789062,557982
2025-04-08 19:55:00+00:00,77.12000274658203,77.1500015258789,76.52999877929688,76.88999938964844,765238
2025-04-09 13:30:00+00:00,78.0,78.45999908447266,75.15029907226562,75.15029907226562,1265413
2025-04-09 13:35:00+00:00,77.59500122070312,78.08499908447266,76.20099639892578,78.0,444797
2025-04-09 13:40:00+00:00,76.51000213623047,78.19999694824219,76.42500305175781,77.62999725341797,352460
2025-04-09 13:45:00+00:00,77.68499755859375,77.76000213623047,76.44499969482422,76.44499969482422,176230
2025-04-09 13:50:00+00:00,78.22000122070312,78.39640045166016,77.5199966430664,77.76000213623047,220137
2025-04-09 13:55:00+00:00,77.83999633789062,78.61000061035156,77.7654037475586,78.20999908447266,210147
2025-04-09 14:00:00+00:00,78.18000030517578,78.83000183105469,77.87999725341797,78.48999786376953,176686
2025-04-09 14:05:00+00:00,77.45999908447266,78.13999938964844,77.45999908447266,78.1050033569336,164427
2025-04-09 14:10:00+00:00,76.8313980102539,78.05999755859375,76.7699966430664,77.43000030517578,122937
2025-04-09 14:15:00+00:00,77.73999786376953,77.90499877929688,76.88500213623047,76.88500213623047,148797
2025-04-09 14:20:00+00:00,77.58999633789062,78.0199966430664,77.29010009765625,77.73999786376953,161297
2025-04-09 14:25:00+00:00,77.62999725341797,77.69000244140625,77.12999725341797,77.62550354003906,89732
2025-04-09 14:30:00+00:00,78.70999908447266,78.72000122070312,77.55999755859375,77.62999725341797,128079
2025-04-09 14:35:00+00:00,77.88999938964844,78.87000274658203,77.7249984741211,78.72000122070312,131940
2025-04-09 14:40:00+00:00,77.51499938964844,77.83000183105469,77.4000015258789,77.83000183105469,110200
2025-04-09 14:45:00+00:00,76.7699966430664,77.5999984741211,76.69000244140625,77.55000305175781,307873
2025-04-09 14:50:00+00:00,75.62999725341797,76.80000305175781,75.38999938964844,76.77999877929688,253035
2025-04-09 14:55:00+00:00,74.9749984741211,75.77999877929688,74.87999725341797,75.62000274658203,192995
2025-04-09 15:00:00+00:00,75.44999694824219,75.53949737548828,74.68000030517578,74.87000274658203,406749
2025-04-09 15:05:00+00:00,75.88999938964844,76.3550033569336,75.2833023071289,75.41000366210938,201611
2025-04-09 15:10:00+00:00,75.87999725341797,76.30000305175781,75.80999755859375,75.875,186172
2025-04-09 15:15:00+00:00,76.12999725341797,76.62999725341797,75.87999725341797,75.87999725341797,294322
2025-04-09 15:20:00+00:00,76.91000366210938,76.94999694824219,76.12000274658203,76.1449966430664,124966
2025-04-09 15:25:00+00:00,76.08999633789062,76.94000244140625,76.08999633789062,76.91000366210938,170235
2025-04-09 15:30:00+00:00,76.13999938964844,76.43409729003906,75.69999694824219,76.12999725341797,156118
2025-04-09 15:35:00+00:00,75.52999877929688,76.27999877929688,75.51000213623047,76.0999984741211,123062
2025-04-09 15:40:00+00:00,75.16000366210938,75.7300033569336,75.04000091552734,75.54000091552734,117477
2025-04-09 15:45:00+00:00,75.68000030517578,76.0999984741211,75.23999786376953,75.26000213623047,122441
2025-04-09 15:50:00+00:00,75.49500274658203,75.77999877929688,75.36000061035156,75.67500305175781,82365
2025-04-09 15:55:00+00:00,75.20999908447266,75.58000183105469,75.06500244140625,75.5,95510
2025-04-09 16:00:00+00:00,75.3499984741211,75.5593032836914,74.94000244140625,75.22000122070312,79046
2025-04-09 16:05:00+00:00,75.9000015258789,75.94219970703125,75.23999786376953,75.36499786376953,76748
2025-04-09 16:10:00+00:00,76.47000122070312,76.5999984741211,75.80999755859375,75.90499877929688,162175
2025-04-09 16:15:00+00:00,76.43000030517578,76.58999633789062,76.23999786376953,76.4749984741211,80579
2025-04-09 16:20:00+00:00,76.0999984741211,76.43000030517578,76.06999969482422,76.3949966430664,55535
2025-04-09 16:25:00+00:00,76.125,76.41999816894531,76.04000091552734,76.05999755859375,76282
2025-04-09 16:30:00+00:00,76.33999633789062,76.33999633789062,76.0199966430664,76.0999984741211,65068
2025-04-09 16:35:00+00:00,76.44999694824219,76.58999633789062,76.22000122070312,76.41899871826172,66179
2025-04-09 16:40:00+00:00,76.41000366210938,76.50499725341797,76.23999786376953,76.37999725341797,48928
2025-04-09 16:45:00+00:00,76.41000366210938,76.44999694824219,76.19999694824219,76.41000366210938,75873
2025-04-09 16:50:00+00:00,76.62000274658203,76.62999725341797,76.1500015258789,76.42500305175781,107083
2025-04-09 16:55:00+00:00,76.77999877929688,76.98999786376953,76.58999633789062,76.5999984741211,114433
2025-04-09 17:00:00+00:00,77.99500274658203,78.08999633789062,76.7301025390625,76.7750015258789,274886
2025-04-09 17:05:00+00:00,77.26000213623047,78.04959869384766,77.1500015258789,78.0250015258789,171675
2025-04-09 17:10:00+00:00,77.49500274658203,77.55000305175781,77.0199966430664,77.26000213623047,154595
2025-04-09 17:15:00+00:00,78.8499984741211,79.04000091552734,76.30999755859375,77.50499725341797,541412
2025-04-09 17:20:00+00:00,83.11000061035156,83.25,78.12000274658203,78.68000030517578,1470018
2025-04-09 17:25:00+00:00,83.69660186767578,86.26000213623047,83.0999984741211,83.13500213623047,1289219
2025-04-09 17:30:00+00:00,85.4749984741211,85.5,83.26000213623047,83.72000122070312,866271
2025-04-09 17:35:00+00:00,84.97000122070312,87.18000030517578,84.97000122070312,85.46199798583984,846319
2025-04-09 17:40:00+00:00,85.47000122070312,86.43499755859375,84.5999984741211,84.94000244140625,559660
2025-04-09 17:45:00+00:00,86.85790252685547,87.30000305175781,85.06999969482422,85.69999694824219,439793
2025-04-09 17:50:00+00:00,87.56999969482422,87.56999969482422,86.04000091552734,86.76000213623047,363759
2025-04-09 17:55:00+00:00,88.5250015258789,88.91999816894531,86.8324966430664,87.57990264892578,409858
2025-04-09 18:00:00+00:00,90.55500030517578,91.13999938964844,88.5999984741211,88.5999984741211,554190
2025-04-09 18:05:00+00:00,90.69000244140625,91.00499725341797,89.86000061035156,90.58999633789062,831650
2025-04-09 18:10:00+00:00,91.12999725341797,92.0,89.7300033569336,90.61000061035156,528143
2025-04-09 18:15:00+00:00,90.76000213623047,91.9800033569336,90.37000274658203,91.16999816894531,568070
2025-04-09 18:20:00+00:00,92.7249984741211,93.4749984741211,90.33689880371094,90.76000213623047,457848
2025-04-09 18:25:00+00:00,93.19000244140625,93.47000122070312,92.33000183105469,92.7300033569336,312219
2025-04-09 18:30:00+00:00,92.61000061035156,94.13999938964844,92.41999816894531,93.13999938964844,333739
2025-04-09 18:35:00+00:00,93.4000015258789,93.83999633789062,92.58000183105469,92.62000274658203,478953
2025-04-09 18:40:00+00:00,90.52999877929688,93.41500091552734,90.2699966430664,93.41500091552734,425187
2025-04-09 18:45:00+00:00,90.33000183105469,91.0,90.01589965820312,90.5999984741211,396315
2025-04-09 18:50:00+00:00,90.23999786376953,91.1500015258789,89.9000015258789,90.33000183105469,285264
2025-04-09 18:55:00+00:00,89.09500122070312,90.4000015258789,89.0,90.2300033569336,260644
2025-04-09 19:00:00+00:00,89.88999938964844,89.95999908447266,88.5999984741211,89.09500122070312,225307
2025-04-09 19:05:00+00:00,89.20999908447266,90.30999755859375,88.83000183105469,89.90869903564453,287201
2025-04-09 19:10:00+00:00,90.54000091552734,90.62999725341797,89.20999908447266,89.30999755859375,266456
2025-04-09 19:15:00+00:00,90.97000122070312,90.97000122070312,89.94999694824219,90.56999969482422,256196
2025-04-09 19:20:00+00:00,90.63999938964844,91.33999633789062,90.55670166015625,90.94000244140625,302551
2025-04-09 19:25:00+00:00,90.7249984741211,90.97000122070312,90.4000015258789,90.66000366210938,285483
2025-04-09 19:30:00+00:00,91.05999755859375,91.0999984741211,90.41000366210938,90.72000122070312,303685
2025-04-09 19:35:00+00:00,91.23999786376953,91.27909851074219,90.51000213623047,91.0199966430664,356223
2025-04-09 19:40:00+00:00,91.42500305175781,91.55999755859375,91.0,91.19000244140625,343514
2025-04-09 19:45:00+00:00,91.63500213623047,91.80000305175781,90.9000015258789,91.42500305175781,401463
2025-04-09 19:50:00+00:00,90.87999725341797,92.0,90.77999877929688,91.66999816894531,691725
2025-04-09 19:55:00+00:00,91.41000366210938,91.69000244140625,90.63999938964844,90.88999938964844,1678598
2025-04-10 13:30:00+00:00,85.87750244140625,87.39700317382812,85.0,87.23999786376953,841014
2025-04-10 13:35:00+00:00,85.18000030517578,86.16999816894531,84.45500183105469,85.875,418069
2025-04-10 13:40:00+00:00,84.99500274658203,85.77040100097656,84.9000015258789,85.08000183105469,214493
2025-04-10 13:45:00+00:00,85.43499755859375,85.91000366210938,84.76000213623047,84.99500274658203,212375
2025-04-10 13:50:00+00:00,84.62000274658203,85.83000183105469,84.33499908447266,85.37000274658203,261452
2025-04-10 13:55:00+00:00,83.63500213623047,84.7699966430664,83.62999725341797,84.55999755859375,266427
2025-04-10 14:00:00+00:00,84.46499633789062,84.79499816894531,83.3499984741211,83.5999984741211,335972
2025-04-10 14:05:00+00:00,85.05500030517578,85.41999816894531,84.37999725341797,84.45999908447266,271359
2025-04-10 14:10:00+00:00,84.27999877929688,85.0999984741211,83.8499984741211,85.0999984741211,239383
2025-04-10 14:15:00+00:00,84.80500030517578,85.12000274658203,84.23999786376953,84.33000183105469,186330
2025-04-10 14:20:00+00:00,85.76589965820312,85.81999969482422,84.75,84.7699966430664,177284
2025-04-10 14:25:00+00:00,85.19999694824219,86.01000213623047,85.19000244140625,85.66999816894531,147334
2025-04-10 14:30:00+00:00,85.91999816894531,86.19000244140625,85.27999877929688,85.27999877929688,198058
2025-04-10 14:35:00+00:00,85.83899688720703,86.0199966430664,85.5999984741211,85.8499984741211,132408
2025-04-10 14:40:00+00:00,85.66000366210938,86.466796875,85.5999984741211,85.81999969482422,160797
2025-04-10 14:45:00+00:00,85.63999938964844,86.04000091552734,85.45999908447266,85.72000122070312,199438
2025-04-10 14:50:00+00:00,86.1500015258789,86.23999786376953,85.4000015258789,85.68000030517578,144930
2025-04-10 14:55:00+00:00,85.3949966430664,86.2699966430664,85.29000091552734,86.1500015258789,163306
2025-04-10 15:00:00+00:00,85.54499816894531,85.62999725341797,85.12000274658203,85.43000030517578,151950
2025-04-10 15:05:00+00:00,86.0,86.16999816894531,85.42500305175781,85.5999984741211,162677
2025-04-10 15:10:00+00:00,85.06999969482422,86.02999877929688,84.94999694824219,85.9749984741211,156615
2025-04-10 15:15:00+00:00,85.12860107421875,85.2300033569336,84.77799987792969,85.11000061035156,146483
2025-04-10 15:20:00+00:00,84.875,85.29000091552734,84.69999694824219,85.16500091552734,135356
2025-04-10 15:25:00+00:00,84.43000030517578,85.06999969482422,84.36000061035156,84.88999938964844,125470
2025-04-10 15:30:00+00:00,84.41000366210938,84.56999969482422,83.87999725341797,84.43000030517578,150603
2025-04-10 15:35:00+00:00,84.0,84.52999877929688,83.94000244140625,84.41000366210938,147127
2025-04-10 15:40:00+00:00,84.16000366210938,84.54000091552734,84.02749633789062,84.02749633789062,118754
2025-04-10 15:45:00+00:00,83.6500015258789,84.30999755859375,83.62999725341797,84.19999694824219,126448
2025-04-10 15:50:00+00:00,83.58999633789062,83.7300033569336,82.8915023803711,83.66999816894531,251043
2025-04-10 15:55:00+00:00,82.84500122070312,83.9000015258789,82.5999984741211,83.6675033569336,138701
2025-04-10 16:00:00+00:00,82.33000183105469,83.3499984741211,82.31999969482422,82.85749816894531,203167
2025-04-10 16:05:00+00:00,83.0886001586914,83.36000061035156,82.37999725341797,82.4000015258789,212184
2025-04-10 16:10:00+00:00,82.51499938964844,83.19999694824219,82.41999816894531,83.0999984741211,127093
2025-04-10 16:15:00+00:00,82.33999633789062,82.55000305175781,82.08000183105469,82.55000305175781,175003
2025-04-10 16:20:00+00:00,82.1604995727539,82.47000122070312,81.56839752197266,82.33999633789062,272624
2025-04-10 16:25:00+00:00,82.08000183105469,82.2699966430664,81.38719940185547,82.19000244140625,312635
2025-04-10 16:30:00+00:00,82.29000091552734,82.5199966430664,81.88999938964844,82.11000061035156,342164
2025-04-10 16:35:00+00:00,82.79000091552734,83.04000091552734,82.07499694824219,82.27100372314453,227275
2025-04-10 16:40:00+00:00,82.76750183105469,82.83619689941406,82.26000213623047,82.80999755859375,229529
2025-04-10 16:45:00+00:00,82.9800033569336,83.13999938964844,82.33999633789062,82.83000183105469,193522
2025-04-10 16:50:00+00:00,82.80000305175781,83.22000122070312,82.62000274658203,83.0,212742
2025-04-10 16:55:00+00:00,83.05000305175781,83.12999725341797,82.72000122070312,82.7750015258789,159330
2025-04-10 17:00:00+00:00,83.5,84.07830047607422,82.69000244140625,83.05000305175781,224508
2025-04-10 17:05:00+00:00,83.05999755859375,83.33000183105469,82.87750244140625,83.29000091552734,146775
2025-04-10 17:10:00+00:00,82.34500122070312,83.12000274658203,82.20999908447266,83.05500030517578,127770
2025-04-10 17:15:00+00:00,82.56999969482422,82.56999969482422,82.0999984741211,82.33999633789062,126449
2025-04-10 17:20:00+00:00,82.7300033569336,82.83000183105469,82.04000091552734,82.56999969482422,106505
2025-04-10 17:25:00+00:00,83.6500015258789,83.6500015258789,82.66999816894531,82.7249984741211,100392
2025-04-10 17:30:00+00:00,83.625,83.76000213623047,83.4000015258789,83.61000061035156,83114
2025-04-10 17:35:00+00:00,83.53500366210938,83.91000366210938,83.47000122070312,83.58000183105469,113462
2025-04-10 17:40:00+00:00,84.23999786376953,84.30000305175781,83.46499633789062,83.53500366210938,97131
2025-04-10 17:45:00+00:00,84.15499877929688,84.75,84.02140045166016,84.21499633789062,118415
2025-04-10 17:50:00+00:00,85.06999969482422,85.08000183105469,84.15499877929688,84.15499877929688,143415
2025-04-10 17:55:00+00:00,85.12999725341797,85.55999755859375,85.05500030517578,85.08499908447266,185978
2025-04-10 18:00:00+00:00,85.65450286865234,85.77999877929688,85.01010131835938,85.12999725341797,147026
2025-04-10 18:05:00+00:00,84.12000274658203,85.62999725341797,84.10169982910156,85.56999969482422,142733
2025-04-10 18:10:00+00:00,83.74500274658203,84.30000305175781,83.74019622802734,84.16000366210938,129188
2025-04-10 18:15:00+00:00,84.33999633789062,84.38999938964844,83.54000091552734,83.69999694824219,103300
2025-04-10 18:20:00+00:00,85.2300033569336,85.57890319824219,84.33499908447266,84.33999633789062,118086
2025-04-10 18:25:00+00:00,85.88890075683594,86.11000061035156,85.08999633789062,85.16999816894531,186909
2025-04-10 18:30:00+00:00,85.88999938964844,86.44499969482422,85.80999755859375,85.91999816894531,264582
2025-04-10 18:35:00+00:00,85.66000366210938,85.91500091552734,85.38919830322266,85.88099670410156,148001
2025-04-10 18:40:00+00:00,86.08000183105469,86.19000244140625,85.44999694824219,85.69000244140625,89490
2025-04-10 18:45:00+00:00,85.08170318603516,86.08999633789062,84.86000061035156,86.08999633789062,130851
2025-04-10 18:50:00+00:00,84.71499633789062,85.54000091552734,84.7125015258789,85.11499786376953,94765
2025-04-10 18:55:00+00:00,85.125,85.30999755859375,84.48999786376953,84.70500183105469,116531
2025-04-10 19:00:00+00:00,85.56999969482422,85.86250305175781,84.80000305175781,85.12000274658203,147661
2025-04-10 19:05:00+00:00,84.38500213623047,85.66000366210938,84.31999969482422,85.56999969482422,150590
2025-04-10 19:10:00+00:00,84.67500305175781,84.80000305175781,84.30999755859375,84.38999938964844,170439
2025-04-10 19:15:00+00:00,84.91000366210938,85.05000305175781,84.29000091552734,84.67500305175781,176227
2025-04-10 19:20:00+00:00,84.88999938964844,85.21499633789062,84.62999725341797,84.91999816894531,162810
2025-04-10 19:25:00+00:00,84.05999755859375,85.37999725341797,84.05999755859375,84.87000274658203,191270
2025-04-10 19:30:00+00:00,84.63500213623047,85.06900024414062,84.05999755859375,84.08000183105469,265930
2025-04-10 19:35:00+00:00,84.02999877929688,84.72000122070312,83.99250030517578,84.55999755859375,246909
2025-04-10 19:40:00+00:00,83.20500183105469,84.11000061035156,83.08000183105469,84.01000213623047,286568
2025-04-10 19:45:00+00:00,83.38500213623047,83.62999725341797,83.05819702148438,83.20999908447266,339886
2025-04-10 19:50:00+00:00,84.54499816894531,84.58999633789062,83.36000061035156,83.36000061035156,486925
2025-04-10 19:55:00+00:00,84.62000274658203,84.83000183105469,83.80999755859375,84.50900268554688,666298
2025-04-11 13:30:00+00:00,81.96499633789062,85.20989990234375,81.4800033569336,84.9800033569336,674500
2025-04-11 13:35:00+00:00,81.7699966430664,82.3550033569336,80.5105972290039,81.96499633789062,495908
2025-04-11 13:40:00+00:00,81.65499877929688,82.71959686279297,81.06999969482422,81.7750015258789,762269
2025-04-11 13:45:00+00:00,81.28500366210938,82.36499786376953,80.93000030517578,81.65499877929688,504571
2025-04-11 13:50:00+00:00,81.91000366210938,82.22949981689453,81.08499908447266,81.30000305175781,399287
2025-04-11 13:55:00+00:00,81.76000213623047,82.23999786376953,81.4800033569336,81.88999938964844,404447
2025-04-11 14:00:00+00:00,80.31500244140625,81.92500305175781,79.83000183105469,81.69000244140625,556706
2025-04-11 14:05:00+00:00,81.12000274658203,81.62999725341797,80.1449966430664,80.2853012084961,403582
2025-04-11 14:10:00+00:00,80.4000015258789,81.33000183105469,80.18000030517578,81.16000366210938,196498
2025-04-11 14:15:00+00:00,79.43499755859375,81.19999694824219,79.37000274658203,80.36000061035156,291424
2025-04-11 14:20:00+00:00,79.0199966430664,79.68000030517578,78.5261001586914,79.5,382820
2025-04-11 14:25:00+00:00,78.2300033569336,79.26020050048828,78.20999908447266,79.0199966430664,305615
2025-04-11 14:30:00+00:00,79.5999984741211,79.61000061035156,78.0,78.22000122070312,418725
2025-04-11 14:35:00+00:00,79.73999786376953,79.74970245361328,79.24749755859375,79.61000061035156,248134
2025-04-11 14:40:00+00:00,80.27999877929688,80.3499984741211,79.48500061035156,79.71499633789062,289719
2025-04-11 14:45:00+00:00,80.58769989013672,80.87999725341797,80.20999908447266,80.23999786376953,241315
2025-04-11 14:50:00+00:00,80.07990264892578,80.48999786376953,79.87000274658203,80.48999786376953,188146
2025-04-11 14:55:00+00:00,79.57499694824219,80.06939697265625,79.51000213623047,79.97000122070312,126722
2025-04-11 15:00:00+00:00,79.80999755859375,80.73999786376953,79.41999816894531,79.56999969482422,196169
2025-04-11 15:05:00+00:00,79.875,79.93000030517578,79.26000213623047,79.80000305175781,544745
2025-04-11 15:10:00+00:00,79.77749633789062,79.93000030517578,79.44999694824219,79.88999938964844,247284
2025-04-11 15:15:00+00:00,79.67250061035156,80.0999984741211,79.58000183105469,79.7750015258789,231405
2025-04-11 15:20:00+00:00,79.83000183105469,79.91000366210938,79.54499816894531,79.62000274658203,223130
2025-04-11 15:25:00+00:00,80.08000183105469,80.1500015258789,79.6792984008789,79.83000183105469,324155
2025-04-11 15:30:00+00:00,80.57499694824219,80.5999984741211,79.91999816894531,80.0604019165039,228535
2025-04-11 15:35:00+00:00,80.9574966430664,80.9999008178711,80.30999755859375,80.57499694824219,309004
2025-04-11 15:40:00+00:00,81.36499786376953,81.37999725341797,80.7699966430664,80.95999908447266,225601
2025-04-11 15:45:00+00:00,81.48999786376953,81.94999694824219,81.37000274658203,81.37000274658203,209436
2025-04-11 15:50:00+00:00,81.29000091552734,81.55000305175781,80.94920349121094,81.5,159924
2025-04-11 15:55:00+00:00,81.45999908447266,81.62000274658203,81.2750015258789,81.31999969482422,83922
2025-04-11 16:00:00+00:00,81.58999633789062,81.58999633789062,81.15010070800781,81.4749984741211,128073
2025-04-11 16:05:00+00:00,81.50499725341797,81.88999938964844,81.43560028076172,81.56500244140625,123860
2025-04-11 16:10:00+00:00,81.67440032958984,81.94979858398438,81.4000015258789,81.50499725341797,125525
2025-04-11 16:15:00+00:00,81.37000274658203,81.76100158691406,81.3499984741211,81.71499633789062,142750
2025-04-11 16:20:00+00:00,81.28500366210938,81.59500122070312,81.25,81.37000274658203,139239
2025-04-11 16:25:00+00:00,81.01499938964844,81.2874984741211,80.94999694824219,81.2874984741211,189468
2025-04-11 16:30:00+00:00,81.80000305175781,81.91999816894531,80.94049835205078,81.0250015258789,192073
2025-04-11 16:35:00+00:00,82.58499908447266,82.71499633789062,81.83000183105469,81.83000183105469,139068
2025-04-11 16:40:00+00:00,82.67009735107422,82.76000213623047,82.16280364990234,82.56999969482422,182177
2025-04-11 16:45:00+00:00,82.91000366210938,82.94000244140625,82.37000274658203,82.70999908447266,131741
2025-04-11 16:50:00+00:00,82.91999816894531,83.0199966430664,82.65740203857422,82.9000015258789,125247
2025-04-11 16:55:00+00:00,82.61000061035156,82.95500183105469,82.5824966430664,82.8949966430664,78569
2025-04-11 17:00:00+00:00,82.69000244140625,82.79000091552734,82.4457015991211,82.66000366210938,99649
2025-04-11 17:05:00+00:00,82.54000091552734,82.97000122070312,82.37999725341797,82.68499755859375,108812
2025-04-11 17:10:00+00:00,82.29000091552734,82.54000091552734,82.16000366210938,82.54000091552734,121356
2025-04-11 17:15:00+00:00,82.08000183105469,82.43910217285156,81.9800033569336,82.29000091552734,179254
2025-04-11 17:20:00+00:00,82.08499908447266,82.44000244140625,81.8499984741211,82.04000091552734,115706
2025-04-11 17:25:00+00:00,81.97109985351562,82.19000244140625,81.9000015258789,82.11930084228516,108386
2025-04-11 17:30:00+00:00,82.375,82.38999938964844,81.8499984741211,82.06999969482422,104971
2025-04-11 17:35:00+00:00,82.80000305175781,82.80000305175781,82.0199966430664,82.38999938964844,69750
2025-04-11 17:40:00+00:00,83.36000061035156,83.43000030517578,82.7300033569336,82.80000305175781,115077
2025-04-11 17:45:00+00:00,83.73500061035156,83.75,83.10099792480469,83.41999816894531,179667
2025-04-11 17:50:00+00:00,84.19000244140625,84.44000244140625,83.55000305175781,83.69999694824219,187900
2025-04-11 17:55:00+00:00,84.66999816894531,84.66999816894531,84.0999984741211,84.1500015258789,337304
2025-04-11 18:00:00+00:00,84.38999938964844,84.83499908447266,84.02459716796875,84.66999816894531,180412
2025-04-11 18:05:00+00:00,83.70500183105469,84.55999755859375,83.66000366210938,84.38999938964844,144286
2025-04-11 18:10:00+00:00,83.76010131835938,84.07499694824219,83.45999908447266,83.70500183105469,124980
2025-04-11 18:15:00+00:00,83.52989959716797,83.89990234375,83.26920318603516,83.78500366210938,121961
2025-04-11 18:20:00+00:00,83.3550033569336,83.77999877929688,83.26000213623047,83.52999877929688,108075
2025-04-11 18:25:00+00:00,83.55500030517578,83.62999725341797,83.08000183105469,83.36000061035156,113679
2025-04-11 18:30:00+00:00,83.4677963256836,83.75,83.4000015258789,83.55500030517578,70002
2025-04-11 18:35:00+00:00,83.5250015258789,83.80000305175781,83.2863998413086,83.41000366210938,79901
2025-04-11 18:40:00+00:00,83.62999725341797,83.7300033569336,83.44000244140625,83.52780151367188,110176
2025-04-11 18:45:00+00:00,83.697998046875,83.83999633789062,83.58499908447266,83.62999725341797,88427
2025-04-11 18:50:00+00:00,83.32369995117188,83.79000091552734,82.96009826660156,83.69999694824219,178188
2025-04-11 18:55:00+00:00,82.99009704589844,83.41999816894531,82.95500183105469,83.36000061035156,91212
2025-04-11 19:00:00+00:00,83.55999755859375,83.62999725341797,82.9800033569336,82.98999786376953,125484
2025-04-11 19:05:00+00:00,83.44000244140625,83.55999755859375,83.22000122070312,83.55999755859375,157895
2025-04-11 19:10:00+00:00,83.56500244140625,83.61229705810547,83.25499725341797,83.43499755859375,127473
2025-04-11 19:15:00+00:00,83.52999877929688,83.56500244140625,83.0999984741211,83.5199966430664,139795
2025-04-11 19:20:00+00:00,83.5199966430664,83.62999725341797,83.31999969482422,83.52999877929688,135129
2025-04-11 19:25:00+00:00,83.13999938964844,83.52999877929688,83.08000183105469,83.5250015258789,197239
2025-04-11 19:30:00+00:00,83.19000244140625,83.36499786376953,83.0199966430664,83.15499877929688,165813
2025-04-11 19:35:00+00:00,82.79000091552734,83.16000366210938,82.58999633789062,83.158203125,249146
2025-04-11 19:40:00+00:00,83.29499816894531,83.29499816894531,82.77729797363281,82.77729797363281,246142
2025-04-11 19:45:00+00:00,83.44499969482422,83.4800033569336,83.12000274658203,83.30000305175781,268760
2025-04-11 19:50:00+00:00,83.47000122070312,83.68000030517578,83.12999725341797,83.4800033569336,447077
2025-04-11 19:55:00+00:00,83.6500015258789,83.8499984741211,83.45999908447266,83.4749984741211,792955
