Price,Close,High,Low,Open,Volume
Ticker,SPY,SPY,SPY,SPY,SPY
Datetime,,,,,
2025-02-12 14:30:00+00:00,599.6400146484375,599.7000122070312,598.510009765625,599.2000122070312,7441574
2025-02-12 14:35:00+00:00,600.0999755859375,600.3311767578125,599.3099975585938,599.6599731445312,4186947
2025-02-12 14:40:00+00:00,600.5800170898438,600.7586059570312,599.8800048828125,600.1099853515625,694082
2025-02-12 14:45:00+00:00,601.1400146484375,601.1799926757812,600.469970703125,600.5700073242188,643201
2025-02-12 14:50:00+00:00,601.52001953125,601.6799926757812,600.8300170898438,601.1699829101562,686401
2025-02-12 14:55:00+00:00,601.35498046875,601.52001953125,601.1629028320312,601.5,428500
2025-02-12 15:00:00+00:00,599.8900146484375,601.4400024414062,599.8699951171875,601.3599853515625,1013363
2025-02-12 15:05:00+00:00,600.3300170898438,600.5999755859375,599.7899780273438,600.1099853515625,1034811
2025-02-12 15:10:00+00:00,599.7949829101562,600.4299926757812,599.5800170898438,600.3200073242188,495793
2025-02-12 15:15:00+00:00,601.25,601.27197265625,599.75,599.7999877929688,724778
2025-02-12 15:20:00+00:00,601.9099731445312,602.3599853515625,601.0700073242188,601.219970703125,724840
2025-02-12 15:25:00+00:00,601.4349975585938,602.22998046875,601.2050170898438,601.8900146484375,459250
2025-02-12 15:30:00+00:00,601.7999877929688,601.9400024414062,601.4099731445312,601.4439697265625,203789
2025-02-12 15:35:00+00:00,602.77001953125,603.3200073242188,601.6900024414062,601.77001953125,985371
2025-02-12 15:40:00+00:00,602.4700927734375,602.8800048828125,602.1699829101562,602.760009765625,298122
2025-02-12 15:45:00+00:00,602.0599975585938,602.5900268554688,601.760009765625,602.510009765625,214425
2025-02-12 15:50:00+00:00,602.3112182617188,602.4099731445312,601.951171875,602.1300048828125,163461
2025-02-12 15:55:00+00:00,602.4299926757812,602.5479736328125,602.239990234375,602.3499755859375,175628
2025-02-12 16:00:00+00:00,601.9746704101562,602.47998046875,601.8900146484375,602.4500122070312,212988
2025-02-12 16:05:00+00:00,601.52001953125,602.0599975585938,601.3599853515625,601.9749755859375,287160
2025-02-12 16:10:00+00:00,600.9949951171875,601.8200073242188,600.719970703125,601.530029296875,476854
2025-02-12 16:15:00+00:00,600.96337890625,601.1300048828125,600.7899780273438,600.8200073242188,246628
2025-02-12 16:20:00+00:00,600.6500244140625,601.1400146484375,600.3515014648438,600.969970703125,278044
2025-02-12 16:25:00+00:00,600.659912109375,600.7000122070312,600.1699829101562,600.6599731445312,405858
2025-02-12 16:30:00+00:00,600.9299926757812,601.08642578125,600.5999755859375,600.6300048828125,345995
2025-02-12 16:35:00+00:00,601.4000244140625,601.5399780273438,600.8499755859375,600.9249877929688,249880
2025-02-12 16:40:00+00:00,602.1199951171875,602.2000122070312,601.3400268554688,601.5,251947
2025-02-12 16:45:00+00:00,602.1300048828125,602.2100219726562,601.8099975585938,602.0900268554688,188125
2025-02-12 16:50:00+00:00,602.7000122070312,602.8300170898438,602.0900268554688,602.1649780273438,423104
2025-02-12 16:55:00+00:00,603.3900146484375,603.5399780273438,602.6699829101562,602.7000122070312,468154
2025-02-12 17:00:00+00:00,603.3499755859375,603.77001953125,602.8400268554688,603.4099731445312,1025135
2025-02-12 17:05:00+00:00,603.2999877929688,603.5499877929688,603.0499877929688,603.3499755859375,328090
2025-02-12 17:10:00+00:00,603.6599731445312,603.9600219726562,603.0800170898438,603.3198852539062,393772
2025-02-12 17:15:00+00:00,603.6199951171875,603.9647216796875,603.5601196289062,603.6799926757812,230391
2025-02-12 17:20:00+00:00,603.780029296875,603.989990234375,603.5499877929688,603.5599975585938,231477
2025-02-12 17:25:00+00:00,603.7899780273438,603.9490966796875,603.6400146484375,603.760009765625,134078
2025-02-12 17:30:00+00:00,603.7285766601562,603.8900146484375,603.4099731445312,603.780029296875,188315
2025-02-12 17:35:00+00:00,603.469970703125,603.7999877929688,603.3724975585938,603.72998046875,128793
2025-02-12 17:40:00+00:00,603.219970703125,603.5186157226562,603.0900268554688,603.469970703125,226453
2025-02-12 17:45:00+00:00,603.864990234375,604.1599731445312,603.2050170898438,603.22998046875,240080
2025-02-12 17:50:00+00:00,604.22998046875,604.2899780273438,603.77001953125,603.8823852539062,484636
2025-02-12 17:55:00+00:00,604.3900146484375,604.530029296875,604.1300048828125,604.219970703125,187050
2025-02-12 18:00:00+00:00,603.97998046875,604.5499877929688,603.9500122070312,604.4000244140625,302633
2025-02-12 18:05:00+00:00,603.9000244140625,604.1900024414062,603.7000122070312,604.0,185320
2025-02-12 18:10:00+00:00,604.0399780273438,604.0599975585938,603.7409057617188,603.9099731445312,122385
2025-02-12 18:15:00+00:00,603.7000122070312,604.1099853515625,603.635009765625,603.9400024414062,110823
2025-02-12 18:20:00+00:00,603.6539916992188,603.8200073242188,603.4949951171875,603.6900024414062,149460
2025-02-12 18:25:00+00:00,603.5700073242188,603.8150024414062,603.1199951171875,603.6799926757812,232912
2025-02-12 18:30:00+00:00,603.6300048828125,603.7598876953125,603.4299926757812,603.5899047851562,187699
2025-02-12 18:35:00+00:00,603.6199951171875,603.7349853515625,603.4901123046875,603.6300048828125,150839
2025-02-12 18:40:00+00:00,602.97998046875,603.7000122070312,602.9199829101562,603.6500244140625,244621
2025-02-12 18:45:00+00:00,603.0999755859375,603.3200073242188,602.9500122070312,602.969970703125,184947
2025-02-12 18:50:00+00:00,603.3499755859375,603.52001953125,603.0599975585938,603.0800170898438,143178
2025-02-12 18:55:00+00:00,603.2100219726562,603.47998046875,603.1500244140625,603.3400268554688,182691
2025-02-12 19:00:00+00:00,602.9099731445312,603.260009765625,602.8200073242188,603.219970703125,376444
2025-02-12 19:05:00+00:00,602.9650268554688,603.0700073242188,602.5499877929688,602.9000244140625,374634
2025-02-12 19:10:00+00:00,602.7000122070312,602.9600219726562,602.530029296875,602.9600219726562,131838
2025-02-12 19:15:00+00:00,602.7299194335938,602.7899780273438,602.5850219726562,602.7000122070312,232934
2025-02-12 19:20:00+00:00,603.0399780273438,603.2100219726562,602.7050170898438,602.760009765625,258750
2025-02-12 19:25:00+00:00,603.0800170898438,603.3099975585938,602.7000122070312,603.0399780273438,314355
2025-02-12 19:30:00+00:00,603.4000244140625,603.4400024414062,603.0599975585938,603.113525390625,212911
2025-02-12 19:35:00+00:00,603.4998779296875,603.6199951171875,603.3200073242188,603.3800048828125,154863
2025-02-12 19:40:00+00:00,603.5499877929688,603.5800170898438,603.4500122070312,603.510009765625,140437
2025-02-12 19:45:00+00:00,604.1771850585938,604.22998046875,603.5,603.5449829101562,643674
2025-02-12 19:50:00+00:00,604.0700073242188,604.1799926757812,603.780029296875,604.1799926757812,319567
2025-02-12 19:55:00+00:00,603.9000244140625,604.1400146484375,603.719970703125,604.0499877929688,410602
2025-02-12 20:00:00+00:00,603.8300170898438,604.0499877929688,603.7000122070312,603.9000244140625,252530
2025-02-12 20:05:00+00:00,603.8499755859375,603.9600219726562,603.739990234375,603.8300170898438,231700
2025-02-12 20:10:00+00:00,603.72998046875,604.010009765625,603.6500244140625,603.8400268554688,483363
2025-02-12 20:15:00+00:00,603.6500244140625,603.7601928710938,603.5599975585938,603.6300048828125,624371
2025-02-12 20:20:00+00:00,603.6599731445312,603.7999877929688,603.5700073242188,603.6599731445312,178143
2025-02-12 20:25:00+00:00,603.3200073242188,603.7899780273438,603.3099975585938,603.64501953125,495001
2025-02-12 20:30:00+00:00,603.5100708007812,603.5399780273438,603.22998046875,603.3250122070312,483220
2025-02-12 20:35:00+00:00,603.219970703125,603.5900268554688,603.1799926757812,603.510009765625,287393
2025-02-12 20:40:00+00:00,602.7698974609375,603.4000244140625,602.6799926757812,603.2249755859375,537842
2025-02-12 20:45:00+00:00,602.8900146484375,602.989990234375,602.6699829101562,602.77001953125,630841
2025-02-12 20:50:00+00:00,603.0499877929688,603.1900024414062,602.5700073242188,602.9000244140625,807318
2025-02-12 20:55:00+00:00,603.3599853515625,603.5700073242188,603.0499877929688,603.0499877929688,1837103
2025-02-13 14:30:00+00:00,604.5549926757812,605.0543212890625,604.219970703125,604.47998046875,2056078
2025-02-13 14:35:00+00:00,603.75,604.6699829101562,603.2000122070312,604.5499877929688,589184
2025-02-13 14:40:00+00:00,604.4400024414062,604.5,603.489990234375,603.77001953125,447061
2025-02-13 14:45:00+00:00,604.0599975585938,604.72998046875,603.9099731445312,604.4500122070312,423990
2025-02-13 14:50:00+00:00,604.3400268554688,604.469970703125,603.8800048828125,604.0399780273438,330490
2025-02-13 14:55:00+00:00,604.8300170898438,605.0599975585938,604.22998046875,604.3499755859375,543664
2025-02-13 15:00:00+00:00,605.0599975585938,605.77001953125,604.8200073242188,604.8200073242188,807901
2025-02-13 15:05:00+00:00,604.9000244140625,605.2899780273438,604.2100219726562,605.10498046875,424605
2025-02-13 15:10:00+00:00,605.2899780273438,605.719970703125,604.8599853515625,604.9099731445312,594065
2025-02-13 15:15:00+00:00,606.135009765625,606.1799926757812,605.280029296875,605.2849731445312,419701
2025-02-13 15:20:00+00:00,606.2000732421875,606.419921875,605.9299926757812,606.1199951171875,579150
2025-02-13 15:25:00+00:00,606.0800170898438,606.3499755859375,605.6400146484375,606.2050170898438,428413
2025-02-13 15:30:00+00:00,606.342529296875,606.5352783203125,606.0,606.0848999023438,322591
2025-02-13 15:35:00+00:00,606.9400024414062,607.0999145507812,606.280029296875,606.4400024414062,696026
2025-02-13 15:40:00+00:00,607.25,607.489990234375,606.9199829101562,606.9500122070312,493027
2025-02-13 15:45:00+00:00,607.1099853515625,607.3200073242188,606.980224609375,607.2449951171875,367885
2025-02-13 15:50:00+00:00,606.9500122070312,607.2100219726562,606.8300170898438,607.0999755859375,249711
2025-02-13 15:55:00+00:00,607.0900268554688,607.0999755859375,606.6600952148438,606.9400024414062,207903
2025-02-13 16:00:00+00:00,607.0599975585938,607.1599731445312,606.9400024414062,607.0900268554688,175103
2025-02-13 16:05:00+00:00,607.219970703125,607.4400024414062,607.0250244140625,607.0599975585938,247673
2025-02-13 16:10:00+00:00,607.3800048828125,607.47998046875,607.1849975585938,607.2200927734375,198736
2025-02-13 16:15:00+00:00,607.3400268554688,607.389892578125,606.989990234375,607.3699951171875,252869
2025-02-13 16:20:00+00:00,607.280029296875,607.344970703125,607.010986328125,607.3400268554688,135312
2025-02-13 16:25:00+00:00,606.6900024414062,607.2999877929688,606.6099853515625,607.2899780273438,216752
2025-02-13 16:30:00+00:00,606.780029296875,606.8099975585938,606.3800048828125,606.7000122070312,330145
2025-02-13 16:35:00+00:00,606.5999755859375,606.9600219726562,606.5399169921875,606.7999877929688,209174
2025-02-13 16:40:00+00:00,606.6599731445312,606.7698974609375,606.5,606.6425170898438,112901
2025-02-13 16:45:00+00:00,606.72998046875,606.75,606.6099853515625,606.6500244140625,102361
2025-02-13 16:50:00+00:00,606.3350219726562,606.8798828125,606.260009765625,606.7100219726562,196887
2025-02-13 16:55:00+00:00,606.0999755859375,606.3599853515625,605.75,606.3499755859375,442552
2025-02-13 17:00:00+00:00,606.469970703125,606.47998046875,605.719970703125,606.0999755859375,227574
2025-02-13 17:05:00+00:00,606.4500122070312,606.6950073242188,606.3400268554688,606.4400024414062,150544
2025-02-13 17:10:00+00:00,606.2269897460938,606.52001953125,606.0399780273438,606.5,183835
2025-02-13 17:15:00+00:00,606.1586303710938,606.3900146484375,606.1400146484375,606.2100219726562,133514
2025-02-13 17:20:00+00:00,606.5399780273438,606.5700073242188,606.1209106445312,606.159912109375,137025
2025-02-13 17:25:00+00:00,606.5399780273438,606.6400146484375,606.3900146484375,606.530029296875,93793
2025-02-13 17:30:00+00:00,606.5599975585938,606.5798950195312,606.25,606.3200073242188,351392
2025-02-13 17:35:00+00:00,606.5,606.6300048828125,606.4500122070312,606.5499877929688,83008
2025-02-13 17:40:00+00:00,606.510009765625,606.5800170898438,606.3699951171875,606.52001953125,100732
2025-02-13 17:45:00+00:00,606.8699951171875,606.969970703125,606.5,606.5,221400
2025-02-13 17:50:00+00:00,606.5700073242188,606.8900146484375,606.4099731445312,606.8800048828125,157000
2025-02-13 17:55:00+00:00,606.1829223632812,606.5999755859375,605.7949829101562,606.5599975585938,229731
2025-02-13 18:00:00+00:00,606.02001953125,606.22998046875,605.7999877929688,605.989990234375,232870
2025-02-13 18:05:00+00:00,606.0,606.1199951171875,605.9199829101562,606.030029296875,118310
2025-02-13 18:10:00+00:00,606.22998046875,606.3300170898438,605.9301147460938,606.0,122507
2025-02-13 18:15:00+00:00,605.3599853515625,606.22998046875,604.989990234375,606.22998046875,323340
2025-02-13 18:20:00+00:00,606.0700073242188,606.10498046875,605.1500244140625,605.3099975585938,374171
2025-02-13 18:25:00+00:00,606.2000122070312,606.4400024414062,605.989990234375,606.0900268554688,134901
2025-02-13 18:30:00+00:00,606.2899780273438,606.47998046875,606.094970703125,606.2000122070312,121686
2025-02-13 18:35:00+00:00,606.739990234375,606.7598266601562,606.2349853515625,606.280029296875,327508
2025-02-13 18:40:00+00:00,606.3400268554688,606.8699951171875,605.3099975585938,606.760009765625,875158
2025-02-13 18:45:00+00:00,606.6199951171875,606.760009765625,605.989990234375,606.280029296875,264190
2025-02-13 18:50:00+00:00,606.594970703125,606.7999877929688,605.8200073242188,606.6199951171875,512459
2025-02-13 18:55:00+00:00,607.1900024414062,607.25,606.3699951171875,606.6900024414062,289077
2025-02-13 19:00:00+00:00,607.6900024414062,607.72998046875,607.030029296875,607.1900024414062,1104832
2025-02-13 19:05:00+00:00,608.010009765625,608.1900024414062,607.52001953125,607.5650024414062,474115
2025-02-13 19:10:00+00:00,608.030029296875,608.1300048828125,607.75,608.0399780273438,478294
2025-02-13 19:15:00+00:00,608.25,608.4099731445312,607.9699096679688,608.1099853515625,507116
2025-02-13 19:20:00+00:00,608.1500244140625,608.4000244140625,608.010009765625,608.2562255859375,356180
2025-02-13 19:25:00+00:00,608.280029296875,608.3300170898438,607.989990234375,608.1099853515625,389155
2025-02-13 19:30:00+00:00,608.5748901367188,608.6900024414062,608.1422119140625,608.280029296875,438877
2025-02-13 19:35:00+00:00,608.739990234375,608.9099731445312,608.5449829101562,608.5599975585938,491505
2025-02-13 19:40:00+00:00,608.5349731445312,608.72998046875,608.4400024414062,608.719970703125,433752
2025-02-13 19:45:00+00:00,608.719970703125,608.739990234375,608.4099731445312,608.5490112304688,402344
2025-02-13 19:50:00+00:00,609.1500244140625,609.2899780273438,608.7100219726562,608.7249755859375,566353
2025-02-13 19:55:00+00:00,608.9000244140625,609.2000122070312,608.77001953125,609.1599731445312,476200
2025-02-13 20:00:00+00:00,609.0999755859375,609.2000122070312,608.8200073242188,608.89501953125,393185
2025-02-13 20:05:00+00:00,609.280029296875,609.3599853515625,609.0,609.0999755859375,407053
2025-02-13 20:10:00+00:00,609.2899780273438,609.3699951171875,609.0900268554688,609.27001953125,455377
2025-02-13 20:15:00+00:00,609.6500244140625,609.7100219726562,609.25,609.2899780273438,657494
2025-02-13 20:20:00+00:00,609.3499755859375,609.6799926757812,609.2899780273438,609.6300048828125,695697
2025-02-13 20:25:00+00:00,609.5798950195312,609.5800170898438,609.1599731445312,609.3400268554688,503161
2025-02-13 20:30:00+00:00,609.27001953125,609.5800170898438,609.1900024414062,609.5700073242188,736984
2025-02-13 20:35:00+00:00,609.4749755859375,609.510009765625,609.2000122070312,609.27001953125,709534
2025-02-13 20:40:00+00:00,609.1199951171875,609.489990234375,609.1099853515625,609.469970703125,839934
2025-02-13 20:45:00+00:00,609.4099731445312,609.4849853515625,609.0900268554688,609.1300048828125,956678
2025-02-13 20:50:00+00:00,609.3800048828125,609.5499877929688,609.1500244140625,609.4099731445312,1206381
2025-02-13 20:55:00+00:00,609.6900024414062,609.9400024414062,609.1500244140625,609.4099731445312,3732077
2025-02-14 14:30:00+00:00,610.1099853515625,610.3699951171875,609.8099975585938,609.9400024414062,1363826
2025-02-14 14:35:00+00:00,610.2550048828125,610.3699951171875,609.760009765625,610.1099853515625,429381
2025-02-14 14:40:00+00:00,610.3499755859375,610.489990234375,610.25,610.27001953125,477635
2025-02-14 14:45:00+00:00,610.4199829101562,610.489990234375,610.2899780273438,610.3800048828125,395998
2025-02-14 14:50:00+00:00,610.4199829101562,610.6400146484375,610.3099975585938,610.4099731445312,528150
2025-02-14 14:55:00+00:00,610.4650268554688,610.5499877929688,610.3099975585938,610.4199829101562,281273
2025-02-14 15:00:00+00:00,610.5999755859375,610.6199951171875,610.02001953125,610.385009765625,336191
2025-02-14 15:05:00+00:00,610.9400024414062,610.969970703125,610.5399780273438,610.6099853515625,381903
2025-02-14 15:10:00+00:00,610.6799926757812,610.9600219726562,610.5900268554688,610.9400024414062,301655
2025-02-14 15:15:00+00:00,610.3198852539062,610.780029296875,610.2000122070312,610.6599731445312,290095
2025-02-14 15:20:00+00:00,610.4349975585938,610.489990234375,610.1425170898438,610.3198852539062,227971
2025-02-14 15:25:00+00:00,610.239990234375,610.6199951171875,610.2100830078125,610.4400024414062,200499
2025-02-14 15:30:00+00:00,610.1699829101562,610.2650146484375,610.0501098632812,610.239990234375,221202
2025-02-14 15:35:00+00:00,610.0609741210938,610.3699951171875,609.9199829101562,610.219970703125,217840
2025-02-14 15:40:00+00:00,610.0499877929688,610.0999755859375,609.72998046875,610.0999755859375,334518
2025-02-14 15:45:00+00:00,610.4299926757812,610.489990234375,610.0700073242188,610.0800170898438,174869
2025-02-14 15:50:00+00:00,610.52001953125,610.586181640625,610.2899780273438,610.4301147460938,213628
2025-02-14 15:55:00+00:00,610.510009765625,610.6649780273438,610.4400024414062,610.52001953125,185211
2025-02-14 16:00:00+00:00,610.5800170898438,610.6799926757812,610.260009765625,610.418212890625,359907
2025-02-14 16:05:00+00:00,610.7999877929688,610.8400268554688,610.489990234375,610.5900268554688,224711
2025-02-14 16:10:00+00:00,610.4450073242188,610.8499755859375,610.3599853515625,610.8099975585938,156547
2025-02-14 16:15:00+00:00,609.8699951171875,610.489990234375,609.8699951171875,610.4500122070312,212750
2025-02-14 16:20:00+00:00,609.72998046875,609.8900146484375,609.4000244140625,609.8800048828125,1412833
2025-02-14 16:25:00+00:00,609.989990234375,610.25,609.659912109375,609.72998046875,196417
2025-02-14 16:30:00+00:00,609.8900146484375,610.02001953125,609.6099853515625,610.010009765625,265067
2025-02-14 16:35:00+00:00,609.9652709960938,609.97998046875,609.6300048828125,609.8800048828125,156615
2025-02-14 16:40:00+00:00,610.0800170898438,610.1199951171875,609.9500122070312,609.9650268554688,255520
2025-02-14 16:45:00+00:00,609.7000122070312,610.1300048828125,609.625,610.0499877929688,267435
2025-02-14 16:50:00+00:00,610.0650024414062,610.0800170898438,609.6400146484375,609.6900024414062,200834
2025-02-14 16:55:00+00:00,610.22998046875,610.2949829101562,609.9000244140625,610.0499877929688,340961
2025-02-14 17:00:00+00:00,610.0798950195312,610.2449951171875,610.0250244140625,610.219970703125,352199
2025-02-14 17:05:00+00:00,609.6400146484375,610.0700073242188,609.5999755859375,610.0650024414062,202662
2025-02-14 17:10:00+00:00,609.6099853515625,609.636474609375,609.2999877929688,609.6099853515625,272111
2025-02-14 17:15:00+00:00,609.6099853515625,609.6799926757812,609.4299926757812,609.60498046875,236902
2025-02-14 17:20:00+00:00,609.510009765625,609.760009765625,609.4299926757812,609.6099853515625,99521
2025-02-14 17:25:00+00:00,609.3201293945312,609.5900268554688,609.27001953125,609.510009765625,114662
2025-02-14 17:30:00+00:00,609.4191284179688,609.489990234375,609.1500854492188,609.3499755859375,172096
2025-02-14 17:35:00+00:00,609.3300170898438,609.5800170898438,609.3200073242188,609.5499877929688,96118
2025-02-14 17:40:00+00:00,609.25,609.4400024414062,609.0700073242188,609.3770141601562,168408
2025-02-14 17:45:00+00:00,609.736572265625,609.739990234375,609.2000122070312,609.280029296875,125752
2025-02-14 17:50:00+00:00,609.9500122070312,609.9500122070312,609.7000122070312,609.719970703125,132997
2025-02-14 17:55:00+00:00,609.9199829101562,610.0399780273438,609.7899780273438,609.9400024414062,139801
2025-02-14 18:00:00+00:00,609.9249877929688,610.0900268554688,609.760009765625,609.9199829101562,140788
2025-02-14 18:05:00+00:00,610.0,610.0599975585938,609.8200073242188,609.9249877929688,186193
2025-02-14 18:10:00+00:00,609.9099731445312,610.0800170898438,609.864990234375,609.989990234375,85029
2025-02-14 18:15:00+00:00,609.969970703125,610.0599975585938,609.8300170898438,609.9099731445312,60782
2025-02-14 18:20:00+00:00,609.9268188476562,609.989990234375,609.8599853515625,609.9215698242188,55283
2025-02-14 18:25:00+00:00,609.9298706054688,609.9650268554688,609.719970703125,609.9199829101562,80003
2025-02-14 18:30:00+00:00,610.3800048828125,610.4299926757812,609.8800048828125,609.9299926757812,260312
2025-02-14 18:35:00+00:00,610.364990234375,610.4600219726562,610.219970703125,610.3699951171875,131979
2025-02-14 18:40:00+00:00,610.4650268554688,610.5449829101562,610.364990234375,610.3699951171875,125061
2025-02-14 18:45:00+00:00,610.6683959960938,610.719970703125,610.469970703125,610.469970703125,136173
2025-02-14 18:50:00+00:00,610.6500244140625,610.7506713867188,610.5604858398438,610.6699829101562,131521
2025-02-14 18:55:00+00:00,610.47998046875,610.6400146484375,610.47998046875,610.6400146484375,114733
2025-02-14 19:00:00+00:00,610.469970703125,610.5800170898438,610.3699951171875,610.4899291992188,456556
2025-02-14 19:05:00+00:00,610.530029296875,610.5499877929688,610.4400024414062,610.489990234375,121750
2025-02-14 19:10:00+00:00,610.7053833007812,610.719970703125,610.530029296875,610.530029296875,100946
2025-02-14 19:15:00+00:00,610.4650268554688,610.719970703125,610.381591796875,610.7020263671875,189459
2025-02-14 19:20:00+00:00,610.3900146484375,610.469970703125,610.2899780273438,610.469970703125,138846
2025-02-14 19:25:00+00:00,610.1300048828125,610.4000244140625,610.0599975585938,610.39501953125,152331
2025-02-14 19:30:00+00:00,610.10498046875,610.1699829101562,609.8900146484375,610.1500244140625,245244
2025-02-14 19:35:00+00:00,610.1699829101562,610.2999877929688,609.989990234375,610.0999755859375,145149
2025-02-14 19:40:00+00:00,610.1900024414062,610.219970703125,610.0700073242188,610.1699829101562,91883
2025-02-14 19:45:00+00:00,610.0499877929688,610.3024291992188,609.9500122070312,610.1950073242188,118449
2025-02-14 19:50:00+00:00,610.0590209960938,610.1300048828125,609.8300170898438,610.0499877929688,121066
2025-02-14 19:55:00+00:00,610.219970703125,610.2999877929688,609.8900146484375,610.0499877929688,473229
2025-02-14 20:00:00+00:00,609.9600219726562,610.2100219726562,609.8599853515625,609.989990234375,140310
2025-02-14 20:05:00+00:00,610.030029296875,610.0499877929688,609.8400268554688,609.9299926757812,127860
2025-02-14 20:10:00+00:00,610.0599975585938,610.0599975585938,609.7899780273438,610.010009765625,296978
2025-02-14 20:15:00+00:00,610.1300048828125,610.2448120117188,610.030029296875,610.0800170898438,276558
2025-02-14 20:20:00+00:00,609.8400268554688,610.1900024414062,609.80908203125,610.1500244140625,168668
2025-02-14 20:25:00+00:00,609.6699829101562,609.9199829101562,609.5900268554688,609.8300170898438,225091
2025-02-14 20:30:00+00:00,610.0,610.0,609.5499877929688,609.6599731445312,775291
2025-02-14 20:35:00+00:00,610.1199951171875,610.1500244140625,609.8900146484375,609.9949951171875,391321
2025-02-14 20:40:00+00:00,609.7274780273438,610.125,609.5999755859375,609.9000244140625,410820
2025-02-14 20:45:00+00:00,609.6199951171875,609.7899780273438,609.5449829101562,609.7349853515625,615806
2025-02-14 20:50:00+00:00,610.14501953125,610.2899780273438,609.6199951171875,609.6400146484375,1354295
2025-02-14 20:55:00+00:00,609.7000122070312,610.22998046875,609.5599975585938,610.1300048828125,1980908
2025-02-18 14:30:00+00:00,610.6597290039062,611.0,610.3800048828125,610.8800048828125,1394721
2025-02-18 14:35:00+00:00,610.760009765625,610.8499755859375,610.2899780273438,610.6799926757812,379963
2025-02-18 14:40:00+00:00,610.1801147460938,610.8015747070312,610.0999755859375,610.75,352566
2025-02-18 14:45:00+00:00,610.2698974609375,610.4600219726562,609.9600219726562,610.1849975585938,444747
2025-02-18 14:50:00+00:00,610.419921875,610.6199951171875,609.9500122070312,610.25,356566
2025-02-18 14:55:00+00:00,610.1099853515625,610.6300048828125,610.0737915039062,610.4000244140625,324185
2025-02-18 15:00:00+00:00,609.844970703125,610.155029296875,609.3300170898438,610.15380859375,566430
2025-02-18 15:05:00+00:00,609.9199829101562,610.030029296875,609.6199951171875,609.8499755859375,259280
2025-02-18 15:10:00+00:00,610.1400146484375,610.3098754882812,609.6599731445312,609.9099731445312,236530
2025-02-18 15:15:00+00:00,609.5499877929688,610.2000122070312,609.469970703125,610.1500244140625,301219
2025-02-18 15:20:00+00:00,609.8099975585938,610.030029296875,609.489990234375,609.8499755859375,393189
2025-02-18 15:25:00+00:00,609.6300048828125,609.9600219726562,609.4199829101562,609.85498046875,255491
2025-02-18 15:30:00+00:00,609.6699829101562,609.864990234375,609.4000244140625,609.6400146484375,188674
2025-02-18 15:35:00+00:00,610.0349731445312,610.1900024414062,609.6600952148438,609.6600952148438,648643
2025-02-18 15:40:00+00:00,610.1799926757812,610.22998046875,609.9299926757812,610.0399780273438,145673
2025-02-18 15:45:00+00:00,609.9500122070312,610.2000122070312,609.6900024414062,610.1699829101562,221534
2025-02-18 15:50:00+00:00,610.510009765625,610.510009765625,609.8499755859375,609.9400024414062,246318
2025-02-18 15:55:00+00:00,610.6099853515625,610.6199951171875,610.3400268554688,610.52001953125,219909
2025-02-18 16:00:00+00:00,610.489990234375,610.6099853515625,610.47998046875,610.60498046875,174880
2025-02-18 16:05:00+00:00,610.5700073242188,610.5999755859375,610.3200073242188,610.47998046875,140339
2025-02-18 16:10:00+00:00,610.4000244140625,610.739990234375,610.3699951171875,610.5607299804688,155231
2025-02-18 16:15:00+00:00,610.3800048828125,610.52001953125,610.3499755859375,610.4027709960938,149550
2025-02-18 16:20:00+00:00,609.960205078125,610.3900146484375,609.760009765625,610.3698120117188,239984
2025-02-18 16:25:00+00:00,610.4099731445312,610.5,609.9099731445312,609.989990234375,156346
2025-02-18 16:30:00+00:00,610.2000122070312,610.4099731445312,610.0700073242188,610.2899169921875,127528
2025-02-18 16:35:00+00:00,610.3900146484375,610.4299926757812,610.0900268554688,610.2050170898438,153684
2025-02-18 16:40:00+00:00,610.25,610.3800048828125,610.1400146484375,610.3800048828125,105801
2025-02-18 16:45:00+00:00,610.7000122070312,610.7100219726562,610.239990234375,610.239990234375,184975
2025-02-18 16:50:00+00:00,610.739990234375,610.85498046875,610.6599731445312,610.7000122070312,191279
2025-02-18 16:55:00+00:00,610.25,610.77001953125,610.1799926757812,610.72998046875,239733
2025-02-18 17:00:00+00:00,610.2498779296875,610.2501220703125,610.0599975585938,610.239990234375,137674
2025-02-18 17:05:00+00:00,610.0198974609375,610.3200073242188,609.8699951171875,610.239990234375,155832
2025-02-18 17:10:00+00:00,610.2000122070312,610.280029296875,609.780029296875,609.989990234375,136800
2025-02-18 17:15:00+00:00,609.9500122070312,610.1900024414062,609.8201293945312,610.1900024414062,106208
2025-02-18 17:20:00+00:00,609.9299926757812,610.02001953125,609.780029296875,609.9500122070312,147006
2025-02-18 17:25:00+00:00,610.0349731445312,610.0800170898438,609.9099731445312,609.9100952148438,91012
2025-02-18 17:30:00+00:00,610.0750122070312,610.31689453125,610.0402221679688,610.0402221679688,108485
2025-02-18 17:35:00+00:00,610.239990234375,610.3099975585938,610.052978515625,610.0700073242188,107749
2025-02-18 17:40:00+00:00,610.2000122070312,610.3900146484375,610.1300048828125,610.260009765625,95112
2025-02-18 17:45:00+00:00,610.2100219726562,610.2999877929688,610.1099853515625,610.1900024414062,140608
2025-02-18 17:50:00+00:00,610.4600219726562,610.5449829101562,610.2000122070312,610.2100219726562,312519
2025-02-18 17:55:00+00:00,610.3499755859375,610.489990234375,610.2847290039062,610.4500122070312,114210
2025-02-18 18:00:00+00:00,610.614990234375,610.65869140625,610.3099975585938,610.3400268554688,164877
2025-02-18 18:05:00+00:00,610.2498779296875,610.6500244140625,610.1599731445312,610.614990234375,134890
2025-02-18 18:10:00+00:00,610.1199951171875,610.260009765625,609.969970703125,610.2449951171875,145127
2025-02-18 18:15:00+00:00,609.8599853515625,610.1599731445312,609.8599853515625,610.1300048828125,159423
2025-02-18 18:20:00+00:00,609.8800048828125,609.9600219726562,609.52001953125,609.8599243164062,202507
2025-02-18 18:25:00+00:00,609.8900146484375,610.0700073242188,609.8400268554688,609.8800048828125,492796
2025-02-18 18:30:00+00:00,609.719970703125,609.8800048828125,609.5599975585938,609.8800048828125,167765
2025-02-18 18:35:00+00:00,609.6400146484375,609.780029296875,609.510009765625,609.719970703125,93848
2025-02-18 18:40:00+00:00,609.530029296875,609.6300048828125,609.451904296875,609.6199951171875,213113
2025-02-18 18:45:00+00:00,609.7899780273438,609.8099975585938,609.469970703125,609.52001953125,163236
2025-02-18 18:50:00+00:00,609.8099975585938,609.9299926757812,609.6699829101562,609.7800903320312,413482
2025-02-18 18:55:00+00:00,609.6599731445312,609.9050903320312,609.6199951171875,609.8200073242188,175131
2025-02-18 19:00:00+00:00,609.6599731445312,609.8300170898438,609.6400146484375,609.655029296875,225835
2025-02-18 19:05:00+00:00,608.760009765625,609.780029296875,608.4099731445312,609.6799926757812,795188
2025-02-18 19:10:00+00:00,608.8300170898438,609.0999755859375,608.6699829101562,608.760009765625,428166
2025-02-18 19:15:00+00:00,608.600830078125,608.8900146484375,608.530029296875,608.8300170898438,207967
2025-02-18 19:20:00+00:00,609.4400024414062,609.6099853515625,608.3800048828125,608.5999755859375,417063
2025-02-18 19:25:00+00:00,609.218994140625,609.489990234375,609.1600952148438,609.4400024414062,257619
2025-02-18 19:30:00+00:00,609.5,609.5,609.1099853515625,609.219970703125,161730
2025-02-18 19:35:00+00:00,609.1300048828125,609.5700073242188,609.1201782226562,609.489990234375,169823
2025-02-18 19:40:00+00:00,609.3900146484375,609.469970703125,609.1300048828125,609.1400146484375,169765
2025-02-18 19:45:00+00:00,609.719970703125,609.75,609.35498046875,609.3900146484375,369905
2025-02-18 19:50:00+00:00,609.89501953125,610.030029296875,609.625,609.72998046875,469304
2025-02-18 19:55:00+00:00,609.8499755859375,610.0399780273438,609.7899780273438,609.89501953125,191768
2025-02-18 20:00:00+00:00,609.8200073242188,609.9000244140625,609.719970703125,609.8699951171875,225343
2025-02-18 20:05:00+00:00,609.75,609.8698120117188,609.6801147460938,609.8099975585938,210525
2025-02-18 20:10:00+00:00,609.875,609.9199829101562,609.6400146484375,609.751220703125,361653
2025-02-18 20:15:00+00:00,609.739990234375,609.8900146484375,609.6300048828125,609.8499755859375,237358
2025-02-18 20:20:00+00:00,609.8699951171875,609.8699951171875,609.6322021484375,609.719970703125,154938
2025-02-18 20:25:00+00:00,609.780029296875,609.9600219726562,609.7150268554688,609.8599853515625,357424
2025-02-18 20:30:00+00:00,609.8599853515625,610.0599975585938,609.760009765625,609.77001953125,406946
2025-02-18 20:35:00+00:00,609.780029296875,609.9199829101562,609.6900024414062,609.8599853515625,387121
2025-02-18 20:40:00+00:00,609.77978515625,610.030029296875,609.6400146484375,609.9400024414062,560845
2025-02-18 20:45:00+00:00,609.760009765625,609.9400024414062,609.6300048828125,609.760009765625,512528
2025-02-18 20:50:00+00:00,610.1300048828125,610.25,609.719970703125,609.760009765625,816254
2025-02-18 20:55:00+00:00,611.3499755859375,611.3800048828125,610.1099853515625,610.1199951171875,2432326
2025-02-19 14:30:00+00:00,610.1574096679688,610.19873046875,609.75,610.0800170898438,1204164
2025-02-19 14:35:00+00:00,609.9871215820312,610.27001953125,609.9500122070312,610.1500244140625,482967
2025-02-19 14:40:00+00:00,610.0399780273438,610.2576904296875,609.9099731445312,609.969970703125,252500
2025-02-19 14:45:00+00:00,609.818115234375,610.22998046875,609.6845092773438,610.0399780273438,281220
2025-02-19 14:50:00+00:00,610.0999755859375,610.1799926757812,609.739990234375,609.7999877929688,239835
2025-02-19 14:55:00+00:00,609.9199829101562,610.1649780273438,609.8502807617188,610.0900268554688,209264
2025-02-19 15:00:00+00:00,609.7000122070312,610.0999755859375,609.5706787109375,609.9199829101562,234930
2025-02-19 15:05:00+00:00,609.7200927734375,610.0,609.5599975585938,609.7100219726562,176817
2025-02-19 15:10:00+00:00,609.6900024414062,609.8400268554688,609.5900268554688,609.739990234375,1585727
2025-02-19 15:15:00+00:00,609.9401245117188,610.1500244140625,609.6002197265625,609.6649780273438,227442
2025-02-19 15:20:00+00:00,609.9600219726562,610.0599975585938,609.72998046875,609.9600219726562,198426
2025-02-19 15:25:00+00:00,610.0599975585938,610.1749877929688,609.8900146484375,609.969970703125,218502
2025-02-19 15:30:00+00:00,610.469970703125,610.8900146484375,610.02001953125,610.0599975585938,777116
2025-02-19 15:35:00+00:00,610.3800048828125,610.5900268554688,610.27001953125,610.4749755859375,184837
2025-02-19 15:40:00+00:00,610.530029296875,610.5399780273438,610.3200073242188,610.3800048828125,267533
2025-02-19 15:45:00+00:00,610.5,610.6500244140625,610.3900146484375,610.5499877929688,168229
2025-02-19 15:50:00+00:00,610.4000244140625,610.5,610.3300170898438,610.489990234375,204503
2025-02-19 15:55:00+00:00,610.1400146484375,610.39501953125,609.8200073242188,610.39501953125,213528
2025-02-19 16:00:00+00:00,610.5700073242188,610.7100219726562,610.1400146484375,610.1400146484375,220465
2025-02-19 16:05:00+00:00,610.75,610.780029296875,610.5499877929688,610.5750122070312,153873
2025-02-19 16:10:00+00:00,611.2327880859375,611.25,610.6599731445312,610.719970703125,1604402
2025-02-19 16:15:00+00:00,611.1400146484375,611.260009765625,611.0,611.1901245117188,525071
2025-02-19 16:20:00+00:00,611.0999755859375,611.1799926757812,610.9600219726562,611.135009765625,138156
2025-02-19 16:25:00+00:00,611.1799926757812,611.25,611.0900268554688,611.114990234375,113855
2025-02-19 16:30:00+00:00,611.239990234375,611.27587890625,610.97998046875,611.1699829101562,138526
2025-02-19 16:35:00+00:00,611.1500244140625,611.2899780273438,611.0800170898438,611.22998046875,146931
2025-02-19 16:40:00+00:00,611.6751098632812,611.6751098632812,611.1500854492188,611.1500854492188,244085
2025-02-19 16:45:00+00:00,611.469970703125,611.77001953125,611.4600219726562,611.6900024414062,168303
2025-02-19 16:50:00+00:00,611.7000122070312,611.711669921875,611.469970703125,611.47998046875,109287
2025-02-19 16:55:00+00:00,611.7000122070312,611.75,611.5999755859375,611.6907958984375,212583
2025-02-19 17:00:00+00:00,611.8300170898438,611.9600219726562,611.6199951171875,611.6599731445312,146267
2025-02-19 17:05:00+00:00,611.8184814453125,611.8400268554688,611.739990234375,611.8200073242188,145755
2025-02-19 17:10:00+00:00,611.5900268554688,611.83349609375,611.4224853515625,611.75,194260
2025-02-19 17:15:00+00:00,611.4500122070312,611.5999755859375,611.3900146484375,611.5800170898438,254347
2025-02-19 17:20:00+00:00,611.1306762695312,611.5,611.1300048828125,611.4500122070312,150256
2025-02-19 17:25:00+00:00,611.0499877929688,611.22998046875,611.010009765625,611.1199951171875,418217
2025-02-19 17:30:00+00:00,610.9400024414062,611.114990234375,610.8599853515625,611.0599975585938,279122
2025-02-19 17:35:00+00:00,611.1300048828125,611.1900024414062,610.9149780273438,610.9400024414062,184158
2025-02-19 17:40:00+00:00,611.280029296875,611.3400268554688,611.0499877929688,611.1300048828125,108920
2025-02-19 17:45:00+00:00,611.4047241210938,611.4199829101562,611.1900024414062,611.27001953125,75592
2025-02-19 17:50:00+00:00,611.719970703125,611.8200073242188,611.4199829101562,611.4199829101562,169947
2025-02-19 17:55:00+00:00,611.5599975585938,611.8200073242188,611.5499877929688,611.7249755859375,294779
2025-02-19 18:00:00+00:00,611.4151000976562,611.5900268554688,611.3699951171875,611.5599975585938,153616
2025-02-19 18:05:00+00:00,611.094970703125,611.4299926757812,611.0399780273438,611.4299926757812,239701
2025-02-19 18:10:00+00:00,610.9500122070312,611.1099853515625,610.6500244140625,611.0999755859375,217453
2025-02-19 18:15:00+00:00,611.52001953125,611.530029296875,610.9299926757812,610.9299926757812,154667
2025-02-19 18:20:00+00:00,611.5,611.6199951171875,611.4400024414062,611.5399780273438,122679
2025-02-19 18:25:00+00:00,611.6599731445312,611.7000122070312,611.4500122070312,611.52001953125,126497
2025-02-19 18:30:00+00:00,611.8599243164062,611.9400024414062,611.6699829101562,611.6699829101562,266109
2025-02-19 18:35:00+00:00,611.89501953125,611.969970703125,611.8300170898438,611.8499755859375,285860
2025-02-19 18:40:00+00:00,611.8599853515625,612.0399780273438,611.7700805664062,611.9400024414062,237690
2025-02-19 18:45:00+00:00,611.7249755859375,611.9199829101562,611.6950073242188,611.8699951171875,147792
2025-02-19 18:50:00+00:00,611.5900268554688,611.72998046875,611.5150146484375,611.719970703125,103178
2025-02-19 18:55:00+00:00,611.489990234375,611.7000122070312,611.47998046875,611.594970703125,167095
2025-02-19 19:00:00+00:00,611.5499877929688,611.909912109375,611.4000244140625,611.52001953125,283442
2025-02-19 19:05:00+00:00,611.719970703125,611.7999877929688,611.5399780273438,611.5399780273438,369671
2025-02-19 19:10:00+00:00,612.5800170898438,612.5880126953125,611.72998046875,611.72998046875,370161
2025-02-19 19:15:00+00:00,612.75,612.8900146484375,612.5499877929688,612.5900268554688,356031
2025-02-19 19:20:00+00:00,612.9299926757812,613.0800170898438,612.739990234375,612.7449951171875,521444
2025-02-19 19:25:00+00:00,612.8201293945312,612.9650268554688,612.5800170898438,612.9199829101562,231426
2025-02-19 19:30:00+00:00,612.8305053710938,612.875,612.6203002929688,612.8200073242188,368389
2025-02-19 19:35:00+00:00,612.8699951171875,612.9600219726562,612.8099975585938,612.8300170898438,133611
2025-02-19 19:40:00+00:00,612.8350219726562,613.010009765625,612.7000122070312,612.8599853515625,146381
2025-02-19 19:45:00+00:00,612.8499755859375,612.8576049804688,612.66162109375,612.8300170898438,102648
2025-02-19 19:50:00+00:00,613.1400146484375,613.22998046875,612.8400268554688,612.8599853515625,279830
2025-02-19 19:55:00+00:00,613.1099853515625,613.1599731445312,612.9609985351562,613.14501953125,243869
2025-02-19 20:00:00+00:00,612.8400268554688,613.0999755859375,612.8200073242188,613.0800170898438,327124
2025-02-19 20:05:00+00:00,612.480224609375,612.9149780273438,612.4492797851562,612.8499755859375,338593
2025-02-19 20:10:00+00:00,612.6300048828125,612.6699829101562,612.4500122070312,612.486572265625,315406
2025-02-19 20:15:00+00:00,612.6799926757812,612.969970703125,612.6199951171875,612.6458129882812,238120
2025-02-19 20:20:00+00:00,612.75,612.7899780273438,612.5599975585938,612.6749877929688,228612
2025-02-19 20:25:00+00:00,612.0999145507812,612.75,611.7999877929688,612.75,597464
2025-02-19 20:30:00+00:00,612.5499877929688,612.7899780273438,612.0800170898438,612.1099853515625,373767
2025-02-19 20:35:00+00:00,612.4500122070312,612.6699829101562,612.22998046875,612.5399780273438,496058
2025-02-19 20:40:00+00:00,612.3300170898438,612.6500244140625,612.260009765625,612.4299926757812,929920
2025-02-19 20:45:00+00:00,612.3599853515625,612.5,612.1799926757812,612.3400268554688,527206
2025-02-19 20:50:00+00:00,612.530029296875,612.7999877929688,612.3499755859375,612.3800048828125,978970
2025-02-19 20:55:00+00:00,612.9000244140625,613.0599975585938,612.47998046875,612.52001953125,2051717
2025-02-20 14:30:00+00:00,611.260009765625,611.6840209960938,611.1500244140625,611.5399780273438,1301938
2025-02-20 14:35:00+00:00,611.3900146484375,611.4299926757812,611.1500244140625,611.239990234375,347412
2025-02-20 14:40:00+00:00,610.5449829101562,611.3900146484375,610.530029296875,611.364990234375,295393
2025-02-20 14:45:00+00:00,610.3900146484375,610.6500244140625,610.135009765625,610.5449829101562,559609
2025-02-20 14:50:00+00:00,609.4400024414062,610.3900146484375,609.02001953125,610.380126953125,772534
2025-02-20 14:55:00+00:00,608.3825073242188,609.5599975585938,608.3099975585938,609.4299926757812,1130192
2025-02-20 15:00:00+00:00,608.2899780273438,608.4400024414062,607.02001953125,608.4000244140625,1419456
2025-02-20 15:05:00+00:00,607.8400268554688,608.7000122070312,607.6400146484375,608.3099975585938,657327
2025-02-20 15:10:00+00:00,608.4299926757812,608.8300170898438,607.6199951171875,607.75,686236
2025-02-20 15:15:00+00:00,608.97998046875,609.22998046875,608.4299926757812,608.4299926757812,678542
2025-02-20 15:20:00+00:00,608.969970703125,609.3599853515625,608.6799926757812,608.989990234375,367319
2025-02-20 15:25:00+00:00,609.1099853515625,609.1699829101562,608.8099975585938,608.9849853515625,199520
2025-02-20 15:30:00+00:00,609.1199951171875,609.52001953125,609.02587890625,609.0999755859375,241324
2025-02-20 15:35:00+00:00,608.72998046875,609.2000122070312,608.4199829101562,609.1599731445312,369986
2025-02-20 15:40:00+00:00,608.510009765625,608.7899780273438,608.3400268554688,608.5999755859375,202240
2025-02-20 15:45:00+00:00,607.8699951171875,608.5999755859375,607.7999877929688,608.5,359070
2025-02-20 15:50:00+00:00,607.489990234375,607.9000244140625,607.4299926757812,607.8599853515625,412803
2025-02-20 15:55:00+00:00,607.3499755859375,607.79541015625,607.0800170898438,607.52001953125,304682
2025-02-20 16:00:00+00:00,607.4199829101562,607.8699951171875,607.22998046875,607.739990234375,473228
2025-02-20 16:05:00+00:00,608.1300048828125,608.2000122070312,607.3900146484375,607.719970703125,347354
2025-02-20 16:10:00+00:00,608.1705932617188,608.4500122070312,608.1199951171875,608.1199951171875,361869
2025-02-20 16:15:00+00:00,607.6201171875,608.2000122070312,607.510009765625,608.1799926757812,377724
2025-02-20 16:20:00+00:00,608.02001953125,608.1199951171875,607.6099853515625,607.6199951171875,277390
2025-02-20 16:25:00+00:00,608.260009765625,608.3300170898438,607.8599853515625,608.0,201425
2025-02-20 16:30:00+00:00,607.8400268554688,608.4199829101562,607.739990234375,608.2550048828125,192977
2025-02-20 16:35:00+00:00,607.5809936523438,607.8599853515625,607.0999755859375,607.8300170898438,500569
2025-02-20 16:40:00+00:00,607.989990234375,608.030029296875,607.5,607.6099853515625,322160
2025-02-20 16:45:00+00:00,607.5900268554688,608.0399780273438,607.47998046875,607.989990234375,521734
2025-02-20 16:50:00+00:00,607.6599731445312,607.9600219726562,607.4500122070312,607.5599975585938,458944
2025-02-20 16:55:00+00:00,607.4600219726562,607.6796875,607.4400024414062,607.6699829101562,120815
2025-02-20 17:00:00+00:00,608.0419921875,608.0999755859375,607.280029296875,607.4500122070312,211753
2025-02-20 17:05:00+00:00,608.3699951171875,608.4249877929688,608.010009765625,608.030029296875,240181
2025-02-20 17:10:00+00:00,608.614990234375,608.6500244140625,608.3099975585938,608.3699951171875,464126
2025-02-20 17:15:00+00:00,608.760009765625,608.8699951171875,608.489990234375,608.6099853515625,257629
2025-02-20 17:20:00+00:00,608.7949829101562,608.8900146484375,608.6300048828125,608.7850952148438,259893
2025-02-20 17:25:00+00:00,608.7899780273438,608.9398803710938,608.7374877929688,608.8200073242188,136565
2025-02-20 17:30:00+00:00,608.8499755859375,608.97998046875,608.7244262695312,608.8302001953125,206974
2025-02-20 17:35:00+00:00,608.697509765625,609.0599975585938,608.6099853515625,608.8599853515625,200360
2025-02-20 17:40:00+00:00,609.0499877929688,609.0999145507812,608.6199951171875,608.75,131177
2025-02-20 17:45:00+00:00,608.5299072265625,609.030029296875,608.5250854492188,608.989990234375,118295
2025-02-20 17:50:00+00:00,608.4949951171875,608.6699829101562,608.3699951171875,608.530029296875,155991
2025-02-20 17:55:00+00:00,608.030029296875,608.489990234375,608.0250244140625,608.489990234375,149454
2025-02-20 18:00:00+00:00,607.9688720703125,608.1400146484375,607.77001953125,608.030029296875,272597
2025-02-20 18:05:00+00:00,608.1699829101562,608.2570190429688,607.9099731445312,607.989990234375,226034
2025-02-20 18:10:00+00:00,608.4600219726562,608.47998046875,608.0399780273438,608.1779174804688,264808
2025-02-20 18:15:00+00:00,608.0150146484375,608.489990234375,607.9400024414062,608.4550170898438,291837
2025-02-20 18:20:00+00:00,607.835693359375,608.0499877929688,607.6799926757812,608.02001953125,279006
2025-02-20 18:25:00+00:00,607.9600219726562,608.0900268554688,607.6400146484375,607.8348999023438,841054
2025-02-20 18:30:00+00:00,608.3099975585938,608.3800048828125,607.8200073242188,607.9400024414062,188446
2025-02-20 18:35:00+00:00,608.3599853515625,608.4400024414062,608.1599731445312,608.2899780273438,120053
2025-02-20 18:40:00+00:00,608.5999755859375,608.5999755859375,608.1799926757812,608.364990234375,147142
2025-02-20 18:45:00+00:00,608.4299926757812,608.6699829101562,608.3499145507812,608.5900268554688,1116293
2025-02-20 18:50:00+00:00,608.27001953125,608.4299926757812,608.1500244140625,608.4199829101562,211572
2025-02-20 18:55:00+00:00,608.5999755859375,608.760009765625,608.239990234375,608.3200073242188,174629
2025-02-20 19:00:00+00:00,608.6900024414062,608.82958984375,608.5,608.5999755859375,201467
2025-02-20 19:05:00+00:00,608.8300170898438,608.9400024414062,608.6699829101562,608.7009887695312,249469
2025-02-20 19:10:00+00:00,609.25,609.4299926757812,608.8499145507812,608.8499145507812,275210
2025-02-20 19:15:00+00:00,609.3699951171875,609.3900146484375,609.1300048828125,609.25,422083
2025-02-20 19:20:00+00:00,609.3599853515625,609.489990234375,609.3499755859375,609.3699951171875,202366
2025-02-20 19:25:00+00:00,609.1699829101562,609.4099731445312,609.0700073242188,609.3609008789062,296619
2025-02-20 19:30:00+00:00,608.8900146484375,609.239990234375,608.8399047851562,609.1599731445312,363244
2025-02-20 19:35:00+00:00,608.7650146484375,608.969970703125,608.719970703125,608.8699951171875,160415
2025-02-20 19:40:00+00:00,609.1599731445312,609.1599731445312,608.72998046875,608.7791137695312,130679
2025-02-20 19:45:00+00:00,609.8300170898438,609.8300170898438,609.0900268554688,609.0999755859375,311859
2025-02-20 19:50:00+00:00,609.8699951171875,610.0999755859375,609.64501953125,609.8200073242188,918745
2025-02-20 19:55:00+00:00,609.8599853515625,610.0950927734375,609.7899780273438,609.8699951171875,265434
2025-02-20 20:00:00+00:00,609.8200073242188,609.9600219726562,609.6699829101562,609.864990234375,274278
2025-02-20 20:05:00+00:00,609.6900024414062,609.9600219726562,609.5999755859375,609.8400268554688,388324
2025-02-20 20:10:00+00:00,609.6099853515625,609.7999877929688,609.4400024414062,609.7100219726562,220754
2025-02-20 20:15:00+00:00,609.7974243164062,609.844970703125,609.260009765625,609.619873046875,255645
2025-02-20 20:20:00+00:00,609.8400268554688,610.0986938476562,609.7999877929688,609.7999877929688,310045
2025-02-20 20:25:00+00:00,609.8400268554688,609.9298706054688,609.6599731445312,609.8599853515625,457612
2025-02-20 20:30:00+00:00,609.9400024414062,609.989990234375,609.7899780273438,609.8400268554688,408808
2025-02-20 20:35:00+00:00,609.6199951171875,609.9400024414062,609.4625244140625,609.9400024414062,270670
2025-02-20 20:40:00+00:00,609.9201049804688,609.969970703125,609.5800170898438,609.6199951171875,424403
2025-02-20 20:45:00+00:00,610.3099975585938,610.3800048828125,609.719970703125,609.9199829101562,382997
2025-02-20 20:50:00+00:00,610.280029296875,610.7000122070312,610.010009765625,610.3200073242188,1425933
2025-02-20 20:55:00+00:00,610.3900146484375,610.530029296875,610.0599975585938,610.27001953125,2440215
2025-02-21 14:30:00+00:00,609.634521484375,610.2999877929688,609.53369140625,610.1599731445312,1262783
2025-02-21 14:35:00+00:00,609.1500244140625,609.9000244140625,608.8800048828125,609.6599731445312,519608
2025-02-21 14:40:00+00:00,609.22998046875,609.4000244140625,608.969970703125,609.1300048828125,579822
2025-02-21 14:45:00+00:00,608.77001953125,609.5900268554688,608.7100219726562,609.25,496708
2025-02-21 14:50:00+00:00,608.619873046875,608.8800048828125,608.280029296875,608.7899780273438,696143
2025-02-21 14:55:00+00:00,608.4700927734375,608.719970703125,608.239990234375,608.6099853515625,491435
2025-02-21 15:00:00+00:00,608.177490234375,608.5938110351562,607.4299926757812,608.5,2224604
2025-02-21 15:05:00+00:00,608.3900146484375,608.4500122070312,607.5399780273438,608.1699829101562,614983
2025-02-21 15:10:00+00:00,607.9733276367188,608.6500244140625,607.8499755859375,608.4111938476562,817834
2025-02-21 15:15:00+00:00,607.9400024414062,608.2962036132812,607.75,607.969970703125,278999
2025-02-21 15:20:00+00:00,607.281005859375,607.9500122070312,607.0999755859375,607.9400024414062,974935
2025-02-21 15:25:00+00:00,606.760009765625,607.510009765625,606.52001953125,607.2899780273438,845755
2025-02-21 15:30:00+00:00,606.469970703125,607.0599975585938,606.2852783203125,606.75,505589
2025-02-21 15:35:00+00:00,606.8399047851562,607.0,606.4600219726562,606.469970703125,852862
2025-02-21 15:40:00+00:00,605.8040161132812,606.8574829101562,605.7697143554688,606.8574829101562,564700
2025-02-21 15:45:00+00:00,606.4099731445312,606.7899780273438,605.7659912109375,605.780029296875,526281
2025-02-21 15:50:00+00:00,606.1599731445312,606.5700073242188,606.1599731445312,606.4099731445312,355145
2025-02-21 15:55:00+00:00,606.8399047851562,606.8399047851562,606.1300048828125,606.1599731445312,353064
2025-02-21 16:00:00+00:00,606.52001953125,607.2000122070312,606.3499755859375,606.8400268554688,714891
2025-02-21 16:05:00+00:00,606.5650024414062,606.853271484375,606.3709106445312,606.530029296875,3350360
2025-02-21 16:10:00+00:00,607.1400146484375,607.1400146484375,606.1799926757812,606.530029296875,342310
2025-02-21 16:15:00+00:00,607.1950073242188,607.3499755859375,606.72998046875,607.0800170898438,413695
2025-02-21 16:20:00+00:00,607.344970703125,607.47998046875,607.1900024414062,607.2000122070312,300065
2025-02-21 16:25:00+00:00,606.9400024414062,607.3599853515625,606.7100219726562,607.2410888671875,312996
2025-02-21 16:30:00+00:00,607.2199096679688,607.3599853515625,606.7050170898438,606.9500122070312,296576
2025-02-21 16:35:00+00:00,607.3699951171875,607.5,607.010009765625,607.2000122070312,176906
2025-02-21 16:40:00+00:00,606.8892822265625,607.4600219726562,606.8200073242188,607.3800048828125,240465
2025-02-21 16:45:00+00:00,606.77001953125,606.9799194335938,606.5399780273438,606.8699951171875,311451
2025-02-21 16:50:00+00:00,606.4400024414062,606.760009765625,606.3099975585938,606.75,543603
2025-02-21 16:55:00+00:00,606.8049926757812,607.1199951171875,606.4249877929688,606.4500122070312,315399
2025-02-21 17:00:00+00:00,607.02001953125,607.1292114257812,606.739990234375,606.7999877929688,1415670
2025-02-21 17:05:00+00:00,606.5900268554688,607.0974731445312,606.5599975585938,607.0307006835938,159869
2025-02-21 17:10:00+00:00,606.405029296875,606.6500244140625,606.260009765625,606.6099853515625,277308
2025-02-21 17:15:00+00:00,605.7000122070312,606.4400024414062,605.5999755859375,606.4000244140625,1053277
2025-02-21 17:20:00+00:00,605.5999755859375,605.7999877929688,605.1599731445312,605.6699829101562,507418
2025-02-21 17:25:00+00:00,605.7199096679688,605.8809814453125,605.5599975585938,605.8599853515625,188031
2025-02-21 17:30:00+00:00,605.280029296875,605.7899780273438,605.280029296875,605.7550048828125,325366
2025-02-21 17:35:00+00:00,604.739990234375,605.530029296875,604.5399780273438,605.2899780273438,1099941
2025-02-21 17:40:00+00:00,605.0700073242188,605.1699829101562,604.5900268554688,604.75,511792
2025-02-21 17:45:00+00:00,604.6199951171875,605.0800170898438,604.5797729492188,605.0700073242188,263153
2025-02-21 17:50:00+00:00,604.27001953125,604.6900024414062,604.25341796875,604.63623046875,444123
2025-02-21 17:55:00+00:00,603.8200073242188,604.4450073242188,603.6199951171875,604.27001953125,1968853
2025-02-21 18:00:00+00:00,603.22998046875,603.8493041992188,603.0900268554688,603.8300170898438,772941
2025-02-21 18:05:00+00:00,602.7899780273438,603.4000244140625,602.719970703125,603.219970703125,611720
2025-02-21 18:10:00+00:00,602.9500122070312,602.9600219726562,602.2100219726562,602.7999877929688,1302861
2025-02-21 18:15:00+00:00,602.8499755859375,603.539794921875,602.7509155273438,602.9299926757812,704399
2025-02-21 18:20:00+00:00,602.6900024414062,603.010009765625,602.530029296875,602.8599243164062,516230
2025-02-21 18:25:00+00:00,602.1599731445312,603.0499877929688,602.10009765625,602.65869140625,488920
2025-02-21 18:30:00+00:00,602.0499877929688,602.1900024414062,601.5900268554688,602.14501953125,1330785
2025-02-21 18:35:00+00:00,602.3887329101562,603.2249755859375,602.010009765625,602.0599975585938,934496
2025-02-21 18:40:00+00:00,601.8399047851562,602.7100219726562,601.8200073242188,602.4199829101562,348422
2025-02-21 18:45:00+00:00,601.9099731445312,602.0499877929688,601.739990234375,601.8300170898438,852792
2025-02-21 18:50:00+00:00,602.2100219726562,602.22998046875,601.8099975585938,601.8800048828125,332580
2025-02-21 18:55:00+00:00,601.7534790039062,602.2100219726562,601.5700073242188,602.1900024414062,528863
2025-02-21 19:00:00+00:00,601.364990234375,601.9099731445312,601.22998046875,601.760009765625,784336
2025-02-21 19:05:00+00:00,601.75,601.75,601.25,601.3499755859375,593146
2025-02-21 19:10:00+00:00,602.1400146484375,602.3300170898438,601.4299926757812,601.760009765625,576999
2025-02-21 19:15:00+00:00,601.3699951171875,602.14501953125,601.3400268554688,602.14501953125,522158
2025-02-21 19:20:00+00:00,600.6699829101562,601.3699951171875,600.4500122070312,601.3300170898438,730111
2025-02-21 19:25:00+00:00,599.9099731445312,600.7100219726562,599.6500244140625,600.6699829101562,917294
2025-02-21 19:30:00+00:00,600.1500244140625,600.64501953125,599.8101196289062,599.909912109375,793143
2025-02-21 19:35:00+00:00,599.780029296875,600.2899780273438,599.6199951171875,600.1500244140625,398693
2025-02-21 19:40:00+00:00,600.0900268554688,600.1400146484375,599.469970703125,599.8099975585938,638602
2025-02-21 19:45:00+00:00,599.9400024414062,600.2000122070312,599.7000122070312,600.0700073242188,844862
2025-02-21 19:50:00+00:00,600.0999755859375,600.6599731445312,599.9349975585938,599.9500122070312,742471
2025-02-21 19:55:00+00:00,600.0349731445312,600.6099853515625,600.0,600.4600219726562,986190
2025-02-21 20:00:00+00:00,600.02001953125,600.4199829101562,599.760009765625,600.030029296875,502727
2025-02-21 20:05:00+00:00,599.9299926757812,600.25,599.8800048828125,600.0250244140625,308914
2025-02-21 20:10:00+00:00,600.1500244140625,600.47998046875,599.6599731445312,599.9600219726562,1042266
2025-02-21 20:15:00+00:00,600.27001953125,600.2899780273438,599.9000244140625,600.1400146484375,1868438
2025-02-21 20:20:00+00:00,600.5900268554688,600.6400146484375,600.0900268554688,600.260009765625,577986
2025-02-21 20:25:00+00:00,600.5599975585938,600.6400146484375,600.2899780273438,600.6099853515625,592929
2025-02-21 20:30:00+00:00,600.6699829101562,600.9099731445312,600.3699951171875,600.5800170898438,812277
2025-02-21 20:35:00+00:00,600.5900268554688,600.739990234375,600.2507934570312,600.6599731445312,794311
2025-02-21 20:40:00+00:00,600.0399780273438,600.6900024414062,600.0349731445312,600.5900268554688,1563673
2025-02-21 20:45:00+00:00,600.1799926757812,600.3400268554688,599.7100219726562,600.0599975585938,1610900
2025-02-21 20:50:00+00:00,600.3699951171875,600.5399780273438,599.9400024414062,600.1699829101562,1937816
2025-02-21 20:55:00+00:00,600.0,600.489990234375,599.5,600.3599853515625,3924799
2025-02-24 14:30:00+00:00,602.14501953125,603.030029296875,601.77001953125,602.02001953125,2574376
2025-02-24 14:35:00+00:00,601.27001953125,602.2000122070312,601.0750122070312,602.1300048828125,777370
2025-02-24 14:40:00+00:00,601.0599975585938,601.5999755859375,600.6500244140625,601.260009765625,683886
2025-02-24 14:45:00+00:00,600.594970703125,601.3200073242188,600.3599853515625,601.0800170898438,539052
2025-02-24 14:50:00+00:00,599.5900268554688,600.6199951171875,599.3499755859375,600.5800170898438,851414
2025-02-24 14:55:00+00:00,598.760009765625,599.5700073242188,598.6312866210938,599.5599975585938,900864
2025-02-24 15:00:00+00:00,597.3699951171875,599.1699829101562,597.0900268554688,598.760009765625,1431239
2025-02-24 15:05:00+00:00,597.9000244140625,598.260009765625,596.489990234375,597.3699951171875,1533458
2025-02-24 15:10:00+00:00,598.989990234375,599.1199951171875,597.8400268554688,597.9199829101562,833097
2025-02-24 15:15:00+00:00,598.3200073242188,599.4450073242188,598.1099853515625,598.9500122070312,816408
2025-02-24 15:20:00+00:00,599.0999755859375,599.219970703125,598.2999877929688,598.3099975585938,569117
2025-02-24 15:25:00+00:00,597.9500122070312,599.1400146484375,597.8099975585938,599.0800170898438,583719
2025-02-24 15:30:00+00:00,597.8499755859375,598.4500122070312,597.6699829101562,597.9299926757812,442543
2025-02-24 15:35:00+00:00,597.97998046875,598.22998046875,597.4600219726562,597.8599853515625,519335
2025-02-24 15:40:00+00:00,597.8599853515625,598.2999877929688,597.77001953125,597.9550170898438,321132
2025-02-24 15:45:00+00:00,597.989990234375,598.0120239257812,597.280029296875,597.969970703125,495759
2025-02-24 15:50:00+00:00,597.260009765625,598.25,597.110107421875,597.969970703125,478076
2025-02-24 15:55:00+00:00,597.7000122070312,597.8699951171875,596.75,597.280029296875,443930
2025-02-24 16:00:00+00:00,598.030029296875,598.1300048828125,597.469970703125,597.719970703125,348116
2025-02-24 16:05:00+00:00,598.1300048828125,598.6500244140625,597.989990234375,598.02001953125,432488
2025-02-24 16:10:00+00:00,598.4500122070312,598.52001953125,597.9819946289062,598.1199951171875,306994
2025-02-24 16:15:00+00:00,598.9199829101562,598.9500122070312,598.3900146484375,598.47998046875,375714
2025-02-24 16:20:00+00:00,599.239990234375,599.2899780273438,598.8099975585938,598.9450073242188,358958
2025-02-24 16:25:00+00:00,600.09619140625,600.3800048828125,599.1699829101562,599.25,827690
2025-02-24 16:30:00+00:00,600.2150268554688,600.5900268554688,600.1300048828125,600.1300048828125,399046
2025-02-24 16:35:00+00:00,599.4749755859375,600.469970703125,599.4019165039062,600.2000122070312,382055
2025-02-24 16:40:00+00:00,600.2999877929688,600.7999877929688,599.45361328125,599.4697875976562,356108
2025-02-24 16:45:00+00:00,600.47998046875,600.780029296875,600.260009765625,600.3300170898438,283045
2025-02-24 16:50:00+00:00,600.4349975585938,600.6500244140625,600.122802734375,600.5,213256
2025-02-24 16:55:00+00:00,599.969970703125,600.4500122070312,599.8300170898438,600.4400024414062,284210
2025-02-24 17:00:00+00:00,600.6599731445312,600.7000122070312,599.8201293945312,599.97998046875,274940
2025-02-24 17:05:00+00:00,600.4299926757812,600.8499755859375,600.010009765625,600.6500244140625,222241
2025-02-24 17:10:00+00:00,600.4000244140625,600.8300170898438,600.2100219726562,600.4400024414062,221488
2025-02-24 17:15:00+00:00,601.3099975585938,601.4299926757812,600.4400024414062,600.4400024414062,321533
2025-02-24 17:20:00+00:00,601.2999877929688,601.5800170898438,601.1599731445312,601.3200073242188,272337
2025-02-24 17:25:00+00:00,601.0399780273438,601.530029296875,600.969970703125,601.2999877929688,252449
2025-02-24 17:30:00+00:00,600.8499755859375,601.0150146484375,600.6243286132812,600.969970703125,167374
2025-02-24 17:35:00+00:00,601.3101196289062,601.3900146484375,600.7000122070312,600.8099975585938,197602
2025-02-24 17:40:00+00:00,601.530029296875,601.5999755859375,601.27001953125,601.3233032226562,231230
2025-02-24 17:45:00+00:00,601.5,601.8499755859375,601.25,601.5499877929688,172872
2025-02-24 17:50:00+00:00,600.9600219726562,601.489990234375,600.8400268554688,601.489990234375,144059
2025-02-24 17:55:00+00:00,600.635009765625,601.3800048828125,600.5499877929688,600.9299926757812,364413
2025-02-24 18:00:00+00:00,600.760009765625,600.8300170898438,600.530029296875,600.6439819335938,145854
2025-02-24 18:05:00+00:00,601.0798950195312,601.0800170898438,600.5900268554688,600.77001953125,323176
2025-02-24 18:10:00+00:00,600.9520263671875,601.1900024414062,600.6799926757812,601.0499877929688,105266
2025-02-24 18:15:00+00:00,601.5399780273438,601.7100219726562,600.9149780273438,600.9600219726562,210915
2025-02-24 18:20:00+00:00,601.3300170898438,601.5499877929688,601.0800170898438,601.5,248579
2025-02-24 18:25:00+00:00,601.4099731445312,601.6799926757812,601.3400268554688,601.489990234375,150850
2025-02-24 18:30:00+00:00,601.3499755859375,601.47998046875,601.0700073242188,601.3900146484375,158398
2025-02-24 18:35:00+00:00,601.3300170898438,601.4979858398438,601.094970703125,601.2899780273438,134260
2025-02-24 18:40:00+00:00,601.4199829101562,601.61328125,601.2432250976562,601.3200073242188,102750
2025-02-24 18:45:00+00:00,601.0170288085938,601.5900268554688,600.8800048828125,601.4500122070312,140129
2025-02-24 18:50:00+00:00,601.0576782226562,601.1199951171875,600.6799926757812,601.0,201083
2025-02-24 18:55:00+00:00,600.6400146484375,601.1300048828125,600.3599853515625,601.0499877929688,298197
2025-02-24 19:00:00+00:00,601.3300170898438,601.3699951171875,600.5750122070312,600.6199951171875,420826
2025-02-24 19:05:00+00:00,600.85498046875,601.4299926757812,600.6599731445312,601.3200073242188,219200
2025-02-24 19:10:00+00:00,600.6599731445312,600.8599853515625,600.3800048828125,600.8599853515625,255139
2025-02-24 19:15:00+00:00,600.1400146484375,600.77001953125,600.030029296875,600.7199096679688,237412
2025-02-24 19:20:00+00:00,600.2349853515625,600.3419799804688,599.8400268554688,600.1300048828125,381718
2025-02-24 19:25:00+00:00,600.0700073242188,600.4099731445312,599.989990234375,600.219970703125,245938
2025-02-24 19:30:00+00:00,600.5798950195312,600.6599731445312,599.989990234375,600.0599975585938,387509
2025-02-24 19:35:00+00:00,600.3049926757812,600.5599975585938,600.1799926757812,600.5599975585938,287567
2025-02-24 19:40:00+00:00,599.9600219726562,600.375,599.8200073242188,600.2999877929688,268994
2025-02-24 19:45:00+00:00,599.9500122070312,600.0599975585938,599.719970703125,600.02001953125,353056
2025-02-24 19:50:00+00:00,599.780029296875,600.2000122070312,599.75,599.9400024414062,287841
2025-02-24 19:55:00+00:00,599.780029296875,599.8099975585938,599.3900146484375,599.7999877929688,302104
2025-02-24 20:00:00+00:00,599.4299926757812,599.8599853515625,599.0499877929688,599.8099975585938,501980
2025-02-24 20:05:00+00:00,599.6950073242188,599.8699951171875,599.2999877929688,599.4149780273438,285772
2025-02-24 20:10:00+00:00,599.655029296875,599.7050170898438,599.4500122070312,599.7050170898438,343291
2025-02-24 20:15:00+00:00,599.6799926757812,600.030029296875,598.9000244140625,599.655029296875,936308
2025-02-24 20:20:00+00:00,599.260009765625,600.02001953125,599.260009765625,599.6599731445312,815781
2025-02-24 20:25:00+00:00,599.0999755859375,599.5499877929688,599.0499877929688,599.27001953125,455483
2025-02-24 20:30:00+00:00,599.5449829101562,599.719970703125,599.094970703125,599.1099853515625,568076
2025-02-24 20:35:00+00:00,599.1900024414062,599.719970703125,599.1699829101562,599.530029296875,917507
2025-02-24 20:40:00+00:00,598.8400268554688,599.219970703125,598.6300048828125,599.1799926757812,982140
2025-02-24 20:45:00+00:00,599.1699829101562,599.3400268554688,598.6203002929688,598.8400268554688,756380
2025-02-24 20:50:00+00:00,597.469970703125,599.3099975585938,597.2999877929688,599.1900024414062,2097800
2025-02-24 20:55:00+00:00,597.1900024414062,597.6799926757812,596.6400146484375,597.4600219726562,5115655
2025-02-25 14:30:00+00:00,597.5050048828125,597.8699951171875,596.4899291992188,597.1500244140625,2080143
2025-02-25 14:35:00+00:00,597.719970703125,597.8900146484375,596.8200073242188,597.469970703125,1003455
2025-02-25 14:40:00+00:00,596.4000244140625,597.719970703125,596.3900146484375,597.7100219726562,513144
2025-02-25 14:45:00+00:00,596.0,596.8699951171875,595.760009765625,596.4000244140625,896256
2025-02-25 14:50:00+00:00,594.47998046875,596.10498046875,594.25,596.010009765625,1110866
2025-02-25 14:55:00+00:00,595.22998046875,595.8800048828125,594.4949951171875,594.4949951171875,976643
2025-02-25 15:00:00+00:00,593.6400146484375,595.280029296875,593.469970703125,595.25,1244161
2025-02-25 15:05:00+00:00,593.760009765625,594.1900024414062,593.260009765625,593.6400146484375,1038620
2025-02-25 15:10:00+00:00,592.6199951171875,594.2100219726562,592.4949951171875,593.7899780273438,971992
2025-02-25 15:15:00+00:00,591.60009765625,593.1900024414062,591.60009765625,592.5999755859375,1176072
2025-02-25 15:20:00+00:00,591.22998046875,592.2125244140625,591.02001953125,591.5999755859375,1960470
2025-02-25 15:25:00+00:00,590.8499755859375,591.8400268554688,590.6699829101562,591.22998046875,907577
2025-02-25 15:30:00+00:00,591.2100219726562,591.260009765625,590.5032958984375,590.75,1162320
2025-02-25 15:35:00+00:00,592.2999877929688,592.3800048828125,591.1328735351562,591.2100219726562,1508059
2025-02-25 15:40:00+00:00,592.260009765625,592.780029296875,591.510009765625,592.25,845869
2025-02-25 15:45:00+00:00,592.3900146484375,592.5599975585938,591.5399780273438,592.1900024414062,654109
2025-02-25 15:50:00+00:00,593.1900024414062,593.3300170898438,592.2000122070312,592.389892578125,595229
2025-02-25 15:55:00+00:00,592.3300170898438,593.4400024414062,592.22998046875,593.1300048828125,485929
2025-02-25 16:00:00+00:00,591.4650268554688,592.4199829101562,590.969970703125,592.3400268554688,1703782
2025-02-25 16:05:00+00:00,591.7100219726562,592.0,591.0900268554688,591.4791870117188,664399
2025-02-25 16:10:00+00:00,591.9299926757812,592.3400268554688,591.6400146484375,591.72998046875,439382
2025-02-25 16:15:00+00:00,591.7000122070312,592.2100219726562,591.5,591.9299926757812,472195
2025-02-25 16:20:00+00:00,591.739990234375,592.010009765625,591.27001953125,591.72998046875,401549
2025-02-25 16:25:00+00:00,590.8699951171875,591.9199829101562,590.72998046875,591.780029296875,423584
2025-02-25 16:30:00+00:00,590.6300048828125,591.219970703125,589.5599975585938,590.8499755859375,1061026
2025-02-25 16:35:00+00:00,591.1799926757812,591.3400268554688,590.1500244140625,590.5800170898438,696934
2025-02-25 16:40:00+00:00,591.0900268554688,591.22998046875,590.6300048828125,591.1699829101562,311996
2025-02-25 16:45:00+00:00,592.1699829101562,592.2100219726562,590.9400024414062,591.094970703125,518056
2025-02-25 16:50:00+00:00,592.489990234375,592.6099853515625,592.0999755859375,592.1400146484375,426936
2025-02-25 16:55:00+00:00,593.2000122070312,593.7999877929688,592.1699829101562,592.239990234375,630879
2025-02-25 17:00:00+00:00,592.7750244140625,593.3599853515625,592.7100219726562,593.1300048828125,354110
2025-02-25 17:05:00+00:00,592.7050170898438,592.9498901367188,592.530029296875,592.7899780273438,274786
2025-02-25 17:10:00+00:00,592.7562255859375,593.2000122070312,592.6199951171875,592.719970703125,294303
2025-02-25 17:15:00+00:00,592.780029296875,593.02001953125,592.5700073242188,592.7000122070312,265029
2025-02-25 17:20:00+00:00,592.8300170898438,592.8300170898438,592.1199951171875,592.719970703125,353047
2025-02-25 17:25:00+00:00,593.6799926757812,593.6900024414062,592.6900024414062,592.8400268554688,337551
2025-02-25 17:30:00+00:00,593.7899780273438,593.97998046875,593.4600219726562,593.6699829101562,608661
2025-02-25 17:35:00+00:00,594.0599975585938,594.4400024414062,593.635009765625,593.77001953125,499030
2025-02-25 17:40:00+00:00,594.1224975585938,594.510009765625,594.040283203125,594.0999755859375,314252
2025-02-25 17:45:00+00:00,594.0999755859375,594.27001953125,593.8599853515625,594.1400146484375,248548
2025-02-25 17:50:00+00:00,594.3800048828125,594.5499877929688,594.0700073242188,594.0999755859375,204648
2025-02-25 17:55:00+00:00,594.7899780273438,594.7999877929688,594.341796875,594.469970703125,410436
2025-02-25 18:00:00+00:00,595.4949951171875,595.5700073242188,594.780029296875,594.780029296875,747287
2025-02-25 18:05:00+00:00,595.7000122070312,596.1799926757812,595.385009765625,595.5349731445312,502303
2025-02-25 18:10:00+00:00,594.9600219726562,595.8889770507812,594.89501953125,595.739990234375,594066
2025-02-25 18:15:00+00:00,594.5999755859375,595.2100219726562,594.5900268554688,594.9500122070312,257144
2025-02-25 18:20:00+00:00,594.989990234375,595.1699829101562,594.5599975585938,594.77001953125,233725
2025-02-25 18:25:00+00:00,593.7000122070312,595.0150146484375,593.6400146484375,594.989990234375,337828
2025-02-25 18:30:00+00:00,594.0900268554688,594.280029296875,593.6099853515625,593.7050170898438,595680
2025-02-25 18:35:00+00:00,595.5800170898438,595.6599731445312,594.030029296875,594.1300048828125,320526
2025-02-25 18:40:00+00:00,595.5999755859375,595.8699951171875,595.3599853515625,595.5700073242188,418566
2025-02-25 18:45:00+00:00,595.5599975585938,595.8300170898438,595.4183959960938,595.5900268554688,331376
2025-02-25 18:50:00+00:00,595.0499877929688,595.6599731445312,594.8049926757812,595.6199951171875,356340
2025-02-25 18:55:00+00:00,594.7100219726562,595.1699829101562,594.6099853515625,595.0499877929688,249591
2025-02-25 19:00:00+00:00,594.5800170898438,594.8599243164062,594.3800048828125,594.6300048828125,270110
2025-02-25 19:05:00+00:00,594.5999755859375,594.6300048828125,594.3300170898438,594.5399780273438,288034
2025-02-25 19:10:00+00:00,593.5700073242188,594.52001953125,593.5399780273438,594.52001953125,317390
2025-02-25 19:15:00+00:00,593.7899780273438,593.8900146484375,593.010009765625,593.5499877929688,621012
2025-02-25 19:20:00+00:00,593.260009765625,593.72998046875,593.1400146484375,593.72998046875,299863
2025-02-25 19:25:00+00:00,593.0700073242188,593.4617919921875,593.02001953125,593.2899780273438,209892
2025-02-25 19:30:00+00:00,593.9450073242188,593.989990234375,593.02001953125,593.3599853515625,649222
2025-02-25 19:35:00+00:00,595.0800170898438,595.1300048828125,593.3612060546875,593.9450073242188,524220
2025-02-25 19:40:00+00:00,595.3099975585938,595.5800170898438,594.969970703125,595.0700073242188,1058619
2025-02-25 19:45:00+00:00,595.219970703125,595.4099731445312,594.3800048828125,595.3297729492188,396568
2025-02-25 19:50:00+00:00,595.2785034179688,595.4600219726562,595.0700073242188,595.22998046875,212217
2025-02-25 19:55:00+00:00,595.239990234375,595.4600219726562,595.0900268554688,595.2000122070312,424998
2025-02-25 20:00:00+00:00,595.4000244140625,595.72998046875,594.8599853515625,595.4000244140625,983995
2025-02-25 20:05:00+00:00,595.22998046875,595.8499755859375,595.2000122070312,595.469970703125,484535
2025-02-25 20:10:00+00:00,595.1900024414062,595.3599853515625,594.739990234375,595.27001953125,556298
2025-02-25 20:15:00+00:00,595.659912109375,595.739990234375,594.9550170898438,595.1799926757812,532344
2025-02-25 20:20:00+00:00,596.5700073242188,596.6400146484375,595.530029296875,595.6599731445312,456636
2025-02-25 20:25:00+00:00,595.8900146484375,596.6199951171875,595.6400146484375,596.5850219726562,480829
2025-02-25 20:30:00+00:00,595.5399780273438,596.02001953125,595.1500244140625,595.9000244140625,428161
2025-02-25 20:35:00+00:00,594.27001953125,595.7349853515625,594.1900024414062,595.52001953125,733865
2025-02-25 20:40:00+00:00,594.1500244140625,594.5800170898438,593.8699951171875,594.4099731445312,718929
2025-02-25 20:45:00+00:00,594.6099853515625,594.72998046875,593.97998046875,594.1199951171875,889546
2025-02-25 20:50:00+00:00,593.7100219726562,594.8699951171875,593.5700073242188,594.5999755859375,1244964
2025-02-25 20:55:00+00:00,594.2100219726562,594.8300170898438,593.6500244140625,593.7100219726562,3153454
2025-02-26 14:30:00+00:00,595.2449951171875,596.1199951171875,595.0999755859375,595.9299926757812,2682481
2025-02-26 14:35:00+00:00,596.419921875,596.5,595.0999755859375,595.25,775967
2025-02-26 14:40:00+00:00,595.9199829101562,596.44970703125,595.27001953125,596.4099731445312,571129
2025-02-26 14:45:00+00:00,597.1900024414062,597.2000122070312,595.6599731445312,595.9299926757812,685185
2025-02-26 14:50:00+00:00,597.77001953125,597.7999877929688,597.0499877929688,597.2100219726562,629787
2025-02-26 14:55:00+00:00,597.7100219726562,597.77001953125,596.9199829101562,597.760009765625,430110
2025-02-26 15:00:00+00:00,597.8200073242188,598.02978515625,597.3900146484375,597.7100219726562,617018
2025-02-26 15:05:00+00:00,598.02001953125,598.0800170898438,597.2410888671875,597.8099975585938,489932
2025-02-26 15:10:00+00:00,598.6199951171875,598.72900390625,597.8499755859375,597.9600219726562,441342
2025-02-26 15:15:00+00:00,599.130126953125,599.2100219726562,598.25,598.5999755859375,492099
2025-02-26 15:20:00+00:00,598.6500244140625,599.280029296875,598.4000244140625,599.1400146484375,576914
2025-02-26 15:25:00+00:00,597.9400024414062,598.8499755859375,597.6799926757812,598.6300048828125,468791
2025-02-26 15:30:00+00:00,598.3099975585938,598.719970703125,597.9500122070312,597.9749755859375,420861
2025-02-26 15:35:00+00:00,598.2650146484375,598.9400024414062,597.969970703125,598.2999877929688,381664
2025-02-26 15:40:00+00:00,598.7100219726562,599.0399780273438,598.1699829101562,598.7821044921875,229078
2025-02-26 15:45:00+00:00,598.7999877929688,598.9500122070312,598.52001953125,598.6199951171875,236699
2025-02-26 15:50:00+00:00,598.8099975585938,599.2100219726562,598.2999877929688,598.7999877929688,287109
2025-02-26 15:55:00+00:00,598.8499755859375,598.97998046875,598.5499877929688,598.8099975585938,165612
2025-02-26 16:00:00+00:00,598.989990234375,599.4398803710938,598.8699951171875,598.8699951171875,328888
2025-02-26 16:05:00+00:00,599.3900146484375,599.52001953125,598.9299926757812,599.010009765625,395625
2025-02-26 16:10:00+00:00,599.4500122070312,599.5800170898438,599.22998046875,599.4099731445312,344356
2025-02-26 16:15:00+00:00,599.3699951171875,599.52001953125,599.1599731445312,599.4500122070312,304748
2025-02-26 16:20:00+00:00,599.1500244140625,599.47998046875,598.7999877929688,599.4199829101562,309324
2025-02-26 16:25:00+00:00,598.6500244140625,599.1900024414062,598.6500244140625,599.1500244140625,246935
2025-02-26 16:30:00+00:00,598.5399780273438,598.72998046875,598.0900268554688,598.6799926757812,496335
2025-02-26 16:35:00+00:00,599.2600708007812,599.4000244140625,598.5750122070312,598.5800170898438,278456
2025-02-26 16:40:00+00:00,598.8635864257812,599.4299926757812,598.25,599.27001953125,248358
2025-02-26 16:45:00+00:00,598.8499755859375,598.969970703125,598.6599731445312,598.8699951171875,162538
2025-02-26 16:50:00+00:00,599.1298828125,599.2999877929688,598.72998046875,598.8499755859375,196094
2025-02-26 16:55:00+00:00,598.010009765625,599.1099853515625,597.8200073242188,599.1099853515625,371303
2025-02-26 17:00:00+00:00,598.489990234375,598.5599975585938,597.6799926757812,598.0599975585938,344992
2025-02-26 17:05:00+00:00,598.469970703125,599.0,598.4099731445312,598.5,207169
2025-02-26 17:10:00+00:00,599.0549926757812,599.0999755859375,598.4600219726562,598.5,141361
2025-02-26 17:15:00+00:00,598.6199951171875,599.3790893554688,598.0900268554688,599.0499877929688,464841
2025-02-26 17:20:00+00:00,598.4000244140625,598.760009765625,598.030029296875,598.6500244140625,301938
2025-02-26 17:25:00+00:00,598.5999755859375,598.7750244140625,598.0499877929688,598.4454956054688,225970
2025-02-26 17:30:00+00:00,597.9099731445312,599.010009765625,597.7899780273438,598.67431640625,491606
2025-02-26 17:35:00+00:00,597.2501220703125,597.9099731445312,597.1400146484375,597.9099731445312,560960
2025-02-26 17:40:00+00:00,597.280029296875,597.530029296875,596.780029296875,597.27001953125,377932
2025-02-26 17:45:00+00:00,596.9400024414062,597.5,596.75,597.3200073242188,226629
2025-02-26 17:50:00+00:00,596.27001953125,596.989990234375,595.8200073242188,596.9199829101562,437115
2025-02-26 17:55:00+00:00,595.60498046875,596.3800048828125,595.0999755859375,596.3150024414062,429655
2025-02-26 18:00:00+00:00,595.4099731445312,595.6099243164062,594.8599853515625,595.6099243164062,451812
2025-02-26 18:05:00+00:00,595.489990234375,595.52001953125,594.8499755859375,595.3599853515625,407158
2025-02-26 18:10:00+00:00,595.4550170898438,595.7999267578125,594.9500122070312,595.6599731445312,398703
2025-02-26 18:15:00+00:00,595.0999755859375,595.4099731445312,594.5499877929688,595.4099731445312,545220
2025-02-26 18:20:00+00:00,595.3099975585938,595.6300048828125,594.9600219726562,595.1300048828125,277999
2025-02-26 18:25:00+00:00,593.9249877929688,595.3300170898438,593.8499755859375,595.3200073242188,509586
2025-02-26 18:30:00+00:00,594.3699951171875,594.5900268554688,593.77001953125,593.864990234375,366458
2025-02-26 18:35:00+00:00,593.7899780273438,594.4099731445312,593.739990234375,594.3400268554688,261826
2025-02-26 18:40:00+00:00,593.6400146484375,594.0,593.1699829101562,593.780029296875,526239
2025-02-26 18:45:00+00:00,593.1900024414062,593.8900146484375,593.0599975585938,593.6400146484375,368215
2025-02-26 18:50:00+00:00,593.0499877929688,593.419921875,592.719970703125,593.1699829101562,744540
2025-02-26 18:55:00+00:00,592.5800170898438,593.219970703125,592.1199951171875,593.0800170898438,628284
2025-02-26 19:00:00+00:00,592.5399780273438,593.2999877929688,592.1699829101562,592.5499877929688,881331
2025-02-26 19:05:00+00:00,592.155029296875,592.6500244140625,591.8555908203125,592.530029296875,452318
2025-02-26 19:10:00+00:00,592.5064086914062,592.719970703125,592.0900268554688,592.2100219726562,452678
2025-02-26 19:15:00+00:00,593.052001953125,593.1099853515625,591.969970703125,592.5399780273438,561893
2025-02-26 19:20:00+00:00,593.4299926757812,593.8800048828125,592.919921875,593.0499877929688,426751
2025-02-26 19:25:00+00:00,593.3889770507812,593.8897094726562,593.280029296875,593.4299926757812,322082
2025-02-26 19:30:00+00:00,593.9000244140625,593.9600219726562,593.239990234375,593.3499755859375,449163
2025-02-26 19:35:00+00:00,594.0800170898438,594.2088012695312,593.6900024414062,593.9400024414062,337243
2025-02-26 19:40:00+00:00,594.1799926757812,594.6400146484375,593.9500122070312,594.0700073242188,509907
2025-02-26 19:45:00+00:00,594.0,594.5,593.989990234375,594.1799926757812,239633
2025-02-26 19:50:00+00:00,594.0,594.1400146484375,593.7000122070312,593.9600219726562,283948
2025-02-26 19:55:00+00:00,592.760009765625,594.0,592.6300048828125,593.989990234375,413476
2025-02-26 20:00:00+00:00,592.6799926757812,593.25,592.4600219726562,592.7999877929688,426192
2025-02-26 20:05:00+00:00,593.4299926757812,593.47998046875,592.6998901367188,592.7000122070312,376909
2025-02-26 20:10:00+00:00,593.27001953125,593.72998046875,593.2000122070312,593.4099731445312,354917
2025-02-26 20:15:00+00:00,593.4199829101562,593.469970703125,592.9400024414062,593.22998046875,454311
2025-02-26 20:20:00+00:00,593.6500244140625,593.9000244140625,592.969970703125,593.4199829101562,392765
2025-02-26 20:25:00+00:00,593.5900268554688,593.97998046875,593.5900268554688,593.6699829101562,310565
2025-02-26 20:30:00+00:00,593.7650146484375,593.8699951171875,593.1400146484375,593.510986328125,608928
2025-02-26 20:35:00+00:00,594.0,594.0900268554688,593.4349975585938,593.7650146484375,667230
2025-02-26 20:40:00+00:00,594.8099975585938,594.95751953125,593.760009765625,594.010009765625,700264
2025-02-26 20:45:00+00:00,594.8604125976562,595.2899780273438,594.52001953125,594.780029296875,1028005
2025-02-26 20:50:00+00:00,594.739990234375,595.02001953125,594.25,594.9199829101562,1119043
2025-02-26 20:55:00+00:00,594.4299926757812,594.969970703125,593.6950073242188,594.72998046875,2196486
2025-02-27 14:30:00+00:00,597.0900268554688,597.280029296875,596.5999755859375,596.8499755859375,3904336
2025-02-27 14:35:00+00:00,597.2000122070312,597.9199829101562,597.0599975585938,597.1099853515625,805978
2025-02-27 14:40:00+00:00,595.4699096679688,597.1900024414062,595.0599975585938,597.1900024414062,884837
2025-02-27 14:45:00+00:00,595.5499877929688,596.4400024414062,595.2125244140625,595.47998046875,868286
2025-02-27 14:50:00+00:00,593.75,595.6900024414062,593.6799926757812,595.5399780273438,927949
2025-02-27 14:55:00+00:00,592.4349975585938,593.8200073242188,592.1400146484375,593.77001953125,1265224
2025-02-27 15:00:00+00:00,591.8800048828125,592.4600219726562,590.52001953125,592.4299926757812,2075290
2025-02-27 15:05:00+00:00,592.1148071289062,592.5399780273438,591.6099853515625,591.8800048828125,914623
2025-02-27 15:10:00+00:00,594.0800170898438,594.3900146484375,592.040283203125,592.64501953125,984367
2025-02-27 15:15:00+00:00,594.5800170898438,594.780029296875,593.8499755859375,594.0399780273438,741895
2025-02-27 15:20:00+00:00,595.6900024414062,596.52001953125,594.1300048828125,594.5900268554688,1118643
2025-02-27 15:25:00+00:00,595.4500122070312,595.8400268554688,595.1099853515625,595.6900024414062,596797
2025-02-27 15:30:00+00:00,594.3200073242188,595.5800170898438,593.760009765625,595.4500122070312,575277
2025-02-27 15:35:00+00:00,595.2100219726562,595.719970703125,593.5900268554688,594.2899780273438,480606
2025-02-27 15:40:00+00:00,595.0499877929688,595.4000244140625,594.47998046875,595.20458984375,393388
2025-02-27 15:45:00+00:00,595.2150268554688,595.6400146484375,594.5399780273438,595.0399780273438,391690
2025-02-27 15:50:00+00:00,594.0283813476562,595.2899780273438,593.9000244140625,595.1900024414062,377441
2025-02-27 15:55:00+00:00,593.4320068359375,594.25,593.2899780273438,593.9400024414062,505856
2025-02-27 16:00:00+00:00,593.6599731445312,594.5499877929688,593.219970703125,593.4400024414062,473550
2025-02-27 16:05:00+00:00,593.9199829101562,594.25,593.6500244140625,593.6599731445312,548990
2025-02-27 16:10:00+00:00,595.2999877929688,595.3499755859375,593.9400024414062,593.9400024414062,431072
2025-02-27 16:15:00+00:00,595.8900146484375,596.1400146484375,595.1599731445312,595.3099975585938,367303
2025-02-27 16:20:00+00:00,595.5,596.239990234375,595.3200073242188,595.9000244140625,280612
2025-02-27 16:25:00+00:00,594.1212768554688,595.5999755859375,593.8599853515625,595.3699951171875,368639
2025-02-27 16:30:00+00:00,594.6500244140625,594.8300170898438,593.9000244140625,594.1300048828125,304140
2025-02-27 16:35:00+00:00,594.3095703125,594.9589233398438,594.0700073242188,594.7999877929688,254485
2025-02-27 16:40:00+00:00,593.8900146484375,594.5299072265625,593.6300048828125,594.2999877929688,431754
2025-02-27 16:45:00+00:00,593.8499755859375,594.1400146484375,593.6199951171875,593.780029296875,282842
2025-02-27 16:50:00+00:00,592.8308715820312,593.875,592.5997924804688,593.8499755859375,487429
2025-02-27 16:55:00+00:00,592.4500122070312,593.0800170898438,592.280029296875,592.8800048828125,551764
2025-02-27 17:00:00+00:00,592.9500122070312,593.02001953125,592.2100219726562,592.489990234375,455246
2025-02-27 17:05:00+00:00,592.4000244140625,593.02001953125,592.3499755859375,592.9400024414062,257266
2025-02-27 17:10:00+00:00,592.3900146484375,592.760009765625,592.1309814453125,592.4000244140625,392221
2025-02-27 17:15:00+00:00,591.7100219726562,592.5499877929688,591.6300048828125,592.4500122070312,331200
2025-02-27 17:20:00+00:00,592.6300048828125,592.6599731445312,591.4000244140625,591.7000122070312,592568
2025-02-27 17:25:00+00:00,593.9500122070312,593.989990234375,592.5260009765625,592.6199951171875,434269
2025-02-27 17:30:00+00:00,593.989990234375,594.4749755859375,593.6400146484375,593.9600219726562,473769
2025-02-27 17:35:00+00:00,593.9000244140625,594.3499755859375,593.889892578125,594.010009765625,220961
2025-02-27 17:40:00+00:00,592.8198852539062,593.9199829101562,592.3900146484375,593.9099731445312,316948
2025-02-27 17:45:00+00:00,592.8200073242188,593.4400024414062,592.7100219726562,592.8150024414062,337140
2025-02-27 17:50:00+00:00,593.22998046875,593.5499877929688,592.3699951171875,592.8099975585938,285134
2025-02-27 17:55:00+00:00,593.4199829101562,593.4500122070312,593.0599975585938,593.25,196738
2025-02-27 18:00:00+00:00,593.780029296875,594.35498046875,593.4000244140625,593.4400024414062,429144
2025-02-27 18:05:00+00:00,593.75,593.9400024414062,593.3049926757812,593.7700805664062,291976
2025-02-27 18:10:00+00:00,594.6300048828125,594.9099731445312,593.5800170898438,593.7449951171875,288082
2025-02-27 18:15:00+00:00,594.5900268554688,594.8599853515625,594.2000122070312,594.6497802734375,265777
2025-02-27 18:20:00+00:00,595.02001953125,595.1099853515625,594.2100219726562,594.619873046875,305866
2025-02-27 18:25:00+00:00,594.5900268554688,595.1599731445312,594.469970703125,595.0399780273438,658729
2025-02-27 18:30:00+00:00,594.8402709960938,594.9400024414062,594.385009765625,594.6300048828125,152222
2025-02-27 18:35:00+00:00,594.8699951171875,594.9500122070312,594.4600219726562,594.8699951171875,153144
2025-02-27 18:40:00+00:00,594.3599853515625,594.9299926757812,594.1599731445312,594.9099731445312,239780
2025-02-27 18:45:00+00:00,594.4400024414062,594.5125122070312,593.9400024414062,594.3599853515625,154053
2025-02-27 18:50:00+00:00,594.5599975585938,594.5700073242188,593.8400268554688,594.4199829101562,230179
2025-02-27 18:55:00+00:00,593.7100219726562,594.7000122070312,593.6409912109375,594.4074096679688,324716
2025-02-27 19:00:00+00:00,593.5900268554688,593.8400268554688,593.25,593.760009765625,359574
2025-02-27 19:05:00+00:00,593.260009765625,593.5900268554688,593.0499877929688,593.5599975585938,244301
2025-02-27 19:10:00+00:00,592.5499877929688,593.4099731445312,592.4299926757812,593.25,359966
2025-02-27 19:15:00+00:00,592.5399780273438,592.5800170898438,591.8900146484375,592.5399780273438,580488
2025-02-27 19:20:00+00:00,591.7449951171875,592.719970703125,591.530029296875,592.510009765625,504273
2025-02-27 19:25:00+00:00,590.7697143554688,591.7899780273438,590.6799926757812,591.6500244140625,544121
2025-02-27 19:30:00+00:00,589.3499755859375,590.7999877929688,588.7899780273438,590.781982421875,1140047
2025-02-27 19:35:00+00:00,589.47998046875,589.989990234375,589.27001953125,589.3599853515625,973711
2025-02-27 19:40:00+00:00,589.1400146484375,589.510009765625,588.3400268554688,589.47998046875,878533
2025-02-27 19:45:00+00:00,589.1500244140625,589.760009765625,588.8599853515625,589.1300048828125,798036
2025-02-27 19:50:00+00:00,589.489990234375,589.9400024414062,588.783203125,589.2000122070312,732205
2025-02-27 19:55:00+00:00,589.280029296875,589.9000244140625,589.1500244140625,589.489990234375,511525
2025-02-27 20:00:00+00:00,587.75,589.3499755859375,587.219970703125,589.2999877929688,1359220
2025-02-27 20:05:00+00:00,587.5999755859375,588.1599731445312,587.4299926757812,587.780029296875,1108456
2025-02-27 20:10:00+00:00,587.3099975585938,587.8468017578125,586.72998046875,587.5900268554688,842128
2025-02-27 20:15:00+00:00,586.8189086914062,587.5900268554688,586.6400146484375,587.2949829101562,1161923
2025-02-27 20:20:00+00:00,587.3900146484375,588.010009765625,586.5,586.780029296875,1251317
2025-02-27 20:25:00+00:00,586.3099975585938,587.7899780273438,586.239990234375,587.3800048828125,842997
2025-02-27 20:30:00+00:00,587.010009765625,587.5,586.3201293945312,586.3629760742188,914455
2025-02-27 20:35:00+00:00,586.489990234375,587.5700073242188,586.469970703125,586.97998046875,1034799
2025-02-27 20:40:00+00:00,586.280029296875,586.6599731445312,585.969970703125,586.469970703125,1652188
2025-02-27 20:45:00+00:00,586.5999755859375,586.8200073242188,585.8599853515625,586.25,2010596
2025-02-27 20:50:00+00:00,585.673828125,586.97998046875,585.6500244140625,586.5800170898438,2599354
2025-02-27 20:55:00+00:00,585.0399780273438,585.739990234375,584.6500244140625,585.6900024414062,7008053
2025-02-28 14:30:00+00:00,583.4099731445312,585.5800170898438,583.27001953125,585.5599975585938,4043675
2025-02-28 14:35:00+00:00,585.4099731445312,585.8800048828125,583.3900146484375,583.3900146484375,2364508
2025-02-28 14:40:00+00:00,585.9500122070312,586.3300170898438,584.4299926757812,584.719970703125,1167597
2025-02-28 14:45:00+00:00,585.3300170898438,586.0999755859375,584.8701171875,585.5800170898438,725307
2025-02-28 14:50:00+00:00,585.6600952148438,586.0800170898438,585.0800170898438,585.3400268554688,935374
2025-02-28 14:55:00+00:00,586.030029296875,586.1199951171875,584.72998046875,585.6699829101562,711496
2025-02-28 15:00:00+00:00,586.1799926757812,587.0280151367188,585.2249755859375,586.010009765625,905929
2025-02-28 15:05:00+00:00,586.7100219726562,586.7999877929688,585.4199829101562,586.22998046875,472056
2025-02-28 15:10:00+00:00,587.489990234375,587.5198974609375,586.2999877929688,586.6740112304688,908843
2025-02-28 15:15:00+00:00,586.1599731445312,587.5999755859375,586.0599975585938,586.9600219726562,751730
2025-02-28 15:20:00+00:00,587.719970703125,587.719970703125,585.7899780273438,586.125,708502
2025-02-28 15:25:00+00:00,588.3599853515625,588.3800048828125,587.6400146484375,587.6500244140625,1422552
2025-02-28 15:30:00+00:00,588.3800048828125,588.7000122070312,587.969970703125,588.3599853515625,1015422
2025-02-28 15:35:00+00:00,587.7000122070312,588.4699096679688,587.27001953125,588.3599853515625,603871
2025-02-28 15:40:00+00:00,587.4299926757812,588.0150146484375,587.0900268554688,587.719970703125,459278
2025-02-28 15:45:00+00:00,587.5700073242188,588.260009765625,587.25,587.4500122070312,415108
2025-02-28 15:50:00+00:00,588.260009765625,588.6500244140625,587.510009765625,587.5999755859375,400244
2025-02-28 15:55:00+00:00,588.8599853515625,588.8997802734375,588.0800170898438,588.260009765625,448079
2025-02-28 16:00:00+00:00,588.6099853515625,589.030029296875,588.3599853515625,588.8699951171875,386505
2025-02-28 16:05:00+00:00,588.4400024414062,589.0,588.1599731445312,588.6099853515625,621559
2025-02-28 16:10:00+00:00,587.5800170898438,588.6099853515625,587.3900146484375,588.5050048828125,348752
2025-02-28 16:15:00+00:00,587.1900024414062,587.6759033203125,586.3311767578125,587.6199951171875,648809
2025-02-28 16:20:00+00:00,587.0098876953125,587.8350219726562,586.8499755859375,587.2000122070312,468549
2025-02-28 16:25:00+00:00,586.0599975585938,587.1400146484375,586.0599975585938,586.969970703125,404953
2025-02-28 16:30:00+00:00,587.2999877929688,587.3099975585938,585.8300170898438,586.0700073242188,478156
2025-02-28 16:35:00+00:00,587.530029296875,587.8800048828125,587.02001953125,587.2999877929688,274113
2025-02-28 16:40:00+00:00,587.8900146484375,588.2000122070312,587.4400024414062,587.5386962890625,365580
2025-02-28 16:45:00+00:00,588.1400146484375,588.3400268554688,587.52001953125,587.8350219726562,469266
2025-02-28 16:50:00+00:00,588.0150146484375,588.280029296875,587.4500122070312,588.1900024414062,221359
2025-02-28 16:55:00+00:00,587.3400268554688,588.0499877929688,587.1099853515625,588.0250244140625,315912
2025-02-28 17:00:00+00:00,586.7050170898438,587.5499877929688,586.6500244140625,587.3646850585938,279234
2025-02-28 17:05:00+00:00,586.8499755859375,587.1900024414062,586.510009765625,586.6900024414062,210591
2025-02-28 17:10:00+00:00,587.6199951171875,587.7100219726562,586.7999877929688,586.8300170898438,508341
2025-02-28 17:15:00+00:00,588.1199951171875,588.219970703125,587.260009765625,587.4097900390625,251521
2025-02-28 17:20:00+00:00,586.9299926757812,588.2999877929688,586.47998046875,588.0999755859375,445315
2025-02-28 17:25:00+00:00,587.0250244140625,587.4550170898438,586.8499755859375,586.9199829101562,249547
2025-02-28 17:30:00+00:00,586.6900024414062,587.1799926757812,586.4099731445312,587.0750122070312,472489
2025-02-28 17:35:00+00:00,586.6300048828125,586.8699951171875,586.22998046875,586.6500244140625,430778
2025-02-28 17:40:00+00:00,585.3200073242188,586.739990234375,584.9000244140625,586.6699829101562,685490
2025-02-28 17:45:00+00:00,584.25,585.6400146484375,584.22998046875,585.3300170898438,1076394
2025-02-28 17:50:00+00:00,585.030029296875,585.47998046875,583.9500122070312,584.2550048828125,1129447
2025-02-28 17:55:00+00:00,583.6865844726562,585.0499267578125,583.5999755859375,585.0399780273438,847933
2025-02-28 18:00:00+00:00,584.0933227539062,584.7899780273438,583.4500122070312,583.6900024414062,748352
2025-02-28 18:05:00+00:00,583.9099731445312,584.3099975585938,583.75,584.0800170898438,391981
2025-02-28 18:10:00+00:00,584.1199951171875,584.1199951171875,583.5599975585938,583.9099731445312,458800
2025-02-28 18:15:00+00:00,582.6599731445312,584.5900268554688,582.489990234375,584.1199951171875,2077283
2025-02-28 18:20:00+00:00,582.614990234375,583.3200073242188,582.4400024414062,582.7000122070312,1608997
2025-02-28 18:25:00+00:00,584.719970703125,584.77001953125,582.6099853515625,582.6199951171875,992871
2025-02-28 18:30:00+00:00,585.3231811523438,585.3800048828125,584.2899780273438,584.6900024414062,750630
2025-02-28 18:35:00+00:00,585.8699951171875,585.989990234375,585.239990234375,585.3200073242188,659885
2025-02-28 18:40:00+00:00,585.90380859375,586.52001953125,585.1599731445312,585.8400268554688,761443
2025-02-28 18:45:00+00:00,585.72998046875,586.1400146484375,585.3900146484375,585.9299926757812,486281
2025-02-28 18:50:00+00:00,585.6900024414062,586.3300170898438,585.47998046875,585.6799926757812,302474
2025-02-28 18:55:00+00:00,583.6024780273438,585.760009765625,583.5800170898438,585.6799926757812,695584
2025-02-28 19:00:00+00:00,584.3800048828125,584.9000244140625,583.531005859375,583.5999755859375,564797
2025-02-28 19:05:00+00:00,584.6400146484375,585.1099853515625,584.27001953125,584.3400268554688,703641
2025-02-28 19:10:00+00:00,584.4600219726562,584.7899780273438,584.2000122070312,584.239990234375,357270
2025-02-28 19:15:00+00:00,585.780029296875,585.8099975585938,584.4249877929688,584.4349975585938,448293
2025-02-28 19:20:00+00:00,585.2000122070312,585.8300170898438,584.5499877929688,585.760009765625,488464
2025-02-28 19:25:00+00:00,585.6699829101562,585.8298950195312,585.22998046875,585.22998046875,305653
2025-02-28 19:30:00+00:00,586.2000122070312,586.6599731445312,585.25,585.669921875,551108
2025-02-28 19:35:00+00:00,587.02001953125,587.4000244140625,585.97998046875,586.2100219726562,554713
2025-02-28 19:40:00+00:00,587.4199829101562,587.6900024414062,586.8099975585938,587.030029296875,778943
2025-02-28 19:45:00+00:00,587.780029296875,587.97998046875,587.1900024414062,587.35498046875,485757
2025-02-28 19:50:00+00:00,587.6900024414062,588.22998046875,587.2899780273438,587.77001953125,697083
2025-02-28 19:55:00+00:00,588.0999755859375,588.25,587.4990844726562,587.719970703125,664067
2025-02-28 20:00:00+00:00,588.8300170898438,588.9099731445312,587.8200073242188,588.0900268554688,1113687
2025-02-28 20:05:00+00:00,589.0499877929688,589.2999877929688,588.5709228515625,588.8300170898438,865575
2025-02-28 20:10:00+00:00,588.7100219726562,589.2100219726562,588.3699951171875,589.0599975585938,712974
2025-02-28 20:15:00+00:00,588.3900756835938,589.02001953125,588.3300170898438,588.7000122070312,575954
2025-02-28 20:20:00+00:00,588.3400268554688,588.5599975585938,587.7000122070312,588.4000244140625,802251
2025-02-28 20:25:00+00:00,589.614990234375,589.6799926757812,588.2899780273438,588.3400268554688,921129
2025-02-28 20:30:00+00:00,588.3900146484375,589.6599731445312,588.2999877929688,589.6300048828125,1281129
2025-02-28 20:35:00+00:00,589.0599975585938,589.280029296875,587.9299926757812,588.3900146484375,840207
2025-02-28 20:40:00+00:00,589.8699951171875,590.0599975585938,589.0300903320312,589.0800170898438,1311813
2025-02-28 20:45:00+00:00,590.6799926757812,590.7000122070312,589.6099853515625,589.8599853515625,2609162
2025-02-28 20:50:00+00:00,592.5999755859375,592.6300048828125,590.6099853515625,590.7000122070312,3904793
2025-02-28 20:55:00+00:00,594.0700073242188,594.719970703125,592.5850219726562,592.5900268554688,10472135
2025-03-03 14:30:00+00:00,596.8699951171875,597.3400268554688,595.6199951171875,596.1799926757812,2907593
2025-03-03 14:35:00+00:00,595.2899780273438,597.0347900390625,595.1099853515625,596.8800048828125,924152
2025-03-03 14:40:00+00:00,594.8599853515625,595.739990234375,594.6500244140625,595.35498046875,694323
2025-03-03 14:45:00+00:00,594.27001953125,595.6500244140625,594.0800170898438,594.8400268554688,807885
2025-03-03 14:50:00+00:00,593.9600219726562,594.6300048828125,593.72998046875,594.260009765625,917434
2025-03-03 14:55:00+00:00,592.77001953125,594.1199951171875,592.510009765625,593.989990234375,1102266
2025-03-03 15:00:00+00:00,592.8300170898438,593.0499877929688,590.7100219726562,593.0499877929688,1961791
2025-03-03 15:05:00+00:00,591.9099731445312,593.4400024414062,591.77001953125,592.8250122070312,855512
2025-03-03 15:10:00+00:00,591.9400024414062,593.186279296875,591.6300048828125,591.9000244140625,664202
2025-03-03 15:15:00+00:00,592.1400146484375,592.4000244140625,591.4600219726562,591.8800048828125,556787
2025-03-03 15:20:00+00:00,593.1699829101562,593.8499755859375,591.989990234375,592.1099853515625,584420
2025-03-03 15:25:00+00:00,594.114990234375,594.114990234375,593.0399780273438,593.1500244140625,443837
2025-03-03 15:30:00+00:00,594.010009765625,594.6300048828125,593.4650268554688,594.0900268554688,693327
2025-03-03 15:35:00+00:00,593.6898803710938,594.0900268554688,592.6710205078125,594.0,391437
2025-03-03 15:40:00+00:00,595.1099243164062,595.125,593.1799926757812,593.6599731445312,497093
2025-03-03 15:45:00+00:00,593.3400268554688,595.0599975585938,593.030029296875,595.0599975585938,476841
2025-03-03 15:50:00+00:00,593.8499755859375,594.1442260742188,593.1185302734375,593.3800048828125,270504
2025-03-03 15:55:00+00:00,592.4158935546875,594.02001953125,592.219970703125,593.8699951171875,526734
2025-03-03 16:00:00+00:00,593.1002807617188,593.3800048828125,592.4099731445312,592.4099731445312,592319
2025-03-03 16:05:00+00:00,592.9600219726562,593.5800170898438,592.6799926757812,593.27001953125,529176
2025-03-03 16:10:00+00:00,593.2550048828125,593.5299072265625,592.280029296875,592.97998046875,380773
2025-03-03 16:15:00+00:00,593.6599731445312,593.75,592.8499755859375,593.27001953125,492254
2025-03-03 16:20:00+00:00,594.4099731445312,594.5499267578125,593.4650268554688,593.6300048828125,483388
2025-03-03 16:25:00+00:00,592.4000244140625,594.4099731445312,592.3900146484375,594.4000244140625,524215
2025-03-03 16:30:00+00:00,592.2999877929688,592.8200073242188,592.2100219726562,592.4299926757812,622171
2025-03-03 16:35:00+00:00,591.6848754882812,592.739990234375,591.4500122070312,592.27001953125,523384
2025-03-03 16:40:00+00:00,591.3400268554688,591.8599853515625,591.1699829101562,591.6900024414062,377277
2025-03-03 16:45:00+00:00,592.6099853515625,592.6599731445312,591.25,591.3099975585938,401052
2025-03-03 16:50:00+00:00,592.989990234375,593.2999877929688,592.489990234375,593.0800170898438,277721
2025-03-03 16:55:00+00:00,593.0549926757812,593.423583984375,592.8900146484375,593.0197143554688,273383
2025-03-03 17:00:00+00:00,593.0800170898438,593.202392578125,592.7000122070312,593.0399780273438,211054
2025-03-03 17:05:00+00:00,593.19970703125,593.739990234375,592.989013671875,593.375,277639
2025-03-03 17:10:00+00:00,593.5800170898438,593.8150024414062,593.2100219726562,593.239990234375,151870
2025-03-03 17:15:00+00:00,593.9949951171875,594.1300048828125,593.27001953125,593.6635131835938,388435
2025-03-03 17:20:00+00:00,593.9099731445312,594.1500244140625,593.7401123046875,594.0,263562
2025-03-03 17:25:00+00:00,593.8099975585938,594.1199951171875,593.469970703125,593.8900146484375,154345
2025-03-03 17:30:00+00:00,593.5,593.97998046875,593.3489990234375,593.7999877929688,156475
2025-03-03 17:35:00+00:00,593.7249755859375,593.8099975585938,593.1300048828125,593.4600219726562,232376
2025-03-03 17:40:00+00:00,593.6300048828125,594.219970703125,593.5599975585938,593.719970703125,144737
2025-03-03 17:45:00+00:00,593.260009765625,593.6400146484375,592.7000122070312,593.6400146484375,232779
2025-03-03 17:50:00+00:00,592.3099975585938,593.3300170898438,592.27001953125,593.25,201639
2025-03-03 17:55:00+00:00,592.0001220703125,592.42138671875,591.4199829101562,592.280029296875,403620
2025-03-03 18:00:00+00:00,591.4099731445312,592.1300048828125,591.3300170898438,592.0150146484375,464243
2025-03-03 18:05:00+00:00,589.9630126953125,591.4199829101562,589.8099975585938,590.6497802734375,726697
2025-03-03 18:10:00+00:00,589.3300170898438,590.0,589.1099853515625,589.9600219726562,666444
2025-03-03 18:15:00+00:00,589.7100219726562,590.0399780273438,589.2050170898438,589.3400268554688,582495
2025-03-03 18:20:00+00:00,589.969970703125,590.25,589.2100219726562,589.719970703125,515483
2025-03-03 18:25:00+00:00,588.0902709960938,589.9400024414062,587.8699951171875,589.9400024414062,650422
2025-03-03 18:30:00+00:00,587.7100219726562,588.75,587.5399780273438,588.114990234375,825729
2025-03-03 18:35:00+00:00,587.6599731445312,588.2899780273438,587.47998046875,587.72998046875,447711
2025-03-03 18:40:00+00:00,588.4299926757812,588.75,587.594970703125,587.6500244140625,499374
2025-03-03 18:45:00+00:00,588.72998046875,589.989990234375,587.9000244140625,588.4299926757812,1665190
2025-03-03 18:50:00+00:00,588.7899780273438,589.4290161132812,588.4099731445312,588.72998046875,720932
2025-03-03 18:55:00+00:00,589.1699829101562,589.3900146484375,588.239990234375,588.739990234375,337243
2025-03-03 19:00:00+00:00,589.6900024414062,590.22998046875,588.97998046875,589.1199951171875,805691
2025-03-03 19:05:00+00:00,589.75,590.0399780273438,589.3300170898438,589.6900024414062,282700
2025-03-03 19:10:00+00:00,589.3099975585938,589.97998046875,589.2100219726562,589.719970703125,234194
2025-03-03 19:15:00+00:00,588.4500122070312,589.530029296875,588.2899780273438,589.3699951171875,390103
2025-03-03 19:20:00+00:00,588.8499755859375,589.2449951171875,588.4199829101562,588.4400024414062,298852
2025-03-03 19:25:00+00:00,588.4949951171875,588.8499755859375,588.2401123046875,588.8300170898438,361397
2025-03-03 19:30:00+00:00,589.4650268554688,589.8099975585938,588.4099731445312,588.489990234375,355833
2025-03-03 19:35:00+00:00,589.7000122070312,589.7000122070312,588.739990234375,589.260009765625,331956
2025-03-03 19:40:00+00:00,590.2849731445312,590.6500244140625,589.7000122070312,590.239990234375,595861
2025-03-03 19:45:00+00:00,588.5800170898438,590.280029296875,588.5379028320312,590.280029296875,458196
2025-03-03 19:50:00+00:00,586.8400268554688,589.0,586.0499877929688,588.5700073242188,1472017
2025-03-03 19:55:00+00:00,586.0499877929688,587.0,585.969970703125,586.8499755859375,1434021
2025-03-03 20:00:00+00:00,584.3599853515625,586.0800170898438,583.6400146484375,586.030029296875,2451453
2025-03-03 20:05:00+00:00,583.6199951171875,584.72998046875,583.4299926757812,584.3499755859375,1273000
2025-03-03 20:10:00+00:00,582.8800048828125,583.8900146484375,582.0700073242188,583.6400146484375,2009455
2025-03-03 20:15:00+00:00,582.660400390625,583.8300170898438,582.5800170898438,582.8499755859375,1508361
2025-03-03 20:20:00+00:00,581.9500122070312,583.080078125,581.8300170898438,582.6900024414062,1652927
2025-03-03 20:25:00+00:00,581.2100219726562,582.27001953125,580.8300170898438,581.9500122070312,2318678
2025-03-03 20:30:00+00:00,581.4099731445312,582.52001953125,581.1900024414062,581.1900024414062,1398208
2025-03-03 20:35:00+00:00,580.530029296875,581.6599731445312,580.4199829101562,581.3599853515625,1206357
2025-03-03 20:40:00+00:00,580.5800170898438,580.8699951171875,579.9000244140625,580.3599853515625,1808949
2025-03-03 20:45:00+00:00,581.8599853515625,582.3200073242188,580.4500122070312,580.6099853515625,2112291
2025-03-03 20:50:00+00:00,582.4349975585938,582.469970703125,581.3800048828125,581.7899780273438,2466079
2025-03-03 20:55:00+00:00,583.969970703125,584.1099853515625,582.1400146484375,582.4349975585938,5080903
2025-03-04 14:30:00+00:00,578.5598754882812,579.8200073242188,578.010009765625,579.4400024414062,5208549
2025-03-04 14:35:00+00:00,579.1599731445312,580.2100219726562,578.530029296875,578.7849731445312,2178194
2025-03-04 14:40:00+00:00,578.47998046875,579.9500122070312,577.5900268554688,579.1099853515625,1756573
2025-03-04 14:45:00+00:00,578.030029296875,579.6099853515625,577.9500122070312,578.4400024414062,1714692
2025-03-04 14:50:00+00:00,577.0599975585938,578.219970703125,576.510009765625,578.0499877929688,1055384
2025-03-04 14:55:00+00:00,575.739990234375,577.7299194335938,575.5900268554688,577.0700073242188,1224587
2025-03-04 15:00:00+00:00,575.510009765625,576.2100219726562,574.7650146484375,575.7000122070312,1972144
2025-03-04 15:05:00+00:00,574.5900268554688,576.030029296875,574.4500122070312,575.469970703125,1117801
2025-03-04 15:10:00+00:00,574.7100219726562,575.3900146484375,573.969970703125,574.5850219726562,1428553
2025-03-04 15:15:00+00:00,572.7349853515625,574.7000122070312,572.3900146484375,574.6500244140625,1630485
2025-03-04 15:20:00+00:00,573.4000244140625,573.6099853515625,572.25,572.7100219726562,1515081
2025-03-04 15:25:00+00:00,574.510009765625,575.0499877929688,572.9299926757812,573.3599853515625,1822975
2025-03-04 15:30:00+00:00,575.4400024414062,576.0999755859375,574.22998046875,574.52001953125,1530386
2025-03-04 15:35:00+00:00,574.7899780273438,575.9400024414062,574.52001953125,575.4099731445312,1032150
2025-03-04 15:40:00+00:00,575.3699951171875,575.47998046875,574.0999755859375,574.7999877929688,841666
2025-03-04 15:45:00+00:00,574.9375,575.75,573.780029296875,575.3699951171875,948479
2025-03-04 15:50:00+00:00,573.77001953125,575.1400146484375,573.5,574.9500122070312,803260
2025-03-04 15:55:00+00:00,574.0900268554688,574.280029296875,573.4000244140625,573.780029296875,745479
2025-03-04 16:00:00+00:00,573.9099731445312,574.6599731445312,573.3499755859375,574.0999755859375,1084560
2025-03-04 16:05:00+00:00,572.6799926757812,573.9600219726562,572.530029296875,573.8400268554688,1319560
2025-03-04 16:10:00+00:00,574.6400146484375,574.760009765625,572.4500122070312,572.719970703125,1379529
2025-03-04 16:15:00+00:00,573.5700073242188,575.0900268554688,573.489990234375,574.6099853515625,1260837
2025-03-04 16:20:00+00:00,573.260009765625,574.3699951171875,573.0499877929688,573.530029296875,576402
2025-03-04 16:25:00+00:00,572.9600830078125,573.3900146484375,572.2999877929688,573.2100219726562,957948
2025-03-04 16:30:00+00:00,573.5900268554688,574.219970703125,572.9199829101562,572.989990234375,1364417
2025-03-04 16:35:00+00:00,573.6400146484375,574.3800048828125,573.2899780273438,573.5900268554688,525217
2025-03-04 16:40:00+00:00,575.1900024414062,575.4199829101562,573.4959716796875,573.6400146484375,701559
2025-03-04 16:45:00+00:00,575.6900024414062,575.8900146484375,574.6300048828125,575.1849975585938,928139
2025-03-04 16:50:00+00:00,575.9099731445312,576.342529296875,574.8800048828125,575.8126831054688,926961
2025-03-04 16:55:00+00:00,575.9849853515625,576.5700073242188,575.8200073242188,575.9500122070312,568569
2025-03-04 17:00:00+00:00,576.2999877929688,576.52001953125,575.5599975585938,576.02001953125,510967
2025-03-04 17:05:00+00:00,575.6699829101562,576.3200073242188,575.3300170898438,576.260009765625,464382
2025-03-04 17:10:00+00:00,576.22998046875,576.72998046875,575.5900268554688,575.5900268554688,589317
2025-03-04 17:15:00+00:00,576.6950073242188,576.8599853515625,576.030029296875,576.22998046875,811465
2025-03-04 17:20:00+00:00,577.0800170898438,577.6900024414062,576.5399780273438,576.6950073242188,835411
2025-03-04 17:25:00+00:00,577.8599853515625,578.5700073242188,577.0999755859375,577.0999755859375,1017480
2025-03-04 17:30:00+00:00,577.47998046875,577.85498046875,576.7261962890625,577.8499755859375,715757
2025-03-04 17:35:00+00:00,577.719970703125,578.0399780273438,577.3200073242188,577.510009765625,437734
2025-03-04 17:40:00+00:00,577.260009765625,577.8400268554688,576.6199951171875,577.219970703125,1093275
2025-03-04 17:45:00+00:00,577.469970703125,578.1699829101562,577.0800170898438,577.2899780273438,663150
2025-03-04 17:50:00+00:00,577.0399780273438,577.489990234375,575.9299926757812,577.489990234375,769852
2025-03-04 17:55:00+00:00,576.4940185546875,577.0399780273438,576.1799926757812,577.010009765625,885906
2025-03-04 18:00:00+00:00,576.8599853515625,577.3099975585938,576.030029296875,576.510009765625,1044521
2025-03-04 18:05:00+00:00,578.510009765625,578.6799926757812,576.719970703125,576.8499755859375,570675
2025-03-04 18:10:00+00:00,579.75,580.069580078125,578.375,578.4500122070312,804569
2025-03-04 18:15:00+00:00,578.6900024414062,579.8099975585938,578.052001953125,579.7000122070312,659384
2025-03-04 18:20:00+00:00,577.9600219726562,578.8800048828125,577.5101928710938,578.8200073242188,349077
2025-03-04 18:25:00+00:00,577.5399780273438,578.1199951171875,577.25,577.97998046875,347671
2025-03-04 18:30:00+00:00,578.27001953125,578.2999877929688,576.969970703125,577.47998046875,551404
2025-03-04 18:35:00+00:00,578.7274780273438,578.75,577.7700805664062,578.239990234375,474298
2025-03-04 18:40:00+00:00,579.0999755859375,579.5399780273438,578.6199951171875,578.8460083007812,425624
2025-03-04 18:45:00+00:00,579.010009765625,579.7100219726562,578.8400268554688,579.1099853515625,79343
2025-03-04 18:50:00+00:00,579.7000122070312,579.9400024414062,578.7899780273438,578.9600219726562,346954
2025-03-04 18:55:00+00:00,580.2849731445312,580.8300170898438,579.6599731445312,579.6599731445312,447835
2025-03-04 19:00:00+00:00,581.5349731445312,581.8200073242188,580.1799926757812,580.260009765625,2838798
2025-03-04 19:05:00+00:00,582.0850219726562,582.5050048828125,581.3400268554688,581.530029296875,1078657
2025-03-04 19:10:00+00:00,581.5449829101562,582.2161865234375,581.1900024414062,582.0999755859375,665574
2025-03-04 19:15:00+00:00,581.739990234375,582.030029296875,581.25,581.5700073242188,378265
2025-03-04 19:20:00+00:00,582.6500244140625,582.9149780273438,581.635009765625,582.0,675631
2025-03-04 19:25:00+00:00,581.4000244140625,582.9290161132812,581.3099975585938,582.8599853515625,634840
2025-03-04 19:30:00+00:00,581.0999755859375,581.72998046875,580.7999877929688,581.4199829101562,683643
2025-03-04 19:35:00+00:00,581.9500122070312,582.0800170898438,581.0700073242188,581.1199951171875,743329
2025-03-04 19:40:00+00:00,582.1801147460938,582.4199829101562,581.5800170898438,581.9500122070312,600489
2025-03-04 19:45:00+00:00,582.1400146484375,582.9400024414062,581.9118041992188,582.2100219726562,928805
2025-03-04 19:50:00+00:00,582.2899780273438,582.780029296875,582.0399780273438,582.1300048828125,607226
2025-03-04 19:55:00+00:00,582.8900146484375,583.1300048828125,582.2100219726562,582.239990234375,570723
2025-03-04 20:00:00+00:00,582.5,583.6296997070312,582.2000122070312,582.8200073242188,760860
2025-03-04 20:05:00+00:00,583.0599975585938,583.3400268554688,582.2100219726562,582.47998046875,895529
2025-03-04 20:10:00+00:00,583.47998046875,583.780029296875,582.9000244140625,583.0599975585938,795149
2025-03-04 20:15:00+00:00,583.989990234375,584.1099853515625,582.9400024414062,583.469970703125,790630
2025-03-04 20:20:00+00:00,585.2899780273438,585.3900146484375,583.9000244140625,584.0,1697247
2025-03-04 20:25:00+00:00,583.8400268554688,585.2698974609375,583.7899780273438,585.260009765625,791992
2025-03-04 20:30:00+00:00,581.0800170898438,584.030029296875,580.3499755859375,582.8599853515625,2423040
2025-03-04 20:35:00+00:00,580.0413208007812,581.5,579.969970703125,581.0900268554688,1387962
2025-03-04 20:40:00+00:00,580.010009765625,580.4099731445312,578.8900146484375,580.0599975585938,2160748
2025-03-04 20:45:00+00:00,578.4199829101562,580.6699829101562,578.1099853515625,580.02001953125,2362559
2025-03-04 20:50:00+00:00,576.6304931640625,578.405029296875,574.6900024414062,578.3699951171875,5672786
2025-03-04 20:55:00+00:00,576.8800048828125,577.2050170898438,576.280029296875,576.6500244140625,6051081
2025-03-05 14:30:00+00:00,577.5700073242188,577.5999755859375,576.260009765625,576.6900024414062,3978878
2025-03-05 14:35:00+00:00,577.6500244140625,577.8900146484375,576.469970703125,577.5800170898438,1238784
2025-03-05 14:40:00+00:00,578.5250244140625,579.1199951171875,577.6300048828125,577.6500244140625,1007177
2025-03-05 14:45:00+00:00,576.8800048828125,578.7100219726562,576.8099975585938,578.5,776312
2025-03-05 14:50:00+00:00,576.64501953125,577.989990234375,576.3699951171875,576.8099975585938,775628
2025-03-05 14:55:00+00:00,575.8099975585938,577.0599975585938,575.0,576.6300048828125,1037288
2025-03-05 15:00:00+00:00,578.510009765625,579.3499755859375,575.8499755859375,576.510009765625,1895434
2025-03-05 15:05:00+00:00,578.8900146484375,579.6400146484375,577.9000244140625,578.530029296875,1093808
2025-03-05 15:10:00+00:00,578.3309936523438,579.2100219726562,577.8900146484375,578.8800048828125,531222
2025-03-05 15:15:00+00:00,576.9000244140625,578.02001953125,576.64501953125,577.630126953125,994381
2025-03-05 15:20:00+00:00,576.0,577.2999877929688,575.4000244140625,576.9000244140625,1000007
2025-03-05 15:25:00+00:00,575.8914794921875,576.5800170898438,575.4099731445312,576.0599975585938,928822
2025-03-05 15:30:00+00:00,576.6300048828125,577.1165161132812,575.5004272460938,575.9199829101562,657011
2025-03-05 15:35:00+00:00,577.9849853515625,578.3499755859375,576.469970703125,576.6099853515625,537795
2025-03-05 15:40:00+00:00,577.3499755859375,578.030029296875,576.6500244140625,578.030029296875,391269
2025-03-05 15:45:00+00:00,576.719970703125,578.030029296875,576.719970703125,577.3099975585938,476235
2025-03-05 15:50:00+00:00,577.44970703125,577.510009765625,575.8699951171875,576.52001953125,426472
2025-03-05 15:55:00+00:00,576.9199829101562,577.9099731445312,576.7999877929688,577.469970703125,484287
2025-03-05 16:00:00+00:00,576.0599975585938,576.9099731445312,575.530029296875,576.9000244140625,459986
2025-03-05 16:05:00+00:00,575.4600219726562,576.22998046875,575.2100219726562,576.0399780273438,543151
2025-03-05 16:10:00+00:00,574.8699951171875,575.5399780273438,573.7999877929688,575.4500122070312,1041109
2025-03-05 16:15:00+00:00,574.3696899414062,575.0999755859375,574.1699829101562,574.8699951171875,430655
2025-03-05 16:20:00+00:00,574.8499755859375,574.9600219726562,573.8900146484375,574.3300170898438,508547
2025-03-05 16:25:00+00:00,574.8499755859375,575.0399169921875,573.9099731445312,574.9000244140625,397220
2025-03-05 16:30:00+00:00,573.6099853515625,574.8499755859375,573.4199829101562,574.8400268554688,581730
2025-03-05 16:35:00+00:00,574.3800048828125,574.8099975585938,573.4600219726562,573.6500244140625,644018
2025-03-05 16:40:00+00:00,573.4600219726562,574.4310302734375,573.1799926757812,574.4310302734375,453710
2025-03-05 16:45:00+00:00,573.8300170898438,574.0599975585938,573.0795288085938,573.47998046875,529667
2025-03-05 16:50:00+00:00,574.0999755859375,574.2000122070312,573.1599731445312,573.75,417334
2025-03-05 16:55:00+00:00,575.8900146484375,576.7999877929688,573.9650268554688,574.1124877929688,2168317
2025-03-05 17:00:00+00:00,576.1599731445312,577.6500244140625,575.77001953125,575.8599853515625,1127369
2025-03-05 17:05:00+00:00,576.7119140625,576.77001953125,576.02001953125,576.1699829101562,577564
2025-03-05 17:10:00+00:00,576.47998046875,577.22998046875,576.3499755859375,576.7000122070312,481363
2025-03-05 17:15:00+00:00,576.969970703125,577.5,576.469970703125,576.5599975585938,423476
2025-03-05 17:20:00+00:00,578.030029296875,578.3400268554688,576.7899780273438,576.9885864257812,419324
2025-03-05 17:25:00+00:00,578.7000122070312,578.7899780273438,577.72998046875,578.0700073242188,370477
2025-03-05 17:30:00+00:00,578.9000244140625,579.0889892578125,578.530029296875,578.6900024414062,474833
2025-03-05 17:35:00+00:00,579.219970703125,579.2899780273438,578.5001220703125,578.8800048828125,279041
2025-03-05 17:40:00+00:00,579.1799926757812,579.4600219726562,578.8599853515625,579.25,593612
2025-03-05 17:45:00+00:00,579.0875244140625,579.1900024414062,577.9099731445312,579.1900024414062,614090
2025-03-05 17:50:00+00:00,580.0599975585938,580.6199951171875,579.0700073242188,579.4298706054688,613454
2025-03-05 17:55:00+00:00,580.7462768554688,580.9099731445312,579.9199829101562,580.0700073242188,662076
2025-03-05 18:00:00+00:00,580.7849731445312,580.97998046875,580.1900024414062,580.75,749832
2025-03-05 18:05:00+00:00,578.3300170898438,581.1599731445312,577.739990234375,580.760009765625,1731931
2025-03-05 18:10:00+00:00,579.3900146484375,579.989990234375,578.2000122070312,578.2899780273438,789224
2025-03-05 18:15:00+00:00,579.5499877929688,579.9799194335938,578.9099731445312,579.3699951171875,498925
2025-03-05 18:20:00+00:00,579.6500244140625,579.9963989257812,579.1799926757812,579.5800170898438,324099
2025-03-05 18:25:00+00:00,579.22998046875,579.7498779296875,578.8400268554688,579.6480102539062,276947
2025-03-05 18:30:00+00:00,578.739990234375,579.6699829101562,577.9099731445312,579.27001953125,688578
2025-03-05 18:35:00+00:00,579.3699951171875,579.469970703125,578.260009765625,578.8300170898438,556242
2025-03-05 18:40:00+00:00,578.531494140625,579.3900146484375,578.3099975585938,578.6199951171875,394117
2025-03-05 18:45:00+00:00,580.1199951171875,580.2999877929688,578.5499877929688,578.5499877929688,433076
2025-03-05 18:50:00+00:00,580.5401000976562,580.8200073242188,580.0750122070312,580.1400146484375,872526
2025-03-05 18:55:00+00:00,581.4650268554688,581.5700073242188,580.5399780273438,580.5599975585938,458844
2025-03-05 19:00:00+00:00,582.3699951171875,582.4099731445312,580.8300170898438,581.4600219726562,1075778
2025-03-05 19:05:00+00:00,583.8499755859375,583.8800048828125,582.0399780273438,582.3800048828125,1615894
2025-03-05 19:10:00+00:00,583.9199829101562,584.22998046875,583.4099731445312,583.8400268554688,765940
2025-03-05 19:15:00+00:00,582.7899780273438,584.3400268554688,582.6799926757812,583.9299926757812,932423
2025-03-05 19:20:00+00:00,583.8800048828125,584.010009765625,582.39501953125,582.8049926757812,1516067
2025-03-05 19:25:00+00:00,582.7999877929688,583.635009765625,582.6900024414062,583.4149780273438,528038
2025-03-05 19:30:00+00:00,583.1099853515625,583.4199829101562,582.7999877929688,582.7999877929688,365780
2025-03-05 19:35:00+00:00,583.030029296875,583.47998046875,581.97998046875,583.1400146484375,537072
2025-03-05 19:40:00+00:00,582.9301147460938,583.6099853515625,582.719970703125,583.0599975585938,366047
2025-03-05 19:45:00+00:00,583.6500244140625,583.760009765625,582.6699829101562,582.9400024414062,360922
2025-03-05 19:50:00+00:00,583.7796020507812,583.9299926757812,583.260009765625,583.6400146484375,330934
2025-03-05 19:55:00+00:00,583.0900268554688,584.2000122070312,582.9500122070312,583.75,908945
2025-03-05 20:00:00+00:00,584.364990234375,584.6962280273438,582.9400024414062,583.0250244140625,550791
2025-03-05 20:05:00+00:00,584.6849975585938,584.8800048828125,584.010009765625,584.364990234375,495719
2025-03-05 20:10:00+00:00,584.580078125,584.780029296875,584.2030029296875,584.6699829101562,743176
2025-03-05 20:15:00+00:00,583.239990234375,584.7849731445312,582.25,584.6295166015625,1185834
2025-03-05 20:20:00+00:00,583.0700073242188,583.5999755859375,582.280029296875,583.2349853515625,613654
2025-03-05 20:25:00+00:00,584.1300048828125,584.3399047851562,582.9249877929688,583.0700073242188,568514
2025-03-05 20:30:00+00:00,583.27001953125,584.1599731445312,582.75,584.0999755859375,1055252
2025-03-05 20:35:00+00:00,583.4500122070312,583.530029296875,582.6599731445312,583.3099975585938,1049429
2025-03-05 20:40:00+00:00,583.739990234375,583.97998046875,583.1799926757812,583.4600219726562,655595
2025-03-05 20:45:00+00:00,583.0814819335938,583.760009765625,582.6900024414062,583.75,955736
2025-03-05 20:50:00+00:00,583.60498046875,583.9299926757812,581.3900146484375,583.0599975585938,2268930
2025-03-05 20:55:00+00:00,583.030029296875,583.7180786132812,582.739990234375,583.6199951171875,3597706
2025-03-06 14:30:00+00:00,575.0999755859375,575.75,574.5701293945312,575.47998046875,3528161
2025-03-06 14:35:00+00:00,574.8900146484375,575.1900024414062,573.77001953125,575.0800170898438,1017983
2025-03-06 14:40:00+00:00,573.6300048828125,575.27001953125,573.4500122070312,574.8800048828125,896226
2025-03-06 14:45:00+00:00,574.760009765625,575.0850219726562,573.5800170898438,573.6500244140625,812835
2025-03-06 14:50:00+00:00,574.9000244140625,575.989990234375,574.5499877929688,574.739990234375,981282
2025-03-06 14:55:00+00:00,574.4229736328125,575.1799926757812,574.1400146484375,574.8699951171875,667847
2025-03-06 15:00:00+00:00,576.27001953125,576.6799926757812,574.0850219726562,574.4099731445312,1383542
2025-03-06 15:05:00+00:00,577.280029296875,577.77001953125,576.1900024414062,576.239990234375,1313981
2025-03-06 15:10:00+00:00,577.4299926757812,577.780029296875,576.8800048828125,577.280029296875,963091
2025-03-06 15:15:00+00:00,578.030029296875,578.3599853515625,577.25,577.4450073242188,820730
2025-03-06 15:20:00+00:00,578.0700073242188,578.7100219726562,577.89501953125,578.0499877929688,1156391
2025-03-06 15:25:00+00:00,578.4609985351562,578.6400146484375,576.969970703125,578.0250244140625,871380
2025-03-06 15:30:00+00:00,578.1500244140625,578.6599731445312,577.77001953125,578.4600219726562,534988
2025-03-06 15:35:00+00:00,579.5900268554688,579.739990234375,577.8900146484375,578.1599731445312,450394
2025-03-06 15:40:00+00:00,579.77001953125,580.0599975585938,579.1900024414062,579.5700073242188,515700
2025-03-06 15:45:00+00:00,579.1099853515625,580.030029296875,579.010009765625,579.72998046875,523881
2025-03-06 15:50:00+00:00,577.760009765625,579.1749877929688,577.6649780273438,579.1099853515625,454203
2025-03-06 15:55:00+00:00,578.7100219726562,578.8499755859375,577.489990234375,577.77001953125,572867
2025-03-06 16:00:00+00:00,579.1199951171875,579.6400146484375,578.7100219726562,578.7100219726562,363720
2025-03-06 16:05:00+00:00,580.030029296875,580.1300048828125,578.7050170898438,579.0999755859375,379811
2025-03-06 16:10:00+00:00,579.4000244140625,580.173583984375,579.02001953125,580.0399780273438,347529
2025-03-06 16:15:00+00:00,579.010009765625,579.6300048828125,578.7951049804688,579.3499755859375,316944
2025-03-06 16:20:00+00:00,578.5599975585938,579.2100219726562,577.6500244140625,579.0,551629
2025-03-06 16:25:00+00:00,578.489990234375,579.4099731445312,577.1099853515625,578.5700073242188,1141530
2025-03-06 16:30:00+00:00,579.2000122070312,580.0700073242188,578.1400146484375,578.469970703125,1149861
2025-03-06 16:35:00+00:00,577.1099853515625,579.3200073242188,576.9099731445312,579.22998046875,594678
2025-03-06 16:40:00+00:00,576.7999877929688,577.239990234375,576.3699951171875,577.1099853515625,715255
2025-03-06 16:45:00+00:00,576.3699951171875,577.1500244140625,576.219970703125,576.780029296875,354456
2025-03-06 16:50:00+00:00,575.2899780273438,576.3400268554688,574.97998046875,576.3400268554688,750101
2025-03-06 16:55:00+00:00,574.5,575.2899780273438,574.4199829101562,575.22998046875,766339
2025-03-06 17:00:00+00:00,573.2698974609375,574.989990234375,573.22998046875,574.47998046875,835750
2025-03-06 17:05:00+00:00,573.8400268554688,573.8699951171875,572.530029296875,573.219970703125,1053015
2025-03-06 17:10:00+00:00,572.9299926757812,573.8699951171875,572.8599853515625,573.8200073242188,539654
2025-03-06 17:15:00+00:00,573.4600219726562,573.6500244140625,572.6400146484375,572.9500122070312,643000
2025-03-06 17:20:00+00:00,573.3800048828125,574.5,573.3200073242188,573.469970703125,1068976
2025-03-06 17:25:00+00:00,572.5499877929688,573.3599853515625,572.0,573.3499755859375,960996
2025-03-06 17:30:00+00:00,572.9199829101562,573.75,572.4299926757812,572.5599975585938,738655
2025-03-06 17:35:00+00:00,572.2000122070312,573.030029296875,572.1900024414062,572.8699951171875,457247
2025-03-06 17:40:00+00:00,572.6199951171875,573.5,572.0900268554688,573.0797119140625,802864
2025-03-06 17:45:00+00:00,571.27001953125,572.6286010742188,571.0399780273438,572.3200073242188,1414004
2025-03-06 17:50:00+00:00,571.8699951171875,571.9600219726562,571.1599731445312,571.260009765625,917858
2025-03-06 17:55:00+00:00,573.0698852539062,573.5800170898438,571.7449951171875,571.844970703125,894656
2025-03-06 18:00:00+00:00,572.5599975585938,573.25,572.25,572.9849853515625,587997
2025-03-06 18:05:00+00:00,572.416015625,573.0900268554688,572.1500244140625,572.5499877929688,464985
2025-03-06 18:10:00+00:00,572.9299926757812,573.0499877929688,571.9500122070312,572.52001953125,370495
2025-03-06 18:15:00+00:00,573.79150390625,573.9448852539062,572.9199829101562,572.9199829101562,686942
2025-03-06 18:20:00+00:00,573.8900146484375,574.1599731445312,573.4500122070312,573.52001953125,423353
2025-03-06 18:25:00+00:00,572.530029296875,574.0499877929688,572.3200073242188,573.85009765625,418983
2025-03-06 18:30:00+00:00,572.5,573.1500244140625,572.47998046875,572.8099975585938,371618
2025-03-06 18:35:00+00:00,571.1900024414062,572.8099975585938,571.1900024414062,572.52001953125,582354
2025-03-06 18:40:00+00:00,571.1599731445312,571.239990234375,570.4199829101562,571.1599731445312,952005
2025-03-06 18:45:00+00:00,571.6849975585938,572.219970703125,570.9400024414062,571.1699829101562,545225
2025-03-06 18:50:00+00:00,572.2000122070312,572.7899780273438,571.6799926757812,571.7100219726562,475406
2025-03-06 18:55:00+00:00,572.1790161132812,572.510009765625,571.8499755859375,572.219970703125,469967
2025-03-06 19:00:00+00:00,571.030029296875,572.2999877929688,570.9000244140625,572.0800170898438,532456
2025-03-06 19:05:00+00:00,571.5399780273438,571.7000122070312,570.8400268554688,571.0399780273438,835497
2025-03-06 19:10:00+00:00,571.5599975585938,572.3599853515625,571.489990234375,571.530029296875,565221
2025-03-06 19:15:00+00:00,570.9299926757812,572.0,570.6500244140625,571.5599975585938,745476
2025-03-06 19:20:00+00:00,571.2449951171875,571.280029296875,570.5399780273438,570.9550170898438,728177
2025-03-06 19:25:00+00:00,570.6387939453125,571.2000122070312,570.1199951171875,571.2000122070312,772533
2025-03-06 19:30:00+00:00,570.6599731445312,571.0800170898438,570.1199951171875,570.5999755859375,985853
2025-03-06 19:35:00+00:00,570.8200073242188,571.27001953125,570.4000244140625,570.6599731445312,443764
2025-03-06 19:40:00+00:00,571.7490234375,572.25,570.6900024414062,570.8300170898438,805128
2025-03-06 19:45:00+00:00,573.7000122070312,574.1900024414062,571.6599731445312,571.7100219726562,1441636
2025-03-06 19:50:00+00:00,573.7999877929688,574.9299926757812,573.5,573.739990234375,1281175
2025-03-06 19:55:00+00:00,570.97998046875,573.8200073242188,570.8499755859375,573.7899780273438,1573074
2025-03-06 20:00:00+00:00,572.1400146484375,572.3800048828125,570.4600219726562,571.030029296875,1055449
2025-03-06 20:05:00+00:00,572.3701171875,573.0,571.77001953125,572.1300048828125,759691
2025-03-06 20:10:00+00:00,573.1799926757812,573.260009765625,572.22119140625,572.3400268554688,771908
2025-03-06 20:15:00+00:00,573.2899780273438,573.6099853515625,572.4600219726562,573.1300048828125,583450
2025-03-06 20:20:00+00:00,571.7078247070312,573.5999755859375,571.25,573.239990234375,1178895
2025-03-06 20:25:00+00:00,572.989990234375,573.1900024414062,571.52001953125,571.719970703125,849197
2025-03-06 20:30:00+00:00,572.9349975585938,574.27001953125,572.77001953125,573.0131225585938,991564
2025-03-06 20:35:00+00:00,572.4400024414062,573.739990234375,572.3800048828125,572.9349975585938,937760
2025-03-06 20:40:00+00:00,571.780029296875,572.7000122070312,571.6199951171875,572.4600219726562,1191121
2025-03-06 20:45:00+00:00,573.0499877929688,573.0599975585938,571.5700073242188,571.780029296875,1299959
2025-03-06 20:50:00+00:00,573.4199829101562,573.52001953125,572.4400024414062,573.0599975585938,1928759
2025-03-06 20:55:00+00:00,572.8200073242188,573.5700073242188,572.1400146484375,573.4299926757812,3585856
2025-03-07 14:30:00+00:00,572.7929077148438,573.0,570.7999877929688,570.9000244140625,4866953
2025-03-07 14:35:00+00:00,572.156005859375,573.0700073242188,571.2899780273438,572.8099975585938,968130
2025-03-07 14:40:00+00:00,573.8250122070312,574.7899780273438,572.1400146484375,572.22998046875,1277915
2025-03-07 14:45:00+00:00,575.3800048828125,575.7899780273438,573.767822265625,573.8250122070312,873583
2025-03-07 14:50:00+00:00,575.6403198242188,576.0,574.9299926757812,575.3699951171875,700027
2025-03-07 14:55:00+00:00,573.9500122070312,576.06787109375,573.8699951171875,575.6699829101562,1093932
2025-03-07 15:00:00+00:00,574.7100219726562,574.9299926757812,572.75,573.9500122070312,1181790
2025-03-07 15:05:00+00:00,574.6500244140625,575.0689697265625,574.1699829101562,574.6799926757812,435417
2025-03-07 15:10:00+00:00,573.2000122070312,574.8699951171875,573.0349731445312,574.6300048828125,380818
2025-03-07 15:15:00+00:00,572.2100219726562,573.260009765625,571.77001953125,573.1699829101562,905042
2025-03-07 15:20:00+00:00,573.2000122070312,573.2000122070312,571.9299926757812,572.27001953125,889980
2025-03-07 15:25:00+00:00,572.3599853515625,573.1655883789062,571.9500122070312,573.1500244140625,390122
2025-03-07 15:30:00+00:00,570.0399780273438,572.3499755859375,569.5399780273438,572.3499755859375,1670730
2025-03-07 15:35:00+00:00,569.1400146484375,570.0499877929688,568.75,570.030029296875,1363351
2025-03-07 15:40:00+00:00,569.6400146484375,569.8499755859375,568.4281005859375,569.1699829101562,1399001
2025-03-07 15:45:00+00:00,571.8599853515625,573.0,569.4099731445312,569.6300048828125,2342591
2025-03-07 15:50:00+00:00,570.9199829101562,572.125,569.9199829101562,571.8200073242188,1331368
2025-03-07 15:55:00+00:00,570.9099731445312,571.4600219726562,570.2100219726562,570.9099731445312,520300
2025-03-07 16:00:00+00:00,570.3599243164062,571.094970703125,569.8599853515625,570.9199829101562,447458
2025-03-07 16:05:00+00:00,570.5399780273438,571.260009765625,570.010009765625,570.3090209960938,400864
2025-03-07 16:10:00+00:00,570.2999877929688,570.8400268554688,569.9600219726562,570.5900268554688,735715
2025-03-07 16:15:00+00:00,569.0599975585938,570.5,568.9400024414062,570.3699951171875,577215
2025-03-07 16:20:00+00:00,568.5900268554688,569.3200073242188,568.510009765625,569.0800170898438,520972
2025-03-07 16:25:00+00:00,567.6300048828125,568.6699829101562,567.3699951171875,568.5700073242188,1403395
2025-03-07 16:30:00+00:00,567.5800170898438,568.0349731445312,567.3400268554688,567.4000244140625,784172
2025-03-07 16:35:00+00:00,567.1900024414062,567.75,566.9299926757812,567.5700073242188,906389
2025-03-07 16:40:00+00:00,567.1099853515625,567.219970703125,566.3200073242188,567.1500244140625,2473034
2025-03-07 16:45:00+00:00,566.5599975585938,567.3499755859375,566.2000122070312,567.0599975585938,950203
2025-03-07 16:50:00+00:00,566.3900146484375,566.72998046875,565.6300048828125,566.5999755859375,934619
2025-03-07 16:55:00+00:00,567.0999755859375,567.2098999023438,566.0960083007812,566.4000244140625,1150642
2025-03-07 17:00:00+00:00,567.3499755859375,568.6694946289062,567.0599975585938,567.1199951171875,1219605
2025-03-07 17:05:00+00:00,566.4600219726562,567.9500122070312,566.1300048828125,567.469970703125,804894
2025-03-07 17:10:00+00:00,566.9774780273438,567.1400146484375,565.8599853515625,566.6300048828125,764778
2025-03-07 17:15:00+00:00,566.1599731445312,567.1199951171875,565.7999877929688,566.97998046875,597706
2025-03-07 17:20:00+00:00,567.5549926757812,567.6500244140625,565.989990234375,566.1900024414062,700086
2025-03-07 17:25:00+00:00,568.0800170898438,568.0999755859375,567.2750854492188,567.5499877929688,554737
2025-03-07 17:30:00+00:00,569.4249877929688,569.5499877929688,567.4400024414062,568.0599975585938,1211934
2025-03-07 17:35:00+00:00,569.4520263671875,570.3900146484375,568.7999877929688,569.4099731445312,1093339
2025-03-07 17:40:00+00:00,571.2100219726562,571.3099975585938,569.3599853515625,569.4475708007812,1094526
2025-03-07 17:45:00+00:00,571.360107421875,572.3099975585938,571.0449829101562,571.2100219726562,1019631
2025-03-07 17:50:00+00:00,572.9000244140625,572.9600219726562,571.2999877929688,571.3599853515625,969681
2025-03-07 17:55:00+00:00,570.1849975585938,573.0800170898438,569.6400146484375,572.8400268554688,1287505
2025-03-07 18:00:00+00:00,572.8499755859375,572.9199829101562,570.1300048828125,570.1900024414062,649701
2025-03-07 18:05:00+00:00,572.7498779296875,574.1199951171875,572.6649780273438,572.739990234375,1165441
2025-03-07 18:10:00+00:00,573.4500122070312,573.5599975585938,571.8099975585938,572.7999877929688,710881
2025-03-07 18:15:00+00:00,573.6699829101562,573.760009765625,573.0800170898438,573.4824829101562,406791
2025-03-07 18:20:00+00:00,572.60498046875,574.2899780273438,572.4299926757812,573.6099853515625,858745
2025-03-07 18:25:00+00:00,572.6268920898438,573.030029296875,572.1500244140625,572.5499877929688,436629
2025-03-07 18:30:00+00:00,572.9000244140625,573.1900024414062,572.2899780273438,572.6599731445312,406953
2025-03-07 18:35:00+00:00,574.5399780273438,574.6699829101562,572.7000122070312,572.9299926757812,821866
2025-03-07 18:40:00+00:00,574.1699829101562,574.9299926757812,573.469970703125,574.5599975585938,1209611
2025-03-07 18:45:00+00:00,574.4749755859375,574.989990234375,574.0499877929688,574.1599731445312,658016
2025-03-07 18:50:00+00:00,575.1699829101562,575.2999877929688,574.1500244140625,574.5499877929688,769198
2025-03-07 18:55:00+00:00,575.239990234375,575.2999877929688,574.5501098632812,575.1599731445312,397095
2025-03-07 19:00:00+00:00,575.7100219726562,576.1900024414062,575.1099853515625,575.27001953125,1176877
2025-03-07 19:05:00+00:00,574.1937255859375,575.7000122070312,574.1300048828125,575.7000122070312,705421
2025-03-07 19:10:00+00:00,575.0850219726562,575.3699951171875,574.219970703125,574.219970703125,806719
2025-03-07 19:15:00+00:00,575.9400024414062,576.010009765625,574.969970703125,575.0900268554688,192855
2025-03-07 19:20:00+00:00,577.1599731445312,577.3099975585938,575.9149780273438,575.9149780273438,964532
2025-03-07 19:25:00+00:00,576.5750122070312,577.239990234375,575.8800048828125,577.1599731445312,1001096
2025-03-07 19:30:00+00:00,576.5800170898438,577.1400146484375,576.219970703125,576.6599731445312,496577
2025-03-07 19:35:00+00:00,576.7000122070312,577.0800170898438,575.6199951171875,576.5900268554688,816955
2025-03-07 19:40:00+00:00,575.760009765625,576.9000244140625,575.4600219726562,576.739990234375,686318
2025-03-07 19:45:00+00:00,574.9199829101562,575.7899780273438,574.8400268554688,575.780029296875,760609
2025-03-07 19:50:00+00:00,575.2683715820312,575.469970703125,574.6599731445312,574.9500122070312,424028
2025-03-07 19:55:00+00:00,575.1735229492188,575.7100219726562,574.8900146484375,575.2899780273438,363646
2025-03-07 20:00:00+00:00,575.0,575.3599853515625,574.6199951171875,575.1599731445312,507321
2025-03-07 20:05:00+00:00,576.3900146484375,576.4600219726562,574.9400024414062,575.02001953125,541050
2025-03-07 20:10:00+00:00,575.8499755859375,576.719970703125,575.7449951171875,576.4000244140625,574551
2025-03-07 20:15:00+00:00,576.3800048828125,576.6599731445312,574.6699829101562,574.719970703125,1048700
2025-03-07 20:20:00+00:00,575.4600219726562,576.3800048828125,575.280029296875,576.3800048828125,490872
2025-03-07 20:25:00+00:00,575.9796142578125,576.2100219726562,575.4199829101562,575.4500122070312,439908
2025-03-07 20:30:00+00:00,576.0145263671875,576.3200073242188,575.3200073242188,575.9400024414062,659870
2025-03-07 20:35:00+00:00,573.9249877929688,576.10498046875,573.4000244140625,576.0599975585938,1090606
2025-03-07 20:40:00+00:00,574.5800170898438,574.6849975585938,572.8099975585938,573.9249877929688,1392273
2025-03-07 20:45:00+00:00,575.8699951171875,575.9099731445312,574.3900146484375,574.5499877929688,1183982
2025-03-07 20:50:00+00:00,576.5399780273438,576.5499877929688,574.7999877929688,575.8499755859375,1271639
2025-03-07 20:55:00+00:00,575.8599853515625,577.3900146484375,575.719970703125,576.5700073242188,3525410
2025-03-10 13:30:00+00:00,567.1500244140625,568.7899780273438,566.6799926757812,567.5900268554688,3508529
2025-03-10 13:35:00+00:00,568.385009765625,568.469970703125,567.1099853515625,567.1500244140625,1380787
2025-03-10 13:40:00+00:00,569.1699829101562,569.5399780273438,568.030029296875,568.3300170898438,860471
2025-03-10 13:45:00+00:00,568.4099731445312,569.4600219726562,567.719970703125,569.1599731445312,794591
2025-03-10 13:50:00+00:00,567.0,568.969970703125,566.6699829101562,568.4199829101562,1029492
2025-03-10 13:55:00+00:00,567.3599853515625,568.3599853515625,566.989990234375,566.989990234375,745452
2025-03-10 14:00:00+00:00,565.9000244140625,567.1099853515625,565.6599731445312,567.1099853515625,1058384
2025-03-10 14:05:00+00:00,565.844970703125,566.4000244140625,565.6599731445312,565.9400024414062,1299929
2025-03-10 14:10:00+00:00,566.3599853515625,566.760009765625,565.510009765625,565.8699951171875,1074574
2025-03-10 14:15:00+00:00,565.7650146484375,566.9995727539062,565.5850219726562,566.3499755859375,742567
2025-03-10 14:20:00+00:00,566.3499755859375,566.5399780273438,565.173095703125,565.9199829101562,808051
2025-03-10 14:25:00+00:00,565.5150146484375,566.5999755859375,565.39501953125,566.3499755859375,618396
2025-03-10 14:30:00+00:00,564.6599731445312,566.0499877929688,564.510009765625,565.530029296875,1356077
2025-03-10 14:35:00+00:00,564.989990234375,565.6400146484375,564.4400024414062,564.6649780273438,1217507
2025-03-10 14:40:00+00:00,564.5700073242188,565.1900024414062,564.4747924804688,564.8800048828125,647233
2025-03-10 14:45:00+00:00,564.7498779296875,565.3099975585938,564.0800170898438,564.3200073242188,1235116
2025-03-10 14:50:00+00:00,563.5900268554688,564.8099975585938,563.3499755859375,564.6500244140625,1091903
2025-03-10 14:55:00+00:00,563.9400024414062,564.0800170898438,563.0599975585938,563.5900268554688,1717853
2025-03-10 15:00:00+00:00,564.6699829101562,565.1300048828125,563.9299926757812,563.9500122070312,1631906
2025-03-10 15:05:00+00:00,565.3300170898438,565.4000244140625,564.2999877929688,564.6599731445312,1179541
2025-03-10 15:10:00+00:00,565.22998046875,565.4000244140625,564.5599975585938,565.3200073242188,916443
2025-03-10 15:15:00+00:00,564.1799926757812,565.3499755859375,564.0700073242188,565.2000122070312,652572
2025-03-10 15:20:00+00:00,564.8800048828125,565.260009765625,563.9400024414062,564.1599731445312,647570
2025-03-10 15:25:00+00:00,565.1300048828125,565.2999877929688,564.5,564.8599853515625,470439
2025-03-10 15:30:00+00:00,565.9500122070312,566.2098999023438,565.030029296875,565.125,958884
2025-03-10 15:35:00+00:00,565.5,566.6199951171875,565.3800048828125,565.9400024414062,812129
2025-03-10 15:40:00+00:00,564.0,565.6699829101562,563.6500244140625,565.47998046875,716706
2025-03-10 15:45:00+00:00,565.0499877929688,565.239990234375,563.9450073242188,564.0,633870
2025-03-10 15:50:00+00:00,564.6199951171875,565.1599731445312,564.260009765625,565.010009765625,419735
2025-03-10 15:55:00+00:00,563.8400268554688,564.739990234375,563.6400146484375,564.489990234375,435103
2025-03-10 16:00:00+00:00,563.5999755859375,564.5499877929688,563.510009765625,563.7999877929688,393078
2025-03-10 16:05:00+00:00,563.5499877929688,564.0363159179688,563.364990234375,563.5800170898438,1430985
2025-03-10 16:10:00+00:00,564.469970703125,564.52001953125,563.5599975585938,563.5599975585938,1586660
2025-03-10 16:15:00+00:00,563.0999755859375,564.530029296875,562.8699951171875,564.469970703125,770126
2025-03-10 16:20:00+00:00,563.1177978515625,563.27001953125,562.4500122070312,563.1199951171875,627929
2025-03-10 16:25:00+00:00,563.77001953125,563.77001953125,562.9000244140625,563.0900268554688,755891
2025-03-10 16:30:00+00:00,564.969970703125,565.1099853515625,563.5,563.780029296875,799371
2025-03-10 16:35:00+00:00,562.75,564.9349975585938,562.7100219726562,564.9299926757812,592040
2025-03-10 16:40:00+00:00,562.9749755859375,563.510009765625,562.7100219726562,562.739990234375,690733
2025-03-10 16:45:00+00:00,563.1400146484375,563.5900268554688,562.9299926757812,562.9550170898438,587133
2025-03-10 16:50:00+00:00,563.4199829101562,563.760009765625,562.9801025390625,563.1400146484375,357841
2025-03-10 16:55:00+00:00,563.0,563.7999877929688,562.9400024414062,563.3800048828125,432771
2025-03-10 17:00:00+00:00,562.102294921875,563.1699829101562,562.0499877929688,562.989990234375,739146
2025-03-10 17:05:00+00:00,561.8300170898438,562.489990234375,561.780029296875,562.0900268554688,679231
2025-03-10 17:10:00+00:00,562.02001953125,562.0700073242188,561.0999755859375,561.8699951171875,0
2025-03-10 17:15:00+00:00,562.1500244140625,562.4299926757812,561.7849731445312,562.0150146484375,583268
2025-03-10 17:20:00+00:00,562.6599731445312,563.030029296875,562.0599975585938,562.4000244140625,527772
2025-03-10 17:25:00+00:00,561.8400268554688,562.6699829101562,561.6799926757812,562.5999755859375,576901
2025-03-10 17:30:00+00:00,561.2050170898438,561.969970703125,561.1400146484375,561.8800048828125,431765
2025-03-10 17:35:00+00:00,560.9990234375,561.530029296875,560.3400268554688,561.2000122070312,1047834
2025-03-10 17:40:00+00:00,560.760009765625,561.219970703125,560.739990234375,560.9949951171875,630997
2025-03-10 17:45:00+00:00,560.5399780273438,561.4299926757812,560.3400268554688,560.75,761842
2025-03-10 17:50:00+00:00,561.0700073242188,561.0900268554688,560.0999755859375,560.530029296875,997313
2025-03-10 17:55:00+00:00,560.4199829101562,561.1199951171875,560.3300170898438,561.0499877929688,458325
2025-03-10 18:00:00+00:00,560.1099853515625,560.7000122070312,560.02001953125,560.4099731445312,862239
2025-03-10 18:05:00+00:00,560.1300048828125,560.2000122070312,559.4199829101562,560.1199951171875,1081460
2025-03-10 18:10:00+00:00,560.3599853515625,561.530029296875,559.9199829101562,560.1400146484375,1380512
2025-03-10 18:15:00+00:00,560.219970703125,561.0599975585938,560.1500244140625,560.4000244140625,707631
2025-03-10 18:20:00+00:00,560.1900024414062,560.5900268554688,559.969970703125,560.239990234375,889889
2025-03-10 18:25:00+00:00,559.8200073242188,560.4000244140625,559.4299926757812,560.1799926757812,641261
2025-03-10 18:30:00+00:00,559.8099975585938,560.47998046875,559.7000122070312,559.8200073242188,534846
2025-03-10 18:35:00+00:00,559.3098754882812,559.8798828125,559.219970703125,559.5499877929688,614005
2025-03-10 18:40:00+00:00,559.3099975585938,559.5,558.6699829101562,559.280029296875,745464
2025-03-10 18:45:00+00:00,558.969970703125,559.5399780273438,558.9400024414062,559.2999877929688,581870
2025-03-10 18:50:00+00:00,558.1749877929688,559.260009765625,558.0999755859375,558.9600219726562,776432
2025-03-10 18:55:00+00:00,557.2999877929688,558.260009765625,557.0700073242188,558.1799926757812,1903255
2025-03-10 19:00:00+00:00,556.7999877929688,557.780029296875,556.3400268554688,557.2999877929688,1125030
2025-03-10 19:05:00+00:00,556.02001953125,557.1799926757812,555.8300170898438,556.7849731445312,1623731
2025-03-10 19:10:00+00:00,557.6099853515625,557.6950073242188,555.5900268554688,556.010009765625,1910863
2025-03-10 19:15:00+00:00,558.82568359375,558.9000244140625,557.4299926757812,557.6300048828125,1761996
2025-03-10 19:20:00+00:00,559.8300170898438,559.97998046875,558.6500244140625,558.8400268554688,1429124
2025-03-10 19:25:00+00:00,559.6699829101562,561.2899780273438,559.5499877929688,559.85498046875,1938388
2025-03-10 19:30:00+00:00,561.969970703125,562.22998046875,559.6400146484375,559.719970703125,1620885
2025-03-10 19:35:00+00:00,561.3350219726562,561.9400024414062,560.2603759765625,561.9099731445312,2179207
2025-03-10 19:40:00+00:00,559.1500244140625,561.5499877929688,559.1024780273438,561.3200073242188,1894101
2025-03-10 19:45:00+00:00,560.3200073242188,560.780029296875,559.0599975585938,559.094970703125,1454413
2025-03-10 19:50:00+00:00,560.2399291992188,561.6649780273438,559.4299926757812,560.3499755859375,2381178
2025-03-10 19:55:00+00:00,560.75,561.280029296875,560.010009765625,560.22998046875,5623349
2025-03-11 13:30:00+00:00,558.969970703125,560.22998046875,558.530029296875,559.4000244140625,3459283
2025-03-11 13:35:00+00:00,560.7100219726562,560.8200073242188,558.2999877929688,558.97998046875,1287726
2025-03-11 13:40:00+00:00,560.7000122070312,560.969970703125,559.239990234375,560.72998046875,1064349
2025-03-11 13:45:00+00:00,561.52197265625,561.6900024414062,559.9600219726562,560.6799926757812,1063488
2025-03-11 13:50:00+00:00,559.8400268554688,561.739990234375,559.510009765625,561.52001953125,975202
2025-03-11 13:55:00+00:00,559.7899780273438,560.3200073242188,559.3599853515625,559.8099975585938,636368
2025-03-11 14:00:00+00:00,556.9949951171875,562.1199951171875,556.3200073242188,559.75,2870246
2025-03-11 14:05:00+00:00,559.719970703125,560.0,556.8800048828125,556.989990234375,1538393
2025-03-11 14:10:00+00:00,557.9299926757812,559.9000244140625,557.9299926757812,559.7100219726562,838078
2025-03-11 14:15:00+00:00,558.1849975585938,558.6199951171875,557.239990234375,557.9500122070312,934741
2025-03-11 14:20:00+00:00,557.0499877929688,558.5599975585938,556.510009765625,558.1300048828125,755762
2025-03-11 14:25:00+00:00,555.9857788085938,557.1900024414062,555.6500244140625,557.0999755859375,1295872
2025-03-11 14:30:00+00:00,556.1099853515625,557.239990234375,555.9000244140625,555.9500122070312,856160
2025-03-11 14:35:00+00:00,554.72998046875,556.530029296875,554.3300170898438,556.1199951171875,1061770
2025-03-11 14:40:00+00:00,555.2650146484375,555.869873046875,554.0499877929688,554.75,1065694
2025-03-11 14:45:00+00:00,554.989990234375,556.0999755859375,554.52001953125,555.219970703125,1106654
2025-03-11 14:50:00+00:00,557.010009765625,557.0399780273438,554.6300048828125,554.9199829101562,931335
2025-03-11 14:55:00+00:00,554.77001953125,557.030029296875,554.655029296875,557.010009765625,833675
2025-03-11 15:00:00+00:00,554.9299926757812,555.8400268554688,554.1699829101562,554.739990234375,924228
2025-03-11 15:05:00+00:00,558.030029296875,558.1900024414062,554.760009765625,554.8800048828125,894817
2025-03-11 15:10:00+00:00,557.9000244140625,558.8599853515625,557.3400268554688,557.97998046875,1009944
2025-03-11 15:15:00+00:00,558.3900146484375,558.77001953125,557.7600708007812,557.9105834960938,819341
2025-03-11 15:20:00+00:00,557.2899780273438,558.7100219726562,557.1300048828125,558.3900146484375,836945
2025-03-11 15:25:00+00:00,557.1699829101562,558.5,556.969970703125,557.27001953125,701774
2025-03-11 15:30:00+00:00,558.1699829101562,558.739990234375,557.469970703125,557.469970703125,555394
2025-03-11 15:35:00+00:00,558.440673828125,558.5599975585938,557.1599731445312,558.1400146484375,459881
2025-03-11 15:40:00+00:00,559.3699951171875,559.97998046875,558.4099731445312,558.5,682454
2025-03-11 15:45:00+00:00,559.27001953125,559.5900268554688,558.219970703125,559.3400268554688,494076
2025-03-11 15:50:00+00:00,559.0599975585938,559.4899291992188,558.3599853515625,559.3200073242188,514660
2025-03-11 15:55:00+00:00,557.1699829101562,559.22998046875,556.9400024414062,559.0599975585938,659132
2025-03-11 16:00:00+00:00,556.97998046875,557.6500244140625,556.52001953125,557.1500244140625,621918
2025-03-11 16:05:00+00:00,556.0999755859375,557.1500244140625,555.760009765625,556.9199829101562,596711
2025-03-11 16:10:00+00:00,554.969970703125,556.1599731445312,554.75,556.0900268554688,634075
2025-03-11 16:15:00+00:00,555.530029296875,555.72998046875,554.8300170898438,554.969970703125,535797
2025-03-11 16:20:00+00:00,555.9299926757812,556.4199829101562,555.3800048828125,555.6099853515625,431756
2025-03-11 16:25:00+00:00,555.8099975585938,556.5800170898438,555.6699829101562,555.969970703125,291199
2025-03-11 16:30:00+00:00,556.4299926757812,556.6900024414062,555.6799926757812,555.8499755859375,486189
2025-03-11 16:35:00+00:00,555.510009765625,556.9299926757812,555.3400268554688,556.3900146484375,441082
2025-03-11 16:40:00+00:00,555.2681274414062,556.6199951171875,554.8400268554688,555.52001953125,585853
2025-03-11 16:45:00+00:00,555.6599731445312,555.8900146484375,555.0900268554688,555.2999877929688,314323
2025-03-11 16:50:00+00:00,554.5900268554688,555.8200073242188,554.0999755859375,555.6099853515625,467748
2025-03-11 16:55:00+00:00,554.3200073242188,555.010009765625,553.5700073242188,554.5700073242188,1281418
2025-03-11 17:00:00+00:00,553.7067260742188,554.35498046875,553.3900146484375,554.3198852539062,2327420
2025-03-11 17:05:00+00:00,553.7000122070312,553.9600219726562,553.219970703125,553.6597290039062,393170
2025-03-11 17:10:00+00:00,553.3800048828125,554.02001953125,553.219970703125,553.719970703125,469476
2025-03-11 17:15:00+00:00,553.5999755859375,554.27001953125,553.1199951171875,553.4199829101562,482750
2025-03-11 17:20:00+00:00,552.8400268554688,553.9500122070312,552.0999755859375,553.6099853515625,841179
2025-03-11 17:25:00+00:00,552.2000122070312,553.02001953125,552.0399780273438,552.5,570140
2025-03-11 17:30:00+00:00,552.5650024414062,553.3200073242188,552.02001953125,552.1599731445312,1071195
2025-03-11 17:35:00+00:00,552.8900146484375,553.1500244140625,552.1699829101562,552.5399780273438,755666
2025-03-11 17:40:00+00:00,553.8599853515625,553.8599853515625,552.8699951171875,552.969970703125,680672
2025-03-11 17:45:00+00:00,554.739990234375,555.3900146484375,553.59521484375,553.7999877929688,777403
2025-03-11 17:50:00+00:00,554.77001953125,555.3200073242188,554.1900024414062,554.7000122070312,565317
2025-03-11 17:55:00+00:00,554.280029296875,554.8599853515625,553.22998046875,554.8099975585938,603452
2025-03-11 18:00:00+00:00,556.364990234375,557.02001953125,554.1400146484375,554.260009765625,1198425
2025-03-11 18:05:00+00:00,556.6500244140625,557.3200073242188,555.75,556.364990234375,776575
2025-03-11 18:10:00+00:00,557.7899780273438,557.8699951171875,556.5999755859375,556.64208984375,794067
2025-03-11 18:15:00+00:00,557.6500244140625,557.8499755859375,556.9299926757812,557.8099975585938,749824
2025-03-11 18:20:00+00:00,558.4299926757812,559.3200073242188,557.3814086914062,557.6400146484375,879520
2025-03-11 18:25:00+00:00,558.4400024414062,558.989990234375,557.9500122070312,558.3699951171875,535636
2025-03-11 18:30:00+00:00,557.7650146484375,558.6099853515625,557.3499755859375,558.4099731445312,580962
2025-03-11 18:35:00+00:00,558.739990234375,558.8400268554688,557.3400268554688,557.7899780273438,564015
2025-03-11 18:40:00+00:00,560.719970703125,560.969970703125,558.52001953125,558.719970703125,1516827
2025-03-11 18:45:00+00:00,561.25,561.4450073242188,560.2999877929688,560.7100219726562,1572843
2025-03-11 18:50:00+00:00,562.1799926757812,562.8699951171875,561.0010986328125,561.260009765625,1365531
2025-03-11 18:55:00+00:00,561.5460205078125,562.3699951171875,561.010009765625,561.8198852539062,1507283
2025-03-11 19:00:00+00:00,560.8200073242188,561.8499755859375,559.7100219726562,561.5499877929688,1049271
2025-03-11 19:05:00+00:00,561.8200073242188,564.02001953125,560.8049926757812,560.8800048828125,1401629
2025-03-11 19:10:00+00:00,560.2891235351562,561.8800048828125,560.1900024414062,561.780029296875,1162851
2025-03-11 19:15:00+00:00,559.739990234375,560.3099975585938,559.1099853515625,560.27001953125,1173346
2025-03-11 19:20:00+00:00,558.760009765625,560.9199829101562,558.719970703125,559.780029296875,1080123
2025-03-11 19:25:00+00:00,559.5700073242188,560.219970703125,558.6099853515625,558.8200073242188,619507
2025-03-11 19:30:00+00:00,559.3699951171875,560.0900268554688,559.1099853515625,559.3300170898438,565386
2025-03-11 19:35:00+00:00,559.14501953125,560.3200073242188,558.8300170898438,559.3099975585938,714825
2025-03-11 19:40:00+00:00,559.510009765625,559.6500244140625,558.1900024414062,559.1259765625,1015832
2025-03-11 19:45:00+00:00,559.9500122070312,560.0,558.760009765625,559.47998046875,1217702
2025-03-11 19:50:00+00:00,557.9199829101562,559.9099731445312,557.25,559.9099731445312,2074734
2025-03-11 19:55:00+00:00,556.1199951171875,558.1300048828125,556.010009765625,557.9400024414062,5122533
2025-03-12 13:30:00+00:00,562.4400024414062,563.1099853515625,561.4099731445312,562.1699829101562,8959928
2025-03-12 13:35:00+00:00,562.3400268554688,563.0,561.3200073242188,562.4299926757812,4139790
2025-03-12 13:40:00+00:00,560.6199951171875,562.6799926757812,560.0599975585938,562.3200073242188,1414142
2025-03-12 13:45:00+00:00,560.2899780273438,561.4099731445312,559.4199829101562,560.6599731445312,898653
2025-03-12 13:50:00+00:00,559.5999755859375,561.7999877929688,559.5700073242188,560.2899780273438,1515993
2025-03-12 13:55:00+00:00,559.47998046875,559.9949951171875,558.3400268554688,559.5999755859375,1122078
2025-03-12 14:00:00+00:00,559.3099975585938,559.8200073242188,557.97998046875,559.4600219726562,1134136
2025-03-12 14:05:00+00:00,560.2199096679688,560.4099731445312,559.2899780273438,559.3200073242188,696364
2025-03-12 14:10:00+00:00,559.3900146484375,560.5805053710938,558.8900146484375,560.219970703125,505305
2025-03-12 14:15:00+00:00,559.2000122070312,559.4000244140625,558.22998046875,559.4000244140625,652034
2025-03-12 14:20:00+00:00,558.5349731445312,559.719970703125,558.030029296875,559.1599731445312,504765
2025-03-12 14:25:00+00:00,559.010009765625,559.5800170898438,558.3900146484375,558.52001953125,512749
2025-03-12 14:30:00+00:00,557.5800170898438,559.27001953125,557.280029296875,559.0700073242188,761549
2025-03-12 14:35:00+00:00,557.1400146484375,557.9299926757812,557.0701293945312,557.489990234375,605065
2025-03-12 14:40:00+00:00,556.5800170898438,557.3099975585938,556.27001953125,557.1400146484375,779699
2025-03-12 14:45:00+00:00,556.219970703125,556.9500122070312,555.9600219726562,556.5499877929688,723328
2025-03-12 14:50:00+00:00,557.3699951171875,557.5399780273438,555.969970703125,556.219970703125,774687
2025-03-12 14:55:00+00:00,555.60009765625,557.3400268554688,555.5,557.3099975585938,686562
2025-03-12 15:00:00+00:00,554.89501953125,555.8599853515625,554.6699829101562,555.6199951171875,790190
2025-03-12 15:05:00+00:00,554.5349731445312,555.1099853515625,553.6900024414062,554.9099731445312,787024
2025-03-12 15:10:00+00:00,554.9000244140625,555.1300048828125,554.3699951171875,554.5499877929688,631194
2025-03-12 15:15:00+00:00,555.6699829101562,556.0599975585938,554.3699951171875,554.905029296875,1121573
2025-03-12 15:20:00+00:00,556.3499755859375,556.72998046875,555.030029296875,555.671875,829597
2025-03-12 15:25:00+00:00,556.9000244140625,557.2000122070312,556.1400146484375,556.3499755859375,613242
2025-03-12 15:30:00+00:00,557.1900024414062,557.6400146484375,556.5750122070312,556.9400024414062,471701
2025-03-12 15:35:00+00:00,557.8200073242188,558.2100219726562,557.1599731445312,557.219970703125,518608
2025-03-12 15:40:00+00:00,557.860107421875,558.1900024414062,557.5800170898438,557.8400268554688,357104
2025-03-12 15:45:00+00:00,558.6199951171875,558.8699951171875,557.52001953125,557.8800048828125,630064
2025-03-12 15:50:00+00:00,558.9199829101562,559.1199951171875,558.3900146484375,558.5900268554688,355830
2025-03-12 15:55:00+00:00,559.1199951171875,559.22998046875,557.6799926757812,558.9099731445312,613280
2025-03-12 16:00:00+00:00,558.7000122070312,559.1400146484375,558.239990234375,559.0999755859375,403795
2025-03-12 16:05:00+00:00,559.5599975585938,559.8300170898438,558.5599975585938,558.7100219726562,434578
2025-03-12 16:10:00+00:00,560.4199829101562,560.6799926757812,559.02001953125,559.5700073242188,758335
2025-03-12 16:15:00+00:00,560.3800048828125,560.5599975585938,559.760009765625,560.4600219726562,604327
2025-03-12 16:20:00+00:00,560.5999755859375,560.8599853515625,560.3699951171875,560.5,409657
2025-03-12 16:25:00+00:00,560.27001953125,560.7899780273438,559.7999877929688,560.5800170898438,558697
2025-03-12 16:30:00+00:00,561.0900268554688,561.1300048828125,560.3099975585938,560.3099975585938,396425
2025-03-12 16:35:00+00:00,560.4600219726562,561.260009765625,560.3900146484375,561.0808715820312,723392
2025-03-12 16:40:00+00:00,558.9000244140625,560.4299926757812,558.6900024414062,560.4299926757812,684760
2025-03-12 16:45:00+00:00,560.6701049804688,560.7899780273438,558.72998046875,558.969970703125,455746
2025-03-12 16:50:00+00:00,560.4099731445312,560.9600219726562,559.6699829101562,560.6500244140625,806320
2025-03-12 16:55:00+00:00,559.0700073242188,560.6599731445312,559.0250244140625,560.469970703125,295795
2025-03-12 17:00:00+00:00,559.280029296875,559.5800170898438,558.75,559.0999755859375,267736
2025-03-12 17:05:00+00:00,560.0014038085938,560.0499877929688,558.6599731445312,559.3099975585938,299673
2025-03-12 17:10:00+00:00,560.530029296875,560.5499877929688,559.489990234375,560.010009765625,303524
2025-03-12 17:15:00+00:00,560.3800048828125,560.6597290039062,559.8200073242188,560.4600219726562,281446
2025-03-12 17:20:00+00:00,561.0200805664062,561.1849975585938,560.280029296875,560.4099731445312,367174
2025-03-12 17:25:00+00:00,561.4199829101562,561.4600219726562,560.6300048828125,561.02001953125,401909
2025-03-12 17:30:00+00:00,561.1900024414062,561.780029296875,560.8900146484375,561.489990234375,412443
2025-03-12 17:35:00+00:00,561.02001953125,561.6599731445312,560.9299926757812,561.2899780273438,359853
2025-03-12 17:40:00+00:00,560.6948852539062,561.3599853515625,560.6948852539062,560.989990234375,264612
2025-03-12 17:45:00+00:00,560.3900146484375,561.2899780273438,560.3101196289062,560.7000122070312,341015
2025-03-12 17:50:00+00:00,559.3701171875,560.5800170898438,559.219970703125,560.4000244140625,398612
2025-03-12 17:55:00+00:00,558.010009765625,559.489990234375,557.9400024414062,559.010009765625,702541
2025-03-12 18:00:00+00:00,558.760009765625,559.5800170898438,557.8099975585938,558.0399780273438,795381
2025-03-12 18:05:00+00:00,558.456787109375,558.8099975585938,558.0449829101562,558.739990234375,336862
2025-03-12 18:10:00+00:00,559.4199829101562,559.5700073242188,558.47998046875,558.47998046875,316057
2025-03-12 18:15:00+00:00,559.719970703125,559.719970703125,559.1599731445312,559.405029296875,231505
2025-03-12 18:20:00+00:00,559.5999755859375,560.0198974609375,559.1099853515625,559.719970703125,279870
2025-03-12 18:25:00+00:00,560.2000122070312,560.239990234375,559.4000244140625,559.6300048828125,276997
2025-03-12 18:30:00+00:00,560.530029296875,560.5900268554688,559.8900146484375,560.2100219726562,302894
2025-03-12 18:35:00+00:00,560.3900146484375,560.6699829101562,560.0,560.5,274350
2025-03-12 18:40:00+00:00,561.1864013671875,561.27001953125,560.3900146484375,560.4299926757812,384436
2025-03-12 18:45:00+00:00,561.590087890625,561.9000244140625,561.0,561.1799926757812,470938
2025-03-12 18:50:00+00:00,561.0499877929688,561.614990234375,560.6799926757812,561.5900268554688,507772
2025-03-12 18:55:00+00:00,561.2246704101562,561.52001953125,560.3989868164062,561.0,409387
2025-03-12 19:00:00+00:00,560.6400146484375,561.2000122070312,559.9010009765625,561.2000122070312,609176
2025-03-12 19:05:00+00:00,560.5999755859375,560.760009765625,560.0900268554688,560.6300048828125,630353
2025-03-12 19:10:00+00:00,560.22998046875,560.8499755859375,560.1599731445312,560.6099853515625,244401
2025-03-12 19:15:00+00:00,560.3699951171875,560.5499877929688,559.4199829101562,560.1790161132812,658387
2025-03-12 19:20:00+00:00,559.4550170898438,560.5,559.030029296875,560.3200073242188,463055
2025-03-12 19:25:00+00:00,559.6400146484375,560.1300048828125,559.4000244140625,559.4500122070312,370576
2025-03-12 19:30:00+00:00,559.4600219726562,560.2899780273438,559.3200073242188,559.6400146484375,734866
2025-03-12 19:35:00+00:00,559.1099853515625,559.5900268554688,558.4299926757812,559.4500122070312,1072151
2025-03-12 19:40:00+00:00,559.2999877929688,559.3568115234375,558.4299926757812,559.02001953125,526471
2025-03-12 19:45:00+00:00,559.5599975585938,559.64501953125,558.7999877929688,559.2919921875,941912
2025-03-12 19:50:00+00:00,559.4000244140625,559.5999755859375,558.1699829101562,559.530029296875,2460425
2025-03-12 19:55:00+00:00,558.9199829101562,559.9400024414062,558.8499755859375,559.3800048828125,3042795
2025-03-13 13:30:00+00:00,558.3200073242188,558.5599975585938,557.27001953125,558.489990234375,2490259
2025-03-13 13:35:00+00:00,558.0999755859375,558.6699829101562,557.260009765625,558.3499755859375,696761
2025-03-13 13:40:00+00:00,557.0750122070312,558.718017578125,557.0700073242188,557.9000244140625,598293
2025-03-13 13:45:00+00:00,556.7291259765625,557.530029296875,556.6900024414062,557.1300048828125,776477
2025-03-13 13:50:00+00:00,555.5499877929688,557.030029296875,555.27001953125,556.7100219726562,743600
2025-03-13 13:55:00+00:00,555.030029296875,555.739990234375,554.469970703125,555.5900268554688,909931
2025-03-13 14:00:00+00:00,555.6300048828125,556.1300048828125,554.4500122070312,555.02001953125,1012334
2025-03-13 14:05:00+00:00,556.4400024414062,556.72998046875,555.6300048828125,555.6599731445312,695832
2025-03-13 14:10:00+00:00,557.6401977539062,557.8099975585938,555.9099731445312,556.4199829101562,780984
2025-03-13 14:15:00+00:00,558.1951293945312,558.4506225585938,557.3400268554688,557.6950073242188,580120
2025-03-13 14:20:00+00:00,558.4063720703125,558.47998046875,557.489990234375,558.2100219726562,597968
2025-03-13 14:25:00+00:00,557.114990234375,559.10498046875,556.97998046875,558.4000244140625,606964
2025-03-13 14:30:00+00:00,557.27001953125,558.3699951171875,557.0,557.1300048828125,478755
2025-03-13 14:35:00+00:00,556.4199829101562,557.5800170898438,556.0399780273438,557.260009765625,628082
2025-03-13 14:40:00+00:00,556.3800048828125,556.5700073242188,555.780029296875,556.4099731445312,485548
2025-03-13 14:45:00+00:00,556.0599975585938,556.8400268554688,555.72998046875,556.3200073242188,413754
2025-03-13 14:50:00+00:00,556.6704711914062,557.3699951171875,555.97998046875,556.0700073242188,398003
2025-03-13 14:55:00+00:00,555.97998046875,556.72998046875,555.5599975585938,556.6400146484375,418804
2025-03-13 15:00:00+00:00,556.5999755859375,556.9099731445312,556.0,556.0,445705
2025-03-13 15:05:00+00:00,555.1799926757812,556.969970703125,554.969970703125,556.5900268554688,466111
2025-03-13 15:10:00+00:00,555.02001953125,555.5800170898438,554.6900024414062,555.1900024414062,453201
2025-03-13 15:15:00+00:00,555.2399291992188,555.27001953125,554.5999755859375,555.0599975585938,392642
2025-03-13 15:20:00+00:00,555.0900268554688,555.2000122070312,554.5999755859375,555.1362915039062,318171
2025-03-13 15:25:00+00:00,554.28369140625,555.39990234375,554.1400146484375,555.1099853515625,540671
2025-03-13 15:30:00+00:00,554.3677978515625,554.8363037109375,554.06640625,554.25,469951
2025-03-13 15:35:00+00:00,552.9500122070312,554.375,552.6199951171875,554.3599853515625,1001398
2025-03-13 15:40:00+00:00,554.280029296875,555.1599731445312,552.530029296875,552.969970703125,1151344
2025-03-13 15:45:00+00:00,554.25,554.5499877929688,553.3900146484375,554.280029296875,712986
2025-03-13 15:50:00+00:00,552.9500122070312,554.3499145507812,552.8699951171875,554.3499145507812,988097
2025-03-13 15:55:00+00:00,552.4898071289062,553.1500244140625,552.3699951171875,552.9500122070312,663072
2025-03-13 16:00:00+00:00,553.280029296875,553.4600219726562,552.27001953125,552.469970703125,841793
2025-03-13 16:05:00+00:00,553.8200073242188,554.0700073242188,552.52001953125,553.2750244140625,619119
2025-03-13 16:10:00+00:00,552.969970703125,553.8800048828125,552.9099731445312,553.780029296875,405015
2025-03-13 16:15:00+00:00,553.0599975585938,553.219970703125,552.480224609375,552.9600219726562,402016
2025-03-13 16:20:00+00:00,552.6199951171875,553.31982421875,552.5311889648438,553.0700073242188,333952
2025-03-13 16:25:00+00:00,552.5700073242188,552.9500122070312,552.3236083984375,552.6099853515625,357131
2025-03-13 16:30:00+00:00,553.8099975585938,553.9199829101562,552.2000122070312,552.5900268554688,638518
2025-03-13 16:35:00+00:00,554.4099731445312,554.5,553.340576171875,553.8400268554688,623360
2025-03-13 16:40:00+00:00,553.1699829101562,554.576171875,553.010009765625,554.419921875,596130
2025-03-13 16:45:00+00:00,551.9500122070312,553.3800048828125,551.3599853515625,553.1599731445312,930101
2025-03-13 16:50:00+00:00,552.1701049804688,553.010009765625,551.6199951171875,551.9349975585938,790925
2025-03-13 16:55:00+00:00,552.594970703125,552.6400146484375,551.8599853515625,552.1599731445312,523028
2025-03-13 17:00:00+00:00,552.8800048828125,552.9400024414062,551.989990234375,552.5800170898438,490351
2025-03-13 17:05:00+00:00,552.0601196289062,553.3400268554688,551.9299926757812,552.9400024414062,412241
2025-03-13 17:10:00+00:00,551.5499877929688,552.1799926757812,551.280029296875,552.0700073242188,598740
2025-03-13 17:15:00+00:00,550.5800170898438,551.6199951171875,550.3599853515625,551.5700073242188,718030
2025-03-13 17:20:00+00:00,550.8699951171875,551.4199829101562,550.52001953125,550.5900268554688,661906
2025-03-13 17:25:00+00:00,551.1599731445312,551.3800048828125,550.6900024414062,550.8800048828125,385433
2025-03-13 17:30:00+00:00,550.4019775390625,551.239990234375,550.3300170898438,551.1099853515625,435143
2025-03-13 17:35:00+00:00,550.2000122070312,550.6500244140625,550.0999755859375,550.3800048828125,730931
2025-03-13 17:40:00+00:00,550.0700073242188,550.7000122070312,550.0,550.2000122070312,652542
2025-03-13 17:45:00+00:00,550.02001953125,550.1799926757812,549.6799926757812,550.02001953125,662550
2025-03-13 17:50:00+00:00,550.8499755859375,550.9099731445312,550.0900268554688,550.4312133789062,704983
2025-03-13 17:55:00+00:00,550.0900268554688,550.8800048828125,549.9299926757812,550.8400268554688,442759
2025-03-13 18:00:00+00:00,551.4099731445312,551.7000122070312,549.9749755859375,550.0700073242188,676438
2025-03-13 18:05:00+00:00,551.8300170898438,552.27001953125,551.22998046875,551.4299926757812,642224
2025-03-13 18:10:00+00:00,552.844970703125,553.25,551.7100219726562,551.8198852539062,661096
2025-03-13 18:15:00+00:00,552.0800170898438,552.885009765625,551.8300170898438,552.8499755859375,668644
2025-03-13 18:20:00+00:00,552.6400146484375,552.7999877929688,551.8800048828125,552.02001953125,375661
2025-03-13 18:25:00+00:00,553.0599975585938,553.0599975585938,552.2899780273438,552.6400146484375,654567
2025-03-13 18:30:00+00:00,553.030029296875,553.7100219726562,552.5341796875,553.0700073242188,949697
2025-03-13 18:35:00+00:00,553.6199951171875,553.8800048828125,553.0499877929688,553.0800170898438,871472
2025-03-13 18:40:00+00:00,554.0599975585938,554.1749877929688,553.2999877929688,553.6099853515625,489351
2025-03-13 18:45:00+00:00,554.1099853515625,554.3200073242188,553.47998046875,554.0399780273438,675302
2025-03-13 18:50:00+00:00,553.44970703125,554.260009765625,552.8099975585938,554.1199951171875,727412
2025-03-13 18:55:00+00:00,553.9400024414062,553.9949951171875,553.0700073242188,553.4400024414062,803523
2025-03-13 19:00:00+00:00,553.4600219726562,554.6199951171875,553.2999877929688,553.8040771484375,836892
2025-03-13 19:05:00+00:00,552.510009765625,553.4998779296875,552.2000122070312,553.4600219726562,1014673
2025-03-13 19:10:00+00:00,552.8599853515625,553.1799926757812,552.239990234375,552.510009765625,635609
2025-03-13 19:15:00+00:00,553.1132202148438,553.2999877929688,552.6799926757812,552.9099731445312,449119
2025-03-13 19:20:00+00:00,552.5701293945312,553.1099853515625,552.4400024414062,553.1099853515625,694775
2025-03-13 19:25:00+00:00,551.469970703125,552.5999755859375,550.9000244140625,552.5787963867188,936766
2025-03-13 19:30:00+00:00,551.8499755859375,552.0599975585938,551.0,551.47998046875,889979
2025-03-13 19:35:00+00:00,550.4099731445312,551.8400268554688,550.3800048828125,551.75,1010617
2025-03-13 19:40:00+00:00,551.1199951171875,551.22998046875,550.3699951171875,550.4000244140625,1298114
2025-03-13 19:45:00+00:00,551.239990234375,551.4561767578125,550.6500244140625,551.1300048828125,1162702
2025-03-13 19:50:00+00:00,550.8900146484375,551.22998046875,550.1599731445312,551.2000122070312,1631097
2025-03-13 19:55:00+00:00,551.52001953125,551.6199951171875,550.739990234375,550.9099731445312,5169407
2025-03-14 13:30:00+00:00,556.6436157226562,556.89501953125,555.7999877929688,556.1099853515625,3130044
2025-03-14 13:35:00+00:00,557.7650146484375,558.0975952148438,556.510009765625,556.6500244140625,1092008
2025-03-14 13:40:00+00:00,558.2150268554688,558.2791748046875,557.6199951171875,557.760009765625,633581
2025-03-14 13:45:00+00:00,559.1599731445312,559.2899780273438,558.2100219726562,558.2100219726562,801735
2025-03-14 13:50:00+00:00,559.6099243164062,559.6900024414062,558.6400146484375,559.1900024414062,693686
2025-03-14 13:55:00+00:00,558.4400024414062,559.6300048828125,558.1500244140625,559.6199951171875,812666
2025-03-14 14:00:00+00:00,557.7899780273438,558.4400024414062,555.5,557.6799926757812,2293466
2025-03-14 14:05:00+00:00,557.1463012695312,558.9099731445312,557.1320190429688,557.8099975585938,944364
2025-03-14 14:10:00+00:00,556.75,557.6799926757812,556.280029296875,557.1400146484375,789243
2025-03-14 14:15:00+00:00,556.9199829101562,557.1199951171875,556.4600219726562,556.6599731445312,385119
2025-03-14 14:20:00+00:00,557.5399780273438,557.625,555.9000244140625,556.9000244140625,806791
2025-03-14 14:25:00+00:00,557.0050048828125,557.6199951171875,556.6799926757812,557.5800170898438,401784
2025-03-14 14:30:00+00:00,557.5357055664062,557.8300170898438,556.8800048828125,556.9949951171875,454389
2025-03-14 14:35:00+00:00,558.5999755859375,558.5999755859375,557.0399780273438,557.650390625,445608
2025-03-14 14:40:00+00:00,558.655029296875,558.8499755859375,557.9199829101562,558.5599975585938,526734
2025-03-14 14:45:00+00:00,558.9600219726562,559.27001953125,558.6699829101562,558.6900024414062,427769
2025-03-14 14:50:00+00:00,559.0499267578125,559.489990234375,558.9600219726562,558.9600219726562,366550
2025-03-14 14:55:00+00:00,560.27978515625,560.27978515625,558.5999755859375,559.0526123046875,561891
2025-03-14 15:00:00+00:00,560.52001953125,560.880126953125,560.27001953125,560.27001953125,667542
2025-03-14 15:05:00+00:00,560.1099853515625,560.6400146484375,560.010009765625,560.5549926757812,466987
2025-03-14 15:10:00+00:00,560.3389892578125,560.7000122070312,559.9199829101562,560.1099853515625,502381
2025-03-14 15:15:00+00:00,560.9500732421875,561.0499877929688,560.52001953125,560.5800170898438,403884
2025-03-14 15:20:00+00:00,561.3699951171875,561.4500122070312,560.8300170898438,560.969970703125,446775
2025-03-14 15:25:00+00:00,561.0499877929688,561.510009765625,560.75,561.3599853515625,464993
2025-03-14 15:30:00+00:00,561.5750122070312,561.8400268554688,561.0499877929688,561.0599975585938,403528
2025-03-14 15:35:00+00:00,561.8099975585938,561.8499755859375,561.280029296875,561.5800170898438,312469
2025-03-14 15:40:00+00:00,562.2901000976562,562.2999877929688,561.6901245117188,561.8200073242188,545174
2025-03-14 15:45:00+00:00,561.77001953125,562.4299926757812,561.3099975585938,562.2550048828125,632931
2025-03-14 15:50:00+00:00,561.780029296875,561.8300170898438,561.239990234375,561.780029296875,727149
2025-03-14 15:55:00+00:00,562.1400146484375,562.3200073242188,561.6500244140625,561.77001953125,621156
2025-03-14 16:00:00+00:00,561.530029296875,562.2000122070312,561.5250244140625,562.1400146484375,407322
2025-03-14 16:05:00+00:00,561.0499877929688,561.7498779296875,561.0499877929688,561.5499877929688,405885
2025-03-14 16:10:00+00:00,560.7901000976562,561.25,560.5900268554688,561.0549926757812,283702
2025-03-14 16:15:00+00:00,560.4600219726562,560.8400268554688,560.2100219726562,560.760009765625,749285
2025-03-14 16:20:00+00:00,560.9949951171875,561.25,560.4299926757812,560.52001953125,447613
2025-03-14 16:25:00+00:00,560.219970703125,561.2100219726562,560.0200805664062,561.0,297040
2025-03-14 16:30:00+00:00,560.6300048828125,560.6400146484375,560.0499877929688,560.2396850585938,266169
2025-03-14 16:35:00+00:00,561.0599975585938,561.739990234375,560.6199951171875,560.6599731445312,762002
2025-03-14 16:40:00+00:00,561.6339721679688,561.780029296875,561.0800170898438,561.0800170898438,642235
2025-03-14 16:45:00+00:00,561.7000122070312,561.7000122070312,561.3109741210938,561.6599731445312,584834
2025-03-14 16:50:00+00:00,562.22998046875,562.4299926757812,561.6699829101562,561.7150268554688,636618
2025-03-14 16:55:00+00:00,562.0900268554688,562.3400268554688,561.8099975585938,562.1900024414062,756006
2025-03-14 17:00:00+00:00,562.0499877929688,562.7999877929688,561.8200073242188,562.0700073242188,784079
2025-03-14 17:05:00+00:00,562.36181640625,562.6900024414062,561.8900146484375,562.0349731445312,432490
2025-03-14 17:10:00+00:00,561.8900146484375,562.4581298828125,561.7109985351562,562.4299926757812,351876
2025-03-14 17:15:00+00:00,561.760009765625,562.3800048828125,561.6500244140625,561.875,332265
2025-03-14 17:20:00+00:00,561.719970703125,562.27001953125,561.6900024414062,561.739990234375,581489
2025-03-14 17:25:00+00:00,561.4500122070312,562.0900268554688,561.2100219726562,561.72998046875,576358
2025-03-14 17:30:00+00:00,561.1820068359375,561.9500122070312,561.010009765625,561.4500122070312,412685
2025-03-14 17:35:00+00:00,561.47998046875,561.6300048828125,560.739990234375,561.219970703125,0
2025-03-14 17:40:00+00:00,560.7999877929688,561.530029296875,560.7100219726562,561.4746704101562,32215885
2025-03-14 17:45:00+00:00,560.7412719726562,560.9299926757812,560.489990234375,560.760009765625,349526
2025-03-14 17:50:00+00:00,561.2999877929688,561.4199829101562,560.719970703125,560.719970703125,597692
2025-03-14 17:55:00+00:00,560.6300048828125,561.3300170898438,560.530029296875,561.219970703125,424080
2025-03-14 18:00:00+00:00,561.3699951171875,561.5,560.6300048828125,560.6400146484375,1230301
2025-03-14 18:05:00+00:00,561.3447265625,561.7498779296875,561.1599731445312,561.4500122070312,390940
2025-03-14 18:10:00+00:00,560.760009765625,561.530029296875,560.7000122070312,561.3200073242188,353835
2025-03-14 18:15:00+00:00,560.7100219726562,560.97998046875,560.510009765625,560.72998046875,374723
2025-03-14 18:20:00+00:00,560.3400268554688,560.8900146484375,560.22998046875,560.719970703125,533509
2025-03-14 18:25:00+00:00,560.6900024414062,560.969970703125,560.3099975585938,560.3400268554688,387594
2025-03-14 18:30:00+00:00,561.5650024414062,561.6099853515625,560.6832275390625,560.6900024414062,335763
2025-03-14 18:35:00+00:00,562.1799926757812,562.1900024414062,561.260009765625,561.5449829101562,423926
2025-03-14 18:40:00+00:00,562.0399780273438,562.260009765625,561.6300048828125,562.1699829101562,587063
2025-03-14 18:45:00+00:00,562.0900268554688,562.47998046875,561.9500122070312,562.0250244140625,429009
2025-03-14 18:50:00+00:00,561.8400268554688,562.22998046875,561.6893920898438,562.0999755859375,383061
2025-03-14 18:55:00+00:00,561.760009765625,561.9692993164062,561.25,561.8400268554688,470498
2025-03-14 19:00:00+00:00,562.130126953125,562.1500244140625,561.469970703125,561.77001953125,408224
2025-03-14 19:05:00+00:00,562.3350219726562,562.47998046875,562.010009765625,562.130126953125,520362
2025-03-14 19:10:00+00:00,562.7000122070312,562.75,562.1099853515625,562.3400268554688,603748
2025-03-14 19:15:00+00:00,562.27001953125,562.719970703125,562.1400146484375,562.7000122070312,727312
2025-03-14 19:20:00+00:00,562.1900024414062,562.489990234375,561.77001953125,562.2999877929688,387293
2025-03-14 19:25:00+00:00,561.7999877929688,562.3900146484375,561.719970703125,562.1900024414062,778176
2025-03-14 19:30:00+00:00,562.0900268554688,562.3300170898438,561.8099975585938,561.8099975585938,437921
2025-03-14 19:35:00+00:00,561.6799926757812,562.2100219726562,561.5650024414062,562.0499877929688,766747
2025-03-14 19:40:00+00:00,561.9600219726562,562.030029296875,561.3699951171875,561.6799926757812,903791
2025-03-14 19:45:00+00:00,562.5150146484375,562.5999755859375,561.75,561.9500122070312,1486788
2025-03-14 19:50:00+00:00,563.4199829101562,563.5599975585938,561.7999877929688,562.510009765625,1962003
2025-03-14 19:55:00+00:00,562.7899780273438,563.8300170898438,562.719970703125,563.4099731445312,6324817
2025-03-17 13:30:00+00:00,564.4199829101562,564.4199829101562,562.3499755859375,562.7899780273438,2834511
2025-03-17 13:35:00+00:00,565.5900268554688,565.6699829101562,564.3200073242188,564.4299926757812,1076840
2025-03-17 13:40:00+00:00,565.8800048828125,566.1599731445312,565.4099731445312,565.5900268554688,762869
2025-03-17 13:45:00+00:00,564.780029296875,566.2899780273438,564.7000122070312,565.8995971679688,904407
2025-03-17 13:50:00+00:00,566.0999755859375,566.14501953125,564.376708984375,564.8099975585938,690700
2025-03-17 13:55:00+00:00,565.6500244140625,566.3599853515625,565.489990234375,566.0900268554688,613288
2025-03-17 14:00:00+00:00,564.719970703125,565.7899780273438,564.3223876953125,565.7000122070312,677852
2025-03-17 14:05:00+00:00,565.27001953125,565.6099853515625,564.3800048828125,564.760009765625,473796
2025-03-17 14:10:00+00:00,566.1799926757812,566.280029296875,565.1900024414062,565.2100219726562,519799
2025-03-17 14:15:00+00:00,565.7000122070312,566.2863159179688,565.4600219726562,566.260009765625,433378
2025-03-17 14:20:00+00:00,565.8300170898438,566.1400146484375,565.5150146484375,565.7540283203125,301448
2025-03-17 14:25:00+00:00,564.6400146484375,566.1799926757812,564.5399780273438,565.890380859375,607403
2025-03-17 14:30:00+00:00,564.5900268554688,564.969970703125,564.0,564.6300048828125,812143
2025-03-17 14:35:00+00:00,565.3200073242188,565.4500122070312,563.93359375,564.5999755859375,519433
2025-03-17 14:40:00+00:00,565.530029296875,565.6900024414062,564.9000244140625,565.2999877929688,266457
2025-03-17 14:45:00+00:00,565.3900146484375,565.5599975585938,564.9500122070312,565.260009765625,259730
2025-03-17 14:50:00+00:00,564.47998046875,565.4199829101562,564.3900146484375,565.0999755859375,267817
2025-03-17 14:55:00+00:00,563.97998046875,564.4600219726562,563.6699829101562,564.4600219726562,382112
2025-03-17 15:00:00+00:00,563.8499755859375,564.6099853515625,563.5700073242188,564.02001953125,348728
2025-03-17 15:05:00+00:00,564.0239868164062,564.0999755859375,563.5,563.9000244140625,348588
2025-03-17 15:10:00+00:00,564.5017700195312,564.5900268554688,563.5999755859375,564.02001953125,483742
2025-03-17 15:15:00+00:00,565.1199951171875,565.1727905273438,564.0599975585938,564.5499877929688,327372
2025-03-17 15:20:00+00:00,564.9349975585938,565.22998046875,564.7639770507812,565.1400146484375,275306
2025-03-17 15:25:00+00:00,564.1500244140625,565.0449829101562,564.0800170898438,564.9199829101562,336587
2025-03-17 15:30:00+00:00,563.2764892578125,564.469970703125,562.7999877929688,564.1300048828125,648866
2025-03-17 15:35:00+00:00,563.2454833984375,563.77001953125,563.0499877929688,563.2764892578125,599897
2025-03-17 15:40:00+00:00,563.2999877929688,563.52001953125,563.0,563.260009765625,299778
2025-03-17 15:45:00+00:00,563.9000244140625,563.9398803710938,563.1500244140625,563.3200073242188,258118
2025-03-17 15:50:00+00:00,564.2100219726562,564.260009765625,563.5999755859375,563.9000244140625,174536
2025-03-17 15:55:00+00:00,563.814208984375,564.3599853515625,563.6099853515625,564.239990234375,208885
2025-03-17 16:00:00+00:00,564.1599731445312,564.22998046875,563.2899780273438,563.8300170898438,233817
2025-03-17 16:05:00+00:00,564.97998046875,565.1849975585938,564.14501953125,564.1799926757812,324532
2025-03-17 16:10:00+00:00,564.9400024414062,565.27001953125,564.6599731445312,565.02001953125,228326
2025-03-17 16:15:00+00:00,564.3895874023438,565.0499877929688,564.2100219726562,565.0399780273438,227831
2025-03-17 16:20:00+00:00,564.0599975585938,564.4400024414062,563.719970703125,564.3900146484375,301668
2025-03-17 16:25:00+00:00,563.8499145507812,564.22998046875,563.7100219726562,564.030029296875,199579
2025-03-17 16:30:00+00:00,564.010009765625,564.239990234375,563.6599731445312,563.8400268554688,204021
2025-03-17 16:35:00+00:00,564.2899780273438,564.7100219726562,563.9299926757812,564.2899780273438,260707
2025-03-17 16:40:00+00:00,563.8101196289062,564.2547607421875,563.5999755859375,564.25,270536
2025-03-17 16:45:00+00:00,564.32421875,564.3499145507812,563.4503173828125,563.864990234375,261322
2025-03-17 16:50:00+00:00,564.7000122070312,564.7899780273438,564.010009765625,564.3499755859375,184751
2025-03-17 16:55:00+00:00,564.5999755859375,564.9500122070312,564.4299926757812,564.719970703125,306537
2025-03-17 17:00:00+00:00,564.0999755859375,564.7200927734375,563.9616088867188,564.594970703125,266685
2025-03-17 17:05:00+00:00,564.8499755859375,564.9000244140625,564.0599975585938,564.0599975585938,238080
2025-03-17 17:10:00+00:00,565.1300048828125,565.1300048828125,564.6300048828125,564.8699951171875,280346
2025-03-17 17:15:00+00:00,565.0499877929688,565.1699829101562,564.8200073242188,565.1152954101562,197479
2025-03-17 17:20:00+00:00,565.469970703125,565.5599975585938,564.75,565.0499877929688,223470
2025-03-17 17:25:00+00:00,565.8099975585938,566.0,565.4400024414062,565.4400024414062,380992
2025-03-17 17:30:00+00:00,566.219970703125,566.219970703125,565.6099853515625,565.8200073242188,233912
2025-03-17 17:35:00+00:00,566.719970703125,566.8699951171875,566.0499877929688,566.219970703125,614159
2025-03-17 17:40:00+00:00,566.9199829101562,567.1199951171875,566.6500244140625,566.844970703125,287991
2025-03-17 17:45:00+00:00,566.9550170898438,567.0399169921875,566.469970703125,566.9500122070312,371568
2025-03-17 17:50:00+00:00,567.280029296875,567.3699951171875,566.9500122070312,566.9550170898438,548457
2025-03-17 17:55:00+00:00,567.114990234375,567.3400268554688,567.030029296875,567.280029296875,531562
2025-03-17 18:00:00+00:00,567.3300170898438,567.889892578125,567.0850219726562,567.0999755859375,754424
2025-03-17 18:05:00+00:00,567.75,567.8400268554688,567.239990234375,567.344970703125,719417
2025-03-17 18:10:00+00:00,568.3699951171875,568.510009765625,567.52001953125,567.72998046875,642012
2025-03-17 18:15:00+00:00,568.4931030273438,568.760009765625,568.1599731445312,568.4000244140625,545961
2025-03-17 18:20:00+00:00,568.4600219726562,568.6199951171875,568.0800170898438,568.510009765625,399049
2025-03-17 18:25:00+00:00,568.6524047851562,568.9089965820312,568.4299926757812,568.469970703125,471003
2025-03-17 18:30:00+00:00,569.1199951171875,569.1500244140625,568.4949951171875,568.655029296875,607187
2025-03-17 18:35:00+00:00,568.97998046875,569.1500244140625,568.57568359375,569.1500244140625,635658
2025-03-17 18:40:00+00:00,568.9588012695312,569.0800170898438,568.719970703125,568.9650268554688,296648
2025-03-17 18:45:00+00:00,569.4149780273438,569.6199951171875,568.8599853515625,568.9500122070312,516562
2025-03-17 18:50:00+00:00,569.4199829101562,569.7098999023438,569.2899780273438,569.4000244140625,388867
2025-03-17 18:55:00+00:00,569.2000122070312,569.7100219726562,569.1649780273438,569.4400024414062,382649
2025-03-17 19:00:00+00:00,568.9500122070312,569.3099975585938,568.7412719726562,569.1699829101562,431408
2025-03-17 19:05:00+00:00,568.8200073242188,569.27001953125,568.8200073242188,568.9403076171875,688057
2025-03-17 19:10:00+00:00,568.6900024414062,568.9000244140625,568.4299926757812,568.8599853515625,652732
2025-03-17 19:15:00+00:00,568.6699829101562,568.72998046875,568.3800048828125,568.7000122070312,401188
2025-03-17 19:20:00+00:00,568.780029296875,568.969970703125,568.64501953125,568.6599731445312,554614
2025-03-17 19:25:00+00:00,569.0449829101562,569.1099243164062,568.52001953125,568.7899780273438,640046
2025-03-17 19:30:00+00:00,568.719970703125,569.2999877929688,568.6610107421875,569.239990234375,536438
2025-03-17 19:35:00+00:00,568.719970703125,568.97998046875,568.510009765625,568.719970703125,603931
2025-03-17 19:40:00+00:00,568.9000244140625,568.9500122070312,568.5399780273438,568.72998046875,531916
2025-03-17 19:45:00+00:00,568.6300048828125,568.989990234375,568.510009765625,568.8800048828125,593244
2025-03-17 19:50:00+00:00,568.1199951171875,568.8150024414062,567.8499755859375,568.5999755859375,1877828
2025-03-17 19:55:00+00:00,567.02001953125,568.1199951171875,566.8200073242188,568.1099853515625,4198753
2025-03-18 13:30:00+00:00,564.0499877929688,565.02001953125,563.9500122070312,564.7999877929688,2574843
2025-03-18 13:35:00+00:00,562.7899780273438,564.0599975585938,562.6199951171875,564.0599975585938,1048150
2025-03-18 13:40:00+00:00,561.75,563.4199829101562,561.6727905273438,562.760009765625,1155532
2025-03-18 13:45:00+00:00,561.8900146484375,562.280029296875,561.1300048828125,561.719970703125,1047068
2025-03-18 13:50:00+00:00,561.3499755859375,562.2100219726562,561.25,561.8800048828125,720431
2025-03-18 13:55:00+00:00,560.77001953125,561.4691162109375,560.635009765625,561.3499755859375,801884
2025-03-18 14:00:00+00:00,561.0050048828125,561.0700073242188,560.239990234375,560.780029296875,1118768
2025-03-18 14:05:00+00:00,561.5,561.5700073242188,560.64501953125,560.989990234375,795182
2025-03-18 14:10:00+00:00,560.52001953125,561.6099853515625,560.4949951171875,561.489990234375,759068
2025-03-18 14:15:00+00:00,560.510009765625,560.9000244140625,560.1500244140625,560.5399780273438,672586
2025-03-18 14:20:00+00:00,561.1599731445312,561.2949829101562,560.4199829101562,560.489990234375,543201
2025-03-18 14:25:00+00:00,561.3060302734375,561.47998046875,560.9400024414062,561.2000122070312,436413
2025-03-18 14:30:00+00:00,561.4500122070312,561.5800170898438,560.8499755859375,561.2899780273438,558651
2025-03-18 14:35:00+00:00,561.8300170898438,561.875,561.1599731445312,561.4400024414062,582055
2025-03-18 14:40:00+00:00,561.1099853515625,562.0700073242188,560.9450073242188,561.8701171875,492779
2025-03-18 14:45:00+00:00,560.5999755859375,561.1599731445312,560.489990234375,561.1599731445312,421241
2025-03-18 14:50:00+00:00,561.0650024414062,561.3397827148438,560.5900268554688,560.5900268554688,343757
2025-03-18 14:55:00+00:00,560.7899780273438,561.625,560.52001953125,561.0549926757812,465256
2025-03-18 15:00:00+00:00,559.969970703125,560.9299926757812,559.4199829101562,560.7899780273438,866327
2025-03-18 15:05:00+00:00,559.780029296875,560.0700073242188,559.3400268554688,559.969970703125,700283
2025-03-18 15:10:00+00:00,560.3200073242188,560.4199829101562,559.5999755859375,559.780029296875,420306
2025-03-18 15:15:00+00:00,560.3599853515625,560.489990234375,559.8300170898438,560.1900024414062,312152
2025-03-18 15:20:00+00:00,559.8900146484375,560.4600219726562,559.6599731445312,560.39501953125,288013
2025-03-18 15:25:00+00:00,559.969970703125,560.6300048828125,559.8800048828125,559.8800048828125,404016
2025-03-18 15:30:00+00:00,560.0800170898438,560.4000244140625,559.7352905273438,559.9400024414062,276421
2025-03-18 15:35:00+00:00,560.5900268554688,560.6699829101562,559.9299926757812,560.0399780273438,295416
2025-03-18 15:40:00+00:00,560.25,560.8200073242188,559.97998046875,560.5900268554688,264552
2025-03-18 15:45:00+00:00,559.9014892578125,560.5650024414062,559.8699951171875,560.25,333789
2025-03-18 15:50:00+00:00,559.5717163085938,559.9600219726562,559.5,559.9000244140625,302050
2025-03-18 15:55:00+00:00,559.6099853515625,559.8200073242188,559.0599975585938,559.5900268554688,588517
2025-03-18 16:00:00+00:00,560.0900268554688,560.260009765625,559.4099731445312,559.6099853515625,314420
2025-03-18 16:05:00+00:00,560.1900024414062,560.3300170898438,559.97998046875,560.0800170898438,1519963
2025-03-18 16:10:00+00:00,561.030029296875,561.0999755859375,560.1500244140625,560.1799926757812,554954
2025-03-18 16:15:00+00:00,560.3804931640625,561.2000122070312,560.3300170898438,561.0399780273438,347051
2025-03-18 16:20:00+00:00,560.8400268554688,560.8400268554688,560.3300170898438,560.3499755859375,299919
2025-03-18 16:25:00+00:00,561.677978515625,561.6799926757812,560.719970703125,560.8200073242188,728679
2025-03-18 16:30:00+00:00,561.260009765625,561.8099975585938,561.1699829101562,561.6599731445312,755774
2025-03-18 16:35:00+00:00,561.3200073242188,561.60498046875,560.8699951171875,561.2698974609375,505749
2025-03-18 16:40:00+00:00,560.1500244140625,561.47998046875,560.0599975585938,561.3300170898438,346011
2025-03-18 16:45:00+00:00,560.010009765625,560.4199829101562,559.8037109375,560.1199951171875,509850
2025-03-18 16:50:00+00:00,560.0899047851562,560.0999755859375,559.3300170898438,560.02001953125,364311
2025-03-18 16:55:00+00:00,560.8508911132812,561.219970703125,560.0700073242188,560.0850219726562,336145
2025-03-18 17:00:00+00:00,560.8599853515625,561.0599975585938,560.6199951171875,560.8599853515625,267906
2025-03-18 17:05:00+00:00,560.25,560.8599853515625,559.8099975585938,560.8599853515625,216935
2025-03-18 17:10:00+00:00,561.041015625,561.1599731445312,559.989990234375,560.260009765625,344917
2025-03-18 17:15:00+00:00,560.0599975585938,561.1489868164062,559.219970703125,561.0463256835938,837466
2025-03-18 17:20:00+00:00,560.6599731445312,560.9400024414062,560.0,560.0679931640625,333516
2025-03-18 17:25:00+00:00,560.5599975585938,561.239990234375,560.22998046875,560.659912109375,602548
2025-03-18 17:30:00+00:00,560.8099975585938,560.8200073242188,560.030029296875,560.5700073242188,322407
2025-03-18 17:35:00+00:00,561.3900146484375,561.489990234375,560.6099853515625,560.8200073242188,324379
2025-03-18 17:40:00+00:00,560.885009765625,561.4400024414062,560.8200073242188,561.3800048828125,413558
2025-03-18 17:45:00+00:00,561.2647094726562,561.469970703125,560.8800048828125,560.8900146484375,227276
2025-03-18 17:50:00+00:00,561.27880859375,561.5587158203125,561.2100219726562,561.280029296875,255143
2025-03-18 17:55:00+00:00,560.8200073242188,561.2999877929688,560.4600219726562,561.2999877929688,301789
2025-03-18 18:00:00+00:00,560.0499877929688,560.9299926757812,559.8099975585938,560.8200073242188,283318
2025-03-18 18:05:00+00:00,560.4357299804688,560.489990234375,559.7999877929688,559.974609375,294142
2025-03-18 18:10:00+00:00,559.82373046875,560.3499755859375,559.72998046875,560.3400268554688,343144
2025-03-18 18:15:00+00:00,560.469970703125,560.47998046875,559.77001953125,559.9099731445312,565163
2025-03-18 18:20:00+00:00,560.9949951171875,561.280029296875,560.2601928710938,560.4600219726562,306805
2025-03-18 18:25:00+00:00,560.47998046875,561.3499755859375,560.4199829101562,561.0101928710938,276453
2025-03-18 18:30:00+00:00,560.6688232421875,561.2999877929688,560.4099731445312,560.489990234375,209394
2025-03-18 18:35:00+00:00,561.1799926757812,561.3599853515625,560.6799926757812,560.6799926757812,194395
2025-03-18 18:40:00+00:00,560.7899780273438,561.2698974609375,560.5650024414062,561.1599731445312,344275
2025-03-18 18:45:00+00:00,561.5399780273438,561.760009765625,560.780029296875,561.0,470252
2025-03-18 18:50:00+00:00,561.5599975585938,562.2150268554688,561.27001953125,561.5,696781
2025-03-18 18:55:00+00:00,561.3991088867188,561.7899780273438,561.0850219726562,561.5399780273438,287712
2025-03-18 19:00:00+00:00,561.1799926757812,561.4400024414062,560.7999877929688,561.3699951171875,371148
2025-03-18 19:05:00+00:00,560.8599853515625,561.3400268554688,560.5800170898438,561.2000122070312,390148
2025-03-18 19:10:00+00:00,561.1099853515625,561.2169189453125,560.5900268554688,560.8300170898438,486888
2025-03-18 19:15:00+00:00,561.4400024414062,561.5999755859375,560.9000244140625,561.0800170898438,349933
2025-03-18 19:20:00+00:00,561.4149780273438,561.7113037109375,561.22998046875,561.4299926757812,1938818
2025-03-18 19:25:00+00:00,561.1099853515625,561.5,560.6099853515625,561.4400024414062,315391
2025-03-18 19:30:00+00:00,561.2794189453125,561.4500122070312,560.8800048828125,561.1199951171875,441376
2025-03-18 19:35:00+00:00,560.760009765625,561.280029296875,560.6900024414062,561.27001953125,993670
2025-03-18 19:40:00+00:00,560.6699829101562,561.1099853515625,560.4600219726562,560.760009765625,840543
2025-03-18 19:45:00+00:00,560.1500244140625,560.7999877929688,559.8400268554688,560.6799926757812,1485625
2025-03-18 19:50:00+00:00,560.9609985351562,561.280029296875,560.02001953125,560.1400146484375,1382411
2025-03-18 19:55:00+00:00,561.0599975585938,561.1699829101562,560.5,560.9600219726562,2837777
2025-03-19 13:30:00+00:00,562.6099853515625,563.2349853515625,562.3101196289062,562.8300170898438,1533811
2025-03-19 13:35:00+00:00,562.72998046875,562.9099731445312,562.1500244140625,562.5599975585938,435046
2025-03-19 13:40:00+00:00,561.905029296875,562.9199829101562,561.6300048828125,562.72998046875,379236
2025-03-19 13:45:00+00:00,563.239990234375,563.548828125,561.860107421875,561.9199829101562,819949
2025-03-19 13:50:00+00:00,564.219970703125,564.3400268554688,563.0499877929688,563.260009765625,503005
2025-03-19 13:55:00+00:00,563.9199829101562,564.4500122070312,563.9000244140625,564.2100219726562,539226
2025-03-19 14:00:00+00:00,564.5339965820312,564.6799926757812,563.9400024414062,563.9400024414062,436958
2025-03-19 14:05:00+00:00,565.2739868164062,565.3800048828125,564.4600219726562,564.5599975585938,592311
2025-03-19 14:10:00+00:00,564.8800048828125,565.2999877929688,564.5900268554688,565.280029296875,442054
2025-03-19 14:15:00+00:00,565.0900268554688,565.0900268554688,564.6099853515625,564.9099731445312,407928
2025-03-19 14:20:00+00:00,564.9099731445312,565.2100219726562,564.8012084960938,565.0800170898438,377447
2025-03-19 14:25:00+00:00,564.47998046875,565.0599975585938,564.4099731445312,564.9500122070312,468852
2025-03-19 14:30:00+00:00,564.5900268554688,564.869873046875,564.3007202148438,564.5,327095
2025-03-19 14:35:00+00:00,564.4000244140625,564.780029296875,564.2999877929688,564.5800170898438,259597
2025-03-19 14:40:00+00:00,563.989990234375,564.5700073242188,563.739990234375,564.4000244140625,395983
2025-03-19 14:45:00+00:00,564.0999145507812,564.219970703125,563.5900268554688,563.9896850585938,531788
2025-03-19 14:50:00+00:00,563.5700073242188,564.1400146484375,563.4099731445312,564.1300048828125,225197
2025-03-19 14:55:00+00:00,563.52001953125,563.7899780273438,563.3009033203125,563.5599975585938,234889
2025-03-19 15:00:00+00:00,563.9000244140625,563.989990234375,563.3499755859375,563.4996948242188,224866
2025-03-19 15:05:00+00:00,564.5499877929688,564.5499877929688,563.7899780273438,563.8800048828125,263068
2025-03-19 15:10:00+00:00,564.5900268554688,564.77001953125,564.4500122070312,564.5551147460938,198670
2025-03-19 15:15:00+00:00,563.75,564.6599731445312,563.719970703125,564.5999755859375,818790
2025-03-19 15:20:00+00:00,564.3400268554688,564.5900268554688,563.5900268554688,563.739990234375,1410123
2025-03-19 15:25:00+00:00,564.5700073242188,564.780029296875,564.1500244140625,564.3400268554688,303600
2025-03-19 15:30:00+00:00,564.7760009765625,564.9299926757812,564.3400268554688,564.5700073242188,268844
2025-03-19 15:35:00+00:00,564.8200073242188,565.010009765625,564.5900268554688,564.7899780273438,296649
2025-03-19 15:40:00+00:00,565.1300048828125,565.25,564.8499755859375,564.8499755859375,325909
2025-03-19 15:45:00+00:00,565.4400024414062,565.47998046875,565.0,565.1300048828125,260034
2025-03-19 15:50:00+00:00,566.010009765625,566.2899780273438,565.4500732421875,565.77001953125,475712
2025-03-19 15:55:00+00:00,565.780029296875,566.0599975585938,565.510009765625,566.030029296875,414332
2025-03-19 16:00:00+00:00,565.760009765625,565.9600219726562,565.5900268554688,565.77001953125,326150
2025-03-19 16:05:00+00:00,565.8400268554688,566.2100219726562,565.7000122070312,565.7750244140625,723408
2025-03-19 16:10:00+00:00,565.2899780273438,565.9299926757812,565.1900024414062,565.8400268554688,574098
2025-03-19 16:15:00+00:00,565.239990234375,565.3599243164062,565.0800170898438,565.3499755859375,207649
2025-03-19 16:20:00+00:00,565.2609252929688,565.5499877929688,565.0399780273438,565.239990234375,227857
2025-03-19 16:25:00+00:00,565.559814453125,565.6500244140625,565.0999755859375,565.25,182631
2025-03-19 16:30:00+00:00,565.25,565.6500244140625,564.9299926757812,565.3499755859375,268301
2025-03-19 16:35:00+00:00,565.0599975585938,565.3099975585938,564.9400024414062,565.219970703125,169443
2025-03-19 16:40:00+00:00,565.0800170898438,565.1400146484375,564.8599853515625,565.0499877929688,142016
2025-03-19 16:45:00+00:00,564.969970703125,565.1699829101562,564.9199829101562,565.0900268554688,276461
2025-03-19 16:50:00+00:00,565.3800048828125,565.4000244140625,564.7725219726562,564.97998046875,233538
2025-03-19 16:55:00+00:00,564.9550170898438,565.389892578125,564.6699829101562,565.3602294921875,243645
2025-03-19 17:00:00+00:00,564.739990234375,565.166015625,564.5399780273438,564.9500122070312,348459
2025-03-19 17:05:00+00:00,564.2100219726562,564.8099975585938,564.0499877929688,564.719970703125,280292
2025-03-19 17:10:00+00:00,563.6699829101562,564.2899780273438,563.5599975585938,564.1826782226562,261441
2025-03-19 17:15:00+00:00,563.75,563.8900146484375,563.280029296875,563.6699829101562,538677
2025-03-19 17:20:00+00:00,563.6649780273438,563.9600219726562,563.6099853515625,563.77001953125,233931
2025-03-19 17:25:00+00:00,563.3499755859375,563.75,563.2999877929688,563.6699829101562,227230
2025-03-19 17:30:00+00:00,563.405029296875,563.486328125,562.9000244140625,563.3800048828125,245181
2025-03-19 17:35:00+00:00,564.1317749023438,564.1799926757812,563.3720092773438,563.4000244140625,283379
2025-03-19 17:40:00+00:00,563.6099853515625,564.25,563.532470703125,564.1599731445312,260692
2025-03-19 17:45:00+00:00,562.969970703125,563.75,562.719970703125,563.5955200195312,294005
2025-03-19 17:50:00+00:00,563.3610229492188,563.52001953125,562.9299926757812,562.9550170898438,284207
2025-03-19 17:55:00+00:00,563.1799926757812,563.52001953125,563.1199951171875,563.3499755859375,257786
2025-03-19 18:00:00+00:00,564.3599853515625,565.0999755859375,562.0,563.1799926757812,1479064
2025-03-19 18:05:00+00:00,564.5599975585938,564.719970703125,563.2999877929688,564.4299926757812,818757
2025-03-19 18:10:00+00:00,565.1900024414062,565.625,564.5800170898438,564.5800170898438,713592
2025-03-19 18:15:00+00:00,565.1649780273438,565.8800048828125,565.1500244140625,565.1500244140625,655089
2025-03-19 18:20:00+00:00,565.1099853515625,565.4600219726562,564.7000122070312,565.1599731445312,507518
2025-03-19 18:25:00+00:00,564.594970703125,565.3560180664062,564.3599853515625,565.0499877929688,365134
2025-03-19 18:30:00+00:00,565.9550170898438,566.7100219726562,564.5700073242188,564.5700073242188,939726
2025-03-19 18:35:00+00:00,565.5599975585938,566.3599853515625,565.2899780273438,565.9400024414062,648667
2025-03-19 18:40:00+00:00,566.9500122070312,567.22998046875,565.2000122070312,565.52001953125,844813
2025-03-19 18:45:00+00:00,566.6099853515625,567.2000122070312,566.4099731445312,566.9500122070312,836453
2025-03-19 18:50:00+00:00,567.6599731445312,568.1599731445312,566.510009765625,566.606201171875,810405
2025-03-19 18:55:00+00:00,568.25,568.530029296875,567.3300170898438,567.7000122070312,897919
2025-03-19 19:00:00+00:00,568.8300170898438,569.030029296875,568.1799926757812,568.239990234375,1213557
2025-03-19 19:05:00+00:00,570.3800048828125,570.5900268554688,568.75,568.8499755859375,1594531
2025-03-19 19:10:00+00:00,570.0499877929688,570.9500122070312,569.4099731445312,570.3699951171875,1597498
2025-03-19 19:15:00+00:00,569.4000244140625,570.3699951171875,569.25,570.0599975585938,1005647
2025-03-19 19:20:00+00:00,568.4550170898438,569.469970703125,567.989990234375,569.4299926757812,1198031
2025-03-19 19:25:00+00:00,567.2301025390625,568.6400146484375,566.5748901367188,568.469970703125,1760499
2025-03-19 19:30:00+00:00,568.0419921875,568.4299926757812,566.9400024414062,567.2000122070312,969458
2025-03-19 19:35:00+00:00,568.4000244140625,568.719970703125,567.2999877929688,568.0599975585938,1975637
2025-03-19 19:40:00+00:00,569.219970703125,569.3599853515625,568.2000122070312,568.3800048828125,1076556
2025-03-19 19:45:00+00:00,568.4600219726562,569.3800048828125,568.1500244140625,569.25,1070278
2025-03-19 19:50:00+00:00,567.5900268554688,568.4500122070312,566.8800048828125,568.4500122070312,2045165
2025-03-19 19:55:00+00:00,567.02001953125,567.5999755859375,566.6799926757812,567.5999755859375,3759791
2025-03-20 13:30:00+00:00,564.4000244140625,564.7000122070312,562.6011962890625,563.3300170898438,2933791
2025-03-20 13:35:00+00:00,564.6500244140625,564.8599853515625,564.1900024414062,564.4099731445312,623863
2025-03-20 13:40:00+00:00,565.1699829101562,565.489990234375,564.4201049804688,564.6699829101562,901349
2025-03-20 13:45:00+00:00,565.4869995117188,565.7100219726562,565.0999755859375,565.2100219726562,624260
2025-03-20 13:50:00+00:00,566.0499877929688,566.1599731445312,565.3200073242188,565.489990234375,661051
2025-03-20 13:55:00+00:00,566.6099853515625,566.77001953125,565.739990234375,565.8200073242188,627830
2025-03-20 14:00:00+00:00,568.1400146484375,568.52001953125,566.4600219726562,566.6500244140625,1475511
2025-03-20 14:05:00+00:00,568.260009765625,568.7191772460938,567.8099975585938,568.1500244140625,686925
2025-03-20 14:10:00+00:00,568.239990234375,568.5,567.8837890625,568.2999877929688,690754
2025-03-20 14:15:00+00:00,568.8400268554688,569.1099853515625,567.6500244140625,568.260009765625,703963
2025-03-20 14:20:00+00:00,569.4600219726562,569.65380859375,568.489990234375,568.75,648450
2025-03-20 14:25:00+00:00,569.47998046875,570.0499877929688,569.3499755859375,569.469970703125,747526
2025-03-20 14:30:00+00:00,569.125,569.5900268554688,569.0800170898438,569.489990234375,692420
2025-03-20 14:35:00+00:00,569.5599975585938,570.1199951171875,568.8599853515625,569.0999755859375,539398
2025-03-20 14:40:00+00:00,570.2835083007812,570.489990234375,569.4500122070312,569.5499877929688,450231
2025-03-20 14:45:00+00:00,570.3400268554688,570.5700073242188,570.1400146484375,570.25,717179
2025-03-20 14:50:00+00:00,569.7550048828125,570.2999877929688,569.5700073242188,570.2999877929688,358494
2025-03-20 14:55:00+00:00,569.4000244140625,569.8900146484375,569.2000122070312,569.75,308739
2025-03-20 15:00:00+00:00,569.22998046875,569.5999145507812,568.8099975585938,569.4299926757812,493619
2025-03-20 15:05:00+00:00,569.6699829101562,569.719970703125,568.9299926757812,569.219970703125,491395
2025-03-20 15:10:00+00:00,569.6599731445312,569.8800048828125,569.3699951171875,569.6500244140625,313306
2025-03-20 15:15:00+00:00,568.9299926757812,569.72998046875,568.8250122070312,569.4450073242188,369698
2025-03-20 15:20:00+00:00,569.0499877929688,569.2999877929688,568.7000122070312,568.9299926757812,557272
2025-03-20 15:25:00+00:00,568.9400024414062,569.280029296875,568.7899169921875,569.0700073242188,320812
2025-03-20 15:30:00+00:00,568.1900024414062,569.0900268554688,567.9600219726562,568.9400024414062,445873
2025-03-20 15:35:00+00:00,568.4580078125,568.5098876953125,567.6900024414062,568.1500244140625,815699
2025-03-20 15:40:00+00:00,569.0499877929688,569.2100219726562,568.6099853515625,568.77001953125,409662
2025-03-20 15:45:00+00:00,569.3699951171875,569.47998046875,568.7700805664062,569.0399780273438,327320
2025-03-20 15:50:00+00:00,569.27001953125,569.4600830078125,568.9500122070312,569.3800048828125,683981
2025-03-20 15:55:00+00:00,568.1697998046875,569.25,568.0499877929688,569.25,371126
2025-03-20 16:00:00+00:00,568.47998046875,569.4199829101562,567.9000244140625,568.1500244140625,522392
2025-03-20 16:05:00+00:00,568.010009765625,568.6500244140625,567.7999877929688,568.4400024414062,461369
2025-03-20 16:10:00+00:00,568.0,568.1199951171875,567.25,568.02001953125,535619
2025-03-20 16:15:00+00:00,567.739990234375,568.0150146484375,567.489990234375,568.0150146484375,196767
2025-03-20 16:20:00+00:00,567.2000122070312,567.7399291992188,567.1500244140625,567.7349853515625,493494
2025-03-20 16:25:00+00:00,566.239990234375,567.4199829101562,565.9299926757812,567.1900024414062,824998
2025-03-20 16:30:00+00:00,566.260009765625,566.8099975585938,566.1599731445312,566.22998046875,459284
2025-03-20 16:35:00+00:00,566.869873046875,567.0499877929688,566.0,566.22998046875,453023
2025-03-20 16:40:00+00:00,566.1099853515625,566.8599853515625,565.8800048828125,566.8599853515625,532628
2025-03-20 16:45:00+00:00,565.719970703125,566.4199829101562,565.6300048828125,566.0800170898438,614724
2025-03-20 16:50:00+00:00,566.489990234375,566.5399169921875,565.6099853515625,565.72998046875,338192
2025-03-20 16:55:00+00:00,565.8699951171875,566.6699829101562,565.7000122070312,566.5,276836
2025-03-20 17:00:00+00:00,566.4299926757812,566.4498901367188,565.7882080078125,565.8599853515625,386858
2025-03-20 17:05:00+00:00,567.0900268554688,567.2100219726562,566.385009765625,566.4400024414062,459708
2025-03-20 17:10:00+00:00,566.914794921875,567.2100219726562,566.635009765625,567.0800170898438,244404
2025-03-20 17:15:00+00:00,566.635009765625,566.9755249023438,566.22998046875,566.9251098632812,166670
2025-03-20 17:20:00+00:00,565.7000122070312,566.6900024414062,565.6199951171875,566.635009765625,281723
2025-03-20 17:25:00+00:00,564.7493286132812,565.85009765625,564.7000122070312,565.6900024414062,622796
2025-03-20 17:30:00+00:00,565.4249877929688,565.7000122070312,564.6599731445312,564.75,662488
2025-03-20 17:35:00+00:00,565.8800048828125,565.9600219726562,565.0399780273438,565.4000244140625,349554
2025-03-20 17:40:00+00:00,565.9199829101562,565.9500122070312,565.3400268554688,565.8599853515625,514542
2025-03-20 17:45:00+00:00,565.8690795898438,566.5,565.7230834960938,565.8699951171875,432608
2025-03-20 17:50:00+00:00,565.2000122070312,565.9500122070312,565.1699829101562,565.8699951171875,364778
2025-03-20 17:55:00+00:00,565.1599731445312,565.3900146484375,564.7999877929688,565.2000122070312,374729
2025-03-20 18:00:00+00:00,565.3400268554688,565.5700073242188,565.0900268554688,565.1900024414062,318311
2025-03-20 18:05:00+00:00,565.52001953125,565.6799926757812,565.1699829101562,565.4400024414062,348074
2025-03-20 18:10:00+00:00,565.6900024414062,566.2000122070312,565.4901123046875,565.510009765625,536778
2025-03-20 18:15:00+00:00,565.6099853515625,565.9400024414062,565.5609741210938,565.7000122070312,404410
2025-03-20 18:20:00+00:00,565.0499877929688,565.5800170898438,564.8200073242188,565.5399780273438,417424
2025-03-20 18:25:00+00:00,564.1199951171875,565.1400146484375,564.0399780273438,565.0900268554688,1429830
2025-03-20 18:30:00+00:00,563.969970703125,564.2100219726562,563.7703247070312,564.1199951171875,586108
2025-03-20 18:35:00+00:00,564.6400146484375,564.8300170898438,563.969970703125,563.969970703125,699949
2025-03-20 18:40:00+00:00,564.1400146484375,564.72998046875,564.0250244140625,564.6400146484375,478867
2025-03-20 18:45:00+00:00,564.8800048828125,564.9000244140625,564.0599975585938,564.1500244140625,569601
2025-03-20 18:50:00+00:00,565.7899780273438,565.8800048828125,564.8300170898438,564.8599853515625,599029
2025-03-20 18:55:00+00:00,564.4500122070312,565.8900146484375,564.3250732421875,565.7999877929688,832123
2025-03-20 19:00:00+00:00,565.0549926757812,565.4500122070312,564.3800048828125,564.4509887695312,430826
2025-03-20 19:05:00+00:00,564.9400024414062,565.510009765625,564.8400268554688,565.0499877929688,469159
2025-03-20 19:10:00+00:00,565.27001953125,565.6199951171875,564.8250122070312,564.9299926757812,718093
2025-03-20 19:15:00+00:00,565.7022705078125,565.8748168945312,565.1502075195312,565.260009765625,432165
2025-03-20 19:20:00+00:00,566.0399780273438,566.3187255859375,565.6799926757812,565.7100219726562,978883
2025-03-20 19:25:00+00:00,564.6699829101562,566.0900268554688,564.5800170898438,566.0800170898438,820241
2025-03-20 19:30:00+00:00,565.1799926757812,565.530029296875,564.6699829101562,564.6699829101562,731327
2025-03-20 19:35:00+00:00,565.280029296875,565.8300170898438,565.0499877929688,565.1400146484375,583515
2025-03-20 19:40:00+00:00,565.8599853515625,565.9000244140625,565.2000122070312,565.25,1193121
2025-03-20 19:45:00+00:00,566.489990234375,566.52001953125,565.8300170898438,565.8599853515625,1147321
2025-03-20 19:50:00+00:00,565.760009765625,566.469970703125,565.4199829101562,566.469970703125,1486590
2025-03-20 19:55:00+00:00,565.6900024414062,566.6799926757812,565.280029296875,565.77001953125,4004116
2025-03-21 13:30:00+00:00,559.5900268554688,560.135009765625,558.6900024414062,559.280029296875,4966092
2025-03-21 13:35:00+00:00,558.9099731445312,559.6199951171875,558.27001953125,559.5700073242188,3450900
2025-03-21 13:40:00+00:00,559.5700073242188,560.280029296875,558.7000122070312,558.9199829101562,1062263
2025-03-21 13:45:00+00:00,559.75,560.1099853515625,559.1799926757812,559.6900024414062,1242951
2025-03-21 13:50:00+00:00,559.72998046875,560.22998046875,558.7100219726562,559.75,555790
2025-03-21 13:55:00+00:00,559.8410034179688,560.3200073242188,559.4000244140625,559.7785034179688,801031
2025-03-21 14:00:00+00:00,559.4000244140625,559.989990234375,558.8800048828125,559.8499755859375,596869
2025-03-21 14:05:00+00:00,558.4600219726562,559.6500244140625,558.4199829101562,559.4099731445312,510183
2025-03-21 14:10:00+00:00,559.125,559.27001953125,558.030029296875,558.4569091796875,535985
2025-03-21 14:15:00+00:00,559.4099731445312,559.5599975585938,558.673828125,559.1099853515625,583677
2025-03-21 14:20:00+00:00,560.1699829101562,560.3200073242188,559.02001953125,559.4000244140625,883565
2025-03-21 14:25:00+00:00,559.8800048828125,560.4000244140625,559.739990234375,560.1400146484375,660996
2025-03-21 14:30:00+00:00,559.969970703125,560.1799926757812,559.5599975585938,559.9000244140625,665245
2025-03-21 14:35:00+00:00,559.27001953125,560.030029296875,559.22998046875,559.9395751953125,323206
2025-03-21 14:40:00+00:00,559.907470703125,560.0650024414062,559.0399780273438,559.2850952148438,451332
2025-03-21 14:45:00+00:00,560.0999755859375,560.2899780273438,559.5875244140625,559.9099731445312,330785
2025-03-21 14:50:00+00:00,560.2901000976562,560.32470703125,559.72998046875,560.0999755859375,237611
2025-03-21 14:55:00+00:00,561.469970703125,561.47998046875,560.239990234375,560.3300170898438,1391694
2025-03-21 15:00:00+00:00,561.3098754882812,561.8099975585938,561.2269897460938,561.469970703125,494930
2025-03-21 15:05:00+00:00,561.473876953125,561.6199951171875,561.0650024414062,561.280029296875,308658
2025-03-21 15:10:00+00:00,560.5595092773438,561.5900268554688,560.5,561.47998046875,327867
2025-03-21 15:15:00+00:00,560.22998046875,560.7796020507812,560.0399780273438,560.5650024414062,9074093
2025-03-21 15:20:00+00:00,560.030029296875,560.4199829101562,559.8516235351562,560.2100219726562,335622
2025-03-21 15:25:00+00:00,559.8300170898438,560.1300048828125,559.6799926757812,560.0800170898438,385429
2025-03-21 15:30:00+00:00,560.1199951171875,560.5798950195312,559.6699829101562,559.8300170898438,923797
2025-03-21 15:35:00+00:00,559.9650268554688,560.2899780273438,559.8800048828125,560.0599975585938,149207
2025-03-21 15:40:00+00:00,559.10498046875,560.1400146484375,558.9400024414062,559.9500732421875,604429
2025-03-21 15:45:00+00:00,559.4500122070312,559.8300170898438,559.0100708007812,559.0700073242188,208191
2025-03-21 15:50:00+00:00,559.4500122070312,559.77001953125,558.7999877929688,559.4451293945312,518333
2025-03-21 15:55:00+00:00,559.4400024414062,559.9099731445312,559.3900146484375,559.47998046875,294939
2025-03-21 16:00:00+00:00,559.7899780273438,559.9199829101562,558.760009765625,559.469970703125,933541
2025-03-21 16:05:00+00:00,560.5,560.5999755859375,559.6950073242188,559.7899780273438,373374
2025-03-21 16:10:00+00:00,561.3049926757812,561.530029296875,560.469970703125,560.5150146484375,915084
2025-03-21 16:15:00+00:00,562.0509033203125,562.27001953125,561.1599731445312,561.3499755859375,616404
2025-03-21 16:20:00+00:00,562.6099853515625,562.6898803710938,561.97998046875,562.0599975585938,900346
2025-03-21 16:25:00+00:00,562.3626098632812,562.6900024414062,562.2000122070312,562.6199951171875,871556
2025-03-21 16:30:00+00:00,562.489990234375,562.75,562.1300048828125,562.3800048828125,795636
2025-03-21 16:35:00+00:00,562.1898803710938,562.489990234375,561.760009765625,562.489990234375,612245
2025-03-21 16:40:00+00:00,561.8800048828125,562.4274291992188,561.7802124023438,562.1900024414062,280379
2025-03-21 16:45:00+00:00,562.7999877929688,562.9799194335938,561.9400024414062,561.9500122070312,396868
2025-03-21 16:50:00+00:00,562.6900024414062,563.0535888671875,562.510009765625,562.780029296875,259159
2025-03-21 16:55:00+00:00,563.6503295898438,563.6849975585938,562.5399780273438,562.6699829101562,364874
2025-03-21 17:00:00+00:00,563.0999755859375,563.6500244140625,562.8400268554688,563.6500244140625,362534
2025-03-21 17:05:00+00:00,563.3499755859375,563.4298706054688,563.0499877929688,563.1300048828125,242114
2025-03-21 17:10:00+00:00,562.7301025390625,563.5,562.5800170898438,563.364990234375,335768
2025-03-21 17:15:00+00:00,562.280029296875,562.8400268554688,562.280029296875,562.75,242010
2025-03-21 17:20:00+00:00,562.75,562.9400024414062,562.1599731445312,562.2899780273438,316123
2025-03-21 17:25:00+00:00,562.0700073242188,562.8599853515625,561.8969116210938,562.77001953125,347147
2025-03-21 17:30:00+00:00,562.0900268554688,562.169921875,561.52001953125,562.0999755859375,265419
2025-03-21 17:35:00+00:00,562.7999877929688,562.8099975585938,562.0599975585938,562.1099853515625,568647
2025-03-21 17:40:00+00:00,563.0399780273438,563.3400268554688,562.6500244140625,562.7899780273438,409446
2025-03-21 17:45:00+00:00,563.6199951171875,563.7000122070312,563.046875,563.0800170898438,525423
2025-03-21 17:50:00+00:00,563.5700073242188,563.9299926757812,563.3800048828125,563.6300048828125,382080
2025-03-21 17:55:00+00:00,562.905029296875,563.639892578125,562.8400268554688,563.3900146484375,602861
2025-03-21 18:00:00+00:00,563.1599731445312,563.3062744140625,562.8499755859375,562.905029296875,259408
2025-03-21 18:05:00+00:00,562.8300170898438,563.1799926757812,562.4400024414062,563.1500244140625,898627
2025-03-21 18:10:00+00:00,562.760009765625,563.0700073242188,562.4000244140625,562.8099975585938,401877
2025-03-21 18:15:00+00:00,562.97998046875,563.030029296875,562.5,562.739990234375,279106
2025-03-21 18:20:00+00:00,562.4400024414062,563.0800170898438,562.27001953125,562.989990234375,408972
2025-03-21 18:25:00+00:00,562.1099853515625,562.4450073242188,562.0499877929688,562.4400024414062,350231
2025-03-21 18:30:00+00:00,562.489990234375,562.739990234375,562.0999755859375,562.1199951171875,358915
2025-03-21 18:35:00+00:00,562.9400024414062,563.1400146484375,562.3400268554688,562.47998046875,402038
2025-03-21 18:40:00+00:00,563.2100219726562,563.2899780273438,562.853271484375,562.9400024414062,291236
2025-03-21 18:45:00+00:00,562.739990234375,563.27001953125,562.3400268554688,563.1900024414062,365918
2025-03-21 18:50:00+00:00,562.530029296875,562.8900146484375,562.2999877929688,562.72998046875,351162
2025-03-21 18:55:00+00:00,562.489990234375,562.9400024414062,562.469970703125,562.5999755859375,293942
2025-03-21 19:00:00+00:00,562.0850219726562,562.5999755859375,561.8599853515625,562.4949951171875,567914
2025-03-21 19:05:00+00:00,561.8599853515625,562.3200073242188,561.7100219726562,562.0399780273438,407602
2025-03-21 19:10:00+00:00,562.0802001953125,562.1400146484375,561.47998046875,561.8400268554688,541185
2025-03-21 19:15:00+00:00,562.0800170898438,562.2100219726562,561.739990234375,562.0599975585938,451612
2025-03-21 19:20:00+00:00,562.2863159179688,562.4000244140625,561.5,561.8300170898438,478437
2025-03-21 19:25:00+00:00,561.989990234375,562.2999877929688,561.6900024414062,562.260009765625,543049
2025-03-21 19:30:00+00:00,561.989990234375,562.1199951171875,561.7650146484375,561.969970703125,434857
2025-03-21 19:35:00+00:00,562.1890258789062,562.5,561.7301025390625,561.989990234375,636731
2025-03-21 19:40:00+00:00,562.3499755859375,562.4113159179688,561.7999877929688,562.1699829101562,1096797
2025-03-21 19:45:00+00:00,562.3800048828125,562.619873046875,562.239990234375,562.3499755859375,1698227
2025-03-21 19:50:00+00:00,563.5800170898438,563.6199951171875,562.4000244140625,562.4099731445312,2711845
2025-03-21 19:55:00+00:00,564.1900024414062,564.8900146484375,563.52001953125,563.5599975585938,6419891
2025-03-24 13:30:00+00:00,570.8800048828125,571.0,570.2000122070312,570.7999877929688,3454814
2025-03-24 13:35:00+00:00,571.8499755859375,572.0,570.8300170898438,570.8800048828125,1150450
2025-03-24 13:40:00+00:00,572.0399780273438,572.3099975585938,571.7050170898438,571.8699951171875,907931
2025-03-24 13:45:00+00:00,572.5999755859375,572.6199951171875,571.6500244140625,572.02001953125,1008146
2025-03-24 13:50:00+00:00,572.6417846679688,572.8400268554688,572.3800048828125,572.5999755859375,617213
2025-03-24 13:55:00+00:00,572.739990234375,572.97998046875,572.5900268554688,572.6649780273438,552765
2025-03-24 14:00:00+00:00,572.5800170898438,572.9099731445312,572.4500122070312,572.7349853515625,1722939
2025-03-24 14:05:00+00:00,572.1392822265625,572.644775390625,572.010009765625,572.5900268554688,549162
2025-03-24 14:10:00+00:00,572.8200073242188,572.8699951171875,572.0999755859375,572.1162719726562,444885
2025-03-24 14:15:00+00:00,573.030029296875,573.0800170898438,572.72998046875,572.8200073242188,629188
2025-03-24 14:20:00+00:00,573.25,573.3200073242188,572.9099731445312,573.0236206054688,499650
2025-03-24 14:25:00+00:00,573.1300048828125,573.3400268554688,573.0031127929688,573.25,398096
2025-03-24 14:30:00+00:00,573.0,573.1685791015625,572.760009765625,573.1500244140625,513707
2025-03-24 14:35:00+00:00,572.7401123046875,573.219970703125,572.6799926757812,573.02001953125,439554
2025-03-24 14:40:00+00:00,572.8400268554688,573.0599975585938,572.7100219726562,572.739990234375,293105
2025-03-24 14:45:00+00:00,573.5700073242188,573.5900268554688,572.8200073242188,572.9600219726562,720361
2025-03-24 14:50:00+00:00,573.599609375,573.6900024414062,573.4752807617188,573.5700073242188,595588
2025-03-24 14:55:00+00:00,573.5549926757812,573.6099853515625,573.3400268554688,573.5800170898438,536045
2025-03-24 15:00:00+00:00,573.5800170898438,573.6500244140625,573.1099853515625,573.5499877929688,564376
2025-03-24 15:05:00+00:00,573.8090209960938,573.97998046875,573.5338134765625,573.5800170898438,424036
2025-03-24 15:10:00+00:00,573.77001953125,573.9299926757812,573.6599731445312,573.7999877929688,263614
2025-03-24 15:15:00+00:00,573.8900146484375,573.989990234375,573.7210083007812,573.7750244140625,298714
2025-03-24 15:20:00+00:00,573.77001953125,573.989990234375,573.7031860351562,573.905029296875,188545
2025-03-24 15:25:00+00:00,573.7100219726562,573.8049926757812,573.4500122070312,573.7899780273438,289532
2025-03-24 15:30:00+00:00,573.6199951171875,573.739990234375,573.4000244140625,573.719970703125,212813
2025-03-24 15:35:00+00:00,573.25,573.8300170898438,573.2200927734375,573.64501953125,299058
2025-03-24 15:40:00+00:00,573.3499755859375,573.4199829101562,573.1400146484375,573.239990234375,468584
2025-03-24 15:45:00+00:00,573.260009765625,573.5900268554688,573.22998046875,573.427978515625,288332
2025-03-24 15:50:00+00:00,573.8200073242188,573.85498046875,573.27001953125,573.27001953125,314844
2025-03-24 15:55:00+00:00,573.8795776367188,573.919921875,573.72998046875,573.8300170898438,321316
2025-03-24 16:00:00+00:00,573.969970703125,574.0599975585938,573.7330932617188,573.8699951171875,436289
2025-03-24 16:05:00+00:00,574.239990234375,574.3900146484375,573.969970703125,573.9749755859375,385167
2025-03-24 16:10:00+00:00,574.22998046875,574.3200073242188,574.0599975585938,574.22998046875,263540
2025-03-24 16:15:00+00:00,573.84521484375,574.260009765625,573.7999877929688,574.2100219726562,432319
2025-03-24 16:20:00+00:00,574.1749877929688,574.1799926757812,573.780029296875,573.8400268554688,218323
2025-03-24 16:25:00+00:00,573.25,574.1699829101562,573.219970703125,574.1699829101562,878890
2025-03-24 16:30:00+00:00,573.4456176757812,573.530029296875,572.9500122070312,573.260009765625,640832
2025-03-24 16:35:00+00:00,573.14501953125,573.5800170898438,573.1010131835938,573.52001953125,361245
2025-03-24 16:40:00+00:00,573.219970703125,573.260009765625,572.77001953125,573.1500244140625,537745
2025-03-24 16:45:00+00:00,573.3699951171875,573.5499877929688,573.1900024414062,573.2100219726562,278652
2025-03-24 16:50:00+00:00,573.2849731445312,573.510009765625,573.1799926757812,573.3546752929688,186325
2025-03-24 16:55:00+00:00,573.1292724609375,573.3499755859375,572.969970703125,573.2849731445312,230006
2025-03-24 17:00:00+00:00,572.8934936523438,573.1900024414062,572.8499755859375,573.1400146484375,160047
2025-03-24 17:05:00+00:00,572.780029296875,573.1004028320312,572.7349853515625,572.8800048828125,283548
2025-03-24 17:10:00+00:00,572.6199951171875,572.9199829101562,572.530029296875,572.7899780273438,539809
2025-03-24 17:15:00+00:00,572.6971435546875,572.97998046875,572.52001953125,572.5750122070312,387975
2025-03-24 17:20:00+00:00,572.7000122070312,572.8800048828125,572.4500122070312,572.6799926757812,355380
2025-03-24 17:25:00+00:00,573.0499877929688,573.0599975585938,572.6400146484375,572.719970703125,253880
2025-03-24 17:30:00+00:00,573.219970703125,573.375,573.010009765625,573.0499877929688,664463
2025-03-24 17:35:00+00:00,573.3099975585938,573.3662719726562,572.969970703125,573.2100219726562,240577
2025-03-24 17:40:00+00:00,573.02001953125,573.344970703125,572.8800048828125,573.3200073242188,254250
2025-03-24 17:45:00+00:00,573.1300048828125,573.1599731445312,572.9299926757812,573.030029296875,178258
2025-03-24 17:50:00+00:00,573.030029296875,573.3300170898438,572.9299926757812,573.1199951171875,278040
2025-03-24 17:55:00+00:00,573.0999145507812,573.1199951171875,572.780029296875,573.030029296875,319375
2025-03-24 18:00:00+00:00,572.3076171875,573.1300048828125,572.0499877929688,573.0999145507812,584674
2025-03-24 18:05:00+00:00,572.5499877929688,572.6799926757812,572.2750244140625,572.2999877929688,835232
2025-03-24 18:10:00+00:00,572.34619140625,572.5499877929688,572.2999877929688,572.5399780273438,192866
2025-03-24 18:15:00+00:00,572.4299926757812,572.6699829101562,572.25,572.3499755859375,233617
2025-03-24 18:20:00+00:00,572.280029296875,572.5198974609375,572.2041015625,572.4249877929688,206494
2025-03-24 18:25:00+00:00,572.405029296875,572.530029296875,572.0999755859375,572.27099609375,387436
2025-03-24 18:30:00+00:00,572.27001953125,572.4550170898438,572.07470703125,572.4000244140625,274059
2025-03-24 18:35:00+00:00,572.9500122070312,573.1599731445312,572.1199951171875,572.27001953125,813141
2025-03-24 18:40:00+00:00,573.3499145507812,573.5,572.6799926757812,572.9099731445312,1160909
2025-03-24 18:45:00+00:00,573.2999877929688,573.4099731445312,572.5999755859375,573.3400268554688,782162
2025-03-24 18:50:00+00:00,573.5999755859375,573.6699829101562,573.2750244140625,573.3200073242188,513196
2025-03-24 18:55:00+00:00,573.635009765625,573.7100219726562,573.4500122070312,573.5999755859375,309493
2025-03-24 19:00:00+00:00,573.8754272460938,573.8900146484375,573.469970703125,573.60498046875,653812
2025-03-24 19:05:00+00:00,573.8800048828125,574.1300048828125,573.8599853515625,573.8798828125,979692
2025-03-24 19:10:00+00:00,573.7645874023438,573.9500122070312,573.719970703125,573.8699951171875,574050
2025-03-24 19:15:00+00:00,574.0499877929688,574.1099853515625,573.75,573.7899780273438,286848
2025-03-24 19:20:00+00:00,574.1500244140625,574.1755981445312,573.8499755859375,574.0338745117188,310149
2025-03-24 19:25:00+00:00,573.9500122070312,574.2100219726562,573.8400268554688,574.1599731445312,431073
2025-03-24 19:30:00+00:00,574.0,574.1491088867188,573.8400268554688,573.8599853515625,637911
2025-03-24 19:35:00+00:00,574.0599975585938,574.1400146484375,573.8400268554688,573.97998046875,961757
2025-03-24 19:40:00+00:00,574.22998046875,574.3499755859375,573.9650268554688,574.0700073242188,653695
2025-03-24 19:45:00+00:00,574.719970703125,574.8200073242188,574.1834106445312,574.219970703125,1138593
2025-03-24 19:50:00+00:00,574.97998046875,575.1099853515625,574.2100219726562,574.7100219726562,2075118
2025-03-24 19:55:00+00:00,574.02001953125,575.1500244140625,574.010009765625,574.97998046875,3967969
2025-03-25 13:30:00+00:00,575.1699829101562,575.655029296875,575.1699829101562,575.2999877929688,1690889
2025-03-25 13:35:00+00:00,574.9199829101562,575.1799926757812,574.530029296875,575.1599731445312,711725
2025-03-25 13:40:00+00:00,574.780029296875,575.2150268554688,574.3099975585938,574.9199829101562,634262
2025-03-25 13:45:00+00:00,574.27001953125,574.9199829101562,574.27001953125,574.7999877929688,455145
2025-03-25 13:50:00+00:00,574.77001953125,574.88623046875,574.02001953125,574.27001953125,600516
2025-03-25 13:55:00+00:00,574.6599731445312,575.1099853515625,574.5700073242188,574.75,569863
2025-03-25 14:00:00+00:00,574.2650146484375,575.02001953125,573.9400024414062,574.7000122070312,616485
2025-03-25 14:05:00+00:00,574.8099975585938,574.9398803710938,574.3099975585938,574.510009765625,397192
2025-03-25 14:10:00+00:00,574.969970703125,575.3499755859375,574.6699829101562,574.719970703125,430980
2025-03-25 14:15:00+00:00,575.0650024414062,575.4199829101562,574.8499755859375,574.9099731445312,570967
2025-03-25 14:20:00+00:00,575.4600219726562,575.5599975585938,574.9600219726562,575.110107421875,621190
2025-03-25 14:25:00+00:00,575.7999877929688,575.8099975585938,575.0999755859375,575.4600219726562,419032
2025-03-25 14:30:00+00:00,575.6500244140625,575.8599853515625,575.3699951171875,575.7999877929688,538391
2025-03-25 14:35:00+00:00,576.0399780273438,576.0800170898438,575.6500244140625,575.8499755859375,383269
2025-03-25 14:40:00+00:00,576.22998046875,576.260009765625,575.9099731445312,576.0499877929688,499056
2025-03-25 14:45:00+00:00,576.010009765625,576.260009765625,575.969970703125,576.219970703125,464992
2025-03-25 14:50:00+00:00,576.0700073242188,576.4099731445312,575.9500122070312,576.0499877929688,485114
2025-03-25 14:55:00+00:00,575.989990234375,576.2396850585938,575.7650146484375,576.0900268554688,745509
2025-03-25 15:00:00+00:00,575.9708251953125,576.2100219726562,575.8900146484375,575.969970703125,193557
2025-03-25 15:05:00+00:00,576.0900268554688,576.2000122070312,575.9650268554688,575.9735107421875,609114
2025-03-25 15:10:00+00:00,575.94921875,576.1799926757812,575.7999877929688,576.0900268554688,258767
2025-03-25 15:15:00+00:00,575.8049926757812,575.9400024414062,575.6599731445312,575.9299926757812,361895
2025-03-25 15:20:00+00:00,575.8699951171875,575.9500122070312,575.5850219726562,575.8099975585938,214083
2025-03-25 15:25:00+00:00,575.6900024414062,575.97998046875,575.6837768554688,575.8699951171875,194528
2025-03-25 15:30:00+00:00,575.5399780273438,575.760009765625,575.3800048828125,575.7000122070312,253992
2025-03-25 15:35:00+00:00,575.4500122070312,575.5800170898438,575.3499755859375,575.5499877929688,176074
2025-03-25 15:40:00+00:00,575.5689697265625,575.5700073242188,575.280029296875,575.431884765625,291939
2025-03-25 15:45:00+00:00,575.22998046875,575.6072998046875,575.1699829101562,575.5499877929688,414309
2025-03-25 15:50:00+00:00,574.7999877929688,575.3499755859375,574.7901000976562,575.2249755859375,232163
2025-03-25 15:55:00+00:00,574.7598876953125,574.9400024414062,574.5599975585938,574.7899780273438,459233
2025-03-25 16:00:00+00:00,574.72998046875,574.989990234375,574.610107421875,574.760009765625,327808
2025-03-25 16:05:00+00:00,574.8599243164062,574.8900146484375,574.5100708007812,574.7100830078125,192667
2025-03-25 16:10:00+00:00,574.8800048828125,574.97998046875,574.6624145507812,574.842529296875,266046
2025-03-25 16:15:00+00:00,574.4937744140625,574.8773193359375,574.4000244140625,574.8773193359375,251893
2025-03-25 16:20:00+00:00,574.8200073242188,574.9199829101562,574.469970703125,574.510009765625,369090
2025-03-25 16:25:00+00:00,574.5399169921875,574.8699951171875,574.47998046875,574.8300170898438,160903
2025-03-25 16:30:00+00:00,574.2999877929688,574.6500244140625,574.1699829101562,574.530029296875,255377
2025-03-25 16:35:00+00:00,574.389892578125,574.47998046875,574.22119140625,574.2999877929688,111210
2025-03-25 16:40:00+00:00,574.6599731445312,574.780029296875,574.3300170898438,574.3900146484375,261349
2025-03-25 16:45:00+00:00,574.6500244140625,574.8099975585938,574.4600219726562,574.6799926757812,146639
2025-03-25 16:50:00+00:00,575.02001953125,575.0700073242188,574.5999755859375,574.6500244140625,245275
2025-03-25 16:55:00+00:00,574.9550170898438,575.0900268554688,574.7556762695312,575.010009765625,156337
2025-03-25 17:00:00+00:00,575.2999877929688,575.3300170898438,574.9501953125,574.9600219726562,252665
2025-03-25 17:05:00+00:00,575.5,575.5399780273438,575.1799926757812,575.2999877929688,205529
2025-03-25 17:10:00+00:00,575.1099853515625,575.5150146484375,575.0700073242188,575.489990234375,242563
2025-03-25 17:15:00+00:00,574.719970703125,575.1300048828125,574.6500244140625,575.1300048828125,306142
2025-03-25 17:20:00+00:00,574.5399780273438,574.8350219726562,574.4500122070312,574.719970703125,254288
2025-03-25 17:25:00+00:00,574.1799926757812,574.5349731445312,574.02001953125,574.5349731445312,424223
2025-03-25 17:30:00+00:00,574.39501953125,574.4600219726562,574.1699829101562,574.1900024414062,329427
2025-03-25 17:35:00+00:00,574.3699951171875,574.5999145507812,574.2999877929688,574.3699951171875,225871
2025-03-25 17:40:00+00:00,574.6199951171875,574.6900024414062,574.280029296875,574.3800048828125,204978
2025-03-25 17:45:00+00:00,574.280029296875,574.5900268554688,574.2000122070312,574.5900268554688,218107
2025-03-25 17:50:00+00:00,574.3499145507812,574.3685302734375,574.0900268554688,574.2750244140625,226222
2025-03-25 17:55:00+00:00,574.125,574.49658203125,574.0900268554688,574.3599853515625,136385
2025-03-25 18:00:00+00:00,574.1599731445312,574.2899780273438,574.0,574.1199951171875,308161
2025-03-25 18:05:00+00:00,574.3489990234375,574.385009765625,573.7999877929688,574.14501953125,535729
2025-03-25 18:10:00+00:00,574.6400146484375,574.6500244140625,574.3300170898438,574.3499755859375,1009911
2025-03-25 18:15:00+00:00,574.72998046875,574.7999877929688,574.4000244140625,574.6300048828125,217209
2025-03-25 18:20:00+00:00,574.6699829101562,574.9498901367188,574.6600952148438,574.75,248565
2025-03-25 18:25:00+00:00,574.4099731445312,574.6699829101562,574.2899780273438,574.660888671875,270983
2025-03-25 18:30:00+00:00,574.4749755859375,574.5460815429688,574.1099853515625,574.4199829101562,310250
2025-03-25 18:35:00+00:00,574.25,574.5700073242188,574.1599731445312,574.469970703125,129793
2025-03-25 18:40:00+00:00,574.1400146484375,574.3099975585938,573.9000244140625,574.25,229529
2025-03-25 18:45:00+00:00,573.8800048828125,574.2899780273438,573.8800048828125,574.1400146484375,671455
2025-03-25 18:50:00+00:00,574.0549926757812,574.1400146484375,573.6900024414062,573.8800048828125,656185
2025-03-25 18:55:00+00:00,573.9392700195312,574.219970703125,573.8800048828125,574.0599975585938,360817
2025-03-25 19:00:00+00:00,574.3350219726562,574.3800048828125,573.8800048828125,573.8800048828125,441261
2025-03-25 19:05:00+00:00,574.4400024414062,574.52001953125,574.2000122070312,574.3400268554688,272209
2025-03-25 19:10:00+00:00,574.1593017578125,574.6099853515625,573.989990234375,574.4500122070312,357721
2025-03-25 19:15:00+00:00,574.3400268554688,574.4199829101562,574.0599975585938,574.1400146484375,332585
2025-03-25 19:20:00+00:00,574.4299926757812,574.469970703125,574.22998046875,574.3300170898438,354255
2025-03-25 19:25:00+00:00,574.1099853515625,574.4797973632812,574.1099853515625,574.4500122070312,387302
2025-03-25 19:30:00+00:00,574.530029296875,574.6599731445312,574.1099853515625,574.1099853515625,538761
2025-03-25 19:35:00+00:00,574.530029296875,574.8800048828125,573.8699951171875,574.5101928710938,669195
2025-03-25 19:40:00+00:00,574.8499755859375,574.9299926757812,574.5,574.519775390625,1008607
2025-03-25 19:45:00+00:00,575.3699951171875,575.4099731445312,574.760009765625,574.8699951171875,689884
2025-03-25 19:50:00+00:00,575.2949829101562,575.5599975585938,574.7000122070312,575.3699951171875,1294421
2025-03-25 19:55:00+00:00,575.3499755859375,575.5999755859375,575.030029296875,575.27001953125,1691352
2025-03-26 13:30:00+00:00,575.010009765625,575.6199951171875,574.739990234375,575.1900024414062,1300161
2025-03-26 13:35:00+00:00,575.8099975585938,576.1199951171875,574.989990234375,575.0250244140625,668137
2025-03-26 13:40:00+00:00,575.7999877929688,576.3300170898438,575.4299926757812,575.7999877929688,454651
2025-03-26 13:45:00+00:00,574.8800048828125,575.8900146484375,574.8800048828125,575.8049926757812,464631
2025-03-26 13:50:00+00:00,574.3400268554688,574.989990234375,574.0599975585938,574.8800048828125,737275
2025-03-26 13:55:00+00:00,573.6300048828125,574.369873046875,573.3300170898438,574.3499755859375,746130
2025-03-26 14:00:00+00:00,573.8099975585938,574.52001953125,573.510009765625,573.6199951171875,826795
2025-03-26 14:05:00+00:00,573.6035766601562,574.1799926757812,573.3200073242188,573.8049926757812,526038
2025-03-26 14:10:00+00:00,574.0198974609375,574.0900268554688,573.489990234375,573.625,346579
2025-03-26 14:15:00+00:00,573.3499755859375,574.2100219726562,573.3499755859375,574.030029296875,395920
2025-03-26 14:20:00+00:00,572.9500122070312,573.385498046875,572.4860229492188,573.3400268554688,888256
2025-03-26 14:25:00+00:00,573.375,573.4400024414062,572.8699951171875,572.9387817382812,453433
2025-03-26 14:30:00+00:00,573.4299926757812,573.5499877929688,573.1950073242188,573.3699951171875,318505
2025-03-26 14:35:00+00:00,573.3699951171875,573.7100219726562,573.280029296875,573.4149780273438,354737
2025-03-26 14:40:00+00:00,573.4500122070312,573.5800170898438,573.2899780273438,573.3499755859375,240440
2025-03-26 14:45:00+00:00,572.9000244140625,573.510009765625,572.8699951171875,573.4299926757812,341887
2025-03-26 14:50:00+00:00,573.6300048828125,573.8300170898438,572.9199829101562,572.9199829101562,886058
2025-03-26 14:55:00+00:00,573.4400024414062,573.6799926757812,573.2100219726562,573.6500244140625,222109
2025-03-26 15:00:00+00:00,573.6699829101562,573.8400268554688,573.3099975585938,573.4199829101562,908464
2025-03-26 15:05:00+00:00,573.7000122070312,573.77001953125,573.531494140625,573.6599731445312,147461
2025-03-26 15:10:00+00:00,573.5399780273438,573.8400268554688,573.3800048828125,573.6900024414062,193478
2025-03-26 15:15:00+00:00,573.3400268554688,573.5700073242188,573.1799926757812,573.5399780273438,166036
2025-03-26 15:20:00+00:00,572.8400268554688,573.3900146484375,572.8400268554688,573.3300170898438,264489
2025-03-26 15:25:00+00:00,572.3400268554688,572.8699951171875,571.9500122070312,572.8499755859375,490701
2025-03-26 15:30:00+00:00,572.4299926757812,572.7899780273438,572.282470703125,572.3150024414062,316880
2025-03-26 15:35:00+00:00,572.5800170898438,572.6300048828125,572.3900146484375,572.4299926757812,285512
2025-03-26 15:40:00+00:00,572.0700073242188,572.7598876953125,572.0050048828125,572.5599975585938,369082
2025-03-26 15:45:00+00:00,571.75,572.1699829101562,571.5399780273438,572.0599975585938,261651
2025-03-26 15:50:00+00:00,571.1199951171875,571.8380126953125,570.7000122070312,571.760009765625,660936
2025-03-26 15:55:00+00:00,570.6599731445312,571.3599853515625,570.1199951171875,571.1099853515625,927352
2025-03-26 16:00:00+00:00,570.4099731445312,570.77001953125,570.22998046875,570.6599731445312,493198
2025-03-26 16:05:00+00:00,570.5700073242188,571.0,570.3800048828125,570.4298706054688,513132
2025-03-26 16:10:00+00:00,570.6900024414062,570.9400024414062,570.4500122070312,570.5612182617188,295458
2025-03-26 16:15:00+00:00,570.3499755859375,570.6900024414062,570.3200073242188,570.6900024414062,235350
2025-03-26 16:20:00+00:00,570.4600219726562,570.8099975585938,570.2047729492188,570.3499755859375,482743
2025-03-26 16:25:00+00:00,571.0700073242188,571.1199951171875,570.4500122070312,570.4550170898438,361539
2025-03-26 16:30:00+00:00,570.75,571.3900146484375,570.5831298828125,571.0700073242188,429907
2025-03-26 16:35:00+00:00,570.5700073242188,571.1699829101562,570.5499877929688,570.739990234375,200194
2025-03-26 16:40:00+00:00,570.4000244140625,570.8800048828125,570.3114013671875,570.6400146484375,354811
2025-03-26 16:45:00+00:00,570.8699951171875,570.9000244140625,570.3099975585938,570.3900146484375,350051
2025-03-26 16:50:00+00:00,569.9400024414062,570.9500122070312,569.9000244140625,570.8256225585938,378087
2025-03-26 16:55:00+00:00,569.489990234375,569.97998046875,569.280029296875,569.9400024414062,406332
2025-03-26 17:00:00+00:00,569.5615844726562,569.9400024414062,569.3900146484375,569.489990234375,413552
2025-03-26 17:05:00+00:00,569.8099975585938,569.8099975585938,569.47998046875,569.5399780273438,225052
2025-03-26 17:10:00+00:00,569.9099731445312,570.1998901367188,569.6900024414062,569.7667846679688,633987
2025-03-26 17:15:00+00:00,569.1400146484375,569.8499755859375,568.960205078125,569.626220703125,503733
2025-03-26 17:20:00+00:00,569.280029296875,569.4299926757812,568.919921875,569.114990234375,352425
2025-03-26 17:25:00+00:00,568.9500122070312,569.3599853515625,568.780029296875,569.27001953125,250417
2025-03-26 17:30:00+00:00,568.260009765625,568.9849853515625,568.1400146484375,568.9650268554688,615577
2025-03-26 17:35:00+00:00,568.3599853515625,568.4600219726562,567.9400024414062,568.280029296875,491556
2025-03-26 17:40:00+00:00,568.5631713867188,569.280029296875,568.3300170898438,568.3300170898438,709733
2025-03-26 17:45:00+00:00,568.3499755859375,568.9299926757812,568.1599731445312,568.5650024414062,254059
2025-03-26 17:50:00+00:00,568.4299926757812,568.6099853515625,568.2999267578125,568.3300170898438,205756
2025-03-26 17:55:00+00:00,568.0498046875,568.469970703125,568.010009765625,568.3612060546875,311320
2025-03-26 18:00:00+00:00,568.3508911132812,568.5499877929688,567.9600219726562,568.52001953125,435061
2025-03-26 18:05:00+00:00,568.5999755859375,568.614990234375,568.0750122070312,568.3200073242188,260756
2025-03-26 18:10:00+00:00,568.989990234375,569.2899780273438,568.7000122070312,568.7999877929688,885464
2025-03-26 18:15:00+00:00,569.0050048828125,569.3099975585938,568.8800048828125,568.9901123046875,319354
2025-03-26 18:20:00+00:00,569.1900024414062,569.3300170898438,568.9024047851562,569.0,399279
2025-03-26 18:25:00+00:00,569.2406005859375,569.489990234375,568.9600219726562,569.1799926757812,367521
2025-03-26 18:30:00+00:00,568.7750244140625,569.47998046875,568.77001953125,569.219970703125,283397
2025-03-26 18:35:00+00:00,568.676025390625,568.9299926757812,568.5900268554688,568.7636108398438,218655
2025-03-26 18:40:00+00:00,568.1699829101562,568.8696899414062,568.02001953125,568.6799926757812,434954
2025-03-26 18:45:00+00:00,567.5900268554688,568.3699951171875,567.260009765625,568.1799926757812,520498
2025-03-26 18:50:00+00:00,567.510009765625,567.72998046875,567.3787841796875,567.5831909179688,403384
2025-03-26 18:55:00+00:00,567.4099731445312,567.5999755859375,567.2000122070312,567.3699951171875,294547
2025-03-26 19:00:00+00:00,567.5399780273438,568.02001953125,567.3800048828125,567.4000244140625,851726
2025-03-26 19:05:00+00:00,567.3800048828125,567.6799926757812,567.27001953125,567.5200805664062,555154
2025-03-26 19:10:00+00:00,567.5037231445312,567.5700073242188,567.1900024414062,567.372314453125,891154
2025-03-26 19:15:00+00:00,568.1699829101562,568.2999877929688,567.4099731445312,567.5,481494
2025-03-26 19:20:00+00:00,567.9439086914062,568.739990234375,567.9400024414062,568.1798095703125,742991
2025-03-26 19:25:00+00:00,567.7000122070312,568.2999877929688,567.6500854492188,567.9500122070312,641402
2025-03-26 19:30:00+00:00,568.02001953125,568.0999755859375,567.6099853515625,567.7100219726562,1098994
2025-03-26 19:35:00+00:00,567.8599853515625,568.0999755859375,567.6500244140625,568.0200805664062,1093619
2025-03-26 19:40:00+00:00,568.3599853515625,568.6400146484375,567.8599853515625,567.8800048828125,1113317
2025-03-26 19:45:00+00:00,568.8887939453125,568.9099731445312,568.0999755859375,568.3599853515625,1023358
2025-03-26 19:50:00+00:00,569.3499755859375,569.5800170898438,568.6699829101562,568.9000244140625,2358896
2025-03-26 19:55:00+00:00,568.75,569.3400268554688,568.7000122070312,569.3300170898438,2825682
2025-03-27 13:30:00+00:00,566.280029296875,567.52001953125,565.9299926757812,567.1799926757812,2061404
2025-03-27 13:35:00+00:00,565.385009765625,566.4199829101562,565.3400268554688,566.2999877929688,845140
2025-03-27 13:40:00+00:00,565.5653076171875,565.6900024414062,564.9400024414062,565.3699951171875,952669
2025-03-27 13:45:00+00:00,566.5599975585938,566.77001953125,565.5599975585938,565.5599975585938,834962
2025-03-27 13:50:00+00:00,567.77001953125,567.9400024414062,566.4600219726562,566.6199951171875,988762
2025-03-27 13:55:00+00:00,568.3300170898438,568.4299926757812,567.7283935546875,567.8200073242188,1191508
2025-03-27 14:00:00+00:00,568.530029296875,568.9400024414062,568.1300048828125,568.3099975585938,878648
2025-03-27 14:05:00+00:00,568.27001953125,568.8150024414062,567.7891235351562,568.510009765625,520233
2025-03-27 14:10:00+00:00,568.8699951171875,569.0700073242188,567.530029296875,568.25,512831
2025-03-27 14:15:00+00:00,569.0900268554688,569.2597045898438,568.3499755859375,568.8900146484375,335130
2025-03-27 14:20:00+00:00,568.6362915039062,569.2000122070312,568.22998046875,569.0900268554688,322040
2025-03-27 14:25:00+00:00,569.52001953125,569.5800170898438,568.52001953125,568.5999755859375,363057
2025-03-27 14:30:00+00:00,569.7100219726562,569.7849731445312,569.25,569.52001953125,551622
2025-03-27 14:35:00+00:00,570.2000122070312,570.489990234375,569.5999755859375,569.719970703125,674503
2025-03-27 14:40:00+00:00,570.4099731445312,570.5999755859375,570.010009765625,570.2000122070312,510436
2025-03-27 14:45:00+00:00,569.969970703125,570.5983276367188,569.8800048828125,570.4199829101562,444138
2025-03-27 14:50:00+00:00,570.6599731445312,570.6900024414062,569.719970703125,569.97998046875,375464
2025-03-27 14:55:00+00:00,570.7999267578125,570.7999267578125,570.27001953125,570.6900024414062,376884
2025-03-27 15:00:00+00:00,570.6987915039062,570.9000244140625,570.3699951171875,570.7999877929688,378864
2025-03-27 15:05:00+00:00,570.1099853515625,570.809814453125,570.0900268554688,570.6799926757812,785141
2025-03-27 15:10:00+00:00,570.7000122070312,570.77001953125,570.0499877929688,570.1199951171875,344974
2025-03-27 15:15:00+00:00,570.7849731445312,570.8800048828125,570.1721801757812,570.4099731445312,259052
2025-03-27 15:20:00+00:00,570.4400024414062,570.780029296875,570.0900268554688,570.760009765625,203280
2025-03-27 15:25:00+00:00,569.8599853515625,570.5700073242188,569.8099975585938,570.4299926757812,0
2025-03-27 15:30:00+00:00,569.0,569.8800048828125,568.9199829101562,569.8800048828125,491809
2025-03-27 15:35:00+00:00,568.6799926757812,569.27001953125,568.4099731445312,568.989990234375,509500
2025-03-27 15:40:00+00:00,568.39501953125,568.75,568.1500244140625,568.6900024414062,381582
2025-03-27 15:45:00+00:00,567.9199829101562,568.4998779296875,567.8699951171875,568.4099731445312,324337
2025-03-27 15:50:00+00:00,568.4000244140625,568.5999755859375,567.9099731445312,567.9498901367188,448803
2025-03-27 15:55:00+00:00,567.9400024414062,568.3699951171875,567.8499755859375,568.3699951171875,208269
2025-03-27 16:00:00+00:00,568.469970703125,568.52001953125,567.7899780273438,568.0999755859375,303063
2025-03-27 16:05:00+00:00,569.1199951171875,569.260009765625,568.4515991210938,568.5,355014
2025-03-27 16:10:00+00:00,568.8900146484375,569.1599731445312,568.5599975585938,569.1400146484375,246622
2025-03-27 16:15:00+00:00,569.551025390625,569.72998046875,568.77001953125,568.8900146484375,233483
2025-03-27 16:20:00+00:00,569.25,569.9102172851562,569.2000122070312,569.6099853515625,335817
2025-03-27 16:25:00+00:00,568.64501953125,569.260009765625,568.530029296875,569.260009765625,222288
2025-03-27 16:30:00+00:00,568.8087768554688,569.2999877929688,568.6500244140625,568.6500244140625,195414
2025-03-27 16:35:00+00:00,568.6099853515625,568.8499755859375,568.3099975585938,568.7899780273438,226789
2025-03-27 16:40:00+00:00,568.6799926757812,568.9600219726562,568.4299926757812,568.593994140625,119451
2025-03-27 16:45:00+00:00,567.530029296875,568.8499755859375,567.510009765625,568.6400146484375,299430
2025-03-27 16:50:00+00:00,567.3800048828125,567.5999755859375,567.0700073242188,567.5,443092
2025-03-27 16:55:00+00:00,566.6599731445312,567.4000244140625,566.60009765625,567.3900146484375,503495
2025-03-27 17:00:00+00:00,567.0499877929688,567.25,566.3800048828125,566.6599731445312,372596
2025-03-27 17:05:00+00:00,567.4312744140625,567.5900268554688,566.8001098632812,567.0499877929688,344969
2025-03-27 17:10:00+00:00,568.0399780273438,568.0662841796875,567.2899780273438,567.469970703125,311399
2025-03-27 17:15:00+00:00,567.6799926757812,568.1900024414062,567.6400146484375,568.030029296875,311529
2025-03-27 17:20:00+00:00,567.6599731445312,567.9199829101562,567.3599853515625,567.6599731445312,247321
2025-03-27 17:25:00+00:00,566.760009765625,567.6699829101562,566.72998046875,567.6599731445312,457417
2025-03-27 17:30:00+00:00,567.1599731445312,567.469970703125,566.7000122070312,566.7899780273438,357324
2025-03-27 17:35:00+00:00,567.010009765625,567.23876953125,566.6400146484375,567.1300048828125,205888
2025-03-27 17:40:00+00:00,566.7899780273438,567.2000122070312,566.6900024414062,567.0,147525
2025-03-27 17:45:00+00:00,567.4299926757812,567.5,566.8200073242188,566.8300170898438,210061
2025-03-27 17:50:00+00:00,566.5,567.767578125,566.4500122070312,567.4600219726562,293587
2025-03-27 17:55:00+00:00,566.635009765625,566.780029296875,566.4229736328125,566.489990234375,211947
2025-03-27 18:00:00+00:00,567.35498046875,567.3800048828125,566.5599975585938,566.6500244140625,238509
2025-03-27 18:05:00+00:00,567.8099975585938,568.1500244140625,567.3499755859375,567.3499755859375,532055
2025-03-27 18:10:00+00:00,568.4671020507812,568.5050048828125,567.7000122070312,567.7999877929688,323489
2025-03-27 18:15:00+00:00,568.1900024414062,568.6799926757812,567.989990234375,568.489990234375,297883
2025-03-27 18:20:00+00:00,567.864990234375,568.5499877929688,567.8300170898438,568.1699829101562,248057
2025-03-27 18:25:00+00:00,567.9600219726562,568.25,567.6400146484375,567.8599853515625,251727
2025-03-27 18:30:00+00:00,568.1392822265625,568.219970703125,567.5499877929688,568.2000122070312,318983
2025-03-27 18:35:00+00:00,568.4299926757812,568.5700073242188,568.0701293945312,568.1500854492188,233704
2025-03-27 18:40:00+00:00,568.47998046875,568.9600219726562,568.3400268554688,568.4550170898438,421984
2025-03-27 18:45:00+00:00,568.888671875,568.9199829101562,568.5,568.5,152342
2025-03-27 18:50:00+00:00,568.8699951171875,569.1875,568.5700073242188,568.8900146484375,289088
2025-03-27 18:55:00+00:00,567.5599975585938,568.9000244140625,567.4199829101562,568.8599853515625,438621
2025-03-27 19:00:00+00:00,568.1400146484375,568.3699951171875,567.4299926757812,567.5399780273438,542253
2025-03-27 19:05:00+00:00,568.3049926757812,568.4099731445312,567.6699829101562,568.1099853515625,248212
2025-03-27 19:10:00+00:00,569.0723876953125,569.0999755859375,568.239990234375,568.3599853515625,560266
2025-03-27 19:15:00+00:00,569.3214721679688,569.4299926757812,568.9229736328125,569.0700073242188,563021
2025-03-27 19:20:00+00:00,569.8099975585938,570.030029296875,569.2301025390625,569.3400268554688,587887
2025-03-27 19:25:00+00:00,569.780029296875,569.8499755859375,569.4099731445312,569.8099975585938,492280
2025-03-27 19:30:00+00:00,569.3099975585938,569.8099975585938,568.864990234375,569.760009765625,712398
2025-03-27 19:35:00+00:00,568.6199951171875,569.3499755859375,568.5499877929688,569.3150024414062,1121741
2025-03-27 19:40:00+00:00,568.760009765625,569.0399780273438,568.3699951171875,568.6300048828125,718473
2025-03-27 19:45:00+00:00,568.969970703125,569.0599975585938,568.5700073242188,568.760009765625,558648
2025-03-27 19:50:00+00:00,567.760009765625,568.9724731445312,567.0800170898438,568.969970703125,1956997
2025-03-27 19:55:00+00:00,567.02001953125,568.0900268554688,566.719970703125,567.760009765625,2817940
2025-03-28 13:30:00+00:00,565.0399169921875,565.760009765625,564.3699951171875,565.530029296875,2772843
2025-03-28 13:35:00+00:00,566.010009765625,566.2675170898438,564.989990234375,565.0399780273438,893085
2025-03-28 13:40:00+00:00,565.010009765625,566.2485961914062,565.010009765625,565.969970703125,575687
2025-03-28 13:45:00+00:00,565.1099853515625,565.5599975585938,564.8049926757812,565.0399780273438,562333
2025-03-28 13:50:00+00:00,564.3699951171875,565.3961791992188,564.1099853515625,565.1300048828125,390513
2025-03-28 13:55:00+00:00,563.9398803710938,564.385009765625,563.760009765625,564.3499755859375,479778
2025-03-28 14:00:00+00:00,563.6649780273438,564.3599853515625,562.9199829101562,563.8400268554688,899288
2025-03-28 14:05:00+00:00,562.280029296875,563.739990234375,562.02001953125,563.72998046875,864868
2025-03-28 14:10:00+00:00,561.3800048828125,562.47998046875,561.1500244140625,562.2999877929688,1464590
2025-03-28 14:15:00+00:00,560.760009765625,561.4981079101562,560.6300048828125,561.3900146484375,1159655
2025-03-28 14:20:00+00:00,560.530029296875,560.97998046875,560.2999877929688,560.75,983606
2025-03-28 14:25:00+00:00,559.5700073242188,560.5999755859375,559.489990234375,560.5499877929688,1875862
2025-03-28 14:30:00+00:00,559.0700073242188,560.1500244140625,558.77001953125,559.5650024414062,1277158
2025-03-28 14:35:00+00:00,559.3599853515625,559.469970703125,558.3300170898438,559.0700073242188,1357071
2025-03-28 14:40:00+00:00,559.5999755859375,559.780029296875,558.989990234375,559.3499755859375,1277991
2025-03-28 14:45:00+00:00,558.7957153320312,559.65869140625,558.5999755859375,559.5999755859375,728476
2025-03-28 14:50:00+00:00,559.1500244140625,559.4299926757812,558.6099853515625,558.77001953125,461326
2025-03-28 14:55:00+00:00,558.7899780273438,559.1699829101562,558.260009765625,559.1599731445312,683803
2025-03-28 15:00:00+00:00,557.8699951171875,558.8400268554688,557.77001953125,558.7999877929688,965992
2025-03-28 15:05:00+00:00,558.2357788085938,558.6500244140625,557.8599853515625,557.8699951171875,899739
2025-03-28 15:10:00+00:00,558.9299926757812,559.3499755859375,558.1300048828125,558.25,1268953
2025-03-28 15:15:00+00:00,558.5338134765625,559.25,558.4400024414062,558.9498901367188,558803
2025-03-28 15:20:00+00:00,558.2050170898438,558.8900146484375,558.0750122070312,558.52001953125,456528
2025-03-28 15:25:00+00:00,558.9400024414062,559.0599975585938,558.2000122070312,558.2100219726562,528211
2025-03-28 15:30:00+00:00,559.5499877929688,559.614990234375,558.6950073242188,558.9400024414062,629471
2025-03-28 15:35:00+00:00,559.6500244140625,559.7999877929688,559.3400268554688,559.5399780273438,493958
2025-03-28 15:40:00+00:00,559.0800170898438,559.72998046875,558.6599731445312,559.6300048828125,429676
2025-03-28 15:45:00+00:00,559.25,559.3200073242188,558.780029296875,559.0399780273438,298080
2025-03-28 15:50:00+00:00,558.4000244140625,559.2899780273438,558.3300170898438,559.239990234375,451148
2025-03-28 15:55:00+00:00,557.9299926757812,558.6168823242188,557.9299926757812,558.4099731445312,400957
2025-03-28 16:00:00+00:00,558.4201049804688,558.4498291015625,557.9000244140625,557.9199829101562,276729
2025-03-28 16:05:00+00:00,558.25,558.7999877929688,558.22998046875,558.3800048828125,448144
2025-03-28 16:10:00+00:00,558.114990234375,558.6787719726562,558.10009765625,558.27001953125,345613
2025-03-28 16:15:00+00:00,556.989990234375,558.1785278320312,556.9500122070312,558.0999755859375,781995
2025-03-28 16:20:00+00:00,556.8386840820312,557.149169921875,556.739990234375,557.0800170898438,447544
2025-03-28 16:25:00+00:00,556.8400268554688,557.0900268554688,556.6309814453125,556.7999877929688,578098
2025-03-28 16:30:00+00:00,557.1943969726562,557.3200073242188,556.8350219726562,556.844970703125,395297
2025-03-28 16:35:00+00:00,557.030029296875,557.4633178710938,557.0,557.2000122070312,581437
2025-03-28 16:40:00+00:00,556.9000244140625,557.4600219726562,556.8699951171875,557.219970703125,463927
2025-03-28 16:45:00+00:00,557.1900024414062,557.510009765625,556.8599853515625,556.8800048828125,391786
2025-03-28 16:50:00+00:00,557.3699951171875,557.5786743164062,557.1199951171875,557.1900024414062,328053
2025-03-28 16:55:00+00:00,556.543212890625,557.3699951171875,556.4400024414062,557.3699951171875,548462
2025-03-28 17:00:00+00:00,556.260009765625,556.5399780273438,556.1400146484375,556.5,647218
2025-03-28 17:05:00+00:00,555.739990234375,556.280029296875,555.7050170898438,556.239990234375,549856
2025-03-28 17:10:00+00:00,555.7899780273438,555.9799194335938,555.6400146484375,555.739990234375,487786
2025-03-28 17:15:00+00:00,556.152587890625,556.7000122070312,555.5399780273438,555.77001953125,860584
2025-03-28 17:20:00+00:00,555.77001953125,556.3099975585938,555.77001953125,556.0800170898438,329724
2025-03-28 17:25:00+00:00,555.3900146484375,555.8300170898438,555.25,555.77001953125,656454
2025-03-28 17:30:00+00:00,555.530029296875,555.7999877929688,555.297607421875,555.360107421875,466982
2025-03-28 17:35:00+00:00,555.7899780273438,555.8099975585938,555.219970703125,555.5599975585938,308446
2025-03-28 17:40:00+00:00,555.6900024414062,556.1099853515625,555.635009765625,555.7999877929688,651057
2025-03-28 17:45:00+00:00,555.635009765625,556.2000122070312,555.530029296875,555.7100219726562,533131
2025-03-28 17:50:00+00:00,555.5999755859375,555.77001953125,555.5,555.6300048828125,217995
2025-03-28 17:55:00+00:00,556.4099731445312,556.4500122070312,555.5800170898438,555.5800170898438,515940
2025-03-28 18:00:00+00:00,556.239990234375,556.719970703125,556.0399780273438,556.3900146484375,729980
2025-03-28 18:05:00+00:00,556.5999755859375,556.6400146484375,555.9600219726562,556.2496948242188,345216
2025-03-28 18:10:00+00:00,556.3300170898438,556.969970703125,556.219970703125,556.5999755859375,581184
2025-03-28 18:15:00+00:00,556.469970703125,556.7000122070312,556.010009765625,556.3494262695312,433310
2025-03-28 18:20:00+00:00,555.8400268554688,556.5700073242188,555.8400268554688,556.52001953125,341073
2025-03-28 18:25:00+00:00,555.989990234375,556.1900024414062,555.6300048828125,555.8300170898438,457701
2025-03-28 18:30:00+00:00,556.219970703125,556.3400268554688,555.8350219726562,555.9400024414062,509643
2025-03-28 18:35:00+00:00,555.5700073242188,556.2999877929688,555.5499877929688,555.9949951171875,480146
2025-03-28 18:40:00+00:00,555.5999755859375,555.75,555.5,555.5599975585938,310571
2025-03-28 18:45:00+00:00,555.489990234375,555.7692260742188,555.3099975585938,555.5900268554688,415920
2025-03-28 18:50:00+00:00,555.8099975585938,555.8599853515625,555.4099731445312,555.489990234375,909770
2025-03-28 18:55:00+00:00,556.1799926757812,556.239990234375,555.760009765625,555.8099975585938,423528
2025-03-28 19:00:00+00:00,556.1099853515625,556.4199829101562,555.989990234375,556.2100219726562,446026
2025-03-28 19:05:00+00:00,556.5,556.719970703125,556.1099853515625,556.1099853515625,686490
2025-03-28 19:10:00+00:00,556.2374877929688,556.5399780273438,555.9299926757812,556.5050048828125,549964
2025-03-28 19:15:00+00:00,556.27001953125,556.3300170898438,555.760009765625,556.239990234375,593432
2025-03-28 19:20:00+00:00,556.0599975585938,556.4199829101562,555.77001953125,556.25,438459
2025-03-28 19:25:00+00:00,555.77001953125,556.1400146484375,555.6599731445312,556.0599975585938,585133
2025-03-28 19:30:00+00:00,555.1599731445312,555.82421875,555.10498046875,555.780029296875,750366
2025-03-28 19:35:00+00:00,555.47998046875,555.630126953125,555.0700073242188,555.1599731445312,968200
2025-03-28 19:40:00+00:00,555.375,555.6400146484375,555.0900268554688,555.5700073242188,1168241
2025-03-28 19:45:00+00:00,556.0197143554688,556.030029296875,555.2000122070312,555.3800048828125,1249197
2025-03-28 19:50:00+00:00,556.280029296875,556.5,555.4099731445312,556.0,2733634
2025-03-28 19:55:00+00:00,555.8200073242188,556.469970703125,555.5,556.27001953125,5720498
2025-03-31 13:30:00+00:00,548.6900024414062,550.6300048828125,548.3300170898438,549.8300170898438,3931242
2025-03-31 13:35:00+00:00,549.0150146484375,549.6599731445312,548.5499877929688,548.6799926757812,1483677
2025-03-31 13:40:00+00:00,547.4498901367188,549.1400146484375,547.3800048828125,549.02001953125,1193044
2025-03-31 13:45:00+00:00,547.7025146484375,547.8599853515625,546.8699951171875,547.42138671875,1477636
2025-03-31 13:50:00+00:00,549.3099975585938,549.4199829101562,547.3099975585938,547.6400146484375,1347558
2025-03-31 13:55:00+00:00,549.739990234375,550.5399780273438,549.1600952148438,549.2999877929688,966857
2025-03-31 14:00:00+00:00,550.47998046875,551.1799926757812,549.6400146484375,549.75,969603
2025-03-31 14:05:00+00:00,551.3712158203125,551.5900268554688,550.3200073242188,550.47998046875,769052
2025-03-31 14:10:00+00:00,550.9099731445312,551.4199829101562,550.3300170898438,551.3800048828125,508337
2025-03-31 14:15:00+00:00,549.77001953125,551.0999755859375,549.6900024414062,550.8800048828125,592729
2025-03-31 14:20:00+00:00,549.77001953125,550.2100219726562,549.489990234375,549.7890014648438,611668
2025-03-31 14:25:00+00:00,549.510009765625,549.9600219726562,549.4299926757812,549.72998046875,692509
2025-03-31 14:30:00+00:00,551.72998046875,551.8300170898438,549.489990234375,549.5499877929688,973724
2025-03-31 14:35:00+00:00,551.3300170898438,551.9199829101562,550.6699829101562,551.719970703125,633466
2025-03-31 14:40:00+00:00,550.8699951171875,551.7100219726562,550.5700073242188,551.280029296875,912498
2025-03-31 14:45:00+00:00,551.6199951171875,551.97998046875,550.7999877929688,550.8599853515625,423169
2025-03-31 14:50:00+00:00,551.47998046875,551.7999877929688,550.6300048828125,551.5961303710938,511670
2025-03-31 14:55:00+00:00,551.5999755859375,551.671875,551.0700073242188,551.510009765625,400285
2025-03-31 15:00:00+00:00,552.0750122070312,552.27001953125,551.5599975585938,551.6099853515625,918449
2025-03-31 15:05:00+00:00,551.635009765625,552.5999755859375,551.5701293945312,552.0700073242188,528503
2025-03-31 15:10:00+00:00,551.4199829101562,552.3499755859375,551.3319702148438,551.6300048828125,497223
2025-03-31 15:15:00+00:00,552.1331176757812,552.3099975585938,551.2360229492188,551.4299926757812,380720
2025-03-31 15:20:00+00:00,553.1599731445312,553.3099975585938,552.1599731445312,552.1900024414062,767591
2025-03-31 15:25:00+00:00,552.530029296875,553.469970703125,552.4299926757812,553.1599731445312,620171
2025-03-31 15:30:00+00:00,552.7349853515625,552.8499755859375,552.0936889648438,552.510009765625,379876
2025-03-31 15:35:00+00:00,553.4299926757812,553.6099853515625,552.6300048828125,552.75,417501
2025-03-31 15:40:00+00:00,553.25,553.8300170898438,553.0800170898438,553.4500122070312,517881
2025-03-31 15:45:00+00:00,553.8760986328125,553.9099731445312,553.2000122070312,553.25,634430
2025-03-31 15:50:00+00:00,553.9199829101562,554.1199951171875,553.6199951171875,553.8699951171875,519806
2025-03-31 15:55:00+00:00,553.3200073242188,553.942626953125,553.1300048828125,553.8900146484375,338840
2025-03-31 16:00:00+00:00,553.5999755859375,553.8400268554688,553.25,553.64501953125,295112
2025-03-31 16:05:00+00:00,552.6500244140625,553.6500244140625,552.530029296875,553.5800170898438,400919
2025-03-31 16:10:00+00:00,552.47998046875,552.6799926757812,551.9149780273438,552.6599731445312,433198
2025-03-31 16:15:00+00:00,553.3599853515625,553.4600219726562,552.25,552.4400024414062,624920
2025-03-31 16:20:00+00:00,553.2100219726562,553.3800048828125,552.8309936523438,553.3800048828125,609132
2025-03-31 16:25:00+00:00,554.5549926757812,554.5900268554688,553.1799926757812,553.2000122070312,320635
2025-03-31 16:30:00+00:00,554.2849731445312,554.5499877929688,553.72998046875,554.5499877929688,382524
2025-03-31 16:35:00+00:00,554.3200073242188,554.3900146484375,553.8800048828125,554.2899780273438,260352
2025-03-31 16:40:00+00:00,553.9299926757812,554.4400024414062,553.7999877929688,554.3400268554688,231647
2025-03-31 16:45:00+00:00,554.0449829101562,554.3300170898438,553.77001953125,554.2899780273438,218899
2025-03-31 16:50:00+00:00,554.3599853515625,554.4598999023438,553.8499755859375,554.030029296875,300200
2025-03-31 16:55:00+00:00,553.3300170898438,554.3599853515625,553.1199951171875,554.3599853515625,370673
2025-03-31 17:00:00+00:00,553.919921875,553.969970703125,553.0238037109375,553.260009765625,401215
2025-03-31 17:05:00+00:00,554.8306884765625,554.8599853515625,553.67431640625,553.9199829101562,355097
2025-03-31 17:10:00+00:00,554.8099975585938,555.1599731445312,554.5399780273438,554.8350219726562,402961
2025-03-31 17:15:00+00:00,553.5299072265625,554.8508911132812,553.47998046875,554.469970703125,552271
2025-03-31 17:20:00+00:00,553.2996826171875,553.5900268554688,552.8200073242188,553.469970703125,433463
2025-03-31 17:25:00+00:00,553.6400146484375,553.6799926757812,552.9749755859375,553.260009765625,550978
2025-03-31 17:30:00+00:00,553.7100219726562,553.7589721679688,553.3300170898438,553.6303100585938,221720
2025-03-31 17:35:00+00:00,554.0609130859375,554.2100219726562,553.3300170898438,553.7078857421875,292246
2025-03-31 17:40:00+00:00,553.02001953125,554.0700073242188,552.9400024414062,554.0700073242188,421713
2025-03-31 17:45:00+00:00,553.14990234375,553.1699829101562,552.7100219726562,553.010009765625,288206
2025-03-31 17:50:00+00:00,554.010009765625,554.1300048828125,552.9298706054688,553.14501953125,398483
2025-03-31 17:55:00+00:00,553.1599731445312,554.02001953125,553.0800170898438,554.0,386506
2025-03-31 18:00:00+00:00,554.6500244140625,554.719970703125,553.02001953125,553.1500244140625,842671
2025-03-31 18:05:00+00:00,556.1912231445312,556.25,554.4929809570312,554.6699829101562,1067205
2025-03-31 18:10:00+00:00,556.1199951171875,556.9450073242188,556.0999755859375,556.219970703125,1703972
2025-03-31 18:15:00+00:00,556.8200073242188,556.8400268554688,555.72998046875,555.8499755859375,841374
2025-03-31 18:20:00+00:00,556.3800048828125,556.9400024414062,556.22998046875,556.8200073242188,917571
2025-03-31 18:25:00+00:00,556.9500122070312,556.9600219726562,556.25,556.3800048828125,609853
2025-03-31 18:30:00+00:00,557.27001953125,557.530029296875,556.739990234375,556.9299926757812,916486
2025-03-31 18:35:00+00:00,557.489990234375,557.6900024414062,557.0999755859375,557.25,709214
2025-03-31 18:40:00+00:00,557.3499755859375,557.9500122070312,557.280029296875,557.47998046875,632739
2025-03-31 18:45:00+00:00,556.9849853515625,557.469970703125,556.260009765625,557.3599853515625,1090168
2025-03-31 18:50:00+00:00,557.5700073242188,557.8699951171875,556.885009765625,556.9500122070312,670133
2025-03-31 18:55:00+00:00,556.3900146484375,557.510009765625,556.3800048828125,557.510009765625,801773
2025-03-31 19:00:00+00:00,557.5,557.5250244140625,556.364990234375,556.3900146484375,691280
2025-03-31 19:05:00+00:00,557.780029296875,558.0,557.4000244140625,557.510009765625,1161587
2025-03-31 19:10:00+00:00,558.510009765625,558.9299926757812,557.6500244140625,557.8599853515625,1035080
2025-03-31 19:15:00+00:00,558.3599853515625,558.8099975585938,558.0900268554688,558.510009765625,1036760
2025-03-31 19:20:00+00:00,558.780029296875,559.1900024414062,558.3400268554688,558.39501953125,1367370
2025-03-31 19:25:00+00:00,557.4099731445312,558.7750244140625,557.2113037109375,558.7700805664062,2631492
2025-03-31 19:30:00+00:00,558.8699951171875,558.9199829101562,557.1300048828125,557.2999877929688,1705527
2025-03-31 19:35:00+00:00,558.6699829101562,559.0900268554688,558.2000122070312,558.8800048828125,1643248
2025-03-31 19:40:00+00:00,559.4199829101562,560.711181640625,558.6799926757812,558.6799926757812,2349245
2025-03-31 19:45:00+00:00,558.97998046875,559.780029296875,558.6699829101562,559.3900146484375,1902341
2025-03-31 19:50:00+00:00,559.3699951171875,560.0,557.8400268554688,559.02001953125,4019000
2025-03-31 19:55:00+00:00,559.217529296875,560.0599975585938,558.4400024414062,559.3800048828125,6558508
2025-04-01 13:30:00+00:00,556.8400268554688,557.719970703125,556.3900756835938,557.4500122070312,2541185
2025-04-01 13:35:00+00:00,557.0499877929688,557.4099731445312,556.1699829101562,556.8499755859375,772824
2025-04-01 13:40:00+00:00,556.9249877929688,557.6500244140625,556.0,557.0599975585938,584637
2025-04-01 13:45:00+00:00,558.3699951171875,558.5800170898438,556.7504272460938,556.9249877929688,867005
2025-04-01 13:50:00+00:00,558.010009765625,558.5599975585938,557.8499755859375,558.3800048828125,541946
2025-04-01 13:55:00+00:00,557.219970703125,558.0999755859375,557.0399780273438,558.010009765625,563245
2025-04-01 14:00:00+00:00,556.2000122070312,557.5700073242188,556.0499877929688,557.1525268554688,1083715
2025-04-01 14:05:00+00:00,555.52001953125,556.9099731445312,555.0800170898438,556.2000122070312,899173
2025-04-01 14:10:00+00:00,554.3099975585938,555.6799926757812,554.22998046875,555.5050048828125,796225
2025-04-01 14:15:00+00:00,554.25,554.9199829101562,554.1699829101562,554.3200073242188,701906
2025-04-01 14:20:00+00:00,555.25,555.4400024414062,553.6799926757812,554.25,798062
2025-04-01 14:25:00+00:00,555.1400146484375,555.7949829101562,554.6199951171875,555.239990234375,527636
2025-04-01 14:30:00+00:00,555.719970703125,555.8900146484375,555.030029296875,555.135009765625,522504
2025-04-01 14:35:00+00:00,557.100830078125,557.7000122070312,555.5900268554688,555.719970703125,854352
2025-04-01 14:40:00+00:00,557.9500122070312,558.6300048828125,556.8400268554688,557.0499877929688,780412
2025-04-01 14:45:00+00:00,558.0399780273438,558.260009765625,557.47998046875,557.9600219726562,463033
2025-04-01 14:50:00+00:00,559.2078857421875,559.2249755859375,558.0599975585938,558.0888061523438,584009
2025-04-01 14:55:00+00:00,559.719970703125,559.7999877929688,558.77001953125,559.239990234375,995347
2025-04-01 15:00:00+00:00,559.8800048828125,560.239990234375,559.4000244140625,559.7150268554688,841221
2025-04-01 15:05:00+00:00,560.489990234375,560.6500244140625,559.8200073242188,559.8400268554688,995607
2025-04-01 15:10:00+00:00,561.4000244140625,561.4400024414062,560.1199951171875,560.510009765625,749534
2025-04-01 15:15:00+00:00,561.2100219726562,561.87939453125,561.1699829101562,561.3800048828125,879495
2025-04-01 15:20:00+00:00,561.6599731445312,561.75,560.594970703125,561.1900024414062,815659
2025-04-01 15:25:00+00:00,560.7990112304688,561.8200073242188,560.739990234375,561.6500244140625,679161
2025-04-01 15:30:00+00:00,560.93017578125,561.02001953125,560.3499755859375,560.8200073242188,443599
2025-04-01 15:35:00+00:00,560.8800048828125,560.9849853515625,560.260009765625,560.9398803710938,407102
2025-04-01 15:40:00+00:00,561.125,561.219970703125,560.2000122070312,560.85009765625,512508
2025-04-01 15:45:00+00:00,561.5700073242188,561.6900024414062,561.0399780273438,561.1046752929688,510234
2025-04-01 15:50:00+00:00,561.030029296875,561.760009765625,560.760009765625,561.5800170898438,378330
2025-04-01 15:55:00+00:00,561.5700073242188,561.5800170898438,560.7999877929688,561.030029296875,188975
2025-04-01 16:00:00+00:00,562.0399780273438,562.2999877929688,561.2000122070312,561.5900268554688,379267
2025-04-01 16:05:00+00:00,562.239990234375,562.3250122070312,561.72998046875,562.0999755859375,332830
2025-04-01 16:10:00+00:00,562.219970703125,562.4099731445312,561.8499755859375,562.260009765625,260019
2025-04-01 16:15:00+00:00,562.6300048828125,562.85498046875,562.0103149414062,562.2000122070312,559651
2025-04-01 16:20:00+00:00,562.1900024414062,562.9400024414062,561.8800048828125,562.625,508547
2025-04-01 16:25:00+00:00,560.75,562.260009765625,560.6500244140625,562.1699829101562,536293
2025-04-01 16:30:00+00:00,560.3900146484375,561.0599975585938,560.0800170898438,560.760009765625,708711
2025-04-01 16:35:00+00:00,559.7429809570312,560.489990234375,559.5399780273438,560.3499755859375,589544
2025-04-01 16:40:00+00:00,559.469970703125,560.0850219726562,559.3350219726562,559.7449951171875,583795
2025-04-01 16:45:00+00:00,560.1900024414062,560.239990234375,559.3800048828125,559.5,486400
2025-04-01 16:50:00+00:00,561.0050048828125,561.3800048828125,560.0499877929688,560.1950073242188,461127
2025-04-01 16:55:00+00:00,560.6900024414062,561.27001953125,560.6799926757812,560.989990234375,291494
2025-04-01 17:00:00+00:00,560.8300170898438,561.1199951171875,560.5399780273438,560.6727294921875,207323
2025-04-01 17:05:00+00:00,560.2999877929688,560.8400268554688,559.969970703125,560.8400268554688,385871
2025-04-01 17:10:00+00:00,560.75,560.77001953125,560.010009765625,560.280029296875,249843
2025-04-01 17:15:00+00:00,559.77001953125,560.8599853515625,559.719970703125,560.7349853515625,234024
2025-04-01 17:20:00+00:00,559.6599731445312,560.0698852539062,559.5499877929688,559.8099975585938,592621
2025-04-01 17:25:00+00:00,559.4199829101562,559.9600219726562,559.1799926757812,559.6500244140625,297120
2025-04-01 17:30:00+00:00,559.1478271484375,559.9199829101562,559.0999755859375,559.3300170898438,367190
2025-04-01 17:35:00+00:00,559.7409057617188,559.8499755859375,559.0999755859375,559.135009765625,302083
2025-04-01 17:40:00+00:00,559.3499755859375,560.3599853515625,559.27001953125,559.760009765625,381092
2025-04-01 17:45:00+00:00,559.9273071289062,559.989990234375,559.2899780273438,559.2999877929688,158126
2025-04-01 17:50:00+00:00,559.52001953125,560.280029296875,559.52001953125,559.9600219726562,288891
2025-04-01 17:55:00+00:00,559.0,559.5700073242188,558.9099731445312,559.5599975585938,365050
2025-04-01 18:00:00+00:00,557.8800048828125,559.1699829101562,557.52001953125,559.0,1055578
2025-04-01 18:05:00+00:00,557.3800048828125,558.0999755859375,557.2899169921875,557.8800048828125,511103
2025-04-01 18:10:00+00:00,557.7100219726562,557.8599853515625,557.0850219726562,557.4000244140625,533124
2025-04-01 18:15:00+00:00,557.0800170898438,557.7899780273438,556.8800048828125,557.72998046875,329158
2025-04-01 18:20:00+00:00,556.4299926757812,557.219970703125,556.4293212890625,557.0700073242188,463431
2025-04-01 18:25:00+00:00,556.6895141601562,557.1900024414062,556.4400024414062,556.4400024414062,500345
2025-04-01 18:30:00+00:00,556.8400268554688,557.2789916992188,556.5499877929688,556.6749877929688,459816
2025-04-01 18:35:00+00:00,556.5399780273438,557.1500244140625,556.4299926757812,556.8400268554688,313510
2025-04-01 18:40:00+00:00,557.2000122070312,557.2000122070312,556.5399780273438,556.5399780273438,299299
2025-04-01 18:45:00+00:00,556.4650268554688,557.239990234375,556.4500122070312,557.1699829101562,322106
2025-04-01 18:50:00+00:00,556.8400268554688,556.9099731445312,556.1500244140625,556.4400024414062,364214
2025-04-01 18:55:00+00:00,557.6619873046875,557.7799072265625,556.8300170898438,556.8699951171875,478372
2025-04-01 19:00:00+00:00,557.97998046875,558.0880737304688,557.4299926757812,557.6599731445312,468473
2025-04-01 19:05:00+00:00,557.6900024414062,558.4299926757812,557.6697998046875,557.9650268554688,409041
2025-04-01 19:10:00+00:00,558.144775390625,558.159912109375,557.52001953125,557.6699829101562,366527
2025-04-01 19:15:00+00:00,558.22998046875,558.77001953125,557.9400024414062,558.1400146484375,663890
2025-04-01 19:20:00+00:00,558.8200073242188,558.9199829101562,558.0449829101562,558.22998046875,368747
2025-04-01 19:25:00+00:00,558.4293212890625,558.9949951171875,558.4293212890625,558.8099975585938,541333
2025-04-01 19:30:00+00:00,559.2999877929688,559.719970703125,558.1713256835938,558.4299926757812,703690
2025-04-01 19:35:00+00:00,559.6699829101562,559.9600219726562,559.1500244140625,559.3200073242188,577142
2025-04-01 19:40:00+00:00,559.9400024414062,560.0565795898438,559.5999755859375,559.6900024414062,692343
2025-04-01 19:45:00+00:00,560.4299926757812,560.5399780273438,559.7999877929688,559.9299926757812,906427
2025-04-01 19:50:00+00:00,561.0999755859375,561.25,559.8120727539062,560.4500122070312,1528859
2025-04-01 19:55:00+00:00,561.0499877929688,561.52001953125,560.52001953125,561.0999755859375,3414500
2025-04-02 13:30:00+00:00,556.9400024414062,557.0,555.0,555.0499877929688,3100274
2025-04-02 13:35:00+00:00,558.4600219726562,558.6699829101562,556.6599731445312,556.9299926757812,1869088
2025-04-02 13:40:00+00:00,558.8150024414062,559.0,558.02001953125,558.489990234375,1034627
2025-04-02 13:45:00+00:00,559.3900146484375,559.4600219726562,558.6749877929688,558.7999877929688,758394
2025-04-02 13:50:00+00:00,558.52001953125,559.780029296875,558.52001953125,559.3699951171875,1150576
2025-04-02 13:55:00+00:00,558.72998046875,559.489990234375,558.4099731445312,558.5399780273438,424370
2025-04-02 14:00:00+00:00,560.4500122070312,560.6300048828125,558.4000244140625,558.7100219726562,657841
2025-04-02 14:05:00+00:00,559.0700073242188,560.5999755859375,558.8099975585938,560.510009765625,506589
2025-04-02 14:10:00+00:00,559.1588134765625,559.6300048828125,558.2899780273438,559.0892944335938,472342
2025-04-02 14:15:00+00:00,560.1300048828125,560.22998046875,558.906005859375,559.0900268554688,370465
2025-04-02 14:20:00+00:00,560.5800170898438,560.6699829101562,559.6799926757812,560.1599731445312,365346
2025-04-02 14:25:00+00:00,560.8599853515625,560.9161987304688,559.8099975585938,560.6152954101562,400275
2025-04-02 14:30:00+00:00,560.9500122070312,561.5700073242188,560.6500244140625,560.844970703125,516596
2025-04-02 14:35:00+00:00,560.9749755859375,561.1300048828125,560.3400268554688,560.9400024414062,398880
2025-04-02 14:40:00+00:00,560.77001953125,561.4099731445312,560.4500122070312,560.9400024414062,330617
2025-04-02 14:45:00+00:00,561.3049926757812,561.3900146484375,560.72998046875,560.8300170898438,315116
2025-04-02 14:50:00+00:00,561.2301025390625,561.530029296875,561.1500854492188,561.2750244140625,284943
2025-04-02 14:55:00+00:00,562.0900268554688,562.2695922851562,561.0700073242188,561.239990234375,493437
2025-04-02 15:00:00+00:00,561.9500122070312,562.0900268554688,561.2899780273438,562.0700073242188,512358
2025-04-02 15:05:00+00:00,562.030029296875,562.0800170898438,561.6099853515625,561.9600219726562,203622
2025-04-02 15:10:00+00:00,561.0999755859375,562.1599731445312,561.0900268554688,562.030029296875,427674
2025-04-02 15:15:00+00:00,561.8770141601562,561.8770141601562,560.8599853515625,561.1199951171875,315602
2025-04-02 15:20:00+00:00,562.760009765625,562.8900146484375,561.7899780273438,561.8599853515625,378790
2025-04-02 15:25:00+00:00,563.3099975585938,563.75,562.77001953125,562.780029296875,750777
2025-04-02 15:30:00+00:00,563.5999755859375,563.72998046875,563.0700073242188,563.3300170898438,434678
2025-04-02 15:35:00+00:00,563.4199829101562,563.7100219726562,563.0900268554688,563.5999755859375,402830
2025-04-02 15:40:00+00:00,562.4000244140625,563.5499877929688,562.260009765625,563.4349975585938,657494
2025-04-02 15:45:00+00:00,561.7000122070312,562.5800170898438,561.489990234375,562.405029296875,514281
2025-04-02 15:50:00+00:00,561.8400268554688,561.989990234375,561.1021728515625,561.6749877929688,425715
2025-04-02 15:55:00+00:00,562.2836303710938,562.6699829101562,561.7000122070312,562.27001953125,449415
2025-04-02 16:00:00+00:00,562.2891235351562,562.760009765625,562.0800170898438,562.3099975585938,326453
2025-04-02 16:05:00+00:00,562.6699829101562,562.7498779296875,562.1900024414062,562.3200073242188,266626
2025-04-02 16:10:00+00:00,563.5399780273438,563.5999755859375,562.541015625,562.7000122070312,331877
2025-04-02 16:15:00+00:00,563.6887817382812,563.8800048828125,563.3400268554688,563.5399780273438,432298
2025-04-02 16:20:00+00:00,563.8088989257812,563.97998046875,563.4199829101562,563.6599731445312,505266
2025-04-02 16:25:00+00:00,564.280029296875,564.280029296875,563.4199829101562,563.8049926757812,428638
2025-04-02 16:30:00+00:00,564.4199829101562,564.5599975585938,564.010009765625,564.2899780273438,320180
2025-04-02 16:35:00+00:00,563.989990234375,564.4400024414062,563.5700073242188,564.4000244140625,523519
2025-04-02 16:40:00+00:00,564.5,564.530029296875,563.6799926757812,564.030029296875,247049
2025-04-02 16:45:00+00:00,565.6599731445312,565.739990234375,564.217529296875,564.510009765625,685874
2025-04-02 16:50:00+00:00,565.5086059570312,566.0599975585938,565.1799926757812,565.6599731445312,1009700
2025-04-02 16:55:00+00:00,565.6799926757812,565.8480224609375,565.1400146484375,565.5150146484375,462999
2025-04-02 17:00:00+00:00,566.1401977539062,566.22998046875,565.6199951171875,565.6900024414062,347680
2025-04-02 17:05:00+00:00,566.4299926757812,566.6900024414062,566.0399780273438,566.1400146484375,868069
2025-04-02 17:10:00+00:00,566.9199829101562,567.4199829101562,566.4000244140625,566.4099731445312,1019059
2025-04-02 17:15:00+00:00,566.719970703125,566.9500122070312,566.489990234375,566.9299926757812,473532
2025-04-02 17:20:00+00:00,566.5399780273438,566.75,565.9099731445312,566.5701293945312,681429
2025-04-02 17:25:00+00:00,566.076904296875,566.582275390625,566.039306640625,566.52001953125,293640
2025-04-02 17:30:00+00:00,565.5,566.098876953125,565.219970703125,566.030029296875,580106
2025-04-02 17:35:00+00:00,565.27001953125,565.5150146484375,564.780029296875,565.5050048828125,384365
2025-04-02 17:40:00+00:00,564.568115234375,565.52001953125,564.2999877929688,565.3099975585938,664595
2025-04-02 17:45:00+00:00,563.8900146484375,564.530029296875,563.5430908203125,564.510009765625,425036
2025-04-02 17:50:00+00:00,563.8400268554688,563.9249877929688,563.2100219726562,563.8800048828125,632534
2025-04-02 17:55:00+00:00,564.0999755859375,564.2999877929688,563.6900024414062,563.8099975585938,487063
2025-04-02 18:00:00+00:00,563.47998046875,564.4500122070312,563.4400024414062,564.0800170898438,634837
2025-04-02 18:05:00+00:00,562.8800048828125,563.47998046875,562.6099853515625,563.469970703125,516835
2025-04-02 18:10:00+00:00,563.02001953125,563.25,562.489990234375,562.5800170898438,334084
2025-04-02 18:15:00+00:00,562.5499877929688,563.2100219726562,562.3400268554688,563.0,482453
2025-04-02 18:20:00+00:00,562.0999755859375,562.8800048828125,561.9299926757812,562.5499877929688,394862
2025-04-02 18:25:00+00:00,561.0999755859375,562.530029296875,561.0999755859375,562.2691040039062,480114
2025-04-02 18:30:00+00:00,562.0800170898438,562.0999755859375,560.9600219726562,561.1099853515625,586655
2025-04-02 18:35:00+00:00,563.2750244140625,563.2999877929688,561.8699951171875,562.4600219726562,626346
2025-04-02 18:40:00+00:00,563.3499755859375,563.7849731445312,563.0700073242188,563.2999877929688,664779
2025-04-02 18:45:00+00:00,563.323486328125,563.510009765625,562.8400268554688,563.3599853515625,263352
2025-04-02 18:50:00+00:00,562.780029296875,563.280029296875,562.4700927734375,563.25,312503
2025-04-02 18:55:00+00:00,561.1099853515625,562.77001953125,561.0999755859375,562.77001953125,427763
2025-04-02 19:00:00+00:00,562.77978515625,562.8397216796875,561.135009765625,561.1500244140625,459995
2025-04-02 19:05:00+00:00,562.6199951171875,562.9498901367188,562.2916870117188,562.760009765625,340955
2025-04-02 19:10:00+00:00,562.0900268554688,562.7498168945312,562.0800170898438,562.5999755859375,321674
2025-04-02 19:15:00+00:00,562.059814453125,562.5599975585938,561.6599731445312,562.1199951171875,391522
2025-04-02 19:20:00+00:00,562.7550048828125,562.9500122070312,561.97998046875,562.02001953125,352578
2025-04-02 19:25:00+00:00,563.2000122070312,563.3701782226562,562.1500244140625,562.739990234375,406892
2025-04-02 19:30:00+00:00,564.1400146484375,564.3900146484375,562.6500244140625,563.1799926757812,1101803
2025-04-02 19:35:00+00:00,564.0789794921875,564.5399780273438,563.72998046875,564.1300048828125,549598
2025-04-02 19:40:00+00:00,564.7100219726562,564.9000244140625,563.9299926757812,564.4600219726562,874292
2025-04-02 19:45:00+00:00,565.3200073242188,565.52001953125,564.7100219726562,564.7100219726562,783592
2025-04-02 19:50:00+00:00,565.0800170898438,565.5800170898438,564.8200073242188,565.2999877929688,1264465
2025-04-02 19:55:00+00:00,564.6599731445312,565.655029296875,564.6199951171875,565.0800170898438,5406481
2025-04-03 13:30:00+00:00,547.5250244140625,547.969970703125,544.8900146484375,545.1099853515625,8483364
2025-04-03 13:35:00+00:00,547.7100219726562,547.855712890625,546.22998046875,547.510009765625,2600685
2025-04-03 13:40:00+00:00,546.3200073242188,547.7324829101562,545.780029296875,547.7100219726562,1898732
2025-04-03 13:45:00+00:00,545.27001953125,546.3699951171875,544.969970703125,546.3200073242188,1802956
2025-04-03 13:50:00+00:00,545.52001953125,547.1599731445312,545.2100219726562,545.260009765625,1689431
2025-04-03 13:55:00+00:00,544.9199829101562,546.064697265625,544.1799926757812,545.5399780273438,2057290
2025-04-03 14:00:00+00:00,543.22998046875,545.219970703125,543.02001953125,544.8599853515625,1712696
2025-04-03 14:05:00+00:00,542.97998046875,544.010009765625,542.7999877929688,543.25,1848782
2025-04-03 14:10:00+00:00,542.6898803710938,543.1423950195312,542.0,542.969970703125,1397131
2025-04-03 14:15:00+00:00,542.1900024414062,543.4600219726562,542.1599731445312,542.6799926757812,1873742
2025-04-03 14:20:00+00:00,541.8800048828125,542.5162963867188,541.5700073242188,542.1849975585938,1580693
2025-04-03 14:25:00+00:00,543.0700073242188,543.739990234375,541.8099975585938,541.8900146484375,2059147
2025-04-03 14:30:00+00:00,542.6599731445312,543.9000244140625,542.5736083984375,543.0399780273438,1601441
2025-04-03 14:35:00+00:00,542.239990234375,543.010009765625,542.1099853515625,542.6599731445312,1060281
2025-04-03 14:40:00+00:00,542.1900024414062,542.8599853515625,541.5900268554688,542.239990234375,1086914
2025-04-03 14:45:00+00:00,540.909912109375,542.25,540.760009765625,542.1400146484375,1073518
2025-04-03 14:50:00+00:00,540.6500244140625,541.280029296875,540.0999755859375,540.8800048828125,1881037
2025-04-03 14:55:00+00:00,540.1900024414062,540.969970703125,540.1500244140625,540.6400146484375,1777865
2025-04-03 15:00:00+00:00,540.7000122070312,540.7662963867188,539.97998046875,540.2000122070312,1453353
2025-04-03 15:05:00+00:00,540.1699829101562,540.77001953125,539.5800170898438,540.6900024414062,1677434
2025-04-03 15:10:00+00:00,541.4600219726562,542.1900024414062,540.0999755859375,540.1900024414062,1452020
2025-04-03 15:15:00+00:00,542.2249755859375,542.469970703125,541.4199829101562,541.4400024414062,1441371
2025-04-03 15:20:00+00:00,541.969970703125,542.3900146484375,541.1900024414062,542.2100219726562,1134955
2025-04-03 15:25:00+00:00,541.72998046875,542.77001953125,541.7100219726562,542.0050048828125,911919
2025-04-03 15:30:00+00:00,542.760009765625,543.0700073242188,541.6400146484375,541.780029296875,1118050
2025-04-03 15:35:00+00:00,543.4600830078125,543.5399780273438,541.9312133789062,542.780029296875,1148634
2025-04-03 15:40:00+00:00,543.9000244140625,544.3099975585938,543.4550170898438,543.4600219726562,1312987
2025-04-03 15:45:00+00:00,543.1199951171875,544.1799926757812,542.6799926757812,543.9199829101562,1077076
2025-04-03 15:50:00+00:00,543.405029296875,543.4299926757812,542.0900268554688,543.1099853515625,999947
2025-04-03 15:55:00+00:00,543.510009765625,544.419921875,543.2000122070312,543.3800048828125,677985
2025-04-03 16:00:00+00:00,543.8900146484375,544.8800048828125,543.3900146484375,543.510009765625,720576
2025-04-03 16:05:00+00:00,543.7000122070312,544.6699829101562,543.6300048828125,543.9249877929688,789691
2025-04-03 16:10:00+00:00,545.0499877929688,545.260009765625,543.6199951171875,543.739990234375,977860
2025-04-03 16:15:00+00:00,545.5900268554688,545.7000122070312,544.7899780273438,545.02001953125,708477
2025-04-03 16:20:00+00:00,545.6403198242188,545.9600219726562,545.1300048828125,545.5900268554688,801268
2025-04-03 16:25:00+00:00,545.9199829101562,545.9249877929688,544.5700073242188,545.6699829101562,727278
2025-04-03 16:30:00+00:00,544.219970703125,546.3599853515625,544.1799926757812,545.9400024414062,1156289
2025-04-03 16:35:00+00:00,544.3197021484375,544.614990234375,543.9600219726562,544.2100219726562,695006
2025-04-03 16:40:00+00:00,544.5599975585938,545.72998046875,544.260009765625,544.260009765625,862577
2025-04-03 16:45:00+00:00,544.969970703125,544.969970703125,544.0999755859375,544.5650024414062,518872
2025-04-03 16:50:00+00:00,543.3599853515625,544.989990234375,543.280029296875,544.9299926757812,899985
2025-04-03 16:55:00+00:00,543.4400024414062,543.6699829101562,542.9849853515625,543.375,828083
2025-04-03 17:00:00+00:00,543.5198974609375,544.1749877929688,543.1900024414062,543.4600219726562,658288
2025-04-03 17:05:00+00:00,543.3198852539062,544.3699951171875,543.280029296875,543.4550170898438,584111
2025-04-03 17:10:00+00:00,543.469970703125,543.9299926757812,542.89501953125,543.3200073242188,499403
2025-04-03 17:15:00+00:00,543.0900268554688,543.6400146484375,542.9099731445312,543.4550170898438,539614
2025-04-03 17:20:00+00:00,542.4299926757812,543.5700073242188,541.9199829101562,543.1099853515625,654577
2025-04-03 17:25:00+00:00,542.260009765625,542.7000122070312,542.0399780273438,542.4400024414062,485427
2025-04-03 17:30:00+00:00,542.6199951171875,542.6500244140625,541.9099731445312,542.239990234375,471212
2025-04-03 17:35:00+00:00,543.1199951171875,543.52001953125,542.5700073242188,542.6300048828125,697656
2025-04-03 17:40:00+00:00,543.4600219726562,543.5800170898438,542.8499755859375,543.1099853515625,795191
2025-04-03 17:45:00+00:00,542.9299926757812,543.7899780273438,542.7899780273438,543.4500122070312,684131
2025-04-03 17:50:00+00:00,542.655029296875,543.0399780273438,542.2999877929688,542.9400024414062,472217
2025-04-03 17:55:00+00:00,541.8499755859375,542.6599731445312,541.77001953125,542.6500244140625,569803
2025-04-03 18:00:00+00:00,541.780029296875,542.530029296875,541.739990234375,541.8400268554688,664947
2025-04-03 18:05:00+00:00,541.5501098632812,541.8800048828125,541.25,541.8098754882812,638846
2025-04-03 18:10:00+00:00,540.780029296875,541.6599731445312,540.7000122070312,541.5499877929688,665296
2025-04-03 18:15:00+00:00,540.6599731445312,541.1199951171875,540.3900146484375,540.77001953125,621380
2025-04-03 18:20:00+00:00,540.6500244140625,541.398193359375,540.364990234375,540.6749877929688,650236
2025-04-03 18:25:00+00:00,540.7899780273438,541.010009765625,540.4199829101562,540.6798706054688,1015398
2025-04-03 18:30:00+00:00,540.4199829101562,541.530029296875,539.940185546875,540.77001953125,1344932
2025-04-03 18:35:00+00:00,541.219970703125,541.469970703125,540.280029296875,540.3800048828125,644729
2025-04-03 18:40:00+00:00,541.9500122070312,542.0899047851562,541.0549926757812,541.219970703125,1086889
2025-04-03 18:45:00+00:00,542.1900024414062,542.239990234375,541.3099975585938,541.969970703125,585878
2025-04-03 18:50:00+00:00,541.72998046875,542.3499755859375,541.5399780273438,542.1799926757812,602779
2025-04-03 18:55:00+00:00,541.7899780273438,542.030029296875,541.1500244140625,541.7100219726562,851479
2025-04-03 19:00:00+00:00,541.4600219726562,541.9500122070312,541.2100219726562,541.77001953125,711599
2025-04-03 19:05:00+00:00,541.4299926757812,542.0,541.3499755859375,541.4099731445312,591656
2025-04-03 19:10:00+00:00,540.9000244140625,541.7498779296875,540.780029296875,541.4099731445312,1459335
2025-04-03 19:15:00+00:00,539.5599975585938,540.9498291015625,538.5499877929688,540.9400024414062,2281456
2025-04-03 19:20:00+00:00,539.4299926757812,540.07470703125,538.8200073242188,539.5700073242188,1393499
2025-04-03 19:25:00+00:00,539.030029296875,539.9299926757812,538.7899780273438,539.4099731445312,1425571
2025-04-03 19:30:00+00:00,538.344970703125,539.260009765625,538.1199951171875,539.0399780273438,1738678
2025-04-03 19:35:00+00:00,538.6400146484375,538.7706909179688,538.010009765625,538.27001953125,1894353
2025-04-03 19:40:00+00:00,539.4349975585938,539.6300048828125,538.3699951171875,538.6500244140625,1491586
2025-04-03 19:45:00+00:00,538.0499877929688,539.5700073242188,537.760009765625,539.4500122070312,3015899
2025-04-03 19:50:00+00:00,538.4099731445312,538.530029296875,537.5700073242188,538.0599975585938,2946010
2025-04-03 19:55:00+00:00,537.6400146484375,538.5599975585938,537.5599975585938,538.4199829101562,9321211
2025-04-04 13:30:00+00:00,523.8300170898438,525.8699951171875,522.3300170898438,524.72998046875,16293969
2025-04-04 13:35:00+00:00,521.6699829101562,524.2100219726562,520.8200073242188,523.8499755859375,3647006
2025-04-04 13:40:00+00:00,520.219970703125,521.8499755859375,519.1500244140625,521.6400146484375,3711057
2025-04-04 13:45:00+00:00,521.239990234375,523.1300048828125,519.5800170898438,520.219970703125,2809529
2025-04-04 13:50:00+00:00,521.3200073242188,523.3400268554688,521.0800170898438,521.219970703125,2409838
2025-04-04 13:55:00+00:00,523.1799926757812,524.489990234375,520.6599731445312,521.3099975585938,2686550
2025-04-04 14:00:00+00:00,521.969970703125,523.260009765625,521.4099731445312,523.1799926757812,1448593
2025-04-04 14:05:00+00:00,519.780029296875,522.52001953125,519.7244873046875,521.97998046875,2140937
2025-04-04 14:10:00+00:00,518.47998046875,519.8200073242188,518.0,519.780029296875,1992113
2025-04-04 14:15:00+00:00,518.6400146484375,519.1099853515625,517.0999755859375,518.4199829101562,2065560
2025-04-04 14:20:00+00:00,517.760009765625,519.489990234375,517.1942138671875,518.489990234375,1525817
2025-04-04 14:25:00+00:00,516.2899780273438,518.0599975585938,516.239990234375,517.6799926757812,1634577
2025-04-04 14:30:00+00:00,515.6599731445312,517.530029296875,515.6099853515625,516.260009765625,2414411
2025-04-04 14:35:00+00:00,516.0499877929688,516.27001953125,514.75,515.6798706054688,2598424
2025-04-04 14:40:00+00:00,514.64501953125,516.1699829101562,514.4099731445312,516.0599975585938,1789994
2025-04-04 14:45:00+00:00,511.3699951171875,514.72998046875,511.3699951171875,514.6099853515625,3307712
2025-04-04 14:50:00+00:00,514.27001953125,515.030029296875,510.04998779296875,511.4100036621094,4520186
2025-04-04 14:55:00+00:00,515.5250244140625,516.3900146484375,513.3900146484375,514.2587890625,2134042
2025-04-04 15:00:00+00:00,520.3499145507812,520.8400268554688,514.7899780273438,515.469970703125,4845342
2025-04-04 15:05:00+00:00,518.5900268554688,520.8099975585938,517.2899780273438,520.3499755859375,2872043
2025-04-04 15:10:00+00:00,520.905029296875,521.9301147460938,518.1500244140625,518.489990234375,3125656
2025-04-04 15:15:00+00:00,519.8099975585938,522.5900268554688,519.8099975585938,520.8599853515625,2559886
2025-04-04 15:20:00+00:00,521.2999877929688,521.9091186523438,519.6300048828125,519.8300170898438,2302137
2025-04-04 15:25:00+00:00,516.3499755859375,521.2999877929688,516.2100219726562,521.2999877929688,3343381
2025-04-04 15:30:00+00:00,516.3599853515625,517.8800048828125,515.780029296875,516.4000244140625,1676542
2025-04-04 15:35:00+00:00,514.8699951171875,516.8900146484375,514.0,516.4099731445312,2204962
2025-04-04 15:40:00+00:00,515.9349975585938,516.6599731445312,514.3200073242188,514.8200073242188,1552131
2025-04-04 15:45:00+00:00,517.7495727539062,518.1699829101562,514.8400268554688,515.9500122070312,1482374
2025-04-04 15:50:00+00:00,516.6300048828125,518.3499755859375,515.9199829101562,517.780029296875,1194253
2025-04-04 15:55:00+00:00,514.9600219726562,517.5499877929688,514.739990234375,516.6900024414062,1297964
2025-04-04 16:00:00+00:00,515.2999877929688,516.5999755859375,514.844970703125,514.97998046875,1010723
2025-04-04 16:05:00+00:00,515.5599975585938,517.45849609375,515.2000122070312,515.3400268554688,1154614
2025-04-04 16:10:00+00:00,516.5599975585938,517.219970703125,515.3200073242188,515.5499877929688,969577
2025-04-04 16:15:00+00:00,513.4299926757812,517.0499877929688,513.1500244140625,516.6500244140625,1208349
2025-04-04 16:20:00+00:00,512.9000244140625,513.719970703125,512.1400146484375,513.469970703125,934972
2025-04-04 16:25:00+00:00,512.3900146484375,513.1799926757812,511.8599853515625,512.75,1069482
2025-04-04 16:30:00+00:00,511.260009765625,512.75,511.25,512.3400268554688,1395848
2025-04-04 16:35:00+00:00,513.7000122070312,514.0800170898438,510.9100036621094,511.25,1637627
2025-04-04 16:40:00+00:00,512.1099853515625,514.3599853515625,512.0700073242188,513.5018920898438,1443785
2025-04-04 16:45:00+00:00,511.5274963378906,512.3699951171875,511.30999755859375,512.125,977473
2025-04-04 16:50:00+00:00,512.1649780273438,512.9000244140625,511.20001220703125,511.5,952061
2025-04-04 16:55:00+00:00,512.0750122070312,513.1599731445312,511.8599853515625,512.1500244140625,1088451
2025-04-04 17:00:00+00:00,512.4099731445312,513.5900268554688,511.5299987792969,512.0800170898438,1029708
2025-04-04 17:05:00+00:00,511.5450134277344,512.8900146484375,511.1099853515625,512.3856811523438,1181870
2025-04-04 17:10:00+00:00,509.75,511.6499938964844,509.44000244140625,511.55499267578125,1938398
2025-04-04 17:15:00+00:00,509.6300048828125,509.7900085449219,508.5799865722656,509.6700134277344,1629977
2025-04-04 17:20:00+00:00,510.8699951171875,510.9200134277344,509.3800048828125,509.6099853515625,1652786
2025-04-04 17:25:00+00:00,511.1600036621094,512.0800170898438,510.8349914550781,510.8349914550781,1683401
2025-04-04 17:30:00+00:00,511.4200134277344,512.1500244140625,509.7489929199219,511.1600036621094,1529175
2025-04-04 17:35:00+00:00,513.1699829101562,513.8900146484375,511.2099914550781,511.4599914550781,1495635
2025-04-04 17:40:00+00:00,512.763427734375,514.0599975585938,512.6599731445312,513.1400146484375,1715100
2025-04-04 17:45:00+00:00,514.47998046875,514.6400146484375,512.3099975585938,512.7899780273438,1544728
2025-04-04 17:50:00+00:00,513.4500122070312,514.5838012695312,512.8800048828125,514.489990234375,1708428
2025-04-04 17:55:00+00:00,514.5700073242188,514.5900268554688,512.239990234375,513.510009765625,1114319
2025-04-04 18:00:00+00:00,514.6199951171875,515.8200073242188,514.3200073242188,514.5900268554688,1741663
2025-04-04 18:05:00+00:00,512.6007080078125,514.97998046875,512.3200073242188,513.5900268554688,1984525
2025-04-04 18:10:00+00:00,511.55999755859375,512.780029296875,511.4200134277344,512.6699829101562,1303132
2025-04-04 18:15:00+00:00,510.3800048828125,511.5820007324219,510.1099853515625,511.5,1085322
2025-04-04 18:20:00+00:00,509.32000732421875,510.57000732421875,509.239990234375,510.3599853515625,1774403
2025-04-04 18:25:00+00:00,508.79998779296875,509.569091796875,508.55999755859375,509.32000732421875,1306596
2025-04-04 18:30:00+00:00,508.4849853515625,509.260009765625,507.8900146484375,508.9100036621094,2166757
2025-04-04 18:35:00+00:00,507.1199951171875,509.0,506.9100036621094,508.4599914550781,2729119
2025-04-04 18:40:00+00:00,505.8699951171875,507.3599853515625,505.5199890136719,507.1199951171875,1697431
2025-04-04 18:45:00+00:00,507.92999267578125,508.1199951171875,505.6300048828125,505.8599853515625,2017032
2025-04-04 18:50:00+00:00,508.3800048828125,508.9700012207031,507.6300048828125,507.8299865722656,1927993
2025-04-04 18:55:00+00:00,507.7799987792969,508.7200012207031,507.1600036621094,508.3800048828125,1513762
2025-04-04 19:00:00+00:00,507.44000244140625,508.510009765625,506.510009765625,507.7799987792969,1748320
2025-04-04 19:05:00+00:00,507.8500061035156,508.0,506.3900146484375,507.5,1694039
2025-04-04 19:10:00+00:00,510.1650085449219,510.6700134277344,507.44189453125,507.82000732421875,2115567
2025-04-04 19:15:00+00:00,508.1099853515625,510.2300109863281,507.6199951171875,510.125,2106217
2025-04-04 19:20:00+00:00,511.2799987792969,511.3699951171875,508.8999938964844,508.9100036621094,2455575
2025-04-04 19:25:00+00:00,510.5199890136719,512.0399780273438,509.8599853515625,511.2799987792969,2245814
2025-04-04 19:30:00+00:00,513.2999877929688,513.4000244140625,509.9700012207031,510.5299987792969,2842197
2025-04-04 19:35:00+00:00,512.1500244140625,513.919677734375,511.260009765625,513.280029296875,3512256
2025-04-04 19:40:00+00:00,512.2183227539062,512.7000122070312,511.1199951171875,512.1400146484375,2928428
2025-04-04 19:45:00+00:00,509.7287902832031,513.1599731445312,509.3599853515625,512.1599731445312,3687929
2025-04-04 19:50:00+00:00,506.55999755859375,509.75,506.1400146484375,509.75,5798666
2025-04-04 19:55:00+00:00,505.510009765625,506.6000061035156,505.05999755859375,506.57000732421875,12107283
2025-04-07 13:30:00+00:00,487.6000061035156,489.29998779296875,486.3800048828125,489.19000244140625,19881042
2025-04-07 13:35:00+00:00,485.875,487.82000732421875,483.7699890136719,487.5799865722656,4728675
2025-04-07 13:40:00+00:00,483.864990234375,486.4800109863281,481.79998779296875,485.8699951171875,5286457
2025-04-07 13:45:00+00:00,487.7900085449219,488.4800109863281,482.510009765625,483.8699951171875,4200273
2025-04-07 13:50:00+00:00,492.2300109863281,492.3450012207031,487.3851013183594,487.7900085449219,5017151
2025-04-07 13:55:00+00:00,495.67999267578125,496.4599914550781,491.20001220703125,492.2279968261719,3878030
2025-04-07 14:00:00+00:00,494.75,497.44000244140625,493.3699951171875,495.69000244140625,4813073
2025-04-07 14:05:00+00:00,494.57000732421875,497.0,493.8399963378906,494.760009765625,2750518
2025-04-07 14:10:00+00:00,513.780029296875,517.4299926757812,494.3900146484375,494.5299987792969,13292305
2025-04-07 14:15:00+00:00,514.5900268554688,523.1699829101562,513.3300170898438,513.8350219726562,12507790
2025-04-07 14:20:00+00:00,499.7799987792969,511.7900085449219,499.7200012207031,509.57501220703125,10249195
2025-04-07 14:25:00+00:00,498.17999267578125,505.1700134277344,498.17999267578125,499.7200012207031,5659501
2025-04-07 14:30:00+00:00,498.9800109863281,504.20001220703125,496.80999755859375,498.19000244140625,6293612
2025-04-07 14:35:00+00:00,494.0400085449219,500.010009765625,493.82000732421875,498.7900085449219,5291690
2025-04-07 14:40:00+00:00,500.07000732421875,500.56988525390625,493.6700134277344,494.04998779296875,3714612
2025-04-07 14:45:00+00:00,500.8349914550781,501.92999267578125,497.44000244140625,500.0899963378906,3174425
2025-04-07 14:50:00+00:00,508.1211853027344,508.7799987792969,500.29998779296875,500.80169677734375,3161951
2025-04-07 14:55:00+00:00,505.9100036621094,508.2699890136719,504.7149963378906,508.0400085449219,2270774
2025-04-07 15:00:00+00:00,508.05999755859375,509.7699890136719,504.45001220703125,505.8800048828125,2886973
2025-04-07 15:05:00+00:00,502.1700134277344,508.1099853515625,501.8999938964844,508.0799865722656,2557288
2025-04-07 15:10:00+00:00,496.3399963378906,504.489990234375,495.1199951171875,503.0799865722656,5323622
2025-04-07 15:15:00+00:00,498.0400085449219,499.1099853515625,492.6600036621094,497.0799865722656,7483534
2025-04-07 15:20:00+00:00,494.1499938964844,500.6300048828125,493.8699951171875,497.989990234375,3462105
2025-04-07 15:25:00+00:00,493.7900085449219,495.7699890136719,493.5,494.19000244140625,2291328
2025-04-07 15:30:00+00:00,496.8699951171875,497.489990234375,493.7300109863281,493.75,2503104
2025-04-07 15:35:00+00:00,498.6300048828125,500.9800109863281,496.82000732421875,496.9599914550781,2751660
2025-04-07 15:40:00+00:00,503.44000244140625,503.9800109863281,498.05999755859375,498.67999267578125,2111662
2025-04-07 15:45:00+00:00,502.0,503.7099914550781,500.5,503.3699951171875,1828607
2025-04-07 15:50:00+00:00,499.7850036621094,503.7200012207031,499.57000732421875,502.0299987792969,1418554
2025-04-07 15:55:00+00:00,499.5,501.8699951171875,499.4599914550781,499.7850036621094,1174916
2025-04-07 16:00:00+00:00,498.8996887207031,499.6400146484375,497.75,499.5,1112813
2025-04-07 16:05:00+00:00,496.4219970703125,498.94500732421875,496.1099853515625,498.9200134277344,1321186
2025-04-07 16:10:00+00:00,497.2099914550781,498.2799987792969,495.2699890136719,496.3999938964844,1453585
2025-04-07 16:15:00+00:00,497.44000244140625,497.9800109863281,495.4649963378906,497.2200012207031,1209391
2025-04-07 16:20:00+00:00,497.3999938964844,497.989990234375,495.0150146484375,497.3999938964844,1374542
2025-04-07 16:25:00+00:00,499.55999755859375,500.5199890136719,497.760009765625,498.5199890136719,1181540
2025-04-07 16:30:00+00:00,500.8500061035156,501.7699890136719,498.9599914550781,499.55999755859375,1657124
2025-04-07 16:35:00+00:00,499.3900146484375,500.95001220703125,499.260009765625,500.94000244140625,848492
2025-04-07 16:40:00+00:00,497.8500061035156,500.3999938964844,496.8500061035156,499.54998779296875,1099420
2025-04-07 16:45:00+00:00,496.9800109863281,497.80999755859375,495.5400085449219,497.80999755859375,992098
2025-04-07 16:50:00+00:00,497.57000732421875,497.8900146484375,496.0,496.9800109863281,1123609
2025-04-07 16:55:00+00:00,495.67999267578125,497.9700012207031,494.70001220703125,497.6099853515625,1364601
2025-04-07 17:00:00+00:00,496.81500244140625,503.0799865722656,495.5899963378906,495.6300048828125,3461837
2025-04-07 17:05:00+00:00,497.5799865722656,498.1400146484375,495.6300048828125,496.8299865722656,1283796
2025-04-07 17:10:00+00:00,501.510009765625,501.739990234375,496.3599853515625,497.57000732421875,1982006
2025-04-07 17:15:00+00:00,502.7699890136719,503.6300048828125,500.6199951171875,501.510009765625,1673508
2025-04-07 17:20:00+00:00,503.1000061035156,504.07000732421875,501.8399963378906,502.8399963378906,1392992
2025-04-07 17:25:00+00:00,505.6199951171875,505.94000244140625,502.55999755859375,503.1199951171875,1354202
2025-04-07 17:30:00+00:00,503.9150085449219,505.92999267578125,502.1600036621094,505.6199951171875,1220848
2025-04-07 17:35:00+00:00,506.2514953613281,506.3399963378906,503.1199951171875,503.92999267578125,1551440
2025-04-07 17:40:00+00:00,507.0,507.0,504.2900085449219,506.260009765625,1705203
2025-04-07 17:45:00+00:00,507.6050109863281,509.2300109863281,504.5899963378906,506.5400085449219,2918976
2025-04-07 17:50:00+00:00,507.7900085449219,508.8399963378906,506.4100036621094,507.67999267578125,1574478
2025-04-07 17:55:00+00:00,509.0899963378906,509.3599853515625,506.5400085449219,507.7900085449219,1097584
2025-04-07 18:00:00+00:00,508.2300109863281,510.0,507.45001220703125,509.07000732421875,1544746
2025-04-07 18:05:00+00:00,507.239990234375,508.44000244140625,505.590087890625,508.2900085449219,1399411
2025-04-07 18:10:00+00:00,506.19000244140625,508.9100036621094,505.17999267578125,507.1700134277344,1222040
2025-04-07 18:15:00+00:00,509.510009765625,510.0,505.96038818359375,506.19000244140625,1496757
2025-04-07 18:20:00+00:00,509.1000061035156,510.4700012207031,507.8599853515625,509.4800109863281,1489845
2025-04-07 18:25:00+00:00,505.19000244140625,509.30999755859375,504.6600036621094,509.1499938964844,1169035
2025-04-07 18:30:00+00:00,506.0199890136719,506.4700012207031,504.80999755859375,505.1499938964844,958857
2025-04-07 18:35:00+00:00,507.3299865722656,507.8599853515625,505.5,506.9100036621094,1031901
2025-04-07 18:40:00+00:00,506.69000244140625,508.3399963378906,506.2300109863281,507.3599853515625,881659
2025-04-07 18:45:00+00:00,506.0000915527344,507.67999267578125,504.95001220703125,506.7099914550781,1128233
2025-04-07 18:50:00+00:00,503.55499267578125,506.239990234375,503.3699951171875,505.6600036621094,1201204
2025-04-07 18:55:00+00:00,503.2099914550781,504.0199890136719,502.2799987792969,503.55999755859375,1328210
2025-04-07 19:00:00+00:00,503.69000244140625,506.30999755859375,502.9200134277344,503.25,2518246
2025-04-07 19:05:00+00:00,501.8800048828125,504.32000732421875,501.55999755859375,503.739990234375,1045077
2025-04-07 19:10:00+00:00,501.7699890136719,502.4100036621094,500.9202880859375,501.70001220703125,1902857
2025-04-07 19:15:00+00:00,503.6050109863281,504.3299865722656,500.1400146484375,501.739990234375,1862216
2025-04-07 19:20:00+00:00,502.2099914550781,504.2900085449219,501.5899963378906,503.54998779296875,1858530
2025-04-07 19:25:00+00:00,500.6050109863281,502.81500244140625,500.4200134277344,502.1600036621094,1853385
2025-04-07 19:30:00+00:00,504.989990234375,506.1700134277344,500.55999755859375,500.6050109863281,2342953
2025-04-07 19:35:00+00:00,504.5799865722656,506.6400146484375,504.0,505.0299987792969,2116095
2025-04-07 19:40:00+00:00,501.5,504.9700012207031,501.25,504.6000061035156,2155547
2025-04-07 19:45:00+00:00,502.6300048828125,502.8800048828125,501.0199890136719,501.45001220703125,3164727
2025-04-07 19:50:00+00:00,503.2699890136719,503.45599365234375,500.79998779296875,502.5400085449219,3887043
2025-04-07 19:55:00+00:00,504.5400085449219,505.1499938964844,503.1932067871094,503.2799987792969,7221135
2025-04-08 13:30:00+00:00,520.47998046875,522.1699829101562,520.0,521.8599853515625,11223405
2025-04-08 13:35:00+00:00,519.02001953125,520.75,517.7899780273438,520.510009765625,3106254
2025-04-08 13:40:00+00:00,519.6799926757812,520.5599975585938,518.3099975585938,519.0399780273438,2615584
2025-04-08 13:45:00+00:00,519.4099731445312,521.4600219726562,519.010009765625,519.6900024414062,2362839
2025-04-08 13:50:00+00:00,521.5999755859375,522.02001953125,518.739990234375,519.47998046875,2065293
2025-04-08 13:55:00+00:00,522.592529296875,523.2899780273438,521.0800170898438,521.5999755859375,1812573
2025-04-08 14:00:00+00:00,523.1699829101562,523.780029296875,522.1400146484375,522.5900268554688,1627490
2025-04-08 14:05:00+00:00,524.0599975585938,524.280029296875,522.1599731445312,523.2100219726562,1828984
2025-04-08 14:10:00+00:00,523.780029296875,524.4400024414062,522.5399780273438,524.0999755859375,1229093
2025-04-08 14:15:00+00:00,524.0399780273438,524.8699951171875,523.52001953125,523.7899780273438,1572424
2025-04-08 14:20:00+00:00,523.0534057617188,524.9500122070312,522.9299926757812,524.0700073242188,1137359
2025-04-08 14:25:00+00:00,523.3699951171875,524.9400024414062,522.8099975585938,523.1199951171875,1814384
2025-04-08 14:30:00+00:00,523.8499755859375,523.989990234375,522.3350219726562,523.3599853515625,1295260
2025-04-08 14:35:00+00:00,523.7999877929688,524.2100219726562,522.6599731445312,523.760009765625,804921
2025-04-08 14:40:00+00:00,521.5499877929688,523.9000244140625,521.4600219726562,523.8099975585938,1545361
2025-04-08 14:45:00+00:00,520.8300170898438,522.4199829101562,520.5599975585938,521.530029296875,1445083
2025-04-08 14:50:00+00:00,519.75,521.1113891601562,519.6400146484375,520.7999877929688,1051158
2025-04-08 14:55:00+00:00,517.8499755859375,519.8300170898438,517.8099975585938,519.780029296875,1238495
2025-04-08 15:00:00+00:00,518.9000244140625,519.27001953125,517.6099853515625,517.8599853515625,1195877
2025-04-08 15:05:00+00:00,517.7083129882812,518.9199829101562,516.9000244140625,518.9199829101562,1170463
2025-04-08 15:10:00+00:00,515.8701171875,517.9099731445312,515.4949951171875,517.739990234375,1250319
2025-04-08 15:15:00+00:00,516.0399780273438,516.25,514.2100219726562,515.9099731445312,1771666
2025-04-08 15:20:00+00:00,514.760009765625,517.0700073242188,514.3599853515625,516.0499877929688,1907018
2025-04-08 15:25:00+00:00,514.1599731445312,515.8400268554688,514.0999755859375,514.739990234375,964302
2025-04-08 15:30:00+00:00,515.8300170898438,516.0800170898438,514.0,514.1900024414062,1025698
2025-04-08 15:35:00+00:00,517.3800048828125,518.010009765625,515.4199829101562,515.8400268554688,1457207
2025-04-08 15:40:00+00:00,517.4299926757812,518.5250244140625,517.1008911132812,517.4000244140625,949909
2025-04-08 15:45:00+00:00,515.6749877929688,518.1799926757812,515.3599853515625,517.4099731445312,845989
2025-04-08 15:50:00+00:00,515.5999755859375,516.0449829101562,514.2349853515625,515.27001953125,1011002
2025-04-08 15:55:00+00:00,516.77001953125,517.030029296875,515.3200073242188,515.5999755859375,1177151
2025-04-08 16:00:00+00:00,516.4400024414062,516.9000244140625,515.6799926757812,515.7999877929688,598011
2025-04-08 16:05:00+00:00,515.6400146484375,517.2899780273438,515.4299926757812,516.4299926757812,1113069
2025-04-08 16:10:00+00:00,515.3499755859375,516.97998046875,515.2999877929688,515.6199951171875,1143289
2025-04-08 16:15:00+00:00,513.3599853515625,515.489990234375,513.0399780273438,515.3150024414062,1088831
2025-04-08 16:20:00+00:00,512.239990234375,513.703125,511.8599853515625,513.3699951171875,1066929
2025-04-08 16:25:00+00:00,513.9600219726562,514.0,511.79998779296875,512.1900024414062,1146442
2025-04-08 16:30:00+00:00,511.8999938964844,514.5999755859375,510.3800048828125,514.1300048828125,2518718
2025-04-08 16:35:00+00:00,509.1400146484375,512.6599731445312,508.6300048828125,511.8999938964844,2165366
2025-04-08 16:40:00+00:00,508.5400085449219,509.739990234375,507.5799865722656,509.1400146484375,2426481
2025-04-08 16:45:00+00:00,510.25,511.5,508.0000915527344,508.5199890136719,3546029
2025-04-08 16:50:00+00:00,509.2650146484375,510.7900085449219,508.94000244140625,510.2300109863281,1412018
2025-04-08 16:55:00+00:00,507.1441955566406,510.6000061035156,507.0199890136719,509.2799987792969,1570144
2025-04-08 17:00:00+00:00,507.6499938964844,507.82000732421875,505.8999938964844,507.0799865722656,1708818
2025-04-08 17:05:00+00:00,504.9280090332031,508.57000732421875,504.7300109863281,507.6199951171875,1873880
2025-04-08 17:10:00+00:00,505.0799865722656,505.6499938964844,503.4700012207031,504.8999938964844,2527619
2025-04-08 17:15:00+00:00,505.2900085449219,506.79998779296875,504.8399963378906,505.0899963378906,2423698
2025-04-08 17:20:00+00:00,504.57000732421875,505.6499938964844,503.70001220703125,505.260009765625,1568770
2025-04-08 17:25:00+00:00,502.45001220703125,505.0799865722656,502.25,504.57000732421875,1550211
2025-04-08 17:30:00+00:00,502.2699890136719,503.75,502.0899963378906,502.3699951171875,1333082
2025-04-08 17:35:00+00:00,505.1400146484375,505.7200012207031,502.0299987792969,502.3299865722656,2910169
2025-04-08 17:40:00+00:00,507.7799987792969,509.1099853515625,505.0400085449219,505.1199951171875,2009042
2025-04-08 17:45:00+00:00,505.3299865722656,507.92999267578125,505.05999755859375,507.79998779296875,1437935
2025-04-08 17:50:00+00:00,505.2799987792969,506.8999938964844,504.4800109863281,505.29998779296875,1040608
2025-04-08 17:55:00+00:00,506.7200012207031,507.010009765625,505.1499938964844,505.239990234375,741110
2025-04-08 18:00:00+00:00,505.92999267578125,507.1199951171875,505.3999938964844,506.760009765625,1056024
2025-04-08 18:05:00+00:00,504.3800048828125,506.0199890136719,503.8399963378906,505.44000244140625,945622
2025-04-08 18:10:00+00:00,503.3999938964844,504.3500061035156,503.0,504.0801086425781,833102
2025-04-08 18:15:00+00:00,505.7900085449219,506.1099853515625,503.2149963378906,503.4200134277344,1221179
2025-04-08 18:20:00+00:00,504.8999938964844,505.9800109863281,504.3299865722656,505.7900085449219,877256
2025-04-08 18:25:00+00:00,502.4100036621094,505.0299987792969,502.07000732421875,504.9200134277344,1120673
2025-04-08 18:30:00+00:00,503.5799865722656,507.82000732421875,502.44000244140625,502.44000244140625,3025506
2025-04-08 18:35:00+00:00,502.760009765625,503.7099914550781,501.6300048828125,503.5199890136719,1436911
2025-04-08 18:40:00+00:00,501.52899169921875,502.8599853515625,501.3999938964844,502.760009765625,932619
2025-04-08 18:45:00+00:00,503.30999755859375,504.0,501.5299987792969,501.5299987792969,1303632
2025-04-08 18:50:00+00:00,502.8599853515625,504.19000244140625,502.54998779296875,503.3550109863281,890670
2025-04-08 18:55:00+00:00,501.69000244140625,503.0899963378906,501.69000244140625,502.8500061035156,842704
2025-04-08 19:00:00+00:00,500.3699951171875,502.1199951171875,500.1700134277344,501.7099914550781,1045900
2025-04-08 19:05:00+00:00,497.6700134277344,500.760009765625,497.55999755859375,500.3599853515625,2069366
2025-04-08 19:10:00+00:00,496.6099853515625,498.55999755859375,496.3299865722656,497.6600036621094,2018916
2025-04-08 19:15:00+00:00,495.17999267578125,496.9700012207031,494.489990234375,496.580810546875,2829489
2025-04-08 19:20:00+00:00,496.989990234375,497.07000732421875,494.7950134277344,495.0400085449219,2386906
2025-04-08 19:25:00+00:00,497.510009765625,498.6199951171875,496.7900085449219,496.9800109863281,2086726
2025-04-08 19:30:00+00:00,495.2900085449219,497.5899963378906,495.20001220703125,497.5299987792969,1845564
2025-04-08 19:35:00+00:00,491.4800109863281,495.3299865722656,491.0,495.32000732421875,4078902
2025-04-08 19:40:00+00:00,490.6050109863281,493.79998779296875,490.5,491.5,4284711
2025-04-08 19:45:00+00:00,489.3900146484375,491.6400146484375,489.1600036621094,490.6300048828125,4653330
2025-04-08 19:50:00+00:00,495.92999267578125,496.3599853515625,489.3699951171875,489.3800048828125,5201931
2025-04-08 19:55:00+00:00,496.739990234375,496.7699890136719,493.94000244140625,495.92999267578125,8343152
2025-04-09 13:30:00+00:00,495.32000732421875,496.9200134277344,493.42999267578125,493.44000244140625,14113068
2025-04-09 13:35:00+00:00,499.5400085449219,499.5799865722656,494.1099853515625,495.29998779296875,2974403
2025-04-09 13:40:00+00:00,498.04998779296875,502.0400085449219,498.0,499.5199890136719,3229890
2025-04-09 13:45:00+00:00,498.656494140625,498.656494140625,495.7250061035156,497.00628662109375,2126187
2025-04-09 13:50:00+00:00,500.27520751953125,500.92999267578125,498.00390625,498.55999755859375,1843806
2025-04-09 13:55:00+00:00,499.8500061035156,501.3699951171875,499.55999755859375,500.32000732421875,1373990
2025-04-09 14:00:00+00:00,502.0299987792969,503.6700134277344,499.739990234375,499.8599853515625,2035810
2025-04-09 14:05:00+00:00,498.44000244140625,502.09039306640625,497.69000244140625,501.9700012207031,1882117
2025-04-09 14:10:00+00:00,497.31939697265625,500.3800048828125,496.6700134277344,498.4100036621094,1518071
2025-04-09 14:15:00+00:00,498.760009765625,499.15631103515625,497.04998779296875,497.29998779296875,1209973
2025-04-09 14:20:00+00:00,498.9100036621094,500.3800048828125,496.6836853027344,498.82501220703125,1272734
2025-04-09 14:25:00+00:00,498.9700012207031,499.4200134277344,497.0299987792969,498.8800048828125,2711048
2025-04-09 14:30:00+00:00,501.06500244140625,501.6700134277344,498.42999267578125,499.07000732421875,1301213
2025-04-09 14:35:00+00:00,498.8299865722656,501.1099853515625,498.3599853515625,501.0299987792969,973253
2025-04-09 14:40:00+00:00,497.6600036621094,498.9800109863281,497.4800109863281,498.8500061035156,936200
2025-04-09 14:45:00+00:00,496.909912109375,499.8299865722656,496.510009765625,498.19000244140625,1264173
2025-04-09 14:50:00+00:00,494.5400085449219,497.44000244140625,493.67999267578125,496.8599853515625,1854903
2025-04-09 14:55:00+00:00,493.2084045410156,495.2900085449219,493.09039306640625,494.5474853515625,1865291
2025-04-09 15:00:00+00:00,495.5199890136719,495.70001220703125,493.04998779296875,493.2200012207031,1933626
2025-04-09 15:05:00+00:00,496.79278564453125,497.79998779296875,495.0400085449219,495.4800109863281,1039603
2025-04-09 15:10:00+00:00,496.4700012207031,497.2900085449219,495.8900146484375,496.8599853515625,800827
2025-04-09 15:15:00+00:00,498.4100036621094,499.1199951171875,496.489990234375,496.5050048828125,1042664
2025-04-09 15:20:00+00:00,499.4150085449219,499.7099914550781,498.2200012207031,498.4200134277344,738744
2025-04-09 15:25:00+00:00,498.2799987792969,499.5400085449219,498.1300048828125,499.3500061035156,600338
2025-04-09 15:30:00+00:00,497.239990234375,499.5899963378906,496.8699951171875,498.2900085449219,880960
2025-04-09 15:35:00+00:00,495.9800109863281,497.92999267578125,495.92999267578125,497.2300109863281,777378
2025-04-09 15:40:00+00:00,495.2749938964844,496.32000732421875,494.8299865722656,496.1549987792969,1094623
2025-04-09 15:45:00+00:00,497.6549987792969,499.04998779296875,495.239990234375,495.239990234375,1367394
2025-04-09 15:50:00+00:00,496.8800048828125,498.3500061035156,496.4800109863281,497.61749267578125,593161
2025-04-09 15:55:00+00:00,495.9750061035156,497.0199890136719,495.2799987792969,496.8399963378906,535180
2025-04-09 16:00:00+00:00,495.69000244140625,496.70001220703125,494.7699890136719,495.95001220703125,629305
2025-04-09 16:05:00+00:00,497.5400085449219,497.82000732421875,495.4700012207031,495.70001220703125,508624
2025-04-09 16:10:00+00:00,499.8900146484375,500.3900146484375,497.1300048828125,497.57000732421875,754582
2025-04-09 16:15:00+00:00,499.989990234375,500.44000244140625,499.3699951171875,499.8800048828125,857392
2025-04-09 16:20:00+00:00,499.25,500.1700134277344,499.05999755859375,500.0050048828125,708207
2025-04-09 16:25:00+00:00,499.260009765625,500.54998779296875,499.04998779296875,499.260009765625,753019
2025-04-09 16:30:00+00:00,500.0400085449219,500.1700134277344,498.6499938964844,499.19000244140625,995521
2025-04-09 16:35:00+00:00,500.1462097167969,500.7200012207031,499.3599853515625,500.0400085449219,1042627
2025-04-09 16:40:00+00:00,499.80999755859375,500.2300109863281,499.1300048828125,500.1000061035156,665314
2025-04-09 16:45:00+00:00,500.8399963378906,500.8399963378906,499.20001220703125,499.7799987792969,826073
2025-04-09 16:50:00+00:00,501.510009765625,501.7799987792969,499.9599914550781,500.8500061035156,1220194
2025-04-09 16:55:00+00:00,501.20001220703125,502.5799865722656,501.0199890136719,501.5299987792969,914697
2025-04-09 17:00:00+00:00,505.6000061035156,505.70989990234375,501.1700134277344,501.25,2697422
2025-04-09 17:05:00+00:00,501.9599914550781,505.6400146484375,501.7300109863281,505.6199951171875,1839660
2025-04-09 17:10:00+00:00,502.4100036621094,502.4100036621094,501.0,502.010009765625,1067283
2025-04-09 17:15:00+00:00,512.89501953125,513.0599975585938,499.25,502.45001220703125,8313588
2025-04-09 17:20:00+00:00,523.52001953125,524.7999877929688,507.42999267578125,512.8200073242188,13184375
2025-04-09 17:25:00+00:00,523.9600219726562,533.4000244140625,523.02001953125,523.5,9547049
2025-04-09 17:30:00+00:00,531.8699951171875,532.1400146484375,522.9500122070312,524.02001953125,6990789
2025-04-09 17:35:00+00:00,527.260009765625,536.5,527.0800170898438,531.7999877929688,6875174
2025-04-09 17:40:00+00:00,525.97998046875,529.3099975585938,524.4199829101562,527.3599853515625,4349158
2025-04-09 17:45:00+00:00,530.6699829101562,533.1599731445312,527.0900268554688,527.25,3906980
2025-04-09 17:50:00+00:00,531.27001953125,532.0399169921875,528.1199951171875,530.72998046875,3054797
2025-04-09 17:55:00+00:00,534.8699951171875,535.239990234375,528.969970703125,531.2999877929688,3657231
2025-04-09 18:00:00+00:00,535.9400024414062,537.97998046875,534.0700073242188,534.9249877929688,4652392
2025-04-09 18:05:00+00:00,533.9349975585938,536.9199829101562,531.1099853515625,535.8900146484375,2846448
2025-04-09 18:10:00+00:00,534.4801025390625,536.510009765625,532.8900146484375,533.9099731445312,2159053
2025-04-09 18:15:00+00:00,534.5599975585938,537.5499877929688,533.0499877929688,534.5399780273438,2969794
2025-04-09 18:20:00+00:00,537.260009765625,537.9099731445312,533.3800048828125,534.5399780273438,2969999
2025-04-09 18:25:00+00:00,538.1500244140625,539.7100219726562,536.52001953125,537.6900024414062,3693099
2025-04-09 18:30:00+00:00,536.260009765625,539.8699951171875,535.0999755859375,538.1599731445312,3027800
2025-04-09 18:35:00+00:00,536.8699951171875,538.0800170898438,535.7999877929688,536.239990234375,1890935
2025-04-09 18:40:00+00:00,533.3699951171875,537.4199829101562,532.6099853515625,536.8599853515625,2804873
2025-04-09 18:45:00+00:00,533.9921875,535.0399780273438,531.5399780273438,533.3300170898438,2882959
2025-04-09 18:50:00+00:00,533.260009765625,536.1799926757812,532.6799926757812,534.0706176757812,1792775
2025-04-09 18:55:00+00:00,530.9299926757812,533.9199829101562,530.5900268554688,533.239990234375,1900801
2025-04-09 19:00:00+00:00,534.385009765625,534.530029296875,529.6799926757812,530.9099731445312,2958083
2025-04-09 19:05:00+00:00,534.8699951171875,535.3300170898438,532.989990234375,534.3800048828125,2461495
2025-04-09 19:10:00+00:00,537.4600219726562,537.719970703125,534.8099975585938,534.9099731445312,2022293
2025-04-09 19:15:00+00:00,538.2100219726562,538.4000244140625,535.7899780273438,537.47998046875,2138324
2025-04-09 19:20:00+00:00,540.1699829101562,540.2999877929688,538.0,538.2000122070312,2490919
2025-04-09 19:25:00+00:00,540.489990234375,541.780029296875,539.3599853515625,540.1599731445312,2553971
2025-04-09 19:30:00+00:00,542.47998046875,543.4000244140625,540.4299926757812,540.4500122070312,2991332
2025-04-09 19:35:00+00:00,541.77001953125,542.5800170898438,539.5399780273438,542.4915771484375,3008035
2025-04-09 19:40:00+00:00,541.739990234375,541.989990234375,540.8499755859375,541.3599853515625,2384830
2025-04-09 19:45:00+00:00,543.0449829101562,543.1199951171875,540.3900146484375,541.7999877929688,4128883
2025-04-09 19:50:00+00:00,544.0900268554688,546.3300170898438,543.0449829101562,543.0449829101562,6950788
2025-04-09 19:55:00+00:00,542.8400268554688,545.1199951171875,541.8300170898438,544.0900268554688,11064333
2025-04-10 13:30:00+00:00,532.010009765625,533.4949951171875,531.1400146484375,532.1699829101562,10035939
2025-04-10 13:35:00+00:00,531.3300170898438,532.8800048828125,529.780029296875,532.0,2212379
2025-04-10 13:40:00+00:00,530.1099853515625,531.3599853515625,528.510009765625,531.2949829101562,2406123
2025-04-10 13:45:00+00:00,532.3499755859375,532.6900024414062,529.8300170898438,530.0999755859375,2473589
2025-04-10 13:50:00+00:00,530.719970703125,533.3300170898438,530.030029296875,532.27001953125,1938666
2025-04-10 13:55:00+00:00,529.0025024414062,531.0,528.8800048828125,530.77001953125,1595653
2025-04-10 14:00:00+00:00,528.5900268554688,530.1400146484375,527.1300048828125,528.989990234375,2150962
2025-04-10 14:05:00+00:00,529.030029296875,530.0800170898438,527.510009765625,528.5549926757812,1699049
2025-04-10 14:10:00+00:00,527.639892578125,528.9500122070312,526.340087890625,528.9500122070312,1276073
2025-04-10 14:15:00+00:00,527.52001953125,528.9415893554688,527.4099731445312,527.6599731445312,1189325
2025-04-10 14:20:00+00:00,529.9299926757812,530.219970703125,527.0399780273438,527.510009765625,1468415
2025-04-10 14:25:00+00:00,528.1099853515625,530.72998046875,527.9199829101562,529.9199829101562,1556821
2025-04-10 14:30:00+00:00,530.8599853515625,531.02001953125,528.1099853515625,528.1199951171875,1506749
2025-04-10 14:35:00+00:00,530.6099853515625,531.5499877929688,530.0700073242188,530.8400268554688,1224863
2025-04-10 14:40:00+00:00,529.969970703125,531.9600219726562,529.6599731445312,530.563720703125,1386616
2025-04-10 14:45:00+00:00,528.3900146484375,530.27001953125,527.780029296875,530.0,858352
2025-04-10 14:50:00+00:00,528.2899780273438,529.030029296875,527.2899780273438,528.3300170898438,1038547
2025-04-10 14:55:00+00:00,526.2899780273438,528.8900146484375,526.0499877929688,528.3900146484375,1443981
2025-04-10 15:00:00+00:00,526.6588134765625,526.9000244140625,525.9400024414062,526.2899780273438,1435707
2025-04-10 15:05:00+00:00,528.510009765625,528.7000122070312,526.22998046875,526.5900268554688,1530215
2025-04-10 15:10:00+00:00,526.4500122070312,528.5374755859375,526.22998046875,528.47998046875,731472
2025-04-10 15:15:00+00:00,525.52001953125,526.7100219726562,525.2999877929688,526.4400024414062,920831
2025-04-10 15:20:00+00:00,524.7100219726562,525.8109130859375,524.1799926757812,525.4849853515625,1093170
2025-04-10 15:25:00+00:00,523.710205078125,525.0999755859375,523.7100219726562,524.719970703125,1098220
2025-04-10 15:30:00+00:00,523.510009765625,524.27001953125,522.2000122070312,523.719970703125,1493643
2025-04-10 15:35:00+00:00,522.0700073242188,523.7000122070312,521.9500122070312,523.5,1530543
2025-04-10 15:40:00+00:00,521.6900024414062,523.3300170898438,521.3800048828125,522.7100219726562,1067151
2025-04-10 15:45:00+00:00,520.97998046875,522.739990234375,520.8800048828125,521.6500244140625,1113949
2025-04-10 15:50:00+00:00,521.469970703125,521.469970703125,519.3300170898438,520.9400024414062,2208176
2025-04-10 15:55:00+00:00,518.6143188476562,521.7999877929688,517.9099731445312,521.52001953125,2293809
2025-04-10 16:00:00+00:00,516.25,520.0900268554688,516.25,518.6099853515625,2215824
2025-04-10 16:05:00+00:00,517.77001953125,518.9299926757812,515.6699829101562,516.25,2290402
2025-04-10 16:10:00+00:00,516.2750244140625,518.77001953125,515.9400024414062,517.760009765625,1495397
2025-04-10 16:15:00+00:00,514.4500122070312,516.4099731445312,513.6799926757812,516.22998046875,1914470
2025-04-10 16:20:00+00:00,513.3099975585938,514.4500122070312,510.239990234375,514.4500122070312,3839908
2025-04-10 16:25:00+00:00,511.8599853515625,513.5900268554688,509.32000732421875,511.92999267578125,3529585
2025-04-10 16:30:00+00:00,516.9500122070312,517.1787719726562,511.5126953125,511.81500244140625,3276365
2025-04-10 16:35:00+00:00,518.0800170898438,518.8400268554688,515.580322265625,516.8400268554688,2124308
2025-04-10 16:40:00+00:00,517.8599853515625,518.22998046875,516.19091796875,518.0999755859375,2019171
2025-04-10 16:45:00+00:00,519.4799194335938,520.1699829101562,515.4199829101562,517.7999877929688,2038536
2025-04-10 16:50:00+00:00,518.010009765625,520.5499877929688,517.1300048828125,519.4500122070312,1963957
2025-04-10 16:55:00+00:00,519.760009765625,520.219970703125,517.719970703125,517.9099731445312,1680639
2025-04-10 17:00:00+00:00,521.0800170898438,524.7000122070312,518.6900024414062,519.6699829101562,3279631
2025-04-10 17:05:00+00:00,517.4600219726562,521.065673828125,517.1500244140625,521.0399780273438,1664330
2025-04-10 17:10:00+00:00,514.6300048828125,517.760009765625,513.7000122070312,517.4199829101562,1946894
2025-04-10 17:15:00+00:00,515.4099731445312,515.8499755859375,513.5800170898438,514.6099853515625,1531327
2025-04-10 17:20:00+00:00,515.8400268554688,516.4500122070312,512.8699951171875,515.3699951171875,1366947
2025-04-10 17:25:00+00:00,519.3200073242188,519.3200073242188,515.489990234375,515.8300170898438,1414036
2025-04-10 17:30:00+00:00,519.1900024414062,520.9998779296875,518.3200073242188,519.2100219726562,1062634
2025-04-10 17:35:00+00:00,519.3400268554688,521.75,518.9199829101562,519.1599731445312,1409371
2025-04-10 17:40:00+00:00,522.630126953125,522.8900146484375,519.0900268554688,519.3699951171875,1476736
2025-04-10 17:45:00+00:00,522.5900268554688,525.0,522.0900268554688,522.6599731445312,1828006
2025-04-10 17:50:00+00:00,523.9398803710938,524.5999755859375,521.0700073242188,522.6199951171875,1325317
2025-04-10 17:55:00+00:00,524.280029296875,525.5499877929688,523.75,523.9400024414062,1332801
2025-04-10 18:00:00+00:00,527.0700073242188,527.75,523.5280151367188,524.1900024414062,1603778
2025-04-10 18:05:00+00:00,522.5599975585938,527.760009765625,522.3599853515625,527.0499877929688,2366465
2025-04-10 18:10:00+00:00,520.9299926757812,523.2899780273438,520.510009765625,522.5399780273438,1488745
2025-04-10 18:15:00+00:00,522.8099975585938,523.5900268554688,520.3099975585938,520.8699951171875,1293025
2025-04-10 18:20:00+00:00,526.3599853515625,527.3699951171875,522.8200073242188,522.83251953125,1166426
2025-04-10 18:25:00+00:00,528.3900146484375,528.760009765625,525.52001953125,527.1900024414062,1294307
2025-04-10 18:30:00+00:00,526.9600219726562,529.5599975585938,526.8599853515625,528.3900146484375,1436944
2025-04-10 18:35:00+00:00,527.4299926757812,527.8099975585938,525.5479736328125,526.9450073242188,1123453
2025-04-10 18:40:00+00:00,529.47998046875,529.7100219726562,526.6500244140625,527.489990234375,1031806
2025-04-10 18:45:00+00:00,526.5640869140625,529.530029296875,525.4600219726562,527.7999877929688,1351671
2025-04-10 18:50:00+00:00,524.6199951171875,528.2100219726562,524.4099731445312,526.5599975585938,1468825
2025-04-10 18:55:00+00:00,526.0700073242188,527.1298828125,523.5700073242188,524.6749877929688,1420125
2025-04-10 19:00:00+00:00,528.7000122070312,529.4299926757812,524.9500122070312,526.1699829101562,1278082
2025-04-10 19:05:00+00:00,524.35498046875,528.4600219726562,524.2811889648438,527.8599853515625,1525166
2025-04-10 19:10:00+00:00,525.3400268554688,525.8099975585938,523.780029296875,524.3800048828125,1084984
2025-04-10 19:15:00+00:00,526.9500122070312,527.280029296875,524.1199951171875,525.260009765625,1119140
2025-04-10 19:20:00+00:00,525.8499755859375,528.6900024414062,524.9299926757812,526.969970703125,1250645
2025-04-10 19:25:00+00:00,522.4299926757812,527.260009765625,522.3699951171875,525.6799926757812,1750713
2025-04-10 19:30:00+00:00,523.9650268554688,525.6799926757812,522.22998046875,522.469970703125,1702044
2025-04-10 19:35:00+00:00,521.7100219726562,524.4099731445312,521.489990234375,523.8499755859375,1935475
2025-04-10 19:40:00+00:00,518.7999877929688,522.5999755859375,518.2000122070312,521.6500244140625,2995990
2025-04-10 19:45:00+00:00,519.97998046875,521.3300170898438,518.219970703125,518.8049926757812,3387380
2025-04-10 19:50:00+00:00,525.22998046875,525.6599731445312,519.5999755859375,519.9500122070312,5191298
2025-04-10 19:55:00+00:00,524.7100219726562,526.52001953125,522.1099853515625,525.280029296875,6406114
2025-04-11 13:30:00+00:00,522.6749877929688,524.9099731445312,521.0999755859375,523.010009765625,6492694
2025-04-11 13:35:00+00:00,524.5999755859375,525.530029296875,521.3099975585938,522.6799926757812,2314514
2025-04-11 13:40:00+00:00,525.5700073242188,526.27001953125,522.1500244140625,524.5999755859375,1786380
2025-04-11 13:45:00+00:00,527.1900024414062,528.3499755859375,525.25,525.6099853515625,1596916
2025-04-11 13:50:00+00:00,528.0499877929688,528.8400268554688,525.97998046875,527.219970703125,1397032
2025-04-11 13:55:00+00:00,526.4000854492188,528.280029296875,526.25,528.1400146484375,1448009
2025-04-11 14:00:00+00:00,525.3200073242188,526.7999877929688,523.3800048828125,526.47998046875,2704161
2025-04-11 14:05:00+00:00,527.1900024414062,528.4299926757812,524.780029296875,525.3900146484375,1497844
2025-04-11 14:10:00+00:00,526.3150024414062,527.8699951171875,524.3499755859375,527.239990234375,548788
2025-04-11 14:15:00+00:00,523.5650024414062,527.636474609375,523.3099975585938,526.3200073242188,1006985
2025-04-11 14:20:00+00:00,522.0,523.8800048828125,520.0700073242188,523.5499877929688,1746119
2025-04-11 14:25:00+00:00,520.6900024414062,522.5349731445312,520.4199829101562,522.0,1010157
2025-04-11 14:30:00+00:00,523.8300170898438,524.2100219726562,520.0900268554688,520.7999877929688,1228361
2025-04-11 14:35:00+00:00,524.2000122070312,524.7100219726562,523.2999877929688,523.77001953125,751497
2025-04-11 14:40:00+00:00,525.2999877929688,525.5161743164062,523.0900268554688,524.1599731445312,934057
2025-04-11 14:45:00+00:00,525.9099731445312,526.7100219726562,525.1900024414062,525.3099975585938,1034707
2025-04-11 14:50:00+00:00,524.52001953125,525.8900146484375,523.6599731445312,525.8900146484375,798982
2025-04-11 14:55:00+00:00,523.1699829101562,525.1400146484375,522.9400024414062,524.5700073242188,611892
2025-04-11 15:00:00+00:00,523.030029296875,527.4199829101562,522.52001953125,523.1400146484375,1699461
2025-04-11 15:05:00+00:00,523.4000244140625,523.8599853515625,521.760009765625,522.8300170898438,868122
2025-04-11 15:10:00+00:00,521.9000244140625,523.8499755859375,521.6900024414062,523.4349975585938,729127
2025-04-11 15:15:00+00:00,521.719970703125,522.5549926757812,520.8800048828125,521.780029296875,638669
2025-04-11 15:20:00+00:00,521.47998046875,522.8300170898438,520.9500122070312,521.6699829101562,612525
2025-04-11 15:25:00+00:00,523.0800170898438,523.5684814453125,521.3699951171875,521.4600219726562,949387
2025-04-11 15:30:00+00:00,523.7100219726562,523.97998046875,522.4199829101562,523.030029296875,530930
2025-04-11 15:35:00+00:00,525.9600219726562,526.0700073242188,523.0599975585938,523.6599731445312,638746
2025-04-11 15:40:00+00:00,525.239990234375,526.0499877929688,524.1300048828125,525.9600219726562,564692
2025-04-11 15:45:00+00:00,525.8800048828125,526.239990234375,524.72998046875,525.219970703125,525356
2025-04-11 15:50:00+00:00,525.7239990234375,526.260009765625,525.013671875,525.8400268554688,403348
2025-04-11 15:55:00+00:00,526.9400024414062,527.1099853515625,525.739990234375,525.760009765625,611712
2025-04-11 16:00:00+00:00,526.9500122070312,527.1799926757812,526.0800170898438,526.9299926757812,491365
2025-04-11 16:05:00+00:00,526.9500732421875,528.5,526.9000244140625,526.9500122070312,751714
2025-04-11 16:10:00+00:00,527.8499755859375,528.4500122070312,526.96630859375,527.030029296875,490013
2025-04-11 16:15:00+00:00,528.5050048828125,528.6599731445312,527.4500122070312,527.8599853515625,418959
2025-04-11 16:20:00+00:00,527.389892578125,528.6699829101562,527.3300170898438,528.530029296875,474272
2025-04-11 16:25:00+00:00,527.3900146484375,527.9500122070312,526.4099731445312,527.0399780273438,609044
2025-04-11 16:30:00+00:00,529.760009765625,530.3250122070312,527.447509765625,527.5349731445312,974629
2025-04-11 16:35:00+00:00,531.27001953125,532.0,529.72998046875,529.7650146484375,1015130
2025-04-11 16:40:00+00:00,531.9627075195312,532.260009765625,530.6400146484375,531.280029296875,928343
2025-04-11 16:45:00+00:00,532.6099853515625,532.739990234375,531.02001953125,531.9650268554688,843572
2025-04-11 16:50:00+00:00,532.2927856445312,532.8499755859375,531.6599731445312,532.5900268554688,811691
2025-04-11 16:55:00+00:00,531.719970703125,532.6099853515625,531.5800170898438,532.3900146484375,577994
2025-04-11 17:00:00+00:00,531.97998046875,532.6099853515625,530.6046752929688,531.77001953125,618847
2025-04-11 17:05:00+00:00,531.8300170898438,533.0900268554688,531.5200805664062,532.0700073242188,622440
2025-04-11 17:10:00+00:00,531.4749755859375,531.9600219726562,530.72998046875,531.7899780273438,597031
2025-04-11 17:15:00+00:00,530.0850219726562,532.02001953125,529.6599731445312,531.47998046875,590738
2025-04-11 17:20:00+00:00,530.6799926757812,531.97998046875,529.6699829101562,530.0999755859375,780753
2025-04-11 17:25:00+00:00,529.8300170898438,530.739990234375,529.47998046875,530.6300048828125,666864
2025-04-11 17:30:00+00:00,529.9600219726562,530.469970703125,528.8400268554688,529.8400268554688,899861
2025-04-11 17:35:00+00:00,532.75,532.8800048828125,529.1599731445312,529.9600219726562,974914
2025-04-11 17:40:00+00:00,535.4000244140625,536.1199951171875,532.6500244140625,532.739990234375,2063587
2025-04-11 17:45:00+00:00,534.719970703125,535.489990234375,533.2119750976562,535.4105834960938,1187235
2025-04-11 17:50:00+00:00,535.719970703125,536.4299926757812,534.1500244140625,534.6500244140625,1074293
2025-04-11 17:55:00+00:00,534.7000122070312,535.8400268554688,534.1799926757812,535.7625122070312,731312
2025-04-11 18:00:00+00:00,534.8099975585938,534.989990234375,533.7100219726562,534.719970703125,851910
2025-04-11 18:05:00+00:00,533.3800048828125,534.9099731445312,532.8699951171875,534.7999877929688,774749
2025-04-11 18:10:00+00:00,533.5999755859375,534.25,532.726318359375,533.3499755859375,865151
2025-04-11 18:15:00+00:00,532.3900146484375,534.0999755859375,531.97998046875,533.5900268554688,1273792
2025-04-11 18:20:00+00:00,532.9000244140625,533.22998046875,531.5700073242188,532.405029296875,910733
2025-04-11 18:25:00+00:00,533.1500244140625,533.260009765625,531.8499755859375,532.903076171875,471557
2025-04-11 18:30:00+00:00,533.0,533.5399780273438,532.6500244140625,533.1699829101562,540315
2025-04-11 18:35:00+00:00,533.2993774414062,534.030029296875,532.3699951171875,532.9299926757812,897954
2025-04-11 18:40:00+00:00,533.6699829101562,534.2100219726562,533.1799926757812,533.25,470874
2025-04-11 18:45:00+00:00,534.1699829101562,534.52001953125,533.52001953125,533.6799926757812,471074
2025-04-11 18:50:00+00:00,533.6300048828125,534.3074951171875,531.969970703125,534.2000122070312,697434
2025-04-11 18:55:00+00:00,532.1599731445312,533.9299926757812,532.0499877929688,533.7000122070312,431174
2025-04-11 19:00:00+00:00,533.792724609375,534.280029296875,532.1099853515625,532.22998046875,655820
2025-04-11 19:05:00+00:00,534.6900024414062,534.77001953125,533.0700073242188,533.77001953125,813469
2025-04-11 19:10:00+00:00,535.0599975585938,535.3099975585938,534.1799926757812,534.6749877929688,983375
2025-04-11 19:15:00+00:00,534.9600219726562,535.239990234375,533.64501953125,535.0599975585938,854633
2025-04-11 19:20:00+00:00,535.2100219726562,535.6400146484375,534.489990234375,534.989990234375,799849
2025-04-11 19:25:00+00:00,534.739990234375,535.6799926757812,534.393798828125,535.19287109375,803299
2025-04-11 19:30:00+00:00,534.9899291992188,535.1599731445312,533.9299926757812,534.239990234375,927587
2025-04-11 19:35:00+00:00,534.6199951171875,534.760009765625,533.47998046875,534.27001953125,1180295
2025-04-11 19:40:00+00:00,534.9099731445312,535.1599731445312,534.2501220703125,534.5499877929688,1227084
2025-04-11 19:45:00+00:00,534.6199951171875,535.0999755859375,534.030029296875,534.9000244140625,1301075
2025-04-11 19:50:00+00:00,534.8300170898438,535.4500122070312,533.9600219726562,534.5900268554688,3265912
2025-04-11 19:55:00+00:00,533.969970703125,535.280029296875,533.9500122070312,534.8099975585938,6509245
