Date,SYM_ROOT,EWO,EWO_lag_1,EWO_lag_2
2019-01-02,AAPL,-0.058480516004639584,-0.06720168861794557,-0.0705916107540122
2019-01-03,AAPL,-0.047232154250971305,-0.058480516004639584,-0.06720168861794557
2019-01-04,AAPL,-0.05167110627704802,-0.047232154250971305,-0.058480516004639584
2019-01-07,AAPL,-0.05296185730108687,-0.05167110627704802,-0.047232154250971305
2019-01-08,AAPL,-0.054683251276155205,-0.05296185730108687,-0.05167110627704802
2019-01-09,AAPL,-0.056264820178827335,-0.054683251276155205,-0.05296185730108687
2019-01-10,AAPL,-0.05609494974273313,-0.056264820178827335,-0.054683251276155205
2019-01-11,AAPL,-0.04493730276370631,-0.05609494974273313,-0.056264820178827335
2019-01-14,AAPL,-0.039367194665708725,-0.04493730276370631,-0.05609494974273313
2019-01-15,AAPL,-0.035653914183310265,-0.039367194665708725,-0.04493730276370631
2019-01-16,AAPL,-0.03205548809745807,-0.035653914183310265,-0.039367194665708725
2019-01-17,AAPL,-0.029463462001621102,-0.03205548809745807,-0.035653914183310265
2019-01-18,AAPL,-0.02646355763229612,-0.029463462001621102,-0.03205548809745807
2019-01-22,AAPL,-0.021975885322482777,-0.02646355763229612,-0.029463462001621102
2019-01-23,AAPL,-0.01738368884123422,-0.021975885322482777,-0.02646355763229612
2019-01-24,AAPL,-0.014545909524721188,-0.01738368884123422,-0.021975885322482777
2019-01-25,AAPL,-0.013670935504602704,-0.014545909524721188,-0.01738368884123422
2019-01-28,AAPL,-0.010003115803709764,-0.013670935504602704,-0.014545909524721188
2019-01-29,AAPL,-0.008492415509631542,-0.010003115803709764,-0.013670935504602704
2019-01-30,AAPL,-0.005780277559258782,-0.008492415509631542,-0.010003115803709764
2019-01-31,AAPL,0.0017681971464269244,-0.005780277559258782,-0.008492415509631542
2019-02-01,AAPL,0.010713223892458467,0.0017681971464269244,-0.005780277559258782
2019-02-04,AAPL,0.016346912766728654,0.010713223892458467,0.0017681971464269244
2019-02-05,AAPL,0.025300219189299134,0.016346912766728654,0.010713223892458467
2019-02-06,AAPL,0.036687487687949605,0.025300219189299134,0.016346912766728654
2019-02-07,AAPL,0.04118302372309277,0.036687487687949605,0.025300219189299134
2019-02-08,AAPL,0.043175016683074614,0.04118302372309277,0.036687487687949605
2019-02-11,AAPL,0.0453984464699995,0.043175016683074614,0.04118302372309277
2019-02-12,AAPL,0.04392618994965648,0.0453984464699995,0.043175016683074614
2019-02-13,AAPL,0.04110481198103125,0.04392618994965648,0.0453984464699995
2019-02-14,AAPL,0.03734595721087553,0.04110481198103125,0.04392618994965648
2019-02-15,AAPL,0.0354754363861296,0.03734595721087553,0.04110481198103125
2019-02-19,AAPL,0.03423099772506012,0.0354754363861296,0.03734595721087553
2019-02-20,AAPL,0.03372602809474777,0.03423099772506012,0.0354754363861296
2019-02-21,AAPL,0.032921884633543244,0.03372602809474777,0.03423099772506012
2019-02-22,AAPL,0.03218939576287449,0.032921884633543244,0.03372602809474777
2019-02-25,AAPL,0.032057910402502776,0.03218939576287449,0.032921884633543244
2019-02-26,AAPL,0.031383961760828916,0.032057910402502776,0.03218939576287449
2019-02-27,AAPL,0.031001711050808234,0.031383961760828916,0.032057910402502776
2019-02-28,AAPL,0.030224439729870243,0.031001711050808234,0.031383961760828916
2019-03-01,AAPL,0.02941666445024759,0.030224439729870243,0.031001711050808234
2019-03-04,AAPL,0.028625648386475182,0.02941666445024759,0.030224439729870243
2019-03-05,AAPL,0.02758821096025769,0.028625648386475182,0.02941666445024759
2019-03-06,AAPL,0.026214900324925336,0.02758821096025769,0.028625648386475182
2019-03-07,AAPL,0.02385479514348218,0.026214900324925336,0.02758821096025769
2019-03-08,AAPL,0.021765304031604902,0.02385479514348218,0.026214900324925336
2019-03-11,AAPL,0.018996676164373116,0.021765304031604902,0.02385479514348218
2019-03-12,AAPL,0.018729385593633192,0.018996676164373116,0.021765304031604902
2019-03-13,AAPL,0.019700662471762723,0.018729385593633192,0.018996676164373116
2019-03-14,AAPL,0.02132111157477493,0.019700662471762723,0.018729385593633192
2019-03-15,AAPL,0.025056133652009264,0.02132111157477493,0.019700662471762723
2019-03-18,AAPL,0.029512305652533988,0.025056133652009264,0.02132111157477493
2019-03-19,AAPL,0.03192333904137183,0.029512305652533988,0.025056133652009264
2019-03-20,AAPL,0.032417061241172836,0.03192333904137183,0.029512305652533988
2019-03-21,AAPL,0.03308483586062344,0.032417061241172836,0.03192333904137183
2019-03-22,AAPL,0.036640964203476824,0.03308483586062344,0.032417061241172836
2019-03-25,AAPL,0.03718726201649541,0.036640964203476824,0.03308483586062344
2019-03-26,AAPL,0.035712375599612364,0.03718726201649541,0.036640964203476824
2019-03-27,AAPL,0.03453778648326639,0.035712375599612364,0.03718726201649541
2019-03-28,AAPL,0.033492174905542106,0.03453778648326639,0.035712375599612364
2019-03-29,AAPL,0.028910909889616695,0.033492174905542106,0.03453778648326639
2019-04-01,AAPL,0.026749028062520348,0.028910909889616695,0.033492174905542106
2019-04-02,AAPL,0.02641117717188899,0.026749028062520348,0.028910909889616695
2019-04-03,AAPL,0.028264666186550887,0.02641117717188899,0.026749028062520348
2019-04-04,AAPL,0.02992478745560465,0.028264666186550887,0.02641117717188899
2019-04-05,AAPL,0.03153044459970496,0.02992478745560465,0.028264666186550887
2019-04-08,AAPL,0.033104994385873214,0.03153044459970496,0.02992478745560465
2019-04-09,AAPL,0.035311437780482055,0.033104994385873214,0.03153044459970496
2019-04-10,AAPL,0.03586779438174652,0.035311437780482055,0.033104994385873214
2019-04-11,AAPL,0.036311462960763194,0.03586779438174652,0.035311437780482055
2019-04-12,AAPL,0.03579814781599334,0.036311462960763194,0.03586779438174652
2019-04-15,AAPL,0.034746115515768665,0.03579814781599334,0.036311462960763194
2019-04-16,AAPL,0.032398348129554985,0.034746115515768665,0.03579814781599334
2019-04-17,AAPL,0.030374022614561635,0.032398348129554985,0.034746115515768665
2019-04-18,AAPL,0.029485080541772762,0.030374022614561635,0.032398348129554985
2019-04-22,AAPL,0.029612589225908807,0.029485080541772762,0.030374022614561635
2019-04-23,AAPL,0.0301962884612286,0.029612589225908807,0.029485080541772762
2019-04-24,AAPL,0.03189164742245846,0.0301962884612286,0.029612589225908807
2019-04-25,AAPL,0.03339971919356859,0.03189164742245846,0.0301962884612286
2019-04-26,AAPL,0.03216365772632161,0.03339971919356859,0.03189164742245846
2019-04-29,AAPL,0.030029437132893626,0.03216365772632161,0.03339971919356859
2019-04-30,AAPL,0.027738413727568783,0.030029437132893626,0.03216365772632161
2019-05-01,AAPL,0.022825852231139882,0.027738413727568783,0.030029437132893626
2019-05-02,AAPL,0.022305813080930482,0.022825852231139882,0.027738413727568783
2019-05-03,AAPL,0.022194689212693564,0.022305813080930482,0.022825852231139882
2019-05-06,AAPL,0.023771251672262354,0.022194689212693564,0.022305813080930482
2019-05-07,AAPL,0.024021104203904117,0.023771251672262354,0.022194689212693564
2019-05-08,AAPL,0.024004633155825468,0.024021104203904117,0.023771251672262354
2019-05-09,AAPL,0.019164604531174537,0.024004633155825468,0.024021104203904117
2019-05-10,AAPL,0.014177687823063388,0.019164604531174537,0.024004633155825468
2019-05-13,AAPL,0.007203299888982265,0.014177687823063388,0.019164604531174537
2019-05-14,AAPL,-0.003468505460126529,0.007203299888982265,0.014177687823063388
2019-05-15,AAPL,-0.010359980171220508,-0.003468505460126529,0.007203299888982265
2019-05-16,AAPL,-0.016492879666095573,-0.010359980171220508,-0.003468505460126529
2019-05-17,AAPL,-0.02181253839255276,-0.016492879666095573,-0.010359980171220508
2019-05-20,AAPL,-0.02619431601629817,-0.02181253839255276,-0.016492879666095573
2019-05-21,AAPL,-0.02714775050211579,-0.02619431601629817,-0.02181253839255276
2019-05-22,AAPL,-0.027961363196014364,-0.02714775050211579,-0.02619431601629817
2019-05-23,AAPL,-0.031553265360953625,-0.027961363196014364,-0.02714775050211579
2019-05-24,AAPL,-0.03609571360873038,-0.031553265360953625,-0.027961363196014364
2019-05-28,AAPL,-0.04041025983656927,-0.03609571360873038,-0.031553265360953625
2019-05-29,AAPL,-0.041777926937065224,-0.04041025983656927,-0.03609571360873038
2019-05-30,AAPL,-0.04529023302026652,-0.041777926937065224,-0.04041025983656927
2019-05-31,AAPL,-0.04630312762703294,-0.04529023302026652,-0.041777926937065224
2019-06-03,AAPL,-0.04706853577512641,-0.04630312762703294,-0.04529023302026652
2019-06-04,AAPL,-0.04844307414577542,-0.04706853577512641,-0.04630312762703294
2019-06-05,AAPL,-0.04629074094795817,-0.04844307414577542,-0.04706853577512641
2019-06-06,AAPL,-0.04221288844319154,-0.04629074094795817,-0.04844307414577542
2019-06-07,AAPL,-0.03736236134620085,-0.04221288844319154,-0.04629074094795817
2019-06-10,AAPL,-0.02812144003204822,-0.03736236134620085,-0.04221288844319154
2019-06-11,AAPL,-0.01687538541993869,-0.02812144003204822,-0.03736236134620085
2019-06-12,AAPL,-0.008123973255221838,-0.01687538541993869,-0.02812144003204822
2019-06-13,AAPL,-0.001070050023051637,-0.008123973255221838,-0.01687538541993869
2019-06-14,AAPL,0.004484793060904107,-0.001070050023051637,-0.008123973255221838
2019-06-17,AAPL,0.0067013934188954625,0.004484793060904107,-0.001070050023051637
2019-06-18,AAPL,0.008097255526399632,0.0067013934188954625,0.004484793060904107
2019-06-19,AAPL,0.010372798672149436,0.008097255526399632,0.0067013934188954625
2019-06-20,AAPL,0.012411331249285175,0.010372798672149436,0.008097255526399632
2019-06-21,AAPL,0.015889415828631077,0.012411331249285175,0.010372798672149436
2019-06-24,AAPL,0.01967149627219143,0.015889415828631077,0.012411331249285175
2019-06-25,AAPL,0.022966496689377953,0.01967149627219143,0.015889415828631077
2019-06-26,AAPL,0.022427494832997025,0.022966496689377953,0.01967149627219143
2019-06-27,AAPL,0.02357261615264346,0.022427494832997025,0.022966496689377953
2019-06-28,AAPL,0.02389329280865875,0.02357261615264346,0.022427494832997025
2019-07-01,AAPL,0.02361328205471458,0.02389329280865875,0.02357261615264346
2019-07-02,AAPL,0.024778016838732316,0.02361328205471458,0.02389329280865875
2019-07-03,AAPL,0.027081048655255343,0.024778016838732316,0.02361328205471458
2019-07-05,AAPL,0.028191746242337716,0.027081048655255343,0.024778016838732316
2019-07-08,AAPL,0.029418069794551426,0.028191746242337716,0.027081048655255343
2019-07-09,AAPL,0.029711051775499663,0.029418069794551426,0.028191746242337716
2019-07-10,AAPL,0.02864377518355277,0.029711051775499663,0.029418069794551426
2019-07-11,AAPL,0.02738940449390056,0.02864377518355277,0.029711051775499663
2019-07-12,AAPL,0.02494959235198413,0.02738940449390056,0.02864377518355277
2019-07-15,AAPL,0.02296789398885658,0.02494959235198413,0.02738940449390056
2019-07-16,AAPL,0.023642259348226318,0.02296789398885658,0.02494959235198413
2019-07-17,AAPL,0.023365592743284747,0.023642259348226318,0.02296789398885658
2019-07-18,AAPL,0.02158193770725423,0.023365592743284747,0.023642259348226318
2019-07-19,AAPL,0.021431209217349218,0.02158193770725423,0.023365592743284747
2019-07-22,AAPL,0.019315781967336083,0.021431209217349218,0.02158193770725423
2019-07-23,AAPL,0.017967665691543486,0.019315781967336083,0.021431209217349218
2019-07-24,AAPL,0.01751896929863806,0.017967665691543486,0.019315781967336083
2019-07-25,AAPL,0.018015176543708062,0.01751896929863806,0.017967665691543486
2019-07-26,AAPL,0.016921604049045146,0.018015176543708062,0.01751896929863806
2019-07-29,AAPL,0.017798573859627017,0.016921604049045146,0.018015176543708062
2019-07-30,AAPL,0.017591820443384032,0.017798573859627017,0.016921604049045146
2019-07-31,AAPL,0.01641434914643532,0.017591820443384032,0.017798573859627017
2019-08-01,AAPL,0.017217028018853907,0.01641434914643532,0.017591820443384032
2019-08-02,AAPL,0.01688527884768059,0.017217028018853907,0.01641434914643532
2019-08-05,AAPL,0.01441177779948196,0.01688527884768059,0.017217028018853907
2019-08-06,AAPL,0.006482475801965033,0.01441177779948196,0.01688527884768059
2019-08-07,AAPL,0.0004987736386975752,0.006482475801965033,0.01441177779948196
2019-08-08,AAPL,-0.006481500541108481,0.0004987736386975752,0.006482475801965033
2019-08-09,AAPL,-0.009374159636001602,-0.006481500541108481,0.0004987736386975752
2019-08-12,AAPL,-0.010673375452509903,-0.009374159636001602,-0.006481500541108481
2019-08-13,AAPL,-0.006889937636857709,-0.010673375452509903,-0.009374159636001602
2019-08-14,AAPL,-0.0013492922469289733,-0.006889937636857709,-0.010673375452509903
2019-08-15,AAPL,0.0002948724200483619,-0.0013492922469289733,-0.006889937636857709
2019-08-16,AAPL,-0.00034781383926528215,0.0002948724200483619,-0.0013492922469289733
2019-08-19,AAPL,0.0018309981963201896,-0.00034781383926528215,0.0002948724200483619
2019-08-20,AAPL,0.005718804903008601,0.0018309981963201896,-0.00034781383926528215
2019-08-21,AAPL,0.00572203581676896,0.005718804903008601,0.0018309981963201896
2019-08-22,AAPL,0.009744846422984949,0.00572203581676896,0.005718804903008601
2019-08-23,AAPL,0.014247238005570683,0.009744846422984949,0.00572203581676896
2019-08-26,AAPL,0.01246717943976429,0.014247238005570683,0.009744846422984949
2019-08-27,AAPL,0.01011874117655741,0.01246717943976429,0.014247238005570683
2019-08-28,AAPL,0.00688562768653932,0.01011874117655741,0.01246717943976429
2019-08-29,AAPL,0.0032363724220858753,0.00688562768653932,0.01011874117655741
2019-08-30,AAPL,0.0010018799750252617,0.0032363724220858753,0.00688562768653932
2019-09-03,AAPL,0.003528323763919346,0.0010018799750252617,0.0032363724220858753
2019-09-04,AAPL,0.003058000820435373,0.003528323763919346,0.0010018799750252617
2019-09-05,AAPL,0.005106452980149188,0.003058000820435373,0.003528323763919346
2019-09-06,AAPL,0.008081806855115347,0.005106452980149188,0.003058000820435373
2019-09-09,AAPL,0.009528107050771983,0.008081806855115347,0.005106452980149188
2019-09-10,AAPL,0.011251317732223508,0.009528107050771983,0.008081806855115347
2019-09-11,AAPL,0.01572400337877383,0.011251317732223508,0.009528107050771983
2019-09-12,AAPL,0.021354478002075416,0.01572400337877383,0.011251317732223508
2019-09-13,AAPL,0.0248218695000956,0.021354478002075416,0.01572400337877383
2019-09-16,AAPL,0.026470556387354578,0.0248218695000956,0.021354478002075416
2019-09-17,AAPL,0.028187239911527658,0.026470556387354578,0.0248218695000956
2019-09-18,AAPL,0.02918847948162878,0.028187239911527658,0.026470556387354578
2019-09-19,AAPL,0.02780785569890329,0.02918847948162878,0.028187239911527658
2019-09-20,AAPL,0.02624854688925985,0.02780785569890329,0.02918847948162878
2019-09-23,AAPL,0.025098705686874456,0.02624854688925985,0.02780785569890329
2019-09-24,AAPL,0.023510640380800623,0.025098705686874456,0.02624854688925985
2019-09-25,AAPL,0.02043645565846961,0.023510640380800623,0.025098705686874456
2019-09-26,AAPL,0.017967910984882866,0.02043645565846961,0.023510640380800623
2019-09-27,AAPL,0.01602298868454674,0.017967910984882866,0.02043645565846961
2019-09-30,AAPL,0.015433346135316868,0.01602298868454674,0.017967910984882866
2019-10-01,AAPL,0.016280167375647515,0.015433346135316868,0.01602298868454674
2019-10-02,AAPL,0.017794107150937488,0.016280167375647515,0.015433346135316868
2019-10-03,AAPL,0.01619311727537288,0.017794107150937488,0.016280167375647515
2019-10-04,AAPL,0.015409761980878414,0.01619311727537288,0.017794107150937488
2019-10-07,AAPL,0.01741574229743191,0.015409761980878414,0.01619311727537288
2019-10-08,AAPL,0.017437533336302245,0.01741574229743191,0.015409761980878414
2019-10-09,AAPL,0.01642457852220776,0.017437533336302245,0.01741574229743191
2019-10-10,AAPL,0.018920012778155516,0.01642457852220776,0.017437533336302245
2019-10-11,AAPL,0.021869111328222713,0.018920012778155516,0.01642457852220776
2019-10-14,AAPL,0.02434399051108531,0.021869111328222713,0.018920012778155516
2019-10-15,AAPL,0.026003963009568053,0.02434399051108531,0.021869111328222713
2019-10-16,AAPL,0.028835710474051725,0.026003963009568053,0.02434399051108531
2019-10-17,AAPL,0.030017107707507748,0.028835710474051725,0.026003963009568053
2019-10-18,AAPL,0.030304484430187708,0.030017107707507748,0.028835710474051725
2019-10-21,AAPL,0.028627326042649594,0.030304484430187708,0.030017107707507748
2019-10-22,AAPL,0.028557111208453854,0.028627326042649594,0.030304484430187708
2019-10-23,AAPL,0.02832894099873255,0.028557111208453854,0.028627326042649594
2019-10-24,AAPL,0.029865612969084444,0.02832894099873255,0.028557111208453854
2019-10-25,AAPL,0.03140559265830753,0.029865612969084444,0.02832894099873255
2019-10-28,AAPL,0.033509173295612135,0.03140559265830753,0.029865612969084444
2019-10-29,AAPL,0.034823094641230797,0.033509173295612135,0.03140559265830753
2019-10-30,AAPL,0.03452058167209668,0.034823094641230797,0.033509173295612135
2019-10-31,AAPL,0.03332781482168443,0.03452058167209668,0.034823094641230797
2019-11-01,AAPL,0.03383930140763431,0.03332781482168443,0.03452058167209668
2019-11-04,AAPL,0.035280296215457495,0.03383930140763431,0.03332781482168443
2019-11-05,AAPL,0.036355517984910136,0.035280296215457495,0.03383930140763431
2019-11-06,AAPL,0.03962612727233744,0.036355517984910136,0.035280296215457495
2019-11-07,AAPL,0.04301991227375253,0.03962612727233744,0.036355517984910136
2019-11-08,AAPL,0.04509246873232874,0.04301991227375253,0.03962612727233744
2019-11-11,AAPL,0.04445538532753534,0.04509246873232874,0.04301991227375253
2019-11-12,AAPL,0.04390800163854759,0.04445538532753534,0.04509246873232874
2019-11-13,AAPL,0.043367593586640996,0.04390800163854759,0.04445538532753534
2019-11-14,AAPL,0.04379830271578305,0.043367593586640996,0.04390800163854759
2019-11-15,AAPL,0.04244563508090817,0.04379830271578305,0.043367593586640996
2019-11-18,AAPL,0.04177076792806867,0.04244563508090817,0.04379830271578305
2019-11-19,AAPL,0.04105282870348428,0.04177076792806867,0.04244563508090817
2019-11-20,AAPL,0.04020993132261984,0.04105282870348428,0.04177076792806867
2019-11-21,AAPL,0.03711861168413956,0.04020993132261984,0.04105282870348428
2019-11-22,AAPL,0.03446001783953257,0.03711861168413956,0.04020993132261984
2019-11-25,AAPL,0.03091467248251682,0.03446001783953257,0.03711861168413956
2019-11-26,AAPL,0.02834433201158822,0.03091467248251682,0.03446001783953257
2019-11-27,AAPL,0.02526996899735963,0.02834433201158822,0.03091467248251682
2019-11-29,AAPL,0.02467159751242698,0.02526996899735963,0.02834433201158822
2019-12-02,AAPL,0.024505786882444598,0.02467159751242698,0.02526996899735963
2019-12-03,AAPL,0.02378502129720664,0.024505786882444598,0.02467159751242698
2019-12-04,AAPL,0.01981237861704505,0.02378502129720664,0.024505786882444598
2019-12-05,AAPL,0.017327245013847564,0.01981237861704505,0.02378502129720664
2019-12-06,AAPL,0.014687474766036587,0.017327245013847564,0.01981237861704505
2019-12-09,AAPL,0.013985985334452963,0.014687474766036587,0.017327245013847564
2019-12-10,AAPL,0.013297142562400173,0.013985985334452963,0.014687474766036587
2019-12-11,AAPL,0.015107786357146782,0.013297142562400173,0.013985985334452963
2019-12-12,AAPL,0.0167443121237133,0.015107786357146782,0.013297142562400173
2019-12-13,AAPL,0.017335948608122015,0.0167443121237133,0.015107786357146782
2019-12-16,AAPL,0.017211468718013156,0.017335948608122015,0.0167443121237133
2019-12-17,AAPL,0.020114799946295107,0.017211468718013156,0.017335948608122015
2019-12-18,AAPL,0.02271726098011807,0.020114799946295107,0.017211468718013156
2019-12-19,AAPL,0.02394837856098267,0.02271726098011807,0.020114799946295107
2019-12-20,AAPL,0.02500311623500896,0.02394837856098267,0.02271726098011807
2019-12-23,AAPL,0.02484978275766257,0.02500311623500896,0.02394837856098267
2019-12-24,AAPL,0.02477652127440688,0.02484978275766257,0.02500311623500896
2019-12-26,AAPL,0.02467914505839671,0.02477652127440688,0.02484978275766257
2019-12-27,AAPL,0.026492218108754118,0.02467914505839671,0.02477652127440688
2019-12-30,AAPL,0.0281608809295319,0.026492218108754118,0.02467914505839671
2019-12-31,AAPL,0.030676332050180007,0.0281608809295319,0.026492218108754118
2020-01-02,AAPL,0.032250522930697904,0.030676332050180007,0.0281608809295319
2020-01-03,AAPL,0.035762262681300866,0.032250522930697904,0.030676332050180007
2020-01-06,AAPL,0.03646698749501405,0.035762262681300866,0.032250522930697904
2020-01-07,AAPL,0.03800856154020587,0.03646698749501405,0.035762262681300866
2020-01-08,AAPL,0.03846438104820432,0.03800856154020587,0.03646698749501405
2020-01-09,AAPL,0.03971978246310747,0.03846438104820432,0.03800856154020587
2020-01-10,AAPL,0.04061464235494253,0.03971978246310747,0.03846438104820432
2020-01-13,AAPL,0.0426120695730124,0.04061464235494253,0.03971978246310747
2020-01-14,AAPL,0.04547293976183894,0.0426120695730124,0.04061464235494253
2020-01-15,AAPL,0.0475211878110909,0.04547293976183894,0.0426120695730124
2020-01-16,AAPL,0.04763737654022217,0.0475211878110909,0.04547293976183894
2020-01-17,AAPL,0.046978640573607094,0.04763737654022217,0.0475211878110909
2020-01-21,AAPL,0.04693304377059466,0.046978640573607094,0.04763737654022217
2020-01-22,AAPL,0.04439269433727127,0.04693304377059466,0.046978640573607094
2020-01-23,AAPL,0.04349097342098299,0.04439269433727127,0.04693304377059466
2020-01-24,AAPL,0.04327328843385703,0.04349097342098299,0.04439269433727127
2020-01-27,AAPL,0.04136306036706255,0.04327328843385703,0.04349097342098299
2020-01-28,AAPL,0.03598941004233022,0.04136306036706255,0.04327328843385703
2020-01-29,AAPL,0.03382210826013949,0.03598941004233022,0.04136306036706255
2020-01-30,AAPL,0.03333256315296025,0.03382210826013949,0.03598941004233022
2020-01-31,AAPL,0.03206235620379705,0.03333256315296025,0.03382210826013949
2020-02-03,AAPL,0.0273394640387806,0.03206235620379705,0.03333256315296025
2020-02-04,AAPL,0.02544827647336067,0.0273394640387806,0.03206235620379705
2020-02-05,AAPL,0.023571926524178943,0.02544827647336067,0.0273394640387806
2020-02-06,AAPL,0.020478891881594092,0.023571926524178943,0.02544827647336067
2020-02-07,AAPL,0.018774584783730792,0.020478891881594092,0.023571926524178943
2020-02-10,AAPL,0.02043515023942195,0.018774584783730792,0.020478891881594092
2020-02-11,AAPL,0.022713749539770435,0.02043515023942195,0.018774584783730792
2020-02-12,AAPL,0.021314801357916413,0.022713749539770435,0.02043515023942195
2020-02-13,AAPL,0.021095567750767805,0.021314801357916413,0.022713749539770435
2020-02-14,AAPL,0.01931413681600566,0.021095567750767805,0.021314801357916413
2020-02-18,AAPL,0.01893733438439977,0.01931413681600566,0.021095567750767805
2020-02-19,AAPL,0.016786204241755604,0.01893733438439977,0.01931413681600566
2020-02-20,AAPL,0.01645061748159801,0.016786204241755604,0.01893733438439977
2020-02-21,AAPL,0.012975328675776053,0.01645061748159801,0.016786204241755604
2020-02-24,AAPL,0.008385190548433372,0.012975328675776053,0.01645061748159801
2020-02-25,AAPL,2.010604946776877e-05,0.008385190548433372,0.012975328675776053
2020-02-26,AAPL,-0.009506013395058962,2.010604946776877e-05,0.008385190548433372
2020-02-27,AAPL,-0.019347521206353326,-0.009506013395058962,2.010604946776877e-05
2020-02-28,AAPL,-0.033948827129492355,-0.019347521206353326,-0.009506013395058962
2019-01-02,AMZN,-0.04342623058213866,-0.054336930902628006,-0.05701332097466413
2019-01-03,AMZN,-0.028224755755281952,-0.04342623058213866,-0.054336930902628006
2019-01-04,AMZN,-0.024334307621050922,-0.028224755755281952,-0.04342623058213866
2019-01-07,AMZN,-0.0162331054497796,-0.024334307621050922,-0.028224755755281952
2019-01-08,AMZN,-0.006344210338222786,-0.0162331054497796,-0.024334307621050922
2019-01-09,AMZN,0.00301314959403451,-0.006344210338222786,-0.0162331054497796
2019-01-10,AMZN,0.010204379948111925,0.00301314959403451,-0.006344210338222786
2019-01-11,AMZN,0.019259053314865836,0.010204379948111925,0.00301314959403451
2019-01-14,AMZN,0.02206384419405315,0.019259053314865836,0.010204379948111925
2019-01-15,AMZN,0.020216462056172512,0.02206384419405315,0.019259053314865836
2019-01-16,AMZN,0.0198834313167587,0.020216462056172512,0.02206384419405315
2019-01-17,AMZN,0.019723150175198535,0.0198834313167587,0.020216462056172512
2019-01-18,AMZN,0.020950035524942845,0.019723150175198535,0.0198834313167587
2019-01-22,AMZN,0.023257948337525668,0.020950035524942845,0.019723150175198535
2019-01-23,AMZN,0.024558522035592008,0.023257948337525668,0.020950035524942845
2019-01-24,AMZN,0.022794841574289737,0.024558522035592008,0.023257948337525668
2019-01-25,AMZN,0.02137982497632538,0.022794841574289737,0.024558522035592008
2019-01-28,AMZN,0.02092970395663899,0.02137982497632538,0.022794841574289737
2019-01-29,AMZN,0.017677336199352058,0.02092970395663899,0.02137982497632538
2019-01-30,AMZN,0.016294789882922794,0.017677336199352058,0.02092970395663899
2019-01-31,AMZN,0.01777414988611768,0.016294789882922794,0.017677336199352058
2019-02-01,AMZN,0.02093668070838711,0.01777414988611768,0.016294789882922794
2019-02-04,AMZN,0.018409486054267996,0.02093668070838711,0.01777414988611768
2019-02-05,AMZN,0.018403452159546956,0.018409486054267996,0.02093668070838711
2019-02-06,AMZN,0.022321215498884935,0.018403452159546956,0.018409486054267996
2019-02-07,AMZN,0.02006858687645635,0.022321215498884935,0.018403452159546956
2019-02-08,AMZN,0.012887696708832459,0.02006858687645635,0.022321215498884935
2019-02-11,AMZN,0.010227917731982181,0.012887696708832459,0.02006858687645635
2019-02-12,AMZN,0.006762003126485,0.010227917731982181,0.012887696708832459
2019-02-13,AMZN,0.0038926785886782677,0.006762003126485,0.010227917731982181
2019-02-14,AMZN,0.001540570153024802,0.0038926785886782677,0.006762003126485
2019-02-15,AMZN,-0.0004145220638377394,0.001540570153024802,0.0038926785886782677
2019-02-19,AMZN,-0.0004041776231060276,-0.0004145220638377394,0.001540570153024802
2019-02-20,AMZN,0.0003887961332440593,-0.0004041776231060276,-0.0004145220638377394
2019-02-21,AMZN,-0.0018541619635967796,0.0003887961332440593,-0.0004041776231060276
2019-02-22,AMZN,-0.0041501316267400475,-0.0018541619635967796,0.0003887961332440593
2019-02-25,AMZN,-0.00440812433799765,-0.0041501316267400475,-0.0018541619635967796
2019-02-26,AMZN,-0.004023380723590557,-0.00440812433799765,-0.0041501316267400475
2019-02-27,AMZN,-0.004012685127882315,-0.004023380723590557,-0.00440812433799765
2019-02-28,AMZN,-0.0029487204760010027,-0.004012685127882315,-0.004023380723590557
2019-03-01,AMZN,-0.0015553716218313,-0.0029487204760010027,-0.004012685127882315
2019-03-04,AMZN,0.0007863118085144413,-0.0015553716218313,-0.0029487204760010027
2019-03-05,AMZN,0.004265614710281967,0.0007863118085144413,-0.0015553716218313
2019-03-06,AMZN,0.007184645786255352,0.004265614710281967,0.0007863118085144413
2019-03-07,AMZN,0.008402532343073787,0.007184645786255352,0.004265614710281967
2019-03-08,AMZN,0.007994715711274598,0.008402532343073787,0.007184645786255352
2019-03-11,AMZN,0.005485103129278576,0.007994715711274598,0.008402532343073787
2019-03-12,AMZN,0.0041409739383976895,0.005485103129278576,0.007994715711274598
2019-03-13,AMZN,0.0031731790730399226,0.0041409739383976895,0.005485103129278576
2019-03-14,AMZN,0.003984656746787474,0.0031731790730399226,0.0041409739383976895
2019-03-15,AMZN,0.007208785149629414,0.003984656746787474,0.0031731790730399226
2019-03-18,AMZN,0.012167926194210959,0.007208785149629414,0.003984656746787474
2019-03-19,AMZN,0.01576952227009089,0.012167926194210959,0.007208785149629414
2019-03-20,AMZN,0.019885590112039966,0.01576952227009089,0.012167926194210959
2019-03-21,AMZN,0.024283585377329466,0.019885590112039966,0.01576952227009089
2019-03-22,AMZN,0.030585930524707393,0.024283585377329466,0.019885590112039966
2019-03-25,AMZN,0.033145673064981736,0.030585930524707393,0.024283585377329466
2019-03-26,AMZN,0.03367875230682832,0.033145673064981736,0.030585930524707393
2019-03-27,AMZN,0.03361836433973042,0.03367875230682832,0.033145673064981736
2019-03-28,AMZN,0.030939558361486878,0.03361836433973042,0.03367875230682832
2019-03-29,AMZN,0.02722835778622679,0.030939558361486878,0.03361836433973042
2019-04-01,AMZN,0.02671540203183505,0.02722835778622679,0.030939558361486878
2019-04-02,AMZN,0.027044754309831352,0.02671540203183505,0.02722835778622679
2019-04-03,AMZN,0.026854648720330547,0.027044754309831352,0.02671540203183505
2019-04-04,AMZN,0.028380909567226685,0.026854648720330547,0.027044754309831352
2019-04-05,AMZN,0.029397614984499658,0.028380909567226685,0.026854648720330547
2019-04-08,AMZN,0.030716735896085173,0.029397614984499658,0.028380909567226685
2019-04-09,AMZN,0.030657771189836827,0.030716735896085173,0.029397614984499658
2019-04-10,AMZN,0.03012521811869068,0.030657771189836827,0.030716735896085173
2019-04-11,AMZN,0.02971523921818794,0.03012521811869068,0.030657771189836827
2019-04-12,AMZN,0.029235899267485765,0.02971523921818794,0.03012521811869068
2019-04-15,AMZN,0.02781534411031137,0.029235899267485765,0.02971523921818794
2019-04-16,AMZN,0.025813838380427355,0.02781534411031137,0.029235899267485765
2019-04-17,AMZN,0.02544132096660269,0.025813838380427355,0.02781534411031137
2019-04-18,AMZN,0.02457110786973414,0.02544132096660269,0.025813838380427355
2019-04-22,AMZN,0.023727742277959294,0.02457110786973414,0.02544132096660269
2019-04-23,AMZN,0.024369073341384464,0.023727742277959294,0.02457110786973414
2019-04-24,AMZN,0.026753967574415994,0.024369073341384464,0.023727742277959294
2019-04-25,AMZN,0.027133265663791865,0.026753967574415994,0.024369073341384464
2019-04-26,AMZN,0.027251506317817222,0.027133265663791865,0.026753967574415994
2019-04-29,AMZN,0.029342825032596585,0.027251506317817222,0.027133265663791865
2019-04-30,AMZN,0.02949873649003446,0.029342825032596585,0.027251506317817222
2019-05-01,AMZN,0.027631041952832263,0.02949873649003446,0.029342825032596585
2019-05-02,AMZN,0.026272116851910523,0.027631041952832263,0.02949873649003446
2019-05-03,AMZN,0.024559778711776486,0.026272116851910523,0.027631041952832263
2019-05-06,AMZN,0.023026651603346843,0.024559778711776486,0.026272116851910523
2019-05-07,AMZN,0.021810781389640974,0.023026651603346843,0.024559778711776486
2019-05-08,AMZN,0.02014479108175733,0.021810781389640974,0.023026651603346843
2019-05-09,AMZN,0.01926840912558769,0.02014479108175733,0.021810781389640974
2019-05-10,AMZN,0.018431050445789236,0.01926840912558769,0.02014479108175733
2019-05-13,AMZN,0.014120495432673713,0.018431050445789236,0.01926840912558769
2019-05-14,AMZN,0.006958015474917449,0.014120495432673713,0.018431050445789236
2019-05-15,AMZN,0.0021564682056283745,0.006958015474917449,0.014120495432673713
2019-05-16,AMZN,-0.0010059314164538506,0.0021564682056283745,0.006958015474917449
2019-05-17,AMZN,-0.0016766670014704058,-0.0010059314164538506,0.0021564682056283745
2019-05-20,AMZN,-0.0035307154986624592,-0.0016766670014704058,-0.0010059314164538506
2019-05-21,AMZN,-0.0021811577631091193,-0.0035307154986624592,-0.0016766670014704058
2019-05-22,AMZN,-0.0015808018930688241,-0.0021811577631091193,-0.0035307154986624592
2019-05-23,AMZN,-0.0025409842033729518,-0.0015808018930688241,-0.0021811577631091193
2019-05-24,AMZN,-0.007448739841009207,-0.0025409842033729518,-0.0015808018930688241
2019-05-28,AMZN,-0.009956753416250335,-0.007448739841009207,-0.0025409842033729518
2019-05-29,AMZN,-0.011174671378919154,-0.009956753416250335,-0.007448739841009207
2019-05-30,AMZN,-0.013030526314736779,-0.011174671378919154,-0.009956753416250335
2019-05-31,AMZN,-0.015255637560477478,-0.013030526314736779,-0.011174671378919154
2019-06-03,AMZN,-0.016928058845768514,-0.015255637560477478,-0.013030526314736779
2019-06-04,AMZN,-0.023022953156240027,-0.016928058845768514,-0.015255637560477478
2019-06-05,AMZN,-0.02816605879934321,-0.023022953156240027,-0.016928058845768514
2019-06-06,AMZN,-0.031937538609787805,-0.02816605879934321,-0.023022953156240027
2019-06-07,AMZN,-0.03465405829110123,-0.031937538609787805,-0.02816605879934321
2019-06-10,AMZN,-0.03252657890874295,-0.03465405829110123,-0.031937538609787805
2019-06-11,AMZN,-0.0229869028437172,-0.03252657890874295,-0.03465405829110123
2019-06-12,AMZN,-0.01531796500804517,-0.0229869028437172,-0.03252657890874295
2019-06-13,AMZN,-0.008359903660543015,-0.01531796500804517,-0.0229869028437172
2019-06-14,AMZN,-0.001814379959207893,-0.008359903660543015,-0.01531796500804517
2019-06-17,AMZN,0.00197030363117975,-0.001814379959207893,-0.008359903660543015
2019-06-18,AMZN,0.0038284646663229514,0.00197030363117975,-0.001814379959207893
2019-06-19,AMZN,0.006125393741205665,0.0038284646663229514,0.00197030363117975
2019-06-20,AMZN,0.009103183760421976,0.006125393741205665,0.0038284646663229514
2019-06-21,AMZN,0.011582664003676479,0.009103183760421976,0.006125393741205665
2019-06-24,AMZN,0.01369149299167496,0.011582664003676479,0.009103183760421976
2019-06-25,AMZN,0.01552623215579611,0.01369149299167496,0.011582664003676479
2019-06-26,AMZN,0.014873714561867299,0.01552623215579611,0.01369149299167496
2019-06-27,AMZN,0.014477403421371125,0.014873714561867299,0.01552623215579611
2019-06-28,AMZN,0.013850590722467845,0.014477403421371125,0.014873714561867299
2019-07-01,AMZN,0.012968639946496524,0.013850590722467845,0.014477403421371125
2019-07-02,AMZN,0.013156487398481026,0.012968639946496524,0.013850590722467845
2019-07-03,AMZN,0.015236746093108098,0.013156487398481026,0.012968639946496524
2019-07-05,AMZN,0.016625056168094877,0.015236746093108098,0.013156487398481026
2019-07-08,AMZN,0.01808188319095866,0.016625056168094877,0.015236746093108098
2019-07-09,AMZN,0.020774260532088577,0.01808188319095866,0.016625056168094877
2019-07-10,AMZN,0.023256659176801055,0.020774260532088577,0.01808188319095866
2019-07-11,AMZN,0.02628163614564929,0.023256659176801055,0.020774260532088577
2019-07-12,AMZN,0.028327104039739485,0.02628163614564929,0.023256659176801055
2019-07-15,AMZN,0.030597691826282015,0.028327104039739485,0.02628163614564929
2019-07-16,AMZN,0.03246499731899199,0.030597691826282015,0.028327104039739485
2019-07-17,AMZN,0.032125068805879814,0.03246499731899199,0.030597691826282015
2019-07-18,AMZN,0.02968771432970152,0.032125068805879814,0.03246499731899199
2019-07-19,AMZN,0.027336450076595274,0.02968771432970152,0.032125068805879814
2019-07-22,AMZN,0.023896538606370386,0.027336450076595274,0.02968771432970152
2019-07-23,AMZN,0.02054027079294337,0.023896538606370386,0.027336450076595274
2019-07-24,AMZN,0.017507967883873075,0.02054027079294337,0.023896538606370386
2019-07-25,AMZN,0.01593123407396733,0.017507967883873075,0.02054027079294337
2019-07-26,AMZN,0.013980425268806817,0.01593123407396733,0.017507967883873075
2019-07-29,AMZN,0.011502081609924818,0.013980425268806817,0.01593123407396733
2019-07-30,AMZN,0.0069919628783217036,0.011502081609924818,0.013980425268806817
2019-07-31,AMZN,0.0018050659827299415,0.0069919628783217036,0.011502081609924818
2019-08-01,AMZN,-0.0051538819333942585,0.0018050659827299415,0.0069919628783217036
2019-08-02,AMZN,-0.011367222212699644,-0.0051538819333942585,0.0018050659827299415
2019-08-05,AMZN,-0.01738106004330987,-0.011367222212699644,-0.0051538819333942585
2019-08-06,AMZN,-0.024541860188375557,-0.01738106004330987,-0.011367222212699644
2019-08-07,AMZN,-0.029859035657068166,-0.024541860188375557,-0.01738106004330987
2019-08-08,AMZN,-0.03310564936090944,-0.029859035657068166,-0.024541860188375557
2019-08-09,AMZN,-0.0337865678095162,-0.03310564936090944,-0.029859035657068166
2019-08-12,AMZN,-0.03383610989126025,-0.0337865678095162,-0.03310564936090944
2019-08-13,AMZN,-0.03179884268372185,-0.03383610989126025,-0.0337865678095162
2019-08-14,AMZN,-0.029111657187838737,-0.03179884268372185,-0.03383610989126025
2019-08-15,AMZN,-0.02993681374832862,-0.029111657187838737,-0.03179884268372185
2019-08-16,AMZN,-0.03218470793157999,-0.02993681374832862,-0.029111657187838737
2019-08-19,AMZN,-0.03218730974141634,-0.03218470793157999,-0.02993681374832862
2019-08-20,AMZN,-0.02986685504969894,-0.03218730974141634,-0.03218470793157999
2019-08-21,AMZN,-0.030240854270436723,-0.02986685504969894,-0.03218730974141634
2019-08-22,AMZN,-0.026038005757131166,-0.030240854270436723,-0.02986685504969894
2019-08-23,AMZN,-0.023446246367389834,-0.026038005757131166,-0.030240854270436723
2019-08-26,AMZN,-0.024367698854995127,-0.023446246367389834,-0.026038005757131166
2019-08-27,AMZN,-0.025610879155328056,-0.024367698854995127,-0.023446246367389834
2019-08-28,AMZN,-0.026104939845092913,-0.025610879155328056,-0.024367698854995127
2019-08-29,AMZN,-0.02751248623915023,-0.026104939845092913,-0.025610879155328056
2019-08-30,AMZN,-0.026903073403027923,-0.02751248623915023,-0.026104939845092913
2019-09-03,AMZN,-0.02359523407520303,-0.026903073403027923,-0.02751248623915023
2019-09-04,AMZN,-0.020633118548107145,-0.02359523407520303,-0.026903073403027923
2019-09-05,AMZN,-0.016836547928609485,-0.020633118548107145,-0.02359523407520303
2019-09-06,AMZN,-0.01139500340098977,-0.016836547928609485,-0.020633118548107145
2019-09-09,AMZN,-0.007661025078492524,-0.01139500340098977,-0.016836547928609485
2019-09-10,AMZN,-0.003588180876724188,-0.007661025078492524,-0.01139500340098977
2019-09-11,AMZN,-0.0006142265991017857,-0.003588180876724188,-0.007661025078492524
2019-09-12,AMZN,0.0019521511136592255,-0.0006142265991017857,-0.003588180876724188
2019-09-13,AMZN,0.003340848381054366,0.0019521511136592255,-0.0006142265991017857
2019-09-16,AMZN,0.004716975587564643,0.003340848381054366,0.0019521511136592255
2019-09-17,AMZN,0.004497460622420915,0.004716975587564643,0.003340848381054366
2019-09-18,AMZN,0.0053167723289170125,0.004497460622420915,0.004716975587564643
2019-09-19,AMZN,0.005655036048641384,0.0053167723289170125,0.004497460622420915
2019-09-20,AMZN,0.0048045152927922085,0.005655036048641384,0.0053167723289170125
2019-09-23,AMZN,0.0028027916426184634,0.0048045152927922085,0.005655036048641384
2019-09-24,AMZN,0.0018585745935043212,0.0028027916426184634,0.0048045152927922085
2019-09-25,AMZN,-0.0024513227980579766,0.0018585745935043212,0.0028027916426184634
2019-09-26,AMZN,-0.00504573775627544,-0.0024513227980579766,0.0018585745935043212
2019-09-27,AMZN,-0.009223472322639838,-0.00504573775627544,-0.0024513227980579766
2019-09-30,AMZN,-0.012275354537661412,-0.009223472322639838,-0.00504573775627544
2019-10-01,AMZN,-0.014531304853647222,-0.012275354537661412,-0.009223472322639838
2019-10-02,AMZN,-0.014480939781641907,-0.014531304853647222,-0.012275354537661412
2019-10-03,AMZN,-0.016768768694302306,-0.014480939781641907,-0.014531304853647222
2019-10-04,AMZN,-0.017352866407420377,-0.016768768694302306,-0.014480939781641907
2019-10-07,AMZN,-0.016240105051667127,-0.017352866407420377,-0.016768768694302306
2019-10-08,AMZN,-0.01594890417464002,-0.016240105051667127,-0.017352866407420377
2019-10-09,AMZN,-0.016808870305413677,-0.01594890417464002,-0.016240105051667127
2019-10-10,AMZN,-0.015664193676809574,-0.016808870305413677,-0.01594890417464002
2019-10-11,AMZN,-0.015075871448901997,-0.015664193676809574,-0.016808870305413677
2019-10-14,AMZN,-0.014939287973841099,-0.015075871448901997,-0.015664193676809574
2019-10-15,AMZN,-0.014614350105773458,-0.014939287973841099,-0.015075871448901997
2019-10-16,AMZN,-0.011025403672639973,-0.014614350105773458,-0.014939287973841099
2019-10-17,AMZN,-0.007967142845906803,-0.011025403672639973,-0.014614350105773458
2019-10-18,AMZN,-0.004320538395897816,-0.007967142845906803,-0.011025403672639973
2019-10-21,AMZN,-0.0026362783642783602,-0.004320538395897816,-0.007967142845906803
2019-10-22,AMZN,6.938234779304354e-05,-0.0026362783642783602,-0.004320538395897816
2019-10-23,AMZN,0.00017051440237756137,6.938234779304354e-05,-0.0026362783642783602
2019-10-24,AMZN,-0.0003803600959603612,0.00017051440237756137,6.938234779304354e-05
2019-10-25,AMZN,-0.0002754914423959918,-0.0003803600959603612,0.00017051440237756137
2019-10-28,AMZN,0.0005226929072776622,-0.0002754914423959918,-0.0003803600959603612
2019-10-29,AMZN,0.0004764059311218221,0.0005226929072776622,-0.0002754914423959918
2019-10-30,AMZN,0.0007733431289159015,0.0004764059311218221,0.0005226929072776622
2019-10-31,AMZN,0.0021277255213641836,0.0007733431289159015,0.0004764059311218221
2019-11-01,AMZN,0.0024369510810722302,0.0021277255213641836,0.0007733431289159015
2019-11-04,AMZN,0.004521983119888864,0.0024369510810722302,0.0021277255213641836
2019-11-05,AMZN,0.006096882049726114,0.004521983119888864,0.0024369510810722302
2019-11-06,AMZN,0.008448245770963352,0.006096882049726114,0.004521983119888864
2019-11-07,AMZN,0.009504510007709376,0.008448245770963352,0.006096882049726114
2019-11-08,AMZN,0.010417571231551225,0.009504510007709376,0.008448245770963352
2019-11-11,AMZN,0.01017522447724787,0.010417571231551225,0.009504510007709376
2019-11-12,AMZN,0.008444099005923694,0.01017522447724787,0.010417571231551225
2019-11-13,AMZN,0.006821338705280119,0.008444099005923694,0.01017522447724787
2019-11-14,AMZN,0.004547863764319879,0.006821338705280119,0.008444099005923694
2019-11-15,AMZN,0.0025318930780276134,0.004547863764319879,0.006821338705280119
2019-11-18,AMZN,-0.00021187546024760247,0.0025318930780276134,0.004547863764319879
2019-11-19,AMZN,-0.0014346783647328036,-0.00021187546024760247,0.0025318930780276134
2019-11-20,AMZN,-0.0030118122916203255,-0.0014346783647328036,-0.00021187546024760247
2019-11-21,AMZN,-0.0037069619021681288,-0.0030118122916203255,-0.0014346783647328036
2019-11-22,AMZN,-0.004928891245799023,-0.0037069619021681288,-0.0030118122916203255
2019-11-25,AMZN,-0.004621210665019265,-0.004928891245799023,-0.0037069619021681288
2019-11-26,AMZN,-0.003736062792125691,-0.004621210665019265,-0.004928891245799023
2019-11-27,AMZN,-0.0019603550572608193,-0.003736062792125691,-0.004621210665019265
2019-11-29,AMZN,0.0013906033740700762,-0.0019603550572608193,-0.003736062792125691
2019-12-02,AMZN,0.004452386084192118,0.0013906033740700762,-0.0019603550572608193
2019-12-03,AMZN,0.006055462643989112,0.004452386084192118,0.0013906033740700762
2019-12-04,AMZN,0.005569066009924457,0.006055462643989112,0.004452386084192118
2019-12-05,AMZN,0.0035977804293814376,0.005569066009924457,0.006055462643989112
2019-12-06,AMZN,-0.0004918884849251706,0.0035977804293814376,0.005569066009924457
2019-12-09,AMZN,-0.002988908628089695,-0.0004918884849251706,0.0035977804293814376
2019-12-10,AMZN,-0.004750088830757947,-0.002988908628089695,-0.0004918884849251706
2019-12-11,AMZN,-0.006131027413377972,-0.004750088830757947,-0.002988908628089695
2019-12-12,AMZN,-0.006678826007043274,-0.006131027413377972,-0.004750088830757947
2019-12-13,AMZN,-0.005528357208004745,-0.006678826007043274,-0.006131027413377972
2019-12-16,AMZN,-0.004834697075627276,-0.005528357208004745,-0.006678826007043274
2019-12-17,AMZN,-0.0037750250087002137,-0.004834697075627276,-0.005528357208004745
2019-12-18,AMZN,-0.0009627734299058642,-0.0037750250087002137,-0.004834697075627276
2019-12-19,AMZN,0.0008606019493480119,-0.0009627734299058642,-0.0037750250087002137
2019-12-20,AMZN,0.0025601643824980746,0.0008606019493480119,-0.0009627734299058642
2019-12-23,AMZN,0.0039151133809793995,0.0025601643824980746,0.0008606019493480119
2019-12-24,AMZN,0.005233843245996097,0.0039151133809793995,0.0025601643824980746
2019-12-26,AMZN,0.005277470191865275,0.005233843245996097,0.0039151133809793995
2019-12-27,AMZN,0.009450772934912192,0.005277470191865275,0.005233843245996097
2019-12-30,AMZN,0.013128029978741174,0.009450772934912192,0.005277470191865275
2019-12-31,AMZN,0.015959635967658897,0.013128029978741174,0.009450772934912192
2020-01-02,AMZN,0.018442768319162917,0.015959635967658897,0.013128029978741174
2020-01-03,AMZN,0.023290321935534142,0.018442768319162917,0.015959635967658897
2020-01-06,AMZN,0.02284558699640341,0.023290321935534142,0.018442768319162917
2020-01-07,AMZN,0.023415679819671412,0.02284558699640341,0.023290321935534142
2020-01-08,AMZN,0.025389415642408354,0.023415679819671412,0.02284558699640341
2020-01-09,AMZN,0.026509335857439975,0.025389415642408354,0.023415679819671412
2020-01-10,AMZN,0.025491164409742834,0.026509335857439975,0.025389415642408354
2020-01-13,AMZN,0.02489056266207442,0.025491164409742834,0.026509335857439975
2020-01-14,AMZN,0.02312848337038924,0.02489056266207442,0.025491164409742834
2020-01-15,AMZN,0.020088466115595588,0.02312848337038924,0.02489056266207442
2020-01-16,AMZN,0.017584441101618224,0.020088466115595588,0.02312848337038924
2020-01-17,AMZN,0.015537078563356378,0.017584441101618224,0.020088466115595588
2020-01-21,AMZN,0.014021974703380293,0.015537078563356378,0.017584441101618224
2020-01-22,AMZN,0.013483335969336319,0.014021974703380293,0.015537078563356378
2020-01-23,AMZN,0.013765840406954881,0.013483335969336319,0.014021974703380293
2020-01-24,AMZN,0.014161269315646641,0.013765840406954881,0.013483335969336319
2020-01-27,AMZN,0.012578746585152805,0.014161269315646641,0.013765840406954881
2020-01-28,AMZN,0.010110803026435718,0.012578746585152805,0.014161269315646641
2020-01-29,AMZN,0.007157474672514833,0.010110803026435718,0.012578746585152805
2020-01-30,AMZN,0.004746837657980909,0.007157474672514833,0.010110803026435718
2020-01-31,AMZN,0.003057776403487592,0.004746837657980909,0.007157474672514833
2020-02-03,AMZN,0.008842159826578858,0.003057776403487592,0.004746837657980909
2020-02-04,AMZN,0.01612219574850389,0.008842159826578858,0.003057776403487592
2020-02-05,AMZN,0.024031662237801607,0.01612219574850389,0.008842159826578858
2020-02-06,AMZN,0.03109791734449739,0.024031662237801607,0.01612219574850389
2020-02-07,AMZN,0.03787411647399438,0.03109791734449739,0.024031662237801607
2020-02-10,AMZN,0.03914949408552389,0.03787411647399438,0.03109791734449739
2020-02-11,AMZN,0.04281049168594611,0.03914949408552389,0.03787411647399438
2020-02-12,AMZN,0.04497914244188261,0.04281049168594611,0.03914949408552389
2020-02-13,AMZN,0.04790107212619063,0.04497914244188261,0.04281049168594611
2020-02-14,AMZN,0.04993938648928285,0.04790107212619063,0.04497914244188261
2020-02-18,AMZN,0.04998674721907724,0.04993938648928285,0.04790107212619063
2020-02-19,AMZN,0.04889590991332192,0.04998674721907724,0.04993938648928285
2020-02-20,AMZN,0.04760495227450539,0.04889590991332192,0.04998674721907724
2020-02-21,AMZN,0.04506125158423637,0.04760495227450539,0.04889590991332192
2020-02-24,AMZN,0.040760363394827054,0.04506125158423637,0.04760495227450539
2020-02-25,AMZN,0.034067687135559736,0.040760363394827054,0.04506125158423637
2020-02-26,AMZN,0.024652865462375995,0.034067687135559736,0.040760363394827054
2020-02-27,AMZN,0.01485489988973907,0.024652865462375995,0.034067687135559736
2020-02-28,AMZN,0.0016795595708487415,0.01485489988973907,0.024652865462375995
2019-01-02,JNJ,-0.04880501426498053,-0.05106794445857648,-0.05174225454928348
2019-01-03,JNJ,-0.04325099964395771,-0.04880501426498053,-0.05106794445857648
2019-01-04,JNJ,-0.04210616679283264,-0.04325099964395771,-0.04880501426498053
2019-01-07,JNJ,-0.040039058923607505,-0.04210616679283264,-0.04325099964395771
2019-01-08,JNJ,-0.03850995341444679,-0.040039058923607505,-0.04210616679283264
2019-01-09,JNJ,-0.03640962244122865,-0.03850995341444679,-0.040039058923607505
2019-01-10,JNJ,-0.0339619585131246,-0.03640962244122865,-0.03850995341444679
2019-01-11,JNJ,-0.029251268346889153,-0.0339619585131246,-0.03640962244122865
2019-01-14,JNJ,-0.02597620941874524,-0.029251268346889153,-0.0339619585131246
2019-01-15,JNJ,-0.02317975637821942,-0.02597620941874524,-0.029251268346889153
2019-01-16,JNJ,-0.022405605531672392,-0.02317975637821942,-0.02597620941874524
2019-01-17,JNJ,-0.021688237136676627,-0.022405605531672392,-0.02317975637821942
2019-01-18,JNJ,-0.020865737006222938,-0.021688237136676627,-0.022405605531672392
2019-01-22,JNJ,-0.01880418050006598,-0.020865737006222938,-0.021688237136676627
2019-01-23,JNJ,-0.016518665860329983,-0.01880418050006598,-0.020865737006222938
2019-01-24,JNJ,-0.0151252834881315,-0.016518665860329983,-0.01880418050006598
2019-01-25,JNJ,-0.013770573965913779,-0.0151252834881315,-0.016518665860329983
2019-01-28,JNJ,-0.012495954649787592,-0.013770573965913779,-0.0151252834881315
2019-01-29,JNJ,-0.011970567864229524,-0.012495954649787592,-0.013770573965913779
2019-01-30,JNJ,-0.009084776430013623,-0.011970567864229524,-0.012495954649787592
2019-01-31,JNJ,-0.0053770949951505035,-0.009084776430013623,-0.011970567864229524
2019-02-01,JNJ,0.0006158102316457351,-0.0053770949951505035,-0.009084776430013623
2019-02-04,JNJ,0.006521648639971759,0.0006158102316457351,-0.0053770949951505035
2019-02-05,JNJ,0.011033224089550448,0.006521648639971759,0.0006158102316457351
2019-02-06,JNJ,0.014607120644720325,0.011033224089550448,0.006521648639971759
2019-02-07,JNJ,0.015628879661852904,0.014607120644720325,0.011033224089550448
2019-02-08,JNJ,0.014533428005534501,0.015628879661852904,0.014607120644720325
2019-02-11,JNJ,0.012959627295572002,0.014533428005534501,0.015628879661852904
2019-02-12,JNJ,0.01181093215812017,0.012959627295572002,0.014533428005534501
2019-02-13,JNJ,0.012126283709088461,0.01181093215812017,0.012959627295572002
2019-02-14,JNJ,0.012516658966499103,0.012126283709088461,0.01181093215812017
2019-02-15,JNJ,0.012951256074882771,0.012516658966499103,0.012126283709088461
2019-02-19,JNJ,0.014863037375226802,0.012951256074882771,0.012516658966499103
2019-02-20,JNJ,0.016696678586477092,0.014863037375226802,0.012951256074882771
2019-02-21,JNJ,0.01732361252650839,0.016696678586477092,0.014863037375226802
2019-02-22,JNJ,0.017344227483300386,0.01732361252650839,0.016696678586477092
2019-02-25,JNJ,0.018065428185125878,0.017344227483300386,0.01732361252650839
2019-02-26,JNJ,0.01735947308068525,0.018065428185125878,0.017344227483300386
2019-02-27,JNJ,0.017333521510580395,0.01735947308068525,0.018065428185125878
2019-02-28,JNJ,0.016585632103097207,0.017333521510580395,0.01735947308068525
2019-03-01,JNJ,0.01732016791069832,0.016585632103097207,0.017333521510580395
2019-03-04,JNJ,0.01814852723613766,0.01732016791069832,0.016585632103097207
2019-03-05,JNJ,0.018771817818344565,0.01814852723613766,0.01732016791069832
2019-03-06,JNJ,0.01964081631742387,0.018771817818344565,0.01814852723613766
2019-03-07,JNJ,0.0207179220355917,0.01964081631742387,0.018771817818344565
2019-03-08,JNJ,0.020826737260641645,0.0207179220355917,0.01964081631742387
2019-03-11,JNJ,0.019451870162228737,0.020826737260641645,0.0207179220355917
2019-03-12,JNJ,0.01840468504866375,0.019451870162228737,0.020826737260641645
2019-03-13,JNJ,0.017701328337624875,0.01840468504866375,0.019451870162228737
2019-03-14,JNJ,0.01671048909719986,0.017701328337624875,0.01840468504866375
2019-03-15,JNJ,0.015480931952139933,0.01671048909719986,0.017701328337624875
2019-03-18,JNJ,0.013938524923488797,0.015480931952139933,0.01671048909719986
2019-03-19,JNJ,0.011898295350808342,0.013938524923488797,0.015480931952139933
2019-03-20,JNJ,0.010274547205362874,0.011898295350808342,0.013938524923488797
2019-03-21,JNJ,0.007912841603003646,0.010274547205362874,0.011898295350808342
2019-03-22,JNJ,0.007199304694392248,0.007912841603003646,0.010274547205362874
2019-03-25,JNJ,0.0062030180578158236,0.007199304694392248,0.007912841603003646
2019-03-26,JNJ,0.005449647349015695,0.0062030180578158236,0.007199304694392248
2019-03-27,JNJ,0.004854937164038938,0.005449647349015695,0.0062030180578158236
2019-03-28,JNJ,0.005177427564061595,0.004854937164038938,0.005449647349015695
2019-03-29,JNJ,0.005035873270222972,0.005177427564061595,0.004854937164038938
2019-04-01,JNJ,0.006219497473649968,0.005035873270222972,0.005177427564061595
2019-04-02,JNJ,0.007149993043926907,0.006219497473649968,0.005035873270222972
2019-04-03,JNJ,0.005845300924438706,0.007149993043926907,0.006219497473649968
2019-04-04,JNJ,0.004336587505402698,0.005845300924438706,0.007149993043926907
2019-04-05,JNJ,0.0017324780802874468,0.004336587505402698,0.005845300924438706
2019-04-08,JNJ,-0.0011797240863866464,0.0017324780802874468,0.004336587505402698
2019-04-09,JNJ,-0.0033236034148612726,-0.0011797240863866464,0.0017324780802874468
2019-04-10,JNJ,-0.004973603022418918,-0.0033236034148612726,-0.0011797240863866464
2019-04-11,JNJ,-0.006156285474124702,-0.004973603022418918,-0.0033236034148612726
2019-04-12,JNJ,-0.0064923145706016466,-0.006156285474124702,-0.004973603022418918
2019-04-15,JNJ,-0.0066687491708778595,-0.0064923145706016466,-0.006156285474124702
2019-04-16,JNJ,-0.006422043435737461,-0.0066687491708778595,-0.0064923145706016466
2019-04-17,JNJ,-0.0048192194132254725,-0.006422043435737461,-0.0066687491708778595
2019-04-18,JNJ,-0.002941370739767896,-0.0048192194132254725,-0.006422043435737461
2019-04-22,JNJ,-0.0013475533077677098,-0.002941370739767896,-0.0048192194132254725
2019-04-23,JNJ,5.188367186746741e-05,-0.0013475533077677098,-0.002941370739767896
2019-04-24,JNJ,0.0023534569733246803,5.188367186746741e-05,-0.0013475533077677098
2019-04-25,JNJ,0.003160973049976838,0.0023534569733246803,5.188367186746741e-05
2019-04-26,JNJ,0.003917555699358886,0.003160973049976838,0.0023534569733246803
2019-04-29,JNJ,0.005757723985477819,0.003917555699358886,0.003160973049976838
2019-04-30,JNJ,0.00701302204532143,0.005757723985477819,0.003917555699358886
2019-05-01,JNJ,0.007668571301170239,0.00701302204532143,0.005757723985477819
2019-05-02,JNJ,0.009341283661943943,0.007668571301170239,0.00701302204532143
2019-05-03,JNJ,0.010305564867219714,0.009341283661943943,0.007668571301170239
2019-05-06,JNJ,0.011040945804913592,0.010305564867219714,0.009341283661943943
2019-05-07,JNJ,0.012167118398264619,0.011040945804913592,0.010305564867219714
2019-05-08,JNJ,0.011009349200379187,0.012167118398264619,0.011040945804913592
2019-05-09,JNJ,0.009340904411683606,0.011009349200379187,0.012167118398264619
2019-05-10,JNJ,0.007381043168727752,0.009340904411683606,0.011009349200379187
2019-05-13,JNJ,0.005172191917049552,0.007381043168727752,0.009340904411683606
2019-05-14,JNJ,0.0016353601344905055,0.005172191917049552,0.007381043168727752
2019-05-15,JNJ,-0.0006584912117962613,0.0016353601344905055,0.005172191917049552
2019-05-16,JNJ,-0.0025737395244815027,-0.0006584912117962613,0.0016353601344905055
2019-05-17,JNJ,-0.0029008308531606455,-0.0025737395244815027,-0.0006584912117962613
2019-05-20,JNJ,-0.0031927417720403212,-0.0029008308531606455,-0.0025737395244815027
2019-05-21,JNJ,-0.0021651980339680286,-0.0031927417720403212,-0.0029008308531606455
2019-05-22,JNJ,-0.001133860810732343,-0.0021651980339680286,-0.0031927417720403212
2019-05-23,JNJ,9.601422691515858e-05,-0.001133860810732343,-0.0021651980339680286
2019-05-24,JNJ,0.0009657519334590954,9.601422691515858e-05,-0.001133860810732343
2019-05-28,JNJ,0.0013865788700002403,0.0009657519334590954,9.601422691515858e-05
2019-05-29,JNJ,0.0009015955017610216,0.0013865788700002403,0.0009657519334590954
2019-05-30,JNJ,-0.002954897555811533,0.0009015955017610216,0.0013865788700002403
2019-05-31,JNJ,-0.006881009553779795,-0.002954897555811533,0.0009015955017610216
2019-06-03,JNJ,-0.012217715046966098,-0.006881009553779795,-0.002954897555811533
2019-06-04,JNJ,-0.01747648048780745,-0.012217715046966098,-0.006881009553779795
2019-06-05,JNJ,-0.019862570726071012,-0.01747648048780745,-0.012217715046966098
2019-06-06,JNJ,-0.017431160809730777,-0.019862570726071012,-0.01747648048780745
2019-06-07,JNJ,-0.013954570328061511,-0.017431160809730777,-0.019862570726071012
2019-06-10,JNJ,-0.00854282097138929,-0.013954570328061511,-0.017431160809730777
2019-06-11,JNJ,-0.003210953438412621,-0.00854282097138929,-0.013954570328061511
2019-06-12,JNJ,0.0009025097487239422,-0.003210953438412621,-0.00854282097138929
2019-06-13,JNJ,0.005892814665343415,0.0009025097487239422,-0.003210953438412621
2019-06-14,JNJ,0.00852555774840597,0.005892814665343415,0.0009025097487239422
2019-06-17,JNJ,0.009480487389292394,0.00852555774840597,0.005892814665343415
2019-06-18,JNJ,0.009779373656844845,0.009480487389292394,0.00852555774840597
2019-06-19,JNJ,0.009960788960279427,0.009779373656844845,0.009480487389292394
2019-06-20,JNJ,0.009062499760952938,0.009960788960279427,0.009779373656844845
2019-06-21,JNJ,0.01000422929003598,0.009062499760952938,0.009960788960279427
2019-06-24,JNJ,0.011242103483801788,0.01000422929003598,0.009062499760952938
2019-06-25,JNJ,0.013595729047106382,0.011242103483801788,0.01000422929003598
2019-06-26,JNJ,0.01609607131416817,0.013595729047106382,0.011242103483801788
2019-06-27,JNJ,0.01678478343812963,0.01609607131416817,0.013595729047106382
2019-06-28,JNJ,0.01552721979735966,0.01678478343812963,0.01609607131416817
2019-07-01,JNJ,0.013395809622146943,0.01552721979735966,0.01678478343812963
2019-07-02,JNJ,0.010650695100969183,0.013395809622146943,0.01552721979735966
2019-07-03,JNJ,0.007268970176511521,0.010650695100969183,0.013395809622146943
2019-07-05,JNJ,0.006830163645375526,0.007268970176511521,0.010650695100969183
2019-07-08,JNJ,0.006271042817507514,0.006830163645375526,0.007268970176511521
2019-07-09,JNJ,0.00709293979033138,0.006271042817507514,0.006830163645375526
2019-07-10,JNJ,0.008163190376801159,0.00709293979033138,0.006271042817507514
2019-07-11,JNJ,0.008615231610641394,0.008163190376801159,0.00709293979033138
2019-07-12,JNJ,0.00687496419236572,0.008615231610641394,0.008163190376801159
2019-07-15,JNJ,0.002765504992639923,0.00687496419236572,0.008615231610641394
2019-07-16,JNJ,-0.0013137843313235705,0.002765504992639923,0.00687496419236572
2019-07-17,JNJ,-0.007141393544625655,-0.0013137843313235705,0.002765504992639923
2019-07-18,JNJ,-0.013496962591847583,-0.007141393544625655,-0.0013137843313235705
2019-07-19,JNJ,-0.01957654971874534,-0.013496962591847583,-0.007141393544625655
2019-07-22,JNJ,-0.022396528503830348,-0.01957654971874534,-0.013496962591847583
2019-07-23,JNJ,-0.02674424445986036,-0.022396528503830348,-0.01957654971874534
2019-07-24,JNJ,-0.02927366916864484,-0.02674424445986036,-0.022396528503830348
2019-07-25,JNJ,-0.03046248588871068,-0.02927366916864484,-0.02674424445986036
2019-07-26,JNJ,-0.03085647599168465,-0.03046248588871068,-0.02927366916864484
2019-07-29,JNJ,-0.029917393218989893,-0.03085647599168465,-0.03046248588871068
2019-07-30,JNJ,-0.025984435130738195,-0.029917393218989893,-0.03085647599168465
2019-07-31,JNJ,-0.022792803722248796,-0.025984435130738195,-0.029917393218989893
2019-08-01,JNJ,-0.021464149708220373,-0.022792803722248796,-0.025984435130738195
2019-08-02,JNJ,-0.020908922340764333,-0.021464149708220373,-0.022792803722248796
2019-08-05,JNJ,-0.019643360530217688,-0.020908922340764333,-0.021464149708220373
2019-08-06,JNJ,-0.020785722480731912,-0.019643360530217688,-0.020908922340764333
2019-08-07,JNJ,-0.020879046024086047,-0.020785722480731912,-0.019643360530217688
2019-08-08,JNJ,-0.019834018534098257,-0.020879046024086047,-0.020785722480731912
2019-08-09,JNJ,-0.017847185852104562,-0.019834018534098257,-0.020879046024086047
2019-08-12,JNJ,-0.016033437354568705,-0.017847185852104562,-0.019834018534098257
2019-08-13,JNJ,-0.01360996745031153,-0.016033437354568705,-0.017847185852104562
2019-08-14,JNJ,-0.010575064246918198,-0.01360996745031153,-0.016033437354568705
2019-08-15,JNJ,-0.009052161153734611,-0.010575064246918198,-0.01360996745031153
2019-08-16,JNJ,-0.008712688721276658,-0.009052161153734611,-0.010575064246918198
2019-08-19,JNJ,-0.008233534173700065,-0.008712688721276658,-0.009052161153734611
2019-08-20,JNJ,-0.007238504303654125,-0.008233534173700065,-0.008712688721276658
2019-08-21,JNJ,-0.008448046651580296,-0.007238504303654125,-0.008233534173700065
2019-08-22,JNJ,-0.0065674134133789095,-0.008448046651580296,-0.007238504303654125
2019-08-23,JNJ,-0.004842599563072106,-0.0065674134133789095,-0.008448046651580296
2019-08-26,JNJ,-0.006228319835425514,-0.004842599563072106,-0.0065674134133789095
2019-08-27,JNJ,-0.007587661669757722,-0.006228319835425514,-0.004842599563072106
2019-08-28,JNJ,-0.006408563245536849,-0.007587661669757722,-0.006228319835425514
2019-08-29,JNJ,-0.00660492625715192,-0.006408563245536849,-0.007587661669757722
2019-08-30,JNJ,-0.0070158452355070615,-0.00660492625715192,-0.006408563245536849
2019-09-03,JNJ,-0.005242149059647838,-0.0070158452355070615,-0.00660492625715192
2019-09-04,JNJ,-0.003964786414827805,-0.005242149059647838,-0.0070158452355070615
2019-09-05,JNJ,-0.0042787480269288105,-0.003964786414827805,-0.005242149059647838
2019-09-06,JNJ,-0.004103176880376889,-0.0042787480269288105,-0.003964786414827805
2019-09-09,JNJ,-0.003809247815284273,-0.004103176880376889,-0.0042787480269288105
2019-09-10,JNJ,-0.004643538925966806,-0.003809247815284273,-0.004103176880376889
2019-09-11,JNJ,-0.004218402037287482,-0.004643538925966806,-0.003809247815284273
2019-09-12,JNJ,-0.0027855709948391245,-0.004218402037287482,-0.004643538925966806
2019-09-13,JNJ,-0.0015303356899713995,-0.0027855709948391245,-0.004218402037287482
2019-09-16,JNJ,0.0003839546722295905,-0.0015303356899713995,-0.0027855709948391245
2019-09-17,JNJ,0.0023997023858324984,0.0003839546722295905,-0.0015303356899713995
2019-09-18,JNJ,0.0027519355417074216,0.0023997023858324984,0.0003839546722295905
2019-09-19,JNJ,0.0022442124324433773,0.0027519355417074216,0.0023997023858324984
2019-09-20,JNJ,0.0019036910924014707,0.0022442124324433773,0.0027519355417074216
2019-09-23,JNJ,0.0023152924542079617,0.0019036910924014707,0.0022442124324433773
2019-09-24,JNJ,0.0038200201013994313,0.0023152924542079617,0.0019036910924014707
2019-09-25,JNJ,0.004996545144971107,0.0038200201013994313,0.0023152924542079617
2019-09-26,JNJ,0.005307536015022347,0.004996545144971107,0.0038200201013994313
2019-09-27,JNJ,0.004389414827314877,0.005307536015022347,0.004996545144971107
2019-09-30,JNJ,0.0022862093153366257,0.004389414827314877,0.005307536015022347
2019-10-01,JNJ,0.0006571187138037017,0.0022862093153366257,0.004389414827314877
2019-10-02,JNJ,-0.0004398762689651446,0.0006571187138037017,0.0022862093153366257
2019-10-03,JNJ,0.00038618851727940473,-0.0004398762689651446,0.0006571187138037017
2019-10-04,JNJ,0.0019770591761331157,0.00038618851727940473,-0.0004398762689651446
2019-10-07,JNJ,0.005397045400941687,0.0019770591761331157,0.00038618851727940473
2019-10-08,JNJ,0.007963333823830812,0.005397045400941687,0.0019770591761331157
2019-10-09,JNJ,0.009299712831024475,0.007963333823830812,0.005397045400941687
2019-10-10,JNJ,0.0072401752602477805,0.009299712831024475,0.007963333823830812
2019-10-11,JNJ,0.00578577012926534,0.0072401752602477805,0.009299712831024475
2019-10-14,JNJ,0.0038953032624053923,0.00578577012926534,0.0072401752602477805
2019-10-15,JNJ,0.0015950272953063104,0.0038953032624053923,0.00578577012926534
2019-10-16,JNJ,0.0018076439574526116,0.0015950272953063104,0.0038953032624053923
2019-10-17,JNJ,0.005735124445524107,0.0018076439574526116,0.0015950272953063104
2019-10-18,JNJ,0.010279108117034799,0.005735124445524107,0.0018076439574526116
2019-10-21,JNJ,0.00760669430068747,0.010279108117034799,0.005735124445524107
2019-10-22,JNJ,0.005602415044607002,0.00760669430068747,0.010279108117034799
2019-10-23,JNJ,0.0027864680666850033,0.005602415044607002,0.00760669430068747
2019-10-24,JNJ,-0.0013587290457310176,0.0027864680666850033,0.005602415044607002
2019-10-25,JNJ,-0.007944196675099022,-0.0013587290457310176,0.0027864680666850033
2019-10-28,JNJ,-0.007453816305223237,-0.007944196675099022,-0.0013587290457310176
2019-10-29,JNJ,-0.006796606693135373,-0.007453816305223237,-0.007944196675099022
2019-10-30,JNJ,-0.0068116481699072974,-0.006796606693135373,-0.007453816305223237
2019-10-31,JNJ,-0.00471714937107138,-0.0068116481699072974,-0.006796606693135373
2019-11-01,JNJ,-0.001396950705765523,-0.00471714937107138,-0.0068116481699072974
2019-11-04,JNJ,0.0007395027764974659,-0.001396950705765523,-0.00471714937107138
2019-11-05,JNJ,0.0014657287997477495,0.0007395027764974659,-0.001396950705765523
2019-11-06,JNJ,0.0023744895644754456,0.0014657287997477495,0.0007395027764974659
2019-11-07,JNJ,0.0008810003629831655,0.0023744895644754456,0.0014657287997477495
2019-11-08,JNJ,0.0002708326299046141,0.0008810003629831655,0.0023744895644754456
2019-11-11,JNJ,0.0014971375469377691,0.0002708326299046141,0.0008810003629831655
2019-11-12,JNJ,0.0028029140515233837,0.0014971375469377691,0.0002708326299046141
2019-11-13,JNJ,0.003531154378891866,0.0028029140515233837,0.0014971375469377691
2019-11-14,JNJ,0.003735839817750347,0.003531154378891866,0.0028029140515233837
2019-11-15,JNJ,0.0031487884134408055,0.003735839817750347,0.003531154378891866
2019-11-18,JNJ,0.003928022276348442,0.0031487884134408055,0.003735839817750347
2019-11-19,JNJ,0.005487107074581572,0.003928022276348442,0.0031487884134408055
2019-11-20,JNJ,0.00757020024695723,0.005487107074581572,0.003928022276348442
2019-11-21,JNJ,0.01063110867802202,0.00757020024695723,0.005487107074581572
2019-11-22,JNJ,0.014124346426800978,0.01063110867802202,0.00757020024695723
2019-11-25,JNJ,0.015951963015254852,0.014124346426800978,0.01063110867802202
2019-11-26,JNJ,0.017833335553537645,0.015951963015254852,0.014124346426800978
2019-11-27,JNJ,0.01956172944154653,0.017833335553537645,0.015951963015254852
2019-11-29,JNJ,0.02054522436465779,0.01956172944154653,0.017833335553537645
2019-12-02,JNJ,0.020983429974701664,0.02054522436465779,0.01956172944154653
2019-12-03,JNJ,0.020406821824703436,0.020983429974701664,0.02054522436465779
2019-12-04,JNJ,0.01959825890933129,0.020406821824703436,0.020983429974701664
2019-12-05,JNJ,0.0203985621397816,0.01959825890933129,0.020406821824703436
2019-12-06,JNJ,0.02113570172897531,0.0203985621397816,0.01959825890933129
2019-12-09,JNJ,0.02266713935476777,0.02113570172897531,0.0203985621397816
2019-12-10,JNJ,0.02345306461987018,0.02266713935476777,0.02113570172897531
2019-12-11,JNJ,0.02410043028390655,0.02345306461987018,0.02266713935476777
2019-12-12,JNJ,0.02388726587445237,0.02410043028390655,0.02345306461987018
2019-12-13,JNJ,0.023838812027336894,0.02388726587445237,0.02410043028390655
2019-12-16,JNJ,0.022980071655524455,0.023838812027336894,0.02388726587445237
2019-12-17,JNJ,0.02237661911539529,0.022980071655524455,0.023838812027336894
2019-12-18,JNJ,0.023285845619943096,0.02237661911539529,0.022980071655524455
2019-12-19,JNJ,0.023265604918590584,0.023285845619943096,0.02237661911539529
2019-12-20,JNJ,0.024665476667260718,0.023265604918590584,0.023285845619943096
2019-12-23,JNJ,0.026361460303043822,0.024665476667260718,0.023265604918590584
2019-12-24,JNJ,0.027893881841433463,0.026361460303043822,0.024665476667260718
2019-12-26,JNJ,0.027799775724099533,0.027893881841433463,0.026361460303043822
2019-12-27,JNJ,0.027921092020528934,0.027799775724099533,0.027893881841433463
2019-12-30,JNJ,0.0265743839561858,0.027921092020528934,0.027799775724099533
2019-12-31,JNJ,0.024532683936939356,0.0265743839561858,0.027921092020528934
2020-01-02,JNJ,0.022726590595644275,0.024532683936939356,0.0265743839561858
2020-01-03,JNJ,0.021228815993026243,0.022726590595644275,0.024532683936939356
2020-01-06,JNJ,0.018752386253971933,0.021228815993026243,0.022726590595644275
2020-01-07,JNJ,0.016218738463676906,0.018752386253971933,0.021228815993026243
2020-01-08,JNJ,0.014483425690181967,0.016218738463676906,0.018752386253971933
2020-01-09,JNJ,0.012747116833471198,0.014483425690181967,0.016218738463676906
2020-01-10,JNJ,0.011185944558915844,0.012747116833471198,0.014483425690181967
2020-01-13,JNJ,0.01059872803045618,0.011185944558915844,0.012747116833471198
2020-01-14,JNJ,0.010625836161071813,0.01059872803045618,0.011185944558915844
2020-01-15,JNJ,0.010579194753747715,0.010625836161071813,0.01059872803045618
2020-01-16,JNJ,0.01099521273013776,0.010579194753747715,0.010625836161071813
2020-01-17,JNJ,0.011815423231527481,0.01099521273013776,0.010579194753747715
2020-01-21,JNJ,0.013416077204878082,0.011815423231527481,0.01099521273013776
2020-01-22,JNJ,0.014687090921055865,0.013416077204878082,0.011815423231527481
2020-01-23,JNJ,0.01478617053382226,0.014687090921055865,0.013416077204878082
2020-01-24,JNJ,0.014703048690239756,0.01478617053382226,0.014687090921055865
2020-01-27,JNJ,0.013680897449249132,0.014703048690239756,0.01478617053382226
2020-01-28,JNJ,0.012474373773360295,0.013680897449249132,0.014703048690239756
2020-01-29,JNJ,0.011650622327807161,0.012474373773360295,0.013680897449249132
2020-01-30,JNJ,0.012190169626245764,0.011650622327807161,0.012474373773360295
2020-01-31,JNJ,0.012448838024695966,0.012190169626245764,0.011650622327807161
2020-02-03,JNJ,0.011947469735486537,0.012448838024695966,0.012190169626245764
2020-02-04,JNJ,0.011997744078477634,0.011947469735486537,0.012448838024695966
2020-02-05,JNJ,0.012396147422709508,0.011997744078477634,0.011947469735486537
2020-02-06,JNJ,0.013458952565301874,0.012396147422709508,0.011997744078477634
2020-02-07,JNJ,0.014414040015583031,0.013458952565301874,0.012396147422709508
2020-02-10,JNJ,0.015594379577042114,0.014414040015583031,0.013458952565301874
2020-02-11,JNJ,0.015864557290362763,0.015594379577042114,0.014414040015583031
2020-02-12,JNJ,0.015478833539884355,0.015864557290362763,0.015594379577042114
2020-02-13,JNJ,0.01309063737222984,0.015478833539884355,0.015864557290362763
2020-02-14,JNJ,0.01047193963473514,0.01309063737222984,0.015478833539884355
2020-02-18,JNJ,0.008903577187110148,0.01047193963473514,0.01309063737222984
2020-02-19,JNJ,0.006780892510136877,0.008903577187110148,0.01047193963473514
2020-02-20,JNJ,0.004443250036291845,0.006780892510136877,0.008903577187110148
2020-02-21,JNJ,0.002330074882200715,0.004443250036291845,0.006780892510136877
2020-02-24,JNJ,0.0018328470375152685,0.002330074882200715,0.004443250036291845
2020-02-25,JNJ,-0.00045892203420857863,0.0018328470375152685,0.002330074882200715
2020-02-26,JNJ,-0.0029888737627811954,-0.00045892203420857863,0.0018328470375152685
2020-02-27,JNJ,-0.005981472024556473,-0.0029888737627811954,-0.00045892203420857863
2020-02-28,JNJ,-0.011222783414700939,-0.005981472024556473,-0.0029888737627811954
2019-01-02,TWLO,-0.015152477963089089,-0.032033045683278784,-0.03636740705432142
2019-01-03,TWLO,-0.0010856996850852328,-0.015152477963089089,-0.032033045683278784
2019-01-04,TWLO,-0.004064383465061261,-0.0010856996850852328,-0.015152477963089089
2019-01-07,TWLO,-0.0035645404775314434,-0.004064383465061261,-0.0010856996850852328
2019-01-08,TWLO,0.007013568099211718,-0.0035645404775314434,-0.004064383465061261
2019-01-09,TWLO,0.014067832597550392,0.007013568099211718,-0.0035645404775314434
2019-01-10,TWLO,0.023336170573205972,0.014067832597550392,0.007013568099211718
2019-01-11,TWLO,0.038145908076541425,0.023336170573205972,0.014067832597550392
2019-01-14,TWLO,0.04354495304695813,0.038145908076541425,0.023336170573205972
2019-01-15,TWLO,0.04084590391570393,0.04354495304695813,0.038145908076541425
2019-01-16,TWLO,0.04003631840464515,0.04084590391570393,0.04354495304695813
2019-01-17,TWLO,0.04061096361736466,0.04003631840464515,0.04084590391570393
2019-01-18,TWLO,0.044271027411702905,0.04061096361736466,0.04003631840464515
2019-01-22,TWLO,0.049783029737377985,0.044271027411702905,0.04061096361736466
2019-01-23,TWLO,0.05031724075577546,0.049783029737377985,0.044271027411702905
2019-01-24,TWLO,0.04903950347361384,0.05031724075577546,0.049783029737377985
2019-01-25,TWLO,0.04949783363038373,0.04903950347361384,0.05031724075577546
2019-01-28,TWLO,0.05020090697080035,0.04949783363038373,0.04903950347361384
2019-01-29,TWLO,0.045188382705458004,0.05020090697080035,0.04949783363038373
2019-01-30,TWLO,0.044494493421208,0.045188382705458004,0.05020090697080035
2019-01-31,TWLO,0.045625756275961056,0.044494493421208,0.045188382705458004
2019-02-01,TWLO,0.05210510334426256,0.045625756275961056,0.044494493421208
2019-02-04,TWLO,0.057313613532797035,0.05210510334426256,0.045625756275961056
2019-02-05,TWLO,0.06524629678578729,0.057313613532797035,0.05210510334426256
2019-02-06,TWLO,0.07581577458804119,0.06524629678578729,0.057313613532797035
2019-02-07,TWLO,0.0810410928172372,0.07581577458804119,0.06524629678578729
2019-02-08,TWLO,0.0766438775420975,0.0810410928172372,0.07581577458804119
2019-02-11,TWLO,0.0740027241116361,0.0766438775420975,0.0810410928172372
2019-02-12,TWLO,0.07172301531782381,0.0740027241116361,0.0766438775420975
2019-02-13,TWLO,0.06794302836907543,0.07172301531782381,0.0740027241116361
2019-02-14,TWLO,0.057870927466522115,0.06794302836907543,0.07172301531782381
2019-02-15,TWLO,0.05085904325658268,0.057870927466522115,0.06794302836907543
2019-02-19,TWLO,0.040727282777037195,0.05085904325658268,0.057870927466522115
2019-02-20,TWLO,0.03432401021699732,0.040727282777037195,0.05085904325658268
2019-02-21,TWLO,0.031043653798541328,0.03432401021699732,0.040727282777037195
2019-02-22,TWLO,0.03344106450386702,0.031043653798541328,0.03432401021699732
2019-02-25,TWLO,0.03766440074244256,0.03344106450386702,0.031043653798541328
2019-02-26,TWLO,0.0426368385061895,0.03766440074244256,0.03344106450386702
2019-02-27,TWLO,0.04258201044310295,0.0426368385061895,0.03766440074244256
2019-02-28,TWLO,0.04229418273896546,0.04258201044310295,0.0426368385061895
2019-03-01,TWLO,0.046337578780595946,0.04229418273896546,0.04258201044310295
2019-03-04,TWLO,0.048612468112374886,0.046337578780595946,0.04229418273896546
2019-03-05,TWLO,0.044205069377158755,0.048612468112374886,0.046337578780595946
2019-03-06,TWLO,0.0403642007433583,0.044205069377158755,0.048612468112374886
2019-03-07,TWLO,0.03411684978240657,0.0403642007433583,0.044205069377158755
2019-03-08,TWLO,0.026917009866212198,0.03411684978240657,0.0403642007433583
2019-03-11,TWLO,0.018971000529457355,0.026917009866212198,0.03411684978240657
2019-03-12,TWLO,0.02156594579668781,0.018971000529457355,0.026917009866212198
2019-03-13,TWLO,0.027890802330986467,0.02156594579668781,0.018971000529457355
2019-03-14,TWLO,0.03454624124563726,0.027890802330986467,0.02156594579668781
2019-03-15,TWLO,0.0426208411665074,0.03454624124563726,0.027890802330986467
2019-03-18,TWLO,0.04917668184518494,0.0426208411665074,0.03454624124563726
2019-03-19,TWLO,0.0517439169200986,0.04917668184518494,0.0426208411665074
2019-03-20,TWLO,0.05190499176823126,0.0517439169200986,0.04917668184518494
2019-03-21,TWLO,0.05106232767169963,0.05190499176823126,0.0517439169200986
2019-03-22,TWLO,0.05153572170634641,0.05106232767169963,0.05190499176823126
2019-03-25,TWLO,0.049437324239707196,0.05153572170634641,0.05106232767169963
2019-03-26,TWLO,0.04887302686594441,0.049437324239707196,0.05153572170634641
2019-03-27,TWLO,0.04779754835626533,0.04887302686594441,0.049437324239707196
2019-03-28,TWLO,0.043135758658103956,0.04779754835626533,0.04887302686594441
2019-03-29,TWLO,0.03404164362174009,0.043135758658103956,0.04779754835626533
2019-04-01,TWLO,0.031519166035541966,0.03404164362174009,0.043135758658103956
2019-04-02,TWLO,0.026986808045618975,0.031519166035541966,0.03404164362174009
2019-04-03,TWLO,0.023714870134905745,0.026986808045618975,0.031519166035541966
2019-04-04,TWLO,0.02432989584619923,0.023714870134905745,0.026986808045618975
2019-04-05,TWLO,0.019899389829350144,0.02432989584619923,0.023714870134905745
2019-04-08,TWLO,0.012817676624814518,0.019899389829350144,0.02432989584619923
2019-04-09,TWLO,0.006636937893877639,0.012817676624814518,0.019899389829350144
2019-04-10,TWLO,-0.00022727292351656182,0.006636937893877639,0.012817676624814518
2019-04-11,TWLO,-0.004626699664480458,-0.00022727292351656182,0.006636937893877639
2019-04-12,TWLO,-0.0033673159688399393,-0.004626699664480458,-0.00022727292351656182
2019-04-15,TWLO,-0.0017565898041358606,-0.0033673159688399393,-0.004626699664480458
2019-04-16,TWLO,0.0012853640255134568,-0.0017565898041358606,-0.0033673159688399393
2019-04-17,TWLO,0.0032557218876231643,0.0012853640255134568,-0.0017565898041358606
2019-04-18,TWLO,0.0011427974080553572,0.0032557218876231643,0.0012853640255134568
2019-04-22,TWLO,-0.0017566658905550795,0.0011427974080553572,0.0032557218876231643
2019-04-23,TWLO,-0.0004714722239352288,-0.0017566658905550795,0.0011427974080553572
2019-04-24,TWLO,-0.0003121895842202662,-0.0004714722239352288,-0.0017566658905550795
2019-04-25,TWLO,0.0007290194154700557,-0.0003121895842202662,-0.0004714722239352288
2019-04-26,TWLO,0.005937706144126409,0.0007290194154700557,-0.0003121895842202662
2019-04-29,TWLO,0.013623096554041331,0.005937706144126409,0.0007290194154700557
2019-04-30,TWLO,0.017572397212487274,0.013623096554041331,0.005937706144126409
2019-05-01,TWLO,0.021798005270234993,0.017572397212487274,0.013623096554041331
2019-05-02,TWLO,0.02041888770894664,0.021798005270234993,0.017572397212487274
2019-05-03,TWLO,0.019613745175471573,0.02041888770894664,0.021798005270234993
2019-05-06,TWLO,0.01647999752399851,0.019613745175471573,0.02041888770894664
2019-05-07,TWLO,0.013052624736950638,0.01647999752399851,0.019613745175471573
2019-05-08,TWLO,0.007270183879281281,0.013052624736950638,0.01647999752399851
2019-05-09,TWLO,0.00948921703064299,0.007270183879281281,0.013052624736950638
2019-05-10,TWLO,0.010120358573630734,0.00948921703064299,0.007270183879281281
2019-05-13,TWLO,0.012861373434379495,0.010120358573630734,0.00948921703064299
2019-05-14,TWLO,0.007136020983604173,0.012861373434379495,0.010120358573630734
2019-05-15,TWLO,0.008337093822426034,0.007136020983604173,0.012861373434379495
2019-05-16,TWLO,0.010830379378333747,0.008337093822426034,0.007136020983604173
2019-05-17,TWLO,0.016047524320196047,0.010830379378333747,0.008337093822426034
2019-05-20,TWLO,0.019052624139212045,0.016047524320196047,0.010830379378333747
2019-05-21,TWLO,0.028607053554410452,0.019052624139212045,0.016047524320196047
2019-05-22,TWLO,0.032301407919949586,0.028607053554410452,0.019052624139212045
2019-05-23,TWLO,0.03313677824400271,0.032301407919949586,0.028607053554410452
2019-05-24,TWLO,0.025945220363173288,0.03313677824400271,0.032301407919949586
2019-05-28,TWLO,0.01986496944399949,0.025945220363173288,0.03313677824400271
2019-05-29,TWLO,0.015241984511525291,0.01986496944399949,0.025945220363173288
2019-05-30,TWLO,0.00811198690610837,0.015241984511525291,0.01986496944399949
2019-05-31,TWLO,-0.0005964220231956545,0.00811198690610837,0.015241984511525291
2019-06-03,TWLO,-0.0020722306421717216,-0.0005964220231956545,0.00811198690610837
2019-06-04,TWLO,-0.009143215599642953,-0.0020722306421717216,-0.0005964220231956545
2019-06-05,TWLO,-0.012976957860431945,-0.009143215599642953,-0.0020722306421717216
2019-06-06,TWLO,-0.008123381489685881,-0.012976957860431945,-0.009143215599642953
2019-06-07,TWLO,0.00015772463450340523,-0.008123381489685881,-0.012976957860431945
2019-06-10,TWLO,0.00697114100102811,0.00015772463450340523,-0.008123381489685881
2019-06-11,TWLO,0.018632181688856733,0.00697114100102811,0.00015772463450340523
2019-06-12,TWLO,0.026070084260692152,0.018632181688856733,0.00697114100102811
2019-06-13,TWLO,0.02905787059477658,0.026070084260692152,0.018632181688856733
2019-06-14,TWLO,0.028885366772919117,0.02905787059477658,0.026070084260692152
2019-06-17,TWLO,0.02527527726853953,0.028885366772919117,0.02905787059477658
2019-06-18,TWLO,0.022605819920480764,0.02527527726853953,0.028885366772919117
2019-06-19,TWLO,0.02307118503042818,0.022605819920480764,0.02527527726853953
2019-06-20,TWLO,0.02448621828163116,0.02307118503042818,0.022605819920480764
2019-06-21,TWLO,0.026503398961712818,0.02448621828163116,0.02307118503042818
2019-06-24,TWLO,0.027902159616236287,0.026503398961712818,0.02448621828163116
2019-06-25,TWLO,0.025514283392725413,0.027902159616236287,0.026503398961712818
2019-06-26,TWLO,0.020000758688609645,0.025514283392725413,0.027902159616236287
2019-06-27,TWLO,0.01077512432762027,0.020000758688609645,0.025514283392725413
2019-06-28,TWLO,0.003449612074269907,0.01077512432762027,0.020000758688609645
2019-07-01,TWLO,-0.00247085391395935,0.003449612074269907,0.01077512432762027
2019-07-02,TWLO,-0.0038791062184506584,-0.00247085391395935,0.003449612074269907
2019-07-03,TWLO,-0.0034172609157334644,-0.0038791062184506584,-0.00247085391395935
2019-07-05,TWLO,-0.0005889538103130052,-0.0034172609157334644,-0.0038791062184506584
2019-07-08,TWLO,0.0010525869002053108,-0.0005889538103130052,-0.0034172609157334644
2019-07-09,TWLO,0.006842012104923915,0.0010525869002053108,-0.0005889538103130052
2019-07-10,TWLO,0.012317674045670158,0.006842012104923915,0.0010525869002053108
2019-07-11,TWLO,0.017095905948882616,0.012317674045670158,0.006842012104923915
2019-07-12,TWLO,0.01993772366882919,0.017095905948882616,0.012317674045670158
2019-07-15,TWLO,0.020796495651504623,0.01993772366882919,0.017095905948882616
2019-07-16,TWLO,0.019979076089818554,0.020796495651504623,0.01993772366882919
2019-07-17,TWLO,0.01724244542925571,0.019979076089818554,0.020796495651504623
2019-07-18,TWLO,0.016210144107713823,0.01724244542925571,0.019979076089818554
2019-07-19,TWLO,0.01568383368624389,0.016210144107713823,0.01724244542925571
2019-07-22,TWLO,0.016176691101008698,0.01568383368624389,0.016210144107713823
2019-07-23,TWLO,0.016023722599420517,0.016176691101008698,0.01568383368624389
2019-07-24,TWLO,0.015940160990925586,0.016023722599420517,0.016176691101008698
2019-07-25,TWLO,0.015200238801762148,0.015940160990925586,0.016023722599420517
2019-07-26,TWLO,0.015310259618873197,0.015200238801762148,0.015940160990925586
2019-07-29,TWLO,0.017216189561111907,0.015310259618873197,0.015200238801762148
2019-07-30,TWLO,0.013426083591506929,0.017216189561111907,0.015310259618873197
2019-07-31,TWLO,0.00997219418221613,0.013426083591506929,0.017216189561111907
2019-08-01,TWLO,0.004249076792613367,0.00997219418221613,0.013426083591506929
2019-08-02,TWLO,-0.0021832827898495407,0.004249076792613367,0.00997219418221613
2019-08-05,TWLO,-0.013046378506643197,-0.0021832827898495407,0.004249076792613367
2019-08-06,TWLO,-0.023885894951624447,-0.013046378506643197,-0.0021832827898495407
2019-08-07,TWLO,-0.033151153550289934,-0.023885894951624447,-0.013046378506643197
2019-08-08,TWLO,-0.04291752492403184,-0.033151153550289934,-0.023885894951624447
2019-08-09,TWLO,-0.046190280392255534,-0.04291752492403184,-0.033151153550289934
2019-08-12,TWLO,-0.044857695598082274,-0.046190280392255534,-0.04291752492403184
2019-08-13,TWLO,-0.03816907311432812,-0.044857695598082274,-0.046190280392255534
2019-08-14,TWLO,-0.0325368268735122,-0.03816907311432812,-0.044857695598082274
2019-08-15,TWLO,-0.030849401660429907,-0.0325368268735122,-0.03816907311432812
2019-08-16,TWLO,-0.036262889166681266,-0.030849401660429907,-0.0325368268735122
2019-08-19,TWLO,-0.041951738534735605,-0.036262889166681266,-0.030849401660429907
2019-08-20,TWLO,-0.04547759955144043,-0.041951738534735605,-0.036262889166681266
2019-08-21,TWLO,-0.04856895361440876,-0.04547759955144043,-0.041951738534735605
2019-08-22,TWLO,-0.042891276290227244,-0.04856895361440876,-0.04547759955144043
2019-08-23,TWLO,-0.036226141190277415,-0.042891276290227244,-0.04856895361440876
2019-08-26,TWLO,-0.0324502372158333,-0.036226141190277415,-0.042891276290227244
2019-08-27,TWLO,-0.027522425614111924,-0.0324502372158333,-0.036226141190277415
2019-08-28,TWLO,-0.02252215629482333,-0.027522425614111924,-0.0324502372158333
2019-08-29,TWLO,-0.021111653068149216,-0.02252215629482333,-0.027522425614111924
2019-08-30,TWLO,-0.018636970476518633,-0.021111653068149216,-0.02252215629482333
2019-09-03,TWLO,-0.015484296604466425,-0.018636970476518633,-0.021111653068149216
2019-09-04,TWLO,-0.014035501229991034,-0.015484296604466425,-0.018636970476518633
2019-09-05,TWLO,-0.012303811331566716,-0.014035501229991034,-0.015484296604466425
2019-09-06,TWLO,-0.011486880736427259,-0.012303811331566716,-0.014035501229991034
2019-09-09,TWLO,-0.015525574412449816,-0.011486880736427259,-0.012303811331566716
2019-09-10,TWLO,-0.026491920440776077,-0.015525574412449816,-0.011486880736427259
2019-09-11,TWLO,-0.03836388808101474,-0.026491920440776077,-0.015525574412449816
2019-09-12,TWLO,-0.053365067176758964,-0.03836388808101474,-0.026491920440776077
2019-09-13,TWLO,-0.0639461657666702,-0.053365067176758964,-0.03836388808101474
2019-09-16,TWLO,-0.07223803916112302,-0.0639461657666702,-0.053365067176758964
2019-09-17,TWLO,-0.0689639409324806,-0.07223803916112302,-0.0639461657666702
2019-09-18,TWLO,-0.06361045050540688,-0.0689639409324806,-0.07223803916112302
2019-09-19,TWLO,-0.0579722200360585,-0.06361045050540688,-0.0689639409324806
2019-09-20,TWLO,-0.05344716293155349,-0.0579722200360585,-0.06361045050540688
2019-09-23,TWLO,-0.046636778112647125,-0.05344716293155349,-0.0579722200360585
2019-09-24,TWLO,-0.04223316254318628,-0.046636778112647125,-0.05344716293155349
2019-09-25,TWLO,-0.043282573207722434,-0.04223316254318628,-0.046636778112647125
2019-09-26,TWLO,-0.043403909098099124,-0.043282573207722434,-0.04223316254318628
2019-09-27,TWLO,-0.045642815312049986,-0.043403909098099124,-0.043282573207722434
2019-09-30,TWLO,-0.04960461032020746,-0.045642815312049986,-0.043403909098099124
2019-10-01,TWLO,-0.049510260962754814,-0.04960461032020746,-0.045642815312049986
2019-10-02,TWLO,-0.046370828352473005,-0.049510260962754814,-0.04960461032020746
2019-10-03,TWLO,-0.046836555197853215,-0.046370828352473005,-0.049510260962754814
2019-10-04,TWLO,-0.04550005834007486,-0.046836555197853215,-0.046370828352473005
2019-10-07,TWLO,-0.039124890732567266,-0.04550005834007486,-0.046836555197853215
2019-10-08,TWLO,-0.03502243138278326,-0.039124890732567266,-0.04550005834007486
2019-10-09,TWLO,-0.03414879272686286,-0.03502243138278326,-0.039124890732567266
2019-10-10,TWLO,-0.02823405321396439,-0.03414879272686286,-0.03502243138278326
2019-10-11,TWLO,-0.025891951520426844,-0.02823405321396439,-0.03414879272686286
2019-10-14,TWLO,-0.02188152997001772,-0.025891951520426844,-0.02823405321396439
2019-10-15,TWLO,-0.017192962051663988,-0.02188152997001772,-0.025891951520426844
2019-10-16,TWLO,-0.009336222730277273,-0.017192962051663988,-0.02188152997001772
2019-10-17,TWLO,-0.007735622309461605,-0.009336222730277273,-0.017192962051663988
2019-10-18,TWLO,-0.005349919369360491,-0.007735622309461605,-0.009336222730277273
2019-10-21,TWLO,-0.009239238038405784,-0.005349919369360491,-0.007735622309461605
2019-10-22,TWLO,-0.016096221832347518,-0.009239238038405784,-0.005349919369360491
2019-10-23,TWLO,-0.025895232330711154,-0.016096221832347518,-0.009239238038405784
2019-10-24,TWLO,-0.030632664035614827,-0.025895232330711154,-0.016096221832347518
2019-10-25,TWLO,-0.03176952729154898,-0.030632664035614827,-0.025895232330711154
2019-10-28,TWLO,-0.02899965524237933,-0.03176952729154898,-0.030632664035614827
2019-10-29,TWLO,-0.02746174659830032,-0.02899965524237933,-0.03176952729154898
2019-10-30,TWLO,-0.02256687844150558,-0.02746174659830032,-0.02899965524237933
2019-10-31,TWLO,-0.015490932823096803,-0.02256687844150558,-0.02746174659830032
2019-11-01,TWLO,-0.021931292856855317,-0.015490932823096803,-0.02256687844150558
2019-11-04,TWLO,-0.029864247448785214,-0.021931292856855317,-0.015490932823096803
2019-11-05,TWLO,-0.04162821946356204,-0.029864247448785214,-0.021931292856855317
2019-11-06,TWLO,-0.052835535497665696,-0.04162821946356204,-0.029864247448785214
2019-11-07,TWLO,-0.06626868723301528,-0.052835535497665696,-0.04162821946356204
2019-11-08,TWLO,-0.06893545480665292,-0.06626868723301528,-0.052835535497665696
2019-11-11,TWLO,-0.07025169187532966,-0.06893545480665292,-0.06626868723301528
2019-11-12,TWLO,-0.06351316173825187,-0.07025169187532966,-0.06893545480665292
2019-11-13,TWLO,-0.05759624153602644,-0.06351316173825187,-0.07025169187532966
2019-11-14,TWLO,-0.04952609303702501,-0.05759624153602644,-0.06351316173825187
2019-11-15,TWLO,-0.04041204863194734,-0.04952609303702501,-0.05759624153602644
2019-11-18,TWLO,-0.03294220767367472,-0.04041204863194734,-0.04952609303702501
2019-11-19,TWLO,-0.0262055357211042,-0.03294220767367472,-0.04041204863194734
2019-11-20,TWLO,-0.017320373036514645,-0.0262055357211042,-0.03294220767367472
2019-11-21,TWLO,-0.011561794590930218,-0.017320373036514645,-0.0262055357211042
2019-11-22,TWLO,-0.005273289281000881,-0.011561794590930218,-0.017320373036514645
2019-11-25,TWLO,0.00042635895485103125,-0.005273289281000881,-0.011561794590930218
2019-11-26,TWLO,0.003394521281445134,0.00042635895485103125,-0.005273289281000881
2019-11-27,TWLO,0.0038059344002631464,0.003394521281445134,0.00042635895485103125
2019-11-29,TWLO,0.0042085030980565504,0.0038059344002631464,0.003394521281445134
2019-12-02,TWLO,0.004944618925938021,0.0042085030980565504,0.0038059344002631464
2019-12-03,TWLO,0.0008117727246709269,0.004944618925938021,0.0042085030980565504
2019-12-04,TWLO,-0.0007704647894923383,0.0008117727246709269,0.004944618925938021
2019-12-05,TWLO,-0.0021008516187821023,-0.0007704647894923383,0.0008117727246709269
2019-12-06,TWLO,-0.005827617271401257,-0.0021008516187821023,-0.0007704647894923383
2019-12-09,TWLO,-0.008983259408390759,-0.005827617271401257,-0.0021008516187821023
2019-12-10,TWLO,-0.006572577425723633,-0.008983259408390759,-0.005827617271401257
2019-12-11,TWLO,-0.007352100329329617,-0.006572577425723633,-0.008983259408390759
2019-12-12,TWLO,-0.00947344552888673,-0.007352100329329617,-0.006572577425723633
2019-12-13,TWLO,-0.009647341259469951,-0.00947344552888673,-0.007352100329329617
2019-12-16,TWLO,-0.009121923940105008,-0.009647341259469951,-0.00947344552888673
2019-12-17,TWLO,-0.008094397090266965,-0.009121923940105008,-0.009647341259469951
2019-12-18,TWLO,-0.006586230110145447,-0.008094397090266965,-0.009121923940105008
2019-12-19,TWLO,-0.003369615989203611,-0.006586230110145447,-0.008094397090266965
2019-12-20,TWLO,0.000838597587624734,-0.003369615989203611,-0.006586230110145447
2019-12-23,TWLO,0.0026099116797216643,0.000838597587624734,-0.003369615989203611
2019-12-24,TWLO,0.003680219791104252,0.0026099116797216643,0.000838597587624734
2019-12-26,TWLO,0.005415884334084943,0.003680219791104252,0.0026099116797216643
2019-12-27,TWLO,0.007954537563036835,0.005415884334084943,0.003680219791104252
2019-12-30,TWLO,0.007325898307851448,0.007954537563036835,0.005415884334084943
2019-12-31,TWLO,0.0039042781376138576,0.007325898307851448,0.007954537563036835
2020-01-02,TWLO,0.00107331275853205,0.0039042781376138576,0.007325898307851448
2020-01-03,TWLO,0.002669361185304909,0.00107331275853205,0.0039042781376138576
2020-01-06,TWLO,0.0023706107295963686,0.002669361185304909,0.00107331275853205
2020-01-07,TWLO,0.008008689928899795,0.0023706107295963686,0.002669361185304909
2020-01-08,TWLO,0.016558562901095933,0.008008689928899795,0.0023706107295963686
2020-01-09,TWLO,0.02571975830586584,0.016558562901095933,0.008008689928899795
2020-01-10,TWLO,0.03330715245563977,0.02571975830586584,0.016558562901095933
2020-01-13,TWLO,0.04265936387978704,0.03330715245563977,0.02571975830586584
2020-01-14,TWLO,0.05181009593188266,0.04265936387978704,0.03330715245563977
2020-01-15,TWLO,0.05920575097361289,0.05181009593188266,0.04265936387978704
2020-01-16,TWLO,0.06601330458430155,0.05920575097361289,0.05181009593188266
2020-01-17,TWLO,0.06930168452544745,0.06601330458430155,0.05920575097361289
2020-01-21,TWLO,0.07002381240885341,0.06930168452544745,0.06601330458430155
2020-01-22,TWLO,0.06678036302721146,0.07002381240885341,0.06930168452544745
2020-01-23,TWLO,0.06471107231141394,0.06678036302721146,0.07002381240885341
2020-01-24,TWLO,0.06234748456926847,0.06471107231141394,0.06678036302721146
2020-01-27,TWLO,0.06087381182461594,0.06234748456926847,0.06471107231141394
2020-01-28,TWLO,0.05897147443567426,0.06087381182461594,0.06234748456926847
2020-01-29,TWLO,0.05866300529269475,0.05897147443567426,0.06087381182461594
2020-01-30,TWLO,0.05917164898550796,0.05866300529269475,0.05897147443567426
2020-01-31,TWLO,0.05905585417369061,0.05917164898550796,0.05866300529269475
2020-02-03,TWLO,0.05794281391545252,0.05905585417369061,0.05917164898550796
2020-02-04,TWLO,0.05994681907915435,0.05794281391545252,0.05905585417369061
2020-02-05,TWLO,0.06270526345108056,0.05994681907915435,0.05794281391545252
2020-02-06,TWLO,0.06163049689157972,0.06270526345108056,0.05994681907915435
2020-02-07,TWLO,0.053764693536613214,0.06163049689157972,0.06270526345108056
2020-02-10,TWLO,0.048980795245845726,0.053764693536613214,0.06163049689157972
2020-02-11,TWLO,0.043605236840099634,0.048980795245845726,0.053764693536613214
2020-02-12,TWLO,0.035223358916612504,0.043605236840099634,0.048980795245845726
2020-02-13,TWLO,0.031061894273918537,0.035223358916612504,0.043605236840099634
2020-02-14,TWLO,0.036259560836649475,0.031061894273918537,0.035223358916612504
2020-02-18,TWLO,0.0373275570807856,0.036259560836649475,0.031061894273918537
2020-02-19,TWLO,0.036151085895984904,0.0373275570807856,0.036259560836649475
2020-02-20,TWLO,0.03490662884127189,0.036151085895984904,0.0373275570807856
2020-02-21,TWLO,0.03207088933284135,0.03490662884127189,0.036151085895984904
2020-02-24,TWLO,0.02486736804309973,0.03207088933284135,0.03490662884127189
2020-02-25,TWLO,0.015332807088950145,0.02486736804309973,0.03207088933284135
2020-02-26,TWLO,0.0014523053264356032,0.015332807088950145,0.02486736804309973
2020-02-27,TWLO,-0.011762942732987067,0.0014523053264356032,0.015332807088950145
2020-02-28,TWLO,-0.025591384139595653,-0.011762942732987067,0.0014523053264356032
2019-01-02,VOO,-0.033521234625684605,-0.038963547916758774,-0.04130290932417588
2019-01-03,VOO,-0.025386150110485155,-0.033521234625684605,-0.038963547916758774
2019-01-04,VOO,-0.024266903109661613,-0.025386150110485155,-0.033521234625684605
2019-01-07,VOO,-0.021553681635525686,-0.024266903109661613,-0.025386150110485155
2019-01-08,VOO,-0.018089777896227368,-0.021553681635525686,-0.024266903109661613
2019-01-09,VOO,-0.014780006112967883,-0.018089777896227368,-0.021553681635525686
2019-01-10,VOO,-0.011003614144732774,-0.014780006112967883,-0.018089777896227368
2019-01-11,VOO,-0.004503765773421465,-0.011003614144732774,-0.014780006112967883
2019-01-14,VOO,-0.001481271280870047,-0.004503765773421465,-0.011003614144732774
2019-01-15,VOO,5.0303161478862314e-05,-0.001481271280870047,-0.004503765773421465
2019-01-16,VOO,0.0016708915146786997,5.0303161478862314e-05,-0.001481271280870047
2019-01-17,VOO,0.002926358141656911,0.0016708915146786997,5.0303161478862314e-05
2019-01-18,VOO,0.00463302681451971,0.002926358141656911,0.0016708915146786997
2019-01-22,VOO,0.007584250078118865,0.00463302681451971,0.002926358141656911
2019-01-23,VOO,0.010253941495747475,0.007584250078118865,0.00463302681451971
2019-01-24,VOO,0.011867646572386807,0.010253941495747475,0.007584250078118865
2019-01-25,VOO,0.013445776901900264,0.011867646572386807,0.010253941495747475
2019-01-28,VOO,0.01519751888528887,0.013445776901900264,0.011867646572386807
2019-01-29,VOO,0.014467956889033589,0.01519751888528887,0.013445776901900264
2019-01-30,VOO,0.014937799357343696,0.014467956889033589,0.01519751888528887
2019-01-31,VOO,0.016255178196189025,0.014937799357343696,0.014467956889033589
2019-02-01,VOO,0.01820118621619383,0.016255178196189025,0.014937799357343696
2019-02-04,VOO,0.019374660415404713,0.01820118621619383,0.016255178196189025
2019-02-05,VOO,0.022001104459201396,0.019374660415404713,0.01820118621619383
2019-02-06,VOO,0.025104079606040032,0.022001104459201396,0.019374660415404713
2019-02-07,VOO,0.026275425438607145,0.025104079606040032,0.022001104459201396
2019-02-08,VOO,0.025494154604435163,0.026275425438607145,0.025104079606040032
2019-02-11,VOO,0.024733868572708127,0.025494154604435163,0.026275425438607145
2019-02-12,VOO,0.023088014267626928,0.024733868572708127,0.025494154604435163
2019-02-13,VOO,0.021871811731567176,0.023088014267626928,0.024733868572708127
2019-02-14,VOO,0.020775501728064808,0.021871811731567176,0.023088014267626928
2019-02-15,VOO,0.02011479132294949,0.020775501728064808,0.021871811731567176
2019-02-19,VOO,0.020913293558405398,0.02011479132294949,0.020775501728064808
2019-02-20,VOO,0.021925002231054258,0.020913293558405398,0.02011479132294949
2019-02-21,VOO,0.021843768495240758,0.021925002231054258,0.020913293558405398
2019-02-22,VOO,0.021274671062320474,0.021843768495240758,0.021925002231054258
2019-02-25,VOO,0.021447472587452256,0.021274671062320474,0.021843768495240758
2019-02-26,VOO,0.020341883517036755,0.021447472587452256,0.021274671062320474
2019-02-27,VOO,0.01943654914185959,0.020341883517036755,0.021447472587452256
2019-02-28,VOO,0.01836220875488437,0.01943654914185959,0.020341883517036755
2019-03-01,VOO,0.017585187572888447,0.01836220875488437,0.01943654914185959
2019-03-04,VOO,0.016861507302645212,0.017585187572888447,0.01836220875488437
2019-03-05,VOO,0.015720869392563327,0.016861507302645212,0.017585187572888447
2019-03-06,VOO,0.014550582024081726,0.015720869392563327,0.016861507302645212
2019-03-07,VOO,0.01281295849144729,0.014550582024081726,0.015720869392563327
2019-03-08,VOO,0.010784985484464797,0.01281295849144729,0.014550582024081726
2019-03-11,VOO,0.007923813744954251,0.010784985484464797,0.01281295849144729
2019-03-12,VOO,0.006784738483658358,0.007923813744954251,0.010784985484464797
2019-03-13,VOO,0.006255135569528532,0.006784738483658358,0.007923813744954251
2019-03-14,VOO,0.006771498377218655,0.006255135569528532,0.006784738483658358
2019-03-15,VOO,0.00807543890683754,0.006771498377218655,0.006255135569528532
2019-03-18,VOO,0.009999893614214373,0.00807543890683754,0.006771498377218655
2019-03-19,VOO,0.010912358136112726,0.009999893614214373,0.00807543890683754
2019-03-20,VOO,0.01138956103268103,0.010912358136112726,0.009999893614214373
2019-03-21,VOO,0.010870122762702024,0.01138956103268103,0.010912358136112726
2019-03-22,VOO,0.011575181396155045,0.010870122762702024,0.01138956103268103
2019-03-25,VOO,0.010274469160334273,0.011575181396155045,0.010870122762702024
2019-03-26,VOO,0.008551248609406278,0.010274469160334273,0.011575181396155045
2019-03-27,VOO,0.007506893437426373,0.008551248609406278,0.010274469160334273
2019-03-28,VOO,0.006485152324841843,0.007506893437426373,0.008551248609406278
2019-03-29,VOO,0.004629799281465009,0.006485152324841843,0.007506893437426373
2019-04-01,VOO,0.005120206098850786,0.004629799281465009,0.006485152324841843
2019-04-02,VOO,0.006704159027410519,0.005120206098850786,0.004629799281465009
2019-04-03,VOO,0.007603189427150324,0.006704159027410519,0.005120206098850786
2019-04-04,VOO,0.009296231250871709,0.007603189427150324,0.006704159027410519
2019-04-05,VOO,0.010844771503449027,0.009296231250871709,0.007603189427150324
2019-04-08,VOO,0.012134689131634867,0.010844771503449027,0.009296231250871709
2019-04-09,VOO,0.01251341090878167,0.012134689131634867,0.010844771503449027
2019-04-10,VOO,0.01242587177925131,0.01251341090878167,0.012134689131634867
2019-04-11,VOO,0.01247940293156924,0.01242587177925131,0.01251341090878167
2019-04-12,VOO,0.012227634028423497,0.01247940293156924,0.01242587177925131
2019-04-15,VOO,0.012157780908934988,0.012227634028423497,0.01247940293156924
2019-04-16,VOO,0.011964299169535703,0.012157780908934988,0.012227634028423497
2019-04-17,VOO,0.01235270872546462,0.011964299169535703,0.012157780908934988
2019-04-18,VOO,0.012182356126771742,0.01235270872546462,0.011964299169535703
2019-04-22,VOO,0.01215866871090856,0.012182356126771742,0.01235270872546462
2019-04-23,VOO,0.011642725017856959,0.01215866871090856,0.012182356126771742
2019-04-24,VOO,0.01187748091643025,0.011642725017856959,0.01215866871090856
2019-04-25,VOO,0.011854739977033894,0.01187748091643025,0.011642725017856959
2019-04-26,VOO,0.011953890857082925,0.011854739977033894,0.01187748091643025
2019-04-29,VOO,0.012146480776539927,0.011953890857082925,0.011854739977033894
2019-04-30,VOO,0.012321852382516206,0.012146480776539927,0.011953890857082925
2019-05-01,VOO,0.011895554681615633,0.012321852382516206,0.012146480776539927
2019-05-02,VOO,0.011091600447860362,0.011895554681615633,0.012321852382516206
2019-05-03,VOO,0.010251713906856178,0.011091600447860362,0.011895554681615633
2019-05-06,VOO,0.009756973716456174,0.010251713906856178,0.011091600447860362
2019-05-07,VOO,0.008864704692825265,0.009756973716456174,0.010251713906856178
2019-05-08,VOO,0.006569966825283696,0.008864704692825265,0.009756973716456174
2019-05-09,VOO,0.004842905785070745,0.006569966825283696,0.008864704692825265
2019-05-10,VOO,0.00300022202723971,0.004842905785070745,0.006569966825283696
2019-05-13,VOO,0.0007517750436296764,0.00300022202723971,0.004842905785070745
2019-05-14,VOO,-0.003480594420665341,0.0007517750436296764,0.00300022202723971
2019-05-15,VOO,-0.005355812200080844,-0.003480594420665341,0.0007517750436296764
2019-05-16,VOO,-0.006431606716241015,-0.005355812200080844,-0.003480594420665341
2019-05-17,VOO,-0.006475067682550538,-0.006431606716241015,-0.005355812200080844
2019-05-20,VOO,-0.007459971633531578,-0.006475067682550538,-0.006431606716241015
2019-05-21,VOO,-0.006462671380334476,-0.007459971633531578,-0.006475067682550538
2019-05-22,VOO,-0.005437067830243443,-0.006462671380334476,-0.007459971633531578
2019-05-23,VOO,-0.0052299254843239835,-0.005437067830243443,-0.006462671380334476
2019-05-24,VOO,-0.006917692073421852,-0.0052299254843239835,-0.005437067830243443
2019-05-28,VOO,-0.00781688166242512,-0.006917692073421852,-0.0052299254843239835
2019-05-29,VOO,-0.008731801163304208,-0.00781688166242512,-0.006917692073421852
2019-05-30,VOO,-0.011077046114448437,-0.008731801163304208,-0.00781688166242512
2019-05-31,VOO,-0.01299744412965341,-0.011077046114448437,-0.008731801163304208
2019-06-03,VOO,-0.014834008143034542,-0.01299744412965341,-0.011077046114448437
2019-06-04,VOO,-0.01711461874514579,-0.014834008143034542,-0.01299744412965341
2019-06-05,VOO,-0.016515690952086114,-0.01711461874514579,-0.014834008143034542
2019-06-06,VOO,-0.014497954735915936,-0.016515690952086114,-0.01711461874514579
2019-06-07,VOO,-0.012185104837085892,-0.014497954735915936,-0.016515690952086114
2019-06-10,VOO,-0.007720621026434186,-0.012185104837085892,-0.014497954735915936
2019-06-11,VOO,-0.002572986137563839,-0.007720621026434186,-0.012185104837085892
2019-06-12,VOO,0.00041746739131670103,-0.002572986137563839,-0.007720621026434186
2019-06-13,VOO,0.0025299468615037975,0.00041746739131670103,-0.002572986137563839
2019-06-14,VOO,0.004350105134598385,0.0025299468615037975,0.00041746739131670103
2019-06-17,VOO,0.005048228717870213,0.004350105134598385,0.0025299468615037975
2019-06-18,VOO,0.00542317124886735,0.005048228717870213,0.004350105134598385
2019-06-19,VOO,0.006687871265803736,0.00542317124886735,0.005048228717870213
2019-06-20,VOO,0.008373605121727322,0.006687871265803736,0.00542317124886735
2019-06-21,VOO,0.010306387571786016,0.008373605121727322,0.006687871265803736
2019-06-24,VOO,0.012248404758929455,0.010306387571786016,0.008373605121727322
2019-06-25,VOO,0.01412005635416431,0.012248404758929455,0.010306387571786016
2019-06-26,VOO,0.014104580654961292,0.01412005635416431,0.012248404758929455
2019-06-27,VOO,0.013507487496211662,0.014104580654961292,0.01412005635416431
2019-06-28,VOO,0.012249207097900033,0.013507487496211662,0.014104580654961292
2019-07-01,VOO,0.011535705220732105,0.012249207097900033,0.013507487496211662
2019-07-02,VOO,0.011747972044040324,0.011535705220732105,0.012249207097900033
2019-07-03,VOO,0.012849607045727148,0.011747972044040324,0.011535705220732105
2019-07-05,VOO,0.014819957238322252,0.012849607045727148,0.011747972044040324
2019-07-08,VOO,0.01640588643600186,0.014819957238322252,0.012849607045727148
2019-07-09,VOO,0.017142645728598912,0.01640588643600186,0.014819957238322252
2019-07-10,VOO,0.017059293419615637,0.017142645728598912,0.01640588643600186
2019-07-11,VOO,0.016986770953771557,0.017059293419615637,0.017142645728598912
2019-07-12,VOO,0.016441140268001843,0.016986770953771557,0.017059293419615637
2019-07-15,VOO,0.01640555661359477,0.016441140268001843,0.016986770953771557
2019-07-16,VOO,0.016726291048216196,0.01640555661359477,0.016441140268001843
2019-07-17,VOO,0.016667736714161607,0.016726291048216196,0.01640555661359477
2019-07-18,VOO,0.015448901871311033,0.016667736714161607,0.016726291048216196
2019-07-19,VOO,0.014247642973909473,0.015448901871311033,0.016667736714161607
2019-07-22,VOO,0.012138404761403411,0.014247642973909473,0.015448901871311033
2019-07-23,VOO,0.010026938399027088,0.012138404761403411,0.014247642973909473
2019-07-24,VOO,0.00879264521366414,0.010026938399027088,0.012138404761403411
2019-07-25,VOO,0.008927656434538469,0.00879264521366414,0.010026938399027088
2019-07-26,VOO,0.008393783275298631,0.008927656434538469,0.00879264521366414
2019-07-29,VOO,0.009095081532601716,0.008393783275298631,0.008927656434538469
2019-07-30,VOO,0.009536419798295231,0.009095081532601716,0.008393783275298631
2019-07-31,VOO,0.009155006652480892,0.009536419798295231,0.009095081532601716
2019-08-01,VOO,0.0073433966597455805,0.009155006652480892,0.009536419798295231
2019-08-02,VOO,0.00528092631152895,0.0073433966597455805,0.009155006652480892
2019-08-05,VOO,0.0019345933025681958,0.00528092631152895,0.0073433966597455805
2019-08-06,VOO,-0.003780650852677707,0.0019345933025681958,0.00528092631152895
2019-08-07,VOO,-0.008221452708372533,-0.003780650852677707,0.0019345933025681958
2019-08-08,VOO,-0.011326405002567694,-0.008221452708372533,-0.003780650852677707
2019-08-09,VOO,-0.011873771776060213,-0.011326405002567694,-0.008221452708372533
2019-08-12,VOO,-0.012153947942328758,-0.011873771776060213,-0.011326405002567694
2019-08-13,VOO,-0.010483022465228612,-0.012153947942328758,-0.011873771776060213
2019-08-14,VOO,-0.008772391661827809,-0.010483022465228612,-0.012153947942328758
2019-08-15,VOO,-0.00987861282594889,-0.008772391661827809,-0.010483022465228612
2019-08-16,VOO,-0.012682953932548206,-0.00987861282594889,-0.008772391661827809
2019-08-19,VOO,-0.013492046850251812,-0.012682953932548206,-0.00987861282594889
2019-08-20,VOO,-0.011974821415143763,-0.013492046850251812,-0.012682953932548206
2019-08-21,VOO,-0.012563239369155712,-0.011974821415143763,-0.013492046850251812
2019-08-22,VOO,-0.009357527491888746,-0.012563239369155712,-0.011974821415143763
2019-08-23,VOO,-0.006398004049947222,-0.009357527491888746,-0.012563239369155712
2019-08-26,VOO,-0.0071102948326199015,-0.006398004049947222,-0.009357527491888746
2019-08-27,VOO,-0.008186578787705637,-0.0071102948326199015,-0.006398004049947222
2019-08-28,VOO,-0.008801896728150686,-0.008186578787705637,-0.0071102948326199015
2019-08-29,VOO,-0.009573522317148033,-0.008801896728150686,-0.008186578787705637
2019-08-30,VOO,-0.00915861450910656,-0.009573522317148033,-0.008801896728150686
2019-09-03,VOO,-0.006111727503271751,-0.00915861450910656,-0.009573522317148033
2019-09-04,VOO,-0.004639372304035988,-0.006111727503271751,-0.00915861450910656
2019-09-05,VOO,-0.0019104895395166467,-0.004639372304035988,-0.006111727503271751
2019-09-06,VOO,0.0011639858783605193,-0.0019104895395166467,-0.004639372304035988
2019-09-09,VOO,0.0030624624477282873,0.0011639858783605193,-0.0019104895395166467
2019-09-10,VOO,0.004938457398357317,0.0030624624477282873,0.0011639858783605193
2019-09-11,VOO,0.007407004760264797,0.004938457398357317,0.0030624624477282873
2019-09-12,VOO,0.009533909945896446,0.007407004760264797,0.004938457398357317
2019-09-13,VOO,0.010672743109887238,0.009533909945896446,0.007407004760264797
2019-09-16,VOO,0.011642957756127588,0.010672743109887238,0.009533909945896446
2019-09-17,VOO,0.012408716087107327,0.011642957756127588,0.010672743109887238
2019-09-18,VOO,0.013357013996544877,0.012408716087107327,0.011642957756127588
2019-09-19,VOO,0.013608232233004143,0.013357013996544877,0.012408716087107327
2019-09-20,VOO,0.013381626193112464,0.013608232233004143,0.013357013996544877
2019-09-23,VOO,0.012601676384252565,0.013381626193112464,0.013608232233004143
2019-09-24,VOO,0.012104829001875327,0.012601676384252565,0.013381626193112464
2019-09-25,VOO,0.01020945523462005,0.012104829001875327,0.012601676384252565
2019-09-26,VOO,0.008946991453181391,0.01020945523462005,0.012104829001875327
2019-09-27,VOO,0.007546792600808995,0.008946991453181391,0.01020945523462005
2019-09-30,VOO,0.006478324157443875,0.007546792600808995,0.008946991453181391
2019-10-01,VOO,0.005660641510819933,0.006478324157443875,0.007546792600808995
2019-10-02,VOO,0.004479205467545348,0.005660641510819933,0.006478324157443875
2019-10-03,VOO,0.0013963639152428495,0.004479205467545348,0.005660641510819933
2019-10-04,VOO,-0.0012633850112072583,0.0013963639152428495,0.004479205467545348
2019-10-07,VOO,-0.0021357121568623444,-0.0012633850112072583,0.0013963639152428495
2019-10-08,VOO,-0.0036765921560522846,-0.0021357121568623444,-0.0012633850112072583
2019-10-09,VOO,-0.005164436412263699,-0.0036765921560522846,-0.0021357121568623444
2019-10-10,VOO,-0.004193978539987085,-0.005164436412263699,-0.0036765921560522846
2019-10-11,VOO,-0.003312795604295611,-0.004193978539987085,-0.005164436412263699
2019-10-14,VOO,-0.002918543160683693,-0.003312795604295611,-0.004193978539987085
2019-10-15,VOO,-0.0025358185886456305,-0.002918543160683693,-0.003312795604295611
2019-10-16,VOO,0.00037778030875250645,-0.0025358185886456305,-0.002918543160683693
2019-10-17,VOO,0.002172205885325801,0.00037778030875250645,-0.0025358185886456305
2019-10-18,VOO,0.003617908535753523,0.002172205885325801,0.00037778030875250645
2019-10-21,VOO,0.0038591014617352943,0.003617908535753523,0.002172205885325801
2019-10-22,VOO,0.004781114903902952,0.0038591014617352943,0.003617908535753523
2019-10-23,VOO,0.004363504877955203,0.004781114903902952,0.0038591014617352943
2019-10-24,VOO,0.004504485465782383,0.004363504877955203,0.004781114903902952
2019-10-25,VOO,0.004702476339014118,0.004504485465782383,0.004363504877955203
2019-10-28,VOO,0.005677977084178771,0.004702476339014118,0.004504485465782383
2019-10-29,VOO,0.0064614042357782585,0.005677977084178771,0.004702476339014118
2019-10-30,VOO,0.007540285315466671,0.0064614042357782585,0.005677977084178771
2019-10-31,VOO,0.008728011681008936,0.007540285315466671,0.0064614042357782585
2019-11-01,VOO,0.009516272200604688,0.008728011681008936,0.007540285315466671
2019-11-04,VOO,0.010697994735480052,0.009516272200604688,0.008728011681008936
2019-11-05,VOO,0.011594747598424562,0.010697994735480052,0.009516272200604688
2019-11-06,VOO,0.012482010266654886,0.011594747598424562,0.010697994735480052
2019-11-07,VOO,0.013072382242436838,0.012482010266654886,0.011594747598424562
2019-11-08,VOO,0.01427974607308447,0.013072382242436838,0.012482010266654886
2019-11-11,VOO,0.014676872927281995,0.01427974607308447,0.013072382242436838
2019-11-12,VOO,0.014521300560223924,0.014676872927281995,0.01427974607308447
2019-11-13,VOO,0.014543896463191668,0.014521300560223924,0.014676872927281995
2019-11-14,VOO,0.014635848061584094,0.014543896463191668,0.014521300560223924
2019-11-15,VOO,0.014461663036610164,0.014635848061584094,0.014543896463191668
2019-11-18,VOO,0.014602022652492908,0.014461663036610164,0.014635848061584094
2019-11-19,VOO,0.01505796358548226,0.014602022652492908,0.014461663036610164
2019-11-20,VOO,0.015105286272949166,0.01505796358548226,0.014602022652492908
2019-11-21,VOO,0.014564956041930317,0.015105286272949166,0.01505796358548226
2019-11-22,VOO,0.013870146034949949,0.014564956041930317,0.015105286272949166
2019-11-25,VOO,0.012813459373705113,0.013870146034949949,0.014564956041930317
2019-11-26,VOO,0.01228338546661138,0.012813459373705113,0.013870146034949949
2019-11-27,VOO,0.011763017124902015,0.01228338546661138,0.012813459373705113
2019-11-29,VOO,0.01212652518140468,0.011763017124902015,0.01228338546661138
2019-12-02,VOO,0.012404571570158621,0.01212652518140468,0.011763017124902015
2019-12-03,VOO,0.011910373668766535,0.012404571570158621,0.01212652518140468
2019-12-04,VOO,0.010054530706806989,0.011910373668766535,0.012404571570158621
2019-12-05,VOO,0.008669669732203842,0.010054530706806989,0.011910373668766535
2019-12-06,VOO,0.006945893083653245,0.008669669732203842,0.010054530706806989
2019-12-09,VOO,0.006408136560225205,0.006945893083653245,0.008669669732203842
2019-12-10,VOO,0.006371357481455618,0.006408136560225205,0.006945893083653245
2019-12-11,VOO,0.007049705203166353,0.006371357481455618,0.006408136560225205
2019-12-12,VOO,0.007267804843908289,0.007049705203166353,0.006371357481455618
2019-12-13,VOO,0.008093935002551511,0.007267804843908289,0.007049705203166353
2019-12-16,VOO,0.008091276355093473,0.008093935002551511,0.007267804843908289
2019-12-17,VOO,0.009055633797851213,0.008091276355093473,0.008093935002551511
2019-12-18,VOO,0.010205584585611459,0.009055633797851213,0.008091276355093473
2019-12-19,VOO,0.011090123693367142,0.010205584585611459,0.009055633797851213
2019-12-20,VOO,0.01150879867490523,0.011090123693367142,0.010205584585611459
2019-12-23,VOO,0.012278839780972802,0.01150879867490523,0.011090123693367142
2019-12-24,VOO,0.012562684266048106,0.012278839780972802,0.01150879867490523
2019-12-26,VOO,0.012880695305659813,0.012562684266048106,0.012278839780972802
2019-12-27,VOO,0.013609891645557023,0.012880695305659813,0.012562684266048106
2019-12-30,VOO,0.013932795655958183,0.013609891645557023,0.012880695305659813
2019-12-31,VOO,0.013330073151755249,0.013932795655958183,0.013609891645557023
2020-01-02,VOO,0.01288376814764135,0.013330073151755249,0.013932795655958183
2020-01-03,VOO,0.013165765816883983,0.01288376814764135,0.013330073151755249
2020-01-06,VOO,0.012338764175421972,0.013165765816883983,0.01288376814764135
2020-01-07,VOO,0.011838179263301498,0.012338764175421972,0.013165765816883983
2020-01-08,VOO,0.011670419239494622,0.011838179263301498,0.012338764175421972
2020-01-09,VOO,0.011790548182851747,0.011670419239494622,0.011838179263301498
2020-01-10,VOO,0.011629923265971674,0.011790548182851747,0.011670419239494622
2020-01-13,VOO,0.011947795049610457,0.011629923265971674,0.011790548182851747
2020-01-14,VOO,0.012409337695706473,0.011947795049610457,0.011629923265971674
2020-01-15,VOO,0.01300711124207613,0.012409337695706473,0.011947795049610457
2020-01-16,VOO,0.013314106315323886,0.01300711124207613,0.012409337695706473
2020-01-17,VOO,0.013754917730706709,0.013314106315323886,0.01300711124207613
2020-01-21,VOO,0.01479677974124838,0.013754917730706709,0.013314106315323886
2020-01-22,VOO,0.01506914368872163,0.01479677974124838,0.013754917730706709
2020-01-23,VOO,0.015441002020043311,0.01506914368872163,0.01479677974124838
2020-01-24,VOO,0.015562247461355937,0.015441002020043311,0.01506914368872163
2020-01-27,VOO,0.013981634059271492,0.015562247461355937,0.015441002020043311
2020-01-28,VOO,0.010797884782276685,0.013981634059271492,0.015562247461355937
2020-01-29,VOO,0.008748738360277638,0.010797884782276685,0.013981634059271492
2020-01-30,VOO,0.006707361791901705,0.008748738360277638,0.010797884782276685
2020-01-31,VOO,0.004788456957599992,0.006707361791901705,0.008748738360277638
2020-02-03,VOO,0.002237896419629117,0.004788456957599992,0.006707361791901705
2020-02-04,VOO,0.0019408902249131838,0.002237896419629117,0.004788456957599992
2020-02-05,VOO,0.00200319573473804,0.0019408902249131838,0.002237896419629117
2020-02-06,VOO,0.0031461571957172195,0.00200319573473804,0.0019408902249131838
2020-02-07,VOO,0.004364390836289341,0.0031461571957172195,0.00200319573473804
2020-02-10,VOO,0.006919608843433829,0.004364390836289341,0.0031461571957172195
2020-02-11,VOO,0.009365061234907764,0.006919608843433829,0.004364390836289341
2020-02-12,VOO,0.0105105873103879,0.009365061234907764,0.006919608843433829
2020-02-13,VOO,0.011159233012904933,0.0105105873103879,0.009365061234907764
2020-02-14,VOO,0.011398508908630686,0.011159233012904933,0.0105105873103879
2020-02-18,VOO,0.012285522285864098,0.011398508908630686,0.011159233012904933
2020-02-19,VOO,0.01229902451743436,0.012285522285864098,0.011398508908630686
2020-02-20,VOO,0.012542060207613845,0.01229902451743436,0.012285522285864098
2020-02-21,VOO,0.011734024128553778,0.012542060207613845,0.01229902451743436
2020-02-24,VOO,0.010174253140410715,0.011734024128553778,0.012542060207613845
2020-02-25,VOO,0.005718215541269102,0.010174253140410715,0.011734024128553778
2020-02-26,VOO,-0.0011203209836509497,0.005718215541269102,0.010174253140410715
2020-02-27,VOO,-0.008880766303033251,-0.0011203209836509497,0.005718215541269102
2020-02-28,VOO,-0.020154739603111538,-0.008880766303033251,-0.0011203209836509497
2019-01-02,JPM,-0.04200100817739689,-0.04749405781366854,-0.04962720904733885
2019-01-03,JPM,-0.03280126661692305,-0.04200100817739689,-0.04749405781366854
2019-01-04,JPM,-0.02897387902170743,-0.03280126661692305,-0.04200100817739689
2019-01-07,JPM,-0.023399910649846454,-0.02897387902170743,-0.03280126661692305
2019-01-08,JPM,-0.017502804780287835,-0.023399910649846454,-0.02897387902170743
2019-01-09,JPM,-0.012911684663842234,-0.017502804780287835,-0.023399910649846454
2019-01-10,JPM,-0.009786631533701394,-0.012911684663842234,-0.017502804780287835
2019-01-11,JPM,-0.005291179303583378,-0.009786631533701394,-0.012911684663842234
2019-01-14,JPM,-0.0046560079160607665,-0.005291179303583378,-0.009786631533701394
2019-01-15,JPM,-0.003540443309171379,-0.0046560079160607665,-0.005291179303583378
2019-01-16,JPM,-0.0017167777419158957,-0.003540443309171379,-0.0046560079160607665
2019-01-17,JPM,0.0008306432437054264,-0.0017167777419158957,-0.003540443309171379
2019-01-18,JPM,0.004100753059044445,0.0008306432437054264,-0.0017167777419158957
2019-01-22,JPM,0.009288565957062388,0.004100753059044445,0.0008306432437054264
2019-01-23,JPM,0.012244891547315336,0.009288565957062388,0.004100753059044445
2019-01-24,JPM,0.014139660519506304,0.012244891547315336,0.009288565957062388
2019-01-25,JPM,0.015449698192900386,0.014139660519506304,0.012244891547315336
2019-01-28,JPM,0.01704062251545434,0.015449698192900386,0.014139660519506304
2019-01-29,JPM,0.016708663732283417,0.01704062251545434,0.015449698192900386
2019-01-30,JPM,0.017924338813894547,0.016708663732283417,0.01704062251545434
2019-01-31,JPM,0.0193150635794769,0.017924338813894547,0.016708663732283417
2019-02-01,JPM,0.0196240964405951,0.0193150635794769,0.017924338813894547
2019-02-04,JPM,0.019478309442699397,0.0196240964405951,0.0193150635794769
2019-02-05,JPM,0.019256794348273067,0.019478309442699397,0.0196240964405951
2019-02-06,JPM,0.018394722463740246,0.019256794348273067,0.019478309442699397
2019-02-07,JPM,0.017143654498535298,0.018394722463740246,0.019256794348273067
2019-02-08,JPM,0.01547120504263446,0.017143654498535298,0.018394722463740246
2019-02-11,JPM,0.012519955163158417,0.01547120504263446,0.017143654498535298
2019-02-12,JPM,0.00862015365933043,0.012519955163158417,0.01547120504263446
2019-02-13,JPM,0.006475215309158264,0.00862015365933043,0.012519955163158417
2019-02-14,JPM,0.004470041865056718,0.006475215309158264,0.00862015365933043
2019-02-15,JPM,0.0029550558237459437,0.004470041865056718,0.006475215309158264
2019-02-19,JPM,0.005586381822074435,0.0029550558237459437,0.004470041865056718
2019-02-20,JPM,0.008496457797537105,0.005586381822074435,0.0029550558237459437
2019-02-21,JPM,0.010117222413636376,0.008496457797537105,0.005586381822074435
2019-02-22,JPM,0.011187295433224647,0.010117222413636376,0.008496457797537105
2019-02-25,JPM,0.012738053715767424,0.011187295433224647,0.010117222413636376
2019-02-26,JPM,0.012011219345482773,0.012738053715767424,0.011187295433224647
2019-02-27,JPM,0.011477872108631864,0.012011219345482773,0.012738053715767424
2019-02-28,JPM,0.010366235327543891,0.011477872108631864,0.012011219345482773
2019-03-01,JPM,0.008787994755663699,0.010366235327543891,0.011477872108631864
2019-03-04,JPM,0.00768910936659068,0.008787994755663699,0.010366235327543891
2019-03-05,JPM,0.005343615138303898,0.00768910936659068,0.008787994755663699
2019-03-06,JPM,0.003636261536435506,0.005343615138303898,0.00768910936659068
2019-03-07,JPM,0.0018728599709943658,0.003636261536435506,0.005343615138303898
2019-03-08,JPM,0.0003590917175981354,0.0018728599709943658,0.003636261536435506
2019-03-11,JPM,-0.0010798716465121121,0.0003590917175981354,0.0018728599709943658
2019-03-12,JPM,-0.0011221919802074356,-0.0010798716465121121,0.0003590917175981354
2019-03-13,JPM,-0.001114127385259115,-0.0011221919802074356,-0.0010798716465121121
2019-03-14,JPM,-0.0006673622577539201,-0.001114127385259115,-0.0011221919802074356
2019-03-15,JPM,0.0012460961269145552,-0.0006673622577539201,-0.001114127385259115
2019-03-18,JPM,0.004107813109317502,0.0012460961269145552,-0.0006673622577539201
2019-03-19,JPM,0.006285580127813585,0.004107813109317502,0.0012460961269145552
2019-03-20,JPM,0.008494474216112416,0.006285580127813585,0.004107813109317502
2019-03-21,JPM,0.00856908753212057,0.008494474216112416,0.006285580127813585
2019-03-22,JPM,0.006446336238094222,0.00856908753212057,0.008494474216112416
2019-03-25,JPM,0.0004867802926234676,0.006446336238094222,0.00856908753212057
2019-03-26,JPM,-0.006821924621086295,0.0004867802926234676,0.006446336238094222
2019-03-27,JPM,-0.012978680972075544,-0.006821924621086295,0.0004867802926234676
2019-03-28,JPM,-0.017303686487538477,-0.012978680972075544,-0.006821924621086295
2019-03-29,JPM,-0.01904576423859806,-0.017303686487538477,-0.012978680972075544
2019-04-01,JPM,-0.0174167239116728,-0.01904576423859806,-0.017303686487538477
2019-04-02,JPM,-0.012196421733112967,-0.0174167239116728,-0.01904576423859806
2019-04-03,JPM,-0.007652433520811494,-0.012196421733112967,-0.0174167239116728
2019-04-04,JPM,-0.002419906590626792,-0.007652433520811494,-0.012196421733112967
2019-04-05,JPM,0.0025709190027088397,-0.002419906590626792,-0.007652433520811494
2019-04-08,JPM,0.006715115646853708,0.0025709190027088397,-0.002419906590626792
2019-04-09,JPM,0.008310698888138226,0.006715115646853708,0.0025709190027088397
2019-04-10,JPM,0.00874571954297081,0.008310698888138226,0.006715115646853708
2019-04-11,JPM,0.009433602820730415,0.00874571954297081,0.008310698888138226
2019-04-12,JPM,0.009853521025854432,0.009433602820730415,0.00874571954297081
2019-04-15,JPM,0.014448306790370949,0.009853521025854432,0.009433602820730415
2019-04-16,JPM,0.017813392426682555,0.014448306790370949,0.009853521025854432
2019-04-17,JPM,0.022663217451732498,0.017813392426682555,0.014448306790370949
2019-04-18,JPM,0.029465381181759384,0.022663217451732498,0.017813392426682555
2019-04-22,JPM,0.03460328764930495,0.029465381181759384,0.022663217451732498
2019-04-23,JPM,0.035371652308831304,0.03460328764930495,0.029465381181759384
2019-04-24,JPM,0.03732834127615616,0.035371652308831304,0.03460328764930495
2019-04-25,JPM,0.03809734281392946,0.03732834127615616,0.035371652308831304
2019-04-26,JPM,0.03604771493324109,0.03809734281392946,0.03732834127615616
2019-04-29,JPM,0.035279657699611354,0.03604771493324109,0.03809734281392946
2019-04-30,JPM,0.035620799450315134,0.035279657699611354,0.03604771493324109
2019-05-01,JPM,0.035963404148260096,0.035620799450315134,0.035279657699611354
2019-05-02,JPM,0.03577392317425774,0.035963404148260096,0.035620799450315134
2019-05-03,JPM,0.03576290553325157,0.03577392317425774,0.035963404148260096
2019-05-06,JPM,0.035653376296739474,0.03576290553325157,0.03577392317425774
2019-05-07,JPM,0.03352804449905767,0.035653376296739474,0.03576290553325157
2019-05-08,JPM,0.030165329898658735,0.03352804449905767,0.035653376296739474
2019-05-09,JPM,0.027072613442906773,0.030165329898658735,0.03352804449905767
2019-05-10,JPM,0.02338727720792614,0.027072613442906773,0.030165329898658735
2019-05-13,JPM,0.018842371371339706,0.02338727720792614,0.027072613442906773
2019-05-14,JPM,0.012468722704052016,0.018842371371339706,0.02338727720792614
2019-05-15,JPM,0.008299170765869987,0.012468722704052016,0.018842371371339706
2019-05-16,JPM,0.004465303254775354,0.008299170765869987,0.012468722704052016
2019-05-17,JPM,0.0017538275005061408,0.004465303254775354,0.008299170765869987
2019-05-20,JPM,-0.0012203705662520846,0.0017538275005061408,0.004465303254775354
2019-05-21,JPM,-0.000905789087259544,-0.0012203705662520846,0.0017538275005061408
2019-05-22,JPM,-0.0006483972280069424,-0.000905789087259544,-0.0012203705662520846
2019-05-23,JPM,-0.0006522325217073631,-0.0006483972280069424,-0.000905789087259544
2019-05-24,JPM,-0.0035836671562587564,-0.0006522325217073631,-0.0006483972280069424
2019-05-28,JPM,-0.005074081806348175,-0.0035836671562587564,-0.0006522325217073631
2019-05-29,JPM,-0.00805360108790399,-0.005074081806348175,-0.0035836671562587564
2019-05-30,JPM,-0.01158643911213489,-0.00805360108790399,-0.005074081806348175
2019-05-31,JPM,-0.015321370929350542,-0.01158643911213489,-0.00805360108790399
2019-06-03,JPM,-0.017877658733118803,-0.015321370929350542,-0.01158643911213489
2019-06-04,JPM,-0.02092719553416551,-0.017877658733118803,-0.015321370929350542
2019-06-05,JPM,-0.019603618542567012,-0.02092719553416551,-0.017877658733118803
2019-06-06,JPM,-0.017854743267609267,-0.019603618542567012,-0.02092719553416551
2019-06-07,JPM,-0.014703166393708823,-0.017854743267609267,-0.019603618542567012
2019-06-10,JPM,-0.011106575247396519,-0.014703166393708823,-0.017854743267609267
2019-06-11,JPM,-0.007165982892640962,-0.011106575247396519,-0.014703166393708823
2019-06-12,JPM,-0.0059376635958052005,-0.007165982892640962,-0.011106575247396519
2019-06-13,JPM,-0.006145836847374135,-0.0059376635958052005,-0.007165982892640962
2019-06-14,JPM,-0.006386327544636814,-0.006145836847374135,-0.0059376635958052005
2019-06-17,JPM,-0.005298535804797449,-0.006386327544636814,-0.006145836847374135
2019-06-18,JPM,-0.005642901563059902,-0.005298535804797449,-0.006386327544636814
2019-06-19,JPM,-0.004918513445703639,-0.005642901563059902,-0.005298535804797449
2019-06-20,JPM,-0.003543217114684508,-0.004918513445703639,-0.005642901563059902
2019-06-21,JPM,-0.002309564187438454,-0.003543217114684508,-0.004918513445703639
2019-06-24,JPM,-0.0018826653951140068,-0.002309564187438454,-0.003543217114684508
2019-06-25,JPM,-0.0014254497809007588,-0.0018826653951140068,-0.002309564187438454
2019-06-26,JPM,-0.00316780979863864,-0.0014254497809007588,-0.0018826653951140068
2019-06-27,JPM,-0.0038638536357318313,-0.00316780979863864,-0.0014254497809007588
2019-06-28,JPM,-0.004614030236097518,-0.0038638536357318313,-0.00316780979863864
2019-07-01,JPM,-0.002352571012246044,-0.004614030236097518,-0.0038638536357318313
2019-07-02,JPM,0.002074896747510896,-0.002352571012246044,-0.004614030236097518
2019-07-03,JPM,0.006963858034190187,0.002074896747510896,-0.002352571012246044
2019-07-05,JPM,0.011129441341923344,0.006963858034190187,0.002074896747510896
2019-07-08,JPM,0.015388475560756152,0.011129441341923344,0.006963858034190187
2019-07-09,JPM,0.016726817480846028,0.015388475560756152,0.011129441341923344
2019-07-10,JPM,0.016702956730712884,0.016726817480846028,0.015388475560756152
2019-07-11,JPM,0.016400499803580708,0.016702956730712884,0.016726817480846028
2019-07-12,JPM,0.017119009163892057,0.016400499803580708,0.016702956730712884
2019-07-15,JPM,0.018027447440713995,0.017119009163892057,0.016400499803580708
2019-07-16,JPM,0.018148412127781257,0.018027447440713995,0.017119009163892057
2019-07-17,JPM,0.01889624117639727,0.018148412127781257,0.018027447440713995
2019-07-18,JPM,0.01893579845409115,0.01889624117639727,0.018148412127781257
2019-07-19,JPM,0.018499952857329402,0.01893579845409115,0.01889624117639727
2019-07-22,JPM,0.016027758076566083,0.018499952857329402,0.01893579845409115
2019-07-23,JPM,0.015183931359454757,0.016027758076566083,0.018499952857329402
2019-07-24,JPM,0.014897709632972883,0.015183931359454757,0.016027758076566083
2019-07-25,JPM,0.016361230936235805,0.014897709632972883,0.015183931359454757
2019-07-26,JPM,0.016449693068157013,0.016361230936235805,0.014897709632972883
2019-07-29,JPM,0.01792002019709863,0.016449693068157013,0.016361230936235805
2019-07-30,JPM,0.018329540295001664,0.01792002019709863,0.016449693068157013
2019-07-31,JPM,0.016898913201343593,0.018329540295001664,0.01792002019709863
2019-08-01,JPM,0.015407584029488443,0.016898913201343593,0.018329540295001664
2019-08-02,JPM,0.012447923180653905,0.015407584029488443,0.016898913201343593
2019-08-05,JPM,0.009059169190287791,0.012447923180653905,0.015407584029488443
2019-08-06,JPM,0.003485988299098614,0.009059169190287791,0.012447923180653905
2019-08-07,JPM,-0.0013356662900001755,0.003485988299098614,0.009059169190287791
2019-08-08,JPM,-0.00823749386491236,-0.0013356662900001755,0.003485988299098614
2019-08-09,JPM,-0.011116937833530328,-0.00823749386491236,-0.0013356662900001755
2019-08-12,JPM,-0.0140617518771365,-0.011116937833530328,-0.00823749386491236
2019-08-13,JPM,-0.0156643706032719,-0.0140617518771365,-0.011116937833530328
2019-08-14,JPM,-0.016846827841997803,-0.0156643706032719,-0.0140617518771365
2019-08-15,JPM,-0.019540596869722638,-0.016846827841997803,-0.0156643706032719
2019-08-16,JPM,-0.02354135694716795,-0.019540596869722638,-0.016846827841997803
2019-08-19,JPM,-0.025380407967039654,-0.02354135694716795,-0.019540596869722638
2019-08-20,JPM,-0.024142509244777503,-0.025380407967039654,-0.02354135694716795
2019-08-21,JPM,-0.025331695669415642,-0.024142509244777503,-0.025380407967039654
2019-08-22,JPM,-0.02202182163979181,-0.025331695669415642,-0.024142509244777503
2019-08-23,JPM,-0.018231154844732,-0.02202182163979181,-0.025331695669415642
2019-08-26,JPM,-0.01885382328207153,-0.018231154844732,-0.02202182163979181
2019-08-27,JPM,-0.01977943831696998,-0.01885382328207153,-0.018231154844732
2019-08-28,JPM,-0.020269734281973338,-0.01977943831696998,-0.01885382328207153
2019-08-29,JPM,-0.020229249499114414,-0.020269734281973338,-0.01977943831696998
2019-08-30,JPM,-0.01913478153232282,-0.020229249499114414,-0.020269734281973338
2019-09-03,JPM,-0.014857751261630667,-0.01913478153232282,-0.020229249499114414
2019-09-04,JPM,-0.012603408551052738,-0.014857751261630667,-0.01913478153232282
2019-09-05,JPM,-0.008118235065122418,-0.012603408551052738,-0.014857751261630667
2019-09-06,JPM,-0.002818642508065077,-0.008118235065122418,-0.012603408551052738
2019-09-09,JPM,0.0005205430555179764,-0.002818642508065077,-0.008118235065122418
2019-09-10,JPM,0.005261865054872593,0.0005205430555179764,-0.002818642508065077
2019-09-11,JPM,0.012306252643066892,0.005261865054872593,0.0005205430555179764
2019-09-12,JPM,0.0186099524450098,0.012306252643066892,0.005261865054872593
2019-09-13,JPM,0.023267528168873595,0.0186099524450098,0.012306252643066892
2019-09-16,JPM,0.02920698250896147,0.023267528168873595,0.0186099524450098
2019-09-17,JPM,0.03201487285264754,0.02920698250896147,0.023267528168873595
2019-09-18,JPM,0.033098874141130157,0.03201487285264754,0.02920698250896147
2019-09-19,JPM,0.03472273023062597,0.033098874141130157,0.03201487285264754
2019-09-20,JPM,0.03551991158692374,0.03472273023062597,0.033098874141130157
2019-09-23,JPM,0.03364228559751399,0.03551991158692374,0.03472273023062597
2019-09-24,JPM,0.032645884733848565,0.03364228559751399,0.03551991158692374
2019-09-25,JPM,0.030613033927029548,0.032645884733848565,0.03364228559751399
2019-09-26,JPM,0.028165639917113107,0.030613033927029548,0.032645884733848565
2019-09-27,JPM,0.0250341567365965,0.028165639917113107,0.030613033927029548
2019-09-30,JPM,0.023035344673677415,0.0250341567365965,0.028165639917113107
2019-10-01,JPM,0.021016441537356895,0.023035344673677415,0.0250341567365965
2019-10-02,JPM,0.01850447641432423,0.021016441537356895,0.023035344673677415
2019-10-03,JPM,0.013941865535195457,0.01850447641432423,0.021016441537356895
2019-10-04,JPM,0.009494228290557688,0.013941865535195457,0.01850447641432423
2019-10-07,JPM,0.006299223163806083,0.009494228290557688,0.013941865535195457
2019-10-08,JPM,0.0032543385728896817,0.006299223163806083,0.009494228290557688
2019-10-09,JPM,0.0002686747436916604,0.0032543385728896817,0.006299223163806083
2019-10-10,JPM,-0.00026345075049502917,0.0002686747436916604,0.0032543385728896817
2019-10-11,JPM,0.0005789241303542067,-0.00026345075049502917,0.0002686747436916604
2019-10-14,JPM,0.0008734646166356857,0.0005789241303542067,-0.00026345075049502917
2019-10-15,JPM,0.001282228034134058,0.0008734646166356857,0.0005789241303542067
2019-10-16,JPM,0.006612183380354383,0.001282228034134058,0.0008734646166356857
2019-10-17,JPM,0.010816116843575637,0.006612183380354383,0.001282228034134058
2019-10-18,JPM,0.014234404950274362,0.010816116843575637,0.006612183380354383
2019-10-21,JPM,0.01643776729386557,0.014234404950274362,0.010816116843575637
2019-10-22,JPM,0.020550256374137345,0.01643776729386557,0.014234404950274362
2019-10-23,JPM,0.022429757704590155,0.020550256374137345,0.01643776729386557
2019-10-24,JPM,0.024901238464666794,0.022429757704590155,0.020550256374137345
2019-10-25,JPM,0.027040676520028697,0.024901238464666794,0.022429757704590155
2019-10-28,JPM,0.02969669889188817,0.027040676520028697,0.024901238464666794
2019-10-29,JPM,0.030602449102328736,0.02969669889188817,0.027040676520028697
2019-10-30,JPM,0.03063976181749146,0.030602449102328736,0.02969669889188817
2019-10-31,JPM,0.02998289173436863,0.03063976181749146,0.030602449102328736
2019-11-01,JPM,0.028940256888910224,0.02998289173436863,0.03063976181749146
2019-11-04,JPM,0.029319791094920996,0.028940256888910224,0.02998289173436863
2019-11-05,JPM,0.02987442024609626,0.029319791094920996,0.028940256888910224
2019-11-06,JPM,0.030605129303432562,0.02987442024609626,0.029319791094920996
2019-11-07,JPM,0.03215033011860504,0.030605129303432562,0.02987442024609626
2019-11-08,JPM,0.03472572618682678,0.03215033011860504,0.030605129303432562
2019-11-11,JPM,0.03524829115050507,0.03472572618682678,0.03215033011860504
2019-11-12,JPM,0.034681088934375756,0.03524829115050507,0.03472572618682678
2019-11-13,JPM,0.033225022793870455,0.034681088934375756,0.03524829115050507
2019-11-14,JPM,0.031252988622140564,0.033225022793870455,0.034681088934375756
2019-11-15,JPM,0.028709001572362818,0.031252988622140564,0.033225022793870455
2019-11-18,JPM,0.02656374041803798,0.028709001572362818,0.031252988622140564
2019-11-19,JPM,0.025491272869242458,0.02656374041803798,0.028709001572362818
2019-11-20,JPM,0.02473782429645395,0.025491272869242458,0.02656374041803798
2019-11-21,JPM,0.023627317266830386,0.02473782429645395,0.025491272869242458
2019-11-22,JPM,0.022608626354776038,0.023627317266830386,0.02473782429645395
2019-11-25,JPM,0.0217220699404879,0.022608626354776038,0.023627317266830386
2019-11-26,JPM,0.020433515316010058,0.0217220699404879,0.022608626354776038
2019-11-27,JPM,0.019009951769222426,0.020433515316010058,0.0217220699404879
2019-11-29,JPM,0.018664670680399217,0.019009951769222426,0.020433515316010058
2019-12-02,JPM,0.018077984515635033,0.018664670680399217,0.019009951769222426
2019-12-03,JPM,0.016871945409152943,0.018077984515635033,0.018664670680399217
2019-12-04,JPM,0.014078962881559557,0.016871945409152943,0.018077984515635033
2019-12-05,JPM,0.013205942917774903,0.014078962881559557,0.016871945409152943
2019-12-06,JPM,0.012475590724384079,0.013205942917774903,0.014078962881559557
2019-12-09,JPM,0.013328857975611359,0.012475590724384079,0.013205942917774903
2019-12-10,JPM,0.014012249269224515,0.013328857975611359,0.012475590724384079
2019-12-11,JPM,0.01634123555125232,0.014012249269224515,0.013328857975611359
2019-12-12,JPM,0.016679464747045056,0.01634123555125232,0.014012249269224515
2019-12-13,JPM,0.018942723073550136,0.016679464747045056,0.01634123555125232
2019-12-16,JPM,0.018959056501861648,0.018942723073550136,0.016679464747045056
2019-12-17,JPM,0.019878888895451034,0.018959056501861648,0.018942723073550136
2019-12-18,JPM,0.0213011355381893,0.019878888895451034,0.018959056501861648
2019-12-19,JPM,0.02284932252361987,0.0213011355381893,0.019878888895451034
2019-12-20,JPM,0.021102762162233654,0.02284932252361987,0.0213011355381893
2019-12-23,JPM,0.02008274200250114,0.021102762162233654,0.02284932252361987
2019-12-24,JPM,0.018966763527971945,0.02008274200250114,0.021102762162233654
2019-12-26,JPM,0.017587292184629885,0.018966763527971945,0.02008274200250114
2019-12-27,JPM,0.017245512024699768,0.017587292184629885,0.018966763527971945
2019-12-30,JPM,0.017488150596694174,0.017245512024699768,0.017587292184629885
2019-12-31,JPM,0.017570019256985505,0.017488150596694174,0.017245512024699768
2020-01-02,JPM,0.018193845790939557,0.017570019256985505,0.017488150596694174
2020-01-03,JPM,0.019525356588479755,0.018193845790939557,0.017570019256985505
2020-01-06,JPM,0.01858930868708899,0.019525356588479755,0.018193845790939557
2020-01-07,JPM,0.017444126848580693,0.01858930868708899,0.019525356588479755
2020-01-08,JPM,0.015233040065371546,0.017444126848580693,0.01858930868708899
2020-01-09,JPM,0.013219045044061664,0.015233040065371546,0.017444126848580693
2020-01-10,JPM,0.01040818094899822,0.013219045044061664,0.015233040065371546
2020-01-13,JPM,0.008082175903632183,0.01040818094899822,0.013219045044061664
2020-01-14,JPM,0.006439753916549444,0.008082175903632183,0.01040818094899822
2020-01-15,JPM,0.0075455320199936836,0.006439753916549444,0.008082175903632183
2020-01-16,JPM,0.006671252765569092,0.0075455320199936836,0.006439753916549444
2020-01-17,JPM,0.005837235900298328,0.006671252765569092,0.0075455320199936836
2020-01-21,JPM,0.006611442529193058,0.005837235900298328,0.006671252765569092
2020-01-22,JPM,0.005758861509858003,0.006611442529193058,0.005837235900298328
2020-01-23,JPM,0.0036105800991690974,0.005758861509858003,0.006611442529193058
2020-01-24,JPM,0.002859727221609624,0.0036105800991690974,0.005758861509858003
2020-01-27,JPM,-0.0005794474912397434,0.002859727221609624,0.0036105800991690974
2020-01-28,JPM,-0.005183338694172345,-0.0005794474912397434,0.002859727221609624
2020-01-29,JPM,-0.007203238097187478,-0.005183338694172345,-0.0005794474912397434
2020-01-30,JPM,-0.009032482334343764,-0.007203238097187478,-0.005183338694172345
2020-01-31,JPM,-0.009761978240928915,-0.009032482334343764,-0.007203238097187478
2020-02-03,JPM,-0.010217973843935682,-0.009761978240928915,-0.009032482334343764
2020-02-04,JPM,-0.009222272675783377,-0.010217973843935682,-0.009761978240928915
2020-02-05,JPM,-0.008387709472911014,-0.009222272675783377,-0.010217973843935682
2020-02-06,JPM,-0.006063794241078081,-0.008387709472911014,-0.009222272675783377
2020-02-07,JPM,-0.0049103305804209085,-0.006063794241078081,-0.008387709472911014
2020-02-10,JPM,-0.0013529584092027496,-0.0049103305804209085,-0.006063794241078081
2020-02-11,JPM,0.0017844409197603267,-0.0013529584092027496,-0.0049103305804209085
2020-02-12,JPM,0.0035978865964666853,0.0017844409197603267,-0.0013529584092027496
2020-02-13,JPM,0.003724732955441093,0.0035978865964666853,0.0017844409197603267
2020-02-14,JPM,0.003758272159818224,0.003724732955441093,0.0035978865964666853
2020-02-18,JPM,0.003889591267632199,0.003758272159818224,0.003724732955441093
2020-02-19,JPM,0.002626128681637115,0.003889591267632199,0.003758272159818224
2020-02-20,JPM,0.0023345225206861664,0.002626128681637115,0.003889591267632199
2020-02-21,JPM,0.0019896726144316354,0.0023345225206861664,0.002626128681637115
2020-02-24,JPM,0.0007609877093425632,0.0019896726144316354,0.0023345225206861664
2020-02-25,JPM,-0.0022883323594813055,0.0007609877093425632,0.0019896726144316354
2020-02-26,JPM,-0.007980434190216785,-0.0022883323594813055,0.0007609877093425632
2020-02-27,JPM,-0.014933546719840722,-0.007980434190216785,-0.0022883323594813055
2020-02-28,JPM,-0.025793583967703353,-0.014933546719840722,-0.007980434190216785
2019-01-02,T,-0.03028000379168081,-0.032319349714260356,-0.032833573646695285
2019-01-03,T,-0.021874434632023005,-0.03028000379168081,-0.032319349714260356
2019-01-04,T,-0.016118897981194716,-0.021874434632023005,-0.03028000379168081
2019-01-07,T,-0.00837623454656036,-0.016118897981194716,-0.021874434632023005
2019-01-08,T,-0.0004172209149515166,-0.00837623454656036,-0.016118897981194716
2019-01-09,T,0.008331386739243937,-0.0004172209149515166,-0.00837623454656036
2019-01-10,T,0.012042859451392857,0.008331386739243937,-0.0004172209149515166
2019-01-11,T,0.01652103821213617,0.012042859451392857,0.008331386739243937
2019-01-14,T,0.019853759186338044,0.01652103821213617,0.012042859451392857
2019-01-15,T,0.020260217162612806,0.019853759186338044,0.01652103821213617
2019-01-16,T,0.01952757626602515,0.020260217162612806,0.019853759186338044
2019-01-17,T,0.020140560336370555,0.01952757626602515,0.020260217162612806
2019-01-18,T,0.02027496090406093,0.020140560336370555,0.01952757626602515
2019-01-22,T,0.019997698584823462,0.02027496090406093,0.020140560336370555
2019-01-23,T,0.019623402278460295,0.019997698584823462,0.02027496090406093
2019-01-24,T,0.02009342671282834,0.019623402278460295,0.019997698584823462
2019-01-25,T,0.020206890431053406,0.02009342671282834,0.019623402278460295
2019-01-28,T,0.020448765187910552,0.020206890431053406,0.02009342671282834
2019-01-29,T,0.01921287902999736,0.020448765187910552,0.020206890431053406
2019-01-30,T,0.019202865662984434,0.01921287902999736,0.020448765187910552
2019-01-31,T,0.01428679351818917,0.019202865662984434,0.01921287902999736
2019-02-01,T,0.012123086318428868,0.01428679351818917,0.019202865662984434
2019-02-04,T,0.009485336169916635,0.012123086318428868,0.01428679351818917
2019-02-05,T,0.005909744334218264,0.009485336169916635,0.012123086318428868
2019-02-06,T,0.0021476558323524934,0.005909744334218264,0.009485336169916635
2019-02-07,T,0.002789966402721506,0.0021476558323524934,0.005909744334218264
2019-02-08,T,0.0006237056349785347,0.002789966402721506,0.0021476558323524934
2019-02-11,T,-0.0011096135209544492,0.0006237056349785347,0.002789966402721506
2019-02-12,T,-0.0010287226531188248,-0.0011096135209544492,0.0006237056349785347
2019-02-13,T,-0.0012769876932789675,-0.0010287226531188248,-0.0011096135209544492
2019-02-14,T,-0.0013615742021343981,-0.0012769876932789675,-0.0010287226531188248
2019-02-15,T,-0.0016652516980394127,-0.0013615742021343981,-0.0012769876932789675
2019-02-19,T,-1.3645401761271706e-05,-0.0016652516980394127,-0.0013615742021343981
2019-02-20,T,0.001579560149142275,-1.3645401761271706e-05,-0.0016652516980394127
2019-02-21,T,0.003593889410009769,0.001579560149142275,-1.3645401761271706e-05
2019-02-22,T,0.005471420331176053,0.003593889410009769,0.001579560149142275
2019-02-25,T,0.008845714249449894,0.005471420331176053,0.003593889410009769
2019-02-26,T,0.009952217793902433,0.008845714249449894,0.005471420331176053
2019-02-27,T,0.011133753553194063,0.009952217793902433,0.008845714249449894
2019-02-28,T,0.011416208808494633,0.011133753553194063,0.009952217793902433
2019-03-01,T,0.01210613447531425,0.011416208808494633,0.011133753553194063
2019-03-04,T,0.010707023901144228,0.01210613447531425,0.011416208808494633
2019-03-05,T,0.007189565937904682,0.010707023901144228,0.01210613447531425
2019-03-06,T,0.003487117360964776,0.007189565937904682,0.010707023901144228
2019-03-07,T,-0.0002353716623046854,0.003487117360964776,0.007189565937904682
2019-03-08,T,-0.0038865925310257086,-0.0002353716623046854,0.003487117360964776
2019-03-11,T,-0.006469599694816526,-0.0038865925310257086,-0.0002353716623046854
2019-03-12,T,-0.0054702782953702555,-0.006469599694816526,-0.0038865925310257086
2019-03-13,T,-0.003051067806714904,-0.0054702782953702555,-0.006469599694816526
2019-03-14,T,-0.0013509631064372518,-0.003051067806714904,-0.0054702782953702555
2019-03-15,T,0.00012741795253788123,-0.0013509631064372518,-0.003051067806714904
2019-03-18,T,0.0024341760006676176,0.00012741795253788123,-0.0013509631064372518
2019-03-19,T,0.004271370486672839,0.0024341760006676176,0.00012741795253788123
2019-03-20,T,0.004430370996305961,0.004271370486672839,0.0024341760006676176
2019-03-21,T,0.005272517229899676,0.004430370996305961,0.004271370486672839
2019-03-22,T,0.007018956261287367,0.005272517229899676,0.004430370996305961
2019-03-25,T,0.00784254615964496,0.007018956261287367,0.005272517229899676
2019-03-26,T,0.007382843098362984,0.00784254615964496,0.007018956261287367
2019-03-27,T,0.008844599824001783,0.007382843098362984,0.00784254615964496
2019-03-28,T,0.010880244403527629,0.008844599824001783,0.007382843098362984
2019-03-29,T,0.010040305074620906,0.010880244403527629,0.008844599824001783
2019-04-01,T,0.010077513921017424,0.010040305074620906,0.010880244403527629
2019-04-02,T,0.012726148859339252,0.010077513921017424,0.010040305074620906
2019-04-03,T,0.01259475902359336,0.012726148859339252,0.010077513921017424
2019-04-04,T,0.01312786564652118,0.01259475902359336,0.012726148859339252
2019-04-05,T,0.015197860260398958,0.01312786564652118,0.01259475902359336
2019-04-08,T,0.01711931154166865,0.015197860260398958,0.01312786564652118
2019-04-09,T,0.017606721705286526,0.01711931154166865,0.015197860260398958
2019-04-10,T,0.01925539880849214,0.017606721705286526,0.01711931154166865
2019-04-11,T,0.02060190717760606,0.01925539880849214,0.017606721705286526
2019-04-12,T,0.022448057730268468,0.02060190717760606,0.01925539880849214
2019-04-15,T,0.023294987202214405,0.022448057730268468,0.02060190717760606
2019-04-16,T,0.023528897991484044,0.023294987202214405,0.022448057730268468
2019-04-17,T,0.02430237504252936,0.023528897991484044,0.023294987202214405
2019-04-18,T,0.02380301180346116,0.02430237504252936,0.023528897991484044
2019-04-22,T,0.022547690071812416,0.02380301180346116,0.02430237504252936
2019-04-23,T,0.02128892286247816,0.022547690071812416,0.02380301180346116
2019-04-24,T,0.020264311456844736,0.02128892286247816,0.022547690071812416
2019-04-25,T,0.015015667417316395,0.020264311456844736,0.02128892286247816
2019-04-26,T,0.009393277695238303,0.015015667417316395,0.020264311456844736
2019-04-29,T,0.004445240123925192,0.009393277695238303,0.015015667417316395
2019-04-30,T,-0.00012908346907372173,0.004445240123925192,0.009393277695238303
2019-05-01,T,-0.004456717471016903,-0.00012908346907372173,0.004445240123925192
2019-05-02,T,-0.004824503842542905,-0.004456717471016903,-0.00012908346907372173
2019-05-03,T,-0.004361162327478046,-0.004824503842542905,-0.004456717471016903
2019-05-06,T,-0.004779514240505865,-0.004361162327478046,-0.004824503842542905
2019-05-07,T,-0.005979218466569606,-0.004779514240505865,-0.004361162327478046
2019-05-08,T,-0.007551191183776191,-0.005979218466569606,-0.004779514240505865
2019-05-09,T,-0.009271701379978676,-0.007551191183776191,-0.005979218466569606
2019-05-10,T,-0.010290099581425507,-0.009271701379978676,-0.007551191183776191
2019-05-13,T,-0.010647644951524936,-0.010290099581425507,-0.009271701379978676
2019-05-14,T,-0.011063300448580669,-0.010647644951524936,-0.010290099581425507
2019-05-15,T,-0.009669212079924336,-0.011063300448580669,-0.010647644951524936
2019-05-16,T,-0.006807316533745673,-0.009669212079924336,-0.011063300448580669
2019-05-17,T,-0.0031931394937845738,-0.006807316533745673,-0.009669212079924336
2019-05-20,T,-5.9441710462212596e-05,-0.0031931394937845738,-0.006807316533745673
2019-05-21,T,0.004737286495786162,-5.9441710462212596e-05,-0.0031931394937845738
2019-05-22,T,0.008384477244115613,0.004737286495786162,-5.9441710462212596e-05
2019-05-23,T,0.01101052647324563,0.008384477244115613,0.004737286495786162
2019-05-24,T,0.012204231833402608,0.01101052647324563,0.008384477244115613
2019-05-28,T,0.0132279467286253,0.012204231833402608,0.01101052647324563
2019-05-29,T,0.012305807750272452,0.0132279467286253,0.012204231833402608
2019-05-30,T,0.010662344604274666,0.012305807750272452,0.0132279467286253
2019-05-31,T,0.009302601920868719,0.010662344604274666,0.012305807750272452
2019-06-03,T,0.004998504473750104,0.009302601920868719,0.010662344604274666
2019-06-04,T,0.0017687889328724623,0.004998504473750104,0.009302601920868719
2019-06-05,T,0.0006650184480965903,0.0017687889328724623,0.004998504473750104
2019-06-06,T,8.662012410466675e-05,0.0006650184480965903,0.0017687889328724623
2019-06-07,T,0.0009202655794538369,8.662012410466675e-05,0.0006650184480965903
2019-06-10,T,0.0067227645765188205,0.0009202655794538369,8.662012410466675e-05
2019-06-11,T,0.00940539258879485,0.0067227645765188205,0.0009202655794538369
2019-06-12,T,0.011360349345848321,0.00940539258879485,0.0067227645765188205
2019-06-13,T,0.012880719594531345,0.011360349345848321,0.00940539258879485
2019-06-14,T,0.012787937885512624,0.012880719594531345,0.011360349345848321
2019-06-17,T,0.011439147238243741,0.012787937885512624,0.012880719594531345
2019-06-18,T,0.011852359794354983,0.011439147238243741,0.012787937885512624
2019-06-19,T,0.012167442297981543,0.011852359794354983,0.011439147238243741
2019-06-20,T,0.012222303921385395,0.012167442297981543,0.011852359794354983
2019-06-21,T,0.012203218578052314,0.012222303921385395,0.012167442297981543
2019-06-24,T,0.011685849665018417,0.012203218578052314,0.012222303921385395
2019-06-25,T,0.011701479976644174,0.011685849665018417,0.012203218578052314
2019-06-26,T,0.011158481894310013,0.011701479976644174,0.011685849665018417
2019-06-27,T,0.010629619895762193,0.011158481894310013,0.011701479976644174
2019-06-28,T,0.010779622184172609,0.010629619895762193,0.011158481894310013
2019-07-01,T,0.012619800457665292,0.010779622184172609,0.010629619895762193
2019-07-02,T,0.01394954391508283,0.012619800457665292,0.010779622184172609
2019-07-03,T,0.016344946321894146,0.01394954391508283,0.012619800457665292
2019-07-05,T,0.019403892954453005,0.016344946321894146,0.01394954391508283
2019-07-08,T,0.02197366883851151,0.019403892954453005,0.016344946321894146
2019-07-09,T,0.022997174837355278,0.02197366883851151,0.019403892954453005
2019-07-10,T,0.024238926235059563,0.022997174837355278,0.02197366883851151
2019-07-11,T,0.025003526614404966,0.024238926235059563,0.022997174837355278
2019-07-12,T,0.024694970815890303,0.025003526614404966,0.024238926235059563
2019-07-15,T,0.023877831928603935,0.024694970815890303,0.025003526614404966
2019-07-16,T,0.023298675007376535,0.023877831928603935,0.024694970815890303
2019-07-17,T,0.022552438311595226,0.023298675007376535,0.023877831928603935
2019-07-18,T,0.02019464107321004,0.022552438311595226,0.023298675007376535
2019-07-19,T,0.018288833271880113,0.02019464107321004,0.022552438311595226
2019-07-22,T,0.015023143156256946,0.018288833271880113,0.02019464107321004
2019-07-23,T,0.00930332250752015,0.015023143156256946,0.018288833271880113
2019-07-24,T,0.0040522877793140125,0.00930332250752015,0.015023143156256946
2019-07-25,T,0.0029427831210255924,0.0040522877793140125,0.00930332250752015
2019-07-26,T,0.003931735270835012,0.0029427831210255924,0.0040522877793140125
2019-07-29,T,0.0068834794745401195,0.003931735270835012,0.0029427831210255924
2019-07-30,T,0.012429524886122133,0.0068834794745401195,0.003931735270835012
2019-07-31,T,0.017367552063742447,0.012429524886122133,0.0068834794745401195
2019-08-01,T,0.018627820816234927,0.017367552063742447,0.012429524886122133
2019-08-02,T,0.018417983894058524,0.018627820816234927,0.017367552063742447
2019-08-05,T,0.01738635960263466,0.018417983894058524,0.018627820816234927
2019-08-06,T,0.014124644183548935,0.01738635960263466,0.018417983894058524
2019-08-07,T,0.012485861438048789,0.014124644183548935,0.01738635960263466
2019-08-08,T,0.01154182702114719,0.012485861438048789,0.014124644183548935
2019-08-09,T,0.011586434282683732,0.01154182702114719,0.012485861438048789
2019-08-12,T,0.011538925322785927,0.011586434282683732,0.01154182702114719
2019-08-13,T,0.013289300402948597,0.011538925322785927,0.011586434282683732
2019-08-14,T,0.014657080462915324,0.013289300402948597,0.011538925322785927
2019-08-15,T,0.01381465694360567,0.014657080462915324,0.013289300402948597
2019-08-16,T,0.012192602547468564,0.01381465694360567,0.014657080462915324
2019-08-19,T,0.012318589638185815,0.012192602547468564,0.01381465694360567
2019-08-20,T,0.013845235699769724,0.012318589638185815,0.012192602547468564
2019-08-21,T,0.013257419193562967,0.013845235699769724,0.012318589638185815
2019-08-22,T,0.015488365912355851,0.013257419193562967,0.013845235699769724
2019-08-23,T,0.017605979698258254,0.015488365912355851,0.013257419193562967
2019-08-26,T,0.016676659404002786,0.017605979698258254,0.015488365912355851
2019-08-27,T,0.01482593078743557,0.016676659404002786,0.017605979698258254
2019-08-28,T,0.013588858627584577,0.01482593078743557,0.016676659404002786
2019-08-29,T,0.012514352613196045,0.013588858627584577,0.01482593078743557
2019-08-30,T,0.011120156382980396,0.012514352613196045,0.013588858627584577
2019-09-03,T,0.011705586386320351,0.011120156382980396,0.012514352613196045
2019-09-04,T,0.012292155176318924,0.011705586386320351,0.011120156382980396
2019-09-05,T,0.014241174757574242,0.012292155176318924,0.011705586386320351
2019-09-06,T,0.015774831853620247,0.014241174757574242,0.012292155176318924
2019-09-09,T,0.017553675447504972,0.015774831853620247,0.014241174757574242
2019-09-10,T,0.020165089576961774,0.017553675447504972,0.015774831853620247
2019-09-11,T,0.02399000086211273,0.020165089576961774,0.017553675447504972
2019-09-12,T,0.029477126497892525,0.02399000086211273,0.020165089576961774
2019-09-13,T,0.03405053200612495,0.029477126497892525,0.02399000086211273
2019-09-16,T,0.03678157554885592,0.03405053200612495,0.029477126497892525
2019-09-17,T,0.036871222899566014,0.03678157554885592,0.03405053200612495
2019-09-18,T,0.034626647287301214,0.036871222899566014,0.03678157554885592
2019-09-19,T,0.028339956507239167,0.034626647287301214,0.036871222899566014
2019-09-20,T,0.02380443312414227,0.028339956507239167,0.034626647287301214
2019-09-23,T,0.02228350383660276,0.02380443312414227,0.028339956507239167
2019-09-24,T,0.021688343764724588,0.02228350383660276,0.02380443312414227
2019-09-25,T,0.02072517732295031,0.021688343764724588,0.02228350383660276
2019-09-26,T,0.021020607452346355,0.02072517732295031,0.021688343764724588
2019-09-27,T,0.020316252592426157,0.021020607452346355,0.02072517732295031
2019-09-30,T,0.0178921528647154,0.020316252592426157,0.021020607452346355
2019-10-01,T,0.017229517413363073,0.0178921528647154,0.020316252592426157
2019-10-02,T,0.01615529283531277,0.017229517413363073,0.0178921528647154
2019-10-03,T,0.014481759471162389,0.01615529283531277,0.017229517413363073
2019-10-04,T,0.012757659532554115,0.014481759471162389,0.01615529283531277
2019-10-07,T,0.011730793795755536,0.012757659532554115,0.014481759471162389
2019-10-08,T,0.010198906158090172,0.011730793795755536,0.012757659532554115
2019-10-09,T,0.009567583957455938,0.010198906158090172,0.011730793795755536
2019-10-10,T,0.010232609803870942,0.009567583957455938,0.010198906158090172
2019-10-11,T,0.01152571805431377,0.010232609803870942,0.009567583957455938
2019-10-14,T,0.012420760374759646,0.01152571805431377,0.010232609803870942
2019-10-15,T,0.012443618989531587,0.012420760374759646,0.01152571805431377
2019-10-16,T,0.013961267918091033,0.012443618989531587,0.012420760374759646
2019-10-17,T,0.014485241370702942,0.013961267918091033,0.012443618989531587
2019-10-18,T,0.014162592852743829,0.014485241370702942,0.013961267918091033
2019-10-21,T,0.014978725537981009,0.014162592852743829,0.014485241370702942
2019-10-22,T,0.015581753762818536,0.014978725537981009,0.014162592852743829
2019-10-23,T,0.014964993070270858,0.015581753762818536,0.014978725537981009
2019-10-24,T,0.013805813354102267,0.014964993070270858,0.015581753762818536
2019-10-25,T,0.010592372543999104,0.013805813354102267,0.014964993070270858
2019-10-28,T,0.005952555659019084,0.010592372543999104,0.013805813354102267
2019-10-29,T,0.0057357574118983455,0.005952555659019084,0.010592372543999104
2019-10-30,T,0.00499918310277249,0.0057357574118983455,0.005952555659019084
2019-10-31,T,0.006160347714788222,0.00499918310277249,0.0057357574118983455
2019-11-01,T,0.010263354197622688,0.006160347714788222,0.00499918310277249
2019-11-04,T,0.014937990652710398,0.010263354197622688,0.006160347714788222
2019-11-05,T,0.015115831784936177,0.014937990652710398,0.010263354197622688
2019-11-06,T,0.016965612687700388,0.015115831784936177,0.014937990652710398
2019-11-07,T,0.018467086545585404,0.016965612687700388,0.015115831784936177
2019-11-08,T,0.019731267552730306,0.018467086545585404,0.016965612687700388
2019-11-11,T,0.020011815716167627,0.019731267552730306,0.018467086545585404
2019-11-12,T,0.020307059161994427,0.020011815716167627,0.019731267552730306
2019-11-13,T,0.01937613054291306,0.020307059161994427,0.020011815716167627
2019-11-14,T,0.018221793014685888,0.01937613054291306,0.020307059161994427
2019-11-15,T,0.016179968093445123,0.018221793014685888,0.01937613054291306
2019-11-18,T,0.015454337415813327,0.016179968093445123,0.018221793014685888
2019-11-19,T,0.015189222036280288,0.015454337415813327,0.016179968093445123
2019-11-20,T,0.01172887557699981,0.015189222036280288,0.015454337415813327
2019-11-21,T,0.006345164485002368,0.01172887557699981,0.015189222036280288
2019-11-22,T,0.002436194764287412,0.006345164485002368,0.01172887557699981
2019-11-25,T,-0.0024865182962919615,0.002436194764287412,0.006345164485002368
2019-11-26,T,-0.00886111161203073,-0.0024865182962919615,0.002436194764287412
2019-11-27,T,-0.010683426712347049,-0.00886111161203073,-0.0024865182962919615
2019-11-29,T,-0.00963085624956334,-0.010683426712347049,-0.00886111161203073
2019-12-02,T,-0.010202343665318706,-0.00963085624956334,-0.010683426712347049
2019-12-03,T,-0.011253462383534567,-0.010202343665318706,-0.00963085624956334
2019-12-04,T,-0.010508707153767309,-0.011253462383534567,-0.010202343665318706
2019-12-05,T,-0.00871843914378676,-0.010508707153767309,-0.011253462383534567
2019-12-06,T,-0.007460321679473261,-0.00871843914378676,-0.010508707153767309
2019-12-09,T,-0.005436057986742216,-0.007460321679473261,-0.00871843914378676
2019-12-10,T,-0.003378085216538393,-0.005436057986742216,-0.007460321679473261
2019-12-11,T,-0.001974894158137111,-0.003378085216538393,-0.005436057986742216
2019-12-12,T,-0.0017913264245924025,-0.001974894158137111,-0.003378085216538393
2019-12-13,T,-0.0015995556760588054,-0.0017913264245924025,-0.001974894158137111
2019-12-16,T,-0.0019793810590620535,-0.0015995556760588054,-0.0017913264245924025
2019-12-17,T,-0.0011665375403207621,-0.0019793810590620535,-0.0015995556760588054
2019-12-18,T,-2.2328424760160164e-05,-0.0011665375403207621,-0.0019793810590620535
2019-12-19,T,0.0012078083950133529,-2.2328424760160164e-05,-0.0011665375403207621
2019-12-20,T,0.002440973164220199,0.0012078083950133529,-2.2328424760160164e-05
2019-12-23,T,0.004495734456936394,0.002440973164220199,0.0012078083950133529
2019-12-24,T,0.005687261374089088,0.004495734456936394,0.002440973164220199
2019-12-26,T,0.006842989859432875,0.005687261374089088,0.004495734456936394
2019-12-27,T,0.007923232647001947,0.006842989859432875,0.005687261374089088
2019-12-30,T,0.008720013816470137,0.007923232647001947,0.006842989859432875
2019-12-31,T,0.00857995977449946,0.008720013816470137,0.007923232647001947
2020-01-02,T,0.008717059512208117,0.00857995977449946,0.008720013816470137
2020-01-03,T,0.008650887506646906,0.008717059512208117,0.00857995977449946
2020-01-06,T,0.008435842052924488,0.008650887506646906,0.008717059512208117
2020-01-07,T,0.008099608287330919,0.008435842052924488,0.008650887506646906
2020-01-08,T,0.00852577341018989,0.008099608287330919,0.008435842052924488
2020-01-09,T,0.009315778971146264,0.00852577341018989,0.008099608287330919
2020-01-10,T,0.01097645775512917,0.009315778971146264,0.00852577341018989
2020-01-13,T,0.01100956623938138,0.01097645775512917,0.009315778971146264
2020-01-14,T,0.009596318163348121,0.01100956623938138,0.01097645775512917
2020-01-15,T,0.007932747305049137,0.009596318163348121,0.01100956623938138
2020-01-16,T,0.0055232884176257295,0.007932747305049137,0.009596318163348121
2020-01-17,T,0.0029720676700468207,0.0055232884176257295,0.007932747305049137
2020-01-21,T,0.0018581037096793989,0.0029720676700468207,0.0055232884176257295
2020-01-22,T,0.0023881244722155017,0.0018581037096793989,0.0029720676700468207
2020-01-23,T,0.004001137920813281,0.0023881244722155017,0.0018581037096793989
2020-01-24,T,0.00524191563205964,0.004001137920813281,0.0023881244722155017
2020-01-27,T,0.005858789697615579,0.00524191563205964,0.004001137920813281
2020-01-28,T,0.005216585620511149,0.005858789697615579,0.00524191563205964
2020-01-29,T,0.0049764772193658866,0.005216585620511149,0.005858789697615579
2020-01-30,T,-2.5484743696393136e-05,0.0049764772193658866,0.005216585620511149
2020-01-31,T,-0.0031972230383724995,-2.5484743696393136e-05,0.0049764772193658866
2020-02-03,T,-0.00560500470931426,-0.0031972230383724995,-2.5484743696393136e-05
2020-02-04,T,-0.008827662763144398,-0.00560500470931426,-0.0031972230383724995
2020-02-05,T,-0.011346830051407584,-0.008827662763144398,-0.00560500470931426
2020-02-06,T,-0.009397636827645191,-0.011346830051407584,-0.008827662763144398
2020-02-07,T,-0.0069072173452150104,-0.009397636827645191,-0.011346830051407584
2020-02-10,T,-0.004942980958951753,-0.0069072173452150104,-0.009397636827645191
2020-02-11,T,-0.0014147040117685457,-0.004942980958951753,-0.0069072173452150104
2020-02-12,T,2.8932968090133953e-05,-0.0014147040117685457,-0.004942980958951753
2020-02-13,T,0.0007889261618690444,2.8932968090133953e-05,-0.0014147040117685457
2020-02-14,T,0.0004779778381605145,0.0007889261618690444,2.8932968090133953e-05
2020-02-18,T,-3.428665621410429e-05,0.0004779778381605145,0.0007889261618690444
2020-02-19,T,-0.00016318428983163428,-3.428665621410429e-05,0.0004779778381605145
2020-02-20,T,0.0005855591343348611,-0.00016318428983163428,-3.428665621410429e-05
2020-02-21,T,0.0019786935186465243,0.0005855591343348611,-0.00016318428983163428
2020-02-24,T,0.0025463993880049263,0.0019786935186465243,0.0005855591343348611
2020-02-25,T,0.0020743266157666235,0.0025463993880049263,0.0019786935186465243
2020-02-26,T,8.173078999378445e-05,0.0020743266157666235,0.0025463993880049263
2020-02-27,T,-0.0029459039417828576,8.173078999378445e-05,0.0020743266157666235
2020-02-28,T,-0.009534345947633244,-0.0029459039417828576,8.173078999378445e-05
2019-01-02,DIS,-0.027201161674967105,-0.03317753416229643,-0.03454630454581315
2019-01-03,DIS,-0.01834942049036921,-0.027201161674967105,-0.03317753416229643
2019-01-04,DIS,-0.016507223533217517,-0.01834942049036921,-0.027201161674967105
2019-01-07,DIS,-0.012853701950104017,-0.016507223533217517,-0.01834942049036921
2019-01-08,DIS,-0.009161978863600526,-0.012853701950104017,-0.016507223533217517
2019-01-09,DIS,-0.006923526266387145,-0.009161978863600526,-0.012853701950104017
2019-01-10,DIS,-0.003096247647274953,-0.006923526266387145,-0.009161978863600526
2019-01-11,DIS,0.0030668636639045667,-0.003096247647274953,-0.006923526266387145
2019-01-14,DIS,0.006030805803158729,0.0030668636639045667,-0.003096247647274953
2019-01-15,DIS,0.007506308441373602,0.006030805803158729,0.0030668636639045667
2019-01-16,DIS,0.00786032191393614,0.007506308441373602,0.006030805803158729
2019-01-17,DIS,0.0063326196079398055,0.00786032191393614,0.007506308441373602
2019-01-18,DIS,0.0048203851559843235,0.0063326196079398055,0.00786032191393614
2019-01-22,DIS,0.0036336592216233317,0.0048203851559843235,0.0063326196079398055
2019-01-23,DIS,0.0025928792173632678,0.0036336592216233317,0.0048203851559843235
2019-01-24,DIS,0.002610434453645532,0.0025928792173632678,0.0036336592216233317
2019-01-25,DIS,0.002810490931978451,0.002610434453645532,0.0025928792173632678
2019-01-28,DIS,0.003369998660786902,0.002810490931978451,0.002610434453645532
2019-01-29,DIS,0.0033170726092883896,0.003369998660786902,0.002810490931978451
2019-01-30,DIS,0.003918648287890883,0.0033170726092883896,0.003369998660786902
2019-01-31,DIS,0.003265365491784138,0.003918648287890883,0.0033170726092883896
2019-02-01,DIS,0.0041850204837192186,0.003265365491784138,0.003918648287890883
2019-02-04,DIS,0.004461410058862486,0.0041850204837192186,0.003265365491784138
2019-02-05,DIS,0.005406308999801864,0.004461410058862486,0.0041850204837192186
2019-02-06,DIS,0.007082336523553418,0.005406308999801864,0.004461410058862486
2019-02-07,DIS,0.008331813380886502,0.007082336523553418,0.005406308999801864
2019-02-08,DIS,0.007778571728300702,0.008331813380886502,0.007082336523553418
2019-02-11,DIS,0.00769896406839208,0.007778571728300702,0.008331813380886502
2019-02-12,DIS,0.005552552718178049,0.00769896406839208,0.007778571728300702
2019-02-13,DIS,0.002145478731280229,0.005552552718178049,0.00769896406839208
2019-02-14,DIS,0.0002734426996393195,0.002145478731280229,0.005552552718178049
2019-02-15,DIS,-0.0013243884034299135,0.0002734426996393195,0.002145478731280229
2019-02-19,DIS,-0.0012185604982899165,-0.0013243884034299135,0.0002734426996393195
2019-02-20,DIS,0.0015525615033283736,-0.0012185604982899165,-0.0013243884034299135
2019-02-21,DIS,0.004742744139947872,0.0015525615033283736,-0.0012185604982899165
2019-02-22,DIS,0.007780565463944537,0.004742744139947872,0.0015525615033283736
2019-02-25,DIS,0.011021621970233694,0.007780565463944537,0.004742744139947872
2019-02-26,DIS,0.01096880095707187,0.011021621970233694,0.007780565463944537
2019-02-27,DIS,0.010462339266095922,0.01096880095707187,0.011021621970233694
2019-02-28,DIS,0.00938893565056428,0.010462339266095922,0.01096880095707187
2019-03-01,DIS,0.007932698697881336,0.00938893565056428,0.010462339266095922
2019-03-04,DIS,0.006668753613954625,0.007932698697881336,0.00938893565056428
2019-03-05,DIS,0.007125809324762091,0.006668753613954625,0.007932698697881336
2019-03-06,DIS,0.007393824158830452,0.007125809324762091,0.006668753613954625
2019-03-07,DIS,0.008902658021883628,0.007393824158830452,0.007125809324762091
2019-03-08,DIS,0.0096408890324134,0.008902658021883628,0.007393824158830452
2019-03-11,DIS,0.009096261555984572,0.0096408890324134,0.008902658021883628
2019-03-12,DIS,0.008987691135375746,0.009096261555984572,0.0096408890324134
2019-03-13,DIS,0.009156625885143625,0.008987691135375746,0.009096261555984572
2019-03-14,DIS,0.00804854348841884,0.009156625885143625,0.008987691135375746
2019-03-15,DIS,0.008032994404519598,0.00804854348841884,0.009156625885143625
2019-03-18,DIS,0.008478005821181255,0.008032994404519598,0.00804854348841884
2019-03-19,DIS,0.00679645337572024,0.008478005821181255,0.008032994404519598
2019-03-20,DIS,0.002742877667354399,0.00679645337572024,0.008478005821181255
2019-03-21,DIS,-0.000772663267931228,0.002742877667354399,0.00679645337572024
2019-03-22,DIS,-0.005786019536377227,-0.000772663267931228,0.002742877667354399
2019-03-25,DIS,-0.011449199150433341,-0.005786019536377227,-0.000772663267931228
2019-03-26,DIS,-0.015871730608751702,-0.011449199150433341,-0.005786019536377227
2019-03-27,DIS,-0.015532378199018721,-0.015871730608751702,-0.011449199150433341
2019-03-28,DIS,-0.014963848693608317,-0.015532378199018721,-0.015871730608751702
2019-03-29,DIS,-0.012998348991682087,-0.014963848693608317,-0.015532378199018721
2019-04-01,DIS,-0.010456695509672459,-0.012998348991682087,-0.014963848693608317
2019-04-02,DIS,-0.006311183086279932,-0.010456695509672459,-0.012998348991682087
2019-04-03,DIS,-0.004993639594751572,-0.006311183086279932,-0.010456695509672459
2019-04-04,DIS,-0.003406820008228284,-0.004993639594751572,-0.006311183086279932
2019-04-05,DIS,-0.0003818918378037365,-0.003406820008228284,-0.004993639594751572
2019-04-08,DIS,0.002582785979239438,-0.0003818918378037365,-0.003406820008228284
2019-04-09,DIS,0.004439425340665519,0.002582785979239438,-0.0003818918378037365
2019-04-10,DIS,0.008301238834415818,0.004439425340665519,0.002582785979239438
2019-04-11,DIS,0.011885775663528417,0.008301238834415818,0.004439425340665519
2019-04-12,DIS,0.013189459821361119,0.011885775663528417,0.008301238834415818
2019-04-15,DIS,0.024122683929192545,0.013189459821361119,0.011885775663528417
2019-04-16,DIS,0.035931164591240496,0.024122683929192545,0.013189459821361119
2019-04-17,DIS,0.04439669901377112,0.035931164591240496,0.024122683929192545
2019-04-18,DIS,0.053537665265268194,0.04439669901377112,0.035931164591240496
2019-04-22,DIS,0.06330053060385918,0.053537665265268194,0.04439669901377112
2019-04-23,DIS,0.062358513439647684,0.06330053060385918,0.053537665265268194
2019-04-24,DIS,0.06103016718186889,0.062358513439647684,0.06330053060385918
2019-04-25,DIS,0.06237696312289395,0.06103016718186889,0.062358513439647684
2019-04-26,DIS,0.06376613384250929,0.06237696312289395,0.06103016718186889
2019-04-29,DIS,0.06617161016046816,0.06376613384250929,0.06237696312289395
2019-04-30,DIS,0.06869416056832764,0.06617161016046816,0.06376613384250929
2019-05-01,DIS,0.06867063519009932,0.06869416056832764,0.06617161016046816
2019-05-02,DIS,0.0670362827720593,0.06867063519009932,0.06869416056832764
2019-05-03,DIS,0.06243470612196534,0.0670362827720593,0.06867063519009932
2019-05-06,DIS,0.05603623660051418,0.06243470612196534,0.0670362827720593
2019-05-07,DIS,0.050539750820508364,0.05603623660051418,0.06243470612196534
2019-05-08,DIS,0.04556949786126901,0.050539750820508364,0.05603623660051418
2019-05-09,DIS,0.041647744975277325,0.04556949786126901,0.050539750820508364
2019-05-10,DIS,0.03852379623125011,0.041647744975277325,0.04556949786126901
2019-05-13,DIS,0.035403806523419096,0.03852379623125011,0.041647744975277325
2019-05-14,DIS,0.03004159384903894,0.035403806523419096,0.03852379623125011
2019-05-15,DIS,0.0269845830341005,0.03004159384903894,0.035403806523419096
2019-05-16,DIS,0.02398872222855731,0.0269845830341005,0.03004159384903894
2019-05-17,DIS,0.022593367563795715,0.02398872222855731,0.0269845830341005
2019-05-20,DIS,0.02062997393571225,0.022593367563795715,0.02398872222855731
2019-05-21,DIS,0.020008700763024127,0.02062997393571225,0.022593367563795715
2019-05-22,DIS,0.018290176235399327,0.020008700763024127,0.02062997393571225
2019-05-23,DIS,0.015270951890418542,0.018290176235399327,0.020008700763024127
2019-05-24,DIS,0.010998990032259811,0.015270951890418542,0.018290176235399327
2019-05-28,DIS,0.007353141090333064,0.010998990032259811,0.015270951890418542
2019-05-29,DIS,0.004475668368585083,0.007353141090333064,0.010998990032259811
2019-05-30,DIS,0.0007864284624156933,0.004475668368585083,0.007353141090333064
2019-05-31,DIS,-0.002109555103443193,0.0007864284624156933,0.004475668368585083
2019-06-03,DIS,-0.0042274657107205064,-0.002109555103443193,0.0007864284624156933
2019-06-04,DIS,-0.006166489688507327,-0.0042274657107205064,-0.002109555103443193
2019-06-05,DIS,-0.005012762399841774,-0.006166489688507327,-0.0042274657107205064
2019-06-06,DIS,-0.002144223737284809,-0.005012762399841774,-0.006166489688507327
2019-06-07,DIS,0.0008164184070860081,-0.002144223737284809,-0.005012762399841774
2019-06-10,DIS,0.004588967560435278,0.0008164184070860081,-0.002144223737284809
2019-06-11,DIS,0.0074767294419244845,0.004588967560435278,0.0008164184070860081
2019-06-12,DIS,0.007306234313527381,0.0074767294419244845,0.004588967560435278
2019-06-13,DIS,0.006894997673213135,0.007306234313527381,0.0074767294419244845
2019-06-14,DIS,0.009496108747809854,0.006894997673213135,0.007306234313527381
2019-06-17,DIS,0.011647224082997553,0.009496108747809854,0.006894997673213135
2019-06-18,DIS,0.014348718610802502,0.011647224082997553,0.009496108747809854
2019-06-19,DIS,0.01733751655819938,0.014348718610802502,0.011647224082997553
2019-06-20,DIS,0.020622963480457203,0.01733751655819938,0.014348718610802502
2019-06-21,DIS,0.02022625866773669,0.020622963480457203,0.01733751655819938
2019-06-24,DIS,0.01857623621665444,0.02022625866773669,0.020622963480457203
2019-06-25,DIS,0.016816137801882864,0.01857623621665444,0.02022625866773669
2019-06-26,DIS,0.016794896595504174,0.016816137801882864,0.01857623621665444
2019-06-27,DIS,0.01569335321593915,0.016794896595504174,0.016816137801882864
2019-06-28,DIS,0.013299799163331424,0.01569335321593915,0.016794896595504174
2019-07-01,DIS,0.012243395456674102,0.013299799163331424,0.01569335321593915
2019-07-02,DIS,0.013182794662927102,0.012243395456674102,0.013299799163331424
2019-07-03,DIS,0.013857375217987047,0.013182794662927102,0.012243395456674102
2019-07-05,DIS,0.014667650707770026,0.013857375217987047,0.013182794662927102
2019-07-08,DIS,0.016613786262116157,0.014667650707770026,0.013857375217987047
2019-07-09,DIS,0.01753320595447962,0.016613786262116157,0.014667650707770026
2019-07-10,DIS,0.01734764217480809,0.01753320595447962,0.016613786262116157
2019-07-11,DIS,0.017587561748874825,0.01734764217480809,0.01753320595447962
2019-07-12,DIS,0.017543067578981907,0.017587561748874825,0.01734764217480809
2019-07-15,DIS,0.018016232344714344,0.017543067578981907,0.017587561748874825
2019-07-16,DIS,0.019474005541830857,0.018016232344714344,0.017543067578981907
2019-07-17,DIS,0.02006954732441238,0.019474005541830857,0.018016232344714344
2019-07-18,DIS,0.018288868783147044,0.02006954732441238,0.019474005541830857
2019-07-19,DIS,0.01583149977624785,0.018288868783147044,0.02006954732441238
2019-07-22,DIS,0.011451580473147151,0.01583149977624785,0.018288868783147044
2019-07-23,DIS,0.007501764340042668,0.011451580473147151,0.01583149977624785
2019-07-24,DIS,0.004372888004069649,0.007501764340042668,0.011451580473147151
2019-07-25,DIS,0.002721425917646852,0.004372888004069649,0.007501764340042668
2019-07-26,DIS,0.003015642275287589,0.002721425917646852,0.004372888004069649
2019-07-29,DIS,0.00555936209288661,0.003015642275287589,0.002721425917646852
2019-07-30,DIS,0.008512292054160726,0.00555936209288661,0.003015642275287589
2019-07-31,DIS,0.010184168559527192,0.008512292054160726,0.00555936209288661
2019-08-01,DIS,0.010490679930238696,0.010184168559527192,0.008512292054160726
2019-08-02,DIS,0.00884535246843681,0.010490679930238696,0.010184168559527192
2019-08-05,DIS,0.0067170537614098585,0.00884535246843681,0.010490679930238696
2019-08-06,DIS,0.001300580770600212,0.0067170537614098585,0.00884535246843681
2019-08-07,DIS,-0.0010379138376189275,0.001300580770600212,0.0067170537614098585
2019-08-08,DIS,-0.006481781507465249,-0.0010379138376189275,0.001300580770600212
2019-08-09,DIS,-0.009105650587110884,-0.006481781507465249,-0.0010379138376189275
2019-08-12,DIS,-0.011141699914820556,-0.009105650587110884,-0.006481781507465249
2019-08-13,DIS,-0.012623331592164872,-0.011141699914820556,-0.009105650587110884
2019-08-14,DIS,-0.016025726598243847,-0.012623331592164872,-0.011141699914820556
2019-08-15,DIS,-0.016866584268625716,-0.016025726598243847,-0.012623331592164872
2019-08-16,DIS,-0.019540219479507046,-0.016866584268625716,-0.016025726598243847
2019-08-19,DIS,-0.021666518749058512,-0.019540219479507046,-0.016866584268625716
2019-08-20,DIS,-0.021653546038864414,-0.021666518749058512,-0.019540219479507046
2019-08-21,DIS,-0.02247650107078883,-0.021653546038864414,-0.021666518749058512
2019-08-22,DIS,-0.0197175754925894,-0.02247650107078883,-0.021653546038864414
2019-08-23,DIS,-0.017131005774586473,-0.0197175754925894,-0.02247650107078883
2019-08-26,DIS,-0.01864314453933801,-0.017131005774586473,-0.0197175754925894
2019-08-27,DIS,-0.018493014441418272,-0.01864314453933801,-0.017131005774586473
2019-08-28,DIS,-0.018240142458785517,-0.018493014441418272,-0.01864314453933801
2019-08-29,DIS,-0.0169373871124918,-0.018240142458785517,-0.018493014441418272
2019-08-30,DIS,-0.015045915503619995,-0.0169373871124918,-0.018240142458785517
2019-09-03,DIS,-0.01014112011186922,-0.015045915503619995,-0.0169373871124918
2019-09-04,DIS,-0.00799375244637012,-0.01014112011186922,-0.015045915503619995
2019-09-05,DIS,-0.004848352528251886,-0.00799375244637012,-0.01014112011186922
2019-09-06,DIS,-0.0027968392186137675,-0.004848352528251886,-0.00799375244637012
2019-09-09,DIS,-0.0013411587691466824,-0.0027968392186137675,-0.004848352528251886
2019-09-10,DIS,-9.91670376562029e-05,-0.0013411587691466824,-0.0027968392186137675
2019-09-11,DIS,4.652882348473123e-05,-9.91670376562029e-05,-0.0013411587691466824
2019-09-12,DIS,-0.0006607889944847069,4.652882348473123e-05,-9.91670376562029e-05
2019-09-13,DIS,-0.0012414485116836287,-0.0006607889944847069,4.652882348473123e-05
2019-09-16,DIS,-0.0018169329509777775,-0.0012414485116836287,-0.0006607889944847069
2019-09-17,DIS,-0.003110659406574262,-0.0018169329509777775,-0.0012414485116836287
2019-09-18,DIS,-0.0016820381244268318,-0.003110659406574262,-0.0018169329509777775
2019-09-19,DIS,-0.00038911891437902615,-0.0016820381244268318,-0.003110659406574262
2019-09-20,DIS,-0.002453209247282049,-0.00038911891437902615,-0.0016820381244268318
2019-09-23,DIS,-0.005695598561030102,-0.002453209247282049,-0.00038911891437902615
2019-09-24,DIS,-0.007208228677237852,-0.005695598561030102,-0.002453209247282049
2019-09-25,DIS,-0.009787339319980385,-0.007208228677237852,-0.005695598561030102
2019-09-26,DIS,-0.01165369840280293,-0.009787339319980385,-0.007208228677237852
2019-09-27,DIS,-0.01280864693326325,-0.01165369840280293,-0.009787339319980385
2019-09-30,DIS,-0.013722851493233164,-0.01280864693326325,-0.01165369840280293
2019-10-01,DIS,-0.014483820922581365,-0.013722851493233164,-0.01280864693326325
2019-10-02,DIS,-0.015674118807809712,-0.014483820922581365,-0.013722851493233164
2019-10-03,DIS,-0.017868179656447845,-0.015674118807809712,-0.014483820922581365
2019-10-04,DIS,-0.019773978332492805,-0.017868179656447845,-0.015674118807809712
2019-10-07,DIS,-0.019201472296734946,-0.019773978332492805,-0.017868179656447845
2019-10-08,DIS,-0.018297345119528904,-0.019201472296734946,-0.019773978332492805
2019-10-09,DIS,-0.018406070671178346,-0.018297345119528904,-0.019201472296734946
2019-10-10,DIS,-0.017641872157001606,-0.018406070671178346,-0.018297345119528904
2019-10-11,DIS,-0.016039184799359264,-0.017641872157001606,-0.018406070671178346
2019-10-14,DIS,-0.015585134247499601,-0.016039184799359264,-0.017641872157001606
2019-10-15,DIS,-0.016301135169118276,-0.015585134247499601,-0.016039184799359264
2019-10-16,DIS,-0.014786727109160985,-0.016301135169118276,-0.015585134247499601
2019-10-17,DIS,-0.013219610819061475,-0.014786727109160985,-0.016301135169118276
2019-10-18,DIS,-0.010445720066866991,-0.013219610819061475,-0.014786727109160985
2019-10-21,DIS,-0.009034452732271565,-0.010445720066866991,-0.013219610819061475
2019-10-22,DIS,-0.007854433537767724,-0.009034452732271565,-0.010445720066866991
2019-10-23,DIS,-0.005420218870411759,-0.007854433537767724,-0.009034452732271565
2019-10-24,DIS,-0.004486940879887462,-0.005420218870411759,-0.007854433537767724
2019-10-25,DIS,-0.005169912199283451,-0.004486940879887462,-0.005420218870411759
2019-10-28,DIS,-0.0042277561119929636,-0.005169912199283451,-0.004486940879887462
2019-10-29,DIS,-0.0031233122501383233,-0.0042277561119929636,-0.005169912199283451
2019-10-30,DIS,-0.004672459730289663,-0.0031233122501383233,-0.0042277561119929636
2019-10-31,DIS,-0.005131172557605667,-0.004672459730289663,-0.0031233122501383233
2019-11-01,DIS,-0.004568314307901113,-0.005131172557605667,-0.004672459730289663
2019-11-04,DIS,-0.0025744164689369877,-0.004568314307901113,-0.005131172557605667
2019-11-05,DIS,-0.0004318700090533455,-0.0025744164689369877,-0.004568314307901113
2019-11-06,DIS,0.0016005233802179226,-0.0004318700090533455,-0.0025744164689369877
2019-11-07,DIS,0.0034743544680506753,0.0016005233802179226,-0.0004318700090533455
2019-11-08,DIS,0.005815084916678833,0.0034743544680506753,0.0016005233802179226
2019-11-11,DIS,0.009117035918551923,0.005815084916678833,0.0034743544680506753
2019-11-12,DIS,0.011507195446222657,0.009117035918551923,0.005815084916678833
2019-11-13,DIS,0.016075950774685495,0.011507195446222657,0.009117035918551923
2019-11-14,DIS,0.027086895778612247,0.016075950774685495,0.011507195446222657
2019-11-15,DIS,0.03546494509875293,0.027086895778612247,0.016075950774685495
2019-11-18,DIS,0.038581348775362394,0.03546494509875293,0.027086895778612247
2019-11-19,DIS,0.04426978117927024,0.038581348775362394,0.03546494509875293
2019-11-20,DIS,0.04893870449996659,0.04426978117927024,0.038581348775362394
2019-11-21,DIS,0.04583001051401786,0.04893870449996659,0.04426978117927024
2019-11-22,DIS,0.04367038761247749,0.04583001051401786,0.04893870449996659
2019-11-25,DIS,0.04421870282356306,0.04367038761247749,0.04583001051401786
2019-11-26,DIS,0.043617247722414085,0.04421870282356306,0.04367038761247749
2019-11-27,DIS,0.04338106963664491,0.043617247722414085,0.04421870282356306
2019-11-29,DIS,0.044114665410342604,0.04338106963664491,0.043617247722414085
2019-12-02,DIS,0.044917252885489596,0.044114665410342604,0.04338106963664491
2019-12-03,DIS,0.044329609197174394,0.044917252885489596,0.044114665410342604
2019-12-04,DIS,0.04165085413628773,0.044329609197174394,0.044917252885489596
2019-12-05,DIS,0.03752036647596668,0.04165085413628773,0.044329609197174394
2019-12-06,DIS,0.03312914437287388,0.03752036647596668,0.04165085413628773
2019-12-09,DIS,0.02893984564397584,0.03312914437287388,0.03752036647596668
2019-12-10,DIS,0.024405820862979582,0.02893984564397584,0.03312914437287388
2019-12-11,DIS,0.02111802638184705,0.024405820862979582,0.02893984564397584
2019-12-12,DIS,0.019113592499140512,0.02111802638184705,0.024405820862979582
2019-12-13,DIS,0.017655410389041448,0.019113592499140512,0.02111802638184705
2019-12-16,DIS,0.01567433980869223,0.017655410389041448,0.019113592499140512
2019-12-17,DIS,0.01595880527722954,0.01567433980869223,0.017655410389041448
2019-12-18,DIS,0.01585601069197214,0.01595880527722954,0.01567433980869223
2019-12-19,DIS,0.013795281639440944,0.01585601069197214,0.01595880527722954
2019-12-20,DIS,0.01157346160852579,0.013795281639440944,0.01585601069197214
2019-12-23,DIS,0.010152958991470137,0.01157346160852579,0.013795281639440944
2019-12-24,DIS,0.006317669144525035,0.010152958991470137,0.01157346160852579
2019-12-26,DIS,0.0033481155853457346,0.006317669144525035,0.010152958991470137
2019-12-27,DIS,0.0014839141338634332,0.0033481155853457346,0.006317669144525035
2019-12-30,DIS,-0.0002887961700095664,0.0014839141338634332,0.0033481155853457346
2019-12-31,DIS,-0.0035643753887292682,-0.0002887961700095664,0.0014839141338634332
2020-01-02,DIS,-0.004330939143190085,-0.0035643753887292682,-0.0002887961700095664
2020-01-03,DIS,-0.0035256536525996663,-0.004330939143190085,-0.0035643753887292682
2020-01-06,DIS,-0.003827782548086164,-0.0035256536525996663,-0.004330939143190085
2020-01-07,DIS,-0.003683927899312105,-0.003827782548086164,-0.0035256536525996663
2020-01-08,DIS,-0.0023056902291885774,-0.003683927899312105,-0.003827782548086164
2020-01-09,DIS,-0.0019339199191938362,-0.0023056902291885774,-0.003683927899312105
2020-01-10,DIS,-0.004054057533645844,-0.0019339199191938362,-0.0023056902291885774
2020-01-13,DIS,-0.005066787810073556,-0.004054057533645844,-0.0019339199191938362
2020-01-14,DIS,-0.006075092439510951,-0.005066787810073556,-0.004054057533645844
2020-01-15,DIS,-0.006339917134383877,-0.006075092439510951,-0.005066787810073556
2020-01-16,DIS,-0.0067855470724401965,-0.006339917134383877,-0.006075092439510951
2020-01-17,DIS,-0.006226286350618176,-0.0067855470724401965,-0.006339917134383877
2020-01-21,DIS,-0.005801446103219561,-0.006226286350618176,-0.0067855470724401965
2020-01-22,DIS,-0.005336918200727878,-0.005801446103219561,-0.006226286350618176
2020-01-23,DIS,-0.005508538733380788,-0.005336918200727878,-0.005801446103219561
2020-01-24,DIS,-0.006242853481618937,-0.005508538733380788,-0.005336918200727878
2020-01-27,DIS,-0.009011350996933898,-0.006242853481618937,-0.005508538733380788
2020-01-28,DIS,-0.013817100541733778,-0.009011350996933898,-0.006242853481618937
2020-01-29,DIS,-0.016699808962166406,-0.013817100541733778,-0.009011350996933898
2020-01-30,DIS,-0.02134631154990634,-0.016699808962166406,-0.013817100541733778
2020-01-31,DIS,-0.023779742265754206,-0.02134631154990634,-0.016699808962166406
2020-02-03,DIS,-0.02438166987044896,-0.023779742265754206,-0.02134631154990634
2020-02-04,DIS,-0.019916976143420886,-0.02438166987044896,-0.023779742265754206
2020-02-05,DIS,-0.015129867651144557,-0.019916976143420886,-0.02438166987044896
2020-02-06,DIS,-0.01084502684567508,-0.015129867651144557,-0.019916976143420886
2020-02-07,DIS,-0.006809511585175341,-0.01084502684567508,-0.015129867651144557
2020-02-10,DIS,-0.004232723592246083,-0.006809511585175341,-0.01084502684567508
2020-02-11,DIS,-0.002974965989707252,-0.004232723592246083,-0.006809511585175341
2020-02-12,DIS,-0.00508007042295245,-0.002974965989707252,-0.004232723592246083
2020-02-13,DIS,-0.0042394457916520465,-0.00508007042295245,-0.002974965989707252
2020-02-14,DIS,-0.0051324724258856175,-0.0042394457916520465,-0.00508007042295245
2020-02-18,DIS,-0.0056046652245178,-0.0051324724258856175,-0.0042394457916520465
2020-02-19,DIS,-0.007397458609267339,-0.0056046652245178,-0.0051324724258856175
2020-02-20,DIS,-0.006745046665641734,-0.007397458609267339,-0.0056046652245178
2020-02-21,DIS,-0.007458084698494931,-0.006745046665641734,-0.007397458609267339
2020-02-24,DIS,-0.00826773619882111,-0.007458084698494931,-0.006745046665641734
2020-02-25,DIS,-0.011429787924350515,-0.00826773619882111,-0.007458084698494931
2020-02-26,DIS,-0.017545880227374147,-0.011429787924350515,-0.00826773619882111
2020-02-27,DIS,-0.028611976696485908,-0.017545880227374147,-0.011429787924350515
2020-02-28,DIS,-0.042881798140805776,-0.028611976696485908,-0.017545880227374147
2019-01-02,MSFT,-0.02935601228233126,-0.034055920513893716,-0.03385065303451805
2019-01-03,MSFT,-0.02101470271038805,-0.02935601228233126,-0.034055920513893716
2019-01-04,MSFT,-0.02256398749051592,-0.02101470271038805,-0.02935601228233126
2019-01-07,MSFT,-0.02120755103917494,-0.02256398749051592,-0.02101470271038805
2019-01-08,MSFT,-0.018946564564026044,-0.02120755103917494,-0.02256398749051592
2019-01-09,MSFT,-0.017432360782064532,-0.018946564564026044,-0.02120755103917494
2019-01-10,MSFT,-0.013914925760957726,-0.017432360782064532,-0.018946564564026044
2019-01-11,MSFT,-0.007214548426893325,-0.013914925760957726,-0.017432360782064532
2019-01-14,MSFT,-0.006121018963683016,-0.007214548426893325,-0.013914925760957726
2019-01-15,MSFT,-0.006177235331924546,-0.006121018963683016,-0.007214548426893325
2019-01-16,MSFT,-0.004298353469931582,-0.006177235331924546,-0.006121018963683016
2019-01-17,MSFT,-0.0035434011687306174,-0.004298353469931582,-0.006177235331924546
2019-01-18,MSFT,-0.0010729421984464454,-0.0035434011687306174,-0.004298353469931582
2019-01-22,MSFT,0.0035359173841092014,-0.0010729421984464454,-0.0035434011687306174
2019-01-23,MSFT,0.0077168554959673894,0.0035359173841092014,-0.0010729421984464454
2019-01-24,MSFT,0.009794814108546879,0.0077168554959673894,0.0035359173841092014
2019-01-25,MSFT,0.011208383381316847,0.009794814108546879,0.0077168554959673894
2019-01-28,MSFT,0.012868704193632417,0.011208383381316847,0.009794814108546879
2019-01-29,MSFT,0.010870735740307199,0.012868704193632417,0.011208383381316847
2019-01-30,MSFT,0.009143651356500965,0.010870735740307199,0.012868704193632417
2019-01-31,MSFT,0.008616300740094727,0.009143651356500965,0.010870735740307199
2019-02-01,MSFT,0.007372002797285183,0.008616300740094727,0.009143651356500965
2019-02-04,MSFT,0.003982936752579354,0.007372002797285183,0.008616300740094727
2019-02-05,MSFT,0.005076407045726729,0.003982936752579354,0.007372002797285183
2019-02-06,MSFT,0.009465165438202892,0.005076407045726729,0.003982936752579354
2019-02-07,MSFT,0.009132732295642439,0.009465165438202892,0.005076407045726729
2019-02-08,MSFT,0.00960130451141932,0.009132732295642439,0.009465165438202892
2019-02-11,MSFT,0.012100427538200625,0.00960130451141932,0.009132732295642439
2019-02-12,MSFT,0.011422617954631694,0.012100427538200625,0.00960130451141932
2019-02-13,MSFT,0.010368936932984334,0.011422617954631694,0.012100427538200625
2019-02-14,MSFT,0.009924365211043893,0.010368936932984334,0.011422617954631694
2019-02-15,MSFT,0.009707268019092783,0.009924365211043893,0.010368936932984334
2019-02-19,MSFT,0.011051711120585225,0.009707268019092783,0.009924365211043893
2019-02-20,MSFT,0.012822874885505774,0.011051711120585225,0.009707268019092783
2019-02-21,MSFT,0.012506611893606632,0.012822874885505774,0.011051711120585225
2019-02-22,MSFT,0.014220166297549405,0.012506611893606632,0.012822874885505774
2019-02-25,MSFT,0.017002227462805993,0.014220166297549405,0.012506611893606632
2019-02-26,MSFT,0.018532632640467384,0.017002227462805993,0.014220166297549405
2019-02-27,MSFT,0.021294889180125114,0.018532632640467384,0.017002227462805993
2019-02-28,MSFT,0.02440095724518803,0.021294889180125114,0.018532632640467384
2019-03-01,MSFT,0.025447581796901243,0.02440095724518803,0.021294889180125114
2019-03-04,MSFT,0.025671963961783294,0.025447581796901243,0.02440095724518803
2019-03-05,MSFT,0.02505050914446505,0.025671963961783294,0.025447581796901243
2019-03-06,MSFT,0.023215749107739422,0.02505050914446505,0.025671963961783294
2019-03-07,MSFT,0.021491410708393707,0.023215749107739422,0.02505050914446505
2019-03-08,MSFT,0.019251780201572703,0.021491410708393707,0.023215749107739422
2019-03-11,MSFT,0.01670063558042804,0.019251780201572703,0.021491410708393707
2019-03-12,MSFT,0.016263216330158446,0.01670063558042804,0.019251780201572703
2019-03-13,MSFT,0.01714034052153359,0.016263216330158446,0.01670063558042804
2019-03-14,MSFT,0.018369187440741435,0.01714034052153359,0.016263216330158446
2019-03-15,MSFT,0.02099398804898351,0.018369187440741435,0.01714034052153359
2019-03-18,MSFT,0.02440403934760988,0.02099398804898351,0.018369187440741435
2019-03-19,MSFT,0.027109711097748464,0.02440403934760988,0.02099398804898351
2019-03-20,MSFT,0.028892579619340893,0.027109711097748464,0.02440403934760988
2019-03-21,MSFT,0.029532794934086115,0.028892579619340893,0.027109711097748464
2019-03-22,MSFT,0.03247983706197089,0.029532794934086115,0.028892579619340893
2019-03-25,MSFT,0.031759426787399354,0.03247983706197089,0.029532794934086115
2019-03-26,MSFT,0.029865395946745598,0.031759426787399354,0.03247983706197089
2019-03-27,MSFT,0.028467850067484788,0.029865395946745598,0.031759426787399354
2019-03-28,MSFT,0.026553740942157168,0.028467850067484788,0.029865395946745598
2019-03-29,MSFT,0.022310460006467303,0.026553740942157168,0.028467850067484788
2019-04-01,MSFT,0.021401076766778347,0.022310460006467303,0.026553740942157168
2019-04-02,MSFT,0.020809092099776803,0.021401076766778347,0.022310460006467303
2019-04-03,MSFT,0.020078622197589626,0.020809092099776803,0.021401076766778347
2019-04-04,MSFT,0.021080205344314935,0.020078622197589626,0.020809092099776803
2019-04-05,MSFT,0.021493486810288894,0.021080205344314935,0.020078622197589626
2019-04-08,MSFT,0.02144742917584238,0.021493486810288894,0.021080205344314935
2019-04-09,MSFT,0.02069224691633652,0.02144742917584238,0.021493486810288894
2019-04-10,MSFT,0.019330516879021178,0.02069224691633652,0.02144742917584238
2019-04-11,MSFT,0.017899562396490036,0.019330516879021178,0.02069224691633652
2019-04-12,MSFT,0.017360637088913472,0.017899562396490036,0.019330516879021178
2019-04-15,MSFT,0.01701450702853529,0.017360637088913472,0.017899562396490036
2019-04-16,MSFT,0.01678347834269955,0.01701450702853529,0.017360637088913472
2019-04-17,MSFT,0.016988597553985376,0.01678347834269955,0.01701450702853529
2019-04-18,MSFT,0.017121804571230848,0.016988597553985376,0.01678347834269955
2019-04-22,MSFT,0.01824424790799349,0.017121804571230848,0.016988597553985376
2019-04-23,MSFT,0.019183114364973386,0.01824424790799349,0.017121804571230848
2019-04-24,MSFT,0.021164332247673796,0.019183114364973386,0.01824424790799349
2019-04-25,MSFT,0.022988324623316823,0.021164332247673796,0.019183114364973386
2019-04-26,MSFT,0.026811845073770532,0.022988324623316823,0.021164332247673796
2019-04-29,MSFT,0.029644903110261946,0.026811845073770532,0.022988324623316823
2019-04-30,MSFT,0.032065671036694124,0.029644903110261946,0.026811845073770532
2019-05-01,MSFT,0.033970665281023354,0.032065671036694124,0.029644903110261946
2019-05-02,MSFT,0.03450298366273947,0.033970665281023354,0.032065671036694124
2019-05-03,MSFT,0.030848092546915246,0.03450298366273947,0.033970665281023354
2019-05-06,MSFT,0.028396968002950766,0.030848092546915246,0.03450298366273947
2019-05-07,MSFT,0.02570202360980343,0.028396968002950766,0.030848092546915246
2019-05-08,MSFT,0.020800262086191595,0.02570202360980343,0.028396968002950766
2019-05-09,MSFT,0.018018117426932656,0.020800262086191595,0.02570202360980343
2019-05-10,MSFT,0.01652779021960386,0.018018117426932656,0.020800262086191595
2019-05-13,MSFT,0.014324989679742727,0.01652779021960386,0.018018117426932656
2019-05-14,MSFT,0.009780139597900313,0.014324989679742727,0.01652779021960386
2019-05-15,MSFT,0.00832923171188328,0.009780139597900313,0.014324989679742727
2019-05-16,MSFT,0.008114574760675555,0.00832923171188328,0.009780139597900313
2019-05-17,MSFT,0.009759022570370018,0.008114574760675555,0.00832923171188328
2019-05-20,MSFT,0.009539496008961668,0.009759022570370018,0.008114574760675555
2019-05-21,MSFT,0.011164623938331541,0.009539496008961668,0.009759022570370018
2019-05-22,MSFT,0.012277681481998873,0.011164623938331541,0.009539496008961668
2019-05-23,MSFT,0.01254749456866381,0.012277681481998873,0.011164623938331541
2019-05-24,MSFT,0.00962394059811393,0.01254749456866381,0.012277681481998873
2019-05-28,MSFT,0.007342507341375869,0.00962394059811393,0.01254749456866381
2019-05-29,MSFT,0.006527392741870163,0.007342507341375869,0.00962394059811393
2019-05-30,MSFT,0.004354454804040089,0.006527392741870163,0.007342507341375869
2019-05-31,MSFT,0.002029445070950971,0.004354454804040089,0.006527392741870163
2019-06-03,MSFT,-0.0004090926418811207,0.002029445070950971,0.004354454804040089
2019-06-04,MSFT,-0.005535714801506237,-0.0004090926418811207,0.002029445070950971
2019-06-05,MSFT,-0.008261784612060171,-0.005535714801506237,-0.0004090926418811207
2019-06-06,MSFT,-0.008135957007341583,-0.008261784612060171,-0.005535714801506237
2019-06-07,MSFT,-0.007299892734421519,-0.008135957007341583,-0.008261784612060171
2019-06-10,MSFT,-0.00225837847807499,-0.007299892734421519,-0.008135957007341583
2019-06-11,MSFT,0.006702832752267805,-0.00225837847807499,-0.007299892734421519
2019-06-12,MSFT,0.012636845649927014,0.006702832752267805,-0.00225837847807499
2019-06-13,MSFT,0.016239029882321288,0.012636845649927014,0.006702832752267805
2019-06-14,MSFT,0.018785408374848545,0.016239029882321288,0.012636845649927014
2019-06-17,MSFT,0.019155981286665246,0.018785408374848545,0.016239029882321288
2019-06-18,MSFT,0.01895908629323357,0.019155981286665246,0.018785408374848545
2019-06-19,MSFT,0.0206090044652695,0.01895908629323357,0.019155981286665246
2019-06-20,MSFT,0.023135252338702547,0.0206090044652695,0.01895908629323357
2019-06-21,MSFT,0.025518295806904734,0.023135252338702547,0.0206090044652695
2019-06-24,MSFT,0.027611156168322982,0.025518295806904734,0.023135252338702547
2019-06-25,MSFT,0.030192487896079086,0.027611156168322982,0.025518295806904734
2019-06-26,MSFT,0.028286105710796716,0.030192487896079086,0.027611156168322982
2019-06-27,MSFT,0.026009436932607818,0.028286105710796716,0.030192487896079086
2019-06-28,MSFT,0.02293775466232851,0.026009436932607818,0.028286105710796716
2019-07-01,MSFT,0.019723038138938945,0.02293775466232851,0.026009436932607818
2019-07-02,MSFT,0.017167506942595338,0.019723038138938945,0.02293775466232851
2019-07-03,MSFT,0.018003436708160507,0.017167506942595338,0.019723038138938945
2019-07-05,MSFT,0.019167364193716965,0.018003436708160507,0.017167506942595338
2019-07-08,MSFT,0.020101561283737843,0.019167364193716965,0.018003436708160507
2019-07-09,MSFT,0.021423272467506117,0.020101561283737843,0.019167364193716965
2019-07-10,MSFT,0.02107948158067923,0.021423272467506117,0.020101561283737843
2019-07-11,MSFT,0.020742172985421085,0.02107948158067923,0.021423272467506117
2019-07-12,MSFT,0.020180309239722992,0.020742172985421085,0.02107948158067923
2019-07-15,MSFT,0.02030343833364179,0.020180309239722992,0.020742172985421085
2019-07-16,MSFT,0.020337848481279484,0.02030343833364179,0.020180309239722992
2019-07-17,MSFT,0.01962034809596299,0.020337848481279484,0.02030343833364179
2019-07-18,MSFT,0.017391209408896297,0.01962034809596299,0.020337848481279484
2019-07-19,MSFT,0.014724372865080115,0.017391209408896297,0.01962034809596299
2019-07-22,MSFT,0.01190035300174506,0.014724372865080115,0.017391209408896297
2019-07-23,MSFT,0.009985594316872601,0.01190035300174506,0.014724372865080115
2019-07-24,MSFT,0.009531274248263855,0.009985594316872601,0.01190035300174506
2019-07-25,MSFT,0.010901946654089676,0.009531274248263855,0.009985594316872601
2019-07-26,MSFT,0.012106663923213414,0.010901946654089676,0.009531274248263855
2019-07-29,MSFT,0.014068257639058432,0.012106663923213414,0.010901946654089676
2019-07-30,MSFT,0.014912126626822758,0.014068257639058432,0.012106663923213414
2019-07-31,MSFT,0.014854813465931621,0.014912126626822758,0.014068257639058432
2019-08-01,MSFT,0.011247305394908026,0.014854813465931621,0.014912126626822758
2019-08-02,MSFT,0.009035957374196239,0.011247305394908026,0.014854813465931621
2019-08-05,MSFT,0.005363473745140028,0.009035957374196239,0.011247305394908026
2019-08-06,MSFT,-0.001019564489267078,0.005363473745140028,0.009035957374196239
2019-08-07,MSFT,-0.005367217402837951,-0.001019564489267078,0.005363473745140028
2019-08-08,MSFT,-0.006110181257061239,-0.005367217402837951,-0.001019564489267078
2019-08-09,MSFT,-0.00583099306748287,-0.006110181257061239,-0.005367217402837951
2019-08-12,MSFT,-0.00531312708187656,-0.00583099306748287,-0.006110181257061239
2019-08-13,MSFT,-0.00256015617791293,-0.00531312708187656,-0.00583099306748287
2019-08-14,MSFT,0.00021134241910167483,-0.00256015617791293,-0.00531312708187656
2019-08-15,MSFT,-0.0005148149292182222,0.00021134241910167483,-0.00256015617791293
2019-08-16,MSFT,-0.004023134019935642,-0.0005148149292182222,0.00021134241910167483
2019-08-19,MSFT,-0.0051047261142397595,-0.004023134019935642,-0.0005148149292182222
2019-08-20,MSFT,-0.003353599125707131,-0.0051047261142397595,-0.004023134019935642
2019-08-21,MSFT,-0.0042124553198227025,-0.003353599125707131,-0.0051047261142397595
2019-08-22,MSFT,-0.0009629361717651076,-0.0042124553198227025,-0.003353599125707131
2019-08-23,MSFT,0.0019431352954127107,-0.0009629361717651076,-0.0042124553198227025
2019-08-26,MSFT,0.00028400459575806243,0.0019431352954127107,-0.0009629361717651076
2019-08-27,MSFT,-0.001769280111007801,0.00028400459575806243,0.0019431352954127107
2019-08-28,MSFT,-0.0028559413864921537,-0.001769280111007801,0.00028400459575806243
2019-08-29,MSFT,-0.005041434050885799,-0.0028559413864921537,-0.001769280111007801
2019-08-30,MSFT,-0.0048094513377655,-0.005041434050885799,-0.0028559413864921537
2019-09-03,MSFT,-0.0014646930730077428,-0.0048094513377655,-0.005041434050885799
2019-09-04,MSFT,-0.0007824788342541226,-0.0014646930730077428,-0.0048094513377655
2019-09-05,MSFT,0.0004936905665756901,-0.0007824788342541226,-0.0014646930730077428
2019-09-06,MSFT,0.0033179545272006396,0.0004936905665756901,-0.0007824788342541226
2019-09-09,MSFT,0.0037014374534855123,0.0033179545272006396,0.0004936905665756901
2019-09-10,MSFT,0.0033142251345238353,0.0037014374534855123,0.0033179545272006396
2019-09-11,MSFT,0.0035401627357492123,0.0033142251345238353,0.0037014374534855123
2019-09-12,MSFT,0.002727606923298944,0.0035401627357492123,0.0033142251345238353
2019-09-13,MSFT,0.0011728796407307065,0.002727606923298944,0.0035401627357492123
2019-09-16,MSFT,0.0001253863569695703,0.0011728796407307065,0.002727606923298944
2019-09-17,MSFT,-0.00027038366214365367,0.0001253863569695703,0.0011728796407307065
2019-09-18,MSFT,0.0010186771889595025,-0.00027038366214365367,0.0001253863569695703
2019-09-19,MSFT,0.0029108459842788438,0.0010186771889595025,-0.00027038366214365367
2019-09-20,MSFT,0.0049386491831915754,0.0029108459842788438,0.0010186771889595025
2019-09-23,MSFT,0.006279070798654057,0.0049386491831915754,0.0029108459842788438
2019-09-24,MSFT,0.008021785312944126,0.006279070798654057,0.0049386491831915754
2019-09-25,MSFT,0.007429652953716288,0.008021785312944126,0.006279070798654057
2019-09-26,MSFT,0.007500086212378949,0.007429652953716288,0.008021785312944126
2019-09-27,MSFT,0.005910366139158206,0.007500086212378949,0.007429652953716288
2019-09-30,MSFT,0.004751157689720962,0.005910366139158206,0.007500086212378949
2019-10-01,MSFT,0.0044869762897306546,0.004751157689720962,0.005910366139158206
2019-10-02,MSFT,0.004083337748795494,0.0044869762897306546,0.004751157689720962
2019-10-03,MSFT,0.0010350982657593617,0.004083337748795494,0.0044869762897306546
2019-10-04,MSFT,-0.0015788452931967567,0.0010350982657593617,0.004083337748795494
2019-10-07,MSFT,-0.0017556480548948437,-0.0015788452931967567,0.0010350982657593617
2019-10-08,MSFT,-0.003254267984500521,-0.0017556480548948437,-0.0015788452931967567
2019-10-09,MSFT,-0.003995167707488891,-0.003254267984500521,-0.0017556480548948437
2019-10-10,MSFT,-0.0014713334731554387,-0.003995167707488891,-0.003254267984500521
2019-10-11,MSFT,0.0005493284381022734,-0.0014713334731554387,-0.003995167707488891
2019-10-14,MSFT,0.0014839925089674719,0.0005493284381022734,-0.0014713334731554387
2019-10-15,MSFT,0.0026028998464496435,0.0014839925089674719,0.0005493284381022734
2019-10-16,MSFT,0.00621193960484083,0.0026028998464496435,0.0014839925089674719
2019-10-17,MSFT,0.007280083928237163,0.00621193960484083,0.0026028998464496435
2019-10-18,MSFT,0.007273891515282032,0.007280083928237163,0.00621193960484083
2019-10-21,MSFT,0.005725422678185626,0.007273891515282032,0.007280083928237163
2019-10-22,MSFT,0.004864265905172625,0.005725422678185626,0.007273891515282032
2019-10-23,MSFT,0.0010886229191183765,0.004864265905172625,0.005725422678185626
2019-10-24,MSFT,-0.0011658016833827373,0.0010886229191183765,0.004864265905172625
2019-10-25,MSFT,-0.0009730689426238587,-0.0011658016833827373,0.0010886229191183765
2019-10-28,MSFT,0.0012605404536849623,-0.0009730689426238587,-0.0011658016833827373
2019-10-29,MSFT,0.004711879816481367,0.0012605404536849623,-0.0009730689426238587
2019-10-30,MSFT,0.00861852640873901,0.004711879816481367,0.0012605404536849623
2019-10-31,MSFT,0.012943904554045866,0.00861852640873901,0.004711879816481367
2019-11-01,MSFT,0.01474379875761235,0.012943904554045866,0.00861852640873901
2019-11-04,MSFT,0.016170491900977472,0.01474379875761235,0.012943904554045866
2019-11-05,MSFT,0.01557795489253127,0.016170491900977472,0.01474379875761235
2019-11-06,MSFT,0.015985998029993863,0.01557795489253127,0.016170491900977472
2019-11-07,MSFT,0.015037935042561786,0.015985998029993863,0.01557795489253127
2019-11-08,MSFT,0.015329477331162767,0.015037935042561786,0.015985998029993863
2019-11-11,MSFT,0.016214602649468477,0.015329477331162767,0.015037935042561786
2019-11-12,MSFT,0.016581252935582734,0.016214602649468477,0.015329477331162767
2019-11-13,MSFT,0.017392052904577054,0.016581252935582734,0.016214602649468477
2019-11-14,MSFT,0.018812823181988972,0.017392052904577054,0.016581252935582734
2019-11-15,MSFT,0.02054155466781393,0.018812823181988972,0.017392052904577054
2019-11-18,MSFT,0.022024460958361386,0.02054155466781393,0.018812823181988972
2019-11-19,MSFT,0.023737354928747133,0.022024460958361386,0.02054155466781393
2019-11-20,MSFT,0.024625329079840007,0.023737354928747133,0.022024460958361386
2019-11-21,MSFT,0.024956493565254957,0.024625329079840007,0.023737354928747133
2019-11-22,MSFT,0.024869995883198517,0.024956493565254957,0.024625329079840007
2019-11-25,MSFT,0.023760277356760978,0.024869995883198517,0.024956493565254957
2019-11-26,MSFT,0.023238271925719332,0.023760277356760978,0.024869995883198517
2019-11-27,MSFT,0.02299431775614878,0.023238271925719332,0.023760277356760978
2019-11-29,MSFT,0.02334130324915051,0.02299431775614878,0.023238271925719332
2019-12-02,MSFT,0.02333555317235176,0.02334130324915051,0.02299431775614878
2019-12-03,MSFT,0.02228745500910936,0.02333555317235176,0.02334130324915051
2019-12-04,MSFT,0.020008648460965468,0.02228745500910936,0.02333555317235176
2019-12-05,MSFT,0.01770055220255091,0.020008648460965468,0.02228745500910936
2019-12-06,MSFT,0.015128288308970636,0.01770055220255091,0.020008648460965468
2019-12-09,MSFT,0.014146286200476782,0.015128288308970636,0.01770055220255091
2019-12-10,MSFT,0.01394125962100489,0.014146286200476782,0.015128288308970636
2019-12-11,MSFT,0.013865300203934422,0.01394125962100489,0.014146286200476782
2019-12-12,MSFT,0.013554848825549594,0.013865300203934422,0.01394125962100489
2019-12-13,MSFT,0.014143291641039077,0.013554848825549594,0.013865300203934422
2019-12-16,MSFT,0.014514855197916504,0.014143291641039077,0.013554848825549594
2019-12-17,MSFT,0.015771313499580646,0.014514855197916504,0.014143291641039077
2019-12-18,MSFT,0.017032712807163466,0.015771313499580646,0.014514855197916504
2019-12-19,MSFT,0.017610814850374263,0.017032712807163466,0.015771313499580646
2019-12-20,MSFT,0.018098030414979805,0.017610814850374263,0.017032712807163466
2019-12-23,MSFT,0.018566353774949373,0.018098030414979805,0.017610814850374263
2019-12-24,MSFT,0.01842404552617287,0.018566353774949373,0.018098030414979805
2019-12-26,MSFT,0.018881553588212845,0.01842404552617287,0.018566353774949373
2019-12-27,MSFT,0.02022990845026546,0.018881553588212845,0.01842404552617287
2019-12-30,MSFT,0.020838297812381744,0.02022990845026546,0.018881553588212845
2019-12-31,MSFT,0.0196514832098892,0.020838297812381744,0.02022990845026546
2020-01-02,MSFT,0.018686116555558782,0.0196514832098892,0.020838297812381744
2020-01-03,MSFT,0.019325626023351597,0.018686116555558782,0.0196514832098892
2020-01-06,MSFT,0.01816853255551957,0.019325626023351597,0.018686116555558782
2020-01-07,MSFT,0.01707356597555122,0.01816853255551957,0.019325626023351597
2020-01-08,MSFT,0.016134975423405418,0.01707356597555122,0.01816853255551957
2020-01-09,MSFT,0.016651360781254135,0.016134975423405418,0.01707356597555122
2020-01-10,MSFT,0.016437837228111225,0.016651360781254135,0.016134975423405418
2020-01-13,MSFT,0.017080539044123887,0.016437837228111225,0.016651360781254135
2020-01-14,MSFT,0.018468671829040707,0.017080539044123887,0.016437837228111225
2020-01-15,MSFT,0.020124111973134424,0.018468671829040707,0.017080539044123887
2020-01-16,MSFT,0.0207824133505138,0.020124111973134424,0.018468671829040707
2020-01-17,MSFT,0.02191976509421281,0.0207824133505138,0.020124111973134424
2020-01-21,MSFT,0.024059014832866772,0.02191976509421281,0.0207824133505138
2020-01-22,MSFT,0.024722255806539337,0.024059014832866772,0.02191976509421281
2020-01-23,MSFT,0.02557960199273187,0.024722255806539337,0.024059014832866772
2020-01-24,MSFT,0.02615536482716263,0.02557960199273187,0.024722255806539337
2020-01-27,MSFT,0.024056634351275853,0.02615536482716263,0.02557960199273187
2020-01-28,MSFT,0.020030482450440822,0.024056634351275853,0.02615536482716263
2020-01-29,MSFT,0.018005969099402906,0.020030482450440822,0.024056634351275853
2020-01-30,MSFT,0.017962186980869002,0.018005969099402906,0.020030482450440822
2020-01-31,MSFT,0.01969683976761445,0.017962186980869002,0.018005969099402906
2020-02-03,MSFT,0.02110013747118358,0.01969683976761445,0.017962186980869002
2020-02-04,MSFT,0.026247908915667018,0.02110013747118358,0.01969683976761445
2020-02-05,MSFT,0.032411251625713136,0.026247908915667018,0.02110013747118358
2020-02-06,MSFT,0.036981460003472924,0.032411251625713136,0.026247908915667018
2020-02-07,MSFT,0.0406637446817503,0.036981460003472924,0.032411251625713136
2020-02-10,MSFT,0.04574420533295081,0.0406637446817503,0.036981460003472924
2020-02-11,MSFT,0.05063841794644605,0.04574420533295081,0.0406637446817503
2020-02-12,MSFT,0.050518093990404155,0.05063841794644605,0.04574420533295081
2020-02-13,MSFT,0.05078491951464913,0.050518093990404155,0.05063841794644605
2020-02-14,MSFT,0.04859128234692728,0.05078491951464913,0.050518093990404155
2020-02-18,MSFT,0.04700944391210462,0.04859128234692728,0.05078491951464913
2020-02-19,MSFT,0.04381033465860759,0.04700944391210462,0.04859128234692728
2020-02-20,MSFT,0.04319565990075929,0.04381033465860759,0.04700944391210462
2020-02-21,MSFT,0.04102787558513275,0.04319565990075929,0.04381033465860759
2020-02-24,MSFT,0.03675387819247601,0.04102787558513275,0.04319565990075929
2020-02-25,MSFT,0.028243826082323297,0.03675387819247601,0.04102787558513275
2020-02-26,MSFT,0.017049782328851074,0.028243826082323297,0.03675387819247601
2020-02-27,MSFT,0.0063761901077887565,0.017049782328851074,0.028243826082323297
2020-02-28,MSFT,-0.00898323430967474,0.0063761901077887565,0.017049782328851074
2019-01-02,CRM,-0.004829030122288812,-0.016127602073770283,-0.021464580998062654
2019-01-03,CRM,0.006523718375714163,-0.004829030122288812,-0.016127602073770283
2019-01-04,CRM,0.006898142960889067,0.006523718375714163,-0.004829030122288812
2019-01-07,CRM,0.00814265229019463,0.006898142960889067,0.006523718375714163
2019-01-08,CRM,0.012611856893074196,0.00814265229019463,0.006898142960889067
2019-01-09,CRM,0.017222377854053575,0.012611856893074196,0.00814265229019463
2019-01-10,CRM,0.023267961781803403,0.017222377854053575,0.012611856893074196
2019-01-11,CRM,0.03342690569556806,0.023267961781803403,0.017222377854053575
2019-01-14,CRM,0.03723637119547866,0.03342690569556806,0.023267961781803403
2019-01-15,CRM,0.03718445094708173,0.03723637119547866,0.03342690569556806
2019-01-16,CRM,0.03686587478408574,0.03718445094708173,0.03723637119547866
2019-01-17,CRM,0.0358342160565113,0.03686587478408574,0.03718445094708173
2019-01-18,CRM,0.03528684206399964,0.0358342160565113,0.03686587478408574
2019-01-22,CRM,0.03604497900072122,0.03528684206399964,0.0358342160565113
2019-01-23,CRM,0.03712883539272793,0.03604497900072122,0.03528684206399964
2019-01-24,CRM,0.036474200112006576,0.03712883539272793,0.03604497900072122
2019-01-25,CRM,0.0349398289559999,0.036474200112006576,0.03712883539272793
2019-01-28,CRM,0.034314882286265946,0.0349398289559999,0.036474200112006576
2019-01-29,CRM,0.030016943308168984,0.034314882286265946,0.0349398289559999
2019-01-30,CRM,0.027156014085464402,0.030016943308168984,0.034314882286265946
2019-01-31,CRM,0.02541127037171422,0.027156014085464402,0.030016943308168984
2019-02-01,CRM,0.027357864633824183,0.02541127037171422,0.027156014085464402
2019-02-04,CRM,0.02952952629819205,0.027357864633824183,0.02541127037171422
2019-02-05,CRM,0.03462863328760167,0.02952952629819205,0.027357864633824183
2019-02-06,CRM,0.0418282240268329,0.03462863328760167,0.02952952629819205
2019-02-07,CRM,0.04547213410779624,0.0418282240268329,0.03462863328760167
2019-02-08,CRM,0.044957379938259594,0.04547213410779624,0.0418282240268329
2019-02-11,CRM,0.04305353338834262,0.044957379938259594,0.04547213410779624
2019-02-12,CRM,0.04160843078741224,0.04305353338834262,0.044957379938259594
2019-02-13,CRM,0.04057426189241316,0.04160843078741224,0.04305353338834262
2019-02-14,CRM,0.038356221853353675,0.04057426189241316,0.04160843078741224
2019-02-15,CRM,0.037517820313205955,0.038356221853353675,0.04057426189241316
2019-02-19,CRM,0.03629584992525625,0.037517820313205955,0.038356221853353675
2019-02-20,CRM,0.03430594752022714,0.03629584992525625,0.037517820313205955
2019-02-21,CRM,0.029385391528994047,0.03430594752022714,0.03629584992525625
2019-02-22,CRM,0.02675852653812204,0.029385391528994047,0.03430594752022714
2019-02-25,CRM,0.025483186206478138,0.02675852653812204,0.029385391528994047
2019-02-26,CRM,0.024023757969440788,0.025483186206478138,0.02675852653812204
2019-02-27,CRM,0.023176988265241092,0.024023757969440788,0.025483186206478138
2019-02-28,CRM,0.024075708977900488,0.023176988265241092,0.024023757969440788
2019-03-01,CRM,0.024895749061003766,0.024075708977900488,0.023176988265241092
2019-03-04,CRM,0.025163029630840442,0.024895749061003766,0.024075708977900488
2019-03-05,CRM,0.022354095812760984,0.025163029630840442,0.024895749061003766
2019-03-06,CRM,0.01776778887832814,0.022354095812760984,0.025163029630840442
2019-03-07,CRM,0.012846124089306623,0.01776778887832814,0.022354095812760984
2019-03-08,CRM,0.007206228755785288,0.012846124089306623,0.01776778887832814
2019-03-11,CRM,0.0005988697693560254,0.007206228755785288,0.012846124089306623
2019-03-12,CRM,-0.0006589655399785088,0.0005988697693560254,0.007206228755785288
2019-03-13,CRM,-0.0003481680672199383,-0.0006589655399785088,0.0005988697693560254
2019-03-14,CRM,0.0005871190221820918,-0.0003481680672199383,-0.0006589655399785088
2019-03-15,CRM,0.002808263651954612,0.0005871190221820918,-0.0003481680672199383
2019-03-18,CRM,0.005539476031219658,0.002808263651954612,0.0005871190221820918
2019-03-19,CRM,0.007122701990687264,0.005539476031219658,0.002808263651954612
2019-03-20,CRM,0.009134701625423907,0.007122701990687264,0.005539476031219658
2019-03-21,CRM,0.00977154995777251,0.009134701625423907,0.007122701990687264
2019-03-22,CRM,0.012031324649305694,0.00977154995777251,0.009134701625423907
2019-03-25,CRM,0.011173467351938826,0.012031324649305694,0.00977154995777251
2019-03-26,CRM,0.010071748682192037,0.011173467351938826,0.012031324649305694
2019-03-27,CRM,0.00714122792450338,0.010071748682192037,0.011173467351938826
2019-03-28,CRM,0.0022951105670417017,0.00714122792450338,0.010071748682192037
2019-03-29,CRM,-0.0048165820444213935,0.0022951105670417017,0.00714122792450338
2019-04-01,CRM,-0.007103375939759012,-0.0048165820444213935,0.0022951105670417017
2019-04-02,CRM,-0.007315668015920687,-0.007103375939759012,-0.0048165820444213935
2019-04-03,CRM,-0.006666483436031199,-0.007315668015920687,-0.007103375939759012
2019-04-04,CRM,-0.0019291076393922982,-0.006666483436031199,-0.007315668015920687
2019-04-05,CRM,0.0003273124020340797,-0.0019291076393922982,-0.006666483436031199
2019-04-08,CRM,0.0005270690660720325,0.0003273124020340797,-0.0019291076393922982
2019-04-09,CRM,-0.0011148467557792305,0.0005270690660720325,0.0003273124020340797
2019-04-10,CRM,-0.0030110045643429095,-0.0011148467557792305,0.0005270690660720325
2019-04-11,CRM,-0.004661587052523283,-0.0030110045643429095,-0.0011148467557792305
2019-04-12,CRM,-0.003367873722607376,-0.004661587052523283,-0.0030110045643429095
2019-04-15,CRM,-0.0019639133525318395,-0.003367873722607376,-0.004661587052523283
2019-04-16,CRM,-0.0008354355844711117,-0.0019639133525318395,-0.003367873722607376
2019-04-17,CRM,0.0006250286430245141,-0.0008354355844711117,-0.0019639133525318395
2019-04-18,CRM,-0.0017495327191641465,0.0006250286430245141,-0.0008354355844711117
2019-04-22,CRM,-0.0040516411475472,-0.0017495327191641465,0.0006250286430245141
2019-04-23,CRM,-0.004768833575930351,-0.0040516411475472,-0.0017495327191641465
2019-04-24,CRM,-0.004291595008749254,-0.004768833575930351,-0.0040516411475472
2019-04-25,CRM,-0.003973392230409778,-0.004291595008749254,-0.004768833575930351
2019-04-26,CRM,0.00033817942407106546,-0.003973392230409778,-0.004291595008749254
2019-04-29,CRM,0.005615068185110812,0.00033817942407106546,-0.003973392230409778
2019-04-30,CRM,0.008760182728558653,0.005615068185110812,0.00033817942407106546
2019-05-01,CRM,0.01059450254595599,0.008760182728558653,0.005615068185110812
2019-05-02,CRM,0.011827943435782926,0.01059450254595599,0.008760182728558653
2019-05-03,CRM,0.010881256475412378,0.011827943435782926,0.01059450254595599
2019-05-06,CRM,0.00904514377604812,0.010881256475412378,0.011827943435782926
2019-05-07,CRM,0.007206083579318856,0.00904514377604812,0.010881256475412378
2019-05-08,CRM,0.002445314640456577,0.007206083579318856,0.00904514377604812
2019-05-09,CRM,-0.0002147314215830372,0.002445314640456577,0.007206083579318856
2019-05-10,CRM,-0.003028642551210065,-0.0002147314215830372,0.002445314640456577
2019-05-13,CRM,-0.004543417499114447,-0.003028642551210065,-0.0002147314215830372
2019-05-14,CRM,-0.009730871780472121,-0.004543417499114447,-0.003028642551210065
2019-05-15,CRM,-0.008733131932804668,-0.009730871780472121,-0.004543417499114447
2019-05-16,CRM,-0.009493312253916338,-0.008733131932804668,-0.009730871780472121
2019-05-17,CRM,-0.008409622236527298,-0.009493312253916338,-0.008733131932804668
2019-05-20,CRM,-0.011788118393037983,-0.008409622236527298,-0.009493312253916338
2019-05-21,CRM,-0.00976198410779715,-0.011788118393037983,-0.008409622236527298
2019-05-22,CRM,-0.010744084946283738,-0.00976198410779715,-0.011788118393037983
2019-05-23,CRM,-0.00883554124378853,-0.010744084946283738,-0.00976198410779715
2019-05-24,CRM,-0.011092988863940568,-0.00883554124378853,-0.010744084946283738
2019-05-28,CRM,-0.010771251621447021,-0.011092988863940568,-0.00883554124378853
2019-05-29,CRM,-0.010976389663114013,-0.010771251621447021,-0.011092988863940568
2019-05-30,CRM,-0.012337609502819525,-0.010976389663114013,-0.010771251621447021
2019-05-31,CRM,-0.013500240151248,-0.012337609502819525,-0.010976389663114013
2019-06-03,CRM,-0.014196160616477826,-0.013500240151248,-0.012337609502819525
2019-06-04,CRM,-0.018933692269831357,-0.014196160616477826,-0.013500240151248
2019-06-05,CRM,-0.02092547891454707,-0.018933692269831357,-0.014196160616477826
2019-06-06,CRM,-0.01711945090739712,-0.02092547891454707,-0.018933692269831357
2019-06-07,CRM,-0.014785154316836992,-0.01711945090739712,-0.02092547891454707
2019-06-10,CRM,-0.008920515935488569,-0.014785154316836992,-0.01711945090739712
2019-06-11,CRM,-0.0036936252850689917,-0.008920515935488569,-0.014785154316836992
2019-06-12,CRM,-0.003334826748393634,-0.0036936252850689917,-0.008920515935488569
2019-06-13,CRM,-0.00703039507771171,-0.003334826748393634,-0.0036936252850689917
2019-06-14,CRM,-0.011452133916125049,-0.00703039507771171,-0.003334826748393634
2019-06-17,CRM,-0.017654952238402633,-0.011452133916125049,-0.00703039507771171
2019-06-18,CRM,-0.01787998541136981,-0.017654952238402633,-0.011452133916125049
2019-06-19,CRM,-0.016234872808526604,-0.01787998541136981,-0.017654952238402633
2019-06-20,CRM,-0.013311566262576607,-0.016234872808526604,-0.01787998541136981
2019-06-21,CRM,-0.008997895376221659,-0.013311566262576607,-0.016234872808526604
2019-06-24,CRM,-0.0040783157758197,-0.008997895376221659,-0.013311566262576607
2019-06-25,CRM,-0.0016105993620681492,-0.0040783157758197,-0.008997895376221659
2019-06-26,CRM,-0.0012053038612441713,-0.0016105993620681492,-0.0040783157758197
2019-06-27,CRM,-0.0037998161778721616,-0.0012053038612441713,-0.0016105993620681492
2019-06-28,CRM,-0.007500821665095256,-0.0037998161778721616,-0.0012053038612441713
2019-07-01,CRM,-0.010455527161399105,-0.007500821665095256,-0.0037998161778721616
2019-07-02,CRM,-0.008914857230171361,-0.010455527161399105,-0.007500821665095256
2019-07-03,CRM,-0.005849017723111176,-0.008914857230171361,-0.010455527161399105
2019-07-05,CRM,-0.0013257733026294596,-0.005849017723111176,-0.008914857230171361
2019-07-08,CRM,0.0012509698105812002,-0.0013257733026294596,-0.005849017723111176
2019-07-09,CRM,0.00247921870975608,0.0012509698105812002,-0.0013257733026294596
2019-07-10,CRM,0.0024656099128392878,0.00247921870975608,0.0012509698105812002
2019-07-11,CRM,0.0038308537239784245,0.0024656099128392878,0.00247921870975608
2019-07-12,CRM,0.005676335425010366,0.0038308537239784245,0.0024656099128392878
2019-07-15,CRM,0.007883908132261952,0.005676335425010366,0.0038308537239784245
2019-07-16,CRM,0.011696702344605316,0.007883908132261952,0.005676335425010366
2019-07-17,CRM,0.013469665770091151,0.011696702344605316,0.007883908132261952
2019-07-18,CRM,0.014431517489882537,0.013469665770091151,0.011696702344605316
2019-07-19,CRM,0.013378285010210902,0.014431517489882537,0.013469665770091151
2019-07-22,CRM,0.01243603365244876,0.013378285010210902,0.014431517489882537
2019-07-23,CRM,0.010617290849333905,0.01243603365244876,0.013378285010210902
2019-07-24,CRM,0.009027022833778828,0.010617290849333905,0.01243603365244876
2019-07-25,CRM,0.009159930920383762,0.009027022833778828,0.010617290849333905
2019-07-26,CRM,0.009943983486535675,0.009159930920383762,0.009027022833778828
2019-07-29,CRM,0.011917209972218932,0.009943983486535675,0.009159930920383762
2019-07-30,CRM,0.011443930161611746,0.011917209972218932,0.009943983486535675
2019-07-31,CRM,0.011507356776345724,0.011443930161611746,0.011917209972218932
2019-08-01,CRM,0.00778213232254384,0.011507356776345724,0.011443930161611746
2019-08-02,CRM,0.002370221522319024,0.00778213232254384,0.011507356776345724
2019-08-05,CRM,-0.006360144961113796,0.002370221522319024,0.00778213232254384
2019-08-06,CRM,-0.014533895984824925,-0.006360144961113796,0.002370221522319024
2019-08-07,CRM,-0.02335815956408682,-0.014533895984824925,-0.006360144961113796
2019-08-08,CRM,-0.031329268642688424,-0.02335815956408682,-0.014533895984824925
2019-08-09,CRM,-0.03521978666628049,-0.031329268642688424,-0.02335815956408682
2019-08-12,CRM,-0.03556128088939063,-0.03521978666628049,-0.031329268642688424
2019-08-13,CRM,-0.035529956532691045,-0.03556128088939063,-0.03521978666628049
2019-08-14,CRM,-0.03396307814740894,-0.035529956532691045,-0.03556128088939063
2019-08-15,CRM,-0.03440928873013181,-0.03396307814740894,-0.035529956532691045
2019-08-16,CRM,-0.034949715143969065,-0.03440928873013181,-0.03396307814740894
2019-08-19,CRM,-0.03394627446147155,-0.034949715143969065,-0.03440928873013181
2019-08-20,CRM,-0.031119272844189257,-0.03394627446147155,-0.034949715143969065
2019-08-21,CRM,-0.029156468731508203,-0.031119272844189257,-0.03394627446147155
2019-08-22,CRM,-0.0231964196484119,-0.029156468731508203,-0.031119272844189257
2019-08-23,CRM,-0.018294498689733107,-0.0231964196484119,-0.029156468731508203
2019-08-26,CRM,-0.01276936900335563,-0.018294498689733107,-0.0231964196484119
2019-08-27,CRM,-0.005262409046058173,-0.01276936900335563,-0.018294498689733107
2019-08-28,CRM,0.00011343788247385958,-0.005262409046058173,-0.01276936900335563
2019-08-29,CRM,0.0034681193896422577,0.00011343788247385958,-0.005262409046058173
2019-08-30,CRM,0.008780401884693782,0.0034681193896422577,0.00011343788247385958
2019-09-03,CRM,0.011891314405387312,0.008780401884693782,0.0034681193896422577
2019-09-04,CRM,0.010984858222165878,0.011891314405387312,0.008780401884693782
2019-09-05,CRM,0.010706658078370917,0.010984858222165878,0.011891314405387312
2019-09-06,CRM,0.01239055602998247,0.010706658078370917,0.010984858222165878
2019-09-09,CRM,0.00988568235149745,0.01239055602998247,0.010706658078370917
2019-09-10,CRM,0.006291939514038128,0.00988568235149745,0.01239055602998247
2019-09-11,CRM,0.00502757390901017,0.006291939514038128,0.00988568235149745
2019-09-12,CRM,0.006309776529556524,0.00502757390901017,0.006291939514038128
2019-09-13,CRM,0.007432935312043195,0.006309776529556524,0.00502757390901017
2019-09-16,CRM,0.009298040308336602,0.007432935312043195,0.006309776529556524
2019-09-17,CRM,0.012238354759183445,0.009298040308336602,0.007432935312043195
2019-09-18,CRM,0.014631635074898513,0.012238354759183445,0.009298040308336602
2019-09-19,CRM,0.014172827876598144,0.014631635074898513,0.012238354759183445
2019-09-20,CRM,0.01350836757632343,0.014172827876598144,0.014631635074898513
2019-09-23,CRM,0.01453585079690953,0.01350836757632343,0.014172827876598144
2019-09-24,CRM,0.014746305036673665,0.01453585079690953,0.01350836757632343
2019-09-25,CRM,0.013363541082716871,0.014746305036673665,0.01453585079690953
2019-09-26,CRM,0.012534733285913827,0.013363541082716871,0.014746305036673665
2019-09-27,CRM,0.010695786209920717,0.012534733285913827,0.013363541082716871
2019-09-30,CRM,0.0057306656725169755,0.010695786209920717,0.012534733285913827
2019-10-01,CRM,0.001148418085727998,0.0057306656725169755,0.010695786209920717
2019-10-02,CRM,-0.0024122156242954718,0.001148418085727998,0.0057306656725169755
2019-10-03,CRM,-0.008327598622143759,-0.0024122156242954718,0.001148418085727998
2019-10-04,CRM,-0.012633388587753378,-0.008327598622143759,-0.0024122156242954718
2019-10-07,CRM,-0.013347910123958246,-0.012633388587753378,-0.008327598622143759
2019-10-08,CRM,-0.01356729505731897,-0.013347910123958246,-0.012633388587753378
2019-10-09,CRM,-0.014989727522428099,-0.01356729505731897,-0.013347910123958246
2019-10-10,CRM,-0.013208481972996983,-0.014989727522428099,-0.01356729505731897
2019-10-11,CRM,-0.013517373619275195,-0.013208481972996983,-0.014989727522428099
2019-10-14,CRM,-0.01271496357767005,-0.013517373619275195,-0.013208481972996983
2019-10-15,CRM,-0.012121035153633199,-0.01271496357767005,-0.013517373619275195
2019-10-16,CRM,-0.007289348830370522,-0.012121035153633199,-0.01271496357767005
2019-10-17,CRM,-0.006719014289153506,-0.007289348830370522,-0.012121035153633199
2019-10-18,CRM,-0.006344359098148939,-0.006719014289153506,-0.007289348830370522
2019-10-21,CRM,-0.008779575421250227,-0.006344359098148939,-0.006719014289153506
2019-10-22,CRM,-0.010954902031821749,-0.008779575421250227,-0.006344359098148939
2019-10-23,CRM,-0.017100222041335347,-0.010954902031821749,-0.008779575421250227
2019-10-24,CRM,-0.017672954944157285,-0.017100222041335347,-0.010954902031821749
2019-10-25,CRM,-0.01578575552621923,-0.017672954944157285,-0.017100222041335347
2019-10-28,CRM,-0.011332002265503727,-0.01578575552621923,-0.017672954944157285
2019-10-29,CRM,-0.004874866807262777,-0.011332002265503727,-0.01578575552621923
2019-10-30,CRM,0.0031442452231926522,-0.004874866807262777,-0.011332002265503727
2019-10-31,CRM,0.011393603182190964,0.0031442452231926522,-0.004874866807262777
2019-11-01,CRM,0.01665514813951193,0.011393603182190964,0.0031442452231926522
2019-11-04,CRM,0.021940886710860447,0.01665514813951193,0.011393603182190964
2019-11-05,CRM,0.02329165353497024,0.021940886710860447,0.01665514813951193
2019-11-06,CRM,0.02472421441439135,0.02329165353497024,0.021940886710860447
2019-11-07,CRM,0.024550734145559742,0.02472421441439135,0.02329165353497024
2019-11-08,CRM,0.025889795187001043,0.024550734145559742,0.02472421441439135
2019-11-11,CRM,0.02619198645636448,0.025889795187001043,0.024550734145559742
2019-11-12,CRM,0.028137269125167674,0.02619198645636448,0.025889795187001043
2019-11-13,CRM,0.030052013491458394,0.028137269125167674,0.02619198645636448
2019-11-14,CRM,0.031421723432327645,0.030052013491458394,0.028137269125167674
2019-11-15,CRM,0.0326055063621543,0.031421723432327645,0.030052013491458394
2019-11-18,CRM,0.03249520410141438,0.0326055063621543,0.031421723432327645
2019-11-19,CRM,0.03176311956180418,0.03249520410141438,0.0326055063621543
2019-11-20,CRM,0.030920623896557448,0.03176311956180418,0.03249520410141438
2019-11-21,CRM,0.03004331686557887,0.030920623896557448,0.03176311956180418
2019-11-22,CRM,0.028468784544405837,0.03004331686557887,0.030920623896557448
2019-11-25,CRM,0.026859133872271623,0.028468784544405837,0.03004331686557887
2019-11-26,CRM,0.02502080185693296,0.026859133872271623,0.028468784544405837
2019-11-27,CRM,0.022621923272201944,0.02502080185693296,0.026859133872271623
2019-11-29,CRM,0.019642852721058243,0.022621923272201944,0.02502080185693296
2019-12-02,CRM,0.01814301901549097,0.019642852721058243,0.022621923272201944
2019-12-03,CRM,0.015966708682539254,0.01814301901549097,0.019642852721058243
2019-12-04,CRM,0.01477052897821452,0.015966708682539254,0.01814301901549097
2019-12-05,CRM,0.010647753945827718,0.01477052897821452,0.015966708682539254
2019-12-06,CRM,0.007575565812969552,0.010647753945827718,0.01477052897821452
2019-12-09,CRM,0.00344479726676434,0.007575565812969552,0.010647753945827718
2019-12-10,CRM,1.713850621683713e-05,0.00344479726676434,0.007575565812969552
2019-12-11,CRM,-0.004326634272018938,1.713850621683713e-05,0.00344479726676434
2019-12-12,CRM,-0.005616262401165773,-0.004326634272018938,1.713850621683713e-05
2019-12-13,CRM,-0.006588369462734515,-0.005616262401165773,-0.004326634272018938
2019-12-16,CRM,-0.005773936398491511,-0.006588369462734515,-0.005616262401165773
2019-12-17,CRM,-0.003970623207135403,-0.005773936398491511,-0.006588369462734515
2019-12-18,CRM,-0.0012996609074941042,-0.003970623207135403,-0.005773936398491511
2019-12-19,CRM,0.0013037379440096692,-0.0012996609074941042,-0.003970623207135403
2019-12-20,CRM,0.0037907869928463893,0.0013037379440096692,-0.0012996609074941042
2019-12-23,CRM,0.0051825633158277765,0.0037907869928463893,0.0013037379440096692
2019-12-24,CRM,0.005921129756718171,0.0051825633158277765,0.0037907869928463893
2019-12-26,CRM,0.006413335915424984,0.005921129756718171,0.0051825633158277765
2019-12-27,CRM,0.007702305734681135,0.006413335915424984,0.005921129756718171
2019-12-30,CRM,0.008172802131890651,0.007702305734681135,0.006413335915424984
2019-12-31,CRM,0.006626336391524816,0.008172802131890651,0.007702305734681135
2020-01-02,CRM,0.0058190874225780365,0.006626336391524816,0.008172802131890651
2020-01-03,CRM,0.007640189631726098,0.0058190874225780365,0.006626336391524816
2020-01-06,CRM,0.008357268726642218,0.007640189631726098,0.0058190874225780365
2020-01-07,CRM,0.012518583021798084,0.008357268726642218,0.007640189631726098
2020-01-08,CRM,0.019464009042824717,0.012518583021798084,0.008357268726642218
2020-01-09,CRM,0.02683604234707759,0.019464009042824717,0.012518583021798084
2020-01-10,CRM,0.032636697943017476,0.02683604234707759,0.019464009042824717
2020-01-13,CRM,0.03918679802333184,0.032636697943017476,0.02683604234707759
2020-01-14,CRM,0.043301542830493166,0.03918679802333184,0.032636697943017476
2020-01-15,CRM,0.045029990698979123,0.043301542830493166,0.03918679802333184
2020-01-16,CRM,0.045512773598715126,0.045029990698979123,0.043301542830493166
2020-01-17,CRM,0.04540697195770541,0.045512773598715126,0.045029990698979123
2020-01-21,CRM,0.04483252888483754,0.04540697195770541,0.045512773598715126
2020-01-22,CRM,0.04358135861281147,0.04483252888483754,0.04540697195770541
2020-01-23,CRM,0.042236806448245984,0.04358135861281147,0.04483252888483754
2020-01-24,CRM,0.04188181208303161,0.042236806448245984,0.04358135861281147
2020-01-27,CRM,0.039831910632227255,0.04188181208303161,0.042236806448245984
2020-01-28,CRM,0.03696062019194277,0.039831910632227255,0.04188181208303161
2020-01-29,CRM,0.0335739848089589,0.03696062019194277,0.039831910632227255
2020-01-30,CRM,0.031053910725110503,0.0335739848089589,0.03696062019194277
2020-01-31,CRM,0.029636116410865186,0.031053910725110503,0.0335739848089589
2020-02-03,CRM,0.027601277530609463,0.029636116410865186,0.031053910725110503
2020-02-04,CRM,0.02777950708653555,0.027601277530609463,0.029636116410865186
2020-02-05,CRM,0.028319221840419035,0.02777950708653555,0.027601277530609463
2020-02-06,CRM,0.028339244707902334,0.028319221840419035,0.02777950708653555
2020-02-07,CRM,0.026896234975893583,0.028339244707902334,0.028319221840419035
2020-02-10,CRM,0.026777379044387022,0.026896234975893583,0.028339244707902334
2020-02-11,CRM,0.026528602367162476,0.026777379044387022,0.026896234975893583
2020-02-12,CRM,0.02486952788762864,0.026528602367162476,0.026777379044387022
2020-02-13,CRM,0.024991745492355315,0.02486952788762864,0.026528602367162476
2020-02-14,CRM,0.024022254590008264,0.024991745492355315,0.02486952788762864
2020-02-18,CRM,0.02414263392807283,0.024022254590008264,0.024991745492355315
2020-02-19,CRM,0.02308185841120526,0.02414263392807283,0.024022254590008264
2020-02-20,CRM,0.02286534312125547,0.02308185841120526,0.02414263392807283
2020-02-21,CRM,0.02248704796384863,0.02286534312125547,0.02308185841120526
2020-02-24,CRM,0.020842442915995272,0.02248704796384863,0.02286534312125547
2020-02-25,CRM,0.017270973076579692,0.020842442915995272,0.02248704796384863
2020-02-26,CRM,0.010921609829769523,0.017270973076579692,0.020842442915995272
2020-02-27,CRM,0.0030233141798927457,0.010921609829769523,0.017270973076579692
2020-02-28,CRM,-0.008227151403388014,0.0030233141798927457,0.010921609829769523
2019-01-02,SHOP,-0.04069861864110674,-0.05407170350681052,-0.059334854662578894
2019-01-03,SHOP,-0.025555951493042565,-0.04069861864110674,-0.05407170350681052
2019-01-04,SHOP,-0.02474588921562981,-0.025555951493042565,-0.04069861864110674
2019-01-07,SHOP,-0.020807369406387534,-0.02474588921562981,-0.025555951493042565
2019-01-08,SHOP,-0.013373030829988926,-0.020807369406387534,-0.02474588921562981
2019-01-09,SHOP,-0.008592138110808532,-0.013373030829988926,-0.020807369406387534
2019-01-10,SHOP,-0.0005811640058469346,-0.008592138110808532,-0.013373030829988926
2019-01-11,SHOP,0.01261007052864009,-0.0005811640058469346,-0.008592138110808532
2019-01-14,SHOP,0.01880913141157661,0.01261007052864009,-0.0005811640058469346
2019-01-15,SHOP,0.020513497971175885,0.01880913141157661,0.01261007052864009
2019-01-16,SHOP,0.024281612769896054,0.020513497971175885,0.01880913141157661
2019-01-17,SHOP,0.028321420064806355,0.024281612769896054,0.020513497971175885
2019-01-18,SHOP,0.033164062130807435,0.028321420064806355,0.024281612769896054
2019-01-22,SHOP,0.03759388599660587,0.033164062130807435,0.028321420064806355
2019-01-23,SHOP,0.0415568847449575,0.03759388599660587,0.033164062130807435
2019-01-24,SHOP,0.04227150367716997,0.0415568847449575,0.03759388599660587
2019-01-25,SHOP,0.04180649611736943,0.04227150367716997,0.0415568847449575
2019-01-28,SHOP,0.04441480201401553,0.04180649611736943,0.04227150367716997
2019-01-29,SHOP,0.04414277109439868,0.04441480201401553,0.04180649611736943
2019-01-30,SHOP,0.044643827240358966,0.04414277109439868,0.04441480201401553
2019-01-31,SHOP,0.04676894711426548,0.044643827240358966,0.04414277109439868
2019-02-01,SHOP,0.0513439101891636,0.04676894711426548,0.044643827240358966
2019-02-04,SHOP,0.054553828856009734,0.0513439101891636,0.04676894711426548
2019-02-05,SHOP,0.06177083656951683,0.054553828856009734,0.0513439101891636
2019-02-06,SHOP,0.07031313371208357,0.06177083656951683,0.054553828856009734
2019-02-07,SHOP,0.07360538618233912,0.07031313371208357,0.06177083656951683
2019-02-08,SHOP,0.07150844591108776,0.07360538618233912,0.07031313371208357
2019-02-11,SHOP,0.07065473461438933,0.07150844591108776,0.07360538618233912
2019-02-12,SHOP,0.06668082723026694,0.07065473461438933,0.07150844591108776
2019-02-13,SHOP,0.06335534059486311,0.06668082723026694,0.07065473461438933
2019-02-14,SHOP,0.057864335427144045,0.06335534059486311,0.06668082723026694
2019-02-15,SHOP,0.055307896159841045,0.057864335427144045,0.06335534059486311
2019-02-19,SHOP,0.052232591372494204,0.055307896159841045,0.057864335427144045
2019-02-20,SHOP,0.052443865745502034,0.052232591372494204,0.055307896159841045
2019-02-21,SHOP,0.050425023720381365,0.052443865745502034,0.052232591372494204
2019-02-22,SHOP,0.050495159333237824,0.050425023720381365,0.052443865745502034
2019-02-25,SHOP,0.05040375428448276,0.050495159333237824,0.050425023720381365
2019-02-26,SHOP,0.050508163445810515,0.05040375428448276,0.050495159333237824
2019-02-27,SHOP,0.04849611225630003,0.050508163445810515,0.05040375428448276
2019-02-28,SHOP,0.05008383572820563,0.04849611225630003,0.050508163445810515
2019-03-01,SHOP,0.05210363170680414,0.05008383572820563,0.04849611225630003
2019-03-04,SHOP,0.05267945872698968,0.05210363170680414,0.05008383572820563
2019-03-05,SHOP,0.048935324503537526,0.05267945872698968,0.05210363170680414
2019-03-06,SHOP,0.047074022064869485,0.048935324503537526,0.05267945872698968
2019-03-07,SHOP,0.04293974945488005,0.047074022064869485,0.048935324503537526
2019-03-08,SHOP,0.039082061342041355,0.04293974945488005,0.047074022064869485
2019-03-11,SHOP,0.035566707879435173,0.039082061342041355,0.04293974945488005
2019-03-12,SHOP,0.03944730526641448,0.035566707879435173,0.039082061342041355
2019-03-13,SHOP,0.043678374981288626,0.03944730526641448,0.035566707879435173
2019-03-14,SHOP,0.04900697474858407,0.043678374981288626,0.03944730526641448
2019-03-15,SHOP,0.055567541043940266,0.04900697474858407,0.043678374981288626
2019-03-18,SHOP,0.05978841111963638,0.055567541043940266,0.04900697474858407
2019-03-19,SHOP,0.059044465420555296,0.05978841111963638,0.055567541043940266
2019-03-20,SHOP,0.055546707401009136,0.059044465420555296,0.05978841111963638
2019-03-21,SHOP,0.05010440196230369,0.055546707401009136,0.059044465420555296
2019-03-22,SHOP,0.04526103680014911,0.05010440196230369,0.055546707401009136
2019-03-25,SHOP,0.039399754390772486,0.04526103680014911,0.05010440196230369
2019-03-26,SHOP,0.03491992691625444,0.039399754390772486,0.04526103680014911
2019-03-27,SHOP,0.03371524138056544,0.03491992691625444,0.039399754390772486
2019-03-28,SHOP,0.031094557863389716,0.03371524138056544,0.03491992691625444
2019-03-29,SHOP,0.0280867387149583,0.031094557863389716,0.03371524138056544
2019-04-01,SHOP,0.02937094020889662,0.0280867387149583,0.031094557863389716
2019-04-02,SHOP,0.029386250570601867,0.02937094020889662,0.0280867387149583
2019-04-03,SHOP,0.025865715471958952,0.029386250570601867,0.02937094020889662
2019-04-04,SHOP,0.026154734227107766,0.025865715471958952,0.029386250570601867
2019-04-05,SHOP,0.020216234679503592,0.026154734227107766,0.025865715471958952
2019-04-08,SHOP,0.013803202580714007,0.020216234679503592,0.026154734227107766
2019-04-09,SHOP,0.009297037102476974,0.013803202580714007,0.020216234679503592
2019-04-10,SHOP,0.008898565741619338,0.009297037102476974,0.013803202580714007
2019-04-11,SHOP,0.007608744896425339,0.008898565741619338,0.009297037102476974
2019-04-12,SHOP,0.01329812408327024,0.007608744896425339,0.008898565741619338
2019-04-15,SHOP,0.019901435896454205,0.01329812408327024,0.007608744896425339
2019-04-16,SHOP,0.0262222941832972,0.019901435896454205,0.01329812408327024
2019-04-17,SHOP,0.029452251710035522,0.0262222941832972,0.019901435896454205
2019-04-18,SHOP,0.032398723496036376,0.029452251710035522,0.0262222941832972
2019-04-22,SHOP,0.03466551136754803,0.032398723496036376,0.029452251710035522
2019-04-23,SHOP,0.03669461286079458,0.03466551136754803,0.032398723496036376
2019-04-24,SHOP,0.036570446797224425,0.03669461286079458,0.03466551136754803
2019-04-25,SHOP,0.03631927306806073,0.036570446797224425,0.03669461286079458
2019-04-26,SHOP,0.03499752791952013,0.03631927306806073,0.036570446797224425
2019-04-29,SHOP,0.03326429051081314,0.03499752791952013,0.03631927306806073
2019-04-30,SHOP,0.03146746972909527,0.03326429051081314,0.03499752791952013
2019-05-01,SHOP,0.037479633632193775,0.03146746972909527,0.03326429051081314
2019-05-02,SHOP,0.0456553589380436,0.037479633632193775,0.03146746972909527
2019-05-03,SHOP,0.05782210908809344,0.0456553589380436,0.037479633632193775
2019-05-06,SHOP,0.07123525656201243,0.05782210908809344,0.0456553589380436
2019-05-07,SHOP,0.08304890428194625,0.07123525656201243,0.05782210908809344
2019-05-08,SHOP,0.08545449731548335,0.08304890428194625,0.07123525656201243
2019-05-09,SHOP,0.08784591251722469,0.08545449731548335,0.08304890428194625
2019-05-10,SHOP,0.08594862360554265,0.08784591251722469,0.08545449731548335
2019-05-13,SHOP,0.08052434637941558,0.08594862360554265,0.08784591251722469
2019-05-14,SHOP,0.07156578928418914,0.08052434637941558,0.08594862360554265
2019-05-15,SHOP,0.06614842327209983,0.07156578928418914,0.08052434637941558
2019-05-16,SHOP,0.06340980052867053,0.06614842327209983,0.07156578928418914
2019-05-17,SHOP,0.06522546708624909,0.06340980052867053,0.06614842327209983
2019-05-20,SHOP,0.06645924273735615,0.06522546708624909,0.06340980052867053
2019-05-21,SHOP,0.06889229235645147,0.06645924273735615,0.06522546708624909
2019-05-22,SHOP,0.07209903954293463,0.06889229235645147,0.06645924273735615
2019-05-23,SHOP,0.07284045242070457,0.07209903954293463,0.06889229235645147
2019-05-24,SHOP,0.06654007890291208,0.07284045242070457,0.07209903954293463
2019-05-28,SHOP,0.06258862126007368,0.06654007890291208,0.07284045242070457
2019-05-29,SHOP,0.0630752178842885,0.06258862126007368,0.06654007890291208
2019-05-30,SHOP,0.05881296120021154,0.0630752178842885,0.06258862126007368
2019-05-31,SHOP,0.053889354707063485,0.05881296120021154,0.0630752178842885
2019-06-03,SHOP,0.05115496903804157,0.053889354707063485,0.05881296120021154
2019-06-04,SHOP,0.044151632041127195,0.05115496903804157,0.053889354707063485
2019-06-05,SHOP,0.03772728937851249,0.044151632041127195,0.05115496903804157
2019-06-06,SHOP,0.04075468319971828,0.03772728937851249,0.044151632041127195
2019-06-07,SHOP,0.04337648705907914,0.04075468319971828,0.03772728937851249
2019-06-10,SHOP,0.04913043336253624,0.04337648705907914,0.04075468319971828
2019-06-11,SHOP,0.05874253733884878,0.04913043336253624,0.04337648705907914
2019-06-12,SHOP,0.0652135490318143,0.05874253733884878,0.04913043336253624
2019-06-13,SHOP,0.066358929045609,0.0652135490318143,0.05874253733884878
2019-06-14,SHOP,0.06496855136432358,0.066358929045609,0.0652135490318143
2019-06-17,SHOP,0.060463029306802876,0.06496855136432358,0.066358929045609
2019-06-18,SHOP,0.05582394754116041,0.060463029306802876,0.06496855136432358
2019-06-19,SHOP,0.05095815334319203,0.05582394754116041,0.060463029306802876
2019-06-20,SHOP,0.0521415552789777,0.05095815334319203,0.05582394754116041
2019-06-21,SHOP,0.054650610230314575,0.0521415552789777,0.05095815334319203
2019-06-24,SHOP,0.057909531208195614,0.054650610230314575,0.0521415552789777
2019-06-25,SHOP,0.05738336172760623,0.057909531208195614,0.054650610230314575
2019-06-26,SHOP,0.050125130876001484,0.05738336172760623,0.057909531208195614
2019-06-27,SHOP,0.03644818043596599,0.050125130876001484,0.05738336172760623
2019-06-28,SHOP,0.025632166645723715,0.03644818043596599,0.050125130876001484
2019-07-01,SHOP,0.01477174733935108,0.025632166645723715,0.03644818043596599
2019-07-02,SHOP,0.010096062512207717,0.01477174733935108,0.025632166645723715
2019-07-03,SHOP,0.016440916063000213,0.010096062512207717,0.01477174733935108
2019-07-05,SHOP,0.021498772586389943,0.016440916063000213,0.010096062512207717
2019-07-08,SHOP,0.02323973834154297,0.021498772586389943,0.016440916063000213
2019-07-09,SHOP,0.027864828557929874,0.02323973834154297,0.021498772586389943
2019-07-10,SHOP,0.03102546044006234,0.027864828557929874,0.02323973834154297
2019-07-11,SHOP,0.0307655819615476,0.03102546044006234,0.027864828557929874
2019-07-12,SHOP,0.029279308769328063,0.0307655819615476,0.03102546044006234
2019-07-15,SHOP,0.026642259969274006,0.029279308769328063,0.0307655819615476
2019-07-16,SHOP,0.025112488693862105,0.026642259969274006,0.029279308769328063
2019-07-17,SHOP,0.021710505111638426,0.025112488693862105,0.026642259969274006
2019-07-18,SHOP,0.021682539889829922,0.021710505111638426,0.025112488693862105
2019-07-19,SHOP,0.023996186616403,0.021682539889829922,0.021710505111638426
2019-07-22,SHOP,0.027706666832723235,0.023996186616403,0.021682539889829922
2019-07-23,SHOP,0.028349826482942875,0.027706666832723235,0.023996186616403
2019-07-24,SHOP,0.029248582083543428,0.028349826482942875,0.027706666832723235
2019-07-25,SHOP,0.02799318908205702,0.029248582083543428,0.028349826482942875
2019-07-26,SHOP,0.02679635525345542,0.02799318908205702,0.029248582083543428
2019-07-29,SHOP,0.026973267572324457,0.02679635525345542,0.02799318908205702
2019-07-30,SHOP,0.021627262965623416,0.026973267572324457,0.02679635525345542
2019-07-31,SHOP,0.016437455283177485,0.021627262965623416,0.026973267572324457
2019-08-01,SHOP,0.012342629967116893,0.016437455283177485,0.021627262965623416
2019-08-02,SHOP,0.013409394759810286,0.012342629967116893,0.016437455283177485
2019-08-05,SHOP,0.010940328118010802,0.013409394759810286,0.012342629967116893
2019-08-06,SHOP,0.01072616780473919,0.010940328118010802,0.013409394759810286
2019-08-07,SHOP,0.01513720038560387,0.01072616780473919,0.010940328118010802
2019-08-08,SHOP,0.0205473982020367,0.01513720038560387,0.01072616780473919
2019-08-09,SHOP,0.024069681710916384,0.0205473982020367,0.01513720038560387
2019-08-12,SHOP,0.03327898118204186,0.024069681710916384,0.0205473982020367
2019-08-13,SHOP,0.044484239663250796,0.03327898118204186,0.024069681710916384
2019-08-14,SHOP,0.052169585732576185,0.044484239663250796,0.03327898118204186
2019-08-15,SHOP,0.05233041535223377,0.052169585732576185,0.044484239663250796
2019-08-16,SHOP,0.047781580610144946,0.05233041535223377,0.052169585732576185
2019-08-19,SHOP,0.04218320262764826,0.047781580610144946,0.05233041535223377
2019-08-20,SHOP,0.03816739482269158,0.04218320262764826,0.047781580610144946
2019-08-21,SHOP,0.036754712356617245,0.03816739482269158,0.04218320262764826
2019-08-22,SHOP,0.043612674024581764,0.036754712356617245,0.03816739482269158
2019-08-23,SHOP,0.05051449779685086,0.043612674024581764,0.036754712356617245
2019-08-26,SHOP,0.05396796539402825,0.05051449779685086,0.043612674024581764
2019-08-27,SHOP,0.05972764375395305,0.05396796539402825,0.05051449779685086
2019-08-28,SHOP,0.06439855096275379,0.05972764375395305,0.05396796539402825
2019-08-29,SHOP,0.0625437302699595,0.06439855096275379,0.05972764375395305
2019-08-30,SHOP,0.06021274315443276,0.0625437302699595,0.06439855096275379
2019-09-03,SHOP,0.057819899992205305,0.06021274315443276,0.0625437302699595
2019-09-04,SHOP,0.05235020695332397,0.057819899992205305,0.06021274315443276
2019-09-05,SHOP,0.04433473847716954,0.05235020695332397,0.057819899992205305
2019-09-06,SHOP,0.041103596081974565,0.04433473847716954,0.05235020695332397
2019-09-09,SHOP,0.03622744648638243,0.041103596081974565,0.04433473847716954
2019-09-10,SHOP,0.02812118324302092,0.03622744648638243,0.041103596081974565
2019-09-11,SHOP,0.015627582103459575,0.02812118324302092,0.03622744648638243
2019-09-12,SHOP,0.004327016272081249,0.015627582103459575,0.02812118324302092
2019-09-13,SHOP,-0.006778587765868699,0.004327016272081249,0.015627582103459575
2019-09-16,SHOP,-0.01894070190326966,-0.006778587765868699,0.004327016272081249
2019-09-17,SHOP,-0.02499401706692098,-0.01894070190326966,-0.006778587765868699
2019-09-18,SHOP,-0.02780938249360603,-0.02499401706692098,-0.01894070190326966
2019-09-19,SHOP,-0.03463583786730405,-0.02780938249360603,-0.02499401706692098
2019-09-20,SHOP,-0.04436223882825801,-0.03463583786730405,-0.02780938249360603
2019-09-23,SHOP,-0.0493794211647443,-0.04436223882825801,-0.03463583786730405
2019-09-24,SHOP,-0.056206422710284525,-0.0493794211647443,-0.04436223882825801
2019-09-25,SHOP,-0.06559831491471686,-0.056206422710284525,-0.0493794211647443
2019-09-26,SHOP,-0.06844439691356147,-0.06559831491471686,-0.056206422710284525
2019-09-27,SHOP,-0.07110898438873792,-0.06844439691356147,-0.06559831491471686
2019-09-30,SHOP,-0.07325655967613727,-0.07110898438873792,-0.06844439691356147
2019-10-01,SHOP,-0.07144837624287194,-0.07325655967613727,-0.07110898438873792
2019-10-02,SHOP,-0.06360164563132516,-0.07144837624287194,-0.07325655967613727
2019-10-03,SHOP,-0.06258662985799535,-0.06360164563132516,-0.07144837624287194
2019-10-04,SHOP,-0.05751638398639381,-0.06258662985799535,-0.06360164563132516
2019-10-07,SHOP,-0.049748952469185585,-0.05751638398639381,-0.06258662985799535
2019-10-08,SHOP,-0.0438454853796013,-0.049748952469185585,-0.05751638398639381
2019-10-09,SHOP,-0.04244817702588455,-0.0438454853796013,-0.049748952469185585
2019-10-10,SHOP,-0.038853156486541404,-0.04244817702588455,-0.0438454853796013
2019-10-11,SHOP,-0.0364993531607929,-0.038853156486541404,-0.04244817702588455
2019-10-14,SHOP,-0.03339931743265196,-0.0364993531607929,-0.038853156486541404
2019-10-15,SHOP,-0.026232268386525766,-0.03339931743265196,-0.0364993531607929
2019-10-16,SHOP,-0.01347263693418756,-0.026232268386525766,-0.03339931743265196
2019-10-17,SHOP,-0.007021894713996872,-0.01347263693418756,-0.026232268386525766
2019-10-18,SHOP,-0.0022793224818083734,-0.007021894713996872,-0.01347263693418756
2019-10-21,SHOP,-0.0034580748245028395,-0.0022793224818083734,-0.007021894713996872
2019-10-22,SHOP,-0.008100947846190722,-0.0034580748245028395,-0.0022793224818083734
2019-10-23,SHOP,-0.01885634506619465,-0.008100947846190722,-0.0034580748245028395
2019-10-24,SHOP,-0.023381132665802412,-0.01885634506619465,-0.008100947846190722
2019-10-25,SHOP,-0.022911949312776927,-0.023381132665802412,-0.01885634506619465
2019-10-28,SHOP,-0.019142173855926387,-0.022911949312776927,-0.023381132665802412
2019-10-29,SHOP,-0.01598483650004305,-0.019142173855926387,-0.022911949312776927
2019-10-30,SHOP,-0.0108014078704535,-0.01598483650004305,-0.019142173855926387
2019-10-31,SHOP,-0.002612649134570836,-0.0108014078704535,-0.01598483650004305
2019-11-01,SHOP,-0.003761055922719029,-0.002612649134570836,-0.0108014078704535
2019-11-04,SHOP,-0.0030151876067987643,-0.003761055922719029,-0.002612649134570836
2019-11-05,SHOP,-0.0070617757820684735,-0.0030151876067987643,-0.003761055922719029
2019-11-06,SHOP,-0.011014831444535692,-0.0070617757820684735,-0.0030151876067987643
2019-11-07,SHOP,-0.017445080255631278,-0.011014831444535692,-0.0070617757820684735
2019-11-08,SHOP,-0.024850275082748056,-0.017445080255631278,-0.011014831444535692
2019-11-11,SHOP,-0.030296397875054212,-0.024850275082748056,-0.017445080255631278
2019-11-12,SHOP,-0.03139535963479129,-0.030296397875054212,-0.024850275082748056
2019-11-13,SHOP,-0.028462479685061496,-0.03139535963479129,-0.030296397875054212
2019-11-14,SHOP,-0.022010206413500193,-0.028462479685061496,-0.03139535963479129
2019-11-15,SHOP,-0.01319816519421386,-0.022010206413500193,-0.028462479685061496
2019-11-18,SHOP,-0.008718421596632085,-0.01319816519421386,-0.022010206413500193
2019-11-19,SHOP,-0.0029216071929538496,-0.008718421596632085,-0.01319816519421386
2019-11-20,SHOP,0.00034722230287062084,-0.0029216071929538496,-0.008718421596632085
2019-11-21,SHOP,0.0009115709919854743,0.00034722230287062084,-0.0029216071929538496
2019-11-22,SHOP,0.0024851333149436897,0.0009115709919854743,0.00034722230287062084
2019-11-25,SHOP,0.003734536518374245,0.0024851333149436897,0.0009115709919854743
2019-11-26,SHOP,0.0022886063953874818,0.003734536518374245,0.0024851333149436897
2019-11-27,SHOP,0.007406114367212261,0.0022886063953874818,0.003734536518374245
2019-11-29,SHOP,0.01360223337473792,0.007406114367212261,0.0022886063953874818
2019-12-02,SHOP,0.019369743373236215,0.01360223337473792,0.007406114367212261
2019-12-03,SHOP,0.024230593182918578,0.019369743373236215,0.01360223337473792
2019-12-04,SHOP,0.03394086942061436,0.024230593182918578,0.019369743373236215
2019-12-05,SHOP,0.04321031836878773,0.03394086942061436,0.024230593182918578
2019-12-06,SHOP,0.047888650886868306,0.04321031836878773,0.03394086942061436
2019-12-09,SHOP,0.05426068001083865,0.047888650886868306,0.04321031836878773
2019-12-10,SHOP,0.062573062474791,0.05426068001083865,0.047888650886868306
2019-12-11,SHOP,0.06516000336244511,0.062573062474791,0.05426068001083865
2019-12-12,SHOP,0.06222646162461071,0.06516000336244511,0.062573062474791
2019-12-13,SHOP,0.06124025931259204,0.06222646162461071,0.06516000336244511
2019-12-16,SHOP,0.06415948558155489,0.06124025931259204,0.06222646162461071
2019-12-17,SHOP,0.06718490502140943,0.06415948558155489,0.06124025931259204
2019-12-18,SHOP,0.06970268494273739,0.06718490502140943,0.06415948558155489
2019-12-19,SHOP,0.07227693136945154,0.06970268494273739,0.06718490502140943
2019-12-20,SHOP,0.07451835087500788,0.07227693136945154,0.06970268494273739
2019-12-23,SHOP,0.07244680461431365,0.07451835087500788,0.07227693136945154
2019-12-24,SHOP,0.0682816548805834,0.07244680461431365,0.07451835087500788
2019-12-26,SHOP,0.06738645596336477,0.0682816548805834,0.07244680461431365
2019-12-27,SHOP,0.06570356946977415,0.06738645596336477,0.0682816548805834
2019-12-30,SHOP,0.06483848374095275,0.06570356946977415,0.06738645596336477
2019-12-31,SHOP,0.06193545019795188,0.06483848374095275,0.06570356946977415
2020-01-02,SHOP,0.060027806615049986,0.06193545019795188,0.06483848374095275
2020-01-03,SHOP,0.0579552348880023,0.060027806615049986,0.06193545019795188
2020-01-06,SHOP,0.052956349079624584,0.0579552348880023,0.060027806615049986
2020-01-07,SHOP,0.05039532388482088,0.052956349079624584,0.0579552348880023
2020-01-08,SHOP,0.0508885448135192,0.05039532388482088,0.052956349079624584
2020-01-09,SHOP,0.051809596975755004,0.0508885448135192,0.05039532388482088
2020-01-10,SHOP,0.05310528420801201,0.051809596975755004,0.0508885448135192
2020-01-13,SHOP,0.054752355167063636,0.05310528420801201,0.051809596975755004
2020-01-14,SHOP,0.05645738551154931,0.054752355167063636,0.05310528420801201
2020-01-15,SHOP,0.05800683181776584,0.05645738551154931,0.054752355167063636
2020-01-16,SHOP,0.06003899490312642,0.05800683181776584,0.05645738551154931
2020-01-17,SHOP,0.059920599873578353,0.06003899490312642,0.05800683181776584
2020-01-21,SHOP,0.06139147192248209,0.059920599873578353,0.06003899490312642
2020-01-22,SHOP,0.06251326110640301,0.06139147192248209,0.059920599873578353
2020-01-23,SHOP,0.06312699712858899,0.06251326110640301,0.06139147192248209
2020-01-24,SHOP,0.06276047145490492,0.06312699712858899,0.06251326110640301
2020-01-27,SHOP,0.061812484477112274,0.06276047145490492,0.06312699712858899
2020-01-28,SHOP,0.05826285218869391,0.061812484477112274,0.06276047145490492
2020-01-29,SHOP,0.05515811230702863,0.05826285218869391,0.061812484477112274
2020-01-30,SHOP,0.052981982095383226,0.05515811230702863,0.05826285218869391
2020-01-31,SHOP,0.05098089980640851,0.052981982095383226,0.05515811230702863
2020-02-03,SHOP,0.04772679982090606,0.05098089980640851,0.052981982095383226
2020-02-04,SHOP,0.04839391681717028,0.04772679982090606,0.05098089980640851
2020-02-05,SHOP,0.04838354706670766,0.04839391681717028,0.04772679982090606
2020-02-06,SHOP,0.046228453425749015,0.04838354706670766,0.04839391681717028
2020-02-07,SHOP,0.042799600881083644,0.046228453425749015,0.04838354706670766
2020-02-10,SHOP,0.04257083690284287,0.042799600881083644,0.046228453425749015
2020-02-11,SHOP,0.0441426066635781,0.04257083690284287,0.042799600881083644
2020-02-12,SHOP,0.04243482765590123,0.0441426066635781,0.04257083690284287
2020-02-13,SHOP,0.04930350638913644,0.04243482765590123,0.0441426066635781
2020-02-14,SHOP,0.056718871867736775,0.04930350638913644,0.04243482765590123
2020-02-18,SHOP,0.06282619199357002,0.056718871867736775,0.04930350638913644
2020-02-19,SHOP,0.0674070834587146,0.06282619199357002,0.056718871867736775
2020-02-20,SHOP,0.07270852793484017,0.0674070834587146,0.06282619199357002
2020-02-21,SHOP,0.06925272325398973,0.07270852793484017,0.0674070834587146
2020-02-24,SHOP,0.06322160098649392,0.06925272325398973,0.07270852793484017
2020-02-25,SHOP,0.05312973278921904,0.06322160098649392,0.06925272325398973
2020-02-26,SHOP,0.037790022669604816,0.05312973278921904,0.06322160098649392
2020-02-27,SHOP,0.02177678948757649,0.037790022669604816,0.05312973278921904
2020-02-28,SHOP,0.0011105265303284239,0.02177678948757649,0.037790022669604816
2019-01-02,VTI,-0.0343690843758623,-0.039903869936976866,-0.04216526660400236
2019-01-03,VTI,-0.026393120336097396,-0.0343690843758623,-0.039903869936976866
2019-01-04,VTI,-0.025164135398656428,-0.026393120336097396,-0.0343690843758623
2019-01-07,VTI,-0.02230041225880843,-0.025164135398656428,-0.026393120336097396
2019-01-08,VTI,-0.018459255665265063,-0.02230041225880843,-0.025164135398656428
2019-01-09,VTI,-0.014778367930923072,-0.018459255665265063,-0.02230041225880843
2019-01-10,VTI,-0.010612632683821349,-0.014778367930923072,-0.018459255665265063
2019-01-11,VTI,-0.003746167467702261,-0.010612632683821349,-0.014778367930923072
2019-01-14,VTI,-0.0003169436128696426,-0.003746167467702261,-0.010612632683821349
2019-01-15,VTI,0.0013067438301884598,-0.0003169436128696426,-0.003746167467702261
2019-01-16,VTI,0.002917334214195604,0.0013067438301884598,-0.0003169436128696426
2019-01-17,VTI,0.004223606940246945,0.002917334214195604,0.0013067438301884598
2019-01-18,VTI,0.005958363405827903,0.004223606940246945,0.002917334214195604
2019-01-22,VTI,0.008800483266272014,0.005958363405827903,0.004223606940246945
2019-01-23,VTI,0.011410115104147125,0.008800483266272014,0.005958363405827903
2019-01-24,VTI,0.013006622747167398,0.011410115104147125,0.008800483266272014
2019-01-25,VTI,0.01460597193615246,0.013006622747167398,0.011410115104147125
2019-01-28,VTI,0.016384260805489638,0.01460597193615246,0.013006622747167398
2019-01-29,VTI,0.015736986926157163,0.016384260805489638,0.01460597193615246
2019-01-30,VTI,0.016331915971399248,0.015736986926157163,0.016384260805489638
2019-01-31,VTI,0.01775062244835992,0.016331915971399248,0.015736986926157163
2019-02-01,VTI,0.01972888000876916,0.01775062244835992,0.016331915971399248
2019-02-04,VTI,0.020890880947077563,0.01972888000876916,0.01775062244835992
2019-02-05,VTI,0.02346776186206923,0.020890880947077563,0.01972888000876916
2019-02-06,VTI,0.02648165628738517,0.02346776186206923,0.020890880947077563
2019-02-07,VTI,0.02767409520396934,0.02648165628738517,0.02346776186206923
2019-02-08,VTI,0.02688289838957671,0.02767409520396934,0.02648165628738517
2019-02-11,VTI,0.026031263127224,0.02688289838957671,0.02767409520396934
2019-02-12,VTI,0.02443547437243753,0.026031263127224,0.02688289838957671
2019-02-13,VTI,0.02326653706366358,0.02443547437243753,0.026031263127224
2019-02-14,VTI,0.02218575776996027,0.02326653706366358,0.02443547437243753
2019-02-15,VTI,0.02158135357028242,0.02218575776996027,0.02326653706366358
2019-02-19,VTI,0.02242666956935636,0.02158135357028242,0.02218575776996027
2019-02-20,VTI,0.023346971308106215,0.02242666956935636,0.02158135357028242
2019-02-21,VTI,0.023200810536457905,0.023346971308106215,0.02242666956935636
2019-02-22,VTI,0.0225812898926571,0.023200810536457905,0.023346971308106215
2019-02-25,VTI,0.02270887091000986,0.0225812898926571,0.023200810536457905
2019-02-26,VTI,0.021572636393033712,0.02270887091000986,0.0225812898926571
2019-02-27,VTI,0.020515836699148533,0.021572636393033712,0.02270887091000986
2019-02-28,VTI,0.019418442549404114,0.020515836699148533,0.021572636393033712
2019-03-01,VTI,0.018626075931074477,0.019418442549404114,0.020515836699148533
2019-03-04,VTI,0.01781523765639033,0.018626075931074477,0.019418442549404114
2019-03-05,VTI,0.01653122192280418,0.01781523765639033,0.018626075931074477
2019-03-06,VTI,0.015280374185753285,0.01653122192280418,0.01781523765639033
2019-03-07,VTI,0.013263705058255738,0.015280374185753285,0.01653122192280418
2019-03-08,VTI,0.01094174009849302,0.013263705058255738,0.015280374185753285
2019-03-11,VTI,0.007807440544561899,0.01094174009849302,0.013263705058255738
2019-03-12,VTI,0.00649175000661233,0.007807440544561899,0.01094174009849302
2019-03-13,VTI,0.005833382966799425,0.00649175000661233,0.007807440544561899
2019-03-14,VTI,0.006303859226223647,0.005833382966799425,0.00649175000661233
2019-03-15,VTI,0.007489762979108119,0.006303859226223647,0.005833382966799425
2019-03-18,VTI,0.009295611672000471,0.007489762979108119,0.006303859226223647
2019-03-19,VTI,0.01010443147378827,0.009295611672000471,0.007489762979108119
2019-03-20,VTI,0.010459776263329315,0.01010443147378827,0.009295611672000471
2019-03-21,VTI,0.009807977867286757,0.010459776263329315,0.01010443147378827
2019-03-22,VTI,0.010444010774773492,0.009807977867286757,0.010459776263329315
2019-03-25,VTI,0.008942788314891148,0.010444010774773492,0.009807977867286757
2019-03-26,VTI,0.007029186907049207,0.008942788314891148,0.010444010774773492
2019-03-27,VTI,0.005886272925706617,0.007029186907049207,0.008942788314891148
2019-03-28,VTI,0.004823181452764387,0.005886272925706617,0.007029186907049207
2019-03-29,VTI,0.0029420113448484692,0.004823181452764387,0.005886272925706617
2019-04-01,VTI,0.0036177166912157513,0.0029420113448484692,0.004823181452764387
2019-04-02,VTI,0.005369748131113196,0.0036177166912157513,0.0029420113448484692
2019-04-03,VTI,0.00637419175086989,0.005369748131113196,0.0036177166912157513
2019-04-04,VTI,0.00820525055199212,0.00637419175086989,0.005369748131113196
2019-04-05,VTI,0.009818904747569957,0.00820525055199212,0.00637419175086989
2019-04-08,VTI,0.011181951906924899,0.009818904747569957,0.00820525055199212
2019-04-09,VTI,0.011625522458289987,0.011181951906924899,0.009818904747569957
2019-04-10,VTI,0.011586611418239537,0.011625522458289987,0.011181951906924899
2019-04-11,VTI,0.011733698400494376,0.011586611418239537,0.011625522458289987
2019-04-12,VTI,0.011616446890995854,0.011733698400494376,0.011586611418239537
2019-04-15,VTI,0.011663143255832453,0.011616446890995854,0.011733698400494376
2019-04-16,VTI,0.011573278717846368,0.011663143255832453,0.011616446890995854
2019-04-17,VTI,0.012080787387873305,0.011573278717846368,0.011663143255832453
2019-04-18,VTI,0.01181729489112387,0.012080787387873305,0.011573278717846368
2019-04-22,VTI,0.011658064162200308,0.01181729489112387,0.012080787387873305
2019-04-23,VTI,0.01094928667527779,0.011658064162200308,0.01181729489112387
2019-04-24,VTI,0.01111327952205545,0.01094928667527779,0.011658064162200308
2019-04-25,VTI,0.0111088373782901,0.01111327952205545,0.01094928667527779
2019-04-26,VTI,0.011223881710969752,0.0111088373782901,0.01111327952205545
2019-04-29,VTI,0.011546225629777121,0.011223881710969752,0.0111088373782901
2019-04-30,VTI,0.01193766109490744,0.011546225629777121,0.011223881710969752
2019-05-01,VTI,0.011541132008646872,0.01193766109490744,0.011546225629777121
2019-05-02,VTI,0.010687759012456721,0.011541132008646872,0.01193766109490744
2019-05-03,VTI,0.00994836200234565,0.010687759012456721,0.011541132008646872
2019-05-06,VTI,0.009575205770198787,0.00994836200234565,0.010687759012456721
2019-05-07,VTI,0.008847243153788115,0.009575205770198787,0.00994836200234565
2019-05-08,VTI,0.0066849470145843495,0.008847243153788115,0.009575205770198787
2019-05-09,VTI,0.005127057822636857,0.0066849470145843495,0.008847243153788115
2019-05-10,VTI,0.003405454602391442,0.005127057822636857,0.0066849470145843495
2019-05-13,VTI,0.0011491213308340343,0.003405454602391442,0.005127057822636857
2019-05-14,VTI,-0.0032613670840780876,0.0011491213308340343,0.003405454602391442
2019-05-15,VTI,-0.005175292605325061,-0.0032613670840780876,0.0011491213308340343
2019-05-16,VTI,-0.006316747266798828,-0.005175292605325061,-0.0032613670840780876
2019-05-17,VTI,-0.0064232138889976035,-0.006316747266798828,-0.005175292605325061
2019-05-20,VTI,-0.007547531580606246,-0.0064232138889976035,-0.006316747266798828
2019-05-21,VTI,-0.006634809814548527,-0.007547531580606246,-0.0064232138889976035
2019-05-22,VTI,-0.005616743731733235,-0.006634809814548527,-0.007547531580606246
2019-05-23,VTI,-0.005499890220693525,-0.005616743731733235,-0.006634809814548527
2019-05-24,VTI,-0.007347593041517992,-0.005499890220693525,-0.005616743731733235
2019-05-28,VTI,-0.0082505816817977,-0.007347593041517992,-0.005499890220693525
2019-05-29,VTI,-0.009120222481538327,-0.0082505816817977,-0.007347593041517992
2019-05-30,VTI,-0.011547797351030006,-0.009120222481538327,-0.0082505816817977
2019-05-31,VTI,-0.013540825901138684,-0.011547797351030006,-0.009120222481538327
2019-06-03,VTI,-0.015334892008020634,-0.013540825901138684,-0.011547797351030006
2019-06-04,VTI,-0.01755770352172395,-0.015334892008020634,-0.013540825901138684
2019-06-05,VTI,-0.016883704475102974,-0.01755770352172395,-0.015334892008020634
2019-06-06,VTI,-0.014865489964746577,-0.016883704475102974,-0.01755770352172395
2019-06-07,VTI,-0.01255638376832366,-0.014865489964746577,-0.016883704475102974
2019-06-10,VTI,-0.008185170104429722,-0.01255638376832366,-0.014865489964746577
2019-06-11,VTI,-0.003151949232193111,-0.008185170104429722,-0.01255638376832366
2019-06-12,VTI,-0.00039210366946668633,-0.003151949232193111,-0.008185170104429722
2019-06-13,VTI,0.0016342921736472698,-0.00039210366946668633,-0.003151949232193111
2019-06-14,VTI,0.0034803981547734757,0.0016342921736472698,-0.00039210366946668633
2019-06-17,VTI,0.0042177680379808504,0.0034803981547734757,0.0016342921736472698
2019-06-18,VTI,0.004540594095294565,0.0042177680379808504,0.0034803981547734757
2019-06-19,VTI,0.005915089329408961,0.004540594095294565,0.0042177680379808504
2019-06-20,VTI,0.0077168620231287625,0.005915089329408961,0.004540594095294565
2019-06-21,VTI,0.009734989828015083,0.0077168620231287625,0.005915089329408961
2019-06-24,VTI,0.011943904907900845,0.009734989828015083,0.0077168620231287625
2019-06-25,VTI,0.013749107558261236,0.011943904907900845,0.009734989828015083
2019-06-26,VTI,0.013621906060981044,0.013749107558261236,0.011943904907900845
2019-06-27,VTI,0.012741389557672286,0.013621906060981044,0.013749107558261236
2019-06-28,VTI,0.011427669752414677,0.012741389557672286,0.013621906060981044
2019-07-01,VTI,0.010648419281078616,0.011427669752414677,0.012741389557672286
2019-07-02,VTI,0.011105078507636075,0.010648419281078616,0.011427669752414677
2019-07-03,VTI,0.012344841413373319,0.011105078507636075,0.010648419281078616
2019-07-05,VTI,0.014534468482121815,0.012344841413373319,0.011105078507636075
2019-07-08,VTI,0.016153785631647575,0.014534468482121815,0.012344841413373319
2019-07-09,VTI,0.01674830911713751,0.016153785631647575,0.014534468482121815
2019-07-10,VTI,0.01669512704825904,0.01674830911713751,0.016153785631647575
2019-07-11,VTI,0.01665872313130913,0.01669512704825904,0.01674830911713751
2019-07-12,VTI,0.016129145715734268,0.01665872313130913,0.01669512704825904
2019-07-15,VTI,0.016044383602185564,0.016129145715734268,0.01665872313130913
2019-07-16,VTI,0.016261645152937414,0.016044383602185564,0.016129145715734268
2019-07-17,VTI,0.016118425185626725,0.016261645152937414,0.016044383602185564
2019-07-18,VTI,0.014887416433054053,0.016118425185626725,0.016261645152937414
2019-07-19,VTI,0.013739071399615109,0.014887416433054053,0.016118425185626725
2019-07-22,VTI,0.011623196035338642,0.013739071399615109,0.014887416433054053
2019-07-23,VTI,0.009590879901866321,0.011623196035338642,0.013739071399615109
2019-07-24,VTI,0.008361797377934556,0.009590879901866321,0.011623196035338642
2019-07-25,VTI,0.00862280323867599,0.008361797377934556,0.009590879901866321
2019-07-26,VTI,0.008162885457370738,0.00862280323867599,0.008361797377934556
2019-07-29,VTI,0.008967450587370859,0.008162885457370738,0.00862280323867599
2019-07-30,VTI,0.009452938613774702,0.008967450587370859,0.008162885457370738
2019-07-31,VTI,0.009268593136661766,0.009452938613774702,0.008967450587370859
2019-08-01,VTI,0.007527080500924994,0.009268593136661766,0.009452938613774702
2019-08-02,VTI,0.005511883175183474,0.007527080500924994,0.009268593136661766
2019-08-05,VTI,0.002141028653863707,0.005511883175183474,0.007527080500924994
2019-08-06,VTI,-0.003561419985259314,0.002141028653863707,0.005511883175183474
2019-08-07,VTI,-0.008130597777802926,-0.003561419985259314,0.002141028653863707
2019-08-08,VTI,-0.011359983384147745,-0.008130597777802926,-0.003561419985259314
2019-08-09,VTI,-0.011971901401845893,-0.011359983384147745,-0.008130597777802926
2019-08-12,VTI,-0.012252553058229514,-0.011971901401845893,-0.011359983384147745
2019-08-13,VTI,-0.010598711531810545,-0.012252553058229514,-0.011971901401845893
2019-08-14,VTI,-0.009084431898713944,-0.010598711531810545,-0.012252553058229514
2019-08-15,VTI,-0.01031192551574971,-0.009084431898713944,-0.010598711531810545
2019-08-16,VTI,-0.013313549056970077,-0.01031192551574971,-0.009084431898713944
2019-08-19,VTI,-0.01422724139233637,-0.013313549056970077,-0.01031192551574971
2019-08-20,VTI,-0.012764827223818224,-0.01422724139233637,-0.013313549056970077
2019-08-21,VTI,-0.013298454325274905,-0.012764827223818224,-0.01422724139233637
2019-08-22,VTI,-0.010141633701149738,-0.013298454325274905,-0.012764827223818224
2019-08-23,VTI,-0.007150507389442125,-0.010141633701149738,-0.013298454325274905
2019-08-26,VTI,-0.007832133372858947,-0.007150507389442125,-0.010141633701149738
2019-08-27,VTI,-0.008923785451373284,-0.007832133372858947,-0.007150507389442125
2019-08-28,VTI,-0.009617142790973606,-0.008923785451373284,-0.007832133372858947
2019-08-29,VTI,-0.010495952414597848,-0.009617142790973606,-0.008923785451373284
2019-08-30,VTI,-0.010126074022683777,-0.010495952414597848,-0.009617142790973606
2019-09-03,VTI,-0.007157561984040965,-0.010126074022683777,-0.010495952414597848
2019-09-04,VTI,-0.005765341989506385,-0.007157561984040965,-0.010126074022683777
2019-09-05,VTI,-0.003039206417582008,-0.005765341989506385,-0.007157561984040965
2019-09-06,VTI,3.059490499498761e-05,-0.003039206417582008,-0.005765341989506385
2019-09-09,VTI,0.0018546563420294923,3.059490499498761e-05,-0.003039206417582008
2019-09-10,VTI,0.0036739983953587903,0.0018546563420294923,3.059490499498761e-05
2019-09-11,VTI,0.006247367242427676,0.0036739983953587903,0.0018546563420294923
2019-09-12,VTI,0.00856316538272072,0.006247367242427676,0.0036739983953587903
2019-09-13,VTI,0.009904918990568503,0.00856316538272072,0.006247367242427676
2019-09-16,VTI,0.011061496577267226,0.009904918990568503,0.00856316538272072
2019-09-17,VTI,0.012088972160469131,0.011061496577267226,0.009904918990568503
2019-09-18,VTI,0.013188456338598225,0.012088972160469131,0.011061496577267226
2019-09-19,VTI,0.013452995804204176,0.013188456338598225,0.012088972160469131
2019-09-20,VTI,0.013201316723385684,0.013452995804204176,0.013188456338598225
2019-09-23,VTI,0.012538054895180166,0.013201316723385684,0.013452995804204176
2019-09-24,VTI,0.012005979537640413,0.012538054895180166,0.013201316723385684
2019-09-25,VTI,0.010016534231297659,0.012005979537640413,0.012538054895180166
2019-09-26,VTI,0.00875211213890599,0.010016534231297659,0.012005979537640413
2019-09-27,VTI,0.007308777863334402,0.00875211213890599,0.010016534231297659
2019-09-30,VTI,0.006064273399475345,0.007308777863334402,0.00875211213890599
2019-10-01,VTI,0.00505916347391807,0.006064273399475345,0.007308777863334402
2019-10-02,VTI,0.0036947448426293433,0.00505916347391807,0.006064273399475345
2019-10-03,VTI,0.0005116155813215578,0.0036947448426293433,0.00505916347391807
2019-10-04,VTI,-0.002108954082144296,0.0005116155813215578,0.0036947448426293433
2019-10-07,VTI,-0.0029931331294780488,-0.002108954082144296,0.0005116155813215578
2019-10-08,VTI,-0.004480176542015626,-0.0029931331294780488,-0.002108954082144296
2019-10-09,VTI,-0.005871585597015123,-0.004480176542015626,-0.0029931331294780488
2019-10-10,VTI,-0.0049561369933969575,-0.005871585597015123,-0.004480176542015626
2019-10-11,VTI,-0.0041760572591988425,-0.0049561369933969575,-0.005871585597015123
2019-10-14,VTI,-0.0037841103012335557,-0.0041760572591988425,-0.0049561369933969575
2019-10-15,VTI,-0.0034338847205932733,-0.0037841103012335557,-0.0041760572591988425
2019-10-16,VTI,-0.00048688519721431194,-0.0034338847205932733,-0.0037841103012335557
2019-10-17,VTI,0.0013185923926204808,-0.00048688519721431194,-0.0034338847205932733
2019-10-18,VTI,0.0028669442547737786,0.0013185923926204808,-0.00048688519721431194
2019-10-21,VTI,0.003193282223031292,0.0028669442547737786,0.0013185923926204808
2019-10-22,VTI,0.004164452785270297,0.003193282223031292,0.0028669442547737786
2019-10-23,VTI,0.003809896821845279,0.004164452785270297,0.003193282223031292
2019-10-24,VTI,0.003963046795791035,0.003809896821845279,0.004164452785270297
2019-10-25,VTI,0.004211949926550966,0.003963046795791035,0.003809896821845279
2019-10-28,VTI,0.005205409550506527,0.004211949926550966,0.003963046795791035
2019-10-29,VTI,0.006077344204141135,0.005205409550506527,0.004211949926550966
2019-10-30,VTI,0.007243812362586894,0.006077344204141135,0.005205409550506527
2019-10-31,VTI,0.008526730362998575,0.007243812362586894,0.006077344204141135
2019-11-01,VTI,0.00927735857914612,0.008526730362998575,0.007243812362586894
2019-11-04,VTI,0.010529468312975944,0.00927735857914612,0.008526730362998575
2019-11-05,VTI,0.01146200264546421,0.010529468312975944,0.00927735857914612
2019-11-06,VTI,0.012368692619529852,0.01146200264546421,0.010529468312975944
2019-11-07,VTI,0.012994958514763016,0.012368692619529852,0.01146200264546421
2019-11-08,VTI,0.014245379330293234,0.012994958514763016,0.012368692619529852
2019-11-11,VTI,0.014614297334819658,0.014245379330293234,0.012994958514763016
2019-11-12,VTI,0.014457458918211312,0.014614297334819658,0.014245379330293234
2019-11-13,VTI,0.014404785014587678,0.014457458918211312,0.014614297334819658
2019-11-14,VTI,0.01452381077058728,0.014404785014587678,0.014457458918211312
2019-11-15,VTI,0.014349228402430372,0.01452381077058728,0.014404785014587678
2019-11-18,VTI,0.014461744258917374,0.014349228402430372,0.01452381077058728
2019-11-19,VTI,0.014884316842273617,0.014461744258917374,0.014349228402430372
2019-11-20,VTI,0.014978145370563335,0.014884316842273617,0.014461744258917374
2019-11-21,VTI,0.014533296836232409,0.014978145370563335,0.014884316842273617
2019-11-22,VTI,0.01388393353069031,0.014533296836232409,0.014978145370563335
2019-11-25,VTI,0.012845807229098085,0.01388393353069031,0.014533296836232409
2019-11-26,VTI,0.012505849193749132,0.012845807229098085,0.01388393353069031
2019-11-27,VTI,0.012096121025997197,0.012505849193749132,0.012845807229098085
2019-11-29,VTI,0.012533994789148862,0.012096121025997197,0.012505849193749132
2019-12-02,VTI,0.01292241193602135,0.012533994789148862,0.012096121025997197
2019-12-03,VTI,0.01246334269512036,0.01292241193602135,0.012533994789148862
2019-12-04,VTI,0.010550121118688449,0.01246334269512036,0.01292241193602135
2019-12-05,VTI,0.009104006938755117,0.010550121118688449,0.01246334269512036
2019-12-06,VTI,0.007276895130700524,0.009104006938755117,0.010550121118688449
2019-12-09,VTI,0.006707917645863142,0.007276895130700524,0.009104006938755117
2019-12-10,VTI,0.006722185322291195,0.006707917645863142,0.007276895130700524
2019-12-11,VTI,0.007341094392057977,0.006722185322291195,0.006707917645863142
2019-12-12,VTI,0.0074809097636316865,0.007341094392057977,0.006722185322291195
2019-12-13,VTI,0.008204167125528555,0.0074809097636316865,0.007341094392057977
2019-12-16,VTI,0.008083938421785895,0.008204167125528555,0.0074809097636316865
2019-12-17,VTI,0.008963494706786743,0.008083938421785895,0.008204167125528555
2019-12-18,VTI,0.010040896539858086,0.008963494706786743,0.008083938421785895
2019-12-19,VTI,0.010912563193042062,0.010040896539858086,0.008963494706786743
2019-12-20,VTI,0.011380436418894913,0.010912563193042062,0.010040896539858086
2019-12-23,VTI,0.012237858269188684,0.011380436418894913,0.010912563193042062
2019-12-24,VTI,0.012569297830005327,0.012237858269188684,0.011380436418894913
2019-12-26,VTI,0.012932745699569996,0.012569297830005327,0.012237858269188684
2019-12-27,VTI,0.01365245844272952,0.012932745699569996,0.012569297830005327
2019-12-30,VTI,0.013853404924591303,0.01365245844272952,0.012932745699569996
2019-12-31,VTI,0.013127675770774722,0.013853404924591303,0.01365245844272952
2020-01-02,VTI,0.012605337023803523,0.013127675770774722,0.013853404924591303
2020-01-03,VTI,0.012742503648115758,0.012605337023803523,0.013127675770774722
2020-01-06,VTI,0.011875993314290295,0.012742503648115758,0.012605337023803523
2020-01-07,VTI,0.01139960681990661,0.011875993314290295,0.012742503648115758
2020-01-08,VTI,0.01127750493182873,0.01139960681990661,0.011875993314290295
2020-01-09,VTI,0.01142084097291481,0.01127750493182873,0.01139960681990661
2020-01-10,VTI,0.011279997549723203,0.01142084097291481,0.01127750493182873
2020-01-13,VTI,0.011532044414685047,0.011279997549723203,0.01142084097291481
2020-01-14,VTI,0.011983972382480076,0.011532044414685047,0.011279997549723203
2020-01-15,VTI,0.012587712225095356,0.011983972382480076,0.011532044414685047
2020-01-16,VTI,0.012942769715574629,0.012587712225095356,0.011983972382480076
2020-01-17,VTI,0.013541680840083068,0.012942769715574629,0.012587712225095356
2020-01-21,VTI,0.014668429539991196,0.013541680840083068,0.012942769715574629
2020-01-22,VTI,0.014999632138717627,0.014668429539991196,0.013541680840083068
2020-01-23,VTI,0.015371095411196675,0.014999632138717627,0.014668429539991196
2020-01-24,VTI,0.015467884614272646,0.015371095411196675,0.014999632138717627
2020-01-27,VTI,0.013825476499181996,0.015467884614272646,0.015371095411196675
2020-01-28,VTI,0.010744118890484758,0.013825476499181996,0.015467884614272646
2020-01-29,VTI,0.008701203326095287,0.010744118890484758,0.013825476499181996
2020-01-30,VTI,0.0066609995008322905,0.008701203326095287,0.010744118890484758
2020-01-31,VTI,0.004664838021262604,0.0066609995008322905,0.008701203326095287
2020-02-03,VTI,0.0020990845021236367,0.004664838021262604,0.0066609995008322905
2020-02-04,VTI,0.00182561034642998,0.0020990845021236367,0.004664838021262604
2020-02-05,VTI,0.0020501228266250828,0.00182561034642998,0.0020990845021236367
2020-02-06,VTI,0.003190546121408492,0.0020501228266250828,0.00182561034642998
2020-02-07,VTI,0.004427570304174352,0.003190546121408492,0.0020501228266250828
2020-02-10,VTI,0.0069206414658270045,0.004427570304174352,0.003190546121408492
2020-02-11,VTI,0.009176224888115828,0.0069206414658270045,0.004427570304174352
2020-02-12,VTI,0.010181390733568727,0.009176224888115828,0.0069206414658270045
2020-02-13,VTI,0.010820705750509647,0.010181390733568727,0.009176224888115828
2020-02-14,VTI,0.011155178493599918,0.010820705750509647,0.010181390733568727
2020-02-18,VTI,0.012199068928926225,0.011155178493599918,0.010820705750509647
2020-02-19,VTI,0.012383072917703221,0.012199068928926225,0.011155178493599918
2020-02-20,VTI,0.012712515319958755,0.012383072917703221,0.012199068928926225
2020-02-21,VTI,0.01208400160148466,0.012712515319958755,0.012383072917703221
2020-02-24,VTI,0.010657728318486435,0.01208400160148466,0.012712515319958755
2020-02-25,VTI,0.006378356313376077,0.010657728318486435,0.01208400160148466
2020-02-26,VTI,-0.0003522240427381376,0.006378356313376077,0.010657728318486435
2020-02-27,VTI,-0.008123936730509505,-0.0003522240427381376,0.006378356313376077
2020-02-28,VTI,-0.019452945302017688,-0.008123936730509505,-0.0003522240427381376
2019-01-02,V,-0.02502713844231868,-0.03231271625199018,-0.03502229338449957
2019-01-03,V,-0.015188319025191752,-0.02502713844231868,-0.03231271625199018
2019-01-04,V,-0.015147280281410972,-0.015188319025191752,-0.02502713844231868
2019-01-07,V,-0.013283919647401256,-0.015147280281410972,-0.015188319025191752
2019-01-08,V,-0.009045684685901422,-0.013283919647401256,-0.015147280281410972
2019-01-09,V,-0.005134066021261769,-0.009045684685901422,-0.013283919647401256
2019-01-10,V,-0.0006755599034677948,-0.005134066021261769,-0.009045684685901422
2019-01-11,V,0.007253706571684807,-0.0006755599034677948,-0.005134066021261769
2019-01-14,V,0.010119022233000957,0.007253706571684807,-0.0006755599034677948
2019-01-15,V,0.010479228302910057,0.010119022233000957,0.007253706571684807
2019-01-16,V,0.010561852540176057,0.010479228302910057,0.010119022233000957
2019-01-17,V,0.009312837479397047,0.010561852540176057,0.010479228302910057
2019-01-18,V,0.008160877765328207,0.009312837479397047,0.010561852540176057
2019-01-22,V,0.008207357189881949,0.008160877765328207,0.009312837479397047
2019-01-23,V,0.009249428133384353,0.008207357189881949,0.008160877765328207
2019-01-24,V,0.0092306668348439,0.009249428133384353,0.008207357189881949
2019-01-25,V,0.009916278304560863,0.0092306668348439,0.009249428133384353
2019-01-28,V,0.0115947182410802,0.009916278304560863,0.0092306668348439
2019-01-29,V,0.010053419775808719,0.0115947182410802,0.009916278304560863
2019-01-30,V,0.008472013168890282,0.010053419775808719,0.0115947182410802
2019-01-31,V,0.008850847841904463,0.008472013168890282,0.010053419775808719
2019-02-01,V,0.007188194893400494,0.008850847841904463,0.008472013168890282
2019-02-04,V,0.007917005936321319,0.007188194893400494,0.008850847841904463
2019-02-05,V,0.011537251621193052,0.007917005936321319,0.007188194893400494
2019-02-06,V,0.016440130770440778,0.011537251621193052,0.007917005936321319
2019-02-07,V,0.01854557944667047,0.016440130770440778,0.011537251621193052
2019-02-08,V,0.02128615619069256,0.01854557944667047,0.016440130770440778
2019-02-11,V,0.020634785737227494,0.02128615619069256,0.01854557944667047
2019-02-12,V,0.019134650633507617,0.020634785737227494,0.02128615619069256
2019-02-13,V,0.017362221992879408,0.019134650633507617,0.020634785737227494
2019-02-14,V,0.016765525241860004,0.017362221992879408,0.019134650633507617
2019-02-15,V,0.01679167687495457,0.016765525241860004,0.017362221992879408
2019-02-19,V,0.018596671363031336,0.01679167687495457,0.016765525241860004
2019-02-20,V,0.01999756358247329,0.018596671363031336,0.01679167687495457
2019-02-21,V,0.0206244448302694,0.01999756358247329,0.018596671363031336
2019-02-22,V,0.01988376398871462,0.0206244448302694,0.01999756358247329
2019-02-25,V,0.020402163371139093,0.01988376398871462,0.0206244448302694
2019-02-26,V,0.019334016968906954,0.020402163371139093,0.01988376398871462
2019-02-27,V,0.019730565355467845,0.019334016968906954,0.020402163371139093
2019-02-28,V,0.02027589961757684,0.019730565355467845,0.019334016968906954
2019-03-01,V,0.02191234313207182,0.02027589961757684,0.019730565355467845
2019-03-04,V,0.02320972959696271,0.02191234313207182,0.02027589961757684
2019-03-05,V,0.023529725191753743,0.02320972959696271,0.02191234313207182
2019-03-06,V,0.02312038807971069,0.023529725191753743,0.02320972959696271
2019-03-07,V,0.022414293965912244,0.02312038807971069,0.023529725191753743
2019-03-08,V,0.02056482220183064,0.022414293965912244,0.02312038807971069
2019-03-11,V,0.018101550694255453,0.02056482220183064,0.022414293965912244
2019-03-12,V,0.018568255775504344,0.018101550694255453,0.02056482220183064
2019-03-13,V,0.019766700951062473,0.018568255775504344,0.018101550694255453
2019-03-14,V,0.021424961240360772,0.019766700951062473,0.018568255775504344
2019-03-15,V,0.024587054754048314,0.021424961240360772,0.019766700951062473
2019-03-18,V,0.028134584266749335,0.024587054754048314,0.021424961240360772
2019-03-19,V,0.029300145071095816,0.028134584266749335,0.024587054754048314
2019-03-20,V,0.029304391064073378,0.029300145071095816,0.028134584266749335
2019-03-21,V,0.02827394103891236,0.029304391064073378,0.029300145071095816
2019-03-22,V,0.027508546167210227,0.02827394103891236,0.029304391064073378
2019-03-25,V,0.02418612952107248,0.027508546167210227,0.02827394103891236
2019-03-26,V,0.021663563257038148,0.02418612952107248,0.027508546167210227
2019-03-27,V,0.02076620049014362,0.021663563257038148,0.02418612952107248
2019-03-28,V,0.019919653330899012,0.02076620049014362,0.021663563257038148
2019-03-29,V,0.017895340936804505,0.019919653330899012,0.02076620049014362
2019-04-01,V,0.018355629160139667,0.017895340936804505,0.019919653330899012
2019-04-02,V,0.01944443120363052,0.018355629160139667,0.017895340936804505
2019-04-03,V,0.019394233280198774,0.01944443120363052,0.018355629160139667
2019-04-04,V,0.020515248544870395,0.019394233280198774,0.01944443120363052
2019-04-05,V,0.02104030158975793,0.020515248544870395,0.019394233280198774
2019-04-08,V,0.020597601640029,0.02104030158975793,0.020515248544870395
2019-04-09,V,0.01969833050961207,0.020597601640029,0.02104030158975793
2019-04-10,V,0.018288153299541168,0.01969833050961207,0.020597601640029
2019-04-11,V,0.017054899297172188,0.018288153299541168,0.01969833050961207
2019-04-12,V,0.015898141584399245,0.017054899297172188,0.018288153299541168
2019-04-15,V,0.01587244089483188,0.015898141584399245,0.017054899297172188
2019-04-16,V,0.01623104721924753,0.01587244089483188,0.015898141584399245
2019-04-17,V,0.016729124080706755,0.01623104721924753,0.01587244089483188
2019-04-18,V,0.01668353750871336,0.016729124080706755,0.01623104721924753
2019-04-22,V,0.01700921419716522,0.01668353750871336,0.016729124080706755
2019-04-23,V,0.016476065268586144,0.01700921419716522,0.01668353750871336
2019-04-24,V,0.01597655539820438,0.016476065268586144,0.01700921419716522
2019-04-25,V,0.015518602056555081,0.01597655539820438,0.016476065268586144
2019-04-26,V,0.014670369661244635,0.015518602056555081,0.01597655539820438
2019-04-29,V,0.01491895621918583,0.014670369661244635,0.015518602056555081
2019-04-30,V,0.015706664673904573,0.01491895621918583,0.014670369661244635
2019-05-01,V,0.01616225826683069,0.015706664673904573,0.01491895621918583
2019-05-02,V,0.015958787086272515,0.01616225826683069,0.015706664673904573
2019-05-03,V,0.015238565866619322,0.015958787086272515,0.01616225826683069
2019-05-06,V,0.013985282059885043,0.015238565866619322,0.015958787086272515
2019-05-07,V,0.012221698035406044,0.013985282059885043,0.015238565866619322
2019-05-08,V,0.00914622735407988,0.012221698035406044,0.013985282059885043
2019-05-09,V,0.007334372854396653,0.00914622735407988,0.012221698035406044
2019-05-10,V,0.005977093206897167,0.007334372854396653,0.00914622735407988
2019-05-13,V,0.004709810049872908,0.005977093206897167,0.007334372854396653
2019-05-14,V,0.001239067191273952,0.004709810049872908,0.005977093206897167
2019-05-15,V,0.00059586844552021,0.001239067191273952,0.004709810049872908
2019-05-16,V,0.001194790090796977,0.00059586844552021,0.001239067191273952
2019-05-17,V,0.0035273741228844585,0.001194790090796977,0.00059586844552021
2019-05-20,V,0.0049128377583185145,0.0035273741228844585,0.001194790090796977
2019-05-21,V,0.0081731102499382,0.0049128377583185145,0.0035273741228844585
2019-05-22,V,0.00994849978103348,0.0081731102499382,0.0049128377583185145
2019-05-23,V,0.010389389863973605,0.00994849978103348,0.0081731102499382
2019-05-24,V,0.008045336846827353,0.010389389863973605,0.00994849978103348
2019-05-28,V,0.006692001440728918,0.008045336846827353,0.010389389863973605
2019-05-29,V,0.0062801484489898125,0.006692001440728918,0.008045336846827353
2019-05-30,V,0.0051245696157562765,0.0062801484489898125,0.006692001440728918
2019-05-31,V,0.0037277144771641914,0.0051245696157562765,0.0062801484489898125
2019-06-03,V,0.00335048242747076,0.0037277144771641914,0.0051245696157562765
2019-06-04,V,0.0007733217502360375,0.00335048242747076,0.0037277144771641914
2019-06-05,V,-0.0003396134247909259,0.0007733217502360375,0.00335048242747076
2019-06-06,V,0.0008452230938590876,-0.0003396134247909259,0.0007733217502360375
2019-06-07,V,0.002793234253011369,0.0008452230938590876,-0.0003396134247909259
2019-06-10,V,0.007248796981942953,0.002793234253011369,0.0008452230938590876
2019-06-11,V,0.013655904436292547,0.007248796981942953,0.002793234253011369
2019-06-12,V,0.01751627762432313,0.013655904436292547,0.007248796981942953
2019-06-13,V,0.020285201516978858,0.01751627762432313,0.013655904436292547
2019-06-14,V,0.021003489935209074,0.020285201516978858,0.01751627762432313
2019-06-17,V,0.019998688643545072,0.021003489935209074,0.020285201516978858
2019-06-18,V,0.01865877027976175,0.019998688643545072,0.021003489935209074
2019-06-19,V,0.017584232215199506,0.01865877027976175,0.019998688643545072
2019-06-20,V,0.016487603456519305,0.017584232215199506,0.01865877027976175
2019-06-21,V,0.018093777395021035,0.016487603456519305,0.017584232215199506
2019-06-24,V,0.019214308355020263,0.018093777395021035,0.016487603456519305
2019-06-25,V,0.0206675403355393,0.019214308355020263,0.018093777395021035
2019-06-26,V,0.021028424394586517,0.0206675403355393,0.019214308355020263
2019-06-27,V,0.020286107842236542,0.021028424394586517,0.0206675403355393
2019-06-28,V,0.017908753769303665,0.020286107842236542,0.021028424394586517
2019-07-01,V,0.016771693612713065,0.017908753769303665,0.020286107842236542
2019-07-02,V,0.0156693595759253,0.016771693612713065,0.017908753769303665
2019-07-03,V,0.016431807136035086,0.0156693595759253,0.016771693612713065
2019-07-05,V,0.018337652134245933,0.016431807136035086,0.0156693595759253
2019-07-08,V,0.02024493559794784,0.018337652134245933,0.016431807136035086
2019-07-09,V,0.020788849419701445,0.02024493559794784,0.018337652134245933
2019-07-10,V,0.021785529901520686,0.020788849419701445,0.02024493559794784
2019-07-11,V,0.02272550880420742,0.021785529901520686,0.020788849419701445
2019-07-12,V,0.023481551243432323,0.02272550880420742,0.021785529901520686
2019-07-15,V,0.024186549017036863,0.023481551243432323,0.02272550880420742
2019-07-16,V,0.0250336630732787,0.024186549017036863,0.023481551243432323
2019-07-17,V,0.0245212210871814,0.0250336630732787,0.024186549017036863
2019-07-18,V,0.023148162811632764,0.0245212210871814,0.0250336630732787
2019-07-19,V,0.02155499666836401,0.023148162811632764,0.0245212210871814
2019-07-22,V,0.01958597690394116,0.02155499666836401,0.023148162811632764
2019-07-23,V,0.017998947291595006,0.01958597690394116,0.02155499666836401
2019-07-24,V,0.017049179463996967,0.017998947291595006,0.01958597690394116
2019-07-25,V,0.01764407925324568,0.017049179463996967,0.017998947291595006
2019-07-26,V,0.016906472663630774,0.01764407925324568,0.017049179463996967
2019-07-29,V,0.017990673895760135,0.016906472663630774,0.01764407925324568
2019-07-30,V,0.01836929762246797,0.017990673895760135,0.016906472663630774
2019-07-31,V,0.017845706363028322,0.01836929762246797,0.017990673895760135
2019-08-01,V,0.014297388829583133,0.017845706363028322,0.01836929762246797
2019-08-02,V,0.012350141918314865,0.014297388829583133,0.017845706363028322
2019-08-05,V,0.008224745841441249,0.012350141918314865,0.014297388829583133
2019-08-06,V,0.0002470255355374514,0.008224745841441249,0.012350141918314865
2019-08-07,V,-0.005128086737120477,0.0002470255355374514,0.008224745841441249
2019-08-08,V,-0.007147437390015935,-0.005128086737120477,0.0002470255355374514
2019-08-09,V,-0.007471684010155277,-0.007147437390015935,-0.005128086737120477
2019-08-12,V,-0.006967428348993997,-0.007471684010155277,-0.007147437390015935
2019-08-13,V,-0.0029475987761378953,-0.006967428348993997,-0.007471684010155277
2019-08-14,V,0.00012855761618722528,-0.0029475987761378953,-0.006967428348993997
2019-08-15,V,-0.0010693665132687521,0.00012855761618722528,-0.0029475987761378953
2019-08-16,V,-0.0034136287344722687,-0.0010693665132687521,0.00012855761618722528
2019-08-19,V,-0.004314077647188617,-0.0034136287344722687,-0.0010693665132687521
2019-08-20,V,-0.0027640519806714685,-0.004314077647188617,-0.0034136287344722687
2019-08-21,V,-0.0027083471520908493,-0.0027640519806714685,-0.004314077647188617
2019-08-22,V,0.0011299724545596448,-0.0027083471520908493,-0.0027640519806714685
2019-08-23,V,0.0029828172671726837,0.0011299724545596448,-0.0027083471520908493
2019-08-26,V,0.0014041247238222466,0.0029828172671726837,0.0011299724545596448
2019-08-27,V,6.956349933633847e-05,0.0014041247238222466,0.0029828172671726837
2019-08-28,V,-0.0004846524982877765,6.956349933633847e-05,0.0014041247238222466
2019-08-29,V,-0.001727850024528651,-0.0004846524982877765,6.956349933633847e-05
2019-08-30,V,-0.001176676118343715,-0.001727850024528651,-0.0004846524982877765
2019-09-03,V,0.0018903593213930264,-0.001176676118343715,-0.001727850024528651
2019-09-04,V,0.002876101355189742,0.0018903593213930264,-0.001176676118343715
2019-09-05,V,0.004542203701439699,0.002876101355189742,0.0018903593213930264
2019-09-06,V,0.007424940704007606,0.004542203701439699,0.002876101355189742
2019-09-09,V,0.009499144709945319,0.007424940704007606,0.004542203701439699
2019-09-10,V,0.00969417964033542,0.009499144709945319,0.007424940704007606
2019-09-11,V,0.008447015382370908,0.00969417964033542,0.009499144709945319
2019-09-12,V,0.005154920008527511,0.008447015382370908,0.00969417964033542
2019-09-13,V,0.0018113321506360522,0.005154920008527511,0.008447015382370908
2019-09-16,V,-0.0026099200508986156,0.0018113321506360522,0.005154920008527511
2019-09-17,V,-0.005096297527505529,-0.0026099200508986156,0.0018113321506360522
2019-09-18,V,-0.00451906948145565,-0.005096297527505529,-0.0026099200508986156
2019-09-19,V,-0.0038639215023600483,-0.00451906948145565,-0.005096297527505529
2019-09-20,V,-0.004865745231291114,-0.0038639215023600483,-0.00451906948145565
2019-09-23,V,-0.0063009821756212355,-0.004865745231291114,-0.0038639215023600483
2019-09-24,V,-0.006803762938603849,-0.0063009821756212355,-0.004865745231291114
2019-09-25,V,-0.008399551293113471,-0.006803762938603849,-0.0063009821756212355
2019-09-26,V,-0.00864998913224904,-0.008399551293113471,-0.006803762938603849
2019-09-27,V,-0.008873963275609168,-0.00864998913224904,-0.008399551293113471
2019-09-30,V,-0.008455399560524676,-0.008873963275609168,-0.00864998913224904
2019-10-01,V,-0.00957142981801869,-0.008455399560524676,-0.008873963275609168
2019-10-02,V,-0.009536027625723477,-0.00957142981801869,-0.008455399560524676
2019-10-03,V,-0.01198731995890897,-0.009536027625723477,-0.00957142981801869
2019-10-04,V,-0.013563731890744874,-0.01198731995890897,-0.009536027625723477
2019-10-07,V,-0.012394730299180907,-0.013563731890744874,-0.01198731995890897
2019-10-08,V,-0.010458870720787217,-0.012394730299180907,-0.013563731890744874
2019-10-09,V,-0.010947003669852323,-0.010458870720787217,-0.012394730299180907
2019-10-10,V,-0.007688101120245048,-0.010947003669852323,-0.010458870720787217
2019-10-11,V,-0.006046126715082798,-0.007688101120245048,-0.010947003669852323
2019-10-14,V,-0.005183024096413661,-0.006046126715082798,-0.007688101120245048
2019-10-15,V,-0.003950148703329164,-0.005183024096413661,-0.006046126715082798
2019-10-16,V,-0.0004463431518938448,-0.003950148703329164,-0.005183024096413661
2019-10-17,V,0.001285219946542951,-0.0004463431518938448,-0.003950148703329164
2019-10-18,V,0.003068260737356257,0.001285219946542951,-0.0004463431518938448
2019-10-21,V,0.002749990172253201,0.003068260737356257,0.001285219946542951
2019-10-22,V,0.002581211031141843,0.002749990172253201,0.003068260737356257
2019-10-23,V,-0.0012120069487357831,0.002581211031141843,0.002749990172253201
2019-10-24,V,-0.00410450616480722,-0.0012120069487357831,0.002581211031141843
2019-10-25,V,-0.004429348271727593,-0.00410450616480722,-0.0012120069487357831
2019-10-28,V,-0.0025595580376966474,-0.004429348271727593,-0.00410450616480722
2019-10-29,V,-0.0004702129544849943,-0.0025595580376966474,-0.004429348271727593
2019-10-30,V,0.0032746793867898063,-0.0004702129544849943,-0.0025595580376966474
2019-10-31,V,0.0073982543305192525,0.0032746793867898063,-0.0004702129544849943
2019-11-01,V,0.008839854175059187,0.0073982543305192525,0.0032746793867898063
2019-11-04,V,0.010262708860845531,0.008839854175059187,0.0073982543305192525
2019-11-05,V,0.009535268907839881,0.010262708860845531,0.008839854175059187
2019-11-06,V,0.00883790963666421,0.009535268907839881,0.010262708860845531
2019-11-07,V,0.007329307098409293,0.00883790963666421,0.009535268907839881
2019-11-08,V,0.0068875236960999064,0.007329307098409293,0.00883790963666421
2019-11-11,V,0.005388330983975595,0.0068875236960999064,0.007329307098409293
2019-11-12,V,0.005344151581599959,0.005388330983975595,0.0068875236960999064
2019-11-13,V,0.006807154047003187,0.005344151581599959,0.005388330983975595
2019-11-14,V,0.007947733815107983,0.006807154047003187,0.005344151581599959
2019-11-15,V,0.008495087944121663,0.007947733815107983,0.006807154047003187
2019-11-18,V,0.008616885363812062,0.008495087944121663,0.007947733815107983
2019-11-19,V,0.008208572712662293,0.008616885363812062,0.008495087944121663
2019-11-20,V,0.009351063396324211,0.008208572712662293,0.008616885363812062
2019-11-21,V,0.009786539469269655,0.009351063396324211,0.008208572712662293
2019-11-22,V,0.00927521677362092,0.009786539469269655,0.009351063396324211
2019-11-25,V,0.008804670089089837,0.00927521677362092,0.009786539469269655
2019-11-26,V,0.009017434047223253,0.008804670089089837,0.00927521677362092
2019-11-27,V,0.008059141162037826,0.009017434047223253,0.008804670089089837
2019-11-29,V,0.008770421717755966,0.008059141162037826,0.009017434047223253
2019-12-02,V,0.010515570133513752,0.008770421717755966,0.008059141162037826
2019-12-03,V,0.011384017678872583,0.010515570133513752,0.008770421717755966
2019-12-04,V,0.011505920098784055,0.011384017678872583,0.010515570133513752
2019-12-05,V,0.01026789995821099,0.011505920098784055,0.011384017678872583
2019-12-06,V,0.008563721869385272,0.01026789995821099,0.011505920098784055
2019-12-09,V,0.006916307664990345,0.008563721869385272,0.01026789995821099
2019-12-10,V,0.00694002061953153,0.006916307664990345,0.008563721869385272
2019-12-11,V,0.006650384052396532,0.00694002061953153,0.006916307664990345
2019-12-12,V,0.006515685597763923,0.006650384052396532,0.00694002061953153
2019-12-13,V,0.006006180734316286,0.006515685597763923,0.006650384052396532
2019-12-16,V,0.006897146056124839,0.006006180734316286,0.006515685597763923
2019-12-17,V,0.008020924033273596,0.006897146056124839,0.006006180734316286
2019-12-18,V,0.009320222958036285,0.008020924033273596,0.006897146056124839
2019-12-19,V,0.010288485777930288,0.009320222958036285,0.008020924033273596
2019-12-20,V,0.011794979765492306,0.010288485777930288,0.009320222958036285
2019-12-23,V,0.01258981822701853,0.011794979765492306,0.010288485777930288
2019-12-24,V,0.01253333639256724,0.01258981822701853,0.011794979765492306
2019-12-26,V,0.012931424343487208,0.01253333639256724,0.01258981822701853
2019-12-27,V,0.014180549040519937,0.012931424343487208,0.01253333639256724
2019-12-30,V,0.014686362600488051,0.014180549040519937,0.012931424343487208
2019-12-31,V,0.013838851159580907,0.014686362600488051,0.014180549040519937
2020-01-02,V,0.013554724413964521,0.013838851159580907,0.014686362600488051
2020-01-03,V,0.014510686268395393,0.013554724413964521,0.013838851159580907
2020-01-06,V,0.013953806292252841,0.014510686268395393,0.013554724413964521
2020-01-07,V,0.013066087716182251,0.013953806292252841,0.014510686268395393
2020-01-08,V,0.01282793903741991,0.013066087716182251,0.013953806292252841
2020-01-09,V,0.01400696585337857,0.01282793903741991,0.013066087716182251
2020-01-10,V,0.014076978239366858,0.01400696585337857,0.01282793903741991
2020-01-13,V,0.015412957107951613,0.014076978239366858,0.01400696585337857
2020-01-14,V,0.01755931349422474,0.015412957107951613,0.014076978239366858
2020-01-15,V,0.020125453504529288,0.01755931349422474,0.015412957107951613
2020-01-16,V,0.02261283680668014,0.020125453504529288,0.01755931349422474
2020-01-17,V,0.02500774965963962,0.02261283680668014,0.020125453504529288
2020-01-21,V,0.028833357820160978,0.02500774965963962,0.02261283680668014
2020-01-22,V,0.03305578650802213,0.028833357820160978,0.02500774965963962
2020-01-23,V,0.03712362937630512,0.03305578650802213,0.028833357820160978
2020-01-24,V,0.03854215381114404,0.03712362937630512,0.03305578650802213
2020-01-27,V,0.03877715990974039,0.03854215381114404,0.03712362937630512
2020-01-28,V,0.03574416750838873,0.03877715990974039,0.03854215381114404
2020-01-29,V,0.032023770950523306,0.03574416750838873,0.03877715990974039
2020-01-30,V,0.02885539746842987,0.032023770950523306,0.03574416750838873
2020-01-31,V,0.027812204957942514,0.02885539746842987,0.032023770950523306
2020-02-03,V,0.023625485292157928,0.027812204957942514,0.02885539746842987
2020-02-04,V,0.02181043689998675,0.023625485292157928,0.027812204957942514
2020-02-05,V,0.020625922276750905,0.02181043689998675,0.023625485292157928
2020-02-06,V,0.018324938447052654,0.020625922276750905,0.02181043689998675
2020-02-07,V,0.014545353596430442,0.018324938447052654,0.020625922276750905
2020-02-10,V,0.015156346019168305,0.014545353596430442,0.018324938447052654
2020-02-11,V,0.016175870293838185,0.015156346019168305,0.014545353596430442
2020-02-12,V,0.015103437082104262,0.016175870293838185,0.015156346019168305
2020-02-13,V,0.015967806265913764,0.015103437082104262,0.016175870293838185
2020-02-14,V,0.016755810827766688,0.015967806265913764,0.015103437082104262
2020-02-18,V,0.018909711506987396,0.016755810827766688,0.015967806265913764
2020-02-19,V,0.019967192897894358,0.018909711506987396,0.016755810827766688
2020-02-20,V,0.02286553026322601,0.019967192897894358,0.018909711506987396
2020-02-21,V,0.02321526776123868,0.02286553026322601,0.019967192897894358
2020-02-24,V,0.022382415770561284,0.02321526776123868,0.02286553026322601
2020-02-25,V,0.016342546501347314,0.022382415770561284,0.02321526776123868
2020-02-26,V,0.005364156189412232,0.016342546501347314,0.022382415770561284
2020-02-27,V,-0.007465843200782954,0.005364156189412232,0.016342546501347314
2020-02-28,V,-0.022926392199097062,-0.007465843200782954,0.005364156189412232
2019-01-02,GOOG,-0.008932109494036495,-0.015213035794373317,-0.018200725170790945
2019-01-03,GOOG,-0.0016944527733252254,-0.008932109494036495,-0.015213035794373317
2019-01-04,GOOG,-0.0032627630879205885,-0.0016944527733252254,-0.008932109494036495
2019-01-07,GOOG,-0.0011183557571341146,-0.0032627630879205885,-0.0016944527733252254
2019-01-08,GOOG,0.0014375441141418757,-0.0011183557571341146,-0.0032627630879205885
2019-01-09,GOOG,0.004859710835047296,0.0014375441141418757,-0.0011183557571341146
2019-01-10,GOOG,0.007445835209158265,0.004859710835047296,0.0014375441141418757
2019-01-11,GOOG,0.012412516593732067,0.007445835209158265,0.004859710835047296
2019-01-14,GOOG,0.010642285449370433,0.012412516593732067,0.007445835209158265
2019-01-15,GOOG,0.008163070241184796,0.010642285449370433,0.012412516593732067
2019-01-16,GOOG,0.007705806670298387,0.008163070241184796,0.010642285449370433
2019-01-17,GOOG,0.007520833142602964,0.007705806670298387,0.008163070241184796
2019-01-18,GOOG,0.008791865424241749,0.007520833142602964,0.007705806670298387
2019-01-22,GOOG,0.011884072437547513,0.008791865424241749,0.007520833142602964
2019-01-23,GOOG,0.014486774698885709,0.011884072437547513,0.008791865424241749
2019-01-24,GOOG,0.01451374542070935,0.014486774698885709,0.011884072437547513
2019-01-25,GOOG,0.014139459892654258,0.01451374542070935,0.014486774698885709
2019-01-28,GOOG,0.014449982040636567,0.014139459892654258,0.01451374542070935
2019-01-29,GOOG,0.011577142222148049,0.014449982040636567,0.014139459892654258
2019-01-30,GOOG,0.010766674205332174,0.011577142222148049,0.014449982040636567
2019-01-31,GOOG,0.011308212522090211,0.010766674205332174,0.011577142222148049
2019-02-01,GOOG,0.014194631406030453,0.011308212522090211,0.010766674205332174
2019-02-04,GOOG,0.01521334846279597,0.014194631406030453,0.011308212522090211
2019-02-05,GOOG,0.020002838390605217,0.01521334846279597,0.014194631406030453
2019-02-06,GOOG,0.026553861660690223,0.020002838390605217,0.01521334846279597
2019-02-07,GOOG,0.027902532962761004,0.026553861660690223,0.020002838390605217
2019-02-08,GOOG,0.02522809241971964,0.027902532962761004,0.026553861660690223
2019-02-11,GOOG,0.022938662176184857,0.02522809241971964,0.027902532962761004
2019-02-12,GOOG,0.018584912242311076,0.022938662176184857,0.02522809241971964
2019-02-13,GOOG,0.014869729674669195,0.018584912242311076,0.022938662176184857
2019-02-14,GOOG,0.013446709443252351,0.014869729674669195,0.018584912242311076
2019-02-15,GOOG,0.013592123745961122,0.013446709443252351,0.014869729674669195
2019-02-19,GOOG,0.014283386132117852,0.013592123745961122,0.013446709443252351
2019-02-20,GOOG,0.015407849134810601,0.014283386132117852,0.013592123745961122
2019-02-21,GOOG,0.013722293417283524,0.015407849134810601,0.014283386132117852
2019-02-22,GOOG,0.0108378383163583,0.013722293417283524,0.015407849134810601
2019-02-25,GOOG,0.008976025565001376,0.0108378383163583,0.013722293417283524
2019-02-26,GOOG,0.007372521678428952,0.008976025565001376,0.0108378383163583
2019-02-27,GOOG,0.006483472463839659,0.007372521678428952,0.008976025565001376
2019-02-28,GOOG,0.006064830466205181,0.006483472463839659,0.007372521678428952
2019-03-01,GOOG,0.007560450082322285,0.006064830466205181,0.006483472463839659
2019-03-04,GOOG,0.009438326603059486,0.007560450082322285,0.006064830466205181
2019-03-05,GOOG,0.011848322737819906,0.009438326603059486,0.007560450082322285
2019-03-06,GOOG,0.014630747119966177,0.011848322737819906,0.009438326603059486
2019-03-07,GOOG,0.016831280499315874,0.014630747119966177,0.011848322737819906
2019-03-08,GOOG,0.018015090214714844,0.016831280499315874,0.014630747119966177
2019-03-11,GOOG,0.017341717628741087,0.018015090214714844,0.016831280499315874
2019-03-12,GOOG,0.01866292657985449,0.017341717628741087,0.018015090214714844
2019-03-13,GOOG,0.020134760633992138,0.01866292657985449,0.017341717628741087
2019-03-14,GOOG,0.02160656418709342,0.020134760633992138,0.01866292657985449
2019-03-15,GOOG,0.023804134047972787,0.02160656418709342,0.020134760633992138
2019-03-18,GOOG,0.025963070551506522,0.023804134047972787,0.02160656418709342
2019-03-19,GOOG,0.025497782140722666,0.025963070551506522,0.023804134047972787
2019-03-20,GOOG,0.024347179131330037,0.025497782140722666,0.025963070551506522
2019-03-21,GOOG,0.02486156320393282,0.024347179131330037,0.025497782140722666
2019-03-22,GOOG,0.026906334483253413,0.02486156320393282,0.024347179131330037
2019-03-25,GOOG,0.02753522612384226,0.026906334483253413,0.02486156320393282
2019-03-26,GOOG,0.027231939031908202,0.02753522612384226,0.026906334483253413
2019-03-27,GOOG,0.025410997194173925,0.027231939031908202,0.02753522612384226
2019-03-28,GOOG,0.02084059219697044,0.025410997194173925,0.027231939031908202
2019-03-29,GOOG,0.014887658476684768,0.02084059219697044,0.025410997194173925
2019-04-01,GOOG,0.01123853127732516,0.014887658476684768,0.02084059219697044
2019-04-02,GOOG,0.010129552824862043,0.01123853127732516,0.014887658476684768
2019-04-03,GOOG,0.010171264642375446,0.010129552824862043,0.01123853127732516
2019-04-04,GOOG,0.011905042139662527,0.010171264642375446,0.010129552824862043
2019-04-05,GOOG,0.014636514538148853,0.011905042139662527,0.010171264642375446
2019-04-08,GOOG,0.016404588977517138,0.014636514538148853,0.011905042139662527
2019-04-09,GOOG,0.016081191190471918,0.016404588977517138,0.014636514538148853
2019-04-10,GOOG,0.014851571631831765,0.016081191190471918,0.016404588977517138
2019-04-11,GOOG,0.013462713583221198,0.014851571631831765,0.016081191190471918
2019-04-12,GOOG,0.011291693269405972,0.013462713583221198,0.014851571631831765
2019-04-15,GOOG,0.010878044537461246,0.011291693269405972,0.013462713583221198
2019-04-16,GOOG,0.010956795102354455,0.010878044537461246,0.011291693269405972
2019-04-17,GOOG,0.01207148825077823,0.010956795102354455,0.010878044537461246
2019-04-18,GOOG,0.013430204891017839,0.01207148825077823,0.010956795102354455
2019-04-22,GOOG,0.014625552431829813,0.013430204891017839,0.01207148825077823
2019-04-23,GOOG,0.015850917515590063,0.014625552431829813,0.013430204891017839
2019-04-24,GOOG,0.017965929311874244,0.015850917515590063,0.014625552431829813
2019-04-25,GOOG,0.019164830607854517,0.017965929311874244,0.015850917515590063
2019-04-26,GOOG,0.020077414337869456,0.019164830607854517,0.017965929311874244
2019-04-29,GOOG,0.02139850642027783,0.020077414337869456,0.019164830607854517
2019-04-30,GOOG,0.022745951047734376,0.02139850642027783,0.020077414337869456
2019-05-01,GOOG,0.016566600460873167,0.022745951047734376,0.02139850642027783
2019-05-02,GOOG,0.009800402117175765,0.016566600460873167,0.022745951047734376
2019-05-03,GOOG,0.0019366465119580534,0.009800402117175765,0.016566600460873167
2019-05-06,GOOG,-0.005250748369691126,0.0019366465119580534,0.009800402117175765
2019-05-07,GOOG,-0.013569199854346452,-0.005250748369691126,0.0019366465119580534
2019-05-08,GOOG,-0.014670512210583917,-0.013569199854346452,-0.005250748369691126
2019-05-09,GOOG,-0.01444000130691775,-0.014670512210583917,-0.013569199854346452
2019-05-10,GOOG,-0.013732021373769443,-0.01444000130691775,-0.014670512210583917
2019-05-13,GOOG,-0.014736570555047457,-0.013732021373769443,-0.01444000130691775
2019-05-14,GOOG,-0.01878594855459444,-0.014736570555047457,-0.013732021373769443
2019-05-15,GOOG,-0.02257096774712779,-0.01878594855459444,-0.014736570555047457
2019-05-16,GOOG,-0.02250771293975257,-0.02257096774712779,-0.01878594855459444
2019-05-17,GOOG,-0.02113615051807878,-0.02250771293975257,-0.02257096774712779
2019-05-20,GOOG,-0.02123355347049295,-0.02113615051807878,-0.02250771293975257
2019-05-21,GOOG,-0.02023223557646972,-0.02123355347049295,-0.02113615051807878
2019-05-22,GOOG,-0.01717458207285573,-0.02023223557646972,-0.02123355347049295
2019-05-23,GOOG,-0.017694512229755193,-0.01717458207285573,-0.02023223557646972
2019-05-24,GOOG,-0.02023169546927503,-0.017694512229755193,-0.01717458207285573
2019-05-28,GOOG,-0.02177260084286009,-0.02023169546927503,-0.017694512229755193
2019-05-29,GOOG,-0.021309852935949176,-0.02177260084286009,-0.02023169546927503
2019-05-30,GOOG,-0.023173578299441368,-0.021309852935949176,-0.02177260084286009
2019-05-31,GOOG,-0.025175777255654248,-0.023173578299441368,-0.021309852935949176
2019-06-03,GOOG,-0.02728873542867898,-0.025175777255654248,-0.023173578299441368
2019-06-04,GOOG,-0.03399608545783621,-0.02728873542867898,-0.025175777255654248
2019-06-05,GOOG,-0.039404258734263925,-0.03399608545783621,-0.02728873542867898
2019-06-06,GOOG,-0.044102248338742316,-0.039404258734263925,-0.03399608545783621
2019-06-07,GOOG,-0.048777325453568665,-0.044102248338742316,-0.039404258734263925
2019-06-10,GOOG,-0.05025232411054125,-0.048777325453568665,-0.044102248338742316
2019-06-11,GOOG,-0.044146441595856734,-0.05025232411054125,-0.048777325453568665
2019-06-12,GOOG,-0.03962333070823506,-0.044146441595856734,-0.05025232411054125
2019-06-13,GOOG,-0.034030011768333646,-0.03962333070823506,-0.044146441595856734
2019-06-14,GOOG,-0.027806624020046636,-0.034030011768333646,-0.03962333070823506
2019-06-17,GOOG,-0.023784439742813353,-0.027806624020046636,-0.034030011768333646
2019-06-18,GOOG,-0.02040012675188056,-0.023784439742813353,-0.027806624020046636
2019-06-19,GOOG,-0.015780624160876687,-0.02040012675188056,-0.023784439742813353
2019-06-20,GOOG,-0.01236864779844279,-0.015780624160876687,-0.02040012675188056
2019-06-21,GOOG,-0.009581849176078358,-0.01236864779844279,-0.015780624160876687
2019-06-24,GOOG,-0.0057496242009161085,-0.009581849176078358,-0.01236864779844279
2019-06-25,GOOG,-0.0027804636025155257,-0.0057496242009161085,-0.009581849176078358
2019-06-26,GOOG,-0.003016209985420561,-0.0027804636025155257,-0.0057496242009161085
2019-06-27,GOOG,-0.0038441235603728615,-0.003016209985420561,-0.0027804636025155257
2019-06-28,GOOG,-0.0059033637896729494,-0.0038441235603728615,-0.003016209985420561
2019-07-01,GOOG,-0.008605071333671667,-0.0059033637896729494,-0.0038441235603728615
2019-07-02,GOOG,-0.009366038267048455,-0.008605071333671667,-0.0059033637896729494
2019-07-03,GOOG,-0.006806061612700392,-0.009366038267048455,-0.008605071333671667
2019-07-05,GOOG,-0.002999656809128524,-0.006806061612700392,-0.009366038267048455
2019-07-08,GOOG,0.0024611324589791862,-0.002999656809128524,-0.006806061612700392
2019-07-09,GOOG,0.00645920665479414,0.0024611324589791862,-0.002999656809128524
2019-07-10,GOOG,0.00934863325285399,0.00645920665479414,0.0024611324589791862
2019-07-11,GOOG,0.01192762281652195,0.00934863325285399,0.00645920665479414
2019-07-12,GOOG,0.014001662765118637,0.01192762281652195,0.00934863325285399
2019-07-15,GOOG,0.015261001855409066,0.014001662765118637,0.01192762281652195
2019-07-16,GOOG,0.01812393576511022,0.015261001855409066,0.014001662765118637
2019-07-17,GOOG,0.02037556505324383,0.01812393576511022,0.015261001855409066
2019-07-18,GOOG,0.020728761189916737,0.02037556505324383,0.01812393576511022
2019-07-19,GOOG,0.020526182055125488,0.020728761189916737,0.02037556505324383
2019-07-22,GOOG,0.019078758953675754,0.020526182055125488,0.020728761189916737
2019-07-23,GOOG,0.017560739759353648,0.019078758953675754,0.020526182055125488
2019-07-24,GOOG,0.01549419725633449,0.017560739759353648,0.019078758953675754
2019-07-25,GOOG,0.013652795262073266,0.01549419725633449,0.017560739759353648
2019-07-26,GOOG,0.01124807636331689,0.013652795262073266,0.01549419725633449
2019-07-29,GOOG,0.019077056184753964,0.01124807636331689,0.013652795262073266
2019-07-30,GOOG,0.025516283753267182,0.019077056184753964,0.01124807636331689
2019-07-31,GOOG,0.03031143422174651,0.025516283753267182,0.019077056184753964
2019-08-01,GOOG,0.03510593835555927,0.03031143422174651,0.025516283753267182
2019-08-02,GOOG,0.039734685014012054,0.03510593835555927,0.03031143422174651
2019-08-05,GOOG,0.03380405047338467,0.039734685014012054,0.03510593835555927
2019-08-06,GOOG,0.02576195608403865,0.03380405047338467,0.039734685014012054
2019-08-07,GOOG,0.02017195102558797,0.02576195608403865,0.03380405047338467
2019-08-08,GOOG,0.01568795455134026,0.02017195102558797,0.02576195608403865
2019-08-09,GOOG,0.014052729018233819,0.01568795455134026,0.02017195102558797
2019-08-12,GOOG,0.01259196702158331,0.014052729018233819,0.01568795455134026
2019-08-13,GOOG,0.013832439590871314,0.01259196702158331,0.014052729018233819
2019-08-14,GOOG,0.015123136369463212,0.013832439590871314,0.01259196702158331
2019-08-15,GOOG,0.013340883607195016,0.015123136369463212,0.013832439590871314
2019-08-16,GOOG,0.009084645979653425,0.013340883607195016,0.015123136369463212
2019-08-19,GOOG,0.0069478531676614086,0.009084645979653425,0.013340883607195016
2019-08-20,GOOG,0.007516632405393165,0.0069478531676614086,0.009084645979653425
2019-08-21,GOOG,0.005241113012912071,0.007516632405393165,0.0069478531676614086
2019-08-22,GOOG,0.006544974939004797,0.005241113012912071,0.007516632405393165
2019-08-23,GOOG,0.007592827403860205,0.006544974939004797,0.005241113012912071
2019-08-26,GOOG,0.005132695244640184,0.007592827403860205,0.006544974939004797
2019-08-27,GOOG,0.0019861767091555564,0.005132695244640184,0.007592827403860205
2019-08-28,GOOG,0.00019866376706304429,0.0019861767091555564,0.005132695244640184
2019-08-29,GOOG,-0.0018995359530507158,0.00019866376706304429,0.0019861767091555564
2019-08-30,GOOG,-0.0022072289974770427,-0.0018995359530507158,0.00019866376706304429
2019-09-03,GOOG,0.00040334736079002646,-0.0022072289974770427,-0.0018995359530507158
2019-09-04,GOOG,0.00014181906181522222,0.00040334736079002646,-0.0022072289974770427
2019-09-05,GOOG,0.0009552205327313882,0.00014181906181522222,0.00040334736079002646
2019-09-06,GOOG,0.0035749392393233594,0.0009552205327313882,0.00014181906181522222
2019-09-09,GOOG,0.0038813952633878625,0.0035749392393233594,0.0009552205327313882
2019-09-10,GOOG,0.004351549695376528,0.0038813952633878625,0.0035749392393233594
2019-09-11,GOOG,0.006672125861160217,0.004351549695376528,0.0038813952633878625
2019-09-12,GOOG,0.008996947219808659,0.006672125861160217,0.004351549695376528
2019-09-13,GOOG,0.009725844890787599,0.008996947219808659,0.006672125861160217
2019-09-16,GOOG,0.011282723842527789,0.009725844890787599,0.008996947219808659
2019-09-17,GOOG,0.013708785982645178,0.011282723842527789,0.009725844890787599
2019-09-18,GOOG,0.015715526137877963,0.013708785982645178,0.011282723842527789
2019-09-19,GOOG,0.016621645722202334,0.015715526137877963,0.013708785982645178
2019-09-20,GOOG,0.01671937518297464,0.016621645722202334,0.015715526137877963
2019-09-23,GOOG,0.015688468574430205,0.01671937518297464,0.016621645722202334
2019-09-24,GOOG,0.015431284590423274,0.015688468574430205,0.01671937518297464
2019-09-25,GOOG,0.013794774394699559,0.015431284590423274,0.015688468574430205
2019-09-26,GOOG,0.014027067841116935,0.013794774394699559,0.015431284590423274
2019-09-27,GOOG,0.013442281840906175,0.014027067841116935,0.013794774394699559
2019-09-30,GOOG,0.012808850552312831,0.013442281840906175,0.014027067841116935
2019-10-01,GOOG,0.011220583674988172,0.012808850552312831,0.013442281840906175
2019-10-02,GOOG,0.009748283405044663,0.011220583674988172,0.012808850552312831
2019-10-03,GOOG,0.004266851465365362,0.009748283405044663,0.011220583674988172
2019-10-04,GOOG,-0.00044604028498745657,0.004266851465365362,0.009748283405044663
2019-10-07,GOOG,-0.0022807049561117325,-0.00044604028498745657,0.004266851465365362
2019-10-08,GOOG,-0.003581791054436299,-0.0022807049561117325,-0.00044604028498745657
2019-10-09,GOOG,-0.004807010789279298,-0.003581791054436299,-0.0022807049561117325
2019-10-10,GOOG,-0.0028934373368410607,-0.004807010789279298,-0.003581791054436299
2019-10-11,GOOG,-0.0013648958087129244,-0.0028934373368410607,-0.004807010789279298
2019-10-14,GOOG,-0.0011359589623133259,-0.0013648958087129244,-0.0028934373368410607
2019-10-15,GOOG,-0.0011298066925728835,-0.0011359589623133259,-0.0013648958087129244
2019-10-16,GOOG,0.0024411633356840245,-0.0011298066925728835,-0.0011359589623133259
2019-10-17,GOOG,0.004931728000743629,0.0024411633356840245,-0.0011298066925728835
2019-10-18,GOOG,0.007576383336463939,0.004931728000743629,0.0024411633356840245
2019-10-21,GOOG,0.009385712512777178,0.007576383336463939,0.004931728000743629
2019-10-22,GOOG,0.011037979106642695,0.009385712512777178,0.007576383336463939
2019-10-23,GOOG,0.010150006655492514,0.011037979106642695,0.009385712512777178
2019-10-24,GOOG,0.010483020461686797,0.010150006655492514,0.011037979106642695
2019-10-25,GOOG,0.010537594160787603,0.010483020461686797,0.010150006655492514
2019-10-28,GOOG,0.011403427785687292,0.010537594160787603,0.010483020461686797
2019-10-29,GOOG,0.013889472662021592,0.011403427785687292,0.010537594160787603
2019-10-30,GOOG,0.014797635925444547,0.013889472662021592,0.011403427785687292
2019-10-31,GOOG,0.014490955692484628,0.014797635925444547,0.013889472662021592
2019-11-01,GOOG,0.014121802130686,0.014490955692484628,0.014797635925444547
2019-11-04,GOOG,0.0144043804749009,0.014121802130686,0.014490955692484628
2019-11-05,GOOG,0.013817158517833772,0.0144043804749009,0.014121802130686
2019-11-06,GOOG,0.015400832251342615,0.013817158517833772,0.0144043804749009
2019-11-07,GOOG,0.017100886740152227,0.015400832251342615,0.013817158517833772
2019-11-08,GOOG,0.020080315282969222,0.017100886740152227,0.015400832251342615
2019-11-11,GOOG,0.02204767412978005,0.020080315282969222,0.017100886740152227
2019-11-12,GOOG,0.02190106528619497,0.02204767412978005,0.020080315282969222
2019-11-13,GOOG,0.02150384587361932,0.02190106528619497,0.02204767412978005
2019-11-14,GOOG,0.021390552015399817,0.02150384587361932,0.02190106528619497
2019-11-15,GOOG,0.02078925070785068,0.021390552015399817,0.02150384587361932
2019-11-18,GOOG,0.021335849218649415,0.02078925070785068,0.021390552015399817
2019-11-19,GOOG,0.021819420031719675,0.021335849218649415,0.02078925070785068
2019-11-20,GOOG,0.02183392870002738,0.021819420031719675,0.021335849218649415
2019-11-21,GOOG,0.020786513091490943,0.02183392870002738,0.021819420031719675
2019-11-22,GOOG,0.01873723098398719,0.020786513091490943,0.02183392870002738
2019-11-25,GOOG,0.014750633584200593,0.01873723098398719,0.020786513091490943
2019-11-26,GOOG,0.012564903484876893,0.014750633584200593,0.01873723098398719
2019-11-27,GOOG,0.011023256298736598,0.012564903484876893,0.014750633584200593
2019-11-29,GOOG,0.010546963551721333,0.011023256298736598,0.012564903484876893
2019-12-02,GOOG,0.009748818420572227,0.010546963551721333,0.011023256298736598
2019-12-03,GOOG,0.008504462537006386,0.009748818420572227,0.010546963551721333
2019-12-04,GOOG,0.006760982487535438,0.008504462537006386,0.009748818420572227
2019-12-05,GOOG,0.006436404845181581,0.006760982487535438,0.008504462537006386
2019-12-06,GOOG,0.006659252014826892,0.006436404845181581,0.006760982487535438
2019-12-09,GOOG,0.008410264574572758,0.006659252014826892,0.006436404845181581
2019-12-10,GOOG,0.011390451216696169,0.008410264574572758,0.006659252014826892
2019-12-11,GOOG,0.014016373981542174,0.011390451216696169,0.008410264574572758
2019-12-12,GOOG,0.014722636726467106,0.014016373981542174,0.011390451216696169
2019-12-13,GOOG,0.015372134921583975,0.014722636726467106,0.014016373981542174
2019-12-16,GOOG,0.014957708178764675,0.015372134921583975,0.014722636726467106
2019-12-17,GOOG,0.015215039739244316,0.014957708178764675,0.015372134921583975
2019-12-18,GOOG,0.015279366805498967,0.015215039739244316,0.014957708178764675
2019-12-19,GOOG,0.014861711596325577,0.015279366805498967,0.015215039739244316
2019-12-20,GOOG,0.014258758598504194,0.014861711596325577,0.015279366805498967
2019-12-23,GOOG,0.013418780695091623,0.014258758598504194,0.014861711596325577
2019-12-24,GOOG,0.011695467729968234,0.013418780695091623,0.014258758598504194
2019-12-26,GOOG,0.010276152601802948,0.011695467729968234,0.013418780695091623
2019-12-27,GOOG,0.0101141733606936,0.010276152601802948,0.011695467729968234
2019-12-30,GOOG,0.009159484562272132,0.0101141733606936,0.010276152601802948
2019-12-31,GOOG,0.00786917253949098,0.009159484562272132,0.0101141733606936
2020-01-02,GOOG,0.00671568788536809,0.00786917253949098,0.009159484562272132
2020-01-03,GOOG,0.007748728497342081,0.00671568788536809,0.00786917253949098
2020-01-06,GOOG,0.007103910351270746,0.007748728497342081,0.00671568788536809
2020-01-07,GOOG,0.009196261397227408,0.007103910351270746,0.007748728497342081
2020-01-08,GOOG,0.012511099070789592,0.009196261397227408,0.007103910351270746
2020-01-09,GOOG,0.01665510763052813,0.012511099070789592,0.009196261397227408
2020-01-10,GOOG,0.019373661254886425,0.01665510763052813,0.012511099070789592
2020-01-13,GOOG,0.023085349216215866,0.019373661254886425,0.01665510763052813
2020-01-14,GOOG,0.024826347874487696,0.023085349216215866,0.019373661254886425
2020-01-15,GOOG,0.026097045803819434,0.024826347874487696,0.023085349216215866
2020-01-16,GOOG,0.027021068736700703,0.026097045803819434,0.024826347874487696
2020-01-17,GOOG,0.027716619926161243,0.027021068736700703,0.026097045803819434
2020-01-21,GOOG,0.02947668314896018,0.027716619926161243,0.027021068736700703
2020-01-22,GOOG,0.030794392661774358,0.02947668314896018,0.027716619926161243
2020-01-23,GOOG,0.03267376118910627,0.030794392661774358,0.02947668314896018
2020-01-24,GOOG,0.03385444614372333,0.03267376118910627,0.030794392661774358
2020-01-27,GOOG,0.03309977750084783,0.03385444614372333,0.03267376118910627
2020-01-28,GOOG,0.028787433258526573,0.03309977750084783,0.03385444614372333
2020-01-29,GOOG,0.0253435706565568,0.028787433258526573,0.03309977750084783
2020-01-30,GOOG,0.022268172687643875,0.0253435706565568,0.028787433258526573
2020-01-31,GOOG,0.019006773464942436,0.022268172687643875,0.0253435706565568
2020-02-03,GOOG,0.01585456900457736,0.019006773464942436,0.022268172687643875
2020-02-04,GOOG,0.018003402400918127,0.01585456900457736,0.019006773464942436
2020-02-05,GOOG,0.01664431752261437,0.018003402400918127,0.01585456900457736
2020-02-06,GOOG,0.014912963958715239,0.01664431752261437,0.018003402400918127
2020-02-07,GOOG,0.01514990391863918,0.014912963958715239,0.01664431752261437
2020-02-10,GOOG,0.01697405074899985,0.01514990391863918,0.014912963958715239
2020-02-11,GOOG,0.016952037392059634,0.01697405074899985,0.01514990391863918
2020-02-12,GOOG,0.019595598637447507,0.016952037392059634,0.01697405074899985
2020-02-13,GOOG,0.02260546486948601,0.019595598637447507,0.016952037392059634
2020-02-14,GOOG,0.023511937902523837,0.02260546486948601,0.019595598637447507
2020-02-18,GOOG,0.024501604653628432,0.023511937902523837,0.02260546486948601
2020-02-19,GOOG,0.02365175474686766,0.024501604653628432,0.023511937902523837
2020-02-20,GOOG,0.023107525690742495,0.02365175474686766,0.024501604653628432
2020-02-21,GOOG,0.021312186537696984,0.023107525690742495,0.02365175474686766
2020-02-24,GOOG,0.017915233337119623,0.021312186537696984,0.023107525690742495
2020-02-25,GOOG,0.010794932006128431,0.017915233337119623,0.021312186537696984
2020-02-26,GOOG,0.0016641867640513086,0.010794932006128431,0.017915233337119623
2020-02-27,GOOG,-0.007504047697206574,0.0016641867640513086,0.010794932006128431
2020-02-28,GOOG,-0.020842775039226526,-0.007504047697206574,0.0016641867640513086
2019-01-02,BA,-0.025280116846831936,-0.03311603990489694,-0.03627872578799783
2019-01-03,BA,-0.013852153471962676,-0.025280116846831936,-0.03311603990489694
2019-01-04,BA,-0.012249820193298745,-0.013852153471962676,-0.025280116846831936
2019-01-07,BA,-0.007821633508523752,-0.012249820193298745,-0.013852153471962676
2019-01-08,BA,-0.0032300397572136187,-0.007821633508523752,-0.012249820193298745
2019-01-09,BA,0.0025144184052537564,-0.0032300397572136187,-0.007821633508523752
2019-01-10,BA,0.008516798579421584,0.0025144184052537564,-0.0032300397572136187
2019-01-11,BA,0.020260272953003335,0.008516798579421584,0.0025144184052537564
2019-01-14,BA,0.02642566540967066,0.020260272953003335,0.008516798579421584
2019-01-15,BA,0.03142595013114023,0.02642566540967066,0.020260272953003335
2019-01-16,BA,0.03325326469549186,0.03142595013114023,0.02642566540967066
2019-01-17,BA,0.03386719172158864,0.03325326469549186,0.03142595013114023
2019-01-18,BA,0.03385243784638241,0.03386719172158864,0.03325326469549186
2019-01-22,BA,0.03517144758003559,0.03385243784638241,0.03386719172158864
2019-01-23,BA,0.0362350774282974,0.03517144758003559,0.03385243784638241
2019-01-24,BA,0.03732404136411153,0.0362350774282974,0.03517144758003559
2019-01-25,BA,0.03855758500311137,0.03732404136411153,0.0362350774282974
2019-01-28,BA,0.03979236212416915,0.03855758500311137,0.03732404136411153
2019-01-29,BA,0.0384292756335809,0.03979236212416915,0.03855758500311137
2019-01-30,BA,0.03895872979456685,0.0384292756335809,0.03979236212416915
2019-01-31,BA,0.044185903446475445,0.03895872979456685,0.0384292756335809
2019-02-01,BA,0.049050444175088276,0.044185903446475445,0.03895872979456685
2019-02-04,BA,0.05247465674936781,0.049050444175088276,0.044185903446475445
2019-02-05,BA,0.058440163858452285,0.05247465674936781,0.049050444175088276
2019-02-06,BA,0.06651940927028692,0.058440163858452285,0.05247465674936781
2019-02-07,BA,0.06860207882719109,0.06651940927028692,0.058440163858452285
2019-02-08,BA,0.0702506674334357,0.06860207882719109,0.06651940927028692
2019-02-11,BA,0.07185453632969793,0.0702506674334357,0.06860207882719109
2019-02-12,BA,0.07056966558787359,0.07185453632969793,0.0702506674334357
2019-02-13,BA,0.06721939830913727,0.07056966558787359,0.07185453632969793
2019-02-14,BA,0.06330777308826235,0.06721939830913727,0.07056966558787359
2019-02-15,BA,0.059817451618787175,0.06330777308826235,0.06721939830913727
2019-02-19,BA,0.05886055301241784,0.059817451618787175,0.06330777308826235
2019-02-20,BA,0.0579263003081842,0.05886055301241784,0.059817451618787175
2019-02-21,BA,0.05641738256925037,0.0579263003081842,0.05886055301241784
2019-02-22,BA,0.054395982721772394,0.05641738256925037,0.0579263003081842
2019-02-25,BA,0.053921937904964315,0.054395982721772394,0.05641738256925037
2019-02-26,BA,0.05160675077000475,0.053921937904964315,0.054395982721772394
2019-02-27,BA,0.05030321209291819,0.05160675077000475,0.053921937904964315
2019-02-28,BA,0.049525206958734296,0.05030321209291819,0.05160675077000475
2019-03-01,BA,0.05101615259019468,0.049525206958734296,0.05030321209291819
2019-03-04,BA,0.05124243824836035,0.05101615259019468,0.049525206958734296
2019-03-05,BA,0.04960946665769882,0.05124243824836035,0.05101615259019468
2019-03-06,BA,0.04752785784614683,0.04960946665769882,0.05124243824836035
2019-03-07,BA,0.042285045595805246,0.04752785784614683,0.04960946665769882
2019-03-08,BA,0.03568767357347515,0.042285045595805246,0.04752785784614683
2019-03-11,BA,0.028902766892233568,0.03568767357347515,0.042285045595805246
2019-03-12,BA,0.019672414421156484,0.028902766892233568,0.03568767357347515
2019-03-13,BA,0.006031808615501013,0.019672414421156484,0.028902766892233568
2019-03-14,BA,-0.006416663150692337,0.006031808615501013,0.019672414421156484
2019-03-15,BA,-0.019479768091827762,-0.006416663150692337,0.006031808615501013
2019-03-18,BA,-0.03156746391823338,-0.019479768091827762,-0.006416663150692337
2019-03-19,BA,-0.03923850111237709,-0.03156746391823338,-0.019479768091827762
2019-03-20,BA,-0.04019627261153167,-0.03923850111237709,-0.03156746391823338
2019-03-21,BA,-0.040915787517569926,-0.04019627261153167,-0.03923850111237709
2019-03-22,BA,-0.04061678292697251,-0.040915787517569926,-0.04019627261153167
2019-03-25,BA,-0.04436199139069227,-0.04061678292697251,-0.040915787517569926
2019-03-26,BA,-0.04432294356625284,-0.04436199139069227,-0.04061678292697251
2019-03-27,BA,-0.04427696669403919,-0.04432294356625284,-0.04436199139069227
2019-03-28,BA,-0.04360623717226679,-0.04427696669403919,-0.04432294356625284
2019-03-29,BA,-0.041912917046904044,-0.04360623717226679,-0.04427696669403919
2019-04-01,BA,-0.035907670395095126,-0.041912917046904044,-0.04360623717226679
2019-04-02,BA,-0.02983683463280142,-0.035907670395095126,-0.041912917046904044
2019-04-03,BA,-0.024016945269005035,-0.02983683463280142,-0.035907670395095126
2019-04-04,BA,-0.02034745001430529,-0.024016945269005035,-0.02983683463280142
2019-04-05,BA,-0.014285083455898934,-0.02034745001430529,-0.024016945269005035
2019-04-08,BA,-0.010951025319455594,-0.014285083455898934,-0.02034745001430529
2019-04-09,BA,-0.013767325977080405,-0.010951025319455594,-0.014285083455898934
2019-04-10,BA,-0.01770350606460375,-0.013767325977080405,-0.010951025319455594
2019-04-11,BA,-0.0208549099737073,-0.01770350606460375,-0.013767325977080405
2019-04-12,BA,-0.025958669118323667,-0.0208549099737073,-0.01770350606460375
2019-04-15,BA,-0.027640773377775648,-0.025958669118323667,-0.0208549099737073
2019-04-16,BA,-0.025516145736711234,-0.027640773377775648,-0.025958669118323667
2019-04-17,BA,-0.020473087503567678,-0.025516145736711234,-0.027640773377775648
2019-04-18,BA,-0.01499994262224585,-0.020473087503567678,-0.025516145736711234
2019-04-22,BA,-0.010170467844711813,-0.01499994262224585,-0.020473087503567678
2019-04-23,BA,-0.008927798479173273,-0.010170467844711813,-0.01499994262224585
2019-04-24,BA,-0.007126132153377439,-0.008927798479173273,-0.010170467844711813
2019-04-25,BA,-0.006743992913062571,-0.007126132153377439,-0.008927798479173273
2019-04-26,BA,-0.0037812623819349312,-0.006743992913062571,-0.007126132153377439
2019-04-29,BA,-0.0020193426817841963,-0.0037812623819349312,-0.006743992913062571
2019-04-30,BA,0.0006482099795816805,-0.0020193426817841963,-0.0037812623819349312
2019-05-01,BA,0.002461476530293758,0.0006482099795816805,-0.0020193426817841963
2019-05-02,BA,0.0027621308542930233,0.002461476530293758,0.0006482099795816805
2019-05-03,BA,0.0009645734357124337,0.0027621308542930233,0.002461476530293758
2019-05-06,BA,-0.0003018031307658765,0.0009645734357124337,0.0027621308542930233
2019-05-07,BA,-0.0020011743332172104,-0.0003018031307658765,0.0009645734357124337
2019-05-08,BA,-0.0069068609738555725,-0.0020011743332172104,-0.0003018031307658765
2019-05-09,BA,-0.01099724689456577,-0.0069068609738555725,-0.0020011743332172104
2019-05-10,BA,-0.015598802922928102,-0.01099724689456577,-0.0069068609738555725
2019-05-13,BA,-0.02044140266300643,-0.015598802922928102,-0.01099724689456577
2019-05-14,BA,-0.028609522178405653,-0.02044140266300643,-0.015598802922928102
2019-05-15,BA,-0.031101393564948763,-0.028609522178405653,-0.02044140266300643
2019-05-16,BA,-0.03369099783676985,-0.031101393564948763,-0.028609522178405653
2019-05-17,BA,-0.03308052040756802,-0.03369099783676985,-0.031101393564948763
2019-05-20,BA,-0.03231394343373976,-0.03308052040756802,-0.03369099783676985
2019-05-21,BA,-0.026872333773825637,-0.03231394343373976,-0.03308052040756802
2019-05-22,BA,-0.021224834281468253,-0.026872333773825637,-0.03231394343373976
2019-05-23,BA,-0.017821395805218486,-0.021224834281468253,-0.026872333773825637
2019-05-24,BA,-0.01749643506635223,-0.017821395805218486,-0.021224834281468253
2019-05-28,BA,-0.01602039437718984,-0.01749643506635223,-0.017821395805218486
2019-05-29,BA,-0.014068177361662658,-0.01602039437718984,-0.01749643506635223
2019-05-30,BA,-0.015958378347607886,-0.014068177361662658,-0.01602039437718984
2019-05-31,BA,-0.016114423424080603,-0.015958378347607886,-0.014068177361662658
2019-06-03,BA,-0.017825575549773955,-0.016114423424080603,-0.015958378347607886
2019-06-04,BA,-0.021269809334923177,-0.017825575549773955,-0.016114423424080603
2019-06-05,BA,-0.02293765117381308,-0.021269809334923177,-0.017825575549773955
2019-06-06,BA,-0.021979420367777013,-0.02293765117381308,-0.021269809334923177
2019-06-07,BA,-0.020609377034720735,-0.021979420367777013,-0.02293765117381308
2019-06-10,BA,-0.016255943574615617,-0.020609377034720735,-0.021979420367777013
2019-06-11,BA,-0.01102195969934555,-0.016255943574615617,-0.020609377034720735
2019-06-12,BA,-0.008733225665701042,-0.01102195969934555,-0.016255943574615617
2019-06-13,BA,-0.00822886068227489,-0.008733225665701042,-0.01102195969934555
2019-06-14,BA,-0.007756108130729559,-0.00822886068227489,-0.008733225665701042
2019-06-17,BA,-0.008281102744652885,-0.007756108130729559,-0.00822886068227489
2019-06-18,BA,-0.007011254302513094,-0.008281102744652885,-0.007756108130729559
2019-06-19,BA,0.00010542711513423523,-0.007011254302513094,-0.008281102744652885
2019-06-20,BA,0.006425298013280926,0.00010542711513423523,-0.007011254302513094
2019-06-21,BA,0.013617263189806779,0.006425298013280926,0.00010542711513423523
2019-06-24,BA,0.020425075046679602,0.013617263189806779,0.006425298013280926
2019-06-25,BA,0.02558446918795147,0.020425075046679602,0.013617263189806779
2019-06-26,BA,0.02434489115366191,0.02558446918795147,0.020425075046679602
2019-06-27,BA,0.025261448528651097,0.02434489115366191,0.02558446918795147
2019-06-28,BA,0.022088409065086054,0.025261448528651097,0.02434489115366191
2019-07-01,BA,0.019575851501330135,0.022088409065086054,0.025261448528651097
2019-07-02,BA,0.01473521625318967,0.019575851501330135,0.022088409065086054
2019-07-03,BA,0.00989882165962029,0.01473521625318967,0.019575851501330135
2019-07-05,BA,0.003764563454613291,0.00989882165962029,0.01473521625318967
2019-07-08,BA,0.001074000584359206,0.003764563454613291,0.00989882165962029
2019-07-09,BA,-0.002441943086410783,0.001074000584359206,0.003764563454613291
2019-07-10,BA,-0.003316283325040465,-0.002441943086410783,0.001074000584359206
2019-07-11,BA,-0.003822712743670969,-0.003316283325040465,-0.002441943086410783
2019-07-12,BA,-0.0025524391366839798,-0.003822712743670969,-0.003316283325040465
2019-07-15,BA,-0.0003897246399498811,-0.0025524391366839798,-0.003822712743670969
2019-07-16,BA,0.002103803497960995,-0.0003897246399498811,-0.0025524391366839798
2019-07-17,BA,0.0044786083662559095,0.002103803497960995,-0.0003897246399498811
2019-07-18,BA,0.008650904903737763,0.0044786083662559095,0.002103803497960995
2019-07-19,BA,0.008739003053734653,0.008650904903737763,0.0044786083662559095
2019-07-22,BA,0.010935771420495354,0.008739003053734653,0.008650904903737763
2019-07-23,BA,0.012881977735807043,0.010935771420495354,0.008739003053734653
2019-07-24,BA,0.014315356457874798,0.012881977735807043,0.010935771420495354
2019-07-25,BA,0.011464031028724566,0.014315356457874798,0.012881977735807043
2019-07-26,BA,0.007952197877708289,0.011464031028724566,0.014315356457874798
2019-07-29,BA,-0.0007284069909752844,0.007952197877708289,0.011464031028724566
2019-07-30,BA,-0.009499498944028621,-0.0007284069909752844,0.007952197877708289
2019-07-31,BA,-0.016543312856642903,-0.009499498944028621,-0.0007284069909752844
2019-08-01,BA,-0.022063562727941546,-0.016543312856642903,-0.009499498944028621
2019-08-02,BA,-0.02557889786873876,-0.022063562727941546,-0.016543312856642903
2019-08-05,BA,-0.026803342725167104,-0.02557889786873876,-0.022063562727941546
2019-08-06,BA,-0.028855360719517553,-0.026803342725167104,-0.02557889786873876
2019-08-07,BA,-0.03240872555784472,-0.028855360719517553,-0.026803342725167104
2019-08-08,BA,-0.0336340593641822,-0.03240872555784472,-0.028855360719517553
2019-08-09,BA,-0.03118563745791629,-0.0336340593641822,-0.03240872555784472
2019-08-12,BA,-0.02974320359970778,-0.03118563745791629,-0.0336340593641822
2019-08-13,BA,-0.027080467143155824,-0.02974320359970778,-0.03118563745791629
2019-08-14,BA,-0.024762846127854107,-0.027080467143155824,-0.02974320359970778
2019-08-15,BA,-0.025535276650882212,-0.024762846127854107,-0.027080467143155824
2019-08-16,BA,-0.026228684739256918,-0.025535276650882212,-0.024762846127854107
2019-08-19,BA,-0.027095393228776157,-0.026228684739256918,-0.025535276650882212
2019-08-20,BA,-0.025688973983562062,-0.027095393228776157,-0.026228684739256918
2019-08-21,BA,-0.02509814446766417,-0.025688973983562062,-0.027095393228776157
2019-08-22,BA,-0.018690996444329963,-0.02509814446766417,-0.025688973983562062
2019-08-23,BA,-0.010907622346681446,-0.018690996444329963,-0.02509814446766417
2019-08-26,BA,-0.0035016301803470506,-0.010907622346681446,-0.018690996444329963
2019-08-27,BA,0.0033878748831123228,-0.0035016301803470506,-0.010907622346681446
2019-08-28,BA,0.009785163733076413,0.0033878748831123228,-0.0035016301803470506
2019-08-29,BA,0.015008494843533426,0.009785163733076413,0.0033878748831123228
2019-08-30,BA,0.017090865877539958,0.015008494843533426,0.009785163733076413
2019-09-03,BA,0.01929662770773916,0.017090865877539958,0.015008494843533426
2019-09-04,BA,0.018216468954705294,0.01929662770773916,0.017090865877539958
2019-09-05,BA,0.018880913633615416,0.018216468954705294,0.01929662770773916
2019-09-06,BA,0.019258508798805914,0.018880913633615416,0.018216468954705294
2019-09-09,BA,0.01916039484637484,0.019258508798805914,0.018880913633615416
2019-09-10,BA,0.01835281283367052,0.01916039484637484,0.019258508798805914
2019-09-11,BA,0.02260255712374316,0.01835281283367052,0.01916039484637484
2019-09-12,BA,0.029345086966823274,0.02260255712374316,0.01835281283367052
2019-09-13,BA,0.03282418400115508,0.029345086966823274,0.02260255712374316
2019-09-16,BA,0.035937262248534746,0.03282418400115508,0.029345086966823274
2019-09-17,BA,0.03980141111860742,0.035937262248534746,0.03282418400115508
2019-09-18,BA,0.041794929978434335,0.03980141111860742,0.035937262248534746
2019-09-19,BA,0.041031843594141006,0.041794929978434335,0.03980141111860742
2019-09-20,BA,0.04149451937529378,0.041031843594141006,0.041794929978434335
2019-09-23,BA,0.03949156782892549,0.04149451937529378,0.041031843594141006
2019-09-24,BA,0.037422370909657304,0.03949156782892549,0.04149451937529378
2019-09-25,BA,0.03464284935157078,0.037422370909657304,0.03949156782892549
2019-09-26,BA,0.03235714099617009,0.03464284935157078,0.037422370909657304
2019-09-27,BA,0.030707141840479093,0.03235714099617009,0.03464284935157078
2019-09-30,BA,0.02976998099168709,0.030707141840479093,0.03235714099617009
2019-10-01,BA,0.028971625369058045,0.02976998099168709,0.030707141840479093
2019-10-02,BA,0.0255672833535554,0.028971625369058045,0.02976998099168709
2019-10-03,BA,0.01926248624036169,0.0255672833535554,0.028971625369058045
2019-10-04,BA,0.013311369150224912,0.01926248624036169,0.0255672833535554
2019-10-07,BA,0.009541608393602893,0.013311369150224912,0.01926248624036169
2019-10-08,BA,0.006699504985512212,0.009541608393602893,0.013311369150224912
2019-10-09,BA,0.00491322820898041,0.006699504985512212,0.009541608393602893
2019-10-10,BA,0.005277989580650282,0.00491322820898041,0.006699504985512212
2019-10-11,BA,0.0037988744371801396,0.005277989580650282,0.00491322820898041
2019-10-14,BA,0.0028027466339818744,0.0037988744371801396,0.005277989580650282
2019-10-15,BA,0.0012457142356745935,0.0028027466339818744,0.0037988744371801396
2019-10-16,BA,-5.208065676833222e-05,0.0012457142356745935,0.0028027466339818744
2019-10-17,BA,-0.0014081838826762194,-5.208065676833222e-05,0.0012457142356745935
2019-10-18,BA,-0.0022767691651395115,-0.0014081838826762194,-5.208065676833222e-05
2019-10-21,BA,-0.009938957489943301,-0.0022767691651395115,-0.0014081838826762194
2019-10-22,BA,-0.020315861329097032,-0.009938957489943301,-0.0022767691651395115
2019-10-23,BA,-0.029232138465244386,-0.020315861329097032,-0.009938957489943301
2019-10-24,BA,-0.03779450260872527,-0.029232138465244386,-0.020315861329097032
2019-10-25,BA,-0.04434664823954052,-0.03779450260872527,-0.029232138465244386
2019-10-28,BA,-0.04468288443791426,-0.04434664823954052,-0.03779450260872527
2019-10-29,BA,-0.04110647687439567,-0.04468288443791426,-0.04434664823954052
2019-10-30,BA,-0.036827082567558,-0.04110647687439567,-0.04468288443791426
2019-10-31,BA,-0.03378301866958466,-0.036827082567558,-0.04110647687439567
2019-11-01,BA,-0.03374535117415834,-0.03378301866958466,-0.036827082567558
2019-11-04,BA,-0.030841541241495133,-0.03374535117415834,-0.03378301866958466
2019-11-05,BA,-0.026802911791977146,-0.030841541241495133,-0.03374535117415834
2019-11-06,BA,-0.02309487895626201,-0.026802911791977146,-0.030841541241495133
2019-11-07,BA,-0.019502306275363344,-0.02309487895626201,-0.026802911791977146
2019-11-08,BA,-0.012978584421778055,-0.019502306275363344,-0.02309487895626201
2019-11-11,BA,-0.00972379692997358,-0.012978584421778055,-0.019502306275363344
2019-11-12,BA,-0.0043660136594359175,-0.00972379692997358,-0.012978584421778055
2019-11-13,BA,-0.0018423973638110958,-0.0043660136594359175,-0.00972379692997358
2019-11-14,BA,0.0018977962511564951,-0.0018423973638110958,-0.0043660136594359175
2019-11-15,BA,0.005388308211944167,0.0018977962511564951,-0.0018423973638110958
2019-11-18,BA,0.011423088871820324,0.005388308211944167,0.0018977962511564951
2019-11-19,BA,0.012456351026208227,0.011423088871820324,0.005388308211944167
2019-11-20,BA,0.013808348888397437,0.012456351026208227,0.011423088871820324
2019-11-21,BA,0.015863477602162314,0.013808348888397437,0.012456351026208227
2019-11-22,BA,0.015731275578557948,0.015863477602162314,0.013808348888397437
2019-11-25,BA,0.01572624169444042,0.015731275578557948,0.015863477602162314
2019-11-26,BA,0.016768436088685692,0.01572624169444042,0.015731275578557948
2019-11-27,BA,0.018462258491561932,0.016768436088685692,0.01572624169444042
2019-11-29,BA,0.017868775575599412,0.018462258491561932,0.016768436088685692
2019-12-02,BA,0.017905193976380365,0.017868775575599412,0.018462258491561932
2019-12-03,BA,0.014227109150438311,0.017905193976380365,0.017868775575599412
2019-12-04,BA,0.00922060583186794,0.014227109150438311,0.017905193976380365
2019-12-05,BA,0.003179018107693103,0.00922060583186794,0.014227109150438311
2019-12-06,BA,-0.0021055229885777673,0.003179018107693103,0.00922060583186794
2019-12-09,BA,-0.005020031959677531,-0.0021055229885777673,0.003179018107693103
2019-12-10,BA,-0.006522374633814745,-0.005020031959677531,-0.0021055229885777673
2019-12-11,BA,-0.008471112978852193,-0.006522374633814745,-0.005020031959677531
2019-12-12,BA,-0.00873992047820824,-0.008471112978852193,-0.006522374633814745
2019-12-13,BA,-0.008877109382059281,-0.00873992047820824,-0.008471112978852193
2019-12-16,BA,-0.012403634507836946,-0.008877109382059281,-0.00873992047820824
2019-12-17,BA,-0.018983891580385652,-0.012403634507836946,-0.008877109382059281
2019-12-18,BA,-0.02464154727251053,-0.018983891580385652,-0.012403634507836946
2019-12-19,BA,-0.029727519026119014,-0.02464154727251053,-0.018983891580385652
2019-12-20,BA,-0.03313736068376138,-0.029727519026119014,-0.02464154727251053
2019-12-23,BA,-0.03686729636142067,-0.03313736068376138,-0.029727519026119014
2019-12-24,BA,-0.033450103411462054,-0.03686729636142067,-0.03313736068376138
2019-12-26,BA,-0.03099740359124102,-0.033450103411462054,-0.03686729636142067
2019-12-27,BA,-0.030164123639676455,-0.03099740359124102,-0.033450103411462054
2019-12-30,BA,-0.030285132469892572,-0.030164123639676455,-0.03099740359124102
2019-12-31,BA,-0.029513917361735215,-0.030285132469892572,-0.030164123639676455
2020-01-02,BA,-0.0320551396376629,-0.029513917361735215,-0.030285132469892572
2020-01-03,BA,-0.030587673961986465,-0.0320551396376629,-0.029513917361735215
2020-01-06,BA,-0.028495968793598402,-0.030587673961986465,-0.0320551396376629
2020-01-07,BA,-0.026228313176453553,-0.028495968793598402,-0.030587673961986465
2020-01-08,BA,-0.02170976048027964,-0.026228313176453553,-0.028495968793598402
2020-01-09,BA,-0.018366407319782667,-0.02170976048027964,-0.026228313176453553
2020-01-10,BA,-0.016094259398959514,-0.018366407319782667,-0.02170976048027964
2020-01-13,BA,-0.015407976914777523,-0.016094259398959514,-0.018366407319782667
2020-01-14,BA,-0.01477219602322492,-0.015407976914777523,-0.016094259398959514
2020-01-15,BA,-0.014832953235250248,-0.01477219602322492,-0.015407976914777523
2020-01-16,BA,-0.0135682696095581,-0.014832953235250248,-0.01477219602322492
2020-01-17,BA,-0.01315155536152008,-0.0135682696095581,-0.014832953235250248
2020-01-21,BA,-0.012818364185181322,-0.01315155536152008,-0.0135682696095581
2020-01-22,BA,-0.015642249881453147,-0.012818364185181322,-0.01315155536152008
2020-01-23,BA,-0.020415688647105603,-0.015642249881453147,-0.012818364185181322
2020-01-24,BA,-0.022565752280193176,-0.020415688647105603,-0.015642249881453147
2020-01-27,BA,-0.02413293392185036,-0.022565752280193176,-0.020415688647105603
2020-01-28,BA,-0.025131873682434334,-0.02413293392185036,-0.022565752280193176
2020-01-29,BA,-0.022870949542224645,-0.025131873682434334,-0.02413293392185036
2020-01-30,BA,-0.017393294227998207,-0.022870949542224645,-0.025131873682434334
2020-01-31,BA,-0.014463013041745364,-0.017393294227998207,-0.022870949542224645
2020-02-03,BA,-0.014672051348761718,-0.014463013041745364,-0.017393294227998207
2020-02-04,BA,-0.013381079736906895,-0.014672051348761718,-0.014463013041745364
2020-02-05,BA,-0.011712540539262389,-0.013381079736906895,-0.014672051348761718
2020-02-06,BA,-0.008831974807985766,-0.011712540539262389,-0.013381079736906895
2020-02-07,BA,-0.0038465966609642316,-0.008831974807985766,-0.011712540539262389
2020-02-10,BA,0.0013881449631325197,-0.0038465966609642316,-0.008831974807985766
2020-02-11,BA,0.009434442925735097,0.0013881449631325197,-0.0038465966609642316
2020-02-12,BA,0.01682185457966972,0.009434442925735097,0.0013881449631325197
2020-02-13,BA,0.02122114804595013,0.01682185457966972,0.009434442925735097
2020-02-14,BA,0.021902306174134058,0.02122114804595013,0.01682185457966972
2020-02-18,BA,0.02316361622770074,0.021902306174134058,0.02122114804595013
2020-02-19,BA,0.021592534807997797,0.02316361622770074,0.021902306174134058
2020-02-20,BA,0.019957075395643297,0.021592534807997797,0.02316361622770074
2020-02-21,BA,0.016764948754288928,0.019957075395643297,0.021592534807997797
2020-02-24,BA,0.012801615227533139,0.016764948754288928,0.019957075395643297
2020-02-25,BA,0.006636369450313625,0.012801615227533139,0.016764948754288928
2020-02-26,BA,-0.0027649652034966343,0.006636369450313625,0.012801615227533139
2020-02-27,BA,-0.011774937877107127,-0.0027649652034966343,0.006636369450313625
2020-02-28,BA,-0.025139310479377334,-0.011774937877107127,-0.0027649652034966343
2019-01-02,BRK,-0.015481781762569112,-0.015814385428926932,-0.013835131013489127
2019-01-03,BRK,-0.01612280786692448,-0.015481781762569112,-0.015814385428926932
2019-01-04,BRK,-0.01606425249867627,-0.01612280786692448,-0.015481781762569112
2019-01-07,BRK,-0.014830831947163118,-0.01606425249867627,-0.01612280786692448
2019-01-08,BRK,-0.011599667113612959,-0.014830831947163118,-0.01606425249867627
2019-01-09,BRK,-0.007366479906620642,-0.011599667113612959,-0.014830831947163118
2019-01-10,BRK,-0.003132405878644113,-0.007366479906620642,-0.011599667113612959
2019-01-11,BRK,-0.0012970246026589587,-0.003132405878644113,-0.007366479906620642
2019-01-14,BRK,0.0010660863421613626,-0.0012970246026589587,-0.003132405878644113
2019-01-15,BRK,0.0021691802615520866,0.0010660863421613626,-0.0012970246026589587
2019-01-16,BRK,-0.0014525029719770286,0.0021691802615520866,0.0010660863421613626
2019-01-17,BRK,-0.005338154009769972,-0.0014525029719770286,0.0021691802615520866
2019-01-18,BRK,-0.007980264288484421,-0.005338154009769972,-0.0014525029719770286
2019-01-22,BRK,-0.00852920242850461,-0.007980264288484421,-0.005338154009769972
2019-01-23,BRK,-0.007482838806485852,-0.00852920242850461,-0.007980264288484421
2019-01-24,BRK,-0.005933117496900696,-0.007482838806485852,-0.00852920242850461
2019-01-25,BRK,-0.004116495199957176,-0.005933117496900696,-0.007482838806485852
2019-01-28,BRK,-0.0009596622932756024,-0.004116495199957176,-0.005933117496900696
2019-01-29,BRK,-0.0016932222788736072,-0.0009596622932756024,-0.004116495199957176
2019-01-30,BRK,-0.0028166885852741602,-0.0016932222788736072,-0.0009596622932756024
2019-01-31,BRK,-0.003984685746470219,-0.0028166885852741602,-0.0016932222788736072
2019-02-01,BRK,-0.004456503936333381,-0.003984685746470219,-0.0028166885852741602
2019-02-04,BRK,-0.005788436281513669,-0.004456503936333381,-0.003984685746470219
2019-02-05,BRK,-0.0046981182842023685,-0.005788436281513669,-0.004456503936333381
2019-02-06,BRK,-0.003376933776197372,-0.0046981182842023685,-0.005788436281513669
2019-02-07,BRK,-0.0016673725515600813,-0.003376933776197372,-0.0046981182842023685
2019-02-08,BRK,-0.0005813289299400293,-0.0016673725515600813,-0.003376933776197372
2019-02-11,BRK,0.0014313911634470902,-0.0005813289299400293,-0.0016673725515600813
2019-02-12,BRK,0.002356940979132358,0.0014313911634470902,-0.0005813289299400293
2019-02-13,BRK,0.0034719555974140484,0.002356940979132358,0.0014313911634470902
2019-02-14,BRK,0.0040464025623887165,0.0034719555974140484,0.002356940979132358
2019-02-15,BRK,0.004007711772910974,0.0040464025623887165,0.0034719555974140484
2019-02-19,BRK,0.003930337697835636,0.004007711772910974,0.0040464025623887165
2019-02-20,BRK,0.0031606598067441477,0.003930337697835636,0.004007711772910974
2019-02-21,BRK,0.0018120850634249328,0.0031606598067441477,0.003930337697835636
2019-02-22,BRK,-0.001470594394217986,0.0018120850634249328,0.0031606598067441477
2019-02-25,BRK,-0.0023624177768514945,-0.001470594394217986,0.0018120850634249328
2019-02-26,BRK,-0.003450546335997672,-0.0023624177768514945,-0.001470594394217986
2019-02-27,BRK,-0.004072763443133553,-0.003450546335997672,-0.0023624177768514945
2019-02-28,BRK,-0.004695560052195472,-0.004072763443133553,-0.003450546335997672
2019-03-01,BRK,-0.0038451037873367226,-0.004695560052195472,-0.004072763443133553
2019-03-04,BRK,-0.005416777632850167,-0.0038451037873367226,-0.004695560052195472
2019-03-05,BRK,-0.005184172325286454,-0.005416777632850167,-0.0038451037873367226
2019-03-06,BRK,-0.00495145819246909,-0.005184172325286454,-0.005416777632850167
2019-03-07,BRK,-0.004912662640736718,-0.00495145819246909,-0.005184172325286454
2019-03-08,BRK,-0.0027621016358047056,-0.004912662640736718,-0.00495145819246909
2019-03-11,BRK,-0.00038804022527065546,-0.0027621016358047056,-0.004912662640736718
2019-03-12,BRK,-0.0006207241749474176,-0.00038804022527065546,-0.0027621016358047056
2019-03-13,BRK,-0.0005043964647419046,-0.0006207241749474176,-0.00038804022527065546
2019-03-14,BRK,-0.0017495336532915395,-0.0005043964647419046,-0.0006207241749474176
2019-03-15,BRK,-0.001828148261532481,-0.0017495336532915395,-0.0005043964647419046
2019-03-18,BRK,-0.0019068362935508463,-0.001828148261532481,-0.0017495336532915395
2019-03-19,BRK,-0.001751448995893663,-0.0019068362935508463,-0.001828148261532481
2019-03-20,BRK,-0.0018679947280067952,-0.001751448995893663,-0.0019068362935508463
2019-03-21,BRK,-0.0005829160761136976,-0.0018679947280067952,-0.001751448995893663
2019-03-22,BRK,-0.0006605858165261984,-0.0005829160761136976,-0.0018679947280067952
2019-03-25,BRK,-0.000621751732048309,-0.0006605858165261984,-0.0005829160761136976
2019-03-26,BRK,-0.0028443480468951393,-0.000621751732048309,-0.0006605858165261984
2019-03-27,BRK,-0.003313976067122377,-0.0028443480468951393,-0.000621751732048309
2019-03-28,BRK,-0.003745323610337236,-0.003313976067122377,-0.0028443480468951393
2019-03-29,BRK,-0.002923636215164941,-0.003745323610337236,-0.003313976067122377
2019-04-01,BRK,-0.0018301502134203693,-0.002923636215164941,-0.003745323610337236
2019-04-02,BRK,0.001474917968388856,-0.0018301502134203693,-0.002923636215164941
2019-04-03,BRK,0.0026366706386822237,0.001474917968388856,-0.0018301502134203693
2019-04-04,BRK,0.003642557561087221,0.0026366706386822237,0.001474917968388856
2019-04-05,BRK,0.0016711295299988614,0.003642557561087221,0.0026366706386822237
2019-04-08,BRK,-0.0006627446964645089,0.0016711295299988614,0.003642557561087221
2019-04-09,BRK,-0.0022661507991149758,-0.0006627446964645089,0.0016711295299988614
2019-04-10,BRK,-0.0022661507991149758,-0.0022661507991149758,-0.0006627446964645089
2019-04-11,BRK,-0.003601620932353382,-0.0022661507991149758,-0.0022661507991149758
2019-04-12,BRK,-0.00152241881249666,-0.003601620932353382,-0.0022661507991149758
2019-04-15,BRK,0.0008566397873384448,-0.00152241881249666,-0.003601620932353382
2019-04-16,BRK,0.0019447753817195385,0.0008566397873384448,-0.00152241881249666
2019-04-17,BRK,0.0011678642836269978,0.0019447753817195385,0.0008566397873384448
2019-04-18,BRK,0.003030534796786231,0.0011678642836269978,0.0019447753817195385
2019-04-22,BRK,0.0005452509906209307,0.003030534796786231,0.0011678642836269978
2019-04-23,BRK,-0.000818557576749963,0.0005452509906209307,0.003030534796786231
2019-04-24,BRK,-0.0012871045737278713,-0.000818557576749963,0.0005452509906209307
2019-04-25,BRK,-0.0017172756530257993,-0.0012871045737278713,-0.000818557576749963
2019-04-26,BRK,-0.002696259445221517,-0.0017172756530257993,-0.0012871045737278713
2019-04-29,BRK,-0.0014834482274023912,-0.002696259445221517,-0.0017172756530257993
2019-04-30,BRK,-0.0016402450580516525,-0.0014834482274023912,-0.002696259445221517
2019-05-01,BRK,-0.0017971644069863508,-0.0016402450580516525,-0.0014834482274023912
2019-05-02,BRK,-0.001680154989078737,-0.0017971644069863508,-0.0016402450580516525
2019-05-03,BRK,-0.0013275106709961394,-0.001680154989078737,-0.0017971644069863508
2019-05-06,BRK,-0.001484262344348943,-0.0013275106709961394,-0.001680154989078737
2019-05-07,BRK,-0.001641136516194127,-0.001484262344348943,-0.0013275106709961394
2019-05-08,BRK,-0.003880977284198178,-0.001641136516194127,-0.001484262344348943
2019-05-09,BRK,-0.006135441391071957,-0.003880977284198178,-0.001641136516194127
2019-05-10,BRK,-0.007326856065316586,-0.006135441391071957,-0.003880977284198178
2019-05-13,BRK,-0.007687135680767306,-0.007326856065316586,-0.006135441391071957
2019-05-14,BRK,-0.008047955401486456,-0.007687135680767306,-0.007326856065316586
2019-05-15,BRK,-0.005744395721126036,-0.008047955401486456,-0.007687135680767306
2019-05-16,BRK,-0.004601034477451842,-0.005744395721126036,-0.008047955401486456
2019-05-17,BRK,-0.00495867507367567,-0.004601034477451842,-0.005744395721126036
2019-05-20,BRK,-0.005120938770102363,-0.00495867507367567,-0.004601034477451842
2019-05-21,BRK,-0.004768104400693073,-0.005120938770102363,-0.00495867507367567
2019-05-22,BRK,-0.0049696377381326625,-0.004768104400693073,-0.005120938770102363
2019-05-23,BRK,-0.0035469376110854457,-0.0049696377381326625,-0.004768104400693073
2019-05-24,BRK,-0.0032326725325972387,-0.0035469376110854457,-0.0049696377381326625
2019-05-28,BRK,-0.0031933749103238798,-0.0032326725325972387,-0.0035469376110854457
2019-05-29,BRK,-0.0032326725325972387,-0.0031933749103238798,-0.0032326725325972387
2019-05-30,BRK,-0.0033917051910473226,-0.0032326725325972387,-0.0031933749103238798
2019-05-31,BRK,-0.0011805514110708154,-0.0033917051910473226,-0.0032326725325972387
2019-06-03,BRK,0.0033643690682226275,-0.0011805514110708154,-0.0033917051910473226
2019-06-04,BRK,0.009092326734548224,0.0033643690682226275,-0.0011805514110708154
2019-06-05,BRK,0.012387739451982807,0.009092326734548224,0.0033643690682226275
2019-06-06,BRK,0.01652478836782577,0.012387739451982807,0.009092326734548224
2019-06-07,BRK,0.01685912228826089,0.01652478836782577,0.012387739451982807
2019-01-02,KO,-0.0185756314467284,-0.01858568311056408,-0.018309468348675532
2019-01-03,KO,-0.01592674719819509,-0.0185756314467284,-0.01858568311056408
2019-01-04,KO,-0.01578512185646024,-0.01592674719819509,-0.0185756314467284
2019-01-07,KO,-0.015139513534045837,-0.01578512185646024,-0.01592674719819509
2019-01-08,KO,-0.014929064328769165,-0.015139513534045837,-0.01578512185646024
2019-01-09,KO,-0.014096529220296208,-0.014929064328769165,-0.015139513534045837
2019-01-10,KO,-0.014041118401335232,-0.014096529220296208,-0.014929064328769165
2019-01-11,KO,-0.012328452949215219,-0.014041118401335232,-0.014096529220296208
2019-01-14,KO,-0.011995792314853258,-0.012328452949215219,-0.014041118401335232
2019-01-15,KO,-0.011025218520099956,-0.011995792314853258,-0.012328452949215219
2019-01-16,KO,-0.010603617430432782,-0.011025218520099956,-0.011995792314853258
2019-01-17,KO,-0.009352615268199657,-0.010603617430432782,-0.011025218520099956
2019-01-18,KO,-0.00894997414393355,-0.009352615268199657,-0.010603617430432782
2019-01-22,KO,-0.007970247607160018,-0.00894997414393355,-0.009352615268199657
2019-01-23,KO,-0.006289504083531947,-0.007970247607160018,-0.00894997414393355
2019-01-24,KO,-0.004602722462526923,-0.006289504083531947,-0.007970247607160018
2019-01-25,KO,-0.002176908862394414,-0.004602722462526923,-0.006289504083531947
2019-01-28,KO,-0.0008343014813366642,-0.002176908862394414,-0.004602722462526923
2019-01-29,KO,-0.001036371961896768,-0.0008343014813366642,-0.002176908862394414
2019-01-30,KO,-0.0011156863808561076,-0.001036371961896768,-0.0008343014813366642
2019-01-31,KO,-0.0016095229881464637,-0.0011156863808561076,-0.001036371961896768
2019-02-01,KO,-0.0003511331803020293,-0.0016095229881464637,-0.0011156863808561076
2019-02-04,KO,0.002688059556414387,-0.0003511331803020293,-0.0016095229881464637
2019-02-05,KO,0.007006898823504435,0.002688059556414387,-0.0003511331803020293
2019-02-06,KO,0.010908342492671683,0.007006898823504435,0.002688059556414387
2019-02-07,KO,0.013801944523594612,0.010908342492671683,0.007006898823504435
2019-02-08,KO,0.016104365659781055,0.013801944523594612,0.010908342492671683
2019-02-11,KO,0.017374262973976158,0.016104365659781055,0.013801944523594612
2019-02-12,KO,0.017590960503822084,0.017374262973976158,0.016104365659781055
2019-02-13,KO,0.017765285635028383,0.017590960503822084,0.017374262973976158
2019-02-14,KO,0.01817136218986097,0.017765285635028383,0.017590960503822084
2019-02-15,KO,0.010500844480072402,0.01817136218986097,0.017765285635028383
2019-02-19,KO,0.0022082298107755807,0.010500844480072402,0.01817136218986097
2019-02-20,KO,-0.007046996860459531,0.0022082298107755807,0.010500844480072402
2019-02-21,KO,-0.01620905168597753,-0.007046996860459531,0.0022082298107755807
2019-02-22,KO,-0.024355131120741464,-0.01620905168597753,-0.007046996860459531
2019-02-25,KO,-0.0245438705707904,-0.024355131120741464,-0.01620905168597753
2019-02-26,KO,-0.02469590817593169,-0.0245438705707904,-0.024355131120741464
2019-02-27,KO,-0.024138957056938238,-0.02469590817593169,-0.0245438705707904
2019-02-28,KO,-0.023887393893820042,-0.024138957056938238,-0.02469590817593169
2019-03-01,KO,-0.024394295639039724,-0.023887393893820042,-0.024138957056938238
2019-03-04,KO,-0.02381304571857717,-0.024394295639039724,-0.023887393893820042
2019-03-05,KO,-0.0218113477347095,-0.02381304571857717,-0.024394295639039724
2019-03-06,KO,-0.019276466281540977,-0.0218113477347095,-0.02381304571857717
2019-03-07,KO,-0.017639335679056806,-0.019276466281540977,-0.0218113477347095
2019-03-08,KO,-0.017076631560745764,-0.017639335679056806,-0.019276466281540977
2019-03-11,KO,-0.01763350113235421,-0.017076631560745764,-0.017639335679056806
2019-03-12,KO,-0.016199377858153285,-0.01763350113235421,-0.017076631560745764
2019-03-13,KO,-0.014736338919760238,-0.016199377858153285,-0.01763350113235421
2019-03-14,KO,-0.012592605060208146,-0.014736338919760238,-0.016199377858153285
2019-03-15,KO,-0.010142656993822679,-0.012592605060208146,-0.014736338919760238
2019-03-18,KO,-0.0076727097694089886,-0.010142656993822679,-0.012592605060208146
2019-03-19,KO,-0.008006708838442171,-0.0076727097694089886,-0.010142656993822679
2019-03-20,KO,-0.00783659694321918,-0.008006708838442171,-0.0076727097694089886
2019-03-21,KO,-0.008022722034852115,-0.00783659694321918,-0.008006708838442171
2019-03-22,KO,-0.007842000910273919,-0.008022722034852115,-0.00783659694321918
2019-03-25,KO,-0.005906222268518564,-0.007842000910273919,-0.008022722034852115
2019-03-26,KO,-0.003851284638918994,-0.005906222268518564,-0.007842000910273919
2019-03-27,KO,-0.0008165479835276055,-0.003851284638918994,-0.005906222268518564
2019-03-28,KO,0.00222047953664636,-0.0008165479835276055,-0.003851284638918994
2019-03-29,KO,0.005235221324474806,0.00222047953664636,-0.0008165479835276055
2019-04-01,KO,0.007901699714626547,0.005235221324474806,0.00222047953664636
2019-04-02,KO,0.010115610792474168,0.007901699714626547,0.005235221324474806
2019-04-03,KO,0.01078144158797684,0.010115610792474168,0.007901699714626547
2019-04-04,KO,0.010814137261942398,0.01078144158797684,0.010115610792474168
2019-04-05,KO,0.011502396254933503,0.010814137261942398,0.01078144158797684
2019-04-08,KO,0.01026422574217957,0.011502396254933503,0.010814137261942398
2019-04-09,KO,0.009364975520688362,0.01026422574217957,0.011502396254933503
2019-04-10,KO,0.008882580039632154,0.009364975520688362,0.01026422574217957
2019-04-11,KO,0.009267808363007394,0.008882580039632154,0.009364975520688362
2019-04-12,KO,0.009371978942789187,0.009267808363007394,0.008882580039632154
2019-04-15,KO,0.009372956358395572,0.009371978942789187,0.009267808363007394
2019-04-16,KO,0.009573032589034195,0.009372956358395572,0.009371978942789187
2019-04-17,KO,0.00934790404287178,0.009573032589034195,0.009372956358395572
2019-04-18,KO,0.009865381361998047,0.00934790404287178,0.009573032589034195
2019-04-22,KO,0.010717605618731418,0.009865381361998047,0.00934790404287178
2019-04-23,KO,0.011369858380864213,0.010717605618731418,0.009865381361998047
2019-04-24,KO,0.013011762260059293,0.011369858380864213,0.010717605618731418
2019-04-25,KO,0.01432047773618938,0.013011762260059293,0.011369858380864213
2019-04-26,KO,0.014636187814054038,0.01432047773618938,0.013011762260059293
2019-04-29,KO,0.015228839329896665,0.014636187814054038,0.01432047773618938
2019-04-30,KO,0.01613426699899575,0.015228839329896665,0.014636187814054038
2019-05-01,KO,0.016892421829710746,0.01613426699899575,0.015228839329896665
2019-05-02,KO,0.017255393268238876,0.016892421829710746,0.01613426699899575
2019-05-03,KO,0.017605512863953583,0.017255393268238876,0.016892421829710746
2019-05-06,KO,0.017632461326863812,0.017605512863953583,0.017255393268238876
2019-05-07,KO,0.01677190523906875,0.017632461326863812,0.017605512863953583
2019-05-08,KO,0.013802921065133296,0.01677190523906875,0.017632461326863812
2019-05-09,KO,0.011579215269502424,0.013802921065133296,0.01677190523906875
2019-05-10,KO,0.008959107651494708,0.011579215269502424,0.013802921065133296
2019-05-13,KO,0.007045949106502636,0.008959107651494708,0.011579215269502424
2019-05-14,KO,0.005530159829889253,0.007045949106502636,0.008959107651494708
2019-05-15,KO,0.0061670866816828296,0.005530159829889253,0.007045949106502636
2019-05-16,KO,0.00816391749636997,0.0061670866816828296,0.005530159829889253
2019-05-17,KO,0.011764516594337478,0.00816391749636997,0.0061670866816828296
2019-05-20,KO,0.01304673341338769,0.011764516594337478,0.00816391749636997
2019-05-21,KO,0.014082662802928806,0.01304673341338769,0.011764516594337478
2019-05-22,KO,0.013337165908514527,0.014082662802928806,0.01304673341338769
2019-05-23,KO,0.013373976002222582,0.013337165908514527,0.014082662802928806
2019-05-24,KO,0.012828938183311355,0.013373976002222582,0.013337165908514527
2019-05-28,KO,0.012730080198329585,0.012828938183311355,0.013373976002222582
2019-05-29,KO,0.01245586069557336,0.012730080198329585,0.012828938183311355
2019-05-30,KO,0.01186536998971553,0.01245586069557336,0.012730080198329585
2019-05-31,KO,0.01029062322235427,0.01186536998971553,0.01245586069557336
2019-06-03,KO,0.008091544327845493,0.01029062322235427,0.01186536998971553
2019-06-04,KO,0.00787872925351253,0.008091544327845493,0.01029062322235427
2019-06-05,KO,0.008743705519580215,0.00787872925351253,0.008091544327845493
2019-06-06,KO,0.012006075477973853,0.008743705519580215,0.00787872925351253
2019-06-07,KO,0.014996759733904174,0.012006075477973853,0.008743705519580215
2019-06-10,KO,0.01843804600825033,0.014996759733904174,0.012006075477973853
2019-06-11,KO,0.02005135339463863,0.01843804600825033,0.014996759733904174
2019-06-12,KO,0.021506905443346595,0.02005135339463863,0.01843804600825033
2019-06-13,KO,0.022184380798149064,0.021506905443346595,0.02005135339463863
2019-06-14,KO,0.021406538824965737,0.022184380798149064,0.021506905443346595
2019-06-17,KO,0.020715200878454243,0.021406538824965737,0.022184380798149064
2019-06-18,KO,0.01962806959451185,0.020715200878454243,0.021406538824965737
2019-06-19,KO,0.018301969215720953,0.01962806959451185,0.020715200878454243
2019-06-20,KO,0.01735917936560448,0.018301969215720953,0.01962806959451185
2019-06-21,KO,0.017398796798357406,0.01735917936560448,0.018301969215720953
2019-06-24,KO,0.016846445710427826,0.017398796798357406,0.01735917936560448
2019-06-25,KO,0.01786208251159921,0.016846445710427826,0.017398796798357406
2019-06-26,KO,0.018981722804026074,0.01786208251159921,0.016846445710427826
2019-06-27,KO,0.01797897553486011,0.018981722804026074,0.01786208251159921
2019-06-28,KO,0.015822091760844106,0.01797897553486011,0.018981722804026074
2019-07-01,KO,0.013485455714169607,0.015822091760844106,0.01797897553486011
2019-07-02,KO,0.011782361705913716,0.013485455714169607,0.015822091760844106
2019-07-03,KO,0.010985965486508924,0.011782361705913716,0.013485455714169607
2019-07-05,KO,0.011814997114885166,0.010985965486508924,0.011782361705913716
2019-07-08,KO,0.012870608253846729,0.011814997114885166,0.010985965486508924
2019-07-09,KO,0.014159584236021091,0.012870608253846729,0.011814997114885166
2019-07-10,KO,0.013357317860996804,0.014159584236021091,0.012870608253846729
2019-07-11,KO,0.012104779553062932,0.013357317860996804,0.014159584236021091
2019-07-12,KO,0.010914761035251989,0.012104779553062932,0.013357317860996804
2019-07-15,KO,0.010131850185016446,0.010914761035251989,0.012104779553062932
2019-07-16,KO,0.009634122880838095,0.010131850185016446,0.010914761035251989
2019-07-17,KO,0.009875423338137915,0.009634122880838095,0.010131850185016446
2019-07-18,KO,0.009598890646317637,0.009875423338137915,0.009634122880838095
2019-07-19,KO,0.008520195852336711,0.009598890646317637,0.009875423338137915
2019-07-22,KO,0.0064152341737374035,0.008520195852336711,0.009598890646317637
2019-07-23,KO,0.003973993490675406,0.0064152341737374035,0.008520195852336711
2019-07-24,KO,0.0068692343048156424,0.003973993490675406,0.0064152341737374035
2019-07-25,KO,0.008768868145365623,0.0068692343048156424,0.003973993490675406
2019-07-26,KO,0.010002111426771659,0.008768868145365623,0.0068692343048156424
2019-07-29,KO,0.014368792395054111,0.010002111426771659,0.008768868145365623
2019-07-30,KO,0.018737662590160964,0.014368792395054111,0.010002111426771659
2019-07-31,KO,0.01685130822296493,0.018737662590160964,0.014368792395054111
2019-08-01,KO,0.01424119231205771,0.01685130822296493,0.018737662590160964
2019-08-02,KO,0.012077489817486329,0.01424119231205771,0.01685130822296493
2019-08-05,KO,0.008284952009183314,0.012077489817486329,0.01424119231205771
2019-08-06,KO,0.003752087717735709,0.008284952009183314,0.012077489817486329
2019-08-07,KO,0.0005971833857362567,0.003752087717735709,0.008284952009183314
2019-08-08,KO,0.0009543408687741492,0.0005971833857362567,0.003752087717735709
2019-08-09,KO,0.003415821552179772,0.0009543408687741492,0.0005971833857362567
2019-08-12,KO,0.0050019760517904435,0.003415821552179772,0.0009543408687741492
2019-08-13,KO,0.007476207208670925,0.0050019760517904435,0.003415821552179772
2019-08-14,KO,0.009353977917310059,0.007476207208670925,0.0050019760517904435
2019-08-15,KO,0.008662950250930593,0.009353977917310059,0.007476207208670925
2019-08-16,KO,0.008251681342361648,0.008662950250930593,0.009353977917310059
2019-08-19,KO,0.009197329879924516,0.008251681342361648,0.008662950250930593
2019-08-20,KO,0.010947099961917233,0.009197329879924516,0.008251681342361648
2019-08-21,KO,0.011034328691519492,0.010947099961917233,0.009197329879924516
2019-08-22,KO,0.012513296194153237,0.011034328691519492,0.010947099961917233
2019-08-23,KO,0.013010425780199569,0.012513296194153237,0.011034328691519492
2019-08-26,KO,0.011335760833569868,0.013010425780199569,0.012513296194153237
2019-08-27,KO,0.010374330254051645,0.011335760833569868,0.013010425780199569
2019-08-28,KO,0.011080733841390902,0.010374330254051645,0.011335760833569868
2019-08-29,KO,0.012052693602130111,0.011080733841390902,0.010374330254051645
2019-08-30,KO,0.012271440830581936,0.012052693602130111,0.011080733841390902
2019-09-03,KO,0.01386314802027014,0.012271440830581936,0.012052693602130111
2019-09-04,KO,0.014398182602989473,0.01386314802027014,0.012271440830581936
2019-09-05,KO,0.015333230686589703,0.014398182602989473,0.01386314802027014
2019-09-06,KO,0.014568316168897155,0.015333230686589703,0.014398182602989473
2019-09-09,KO,0.014043020617310782,0.014568316168897155,0.015333230686589703
2019-09-10,KO,0.012270957462607654,0.014043020617310782,0.014568316168897155
2019-09-11,KO,0.009794905152584136,0.012270957462607654,0.014043020617310782
2019-09-12,KO,0.00785729367103562,0.009794905152584136,0.012270957462607654
2019-09-13,KO,0.0074870371186487135,0.00785729367103562,0.009794905152584136
2019-09-16,KO,0.006020338530694113,0.0074870371186487135,0.00785729367103562
2019-09-17,KO,0.005668908377877587,0.006020338530694113,0.0074870371186487135
2019-09-18,KO,0.005930631027490715,0.005668908377877587,0.006020338530694113
2019-09-19,KO,0.00542877219068546,0.005930631027490715,0.005668908377877587
2019-09-20,KO,0.004474514787174664,0.00542877219068546,0.005930631027490715
2019-09-23,KO,0.003229262431752253,0.004474514787174664,0.00542877219068546
2019-09-24,KO,0.002980533926760609,0.003229262431752253,0.004474514787174664
2019-09-25,KO,0.0022899202485247706,0.002980533926760609,0.003229262431752253
2019-09-26,KO,0.0015762971277506488,0.0022899202485247706,0.002980533926760609
2019-09-27,KO,0.0009146863782908864,0.0015762971277506488,0.0022899202485247706
2019-09-30,KO,0.001385751069592826,0.0009146863782908864,0.0015762971277506488
2019-10-01,KO,0.001566811105467317,0.001385751069592826,0.0009146863782908864
2019-10-02,KO,0.001726561443004456,0.001566811105467317,0.001385751069592826
2019-10-03,KO,-0.00027308952066315095,0.001726561443004456,0.001566811105467317
2019-10-04,KO,-0.001614652040632017,-0.00027308952066315095,0.001726561443004456
2019-10-07,KO,-0.0014687850686008392,-0.001614652040632017,-0.00027308952066315095
2019-10-08,KO,-0.002485107243838281,-0.0014687850686008392,-0.001614652040632017
2019-10-09,KO,-0.004282923421122318,-0.002485107243838281,-0.0014687850686008392
2019-10-10,KO,-0.0029801629674561696,-0.004282923421122318,-0.002485107243838281
2019-10-11,KO,-0.0033015814953447475,-0.0029801629674561696,-0.004282923421122318
2019-10-14,KO,-0.005398323189816385,-0.0033015814953447475,-0.0029801629674561696
2019-10-15,KO,-0.00644873749279015,-0.005398323189816385,-0.0033015814953447475
2019-10-16,KO,-0.006412425448052833,-0.00644873749279015,-0.005398323189816385
2019-10-17,KO,-0.006828571504578871,-0.006412425448052833,-0.00644873749279015
2019-10-18,KO,-0.00634283911542302,-0.006828571504578871,-0.006412425448052833
2019-10-21,KO,-0.0036172049823396508,-0.00634283911542302,-0.006828571504578871
2019-10-22,KO,-0.0017824679294737961,-0.0036172049823396508,-0.00634283911542302
2019-10-23,KO,-0.0008760555323869075,-0.0017824679294737961,-0.0036172049823396508
2019-10-24,KO,0.0014394008760225715,-0.0008760555323869075,-0.0017824679294737961
2019-10-25,KO,0.0029774345438077195,0.0014394008760225715,-0.0008760555323869075
2019-10-28,KO,0.0013662574415722216,0.0029774345438077195,0.0014394008760225715
2019-10-29,KO,0.0002938955729859242,0.0013662574415722216,0.0029774345438077195
2019-10-30,KO,-0.0003630013084816712,0.0002938955729859242,0.0013662574415722216
2019-10-31,KO,-0.0015467269795820182,-0.0003630013084816712,0.0002938955729859242
2019-11-01,KO,-0.001806979395121119,-0.0015467269795820182,-0.0003630013084816712
2019-11-04,KO,-0.0014331088978329447,-0.001806979395121119,-0.0015467269795820182
2019-11-05,KO,-0.002015312534447695,-0.0014331088978329447,-0.001806979395121119
2019-11-06,KO,-0.003378197079209026,-0.002015312534447695,-0.0014331088978329447
2019-11-07,KO,-0.005131979689720553,-0.003378197079209026,-0.002015312534447695
2019-11-08,KO,-0.008568647205294523,-0.005131979689720553,-0.003378197079209026
2019-11-11,KO,-0.011321336175952606,-0.008568647205294523,-0.005131979689720553
2019-11-12,KO,-0.013188605112468487,-0.011321336175952606,-0.008568647205294523
2019-11-13,KO,-0.013858222808550005,-0.013188605112468487,-0.011321336175952606
2019-11-14,KO,-0.014137309000618478,-0.013858222808550005,-0.013188605112468487
2019-11-15,KO,-0.01301583986670421,-0.014137309000618478,-0.013858222808550005
2019-11-18,KO,-0.0116971100601277,-0.01301583986670421,-0.014137309000618478
2019-11-19,KO,-0.009048390655063741,-0.0116971100601277,-0.01301583986670421
2019-11-20,KO,-0.006025521285970338,-0.009048390655063741,-0.0116971100601277
2019-11-21,KO,-0.004530209068261723,-0.006025521285970338,-0.009048390655063741
2019-11-22,KO,-0.003671641214571021,-0.004530209068261723,-0.006025521285970338
2019-11-25,KO,-0.0025884834138096813,-0.003671641214571021,-0.004530209068261723
2019-11-26,KO,-0.002056447834731674,-0.0025884834138096813,-0.003671641214571021
2019-11-27,KO,-0.0006003347924536033,-0.002056447834731674,-0.0025884834138096813
2019-11-29,KO,0.0007361196123489414,-0.0006003347924536033,-0.002056447834731674
2019-12-02,KO,0.002267029147177462,0.0007361196123489414,-0.0006003347924536033
2019-12-03,KO,0.004127736017385635,0.002267029147177462,0.0007361196123489414
2019-12-04,KO,0.00570786633625445,0.004127736017385635,0.002267029147177462
2019-12-05,KO,0.0068616941945966355,0.00570786633625445,0.004127736017385635
2019-12-06,KO,0.007755378848476567,0.0068616941945966355,0.00570786633625445
2019-12-09,KO,0.00936764948192817,0.007755378848476567,0.0068616941945966355
2019-12-10,KO,0.010040614034703388,0.00936764948192817,0.007755378848476567
2019-12-11,KO,0.01000081361922441,0.010040614034703388,0.00936764948192817
2019-12-12,KO,0.009238227446076783,0.01000081361922441,0.010040614034703388
2019-12-13,KO,0.009171319970097794,0.009238227446076783,0.01000081361922441
2019-12-16,KO,0.009113496355911096,0.009171319970097794,0.009238227446076783
2019-12-17,KO,0.00947295296560452,0.009113496355911096,0.009171319970097794
2019-12-18,KO,0.010336753937695049,0.00947295296560452,0.009113496355911096
2019-12-19,KO,0.010022330418002115,0.010336753937695049,0.00947295296560452
2019-12-20,KO,0.010144500053622944,0.010022330418002115,0.010336753937695049
2019-12-23,KO,0.010903041855798514,0.010144500053622944,0.010022330418002115
2019-12-24,KO,0.011424631115722063,0.010903041855798514,0.010144500053622944
2019-12-26,KO,0.011430015975805457,0.011424631115722063,0.010903041855798514
2019-12-27,KO,0.0126600785420463,0.011430015975805457,0.011424631115722063
2019-12-30,KO,0.013750331329839665,0.0126600785420463,0.011430015975805457
2019-12-31,KO,0.01339719019869597,0.013750331329839665,0.0126600785420463
2020-01-02,KO,0.01325656695930306,0.01339719019869597,0.013750331329839665
2020-01-03,KO,0.012824779544432929,0.01325656695930306,0.01339719019869597
2020-01-06,KO,0.011334460816659862,0.012824779544432929,0.01325656695930306
2020-01-07,KO,0.00939813231231726,0.011334460816659862,0.012824779544432929
2020-01-08,KO,0.007008272835770309,0.00939813231231726,0.011334460816659862
2020-01-09,KO,0.004632685549906208,0.007008272835770309,0.00939813231231726
2020-01-10,KO,0.004559950758086172,0.004632685549906208,0.007008272835770309
2020-01-13,KO,0.005344922661276742,0.004559950758086172,0.004632685549906208
2020-01-14,KO,0.007131152416289532,0.005344922661276742,0.004559950758086172
2020-01-15,KO,0.009394227306218339,0.007131152416289532,0.005344922661276742
2020-01-16,KO,0.012547399562040443,0.009394227306218339,0.007131152416289532
2020-01-17,KO,0.014140870713970126,0.012547399562040443,0.009394227306218339
2020-01-21,KO,0.01574351398733815,0.014140870713970126,0.012547399562040443
2020-01-22,KO,0.016636629365637905,0.01574351398733815,0.014140870713970126
2020-01-23,KO,0.018371379549300484,0.016636629365637905,0.01574351398733815
2020-01-24,KO,0.019289119610218848,0.018371379549300484,0.016636629365637905
2020-01-27,KO,0.019783401986061933,0.019289119610218848,0.018371379549300484
2020-01-28,KO,0.0198978588668896,0.019783401986061933,0.019289119610218848
2020-01-29,KO,0.018892302191650463,0.0198978588668896,0.019783401986061933
2020-01-30,KO,0.017181126719419047,0.018892302191650463,0.0198978588668896
2020-01-31,KO,0.017739839755774447,0.017181126719419047,0.018892302191650463
2020-02-03,KO,0.017799877783759823,0.017739839755774447,0.017181126719419047
2020-02-04,KO,0.018515323758297803,0.017799877783759823,0.017739839755774447
2020-02-05,KO,0.020460901216939026,0.018515323758297803,0.017799877783759823
2020-02-06,KO,0.022475241806128927,0.020460901216939026,0.018515323758297803
2020-02-07,KO,0.021535225735434024,0.022475241806128927,0.020460901216939026
2020-02-10,KO,0.021668597965153028,0.021535225735434024,0.022475241806128927
2020-02-11,KO,0.022173900457909217,0.021668597965153028,0.021535225735434024
2020-02-12,KO,0.022111537144690177,0.022173900457909217,0.021668597965153028
2020-02-13,KO,0.021938264663622094,0.022111537144690177,0.022173900457909217
2020-02-14,KO,0.021801319929658457,0.021938264663622094,0.022111537144690177
2020-02-18,KO,0.021764581255345954,0.021801319929658457,0.021938264663622094
2020-02-19,KO,0.020269688292960063,0.021764581255345954,0.021801319929658457
2020-02-20,KO,0.01947009058386266,0.020269688292960063,0.021764581255345954
2020-02-21,KO,0.01888293515061642,0.01947009058386266,0.020269688292960063
2020-02-24,KO,0.01856694470361029,0.01888293515061642,0.01947009058386266
2020-02-25,KO,0.015483599752385318,0.01856694470361029,0.01888293515061642
2020-02-26,KO,0.011831193900628293,0.015483599752385318,0.01856694470361029
2020-02-27,KO,0.00743045179039171,0.011831193900628293,0.015483599752385318
2020-02-28,KO,-0.0009527054381300859,0.00743045179039171,0.011831193900628293
2019-01-02,MA,-0.0241532269514852,-0.03291845001733875,-0.035764473904024485
2019-01-03,MA,-0.01465283691599329,-0.0241532269514852,-0.03291845001733875
2019-01-04,MA,-0.01564656143969243,-0.01465283691599329,-0.0241532269514852
2019-01-07,MA,-0.014379209491544382,-0.01564656143969243,-0.01465283691599329
2019-01-08,MA,-0.011166673228419537,-0.014379209491544382,-0.01564656143969243
2019-01-09,MA,-0.008695840014733454,-0.011166673228419537,-0.014379209491544382
2019-01-10,MA,-0.004993947110401085,-0.008695840014733454,-0.011166673228419537
2019-01-11,MA,0.0035365014256851833,-0.004993947110401085,-0.008695840014733454
2019-01-14,MA,0.006357754215135562,0.0035365014256851833,-0.004993947110401085
2019-01-15,MA,0.008041414908465064,0.006357754215135562,0.0035365014256851833
2019-01-16,MA,0.009525666811595387,0.008041414908465064,0.006357754215135562
2019-01-17,MA,0.009396085779759271,0.009525666811595387,0.008041414908465064
2019-01-18,MA,0.010018737144478252,0.009396085779759271,0.009525666811595387
2019-01-22,MA,0.012414032030834254,0.010018737144478252,0.009396085779759271
2019-01-23,MA,0.014625323694704094,0.012414032030834254,0.010018737144478252
2019-01-24,MA,0.015393871559854243,0.014625323694704094,0.012414032030834254
2019-01-25,MA,0.01647467247858136,0.015393871559854243,0.014625323694704094
2019-01-28,MA,0.018772525372875302,0.01647467247858136,0.015393871559854243
2019-01-29,MA,0.01785310902407296,0.018772525372875302,0.01647467247858136
2019-01-30,MA,0.017994704566411765,0.01785310902407296,0.018772525372875302
2019-01-31,MA,0.020238194804246393,0.017994704566411765,0.01785310902407296
2019-02-01,MA,0.024849160019181485,0.020238194804246393,0.017994704566411765
2019-02-04,MA,0.028933580940539782,0.024849160019181485,0.020238194804246393
2019-02-05,MA,0.03494811256918818,0.028933580940539782,0.024849160019181485
2019-02-06,MA,0.04157771907811314,0.03494811256918818,0.028933580940539782
2019-02-07,MA,0.04537932318710391,0.04157771907811314,0.03494811256918818
2019-02-08,MA,0.04496552714586493,0.04537932318710391,0.04157771907811314
2019-02-11,MA,0.04443524335236997,0.04496552714586493,0.04537932318710391
2019-02-12,MA,0.04326090831928294,0.04443524335236997,0.04496552714586493
2019-02-13,MA,0.04204530420373603,0.04326090831928294,0.04443524335236997
2019-02-14,MA,0.04119469182619465,0.04204530420373603,0.04326090831928294
2019-02-15,MA,0.040641222082202055,0.04119469182619465,0.04204530420373603
2019-02-19,MA,0.04061903568641889,0.040641222082202055,0.04119469182619465
2019-02-20,MA,0.03993842282804671,0.04061903568641889,0.040641222082202055
2019-02-21,MA,0.0384675510451443,0.03993842282804671,0.04061903568641889
2019-02-22,MA,0.03575381374087067,0.0384675510451443,0.03993842282804671
2019-02-25,MA,0.03499022855261588,0.03575381374087067,0.0384675510451443
2019-02-26,MA,0.03260867189986726,0.03499022855261588,0.03575381374087067
2019-02-27,MA,0.031772708332110614,0.03260867189986726,0.03499022855261588
2019-02-28,MA,0.031026036262254645,0.031772708332110614,0.03260867189986726
2019-03-01,MA,0.0312586191266016,0.031026036262254645,0.031772708332110614
2019-03-04,MA,0.030877705284286353,0.0312586191266016,0.031026036262254645
2019-03-05,MA,0.030218285471259054,0.030877705284286353,0.0312586191266016
2019-03-06,MA,0.029165771957879286,0.030218285471259054,0.030877705284286353
2019-03-07,MA,0.027179359600561122,0.029165771957879286,0.030218285471259054
2019-03-08,MA,0.024408398842694953,0.027179359600561122,0.029165771957879286
2019-03-11,MA,0.020415240568473592,0.024408398842694953,0.027179359600561122
2019-03-12,MA,0.01838187604617154,0.020415240568473592,0.024408398842694953
2019-03-13,MA,0.01705693346904179,0.01838187604617154,0.020415240568473592
2019-03-14,MA,0.016940315833087086,0.01705693346904179,0.01838187604617154
2019-03-15,MA,0.018042857917121423,0.016940315833087086,0.01705693346904179
2019-03-18,MA,0.020083670480126537,0.018042857917121423,0.016940315833087086
2019-03-19,MA,0.0203749192088627,0.020083670480126537,0.018042857917121423
2019-03-20,MA,0.02014888647418904,0.0203749192088627,0.020083670480126537
2019-03-21,MA,0.01877596234084055,0.02014888647418904,0.0203749192088627
2019-03-22,MA,0.019482343953706304,0.01877596234084055,0.02014888647418904
2019-03-25,MA,0.01804882011616643,0.019482343953706304,0.01877596234084055
2019-03-26,MA,0.016998371290052477,0.01804882011616643,0.019482343953706304
2019-03-27,MA,0.01681035205833471,0.016998371290052477,0.01804882011616643
2019-03-28,MA,0.01688286120634718,0.01681035205833471,0.016998371290052477
2019-03-29,MA,0.015207618012650078,0.01688286120634718,0.01681035205833471
2019-04-01,MA,0.01586223398957265,0.015207618012650078,0.01688286120634718
2019-04-02,MA,0.018128733167545482,0.01586223398957265,0.015207618012650078
2019-04-03,MA,0.019267249149538025,0.018128733167545482,0.01586223398957265
2019-04-04,MA,0.020716124063945452,0.019267249149538025,0.018128733167545482
2019-04-05,MA,0.02024925645584199,0.020716124063945452,0.019267249149538025
2019-04-08,MA,0.019694237922786833,0.02024925645584199,0.020716124063945452
2019-04-09,MA,0.01776043980271794,0.019694237922786833,0.02024925645584199
2019-04-10,MA,0.015513177532353354,0.01776043980271794,0.019694237922786833
2019-04-11,MA,0.01385174873307799,0.015513177532353354,0.01776043980271794
2019-04-12,MA,0.012924850823899802,0.01385174873307799,0.015513177532353354
2019-04-15,MA,0.013013748702800766,0.012924850823899802,0.01385174873307799
2019-04-16,MA,0.013229952613309118,0.013013748702800766,0.012924850823899802
2019-04-17,MA,0.013975006844392313,0.013229952613309118,0.013013748702800766
2019-04-18,MA,0.014594566167476808,0.013975006844392313,0.013229952613309118
2019-04-22,MA,0.015609072507301985,0.014594566167476808,0.013975006844392313
2019-04-23,MA,0.016375385021762976,0.015609072507301985,0.014594566167476808
2019-04-24,MA,0.01710160577159156,0.016375385021762976,0.015609072507301985
2019-04-25,MA,0.018063856636738308,0.01710160577159156,0.016375385021762976
2019-04-26,MA,0.018651899116980307,0.018063856636738308,0.01710160577159156
2019-04-29,MA,0.019528509798337413,0.018651899116980307,0.018063856636738308
2019-04-30,MA,0.01964316720885435,0.019528509798337413,0.018651899116980307
2019-05-01,MA,0.02225335574334376,0.01964316720885435,0.019528509798337413
2019-05-02,MA,0.02231577849244238,0.02225335574334376,0.01964316720885435
2019-05-03,MA,0.02181007759151282,0.02231577849244238,0.02225335574334376
2019-05-06,MA,0.021196614314943952,0.02181007759151282,0.02231577849244238
2019-05-07,MA,0.020739075650068137,0.021196614314943952,0.02181007759151282
2019-05-08,MA,0.016151053472770058,0.020739075650068137,0.021196614314943952
2019-05-09,MA,0.013895865689340727,0.016151053472770058,0.020739075650068137
2019-05-10,MA,0.012198115711584318,0.013895865689340727,0.016151053472770058
2019-05-13,MA,0.011281554541904108,0.012198115711584318,0.013895865689340727
2019-05-14,MA,0.007677631768281696,0.011281554541904108,0.012198115711584318
2019-05-15,MA,0.007099378286270404,0.007677631768281696,0.011281554541904108
2019-05-16,MA,0.007699560698754749,0.007099378286270404,0.007677631768281696
2019-05-17,MA,0.009736542786100972,0.007699560698754749,0.007099378286270404
2019-05-20,MA,0.010741689956675396,0.009736542786100972,0.007699560698754749
2019-05-21,MA,0.014513205143627379,0.010741689956675396,0.009736542786100972
2019-05-22,MA,0.01727826605784627,0.014513205143627379,0.010741689956675396
2019-05-23,MA,0.01928366801857176,0.01727826605784627,0.014513205143627379
2019-05-24,MA,0.017181992704329116,0.01928366801857176,0.01727826605784627
2019-05-28,MA,0.01584293489395814,0.017181992704329116,0.01928366801857176
2019-05-29,MA,0.01482363432562584,0.01584293489395814,0.017181992704329116
2019-05-30,MA,0.013109918137079048,0.01482363432562584,0.01584293489395814
2019-05-31,MA,0.010979621334925157,0.013109918137079048,0.01482363432562584
2019-06-03,MA,0.010842324887225203,0.010979621334925157,0.013109918137079048
2019-06-04,MA,0.0068235527000778465,0.010842324887225203,0.010979621334925157
2019-06-05,MA,0.004530587002873908,0.0068235527000778465,0.010842324887225203
2019-06-06,MA,0.004623723824696831,0.004530587002873908,0.0068235527000778465
2019-06-07,MA,0.005054335849018108,0.004623723824696831,0.004530587002873908
2019-06-10,MA,0.009292465262315622,0.005054335849018108,0.004623723824696831
2019-06-11,MA,0.01713931930986002,0.009292465262315622,0.005054335849018108
2019-06-12,MA,0.021521743542849588,0.01713931930986002,0.009292465262315622
2019-06-13,MA,0.023252315254053947,0.021521743542849588,0.01713931930986002
2019-06-14,MA,0.023626683851166223,0.023252315254053947,0.021521743542849588
2019-06-17,MA,0.02064437813210218,0.023626683851166223,0.023252315254053947
2019-06-18,MA,0.017306643363653017,0.02064437813210218,0.023626683851166223
2019-06-19,MA,0.014790031572031055,0.017306643363653017,0.02064437813210218
2019-06-20,MA,0.012943234622596748,0.014790031572031055,0.017306643363653017
2019-06-21,MA,0.014072937083079906,0.012943234622596748,0.014790031572031055
2019-06-24,MA,0.014772577357228481,0.014072937083079906,0.012943234622596748
2019-06-25,MA,0.01612253553325394,0.014772577357228481,0.014072937083079906
2019-06-26,MA,0.015850600970911823,0.01612253553325394,0.014772577357228481
2019-06-27,MA,0.015484709926337178,0.015850600970911823,0.01612253553325394
2019-06-28,MA,0.012440358178458108,0.015484709926337178,0.015850600970911823
2019-07-01,MA,0.011391712132152778,0.012440358178458108,0.015484709926337178
2019-07-02,MA,0.01087562116932851,0.011391712132152778,0.012440358178458108
2019-07-03,MA,0.013365171633718304,0.01087562116932851,0.011391712132152778
2019-07-05,MA,0.016291300741892875,0.013365171633718304,0.01087562116932851
2019-07-08,MA,0.01913682900629091,0.016291300741892875,0.013365171633718304
2019-07-09,MA,0.020740142753245757,0.01913682900629091,0.016291300741892875
2019-07-10,MA,0.022121509551080085,0.020740142753245757,0.01913682900629091
2019-07-11,MA,0.022789832080437257,0.022121509551080085,0.020740142753245757
2019-07-12,MA,0.023553435863045924,0.022789832080437257,0.022121509551080085
2019-07-15,MA,0.025112867506940483,0.023553435863045924,0.022789832080437257
2019-07-16,MA,0.02642762951906118,0.025112867506940483,0.023553435863045924
2019-07-17,MA,0.02622900729164543,0.02642762951906118,0.025112867506940483
2019-07-18,MA,0.024994666119637323,0.02622900729164543,0.02642762951906118
2019-07-19,MA,0.02317088691928155,0.024994666119637323,0.02622900729164543
2019-07-22,MA,0.02058069399545105,0.02317088691928155,0.024994666119637323
2019-07-23,MA,0.018833545095642595,0.02058069399545105,0.02317088691928155
2019-07-24,MA,0.017702150309520416,0.018833545095642595,0.02058069399545105
2019-07-25,MA,0.017819629876400168,0.017702150309520416,0.018833545095642595
2019-07-26,MA,0.017498813499229167,0.017819629876400168,0.017702150309520416
2019-07-29,MA,0.018513443607706483,0.017498813499229167,0.017819629876400168
2019-07-30,MA,0.01867879704847344,0.018513443607706483,0.017498813499229167
2019-07-31,MA,0.01773574061253049,0.01867879704847344,0.018513443607706483
2019-08-01,MA,0.014409682140284813,0.01773574061253049,0.01867879704847344
2019-08-02,MA,0.011983543114553925,0.014409682140284813,0.01773574061253049
2019-08-05,MA,0.006966133433747135,0.011983543114553925,0.014409682140284813
2019-08-06,MA,-0.0019019815905316334,0.006966133433747135,0.011983543114553925
2019-08-07,MA,-0.007221374405733802,-0.0019019815905316334,0.006966133433747135
2019-08-08,MA,-0.008898097869281073,-0.007221374405733802,-0.0019019815905316334
2019-08-09,MA,-0.00841745975135718,-0.008898097869281073,-0.007221374405733802
2019-08-12,MA,-0.006811954670231747,-0.00841745975135718,-0.008898097869281073
2019-08-13,MA,-0.002246054754143893,-0.006811954670231747,-0.00841745975135718
2019-08-14,MA,0.0008699168026293005,-0.002246054754143893,-0.006811954670231747
2019-08-15,MA,-0.0003255829541491494,0.0008699168026293005,-0.002246054754143893
2019-08-16,MA,-0.003154161960836497,-0.0003255829541491494,0.0008699168026293005
2019-08-19,MA,-0.004080189690764938,-0.003154161960836497,-0.0003255829541491494
2019-08-20,MA,-0.0018402224590120758,-0.004080189690764938,-0.003154161960836497
2019-08-21,MA,-0.0014739330657683371,-0.0018402224590120758,-0.004080189690764938
2019-08-22,MA,0.003314010292849792,-0.0014739330657683371,-0.0018402224590120758
2019-08-23,MA,0.006096499743976954,0.003314010292849792,-0.0014739330657683371
2019-08-26,MA,0.0052045324510951695,0.006096499743976954,0.003314010292849792
2019-08-27,MA,0.0043442166173970976,0.0052045324510951695,0.006096499743976954
2019-08-28,MA,0.004028871128656442,0.0043442166173970976,0.0052045324510951695
2019-08-29,MA,0.002520342192618574,0.004028871128656442,0.0043442166173970976
2019-08-30,MA,0.0025819593462586446,0.002520342192618574,0.004028871128656442
2019-09-03,MA,0.005898776503269729,0.0025819593462586446,0.002520342192618574
2019-09-04,MA,0.007178483270229422,0.005898776503269729,0.0025819593462586446
2019-09-05,MA,0.010059693655754213,0.007178483270229422,0.005898776503269729
2019-09-06,MA,0.01408327766379693,0.010059693655754213,0.007178483270229422
2019-09-09,MA,0.016834578601098694,0.01408327766379693,0.010059693655754213
2019-09-10,MA,0.017128864305768394,0.016834578601098694,0.01408327766379693
2019-09-11,MA,0.014731624083104237,0.017128864305768394,0.016834578601098694
2019-09-12,MA,0.00950017509725279,0.014731624083104237,0.017128864305768394
2019-09-13,MA,0.004104351976563688,0.00950017509725279,0.014731624083104237
2019-09-16,MA,-0.0011723724852524737,0.004104351976563688,0.00950017509725279
2019-09-17,MA,-0.0041368357938584045,-0.0011723724852524737,0.004104351976563688
2019-09-18,MA,-0.002438673627385394,-0.0041368357938584045,-0.0011723724852524737
2019-09-19,MA,-0.0004082818464281757,-0.002438673627385394,-0.0041368357938584045
2019-09-20,MA,-0.0007745337747917345,-0.0004082818464281757,-0.002438673627385394
2019-09-23,MA,-0.002492312624502841,-0.0007745337747917345,-0.0004082818464281757
2019-09-24,MA,-0.0030227316595355597,-0.002492312624502841,-0.0007745337747917345
2019-09-25,MA,-0.0056349178836164315,-0.0030227316595355597,-0.002492312624502841
2019-09-26,MA,-0.006912459741097375,-0.0056349178836164315,-0.0030227316595355597
2019-09-27,MA,-0.007889871296872622,-0.006912459741097375,-0.0056349178836164315
2019-09-30,MA,-0.008179130320640734,-0.007889871296872622,-0.006912459741097375
2019-10-01,MA,-0.008585627461684238,-0.008179130320640734,-0.007889871296872622
2019-10-02,MA,-0.008700478267237065,-0.008585627461684238,-0.008179130320640734
2019-10-03,MA,-0.011234138224664314,-0.008700478267237065,-0.008585627461684238
2019-10-04,MA,-0.013371123953930931,-0.011234138224664314,-0.008700478267237065
2019-10-07,MA,-0.011653508569455538,-0.013371123953930931,-0.011234138224664314
2019-10-08,MA,-0.01131163777964279,-0.011653508569455538,-0.013371123953930931
2019-10-09,MA,-0.012074025278017814,-0.01131163777964279,-0.011653508569455538
2019-10-10,MA,-0.008847421677160548,-0.012074025278017814,-0.01131163777964279
2019-10-11,MA,-0.006277814740859462,-0.008847421677160548,-0.012074025278017814
2019-10-14,MA,-0.005240710312959692,-0.006277814740859462,-0.008847421677160548
2019-10-15,MA,-0.0038331166409612213,-0.005240710312959692,-0.006277814740859462
2019-10-16,MA,0.00022879761246479227,-0.0038331166409612213,-0.005240710312959692
2019-10-17,MA,0.002311668166987315,0.00022879761246479227,-0.0038331166409612213
2019-10-18,MA,0.003351969460525939,0.002311668166987315,0.00022879761246479227
2019-10-21,MA,0.001983533657979476,0.003351969460525939,0.002311668166987315
2019-10-22,MA,0.00157922562895616,0.001983533657979476,0.003351969460525939
2019-10-23,MA,-0.0037732196336636875,0.00157922562895616,0.001983533657979476
2019-10-24,MA,-0.008915285402543684,-0.0037732196336636875,0.00157922562895616
2019-10-25,MA,-0.010610047309772561,-0.008915285402543684,-0.0037732196336636875
2019-10-28,MA,-0.009682876830830665,-0.010610047309772561,-0.008915285402543684
2019-10-29,MA,-0.008701071008924439,-0.009682876830830665,-0.010610047309772561
2019-10-30,MA,-0.003972158669030064,-0.008701071008924439,-0.009682876830830665
2019-10-31,MA,0.0016336908497430588,-0.003972158669030064,-0.008701071008924439
2019-11-01,MA,0.0045354448561656735,0.0016336908497430588,-0.003972158669030064
2019-11-04,MA,0.007587562618438018,0.0045354448561656735,0.0016336908497430588
2019-11-05,MA,0.007596749721497658,0.007587562618438018,0.0045354448561656735
2019-11-06,MA,0.006044079315089697,0.007596749721497658,0.007587562618438018
2019-11-07,MA,0.0036500505429394813,0.006044079315089697,0.007596749721497658
2019-11-08,MA,0.0023281142973873856,0.0036500505429394813,0.006044079315089697
2019-11-11,MA,0.0005917832677547907,0.0023281142973873856,0.0036500505429394813
2019-11-12,MA,0.0006181941841235725,0.0005917832677547907,0.0023281142973873856
2019-11-13,MA,0.003261329189866217,0.0006181941841235725,0.0005917832677547907
2019-11-14,MA,0.00594892898509913,0.003261329189866217,0.0006181941841235725
2019-11-15,MA,0.008103168056680753,0.00594892898509913,0.003261329189866217
2019-11-18,MA,0.009595680554270514,0.008103168056680753,0.00594892898509913
2019-11-19,MA,0.010476888016125023,0.009595680554270514,0.008103168056680753
2019-11-20,MA,0.012626108670926797,0.010476888016125023,0.009595680554270514
2019-11-21,MA,0.014115726123011183,0.012626108670926797,0.010476888016125023
2019-11-22,MA,0.01496237902275713,0.014115726123011183,0.012626108670926797
2019-11-25,MA,0.01513452129940215,0.01496237902275713,0.014115726123011183
2019-11-26,MA,0.016690872084549804,0.01513452129940215,0.01496237902275713
2019-11-27,MA,0.0169618726017389,0.016690872084549804,0.01513452129940215
2019-11-29,MA,0.018162341895855947,0.0169618726017389,0.016690872084549804
2019-12-02,MA,0.01991544685617654,0.018162341895855947,0.0169618726017389
2019-12-03,MA,0.020720683290112674,0.01991544685617654,0.018162341895855947
2019-12-04,MA,0.01999070840437935,0.020720683290112674,0.01991544685617654
2019-12-05,MA,0.018687396505683983,0.01999070840437935,0.020720683290112674
2019-12-06,MA,0.017452826219980865,0.018687396505683983,0.01999070840437935
2019-12-09,MA,0.01610676166214139,0.017452826219980865,0.018687396505683983
2019-12-10,MA,0.016062065387466608,0.01610676166214139,0.017452826219980865
2019-12-11,MA,0.01585761610324976,0.016062065387466608,0.01610676166214139
2019-12-12,MA,0.015500295103808022,0.01585761610324976,0.016062065387466608
2019-12-13,MA,0.014721566988694758,0.015500295103808022,0.01585761610324976
2019-12-16,MA,0.015294424920683758,0.014721566988694758,0.015500295103808022
2019-12-17,MA,0.016647386105190263,0.015294424920683758,0.014721566988694758
2019-12-18,MA,0.018153241570325458,0.016647386105190263,0.015294424920683758
2019-12-19,MA,0.01871589704487853,0.018153241570325458,0.016647386105190263
2019-12-20,MA,0.019491731051530556,0.01871589704487853,0.018153241570325458
2019-12-23,MA,0.019238442778776954,0.019491731051530556,0.01871589704487853
2019-12-24,MA,0.018432510006357778,0.019238442778776954,0.019491731051530556
2019-12-26,MA,0.017876019418001488,0.018432510006357778,0.019238442778776954
2019-12-27,MA,0.017872203473355164,0.017876019418001488,0.018432510006357778
2019-12-30,MA,0.01741650489487616,0.017872203473355164,0.017876019418001488
2019-12-31,MA,0.015898961267749537,0.01741650489487616,0.017872203473355164
2020-01-02,MA,0.015171592723612709,0.015898961267749537,0.01741650489487616
2020-01-03,MA,0.01584666167388735,0.015171592723612709,0.015898961267749537
2020-01-06,MA,0.015113038447214958,0.01584666167388735,0.015171592723612709
2020-01-07,MA,0.014141728081078215,0.015113038447214958,0.01584666167388735
2020-01-08,MA,0.013964152373527175,0.014141728081078215,0.015113038447214958
2020-01-09,MA,0.015052152925579149,0.013964152373527175,0.014141728081078215
2020-01-10,MA,0.015680028458627128,0.015052152925579149,0.013964152373527175
2020-01-13,MA,0.018067824782228813,0.015680028458627128,0.015052152925579149
2020-01-14,MA,0.021292596728257257,0.018067824782228813,0.015680028458627128
2020-01-15,MA,0.023510531955304538,0.021292596728257257,0.018067824782228813
2020-01-16,MA,0.024905575786532783,0.023510531955304538,0.021292596728257257
2020-01-17,MA,0.026891505646109745,0.024905575786532783,0.023510531955304538
2020-01-21,MA,0.02918786590200814,0.026891505646109745,0.024905575786532783
2020-01-22,MA,0.029842416204522708,0.02918786590200814,0.026891505646109745
2020-01-23,MA,0.03257280812042026,0.029842416204522708,0.02918786590200814
2020-01-24,MA,0.03405924913351791,0.03257280812042026,0.029842416204522708
2020-01-27,MA,0.033355365815200724,0.03405924913351791,0.03257280812042026
2020-01-28,MA,0.029534874503433214,0.033355365815200724,0.03405924913351791
2020-01-29,MA,0.02757366440725612,0.029534874503433214,0.033355365815200724
2020-01-30,MA,0.024914361630409596,0.02757366440725612,0.029534874503433214
2020-01-31,MA,0.023082252245409676,0.024914361630409596,0.02757366440725612
2020-02-03,MA,0.01937881201533855,0.023082252245409676,0.024914361630409596
2020-02-04,MA,0.0204925259195378,0.01937881201533855,0.023082252245409676
2020-02-05,MA,0.02151473785865937,0.0204925259195378,0.01937881201533855
2020-02-06,MA,0.022481185509050636,0.02151473785865937,0.0204925259195378
2020-02-07,MA,0.022465291811942657,0.022481185509050636,0.02151473785865937
2020-02-10,MA,0.02441180610701719,0.022465291811942657,0.022481185509050636
2020-02-11,MA,0.02452425782484351,0.02441180610701719,0.022465291811942657
2020-02-12,MA,0.02353262657384397,0.02452425782484351,0.02441180610701719
2020-02-13,MA,0.023669138954863972,0.02353262657384397,0.02452425782484351
2020-02-14,MA,0.023881196014315337,0.023669138954863972,0.02353262657384397
2020-02-18,MA,0.026090491916169144,0.023881196014315337,0.023669138954863972
2020-02-19,MA,0.027449701914526704,0.026090491916169144,0.023881196014315337
2020-02-20,MA,0.029505016109781408,0.027449701914526704,0.026090491916169144
2020-02-21,MA,0.03042719393290881,0.029505016109781408,0.027449701914526704
2020-02-24,MA,0.02971473999135239,0.03042719393290881,0.029505016109781408
2020-02-25,MA,0.023978548358331072,0.02971473999135239,0.03042719393290881
2020-02-26,MA,0.012410805731903833,0.023978548358331072,0.02971473999135239
2020-02-27,MA,-0.001709855283437486,0.012410805731903833,0.023978548358331072
2020-02-28,MA,-0.019639129734394297,-0.001709855283437486,0.012410805731903833
2019-01-02,ABBV,0.0058258340095346355,-0.0015363793066278224,-0.006915086369067206
2019-01-03,ABBV,0.011229171713531081,0.0058258340095346355,-0.0015363793066278224
2019-01-04,ABBV,0.008579318120944946,0.011229171713531081,0.0058258340095346355
2019-01-07,ABBV,0.007742956817587651,0.008579318120944946,0.011229171713531081
2019-01-08,ABBV,0.006557019134001705,0.007742956817587651,0.008579318120944946
2019-01-09,ABBV,0.004587912610673087,0.006557019134001705,0.007742956817587651
2019-01-10,ABBV,0.0033695454035998227,0.004587912610673087,0.006557019134001705
2019-01-11,ABBV,0.006053424044783448,0.0033695454035998227,0.004587912610673087
2019-01-14,ABBV,0.005390718062995271,0.006053424044783448,0.0033695454035998227
2019-01-15,ABBV,0.000605836991846374,0.005390718062995271,0.006053424044783448
2019-01-16,ABBV,-0.004291826534032341,0.000605836991846374,0.005390718062995271
2019-01-17,ABBV,-0.00583721811828314,-0.004291826534032341,0.000605836991846374
2019-01-18,ABBV,-0.006086363839264275,-0.00583721811828314,-0.004291826534032341
2019-01-22,ABBV,-0.003939359851916547,-0.006086363839264275,-0.00583721811828314
2019-01-23,ABBV,0.0004183274787359016,-0.003939359851916547,-0.006086363839264275
2019-01-24,ABBV,0.003847492912723838,0.0004183274787359016,-0.003939359851916547
2019-01-25,ABBV,0.005411683580969152,0.003847492912723838,0.0004183274787359016
2019-01-28,ABBV,-0.0002475926870571953,0.005411683580969152,0.003847492912723838
2019-01-29,ABBV,-0.012691970184433491,-0.0002475926870571953,0.005411683580969152
2019-01-30,ABBV,-0.024216760982324264,-0.012691970184433491,-0.0002475926870571953
2019-01-31,ABBV,-0.034667805064128907,-0.024216760982324264,-0.012691970184433491
2019-02-01,ABBV,-0.04065095136366843,-0.034667805064128907,-0.024216760982324264
2019-02-04,ABBV,-0.039600198918227816,-0.04065095136366843,-0.034667805064128907
2019-02-05,ABBV,-0.03633885924753341,-0.039600198918227816,-0.04065095136366843
2019-02-06,ABBV,-0.03237854099814093,-0.03633885924753341,-0.039600198918227816
2019-02-07,ABBV,-0.03142972525117481,-0.03237854099814093,-0.03633885924753341
2019-02-08,ABBV,-0.032040025599348175,-0.03142972525117481,-0.03237854099814093
2019-02-11,ABBV,-0.032596785058443836,-0.032040025599348175,-0.03142972525117481
2019-02-12,ABBV,-0.030573386612836363,-0.032596785058443836,-0.032040025599348175
2019-02-13,ABBV,-0.02952698410510166,-0.030573386612836363,-0.032596785058443836
2019-02-14,ABBV,-0.026858084973646938,-0.02952698410510166,-0.030573386612836363
2019-02-15,ABBV,-0.024727661902099806,-0.026858084973646938,-0.02952698410510166
2019-02-19,ABBV,-0.02205080038936743,-0.024727661902099806,-0.026858084973646938
2019-02-20,ABBV,-0.019705830716784487,-0.02205080038936743,-0.024727661902099806
2019-02-21,ABBV,-0.017919055596704685,-0.019705830716784487,-0.02205080038936743
2019-02-22,ABBV,-0.01834494542817526,-0.017919055596704685,-0.019705830716784487
2019-02-25,ABBV,-0.017570579074989788,-0.01834494542817526,-0.017919055596704685
2019-02-26,ABBV,-0.01741628800998633,-0.017570579074989788,-0.01834494542817526
2019-02-27,ABBV,-0.016135976270942227,-0.01741628800998633,-0.017570579074989788
2019-02-28,ABBV,-0.015152070750056127,-0.016135976270942227,-0.01741628800998633
2019-03-01,ABBV,-0.012720597897649904,-0.015152070750056127,-0.016135976270942227
2019-03-04,ABBV,-0.011460763435423193,-0.012720597897649904,-0.015152070750056127
2019-03-05,ABBV,-0.011158401005574997,-0.011460763435423193,-0.012720597897649904
2019-03-06,ABBV,-0.011707316091999572,-0.011158401005574997,-0.011460763435423193
2019-03-07,ABBV,-0.012198678758540032,-0.011707316091999572,-0.011158401005574997
2019-03-08,ABBV,-0.01218328415174704,-0.012198678758540032,-0.011707316091999572
2019-03-11,ABBV,-0.01397546206721916,-0.01218328415174704,-0.012198678758540032
2019-03-12,ABBV,-0.01412002773898873,-0.01397546206721916,-0.01218328415174704
2019-03-13,ABBV,-0.012422767167420499,-0.01412002773898873,-0.01397546206721916
2019-03-14,ABBV,-0.009611241500156317,-0.012422767167420499,-0.01412002773898873
2019-03-15,ABBV,-0.00590939935394819,-0.009611241500156317,-0.012422767167420499
2019-03-18,ABBV,-0.00033635757912801433,-0.00590939935394819,-0.009611241500156317
2019-03-19,ABBV,0.002869898715296822,-0.00033635757912801433,-0.00590939935394819
2019-03-20,ABBV,0.004804538018525549,0.002869898715296822,-0.00033635757912801433
2019-03-21,ABBV,0.006136993774232928,0.004804538018525549,0.002869898715296822
2019-03-22,ABBV,0.007343336037194222,0.006136993774232928,0.004804538018525549
2019-03-25,ABBV,0.005481472454709808,0.007343336037194222,0.006136993774232928
2019-03-26,ABBV,0.0042422225638084005,0.005481472454709808,0.007343336037194222
2019-03-27,ABBV,0.003767851447942478,0.0042422225638084005,0.005481472454709808
2019-03-28,ABBV,0.0030594337542293806,0.003767851447942478,0.0042422225638084005
2019-03-29,ABBV,0.0013038790905334613,0.0030594337542293806,0.003767851447942478
2019-04-01,ABBV,0.0020863567466573515,0.0013038790905334613,0.0030594337542293806
2019-04-02,ABBV,0.003469870438794131,0.0020863567466573515,0.0013038790905334613
2019-04-03,ABBV,0.005744774058119175,0.003469870438794131,0.0020863567466573515
2019-04-04,ABBV,0.00911166643147359,0.005744774058119175,0.003469870438794131
2019-04-05,ABBV,0.012235763990476321,0.00911166643147359,0.005744774058119175
2019-04-08,ABBV,0.015185713139210267,0.012235763990476321,0.00911166643147359
2019-04-09,ABBV,0.01848470542369775,0.015185713139210267,0.012235763990476321
2019-04-10,ABBV,0.01764236399519958,0.01848470542369775,0.015185713139210267
2019-04-11,ABBV,0.016960075213819623,0.01764236399519958,0.01848470542369775
2019-04-12,ABBV,0.015172321038639209,0.016960075213819623,0.01764236399519958
2019-04-15,ABBV,0.012916981647509417,0.015172321038639209,0.016960075213819623
2019-04-16,ABBV,0.010321032237475177,0.012916981647509417,0.015172321038639209
2019-04-17,ABBV,0.008461179991770157,0.010321032237475177,0.012916981647509417
2019-04-18,ABBV,0.003707665097452386,0.008461179991770157,0.010321032237475177
2019-04-22,ABBV,-9.96235935487221e-05,0.003707665097452386,0.008461179991770157
2019-04-23,ABBV,-0.003256180680314771,-9.96235935487221e-05,0.003707665097452386
2019-04-24,ABBV,-0.00630869831490313,-0.003256180680314771,-9.96235935487221e-05
2019-04-25,ABBV,-0.00841624330026592,-0.00630869831490313,-0.003256180680314771
2019-04-26,ABBV,-0.007088251717102384,-0.00841624330026592,-0.00630869831490313
2019-04-29,ABBV,-0.004827115519421506,-0.007088251717102384,-0.00841624330026592
2019-04-30,ABBV,-0.0027789996143839854,-0.004827115519421506,-0.007088251717102384
2019-05-01,ABBV,-0.0022770437586048563,-0.0027789996143839854,-0.004827115519421506
2019-05-02,ABBV,-0.002211460022140305,-0.0022770437586048563,-0.0027789996143839854
2019-05-03,ABBV,-0.0034091028334155976,-0.002211460022140305,-0.0022770437586048563
2019-05-06,ABBV,-0.004623644199586316,-0.0034091028334155976,-0.002211460022140305
2019-05-07,ABBV,-0.0057576342255628125,-0.004623644199586316,-0.0034091028334155976
2019-05-08,ABBV,-0.007290685529128118,-0.0057576342255628125,-0.004623644199586316
2019-05-09,ABBV,-0.008118837282815037,-0.007290685529128118,-0.0057576342255628125
2019-05-10,ABBV,-0.00856997338156791,-0.008118837282815037,-0.007290685529128118
2019-05-13,ABBV,-0.009691437391412896,-0.00856997338156791,-0.008118837282815037
2019-05-14,ABBV,-0.012428928043533875,-0.009691437391412896,-0.00856997338156791
2019-05-15,ABBV,-0.011792955696637436,-0.012428928043533875,-0.009691437391412896
2019-05-16,ABBV,-0.01061209016287837,-0.011792955696637436,-0.012428928043533875
2019-05-17,ABBV,-0.008692744298213595,-0.01061209016287837,-0.011792955696637436
2019-05-20,ABBV,-0.006227439676986618,-0.008692744298213595,-0.01061209016287837
2019-05-21,ABBV,-0.002539881038656773,-0.006227439676986618,-0.008692744298213595
2019-05-22,ABBV,0.00032388458093192635,-0.002539881038656773,-0.006227439676986618
2019-05-23,ABBV,0.0039082642333176255,0.00032388458093192635,-0.002539881038656773
2019-05-24,ABBV,0.006111296680409386,0.0039082642333176255,0.00032388458093192635
2019-05-28,ABBV,0.0071544647476721535,0.006111296680409386,0.0039082642333176255
2019-05-29,ABBV,0.005709282329738735,0.0071544647476721535,0.006111296680409386
2019-05-30,ABBV,0.003054802587313023,0.005709282329738735,0.0071544647476721535
2019-05-31,ABBV,-0.001238268407185484,0.003054802587313023,0.005709282329738735
2019-06-03,ABBV,-0.005960677123262831,-0.001238268407185484,0.003054802587313023
2019-06-04,ABBV,-0.010670128962304874,-0.005960677123262831,-0.001238268407185484
2019-06-05,ABBV,-0.011599967104314799,-0.010670128962304874,-0.005960677123262831
2019-06-06,ABBV,-0.012180357767978782,-0.011599967104314799,-0.010670128962304874
2019-06-07,ABBV,-0.012313668207934397,-0.012180357767978782,-0.011599967104314799
2019-06-10,ABBV,-0.011275455797927615,-0.012313668207934397,-0.012180357767978782
2019-06-11,ABBV,-0.009537980356451745,-0.011275455797927615,-0.012313668207934397
2019-06-12,ABBV,-0.007702249554852479,-0.009537980356451745,-0.011275455797927615
2019-06-13,ABBV,-0.005737249614510943,-0.007702249554852479,-0.009537980356451745
2019-06-14,ABBV,-0.003372616486781827,-0.005737249614510943,-0.007702249554852479
2019-06-17,ABBV,-0.001641879701250184,-0.003372616486781827,-0.005737249614510943
2019-06-18,ABBV,0.0007165704233602719,-0.001641879701250184,-0.003372616486781827
2019-06-19,ABBV,0.0011915649884622266,0.0007165704233602719,-0.001641879701250184
2019-06-20,ABBV,0.0002933485785148024,0.0011915649884622266,0.0007165704233602719
2019-06-21,ABBV,-0.0003847396799700532,0.0002933485785148024,0.0011915649884622266
2019-06-24,ABBV,-0.00032635397366965395,-0.0003847396799700532,0.0002933485785148024
2019-06-25,ABBV,-0.0005343759655999457,-0.00032635397366965395,-0.0003847396799700532
2019-06-26,ABBV,-0.01434903775634882,-0.0005343759655999457,-0.00032635397366965395
2019-06-27,ABBV,-0.025364237164008287,-0.01434903775634882,-0.0005343759655999457
2019-06-28,ABBV,-0.03530582162287653,-0.025364237164008287,-0.01434903775634882
2019-07-01,ABBV,-0.042802605947986794,-0.03530582162287653,-0.025364237164008287
2019-07-02,ABBV,-0.04920657868668237,-0.042802605947986794,-0.03530582162287653
2019-07-03,ABBV,-0.03669542151055374,-0.04920657868668237,-0.042802605947986794
2019-07-05,ABBV,-0.026442689194827503,-0.03669542151055374,-0.04920657868668237
2019-07-08,ABBV,-0.021294919503261907,-0.026442689194827503,-0.03669542151055374
2019-07-09,ABBV,-0.021793976655767586,-0.021294919503261907,-0.026442689194827503
2019-07-10,ABBV,-0.023211570542414184,-0.021793976655767586,-0.021294919503261907
2019-07-11,ABBV,-0.025230574601685384,-0.023211570542414184,-0.021793976655767586
2019-07-12,ABBV,-0.02858051669362317,-0.025230574601685384,-0.023211570542414184
2019-07-15,ABBV,-0.02894032825284301,-0.02858051669362317,-0.025230574601685384
2019-07-16,ABBV,-0.026914527932573745,-0.02894032825284301,-0.02858051669362317
2019-07-17,ABBV,-0.026482682141673534,-0.026914527932573745,-0.02894032825284301
2019-07-18,ABBV,-0.02805435646062838,-0.026482682141673534,-0.026914527932573745
2019-07-19,ABBV,-0.02914012370230166,-0.02805435646062838,-0.026482682141673534
2019-07-22,ABBV,-0.030117538957925336,-0.02914012370230166,-0.02805435646062838
2019-07-23,ABBV,-0.03194351893351657,-0.030117538957925336,-0.02914012370230166
2019-07-24,ABBV,-0.032696628393518466,-0.03194351893351657,-0.030117538957925336
2019-07-25,ABBV,-0.03236029903203642,-0.032696628393518466,-0.03194351893351657
2019-07-26,ABBV,-0.03288017093816306,-0.03236029903203642,-0.032696628393518466
2019-07-29,ABBV,-0.03242059899300279,-0.03288017093816306,-0.03236029903203642
2019-07-30,ABBV,-0.03183202629586238,-0.03242059899300279,-0.03288017093816306
2019-07-31,ABBV,-0.03093293687923371,-0.03183202629586238,-0.03242059899300279
2019-08-01,ABBV,-0.03010816016304409,-0.03093293687923371,-0.03183202629586238
2019-08-02,ABBV,-0.029063398347732017,-0.03010816016304409,-0.03093293687923371
2019-08-05,ABBV,-0.030170290188796623,-0.029063398347732017,-0.03010816016304409
2019-08-06,ABBV,-0.030622019667541345,-0.030170290188796623,-0.029063398347732017
2019-08-07,ABBV,-0.03169329663511971,-0.030622019667541345,-0.030170290188796623
2019-08-08,ABBV,-0.032411638920966386,-0.03169329663511971,-0.030622019667541345
2019-08-09,ABBV,-0.030685623196119744,-0.032411638920966386,-0.03169329663511971
2019-08-12,ABBV,-0.027936500696187944,-0.030685623196119744,-0.032411638920966386
2019-08-13,ABBV,-0.02629516034409351,-0.027936500696187944,-0.030685623196119744
2019-08-14,ABBV,-0.023362631086787884,-0.02629516034409351,-0.027936500696187944
2019-08-15,ABBV,-0.02458640012394146,-0.023362631086787884,-0.02629516034409351
2019-08-16,ABBV,-0.027570115366225497,-0.02458640012394146,-0.023362631086787884
2019-08-19,ABBV,-0.028409948474889486,-0.027570115366225497,-0.02458640012394146
2019-08-20,ABBV,-0.024187123690475598,-0.028409948474889486,-0.027570115366225497
2019-08-21,ABBV,-0.020778836146467985,-0.024187123690475598,-0.028409948474889486
2019-08-22,ABBV,-0.013401863654740708,-0.020778836146467985,-0.024187123690475598
2019-08-23,ABBV,-0.005186894657667995,-0.013401863654740708,-0.020778836146467985
2019-08-26,ABBV,-0.0016150522201644213,-0.005186894657667995,-0.013401863654740708
2019-08-27,ABBV,-0.000977495740014352,-0.0016150522201644213,-0.005186894657667995
2019-08-28,ABBV,-0.001125132336057035,-0.000977495740014352,-0.0016150522201644213
2019-08-29,ABBV,-0.002371770017034665,-0.001125132336057035,-0.000977495740014352
2019-08-30,ABBV,-0.00348795874259144,-0.002371770017034665,-0.001125132336057035
2019-09-03,ABBV,-0.0028605285788573303,-0.00348795874259144,-0.002371770017034665
2019-09-04,ABBV,-0.0034196876454256828,-0.0028605285788573303,-0.00348795874259144
2019-09-05,ABBV,-0.001742547291814525,-0.0034196876454256828,-0.0028605285788573303
2019-09-06,ABBV,-1.0799486734819973e-05,-0.001742547291814525,-0.0034196876454256828
2019-09-09,ABBV,0.002237050226353617,-1.0799486734819973e-05,-0.001742547291814525
2019-09-10,ABBV,0.0040775876707520795,0.002237050226353617,-1.0799486734819973e-05
2019-09-11,ABBV,0.008193741931640304,0.0040775876707520795,0.002237050226353617
2019-09-12,ABBV,0.012420892483521292,0.008193741931640304,0.0040775876707520795
2019-09-13,ABBV,0.017265687947228502,0.012420892483521292,0.008193741931640304
2019-09-16,ABBV,0.0206322066714698,0.017265687947228502,0.012420892483521292
2019-09-17,ABBV,0.025603094207456184,0.0206322066714698,0.017265687947228502
2019-09-18,ABBV,0.0295181319620159,0.025603094207456184,0.0206322066714698
2019-09-19,ABBV,0.031154335087008364,0.0295181319620159,0.025603094207456184
2019-09-20,ABBV,0.0312556989643445,0.031154335087008364,0.0295181319620159
2019-09-23,ABBV,0.032483658787454794,0.0312556989643445,0.031154335087008364
2019-09-24,ABBV,0.03414413714100769,0.032483658787454794,0.0312556989643445
2019-09-25,ABBV,0.03437806854945614,0.03414413714100769,0.032483658787454794
2019-09-26,ABBV,0.033964160125908506,0.03437806854945614,0.03414413714100769
2019-09-27,ABBV,0.0351946455733823,0.033964160125908506,0.03437806854945614
2019-09-30,ABBV,0.036583867553643346,0.0351946455733823,0.033964160125908506
2019-10-01,ABBV,0.03825001099276908,0.036583867553643346,0.0351946455733823
2019-10-02,ABBV,0.03681904304317272,0.03825001099276908,0.036583867553643346
2019-10-03,ABBV,0.035397222736678065,0.03681904304317272,0.03825001099276908
2019-10-04,ABBV,0.03301633425728871,0.035397222736678065,0.03681904304317272
2019-10-07,ABBV,0.030357578464943216,0.03301633425728871,0.035397222736678065
2019-10-08,ABBV,0.02644776615025058,0.030357578464943216,0.03301633425728871
2019-10-09,ABBV,0.025432084059365707,0.02644776615025058,0.030357578464943216
2019-10-10,ABBV,0.025613717159542658,0.025432084059365707,0.02644776615025058
2019-10-11,ABBV,0.025021587210340465,0.025613717159542658,0.025432084059365707
2019-10-14,ABBV,0.02362653092923954,0.025021587210340465,0.025613717159542658
2019-10-15,ABBV,0.02251962616875184,0.02362653092923954,0.025021587210340465
2019-10-16,ABBV,0.023448592412759352,0.02251962616875184,0.02362653092923954
2019-10-17,ABBV,0.024804609597371723,0.023448592412759352,0.02251962616875184
2019-10-18,ABBV,0.025148558785830267,0.024804609597371723,0.023448592412759352
2019-10-21,ABBV,0.02668309122226058,0.025148558785830267,0.024804609597371723
2019-10-22,ABBV,0.02887534525224941,0.02668309122226058,0.025148558785830267
2019-10-23,ABBV,0.030633513426110624,0.02887534525224941,0.02668309122226058
2019-10-24,ABBV,0.03210117050736102,0.030633513426110624,0.02887534525224941
2019-10-25,ABBV,0.032133439515876355,0.03210117050736102,0.030633513426110624
2019-10-28,ABBV,0.030280512026033046,0.032133439515876355,0.03210117050736102
2019-10-29,ABBV,0.02914581016249454,0.030280512026033046,0.032133439515876355
2019-10-30,ABBV,0.02772241897182048,0.02914581016249454,0.030280512026033046
2019-10-31,ABBV,0.028008976786294642,0.02772241897182048,0.02914581016249454
2019-11-01,ABBV,0.029639018789102863,0.028008976786294642,0.02772241897182048
2019-11-04,ABBV,0.03387960521041466,0.029639018789102863,0.028008976786294642
2019-11-05,ABBV,0.03712609389695957,0.03387960521041466,0.029639018789102863
2019-11-06,ABBV,0.03914306255435876,0.03712609389695957,0.03387960521041466
2019-11-07,ABBV,0.03986712556578238,0.03914306255435876,0.03712609389695957
2019-11-08,ABBV,0.0407197109172751,0.03986712556578238,0.03914306255435876
2019-11-11,ABBV,0.04230335784293542,0.0407197109172751,0.03986712556578238
2019-11-12,ABBV,0.04293576166770761,0.04230335784293542,0.0407197109172751
2019-11-13,ABBV,0.04571059436874679,0.04293576166770761,0.04230335784293542
2019-11-14,ABBV,0.04821965352778217,0.04571059436874679,0.04293576166770761
2019-11-15,ABBV,0.05206269590245001,0.04821965352778217,0.04571059436874679
2019-11-18,ABBV,0.0532844226840427,0.05206269590245001,0.04821965352778217
2019-11-19,ABBV,0.05422902491092123,0.0532844226840427,0.05206269590245001
2019-11-20,ABBV,0.0541136622120566,0.05422902491092123,0.0532844226840427
2019-11-21,ABBV,0.05183137167430059,0.0541136622120566,0.05422902491092123
2019-11-22,ABBV,0.04812120401541601,0.05183137167430059,0.0541136622120566
2019-11-25,ABBV,0.0429698405231472,0.04812120401541601,0.05183137167430059
2019-11-26,ABBV,0.03929343606631431,0.0429698405231472,0.04812120401541601
2019-11-27,ABBV,0.035116549818004585,0.03929343606631431,0.0429698405231472
2019-11-29,ABBV,0.0335912219087966,0.035116549818004585,0.03929343606631431
2019-12-02,ABBV,0.03247106648857106,0.0335912219087966,0.035116549818004585
2019-12-03,ABBV,0.03126211905965446,0.03247106648857106,0.0335912219087966
2019-12-04,ABBV,0.027088856038468362,0.03126211905965446,0.03247106648857106
2019-12-05,ABBV,0.024307211226104013,0.027088856038468362,0.03126211905965446
2019-12-06,ABBV,0.0204070583641355,0.024307211226104013,0.027088856038468362
2019-12-09,ABBV,0.01752174019304386,0.0204070583641355,0.024307211226104013
2019-12-10,ABBV,0.015143314462072224,0.01752174019304386,0.0204070583641355
2019-12-11,ABBV,0.014275930318859105,0.015143314462072224,0.01752174019304386
2019-12-12,ABBV,0.01220635070961096,0.014275930318859105,0.015143314462072224
2019-12-13,ABBV,0.012668894666204836,0.01220635070961096,0.014275930318859105
2019-12-16,ABBV,0.011801475649668887,0.012668894666204836,0.01220635070961096
2019-12-17,ABBV,0.013058520893501164,0.011801475649668887,0.012668894666204836
2019-12-18,ABBV,0.015091482728365075,0.013058520893501164,0.011801475649668887
2019-12-19,ABBV,0.016249897285335987,0.015091482728365075,0.013058520893501164
2019-12-20,ABBV,0.014788223403756703,0.016249897285335987,0.015091482728365075
2019-12-23,ABBV,0.014807027482837166,0.014788223403756703,0.016249897285335987
2019-12-24,ABBV,0.014326282874895763,0.014807027482837166,0.014788223403756703
2019-12-26,ABBV,0.012944638930434382,0.014326282874895763,0.014807027482837166
2019-12-27,ABBV,0.012196028744521758,0.012944638930434382,0.014326282874895763
2019-12-30,ABBV,0.011513877340230811,0.012196028744521758,0.012944638930434382
2019-12-31,ABBV,0.009594771402563085,0.011513877340230811,0.012196028744521758
2020-01-02,ABBV,0.007139973326975081,0.009594771402563085,0.011513877340230811
2020-01-03,ABBV,0.006171864272767948,0.007139973326975081,0.009594771402563085
2020-01-06,ABBV,0.004535866751448149,0.006171864272767948,0.007139973326975081
2020-01-07,ABBV,0.004316694803941818,0.004535866751448149,0.006171864272767948
2020-01-08,ABBV,0.004528407284705217,0.004316694803941818,0.004535866751448149
2020-01-09,ABBV,0.00548397011459265,0.004528407284705217,0.004316694803941818
2020-01-10,ABBV,0.005983674884221569,0.00548397011459265,0.004528407284705217
2020-01-13,ABBV,0.006379930380487976,0.005983674884221569,0.00548397011459265
2020-01-14,ABBV,0.005181290943975868,0.006379930380487976,0.005983674884221569
2020-01-15,ABBV,0.005278823463244596,0.005181290943975868,0.006379930380487976
2020-01-16,ABBV,0.005623408391328781,0.005278823463244596,0.005181290943975868
2020-01-17,ABBV,0.005472764060416433,0.005623408391328781,0.005278823463244596
2020-01-21,ABBV,0.00537990710356378,0.005472764060416433,0.005623408391328781
2020-01-22,ABBV,0.005977782395646792,0.00537990710356378,0.005472764060416433
2020-01-23,ABBV,0.004752416796011634,0.005977782395646792,0.00537990710356378
2020-01-24,ABBV,0.00031343888617780223,0.004752416796011634,0.005977782395646792
2020-01-27,ABBV,-0.0060568099918250655,0.00031343888617780223,0.004752416796011634
2020-01-28,ABBV,-0.010354558061849994,-0.0060568099918250655,0.00031343888617780223
2020-01-29,ABBV,-0.015014494426807272,-0.010354558061849994,-0.0060568099918250655
2020-01-30,ABBV,-0.01933784669469488,-0.015014494426807272,-0.010354558061849994
2020-01-31,ABBV,-0.022935841307026136,-0.01933784669469488,-0.015014494426807272
2020-02-03,ABBV,-0.02525094499479487,-0.022935841307026136,-0.01933784669469488
2020-02-04,ABBV,-0.02679984463664796,-0.02525094499479487,-0.022935841307026136
2020-02-05,ABBV,-0.025561398353133487,-0.02679984463664796,-0.02525094499479487
2020-02-06,ABBV,-0.021418472274956354,-0.025561398353133487,-0.02679984463664796
2020-02-07,ABBV,-0.014799439502680284,-0.021418472274956354,-0.025561398353133487
2020-02-10,ABBV,-0.00216772944191248,-0.014799439502680284,-0.021418472274956354
2020-02-11,ABBV,0.010927969526586217,-0.00216772944191248,-0.014799439502680284
2020-02-12,ABBV,0.02245139796005382,0.010927969526586217,-0.00216772944191248
2020-02-13,ABBV,0.032928382547546126,0.02245139796005382,0.010927969526586217
2020-02-14,ABBV,0.04054474643525899,0.032928382547546126,0.02245139796005382
2020-02-18,ABBV,0.04151043405250989,0.04054474643525899,0.032928382547546126
2020-02-19,ABBV,0.03951200867992138,0.04151043405250989,0.04054474643525899
2020-02-20,ABBV,0.03656923446116421,0.03951200867992138,0.04151043405250989
2020-02-21,ABBV,0.031699340337003196,0.03656923446116421,0.03951200867992138
2020-02-24,ABBV,0.030061471279975428,0.031699340337003196,0.03656923446116421
2020-02-25,ABBV,0.028326081430208212,0.030061471279975428,0.031699340337003196
2020-02-26,ABBV,0.02332789190404281,0.028326081430208212,0.030061471279975428
2020-02-27,ABBV,0.01710715061768809,0.02332789190404281,0.028326081430208212
2020-02-28,ABBV,0.007805328009924145,0.01710715061768809,0.02332789190404281
2019-01-02,BABA,-0.03976609180006159,-0.04495874620902233,-0.048689739707634176
2019-01-03,BABA,-0.03508565187617131,-0.03976609180006159,-0.04495874620902233
2019-01-04,BABA,-0.039098401847204596,-0.03508565187617131,-0.03976609180006159
2019-01-07,BABA,-0.03785048307581556,-0.039098401847204596,-0.03508565187617131
2019-01-08,BABA,-0.03455251157957195,-0.03785048307581556,-0.039098401847204596
2019-01-09,BABA,-0.027183000681584794,-0.03455251157957195,-0.03785048307581556
2019-01-10,BABA,-0.015969145132378165,-0.027183000681584794,-0.03455251157957195
2019-01-11,BABA,-0.001144272835885049,-0.015969145132378165,-0.027183000681584794
2019-01-14,BABA,0.006509639404025348,-0.001144272835885049,-0.015969145132378165
2019-01-15,BABA,0.010314702657429632,0.006509639404025348,-0.001144272835885049
2019-01-16,BABA,0.01288734098371792,0.010314702657429632,0.006509639404025348
2019-01-17,BABA,0.014379319664220699,0.01288734098371792,0.010314702657429632
2019-01-18,BABA,0.017197770871521495,0.014379319664220699,0.01288734098371792
2019-01-22,BABA,0.02086699690881642,0.017197770871521495,0.014379319664220699
2019-01-23,BABA,0.023434981546948837,0.02086699690881642,0.017197770871521495
2019-01-24,BABA,0.02459254988033917,0.023434981546948837,0.02086699690881642
2019-01-25,BABA,0.02573817924482672,0.02459254988033917,0.023434981546948837
2019-01-28,BABA,0.028268493570786483,0.02573817924482672,0.02459254988033917
2019-01-29,BABA,0.029433355651993637,0.028268493570786483,0.02573817924482672
2019-01-30,BABA,0.03235833329262563,0.029433355651993637,0.028268493570786483
2019-01-31,BABA,0.04036765984458807,0.03235833329262563,0.029433355651993637
2019-02-01,BABA,0.04655711013541749,0.04036765984458807,0.03235833329262563
2019-02-04,BABA,0.05036516909255249,0.04655711013541749,0.04036765984458807
2019-02-05,BABA,0.05361917415298039,0.05036516909255249,0.04655711013541749
2019-02-06,BABA,0.060602444103648706,0.05361917415298039,0.05036516909255249
2019-02-07,BABA,0.061231182903953,0.060602444103648706,0.05361917415298039
2019-02-08,BABA,0.058150454393853065,0.061231182903953,0.060602444103648706
2019-02-11,BABA,0.05528441666583353,0.058150454393853065,0.061231182903953
2019-02-12,BABA,0.05287942737863092,0.05528441666583353,0.058150454393853065
2019-02-13,BABA,0.04789580406403103,0.05287942737863092,0.05528441666583353
2019-02-14,BABA,0.04316534838294226,0.04789580406403103,0.05287942737863092
2019-02-15,BABA,0.04064249042921702,0.04316534838294226,0.04789580406403103
2019-02-19,BABA,0.03734206714340866,0.04064249042921702,0.04316534838294226
2019-02-20,BABA,0.036067256441919486,0.03734206714340866,0.04064249042921702
2019-02-21,BABA,0.03438238196116934,0.036067256441919486,0.03734206714340866
2019-02-22,BABA,0.032597126633551535,0.03438238196116934,0.036067256441919486
2019-02-25,BABA,0.03400417715254375,0.032597126633551535,0.03438238196116934
2019-02-26,BABA,0.0392086391617183,0.03400417715254375,0.032597126633551535
2019-02-27,BABA,0.042936967299074244,0.0392086391617183,0.03400417715254375
2019-02-28,BABA,0.047063973278359525,0.042936967299074244,0.0392086391617183
2019-03-01,BABA,0.05018350555784895,0.047063973278359525,0.042936967299074244
2019-03-04,BABA,0.051222890751405126,0.05018350555784895,0.047063973278359525
2019-03-05,BABA,0.050343068965411825,0.051222890751405126,0.05018350555784895
2019-03-06,BABA,0.04826233128938382,0.050343068965411825,0.051222890751405126
2019-03-07,BABA,0.04508374443738843,0.04826233128938382,0.050343068965411825
2019-03-08,BABA,0.0397581624016224,0.04508374443738843,0.04826233128938382
2019-03-11,BABA,0.0332223789432812,0.0397581624016224,0.04508374443738843
2019-03-12,BABA,0.027401398439779748,0.0332223789432812,0.0397581624016224
2019-03-13,BABA,0.02300446663789515,0.027401398439779748,0.0332223789432812
2019-03-14,BABA,0.018696207122443746,0.02300446663789515,0.027401398439779748
2019-03-15,BABA,0.018049570488745934,0.018696207122443746,0.02300446663789515
2019-03-18,BABA,0.01928033700586404,0.018049570488745934,0.018696207122443746
2019-03-19,BABA,0.018210267855297856,0.01928033700586404,0.018049570488745934
2019-03-20,BABA,0.01714649830339991,0.018210267855297856,0.01928033700586404
2019-03-21,BABA,0.015480078336794814,0.01714649830339991,0.018210267855297856
2019-03-22,BABA,0.014916977919854985,0.015480078336794814,0.01714649830339991
2019-03-25,BABA,0.011686839390313394,0.014916977919854985,0.015480078336794814
2019-03-26,BABA,0.00911618309092097,0.011686839390313394,0.014916977919854985
2019-03-27,BABA,0.005936575573707704,0.00911618309092097,0.011686839390313394
2019-03-28,BABA,0.0031396757107424143,0.005936575573707704,0.00911618309092097
2019-03-29,BABA,0.0005207671388247369,0.0031396757107424143,0.005936575573707704
2019-04-01,BABA,0.0027486363921034908,0.0005207671388247369,0.0031396757107424143
2019-04-02,BABA,0.0028471179645438395,0.0027486363921034908,0.0005207671388247369
2019-04-03,BABA,0.00374080514128719,0.0028471179645438395,0.0027486363921034908
2019-04-04,BABA,0.0036891176556882554,0.00374080514128719,0.0028471179645438395
2019-04-05,BABA,0.0046078953757315,0.0036891176556882554,0.00374080514128719
2019-04-08,BABA,0.004857727246435523,0.0046078953757315,0.0036891176556882554
2019-04-09,BABA,0.006324522271480298,0.004857727246435523,0.0046078953757315
2019-04-10,BABA,0.007954354745786832,0.006324522271480298,0.004857727246435523
2019-04-11,BABA,0.010998577441245492,0.007954354745786832,0.006324522271480298
2019-04-12,BABA,0.01205565807011282,0.010998577441245492,0.007954354745786832
2019-04-15,BABA,0.013023130901001989,0.01205565807011282,0.010998577441245492
2019-04-16,BABA,0.011197522349153602,0.013023130901001989,0.01205565807011282
2019-04-17,BABA,0.01026342707879069,0.011197522349153602,0.013023130901001989
2019-04-18,BABA,0.010761806021147517,0.01026342707879069,0.011197522349153602
2019-04-22,BABA,0.011507391961461964,0.010761806021147517,0.01026342707879069
2019-04-23,BABA,0.009493159190122221,0.011507391961461964,0.010761806021147517
2019-04-24,BABA,0.011756551356248608,0.009493159190122221,0.011507391961461964
2019-04-25,BABA,0.011645087969208955,0.011756551356248608,0.009493159190122221
2019-04-26,BABA,0.011531259885730158,0.011645087969208955,0.011756551356248608
2019-04-29,BABA,0.010847008597887713,0.011531259885730158,0.011645087969208955
2019-04-30,BABA,0.010751429607837898,0.010847008597887713,0.011531259885730158
2019-05-01,BABA,0.009428153114876756,0.010751429607837898,0.010847008597887713
2019-05-02,BABA,0.010698010281160497,0.009428153114876756,0.010751429607837898
2019-05-03,BABA,0.011281576019090836,0.010698010281160497,0.009428153114876756
2019-05-06,BABA,0.014431150284548963,0.011281576019090836,0.010698010281160497
2019-05-07,BABA,0.014552893694011608,0.014431150284548963,0.011281576019090836
2019-05-08,BABA,0.012397618153135429,0.014552893694011608,0.014431150284548963
2019-05-09,BABA,0.007424029471262489,0.012397618153135429,0.014552893694011608
2019-05-10,BABA,0.0014903240990764037,0.007424029471262489,0.012397618153135429
2019-05-13,BABA,-0.0076435643188986924,0.0014903240990764037,0.007424029471262489
2019-05-14,BABA,-0.017316540906691755,-0.0076435643188986924,0.0014903240990764037
2019-05-15,BABA,-0.02073399408525594,-0.017316540906691755,-0.0076435643188986924
2019-05-16,BABA,-0.021826231092015858,-0.02073399408525594,-0.017316540906691755
2019-05-17,BABA,-0.023688376064874776,-0.021826231092015858,-0.02073399408525594
2019-05-20,BABA,-0.027885457997048863,-0.023688376064874776,-0.021826231092015858
2019-05-21,BABA,-0.03160542933660557,-0.027885457997048863,-0.023688376064874776
2019-05-22,BABA,-0.036925174581915465,-0.03160542933660557,-0.027885457997048863
2019-05-23,BABA,-0.04631808101737784,-0.036925174581915465,-0.03160542933660557
2019-05-24,BABA,-0.056491867110879355,-0.04631808101737784,-0.036925174581915465
2019-05-28,BABA,-0.06349825260885966,-0.056491867110879355,-0.04631808101737784
2019-05-29,BABA,-0.06475917149352838,-0.06349825260885966,-0.056491867110879355
2019-05-30,BABA,-0.0690203134074417,-0.06475917149352838,-0.06349825260885966
2019-05-31,BABA,-0.07112815354587765,-0.0690203134074417,-0.06475917149352838
2019-06-03,BABA,-0.0725382498542102,-0.07112815354587765,-0.0690203134074417
2019-06-04,BABA,-0.07303545825317018,-0.0725382498542102,-0.07112815354587765
2019-06-05,BABA,-0.07064424264575572,-0.07303545825317018,-0.0725382498542102
2019-06-06,BABA,-0.06862213892604042,-0.07064424264575572,-0.07303545825317018
2019-06-07,BABA,-0.06552114003152695,-0.06862213892604042,-0.07064424264575572
2019-06-10,BABA,-0.05950360394131366,-0.06552114003152695,-0.06862213892604042
2019-06-11,BABA,-0.050784476270697515,-0.05950360394131366,-0.06552114003152695
2019-06-12,BABA,-0.04341647022025787,-0.050784476270697515,-0.05950360394131366
2019-06-13,BABA,-0.03578484211424757,-0.04341647022025787,-0.050784476270697515
2019-06-14,BABA,-0.028080918300159033,-0.03578484211424757,-0.04341647022025787
2019-06-17,BABA,-0.02313328034300673,-0.028080918300159033,-0.03578484211424757
2019-06-18,BABA,-0.02077735749160202,-0.02313328034300673,-0.028080918300159033
2019-06-19,BABA,-0.017160139068070242,-0.02077735749160202,-0.02313328034300673
2019-06-20,BABA,-0.012071880669904327,-0.017160139068070242,-0.02077735749160202
2019-06-21,BABA,-0.0053854609827026865,-0.012071880669904327,-0.017160139068070242
2019-06-24,BABA,0.0023418443798495746,-0.0053854609827026865,-0.012071880669904327
2019-06-25,BABA,0.009629695825931851,0.0023418443798495746,-0.0053854609827026865
2019-06-26,BABA,0.011764170253768002,0.009629695825931851,0.0023418443798495746
2019-06-27,BABA,0.01496297323092304,0.011764170253768002,0.009629695825931851
2019-06-28,BABA,0.01730288696773738,0.01496297323092304,0.011764170253768002
2019-07-01,BABA,0.019273654375442827,0.01730288696773738,0.01496297323092304
2019-07-02,BABA,0.023635529533095476,0.019273654375442827,0.01730288696773738
2019-07-03,BABA,0.028796267425071565,0.023635529533095476,0.019273654375442827
2019-07-05,BABA,0.0321002375942489,0.028796267425071565,0.023635529533095476
2019-07-08,BABA,0.0338614077200458,0.0321002375942489,0.028796267425071565
2019-07-09,BABA,0.03391237089054673,0.0338614077200458,0.0321002375942489
2019-07-10,BABA,0.030366170265003607,0.03391237089054673,0.0338614077200458
2019-07-11,BABA,0.02484257353042816,0.030366170265003607,0.03391237089054673
2019-07-12,BABA,0.01978306032384469,0.02484257353042816,0.030366170265003607
2019-07-15,BABA,0.016371281206422884,0.01978306032384469,0.02484257353042816
2019-07-16,BABA,0.01783287721439929,0.016371281206422884,0.01978306032384469
2019-07-17,BABA,0.019333617168596672,0.01783287721439929,0.016371281206422884
2019-07-18,BABA,0.02220657624407294,0.019333617168596672,0.01783287721439929
2019-07-19,BABA,0.02406892912032962,0.02220657624407294,0.019333617168596672
2019-07-22,BABA,0.02443399133217529,0.02406892912032962,0.02220657624407294
2019-07-23,BABA,0.022590282535326113,0.02443399133217529,0.02406892912032962
2019-07-24,BABA,0.022411765501288643,0.022590282535326113,0.02443399133217529
2019-07-25,BABA,0.02251811511231957,0.022411765501288643,0.022590282535326113
2019-07-26,BABA,0.02289169848771864,0.02251811511231957,0.022411765501288643
2019-07-29,BABA,0.023837194806633107,0.02289169848771864,0.02251811511231957
2019-07-30,BABA,0.02361557367154365,0.023837194806633107,0.02289169848771864
2019-07-31,BABA,0.020172330423893388,0.02361557367154365,0.023837194806633107
2019-08-01,BABA,0.01614803899489251,0.020172330423893388,0.02361557367154365
2019-08-02,BABA,0.009023468076957777,0.01614803899489251,0.020172330423893388
2019-08-05,BABA,-0.001349707309496789,0.009023468076957777,0.01614803899489251
2019-08-06,BABA,-0.014890471497417217,-0.001349707309496789,0.009023468076957777
2019-08-07,BABA,-0.024853613028833092,-0.014890471497417217,-0.001349707309496789
2019-08-08,BABA,-0.03298563636512655,-0.024853613028833092,-0.014890471497417217
2019-08-09,BABA,-0.034868215879002684,-0.03298563636512655,-0.024853613028833092
2019-08-12,BABA,-0.035286680777301856,-0.034868215879002684,-0.03298563636512655
2019-08-13,BABA,-0.031048317271490152,-0.035286680777301856,-0.034868215879002684
2019-08-14,BABA,-0.02658702838006607,-0.031048317271490152,-0.035286680777301856
2019-08-15,BABA,-0.024478818788216925,-0.02658702838006607,-0.031048317271490152
2019-08-16,BABA,-0.021374797996678598,-0.024478818788216925,-0.02658702838006607
2019-08-19,BABA,-0.012241218875766968,-0.021374797996678598,-0.024478818788216925
2019-08-20,BABA,-0.0016455064327075635,-0.012241218875766968,-0.021374797996678598
2019-08-21,BABA,0.005902761381989194,-0.0016455064327075635,-0.012241218875766968
2019-08-22,BABA,0.013532070431079502,0.005902761381989194,-0.0016455064327075635
2019-08-23,BABA,0.016587244513520574,0.013532070431079502,0.005902761381989194
2019-08-26,BABA,0.011559112820321628,0.016587244513520574,0.013532070431079502
2019-08-27,BABA,0.004585079784960453,0.011559112820321628,0.016587244513520574
2019-08-28,BABA,-0.0016775171184928062,0.004585079784960453,0.011559112820321628
2019-08-29,BABA,-0.006343414162864093,-0.0016775171184928062,0.004585079784960453
2019-08-30,BABA,-0.006333275527187486,-0.006343414162864093,-0.0016775171184928062
2019-09-03,BABA,-0.0006073587507986082,-0.006333275527187486,-0.006343414162864093
2019-09-04,BABA,0.0033107972400533534,-0.0006073587507986082,-0.006333275527187486
2019-09-05,BABA,0.008036671017417651,0.0033107972400533534,-0.0006073587507986082
2019-09-06,BABA,0.014292163007988032,0.008036671017417651,0.0033107972400533534
2019-09-09,BABA,0.01618050117595872,0.014292163007988032,0.008036671017417651
2019-09-10,BABA,0.017342232988273407,0.01618050117595872,0.014292163007988032
2019-09-11,BABA,0.018722125221281274,0.017342232988273407,0.01618050117595872
2019-09-12,BABA,0.019885642204236144,0.018722125221281274,0.017342232988273407
2019-09-13,BABA,0.019526050902632996,0.019885642204236144,0.018722125221281274
2019-09-16,BABA,0.020768657892453597,0.019526050902632996,0.019885642204236144
2019-09-17,BABA,0.020508382512242625,0.020768657892453597,0.019526050902632996
2019-09-18,BABA,0.022600041856926573,0.020508382512242625,0.020768657892453597
2019-09-19,BABA,0.02429657336319613,0.022600041856926573,0.020508382512242625
2019-09-20,BABA,0.024920519449719385,0.02429657336319613,0.022600041856926573
2019-09-23,BABA,0.025369976281322267,0.024920519449719385,0.02429657336319613
2019-09-24,BABA,0.023986841149561074,0.025369976281322267,0.024920519449719385
2019-09-25,BABA,0.018340078860913843,0.023986841149561074,0.025369976281322267
2019-09-26,BABA,0.014868522405944594,0.018340078860913843,0.023986841149561074
2019-09-27,BABA,0.010476166117616745,0.014868522405944594,0.018340078860913843
2019-09-30,BABA,0.0007138435790281708,0.010476166117616745,0.014868522405944594
2019-10-01,BABA,-0.0056155458506567495,0.0007138435790281708,0.010476166117616745
2019-10-02,BABA,-0.009847221413125298,-0.0056155458506567495,0.0007138435790281708
2019-10-03,BABA,-0.016436531287297794,-0.009847221413125298,-0.0056155458506567495
2019-10-04,BABA,-0.020346003115432488,-0.016436531287297794,-0.009847221413125298
2019-10-07,BABA,-0.018015708550261113,-0.020346003115432488,-0.016436531287297794
2019-10-08,BABA,-0.016849463702047016,-0.018015708550261113,-0.020346003115432488
2019-10-09,BABA,-0.0174242527976056,-0.016849463702047016,-0.018015708550261113
2019-10-10,BABA,-0.01677852007062963,-0.0174242527976056,-0.016849463702047016
2019-10-11,BABA,-0.018064689766024235,-0.01677852007062963,-0.0174242527976056
2019-10-14,BABA,-0.01659008477658201,-0.018064689766024235,-0.01677852007062963
2019-10-15,BABA,-0.015439432634901733,-0.01659008477658201,-0.018064689766024235
2019-10-16,BABA,-0.008301412839760897,-0.015439432634901733,-0.01659008477658201
2019-10-17,BABA,-0.002239063465662368,-0.008301412839760897,-0.015439432634901733
2019-10-18,BABA,0.003199036742679121,-0.002239063465662368,-0.008301412839760897
2019-10-21,BABA,0.001316042636702933,0.003199036742679121,-0.002239063465662368
2019-10-22,BABA,0.002795600878870114,0.001316042636702933,0.003199036742679121
2019-10-23,BABA,-0.00010302352391992232,0.002795600878870114,0.001316042636702933
2019-10-24,BABA,-0.003911369218890338,-0.00010302352391992232,0.002795600878870114
2019-10-25,BABA,-0.0058923216500120544,-0.003911369218890338,-0.00010302352391992232
2019-10-28,BABA,-0.0026757834099816005,-0.0058923216500120544,-0.003911369218890338
2019-10-29,BABA,0.0002402534819685901,-0.0026757834099816005,-0.0058923216500120544
2019-10-30,BABA,0.0041116815283654086,0.0002402534819685901,-0.0026757834099816005
2019-10-31,BABA,0.00833550340319738,0.0041116815283654086,0.0002402534819685901
2019-11-01,BABA,0.010800432006441438,0.00833550340319738,0.0041116815283654086
2019-11-04,BABA,0.012238509115027215,0.010800432006441438,0.00833550340319738
2019-11-05,BABA,0.012591614377018787,0.012238509115027215,0.010800432006441438
2019-11-06,BABA,0.015214945242700152,0.012591614377018787,0.012238509115027215
2019-11-07,BABA,0.01857200423550735,0.015214945242700152,0.012591614377018787
2019-11-08,BABA,0.02358441448505891,0.01857200423550735,0.015214945242700152
2019-11-11,BABA,0.02904910616751142,0.02358441448505891,0.01857200423550735
2019-11-12,BABA,0.03204811245424354,0.02904910616751142,0.02358441448505891
2019-11-13,BABA,0.03345535953055214,0.03204811245424354,0.02904910616751142
2019-11-14,BABA,0.03207753509621534,0.03345535953055214,0.03204811245424354
2019-11-15,BABA,0.029362076946542963,0.03207753509621534,0.03345535953055214
2019-11-18,BABA,0.02686838824919326,0.029362076946542963,0.03207753509621534
2019-11-19,BABA,0.024317919755387708,0.02686838824919326,0.029362076946542963
2019-11-20,BABA,0.021754497773761677,0.024317919755387708,0.02686838824919326
2019-11-21,BABA,0.02034272357227655,0.021754497773761677,0.024317919755387708
2019-11-22,BABA,0.02021900938301893,0.02034272357227655,0.021754497773761677
2019-11-25,BABA,0.01959426151839598,0.02021900938301893,0.02034272357227655
2019-11-26,BABA,0.02096819181878709,0.01959426151839598,0.02021900938301893
2019-11-27,BABA,0.02340496262469673,0.02096819181878709,0.01959426151839598
2019-11-29,BABA,0.030306194773773318,0.02340496262469673,0.02096819181878709
2019-12-02,BABA,0.035462013900679844,0.030306194773773318,0.02340496262469673
2019-12-03,BABA,0.03849366034349678,0.035462013900679844,0.030306194773773318
2019-12-04,BABA,0.038892027825786796,0.03849366034349678,0.035462013900679844
2019-12-05,BABA,0.03696652271500895,0.038892027825786796,0.03849366034349678
2019-12-06,BABA,0.03477127505325555,0.03696652271500895,0.038892027825786796
2019-12-09,BABA,0.033787998434543776,0.03477127505325555,0.03696652271500895
2019-12-10,BABA,0.032731013294634854,0.033787998434543776,0.03477127505325555
2019-12-11,BABA,0.03345574732509542,0.032731013294634854,0.033787998434543776
2019-12-12,BABA,0.03624023420379073,0.03345574732509542,0.032731013294634854
2019-12-13,BABA,0.035839268473144684,0.03624023420379073,0.03345574732509542
2019-12-16,BABA,0.0348808449258505,0.035839268473144684,0.03624023420379073
2019-12-17,BABA,0.03646092524778631,0.0348808449258505,0.035839268473144684
2019-12-18,BABA,0.03801422361932658,0.03646092524778631,0.0348808449258505
2019-12-19,BABA,0.03813786362409325,0.03801422361932658,0.03646092524778631
2019-12-20,BABA,0.03842763240242375,0.03813786362409325,0.03801422361932658
2019-12-23,BABA,0.039310529253227616,0.03842763240242375,0.03813786362409325
2019-12-24,BABA,0.04022426845195379,0.039310529253227616,0.03842763240242375
2019-12-26,BABA,0.040566499319042354,0.04022426845195379,0.039310529253227616
2019-12-27,BABA,0.041059084869727584,0.040566499319042354,0.04022426845195379
2019-12-30,BABA,0.0412842963930507,0.041059084869727584,0.040566499319042354
2019-12-31,BABA,0.039700297448307095,0.0412842963930507,0.041059084869727584
2020-01-02,BABA,0.036639162992432986,0.039700297448307095,0.0412842963930507
2020-01-03,BABA,0.036837653598266094,0.036639162992432986,0.039700297448307095
2020-01-06,BABA,0.034987758426233306,0.036837653598266094,0.036639162992432986
2020-01-07,BABA,0.0331093084056693,0.034987758426233306,0.036837653598266094
2020-01-08,BABA,0.032834332081397556,0.0331093084056693,0.034987758426233306
2020-01-09,BABA,0.03326578681478228,0.032834332081397556,0.0331093084056693
2020-01-10,BABA,0.03159059517614353,0.03326578681478228,0.032834332081397556
2020-01-13,BABA,0.032027093306324694,0.03159059517614353,0.03326578681478228
2020-01-14,BABA,0.03495997569390374,0.032027093306324694,0.03159059517614353
2020-01-15,BABA,0.03606725509541007,0.03495997569390374,0.032027093306324694
2020-01-16,BABA,0.03659102946514602,0.03606725509541007,0.03495997569390374
2020-01-17,BABA,0.03527225095939166,0.03659102946514602,0.03606725509541007
2020-01-21,BABA,0.03464802035661224,0.03527225095939166,0.03659102946514602
2020-01-22,BABA,0.02956772801251454,0.03464802035661224,0.03527225095939166
2020-01-23,BABA,0.026231781154791224,0.02956772801251454,0.03464802035661224
2020-01-24,BABA,0.02205241562898285,0.026231781154791224,0.02956772801251454
2020-01-27,BABA,0.016204312386733203,0.02205241562898285,0.026231781154791224
2020-01-28,BABA,0.005385763196967683,0.016204312386733203,0.02205241562898285
2020-01-29,BABA,-0.0008809448531958816,0.005385763196967683,0.016204312386733203
2020-01-30,BABA,-0.006410497636296755,-0.0008809448531958816,0.005385763196967683
2020-01-31,BABA,-0.012062330656219613,-0.006410497636296755,-0.0008809448531958816
2020-02-03,BABA,-0.015890163240115048,-0.012062330656219613,-0.006410497636296755
2020-02-04,BABA,-0.012807003935658458,-0.015890163240115048,-0.012062330656219613
2020-02-05,BABA,-0.00803930112949653,-0.012807003935658458,-0.015890163240115048
2020-02-06,BABA,-0.005209007691834246,-0.00803930112949653,-0.012807003935658458
2020-02-07,BABA,-0.00041047174111561135,-0.005209007691834246,-0.00803930112949653
2020-02-10,BABA,0.003605173871246593,-0.00041047174111561135,-0.005209007691834246
2020-02-11,BABA,0.0044449330679456256,0.003605173871246593,-0.00041047174111561135
2020-02-12,BABA,0.0013870917278191316,0.0044449330679456256,0.003605173871246593
2020-02-13,BABA,0.002467232424454988,0.0013870917278191316,0.0044449330679456256
2020-02-14,BABA,0.0018580677604391903,0.002467232424454988,0.0013870917278191316
2020-02-18,BABA,0.002920909374628934,0.0018580677604391903,0.002467232424454988
2020-02-19,BABA,0.00480965426190399,0.002920909374628934,0.0018580677604391903
2020-02-20,BABA,0.0066050703958236276,0.00480965426190399,0.002920909374628934
2020-02-21,BABA,0.0034297085807521934,0.0066050703958236276,0.00480965426190399
2020-02-24,BABA,-0.00014441890509992922,0.0034297085807521934,0.0066050703958236276
2020-02-25,BABA,-0.005455019708333092,-0.00014441890509992922,0.0034297085807521934
2020-02-26,BABA,-0.011662916951740439,-0.005455019708333092,-0.00014441890509992922
2020-02-27,BABA,-0.01747727923782148,-0.011662916951740439,-0.005455019708333092
2020-02-28,BABA,-0.022874711877040276,-0.01747727923782148,-0.011662916951740439
2019-01-02,BAC,-0.040829602955917005,-0.04816819075359246,-0.051331764484379545
2019-01-03,BAC,-0.02959860840411209,-0.040829602955917005,-0.04816819075359246
2019-01-04,BAC,-0.02567373346088346,-0.02959860840411209,-0.040829602955917005
2019-01-07,BAC,-0.019665044855178095,-0.02567373346088346,-0.02959860840411209
2019-01-08,BAC,-0.013842938797994314,-0.019665044855178095,-0.02567373346088346
2019-01-09,BAC,-0.009524316386355765,-0.013842938797994314,-0.019665044855178095
2019-01-10,BAC,-0.0052604711109357025,-0.009524316386355765,-0.013842938797994314
2019-01-11,BAC,0.0003654984778127061,-0.0052604711109357025,-0.009524316386355765
2019-01-14,BAC,0.002992503000578624,0.0003654984778127061,-0.0052604711109357025
2019-01-15,BAC,0.006611695855090918,0.002992503000578624,0.0003654984778127061
2019-01-16,BAC,0.010931913774690617,0.006611695855090918,0.002992503000578624
2019-01-17,BAC,0.020224533089831565,0.010931913774690617,0.006611695855090918
2019-01-18,BAC,0.031429414012167665,0.020224533089831565,0.010931913774690617
2019-01-22,BAC,0.04230565653001072,0.031429414012167665,0.020224533089831565
2019-01-23,BAC,0.05147460427622192,0.04230565653001072,0.031429414012167665
2019-01-24,BAC,0.05912963503708041,0.05147460427622192,0.04230565653001072
2019-01-25,BAC,0.06082975645051763,0.05912963503708041,0.05147460427622192
2019-01-28,BAC,0.06218490093405124,0.06082975645051763,0.05912963503708041
2019-01-29,BAC,0.06177167446460195,0.06218490093405124,0.06082975645051763
2019-01-30,BAC,0.06108310178507055,0.06177167446460195,0.06218490093405124
2019-01-31,BAC,0.059599579859705126,0.06108310178507055,0.06177167446460195
2019-02-01,BAC,0.05549995970777246,0.059599579859705126,0.06108310178507055
2019-02-04,BAC,0.0493230760393076,0.05549995970777246,0.059599579859705126
2019-02-05,BAC,0.044373964843593156,0.0493230760393076,0.05549995970777246
2019-02-06,BAC,0.03989653665840244,0.044373964843593156,0.0493230760393076
2019-02-07,BAC,0.036431382327208175,0.03989653665840244,0.044373964843593156
2019-02-08,BAC,0.033613329073630946,0.036431382327208175,0.03989653665840244
2019-02-11,BAC,0.03126453270297384,0.033613329073630946,0.036431382327208175
2019-02-12,BAC,0.027375418177816534,0.03126453270297384,0.033613329073630946
2019-02-13,BAC,0.0246413294659195,0.027375418177816534,0.03126453270297384
2019-02-14,BAC,0.021735949715200303,0.0246413294659195,0.027375418177816534
2019-02-15,BAC,0.019305682386475412,0.021735949715200303,0.0246413294659195
2019-02-19,BAC,0.019576377868936387,0.019305682386475412,0.021735949715200303
2019-02-20,BAC,0.019620959032115252,0.019576377868936387,0.019305682386475412
2019-02-21,BAC,0.01953170412579065,0.019620959032115252,0.019576377868936387
2019-02-22,BAC,0.019185309186876276,0.01953170412579065,0.019620959032115252
2019-02-25,BAC,0.01945373637184698,0.019185309186876276,0.01953170412579065
2019-02-26,BAC,0.017612260039305407,0.01945373637184698,0.019185309186876276
2019-02-27,BAC,0.01628530403995666,0.017612260039305407,0.01945373637184698
2019-02-28,BAC,0.01469759956768651,0.01628530403995666,0.017612260039305407
2019-03-01,BAC,0.012623764720701269,0.01469759956768651,0.01628530403995666
2019-03-04,BAC,0.012070978687684046,0.012623764720701269,0.01469759956768651
2019-03-05,BAC,0.0100423495976097,0.012070978687684046,0.012623764720701269
2019-03-06,BAC,0.008246156823515973,0.0100423495976097,0.012070978687684046
2019-03-07,BAC,0.0050975016315814616,0.008246156823515973,0.0100423495976097
2019-03-08,BAC,0.0022120651287837446,0.0050975016315814616,0.008246156823515973
2019-03-11,BAC,-0.00024267169308802783,0.0022120651287837446,0.0050975016315814616
2019-03-12,BAC,-0.0006031230596762355,-0.00024267169308802783,0.0022120651287837446
2019-03-13,BAC,-0.0009846876111656553,-0.0006031230596762355,-0.00024267169308802783
2019-03-14,BAC,0.0004039955637444635,-0.0009846876111656553,-0.0006031230596762355
2019-03-15,BAC,0.0032057196300550755,0.0004039955637444635,-0.0009846876111656553
2019-03-18,BAC,0.005255845169897834,0.0032057196300550755,0.0004039955637444635
2019-03-19,BAC,0.00806880226933403,0.005255845169897834,0.0032057196300550755
2019-03-20,BAC,0.010396556207361173,0.00806880226933403,0.005255845169897834
2019-03-21,BAC,0.008485845360784165,0.010396556207361173,0.00806880226933403
2019-03-22,BAC,0.004476649511686654,0.008485845360784165,0.010396556207361173
2019-03-25,BAC,-0.0027987890971960475,0.004476649511686654,0.008485845360784165
2019-03-26,BAC,-0.0126131793521587,-0.0027987890971960475,0.004476649511686654
2019-03-27,BAC,-0.02062515224127955,-0.0126131793521587,-0.0027987890971960475
2019-03-28,BAC,-0.02569727177425226,-0.02062515224127955,-0.0126131793521587
2019-03-29,BAC,-0.02819921406321038,-0.02569727177425226,-0.02062515224127955
2019-04-01,BAC,-0.02581145473365865,-0.02819921406321038,-0.02569727177425226
2019-04-02,BAC,-0.019799662760752502,-0.02581145473365865,-0.02819921406321038
2019-04-03,BAC,-0.014110954307543102,-0.019799662760752502,-0.02581145473365865
2019-04-04,BAC,-0.007806905194762334,-0.014110954307543102,-0.019799662760752502
2019-04-05,BAC,-0.0016988420480326134,-0.007806905194762334,-0.014110954307543102
2019-04-08,BAC,0.0030692179110892366,-0.0016988420480326134,-0.007806905194762334
2019-04-09,BAC,0.005141292172006337,0.0030692179110892366,-0.0016988420480326134
2019-04-10,BAC,0.005255962475675904,0.005141292172006337,0.0030692179110892366
2019-04-11,BAC,0.006142528165076285,0.005255962475675904,0.005141292172006337
2019-04-12,BAC,0.005902738054520995,0.006142528165076285,0.005255962475675904
2019-04-15,BAC,0.009024545618895985,0.005902738054520995,0.006142528165076285
2019-04-16,BAC,0.010950862840552874,0.009024545618895985,0.005902738054520995
2019-04-17,BAC,0.013938859415082458,0.010950862840552874,0.009024545618895985
2019-04-18,BAC,0.01684786074637973,0.013938859415082458,0.010950862840552874
2019-04-22,BAC,0.019587454225608283,0.01684786074637973,0.013938859415082458
2019-04-23,BAC,0.01882098002943591,0.019587454225608283,0.01684786074637973
2019-04-24,BAC,0.019073299975332393,0.01882098002943591,0.019587454225608283
2019-04-25,BAC,0.019074942042216898,0.019073299975332393,0.01882098002943591
2019-04-26,BAC,0.018629266753073616,0.019074942042216898,0.019073299975332393
2019-04-29,BAC,0.018805535863410976,0.018629266753073616,0.019074942042216898
2019-04-30,BAC,0.020147089050359186,0.018805535863410976,0.018629266753073616
2019-05-01,BAC,0.021023878769469574,0.020147089050359186,0.018805535863410976
2019-05-02,BAC,0.02116631563111298,0.021023878769469574,0.020147089050359186
2019-05-03,BAC,0.021952562978276392,0.02116631563111298,0.021023878769469574
2019-05-06,BAC,0.0225199907041991,0.021952562978276392,0.02116631563111298
2019-05-07,BAC,0.02096648079455907,0.0225199907041991,0.021952562978276392
2019-05-08,BAC,0.01875018695909078,0.02096648079455907,0.0225199907041991
2019-05-09,BAC,0.01716060725873597,0.01875018695909078,0.02096648079455907
2019-05-10,BAC,0.014023401990416483,0.01716060725873597,0.01875018695909078
2019-05-13,BAC,0.009576081629912019,0.014023401990416483,0.01716060725873597
2019-05-14,BAC,0.0014913014278375423,0.009576081629912019,0.014023401990416483
2019-05-15,BAC,-0.003807445080888384,0.0014913014278375423,0.009576081629912019
2019-05-16,BAC,-0.009530984559737695,-0.003807445080888384,0.0014913014278375423
2019-05-17,BAC,-0.01417847323271939,-0.009530984559737695,-0.003807445080888384
2019-05-20,BAC,-0.01882866041400266,-0.01417847323271939,-0.009530984559737695
2019-05-21,BAC,-0.01869317547018103,-0.01882866041400266,-0.01417847323271939
2019-05-22,BAC,-0.018519864851428685,-0.01869317547018103,-0.01882866041400266
2019-05-23,BAC,-0.01763448526885359,-0.018519864851428685,-0.01869317547018103
2019-05-24,BAC,-0.020030392755788842,-0.01763448526885359,-0.018519864851428685
2019-05-28,BAC,-0.02033710050528158,-0.020030392755788842,-0.01763448526885359
2019-05-29,BAC,-0.02153406846044052,-0.02033710050528158,-0.020030392755788842
2019-05-30,BAC,-0.024187299704449088,-0.02153406846044052,-0.02033710050528158
2019-05-31,BAC,-0.028113441402634207,-0.024187299704449088,-0.02153406846044052
2019-06-03,BAC,-0.031105085438004287,-0.028113441402634207,-0.024187299704449088
2019-06-04,BAC,-0.03541395127974121,-0.031105085438004287,-0.028113441402634207
2019-06-05,BAC,-0.03424053028252479,-0.03541395127974121,-0.031105085438004287
2019-06-06,BAC,-0.032708171851621774,-0.03424053028252479,-0.03541395127974121
2019-06-07,BAC,-0.028618809181735577,-0.032708171851621774,-0.03424053028252479
2019-06-10,BAC,-0.023546802771853306,-0.028618809181735577,-0.032708171851621774
2019-06-11,BAC,-0.017111145727656193,-0.023546802771853306,-0.028618809181735577
2019-06-12,BAC,-0.014604678494617147,-0.017111145727656193,-0.023546802771853306
2019-06-13,BAC,-0.01294937965289969,-0.014604678494617147,-0.017111145727656193
2019-06-14,BAC,-0.011777757881202488,-0.01294937965289969,-0.014604678494617147
2019-06-17,BAC,-0.009017718025647275,-0.011777757881202488,-0.01294937965289969
2019-06-18,BAC,-0.008386933218931995,-0.009017718025647275,-0.011777757881202488
2019-06-19,BAC,-0.006036723918766097,-0.008386933218931995,-0.009017718025647275
2019-06-20,BAC,-0.0036677233623025308,-0.006036723918766097,-0.008386933218931995
2019-06-21,BAC,-0.0015768680299908223,-0.0036677233623025308,-0.006036723918766097
2019-06-24,BAC,-0.0001747030355900021,-0.0015768680299908223,-0.0036677233623025308
2019-06-25,BAC,0.0013004464057863412,-0.0001747030355900021,-0.0015768680299908223
2019-06-26,BAC,-0.00045973336708183556,0.0013004464057863412,-0.0001747030355900021
2019-06-27,BAC,-0.0009809855822911382,-0.00045973336708183556,0.0013004464057863412
2019-06-28,BAC,-0.00046686449527330646,-0.0009809855822911382,-0.00045973336708183556
2019-07-01,BAC,0.002947223767860228,-0.00046686449527330646,-0.0009809855822911382
2019-07-02,BAC,0.008033109589006876,0.002947223767860228,-0.00046686449527330646
2019-07-03,BAC,0.012356766619093367,0.008033109589006876,0.002947223767860228
2019-07-05,BAC,0.01600983187886865,0.012356766619093367,0.008033109589006876
2019-07-08,BAC,0.01904971456163726,0.01600983187886865,0.012356766619093367
2019-07-09,BAC,0.019346350012496686,0.01904971456163726,0.01600983187886865
2019-07-10,BAC,0.018546832334470607,0.019346350012496686,0.01904971456163726
2019-07-11,BAC,0.017709625189349546,0.018546832334470607,0.019346350012496686
2019-07-12,BAC,0.01835290438331415,0.017709625189349546,0.018546832334470607
2019-07-15,BAC,0.01843840276699875,0.01835290438331415,0.017709625189349546
2019-07-16,BAC,0.017692890300813783,0.01843840276699875,0.01835290438331415
2019-07-17,BAC,0.015976636337065052,0.017692890300813783,0.01843840276699875
2019-07-18,BAC,0.0158317566750958,0.015976636337065052,0.017692890300813783
2019-07-19,BAC,0.015295406334553974,0.0158317566750958,0.015976636337065052
2019-07-22,BAC,0.013925417260713733,0.015295406334553974,0.0158317566750958
2019-07-23,BAC,0.01355982782854604,0.013925417260713733,0.015295406334553974
2019-07-24,BAC,0.01598223850323994,0.01355982782854604,0.013925417260713733
2019-07-25,BAC,0.019515884982292918,0.01598223850323994,0.01355982782854604
2019-07-26,BAC,0.021104521197134386,0.019515884982292918,0.01598223850323994
2019-07-29,BAC,0.02421065097477723,0.021104521197134386,0.019515884982292918
2019-07-30,BAC,0.025856578738320563,0.02421065097477723,0.021104521197134386
2019-07-31,BAC,0.026560810909154676,0.025856578738320563,0.02421065097477723
2019-08-01,BAC,0.025395852402053408,0.026560810909154676,0.025856578738320563
2019-08-02,BAC,0.021861089252717666,0.025395852402053408,0.026560810909154676
2019-08-05,BAC,0.016575416560462103,0.021861089252717666,0.025395852402053408
2019-08-06,BAC,0.008409533097555362,0.016575416560462103,0.021861089252717666
2019-08-07,BAC,-0.0002151588275945379,0.008409533097555362,0.016575416560462103
2019-08-08,BAC,-0.009501792309838534,-0.0002151588275945379,0.008409533097555362
2019-08-09,BAC,-0.01341981105586369,-0.009501792309838534,-0.0002151588275945379
2019-08-12,BAC,-0.017155258088313606,-0.01341981105586369,-0.009501792309838534
2019-08-13,BAC,-0.018481606802621967,-0.017155258088313606,-0.01341981105586369
2019-08-14,BAC,-0.02084791972442978,-0.018481606802621967,-0.017155258088313606
2019-08-15,BAC,-0.025468343411689017,-0.02084791972442978,-0.018481606802621967
2019-08-16,BAC,-0.03239802173336035,-0.025468343411689017,-0.02084791972442978
2019-08-19,BAC,-0.036603012271916056,-0.03239802173336035,-0.025468343411689017
2019-08-20,BAC,-0.03712289764795201,-0.036603012271916056,-0.03239802173336035
2019-08-21,BAC,-0.03951433204916906,-0.03712289764795201,-0.036603012271916056
2019-08-22,BAC,-0.03651776688055441,-0.03951433204916906,-0.03712289764795201
2019-08-23,BAC,-0.03211185319381248,-0.03651776688055441,-0.03951433204916906
2019-08-26,BAC,-0.03280256033298235,-0.03211185319381248,-0.03651776688055441
2019-08-27,BAC,-0.03342138701900234,-0.03280256033298235,-0.03211185319381248
2019-08-28,BAC,-0.03291805215737632,-0.03342138701900234,-0.03280256033298235
2019-08-29,BAC,-0.032132383388006724,-0.03291805215737632,-0.03342138701900234
2019-08-30,BAC,-0.030593258303730386,-0.032132383388006724,-0.03291805215737632
2019-09-03,BAC,-0.02575420422143437,-0.030593258303730386,-0.032132383388006724
2019-09-04,BAC,-0.02366386709041962,-0.02575420422143437,-0.030593258303730386
2019-09-05,BAC,-0.01915181953938679,-0.02366386709041962,-0.02575420422143437
2019-09-06,BAC,-0.013393603006600245,-0.01915181953938679,-0.02366386709041962
2019-09-09,BAC,-0.010490021474007847,-0.013393603006600245,-0.01915181953938679
2019-09-10,BAC,-0.005485995885406797,-0.010490021474007847,-0.013393603006600245
2019-09-11,BAC,0.0033806721899669622,-0.005485995885406797,-0.010490021474007847
2019-09-12,BAC,0.011241011864806983,0.0033806721899669622,-0.005485995885406797
2019-09-13,BAC,0.017027012828010286,0.011241011864806983,0.0033806721899669622
2019-09-16,BAC,0.02536152897634134,0.017027012828010286,0.011241011864806983
2019-09-17,BAC,0.030647745366974437,0.02536152897634134,0.017027012828010286
2019-09-18,BAC,0.032818532145505126,0.030647745366974437,0.02536152897634134
2019-09-19,BAC,0.03497172860473146,0.032818532145505126,0.030647745366974437
2019-09-20,BAC,0.03580765885681687,0.03497172860473146,0.032818532145505126
2019-09-23,BAC,0.033724010013218966,0.03580765885681687,0.03497172860473146
2019-09-24,BAC,0.03151190480845217,0.033724010013218966,0.03580765885681687
2019-09-25,BAC,0.02761220064262601,0.03151190480845217,0.033724010013218966
2019-09-26,BAC,0.024553386517829984,0.02761220064262601,0.03151190480845217
2019-09-27,BAC,0.021479536870044367,0.024553386517829984,0.02761220064262601
2019-09-30,BAC,0.020071758965010594,0.021479536870044367,0.024553386517829984
2019-10-01,BAC,0.018352585963047906,0.020071758965010594,0.021479536870044367
2019-10-02,BAC,0.01613791564303206,0.018352585963047906,0.020071758965010594
2019-10-03,BAC,0.0111114581598094,0.01613791564303206,0.018352585963047906
2019-10-04,BAC,0.005712663632571321,0.0111114581598094,0.01613791564303206
2019-10-07,BAC,0.0011051765821173264,0.005712663632571321,0.0111114581598094
2019-10-08,BAC,-0.002676050559804574,0.0011051765821173264,0.005712663632571321
2019-10-09,BAC,-0.005833083957728134,-0.002676050559804574,0.0011051765821173264
2019-10-10,BAC,-0.006332455687866444,-0.005833083957728134,-0.002676050559804574
2019-10-11,BAC,-0.004905928253226705,-0.006332455687866444,-0.005833083957728134
2019-10-14,BAC,-0.003943565117864549,-0.004905928253226705,-0.006332455687866444
2019-10-15,BAC,-0.0024379952330977443,-0.003943565117864549,-0.004905928253226705
2019-10-16,BAC,0.003339387674480426,-0.0024379952330977443,-0.003943565117864549
2019-10-17,BAC,0.009258458446460237,0.003339387674480426,-0.0024379952330977443
2019-10-18,BAC,0.013622623237027343,0.009258458446460237,0.003339387674480426
2019-10-21,BAC,0.01687457862599933,0.013622623237027343,0.009258458446460237
2019-10-22,BAC,0.021296681078648336,0.01687457862599933,0.013622623237027343
2019-10-23,BAC,0.023998470837947337,0.021296681078648336,0.01687457862599933
2019-10-24,BAC,0.02605647706600759,0.023998470837947337,0.021296681078648336
2019-10-25,BAC,0.02802986273848343,0.02605647706600759,0.023998470837947337
2019-10-28,BAC,0.030481217459196634,0.02802986273848343,0.02605647706600759
2019-10-29,BAC,0.03153690710114506,0.030481217459196634,0.02802986273848343
2019-10-30,BAC,0.03297717764056831,0.03153690710114506,0.030481217459196634
2019-10-31,BAC,0.032569170285504316,0.03297717764056831,0.03153690710114506
2019-11-01,BAC,0.031517989763999506,0.032569170285504316,0.03297717764056831
2019-11-04,BAC,0.030989094495470524,0.031517989763999506,0.032569170285504316
2019-11-05,BAC,0.03166422205174328,0.030989094495470524,0.031517989763999506
2019-11-06,BAC,0.03263865469266196,0.03166422205174328,0.030989094495470524
2019-11-07,BAC,0.034952431966503036,0.03263865469266196,0.03166422205174328
2019-11-08,BAC,0.03937450170013138,0.034952431966503036,0.03263865469266196
2019-11-11,BAC,0.04209086098490179,0.03937450170013138,0.034952431966503036
2019-11-12,BAC,0.04272901631187064,0.04209086098490179,0.03937450170013138
2019-11-13,BAC,0.0415973700810792,0.04272901631187064,0.04209086098490179
2019-11-14,BAC,0.03994291482036994,0.0415973700810792,0.04272901631187064
2019-11-15,BAC,0.03667869086535479,0.03994291482036994,0.0415973700810792
2019-11-18,BAC,0.03401633925366851,0.03667869086535479,0.03994291482036994
2019-11-19,BAC,0.03159412083935175,0.03401633925366851,0.03667869086535479
2019-11-20,BAC,0.02906270072616596,0.03159412083935175,0.03401633925366851
2019-11-21,BAC,0.02653078624977048,0.02906270072616596,0.03159412083935175
2019-11-22,BAC,0.024656337970966734,0.02653078624977048,0.02906270072616596
2019-11-25,BAC,0.02322586826660408,0.024656337970966734,0.02653078624977048
2019-11-26,BAC,0.022432948836850347,0.02322586826660408,0.024656337970966734
2019-11-27,BAC,0.021092274176108615,0.022432948836850347,0.02322586826660408
2019-11-29,BAC,0.02080967156665571,0.021092274176108615,0.022432948836850347
2019-12-02,BAC,0.02007499544964178,0.02080967156665571,0.021092274176108615
2019-12-03,BAC,0.01881300651601587,0.02007499544964178,0.02080967156665571
2019-12-04,BAC,0.0152834835545971,0.01881300651601587,0.02007499544964178
2019-12-05,BAC,0.013170736228238547,0.0152834835545971,0.01881300651601587
2019-12-06,BAC,0.011354803165711693,0.013170736228238547,0.0152834835545971
2019-12-09,BAC,0.01138068500188773,0.011354803165711693,0.013170736228238547
2019-12-10,BAC,0.010704969964524613,0.01138068500188773,0.011354803165711693
2019-12-11,BAC,0.012138152091438918,0.010704969964524613,0.01138068500188773
2019-12-12,BAC,0.012998986861424441,0.012138152091438918,0.010704969964524613
2019-12-13,BAC,0.016224098522092976,0.012998986861424441,0.012138152091438918
2019-12-16,BAC,0.017079598800834102,0.016224098522092976,0.012998986861424441
2019-12-17,BAC,0.019200550367441085,0.017079598800834102,0.016224098522092976
2019-12-18,BAC,0.02213338364598042,0.019200550367441085,0.017079598800834102
2019-12-19,BAC,0.02498537501462349,0.02213338364598042,0.019200550367441085
2019-12-20,BAC,0.02425207252056144,0.02498537501462349,0.02213338364598042
2019-12-23,BAC,0.024083940560418397,0.02425207252056144,0.02498537501462349
2019-12-24,BAC,0.023909796537316817,0.024083940560418397,0.02425207252056144
2019-12-26,BAC,0.023144143449962764,0.023909796537316817,0.024083940560418397
2019-12-27,BAC,0.023085430747132114,0.023144143449962764,0.023909796537316817
2019-12-30,BAC,0.02305811149934242,0.023085430747132114,0.023144143449962764
2019-12-31,BAC,0.02270634108993677,0.02305811149934242,0.023085430747132114
2020-01-02,BAC,0.021942232420034583,0.02270634108993677,0.02305811149934242
2020-01-03,BAC,0.02201546288009467,0.021942232420034583,0.02270634108993677
2020-01-06,BAC,0.019421962773861868,0.02201546288009467,0.021942232420034583
2020-01-07,BAC,0.017060358670663568,0.019421962773861868,0.02201546288009467
2020-01-08,BAC,0.014669681023788936,0.017060358670663568,0.019421962773861868
2020-01-09,BAC,0.013025636097499802,0.014669681023788936,0.017060358670663568
2020-01-10,BAC,0.01033848553738933,0.013025636097499802,0.014669681023788936
2020-01-13,BAC,0.009052752393094604,0.01033848553738933,0.013025636097499802
2020-01-14,BAC,0.008592674531580585,0.009052752393094604,0.01033848553738933
2020-01-15,BAC,0.009488955155164118,0.008592674531580585,0.009052752393094604
2020-01-16,BAC,0.007937977327563761,0.009488955155164118,0.008592674531580585
2020-01-17,BAC,0.006456672623828048,0.007937977327563761,0.009488955155164118
2020-01-21,BAC,0.0057321378675974696,0.006456672623828048,0.007937977327563761
2020-01-22,BAC,0.003011584901817807,0.0057321378675974696,0.006456672623828048
2020-01-23,BAC,-0.000264664112420759,0.003011584901817807,0.0057321378675974696
2020-01-24,BAC,-0.002219452473886749,-0.000264664112420759,0.003011584901817807
2020-01-27,BAC,-0.006020676515274215,-0.002219452473886749,-0.000264664112420759
2020-01-28,BAC,-0.011439431406526276,-0.006020676515274215,-0.002219452473886749
2020-01-29,BAC,-0.014525382063301527,-0.011439431406526276,-0.006020676515274215
2020-01-30,BAC,-0.0182833498979745,-0.014525382063301527,-0.011439431406526276
2020-01-31,BAC,-0.020192872258813818,-0.0182833498979745,-0.014525382063301527
2020-02-03,BAC,-0.022044465355116456,-0.020192872258813818,-0.0182833498979745
2020-02-04,BAC,-0.021405217977296515,-0.022044465355116456,-0.020192872258813818
2020-02-05,BAC,-0.01982094880838096,-0.021405217977296515,-0.022044465355116456
2020-02-06,BAC,-0.014836994674704895,-0.01982094880838096,-0.021405217977296515
2020-02-07,BAC,-0.011287846171397319,-0.014836994674704895,-0.01982094880838096
2020-02-10,BAC,-0.0058654354619402365,-0.011287846171397319,-0.014836994674704895
2020-02-11,BAC,-0.0006753053136930448,-0.0058654354619402365,-0.011287846171397319
2020-02-12,BAC,0.0027253440011084807,-0.0006753053136930448,-0.0058654354619402365
2020-02-13,BAC,0.003346909362605519,0.0027253440011084807,-0.0006753053136930448
2020-02-14,BAC,0.004145075521321058,0.003346909362605519,0.0027253440011084807
2020-02-18,BAC,0.004987889306217739,0.004145075521321058,0.003346909362605519
2020-02-19,BAC,0.004298681366843703,0.004987889306217739,0.004145075521321058
2020-02-20,BAC,0.0044160880472504625,0.004298681366843703,0.004987889306217739
2020-02-21,BAC,0.004339014038514924,0.0044160880472504625,0.004298681366843703
2020-02-24,BAC,0.003109530792332768,0.004339014038514924,0.0044160880472504625
2020-02-25,BAC,-0.001843593281777765,0.003109530792332768,0.004339014038514924
2020-02-26,BAC,-0.009669823211001965,-0.001843593281777765,0.003109530792332768
2020-02-27,BAC,-0.020244256762231877,-0.009669823211001965,-0.001843593281777765
2020-02-28,BAC,-0.03571443186466385,-0.020244256762231877,-0.009669823211001965
