SYM_ROOT,DATE,pre_market_volume,post_market_volume,DAY_OF_WEEK,OPEN,HIGH,LOW,CLOSE,VOLUME
AAPL,2019-01-02,1448699.0,10818374.0,Wednesday,36.94446185817818,37.88900519587008,36.7870373619735,37.667179107666016,148158800.0
AAPL,2019-01-03,8702037.0,9788893.0,Thursday,34.342199196005986,34.757226401323194,33.869929368945684,33.91524887084961,365248800.0
AAPL,2019-01-04,3011205.0,9747041.0,Friday,34.473390406461,35.43224447060452,34.29927134520694,35.36307144165039,234428400.0
AAPL,2019-01-07,1613404.0,6495477.0,Monday,35.46801706834108,35.49902591499335,34.80015857426377,35.28435516357422,219111200.0
AAPL,2019-01-08,1997698.0,5557865.0,Tuesday,35.67314533765117,36.21220429826707,35.42508548038979,35.95698547363281,164101200.0
AAPL,2019-01-09,2461012.0,4722655.0,Wednesday,36.08578375398838,36.85859188920276,35.68984228254517,36.56759643554688,180396400.0
AAPL,2019-01-10,1236504.0,6455076.0,Thursday,36.37440495188372,36.725030654714,35.98323116880231,36.68448257446289,143122800.0
AAPL,2019-01-11,1006231.0,5753453.0,Friday,36.46504026047846,36.66062531231102,36.13826447606144,36.324310302734375,108092800.0
AAPL,2019-01-14,1069675.0,8301998.0,Monday,35.98084307721351,36.0810213178373,35.59205323610921,35.778099060058594,129756800.0
AAPL,2019-01-15,957658.0,4006406.0,Tuesday,35.8425058585296,36.58668926231533,35.79003101446399,36.5103645324707,114843600.0
AAPL,2019-01-16,1264303.0,5534190.0,Wednesday,36.512741822826186,37.180600375929615,36.49365973393336,36.956390380859375,122278800.0
AAPL,2019-01-17,880134.0,4115596.0,Thursday,36.77988943935679,37.60517262297568,36.55567940983745,37.17583465576172,119284800.0
AAPL,2019-01-18,6453058.0,7726390.0,Friday,37.56700033062978,37.65763933734888,37.20444794328947,37.4048080444336,135004000.0
AAPL,2019-01-22,1488058.0,8825472.0,Tuesday,37.30702320944919,37.38334794017175,36.40302772681457,36.565223693847656,121576000.0
AAPL,2019-01-23,934932.0,4310665.0,Wednesday,36.76796298779607,37.00409978164385,36.1835880239302,36.71310424804688,92522400.0
AAPL,2019-01-24,774337.0,6338001.0,Thursday,36.75842658417705,36.84667808179418,36.19313366888948,36.42211151123047,101766000.0
AAPL,2019-01-25,1607037.0,4758242.0,Friday,37.08519007898912,37.71727199264311,36.8085088877834,37.6290168762207,134142000.0
AAPL,2019-01-28,1798791.0,5134843.0,Monday,37.1591291211258,37.28793230561794,36.65108262984457,37.28077697753906,104768400.0
AAPL,2019-01-29,984088.0,11407065.0,Tuesday,37.26885789319794,37.71727795602071,36.75842376107418,36.894378662109375,166348800.0
AAPL,2019-01-30,4253500.0,6242726.0,Wednesday,38.93850500825314,39.63021359546392,38.21817146161812,39.41554641723633,244439200.0
AAPL,2019-01-31,1449220.0,13707745.0,Thursday,39.62067432753475,40.30999901721812,39.25096650804929,39.69938659667969,162958400.0
AAPL,2019-02-01,1048274.0,11333673.0,Friday,39.82341357723608,40.30522272121144,39.57773393313214,39.71846389770508,130672400.0
AAPL,2019-02-04,898836.0,6031820.0,Monday,39.9307459363238,40.94445877616042,39.89973708480651,40.84666442871094,125982000.0
AAPL,2019-02-05,1485416.0,5935761.0,Tuesday,41.23068680688681,41.760203032262986,41.10904256466571,41.5455322265625,144406400.0
AAPL,2019-02-06,1176148.0,3328893.0,Wednesday,41.65763186066964,41.87707407091184,41.2282975838094,41.55984115600586,112958400.0
AAPL,2019-02-07,1274018.0,4710559.0,Thursday,41.1209545991594,41.48827840252376,40.62960269034103,40.7727165222168,126966800.0
AAPL,2019-02-08,1167954.0,4405871.0,Friday,40.48047761843685,40.88051502481208,40.343936000706,40.82062911987305,95280000.0
AAPL,2019-02-11,878625.0,4370842.0,Monday,40.97394349156521,41.01227135413607,40.54276417550842,40.585880279541016,83973600.0
AAPL,2019-02-12,953397.0,4779570.0,Tuesday,40.74637386107052,40.96196167096465,40.65055421378195,40.93561172485352,89134000.0
AAPL,2019-02-13,940459.0,4137107.0,Wednesday,41.05537900777508,41.316480664397695,40.70324961006937,40.76552963256836,89960800.0
AAPL,2019-02-14,1091089.0,4832593.0,Thursday,40.65294180645291,41.02423142436276,40.57389198792036,40.91404342651367,87342800.0
AAPL,2019-02-15,4805305.0,4834296.0,Friday,41.021854066675054,41.1296479886677,40.66253855660199,40.82303237915039,98507200.0
AAPL,2019-02-19,1296249.0,3459856.0,Tuesday,40.652950567331295,41.06736001881353,40.60025067695256,40.9451904296875,75891200.0
AAPL,2019-02-20,650643.0,4972436.0,Wednesday,41.00747866611334,41.51770781819568,40.95957066639744,41.20869445800781,104457600.0
AAPL,2019-02-21,742048.0,2638448.0,Thursday,41.15360105511571,41.29013903910054,40.79428556916617,40.97633743286133,68998800.0
AAPL,2019-02-22,735059.0,6588473.0,Friday,41.100899072957226,41.4410506104486,41.052991074957,41.43386459350586,75652800.0
AAPL,2019-02-25,1289433.0,3451161.0,Monday,41.71891347545296,42.12853097693496,41.668607712126914,41.73567962646485,87493600.0
AAPL,2019-02-26,899822.0,4134967.0,Tuesday,41.6111238651416,41.99199734395085,41.48176826337716,41.75963973999024,68280800.0
AAPL,2019-02-27,802100.0,7171457.0,Wednesday,41.491348893626935,41.92013033276674,41.3763653330096,41.88898849487305,111341600.0
AAPL,2019-02-28,684056.0,13760852.0,Thursday,41.757243726707344,41.898573578956274,41.42188048060764,41.47697448730469,112861600.0
AAPL,2019-03-01,636224.0,8276485.0,Friday,41.74765532203264,41.9560570694425,41.41468988811405,41.91294097900391,103544800.0
AAPL,2019-03-04,1082949.0,4424598.0,Monday,42.08542473250484,42.57888406995493,41.67340935935998,42.12375259399414,109744800.0
AAPL,2019-03-05,567647.0,6887367.0,Tuesday,42.14531767259841,42.159689709266736,41.809954311368514,42.04710388183594,78949600.0
AAPL,2019-03-06,959297.0,5553142.0,Wednesday,41.84108679138863,42.03751432892731,41.66622095917077,41.80515670776367,83241600.0
AAPL,2019-03-07,682363.0,7455710.0,Thursday,41.64945507831872,41.78599671926349,41.20630149951515,41.32128143310547,99185600.0
AAPL,2019-03-08,1576893.0,6882384.0,Friday,40.79906240398507,41.45780721837074,40.60263492304421,41.41947937011719,95997600.0
AAPL,2019-03-11,1528409.0,7464721.0,Monday,42.03751009861208,42.90705093114504,42.00397413888829,42.85435104370117,128044000.0
AAPL,2019-03-12,1423486.0,7177312.0,Tuesday,43.11784894516063,43.75742993256308,42.96693530420606,43.33583450317383,129870400.0
AAPL,2019-03-13,1003491.0,12014870.0,Wednesday,43.65682922421182,43.908350782047165,43.33823573830651,43.5274772644043,124130000.0
AAPL,2019-03-14,1386189.0,6800117.0,Thursday,44.05206688333284,44.0999785277812,43.73107933434246,44.01134490966797,94318000.0
AAPL,2019-03-15,12168354.0,10578562.0,Friday,44.27964450542116,44.87371172513711,44.01375091167336,44.5838623046875,156171600.0
AAPL,2019-03-18,1070476.0,5345322.0,Monday,44.50720669034818,45.127623807917495,44.50480891478156,45.03899383544922,104879200.0
AAPL,2019-03-19,1218761.0,7803893.0,Tuesday,45.11804283392589,45.271350606371485,44.53594992962055,44.682071685791016,126585600.0
AAPL,2019-03-20,747585.0,6475277.0,Wednesday,44.61020774750013,45.391122295316464,44.250892314130574,45.07252883911133,124140800.0
AAPL,2019-03-21,2292908.0,12902356.0,Thursday,45.51808622135935,47.02960609542907,45.46778044568341,46.73257064819336,204136800.0
AAPL,2019-03-22,1637986.0,6072108.0,Friday,46.79245696182492,47.35538601639792,45.7001384735137,45.76481628417969,169630800.0
AAPL,2019-03-25,1785892.0,3787830.0,Monday,45.87499712059471,45.9875829138425,44.69884073019582,45.211463928222656,175381200.0
AAPL,2019-03-26,1890288.0,9305404.0,Tuesday,45.91093815731151,46.20318171113243,44.21496862789286,44.74435806274414,199202000.0
AAPL,2019-03-27,967077.0,5258457.0,Wednesday,45.21386529708369,45.4558030750062,44.68686998226612,45.14679336547852,119393600.0
AAPL,2019-03-28,572245.0,2225157.0,Thursday,45.26176285876922,45.40788460216888,44.92161138260754,45.206668853759766,83121600.0
AAPL,2019-03-29,1079401.0,9242402.0,Friday,45.47256818961012,45.53245409772658,45.16355485684754,45.501312255859375,94256000.0
AAPL,2019-04-01,1108489.0,8272536.0,Monday,45.90614543623363,45.91572557407298,45.12523444464125,45.81032943725586,111448000.0
AAPL,2019-04-02,639620.0,4165647.0,Tuesday,45.77438881230826,46.581653285633685,45.764808675909656,46.47625350952149,91062800.0
AAPL,2019-04-03,1158536.0,4803452.0,Wednesday,46.29180253901243,47.07031926994019,46.26784671600264,46.79484558105469,93087200.0
AAPL,2019-04-04,730299.0,3653102.0,Thursday,46.66070552108108,47.03918492301481,46.26545996448646,46.87629699707031,76457200.0
AAPL,2019-04-05,619337.0,4074006.0,Friday,47.05834807377388,47.21405363526623,46.933784355609184,47.19009780883789,74106400.0
AAPL,2019-04-08,786067.0,3359523.0,Monday,47.05115957437345,47.963820223892334,47.03199564527109,47.93268203735352,103526800.0
AAPL,2019-04-09,1716906.0,4412811.0,Tuesday,47.98539088647999,48.59143609378865,47.72428550196982,47.78896331787109,143072800.0
AAPL,2019-04-10,1367181.0,2210032.0,Wednesday,47.59252055034829,48.08598343518573,47.47274875070863,48.05723571777344,86781200.0
AAPL,2019-04-11,829134.0,4429810.0,Thursday,48.112334905796246,48.14826498477151,47.53503393595788,47.65719985961914,83603200.0
AAPL,2019-04-12,1041406.0,4326207.0,Friday,47.71709228965716,47.942263895762856,47.0008591463609,47.63804244995117,111042800.0
AAPL,2019-04-15,890951.0,4819083.0,Monday,47.56858319976226,47.87280468904398,47.43204155117449,47.72428512573242,70146400.0
AAPL,2019-04-16,1145822.0,2777628.0,Tuesday,47.77937452717208,48.236900087149166,47.5637830649228,47.72906875610352,102785600.0
AAPL,2019-04-17,1950943.0,3244632.0,Wednesday,47.79853248021393,48.71838276188199,47.57575866736756,48.65849685668945,115627200.0
AAPL,2019-04-18,4435856.0,6471153.0,Thursday,48.65610278532575,48.90283244109063,48.51237879500945,48.83336639404297,96783200.0
AAPL,2019-04-22,885237.0,8925809.0,Monday,48.58664246352967,49.0920797475976,48.469264750732734,48.99386596679688,77758000.0
AAPL,2019-04-23,997032.0,6205651.0,Tuesday,48.96990312097358,49.7651897366991,48.84294528794384,49.70051193237305,93292000.0
AAPL,2019-04-24,1038696.0,4117479.0,Wednesday,49.67177121900122,49.94005893632176,49.59751327261044,49.62386322021485,70162400.0
AAPL,2019-04-25,1062444.0,3832146.0,Thursday,49.54480867165891,49.76758248967233,49.13518746237708,49.17351531982422,74172800.0
AAPL,2019-04-26,1387884.0,4001546.0,Friday,49.08249429658827,49.10645012456117,48.41656321657909,48.93877029418945,74596400.0
AAPL,2019-04-29,1084552.0,3760627.0,Monday,48.96271379399391,49.33879902670251,48.83336184923314,49.01301956176758,88818800.0
AAPL,2019-04-30,1321619.0,13002876.0,Tuesday,48.6417267862296,48.72317073961693,47.695530220323526,48.069217681884766,186139600.0
AAPL,2019-05-01,4314722.0,7939769.0,Wednesday,50.27541841873172,51.57613857993993,50.11971286557231,50.42872619628906,259309200.0
AAPL,2019-05-02,1973355.0,3909329.0,Thursday,50.26583730415948,50.93895435796423,49.856219720417,50.10055160522461,127985200.0
AAPL,2019-05-03,1321046.0,5202892.0,Friday,50.51736190623424,50.74492765038077,50.35926221466652,50.72336959838867,83569600.0
AAPL,2019-05-06,3283398.0,4678405.0,Monday,48.93635622070355,50.02628023785424,48.74711840126707,49.94004440307617,129772400.0
AAPL,2019-05-07,1292880.0,7079129.0,Tuesday,49.31723367392087,49.68612918075608,48.10753785766462,48.59381103515625,155054800.0
AAPL,2019-05-08,1527695.0,5446289.0,Wednesday,48.36385755349484,49.18788822753808,48.32792747096506,48.60340118408203,105358000.0
AAPL,2019-05-09,2237758.0,3145499.0,Thursday,48.00454011821773,48.31115566025096,47.10864931624228,48.08119583129883,139634400.0
AAPL,2019-05-10,1578041.0,5959911.0,Friday,47.47281327802477,47.81668168190276,46.354647468891045,47.41510009765625,164834800.0
AAPL,2019-05-13,4880232.0,9976444.0,Monday,45.137891635823976,45.56351397580666,43.96922628473015,44.65936279296875,229722400.0
AAPL,2019-05-14,2220559.0,7366784.0,Tuesday,44.82529184863322,45.61642379613462,44.58482572037819,45.36634063720703,146118800.0
AAPL,2019-05-15,1284407.0,4201062.0,Wednesday,44.79162407678541,46.10937735396515,44.73150754829263,45.9097900390625,106178800.0
AAPL,2019-05-16,1558670.0,6856242.0,Thursday,45.66691920631592,46.282511852423546,45.40961871090756,45.70779800415039,132125600.0
AAPL,2019-05-17,2477700.0,6063087.0,Friday,44.950326820447415,45.9049775417883,44.9094480232914,45.44809341430664,131516400.0
AAPL,2019-05-20,2610735.0,7100733.0,Monday,44.13034937515096,44.32993672221793,43.35123771940764,44.026947021484375,154449200.0
AAPL,2019-05-21,1583358.0,7138973.0,Tuesday,44.53914246341603,45.20763809489854,44.41409903279254,44.87098693847656,113459200.0
AAPL,2019-05-22,1039377.0,4929179.0,Wednesday,44.40448157296069,44.65697177245535,43.89709783331378,43.9524040222168,118994400.0
AAPL,2019-05-23,2718554.0,8920052.0,Thursday,43.23581355098918,43.41375614976533,42.757284602115256,43.2021484375,146118800.0
AAPL,2019-05-24,1091568.0,3460671.0,Friday,43.33198516040847,43.79848992414782,42.95204832879829,43.03621292114258,94858800.0
AAPL,2019-05-28,1143124.0,9005231.0,Tuesday,43.02419858026453,43.42577656810654,42.78132911529811,42.8582763671875,111792800.0
AAPL,2019-05-29,1417498.0,3417929.0,Wednesday,42.42303577991815,43.12760347481568,42.32204044189754,42.65388488769531,113924800.0
AAPL,2019-05-30,957075.0,2207323.0,Thursday,42.79093459353814,43.09873085644357,42.48313833063271,42.875099182128906,84873600.0
AAPL,2019-05-31,1263932.0,6354868.0,Friday,42.377337991615725,42.80056065810064,42.07916238847009,42.0984001159668,108174400.0
AAPL,2019-06-03,1435540.0,6118647.0,Monday,42.22585575514875,42.78373529332015,40.944170785501775,41.67278289794922,161584400.0
AAPL,2019-06-04,1320854.0,5447256.0,Tuesday,42.18738475546183,43.24303107756671,41.96615632302049,43.19734191894531,123872000.0
AAPL,2019-06-05,2433086.0,5040904.0,Wednesday,44.31310005778889,44.48383263192451,43.55803652372878,43.89468765258789,119093600.0
AAPL,2019-06-06,774514.0,5140310.0,Thursday,44.02453762991812,44.59925150916613,43.80090223062752,44.53913497924805,90105200.0
AAPL,2019-06-07,1104516.0,4990663.0,Friday,44.84932823041656,46.15025063198151,44.67138567566746,45.72462463378906,122737600.0
AAPL,2019-06-10,1523132.0,3412364.0,Monday,46.12380004462165,46.97985873625351,46.07811090053658,46.3089599609375,104883600.0
AAPL,2019-06-11,1142045.0,5316327.0,Tuesday,46.85722743928427,47.13135866433859,46.554241454504776,46.8452033996582,107731600.0
AAPL,2019-06-12,743615.0,2692031.0,Wednesday,46.63840421020281,47.12414681008803,46.50374376727745,46.69611740112305,73012800.0
AAPL,2019-06-13,751714.0,6406789.0,Thursday,46.81874618630091,47.32131942516959,46.554235693369584,46.68648910522461,86698400.0
AAPL,2019-06-14,1118342.0,4144174.0,Friday,46.06128734882138,46.55183663331729,45.760704690148856,46.347442626953125,75046000.0
AAPL,2019-06-17,666322.0,3184598.0,Monday,46.385903486558426,46.88126667345138,46.21036428264639,46.623966217041016,58676400.0
AAPL,2019-06-18,933878.0,4451045.0,Tuesday,47.14338372372743,48.162957727769786,46.941393062838486,47.72050094604492,106204000.0
AAPL,2019-06-19,974110.0,6097861.0,Wednesday,48.01626335721362,48.06435950685173,47.44635994236846,47.58102035522461,84496800.0
AAPL,2019-06-20,1199208.0,5649454.0,Thursday,48.18220414173809,48.23991734206036,47.6195141981803,47.96338272094727,86056000.0
AAPL,2019-06-21,9420478.0,38225482.0,Friday,47.80466844335108,48.29762475468286,47.64836325383406,47.79985809326172,191202400.0
AAPL,2019-06-24,821164.0,6809851.0,Monday,47.742141690604704,48.131699298772126,47.65317040065336,47.75176239013672,72881600.0
AAPL,2019-06-25,564483.0,4791236.0,Tuesday,47.71569132459254,47.91527864823954,46.9606278404111,47.02796173095703,84281200.0
AAPL,2019-06-26,846534.0,5584955.0,Wednesday,47.55697442370645,48.331275442006046,47.455979117304885,48.04512023925781,104270000.0
AAPL,2019-06-27,984730.0,6741381.0,Thursday,48.16295027952624,48.470750242280026,47.98981807498277,48.03069686889648,83598800.0
AAPL,2019-06-28,946441.0,19364875.0,Friday,47.775797173850414,47.97298111308519,47.38383997361081,47.59304428100586,124442400.0
AAPL,2019-07-01,2128672.0,4403599.0,Monday,48.8554924388244,49.17290942178827,48.24951689721592,48.465938568115234,109012000.0
AAPL,2019-07-02,640907.0,1742604.0,Tuesday,48.43228145808535,48.84588347245747,48.42025741840279,48.74969482421875,67740800.0
AAPL,2019-07-03,628352.0,5737.0,Wednesday,48.881954806612185,49.16089639913108,48.74008066996311,49.15368270874024,45448000.0
AAPL,2019-07-05,958340.0,3608550.0,Friday,48.898782040275336,49.31478735855635,48.790569361806654,49.110389709472656,69062000.0
AAPL,2019-07-08,1352020.0,4523095.0,Monday,48.28798903432406,48.42986312944247,47.71087195666429,48.0980224609375,101354400.0
AAPL,2019-07-09,1468807.0,3780481.0,Tuesday,47.9008464837811,48.45632258883776,47.80706485135882,48.39139938354492,82312000.0
AAPL,2019-07-10,1028028.0,3374304.0,Wednesday,48.538085716282815,48.99015950750072,48.468348489697576,48.86992645263672,71588400.0
AAPL,2019-07-11,836240.0,5577898.0,Thursday,48.88916847769799,49.14887233933144,48.5044248698581,48.514041900634766,80767200.0
AAPL,2019-07-12,677695.0,3523267.0,Friday,48.68236685000333,49.05509008201993,48.62225031804008,48.88676452636719,70380800.0
AAPL,2019-07-15,787522.0,3837332.0,Monday,49.07672573392334,49.50475510070153,49.05508466541941,49.34605026245117,67789600.0
AAPL,2019-07-16,913256.0,3223886.0,Tuesday,49.19696455737143,49.56247410162017,48.93485735681063,49.175323486328125,67467200.0
AAPL,2019-07-17,784231.0,3720290.0,Wednesday,49.067114007407184,49.317197165331336,48.87955072165859,48.89878845214844,56430000.0
AAPL,2019-07-18,898444.0,4254852.0,Thursday,49.0550833668815,49.50716079951146,48.98294280455651,49.45425796508789,74162400.0
AAPL,2019-07-19,2399643.0,4087539.0,Friday,49.48552096706686,49.656253525850616,48.66072394091478,48.71603012084961,83717200.0
AAPL,2019-07-22,1157850.0,5190365.0,Monday,48.970914391931,49.83178337521537,48.96129736344998,49.82938003540039,89111600.0
AAPL,2019-07-23,1166515.0,2895197.0,Tuesday,50.12756991734035,50.23577893949856,49.84622132281841,50.21894454956055,73420800.0
AAPL,2019-07-24,762508.0,3219978.0,Wednesday,49.93760392320834,50.29349279064966,49.81737085063283,50.178070068359375,59966400.0
AAPL,2019-07-25,729048.0,3445127.0,Thursday,50.23096623384895,50.315130841148026,49.711558548783,49.78129577636719,55638400.0
AAPL,2019-07-26,631809.0,3740527.0,Friday,49.89190609129754,50.43295482378756,49.810148496778886,49.95442962646485,70475600.0
AAPL,2019-07-29,838062.0,4108085.0,Monday,50.127567487848594,50.651781852516805,50.12275713821061,50.42093276977539,86693600.0
AAPL,2019-07-30,1162754.0,10523097.0,Tuesday,50.199703200280354,50.53635795177346,49.8510280788088,50.20451354980469,135742800.0
AAPL,2019-07-31,4866982.0,7463922.0,Wednesday,52.04166594857817,53.23197225024353,50.81048085569678,51.22888946533203,277125600.0
AAPL,2019-08-01,1820002.0,4037426.0,Thursday,51.43569589333076,52.42882203289072,49.71396145377212,50.12034606933594,216071600.0
AAPL,2019-08-02,2744298.0,6363875.0,Friday,49.423004736320536,49.63942279145988,48.485188271753984,49.05990219116211,163448400.0
AAPL,2019-08-05,2725232.0,11330566.0,Monday,47.609884034070426,47.76858887004254,46.30896156409344,46.49171447753906,209572000.0
AAPL,2019-08-06,2869140.0,4818904.0,Tuesday,47.205900158800496,47.62912284897352,46.66004107684591,47.37182235717773,143299200.0
AAPL,2019-08-07,1530599.0,6896912.0,Wednesday,46.9894876050677,47.98742058242515,46.60714733685603,47.86237716674805,133457600.0
AAPL,2019-08-08,1382797.0,6055838.0,Thursday,48.14131384354654,48.94206641943112,47.946536884130055,48.91801834106445,108038000.0
AAPL,2019-08-09,875957.0,4813735.0,Friday,48.589746417288495,48.94215880426404,48.1045707425376,48.51491928100586,98478800.0
AAPL,2019-08-12,865255.0,4354644.0,Monday,48.1842284363325,48.77078319179525,48.07077964995006,48.39181518554688,89927600.0
AAPL,2019-08-13,860780.0,6303649.0,Tuesday,48.522163128006966,51.20630503224994,48.39181598767111,50.44113159179688,188874000.0
AAPL,2019-08-14,2106896.0,7590292.0,Wednesday,49.0387057984706,49.83043100155141,48.90111758734896,48.93973922729492,146189600.0
AAPL,2019-08-15,1762981.0,4194911.0,Thursday,49.11113069191211,49.5166469464052,48.19629928116274,48.69595718383789,108909600.0
AAPL,2019-08-16,2657444.0,5769556.0,Friday,49.30905396929552,50.00422881287805,49.20284629228568,49.84491729736328,110481600.0
AAPL,2019-08-19,1735781.0,4318031.0,Monday,50.83940847564909,51.34871996268929,50.69699528831392,50.77423858642578,97654400.0
AAPL,2019-08-20,1004758.0,7239225.0,Tuesday,50.90216416490711,51.49837245736053,50.76699209074424,50.77664566040039,107537200.0
AAPL,2019-08-21,975453.0,4164819.0,Wednesday,51.41147260322705,51.57078043383245,51.0759549089862,51.32698822021485,86141600.0
AAPL,2019-08-22,849154.0,5323236.0,Thursday,51.45974498915605,51.7614696502556,50.87077786138375,51.283538818359375,89014800.0
AAPL,2019-08-23,1348134.0,8656670.0,Friday,50.55215964287231,51.18457709703032,48.517330103465945,48.91319274902344,187272000.0
AAPL,2019-08-26,1918594.0,4187803.0,Monday,49.69043218297926,50.011467671142654,49.49732765916848,49.84250259399414,104174400.0
AAPL,2019-08-27,1079996.0,10863192.0,Tuesday,50.17320243240788,50.33975507394486,49.1280275177332,49.28009796142578,103493200.0
AAPL,2019-08-28,902533.0,2616759.0,Wednesday,49.26561132852902,49.65664536777837,49.07733540717467,49.610782623291016,63755200.0
AAPL,2019-08-29,1200220.0,4038335.0,Thursday,50.3276766176956,50.52560977566885,49.883538772750256,50.45077896118164,83962000.0
AAPL,2019-08-30,1088899.0,7033972.0,Friday,50.72837130541788,50.79836981530883,50.01388559438315,50.38561248779297,84573600.0
AAPL,2019-09-03,1062036.0,3102841.0,Tuesday,49.82800437917883,49.96076393662644,49.29455736174597,49.651798248291016,80092000.0
AAPL,2019-09-04,944240.0,4274132.0,Wednesday,50.30113143476312,50.5642345069654,50.04285698937241,50.49423599243164,76752400.0
AAPL,2019-09-05,1379437.0,4918337.0,Thursday,51.17250244285144,51.64802080265734,51.05422504994603,51.4814682006836,95654800.0
AAPL,2019-09-06,995131.0,3328211.0,Friday,51.66733466797025,51.75664399416829,51.29560780159514,51.47664260864258,77449200.0
AAPL,2019-09-09,968490.0,5781033.0,Monday,51.85802832340247,52.24423742435234,50.94802925254775,51.69630432128906,109237600.0
AAPL,2019-09-10,757597.0,5947779.0,Tuesday,51.6214664352954,52.32629476709724,51.10250151690624,52.30698394775391,127111600.0
AAPL,2019-09-11,1624963.0,5512189.0,Wednesday,52.637686761033,53.999068478984455,52.55561484229116,53.97010040283203,177158400.0
AAPL,2019-09-12,2182407.0,6445142.0,Thursday,54.26217587434751,54.65320994361384,53.793898506717696,53.84941482543945,128906800.0
AAPL,2019-09-13,2438722.0,4310023.0,Friday,53.10354736328125,53.29423575367592,52.38423670755513,52.80182266235352,159053200.0
AAPL,2019-09-16,1254601.0,3673254.0,Monday,52.55560555694501,53.13491909652476,52.5145714464053,53.07939910888672,84632400.0
AAPL,2019-09-17,587426.0,3994894.0,Tuesday,53.09389567121951,53.30148242012604,52.8911338658212,53.27251434326172,73274800.0
AAPL,2019-09-18,917282.0,4301842.0,Wednesday,53.35940621834536,53.79147802752684,52.96837220728765,53.77216720581055,101360000.0
AAPL,2019-09-19,976483.0,3490374.0,Thursday,53.588711880171566,54.011126402538544,53.19284927510844,53.33526611328125,88242400.0
AAPL,2019-09-20,12231703.0,43948945.0,Friday,53.43664893268685,53.72147526283461,52.492853249204686,52.55561065673828,221652400.0
AAPL,2019-09-23,838810.0,4874729.0,Monday,52.85009486276398,53.06492269024206,52.53630045506858,52.794578552246094,76662000.0
AAPL,2019-09-24,1063362.0,6764041.0,Tuesday,53.35216457100263,53.70458061816006,52.42526723714453,52.54354095458984,124763200.0
AAPL,2019-09-25,973613.0,5011684.0,Wednesday,52.753552024265126,53.46562164360832,52.41320564812769,53.3521728515625,87613600.0
AAPL,2019-09-26,816814.0,4933769.0,Thursday,53.1035477708213,53.33044533696633,52.82113389056512,53.076995849609375,75334000.0
AAPL,2019-09-27,536102.0,3497792.0,Friday,53.233883887799145,53.33526661530435,52.44698729609294,52.8187141418457,101408000.0
AAPL,2019-09-30,1348756.0,5621990.0,Monday,53.32077964735439,54.20905894840177,53.294227730343565,54.06181716918945,103909600.0
AAPL,2019-10-01,1542823.0,4885624.0,Tuesday,54.32733647750223,55.08768113804096,54.11733361218703,54.21147155761719,139223200.0
AAPL,2019-10-02,1041513.0,6171299.0,Wednesday,53.84217102356307,53.96768953552069,52.60389162216772,52.852516174316406,138449200.0
AAPL,2019-10-03,786204.0,5194490.0,Thursday,52.72457818852778,53.33527235801911,51.928027942473314,53.30147933959961,114426000.0
AAPL,2019-10-04,2184067.0,4833413.0,Friday,54.46492706842939,54.911481082685206,54.04251250262735,54.79561614990234,138478800.0
AAPL,2019-10-07,880301.0,3323097.0,Monday,54.61699366730349,55.50044069816068,54.513198466013634,54.80768203735352,122306000.0
AAPL,2019-10-08,986351.0,5632852.0,Tuesday,54.50838908862601,55.04907749217713,54.14873185484969,54.165626525878906,111820000.0
AAPL,2019-10-09,1024230.0,3014463.0,Wednesday,54.80044174194336,54.98388901728139,54.464924052724605,54.80044174194336,74770400.0
AAPL,2019-10-10,968906.0,3295954.0,Thursday,55.01767760807332,55.62354306025497,54.8656108895864,55.539058685302734,113013600.0
AAPL,2019-10-11,1773476.0,5846773.0,Friday,56.22940378915748,57.36147524013312,56.07492091911326,57.01630401611328,166795600.0
AAPL,2019-10-14,1736096.0,3396466.0,Monday,56.70011118702087,57.47977056045112,56.64459486661708,56.93424987792969,96427600.0
AAPL,2019-10-15,921912.0,5362838.0,Tuesday,57.05975373321844,57.363890864446056,56.69527167001342,56.80147933959961,87360000.0
AAPL,2019-10-16,1674296.0,4210391.0,Wednesday,56.33078671158516,56.78216931364028,56.28975259924604,56.57216644287109,73903200.0
AAPL,2019-10-17,1043114.0,2764539.0,Thursday,56.74596922462551,57.00183119142603,56.36700490110861,56.79183197021485,67585200.0
AAPL,2019-10-18,3632164.0,5065175.0,Friday,56.62528130439812,57.3470081674151,56.55286663427938,57.06459426879883,97433600.0
AAPL,2019-10-21,1271089.0,5231787.0,Monday,57.33252940146165,58.17011757690164,57.28425417954752,58.05425262451172,87247200.0
AAPL,2019-10-22,1102768.0,4346096.0,Tuesday,58.21114086159737,58.46217417871,57.83941398742584,57.921485900878906,82293600.0
AAPL,2019-10-23,1366670.0,3433488.0,Wednesday,58.43804355936346,58.71321634874968,58.22562818399061,58.69873046875,75828800.0
AAPL,2019-10-24,1286884.0,3298870.0,Thursday,59.01977334585594,59.089775550159175,58.36804862498649,58.795291900634766,69275200.0
AAPL,2019-10-25,612979.0,4360797.0,Friday,58.69389853918105,59.55562229686441,58.6263125065456,59.51941680908203,73477200.0
AAPL,2019-10-28,1325898.0,3908011.0,Monday,59.72216953945817,60.16389486651577,59.55320447305527,60.11561965942383,96572800.0
AAPL,2019-10-29,990247.0,4517771.0,Tuesday,60.096323630873314,60.28459956308395,58.55149452474422,58.725284576416016,142839600.0
AAPL,2019-10-30,1257411.0,6758287.0,Wednesday,59.08010627656539,59.21045340411995,58.22321111070426,58.71803665161133,124522000.0
AAPL,2019-10-31,2071114.0,7258215.0,Thursday,59.67873301175698,60.1445941792604,57.26976036220758,60.04562759399414,139162000.0
AAPL,2019-11-01,1897477.0,6072429.0,Friday,60.23390285779305,61.77631935556102,60.14218105481074,61.74977111816406,151125200.0
AAPL,2019-11-04,2149592.0,3897424.0,Monday,62.11425470775672,62.23977690611116,61.643568562906125,62.15529251098633,103272000.0
AAPL,2019-11-05,1146544.0,3750787.0,Tuesday,62.04666449792139,62.32184096076288,61.87046198718232,62.06597900390625,79897600.0
AAPL,2019-11-06,828011.0,5716717.0,Wednesday,61.979084318745,62.152878057409616,61.641154095321134,62.092533111572266,75864400.0
AAPL,2019-11-07,1202426.0,2723235.0,Thursday,62.6420980475092,63.03189002300319,62.48957107398724,62.80915069580078,94940400.0
AAPL,2019-11-08,754969.0,3295833.0,Friday,62.62999041938071,63.05367313691728,62.1845191915551,62.98104476928711,69986400.0
AAPL,2019-11-11,755421.0,2700982.0,Monday,62.53557271034788,63.54515145691067,62.5307332814785,63.47978591918945,81821200.0
AAPL,2019-11-12,1200154.0,3631764.0,Tuesday,63.322412929352005,63.62262745720852,63.16989333939946,63.42167663574219,87388800.0
AAPL,2019-11-13,923398.0,3452055.0,Wednesday,63.220745079125614,64.1044249678981,63.2062194011633,64.02937316894531,102734400.0
AAPL,2019-11-14,1837174.0,3081165.0,Thursday,63.85505137408107,64.12863059624203,63.45558049246237,63.58631896972656,89182800.0
AAPL,2019-11-15,2971209.0,5239531.0,Friday,63.838093459620026,64.34651423338288,63.67588763125635,64.3416748046875,100206400.0
AAPL,2019-11-18,1352578.0,5723309.0,Monday,64.351351740566,64.74598312645759,63.97125341720809,64.66609191894531,86703200.0
AAPL,2019-11-19,868877.0,6464271.0,Tuesday,64.85977051891373,64.88398243780993,64.25209346872889,64.46998596191406,76167200.0
AAPL,2019-11-20,1128707.0,6755466.0,Wednesday,64.2884102171619,64.41914128522336,63.04398994297534,63.71946334838867,106234400.0
AAPL,2019-11-21,1547820.0,7742917.0,Thursday,63.84051431754964,63.91798950422475,63.23282986650498,63.433780670166016,121395200.0
AAPL,2019-11-22,946707.0,3684079.0,Friday,63.57418622584828,63.71702691887057,63.15050357438856,63.37808227539063,65325200.0
AAPL,2019-11-25,755732.0,10186711.0,Monday,63.60324635374478,64.50629844685929,63.5572459255858,64.48934936523438,84020400.0
AAPL,2019-11-26,919556.0,19253443.0,Tuesday,64.62735403967461,64.68061730726099,63.55240983088835,63.98577880859375,105207600.0
AAPL,2019-11-27,768993.0,3091083.0,Wednesday,64.29810971642397,64.87916642588914,64.23274416140848,64.84526824951172,65235600.0
AAPL,2019-11-29,929632.0,2388.0,Friday,64.54502621605309,64.88397085477082,64.37555020247474,64.702392578125,46617600.0
AAPL,2019-12-02,1613261.0,6084483.0,Monday,64.70724107297336,64.94450604754277,63.78240786954244,63.95429992675781,94487200.0
AAPL,2019-12-03,2955685.0,5042170.0,Tuesday,62.53799657121353,62.83336428008396,62.04894826799311,62.81399917602539,114430400.0
AAPL,2019-12-04,1305927.0,3537104.0,Wednesday,63.20620618501214,63.74851775139017,63.11178190955831,63.368412017822266,67181600.0
AAPL,2019-12-05,922845.0,5624859.0,Thursday,63.86473406321347,64.37315487896743,63.608103940788965,64.298095703125,74424400.0
AAPL,2019-12-06,1602460.0,5481934.0,Friday,64.75809983675708,65.61030482632285,64.71451542128803,65.54009246826172,106075600.0
AAPL,2019-12-09,1016515.0,6640310.0,Monday,65.36820658931325,65.56188720901588,64.13589572948331,64.62252807617188,128042400.0
AAPL,2019-12-10,1648701.0,2959789.0,Tuesday,65.02926497857332,65.38515886065719,64.36589367746889,65.00021362304688,90420400.0
AAPL,2019-12-11,1028971.0,4839462.0,Wednesday,65.08011133367123,65.6345327183375,65.00505952827083,65.55463409423828,78756800.0
AAPL,2019-12-12,1854920.0,5297775.0,Thursday,64.83070687566634,65.98796545038927,64.71934093599411,65.72164916992188,137310400.0
AAPL,2019-12-13,1885611.0,4669800.0,Friday,65.72167002503738,66.65135019950229,65.59335496579085,66.61503601074219,133587600.0
AAPL,2019-12-16,1513123.0,8351847.0,Monday,67.06291791833162,67.98049565103152,67.05807849023363,67.75533294677734,128186000.0
AAPL,2019-12-17,1489697.0,7404860.0,Tuesday,67.68513719395666,68.21776250630693,67.49871205445935,67.88850402832031,114158400.0
AAPL,2019-12-18,903412.0,9506602.0,Wednesday,67.74081351586915,68.24923427372028,67.5761842840897,67.72628784179688,116028400.0
AAPL,2019-12-19,786097.0,10369141.0,Thursday,67.66820622307084,68.0749400006666,67.53505170645266,67.79409790039062,98369200.0
AAPL,2019-12-20,13016369.0,57907624.0,Friday,68.32912166381229,68.43080136564308,67.44059534042411,67.65364837646484,275978000.0
AAPL,2019-12-23,1234253.0,9157211.0,Monday,67.917549686399,68.8181783850764,67.87881209427478,68.75765228271484,98572000.0
AAPL,2019-12-24,1253202.0,1587.0,Tuesday,68.92470804255196,68.97313188201366,68.49618587823406,68.8230209350586,48478800.0
AAPL,2019-12-26,665597.0,4387331.0,Thursday,68.95620372219958,70.20546379727104,68.92715236508394,70.18851470947266,93121200.0
AAPL,2019-12-27,1652170.0,6016193.0,Friday,70.4814295468407,71.17142854300083,69.75511636950155,70.16184997558594,146266000.0
AAPL,2019-12-30,1275107.0,4020834.0,Monday,70.07955822664286,70.86155832914824,69.05303763215029,70.57829284667969,144114400.0
AAPL,2019-12-31,1676353.0,6628678.0,Tuesday,70.19334992313655,71.10124172067859,70.0940861999922,71.09397888183594,100805600.0
AAPL,2020-01-02,1836872.0,5937107.0,Thursday,71.72101896406637,72.77659819422657,71.46681225027338,72.71607208251953,135480400.0
AAPL,2020-01-03,3182003.0,6055266.0,Friday,71.9413205610049,72.77173687491619,71.78395417961447,72.00910949707031,146322800.0
AAPL,2020-01-06,2909035.0,3353052.0,Monday,71.12786596061405,72.62164622763687,70.87607527260708,72.5829086303711,118387200.0
AAPL,2020-01-07,1732721.0,5002107.0,Tuesday,72.59259363206662,72.84922374466596,72.02123070618616,72.24154663085938,108872000.0
AAPL,2020-01-08,2076679.0,5542609.0,Wednesday,71.943758846659,73.70627893727402,71.943758846659,73.40364837646484,132079200.0
AAPL,2020-01-09,2503319.0,4802586.0,Thursday,74.3841659131879,75.15647966923257,74.13238261481911,74.96279907226562,170108400.0
AAPL,2020-01-10,2057597.0,3280609.0,Friday,75.19765137920673,75.69880941545972,74.6287043855216,75.13227844238281,140644800.0
AAPL,2020-01-13,1662340.0,4102294.0,Monday,75.44942165682815,76.76404682603398,75.3307854721379,76.73741149902344,121532000.0
AAPL,2020-01-14,2406549.0,5152263.0,Tuesday,76.67448226895164,76.88511195829709,75.57774940600967,75.70121765136719,161954400.0
AAPL,2020-01-15,1402952.0,3914887.0,Wednesday,75.5002456065532,76.38392503657866,74.94340114945155,75.37677001953125,121923600.0
AAPL,2020-01-16,1489206.0,5872093.0,Thursday,75.92152830847965,76.43237250443956,75.5583716587375,76.32099914550781,108829200.0
AAPL,2020-01-17,5147081.0,8132595.0,Friday,76.57038745969639,77.16838586948856,76.26291740491921,77.16596984863281,137816400.0
AAPL,2020-01-21,1547382.0,9028731.0,Tuesday,76.79311658809118,77.23616451241722,76.50501168087581,76.64301300048828,110843200.0
AAPL,2020-01-22,1119650.0,5021278.0,Wednesday,77.12964119289799,77.4710093927943,76.82217116630478,76.91659545898438,101832400.0
AAPL,2020-01-23,1003715.0,7563176.0,Thursday,76.96985393819801,77.3669014145498,76.42027207993955,77.2870101928711,104472000.0
AAPL,2020-01-24,1400655.0,4925356.0,Friday,77.53394558679635,78.2796239983564,76.87299781703734,77.06426239013672,146537600.0
AAPL,2020-01-27,3980272.0,6872350.0,Monday,75.06690438729518,75.48090092368226,73.81280512269632,74.79817199707031,161940000.0
AAPL,2020-01-28,1865721.0,11485352.0,Tuesday,75.68185845150586,77.08606141566885,75.5825947326495,76.91416931152344,162234000.0
AAPL,2020-01-29,3690680.0,5304108.0,Wednesday,78.55078999397739,79.37394362780475,77.80752757594179,78.52415466308594,216229200.0
AAPL,2020-01-30,1985163.0,3401131.0,Thursday,77.60416527632543,78.46363314950943,77.17079622640016,78.41036987304688,126743200.0
AAPL,2020-01-31,1713437.0,6560575.0,Friday,77.69856694811635,78.12224966790679,74.63837103116171,74.9337387084961,199588400.0
AAPL,2020-02-03,4192198.0,4266011.0,Monday,73.67239450309971,75.89733539205027,73.16882040694378,74.72797393798828,173788400.0
AAPL,2020-02-04,1945349.0,4938290.0,Tuesday,76.33794793595989,77.38626426505087,75.93121426303615,77.19499969482422,136616400.0
AAPL,2020-02-05,2148208.0,3906023.0,Wednesday,78.32562106551018,78.62583557722229,77.21920945636545,77.82447052001953,118826800.0
AAPL,2020-02-06,1164827.0,4956774.0,Thursday,78.09562750675829,78.73720276650342,77.53636686633509,78.73477935791016,105425600.0
AAPL,2020-02-07,1628880.0,3593700.0,Friday,78.23244174012544,78.48240085764334,77.1719355094332,77.6645736694336,117684000.0
AAPL,2020-02-10,2329053.0,5875778.0,Monday,76.24488144952362,78.0334243774414,76.16480064339702,78.0334243774414,109348800.0
AAPL,2020-02-11,1383064.0,3425555.0,Tuesday,78.53095482016886,78.60375558460609,77.34425051799536,77.56266021728516,94323200.0
AAPL,2020-02-12,1252437.0,6155545.0,Wednesday,78.01401820106558,79.409422447038,78.01401820106558,79.40457153320312,113730400.0
AAPL,2020-02-13,2104558.0,4004831.0,Thursday,78.67412186901794,79.16676004463604,78.47027235558737,78.83914184570312,94747600.0
AAPL,2020-02-14,880012.0,4467162.0,Friday,78.80759072301922,79.10851777495836,78.34893117896286,78.85855865478516,80113600.0
AAPL,2020-02-18,5228697.0,5317041.0,Tuesday,76.53127166279081,77.59663638650063,76.34926235148549,77.41462707519531,152531200.0
AAPL,2020-02-19,1550825.0,6001503.0,Wednesday,77.65728500864738,78.76632988761132,77.65728500864738,78.53578186035156,93984000.0
AAPL,2020-02-20,863002.0,4845828.0,Thursday,78.29552586031969,78.78573476731503,77.222881436687,77.7300796508789,100566000.0
AAPL,2020-02-21,2604417.0,6003566.0,Friday,77.32238890983989,77.76649566805042,75.35183643347615,75.97066497802734,129554000.0
AAPL,2020-02-24,8108442.0,10525545.0,Monday,72.13877707909086,73.8181119648714,70.19006459555902,72.3620376586914,222195200.0
AAPL,2020-02-25,2256280.0,8094924.0,Tuesday,73.03425000192122,73.4176795737371,69.43774534651452,69.91096496582031,230673600.0
AAPL,2020-02-26,3808006.0,5625260.0,Wednesday,69.53480258277888,72.28921027859994,69.52752251016861,71.0199966430664,198054800.0
AAPL,2020-02-27,4290261.0,12936270.0,Thursday,68.21707461192374,69.40620033933959,66.24166381662789,66.3775634765625,320605600.0
AAPL,2020-02-28,8904311.0,16960265.0,Friday,62.43161094700909,67.56427105877654,62.21562305087625,66.33873748779297,426510000.0
ABBV,2019-01-02,6068.0,1813387.0,Wednesday,69.03933681256197,69.05447361370682,66.90550391799106,67.51841735839844,6908400.0
ABBV,2019-01-03,26265.0,3595305.0,Thursday,67.07196264969767,67.19303394620839,65.13486808950333,65.29376983642578,7653200.0
ABBV,2019-01-04,1638.0,4053329.0,Friday,66.39853121520486,67.45031375495059,65.27864461584346,67.39734649658203,8910600.0
ABBV,2019-01-07,75897.0,3494431.0,Monday,68.1540290027375,68.67613899011283,67.49571666095984,68.38103485107422,7281500.0
ABBV,2019-01-08,75628.0,2181035.0,Tuesday,69.0090724433201,69.84142335807599,68.40373314613214,68.69883728027344,7478300.0
ABBV,2019-01-09,65310.0,1891581.0,Wednesday,68.76694204198624,69.15284970487552,66.17910288072663,66.44393920898438,9971900.0
ABBV,2019-01-10,541.0,2000057.0,Thursday,66.49689208679082,67.25357044551943,65.92182069071545,66.73902893066406,6527700.0
ABBV,2019-01-11,64296.0,1184802.0,Friday,66.23962581483352,66.822265625,66.23962581483352,66.822265625,5318100.0
ABBV,2019-01-14,100275.0,2374140.0,Monday,66.61546016090952,66.61546016090952,64.71587912717482,64.92269134521484,6368500.0
ABBV,2019-01-15,1512.0,1416258.0,Tuesday,65.05290550718966,65.62737482256796,64.68524257407377,65.489501953125,7295500.0
ABBV,2019-01-16,12470.0,2180956.0,Wednesday,65.61205747982466,66.17120433468881,65.45120093076642,65.52780151367188,4927000.0
ABBV,2019-01-17,61261.0,2528495.0,Thursday,65.52014449260028,67.16695778611435,65.42822729349564,66.79163360595703,6438700.0
ABBV,2019-01-18,5216.0,1442505.0,Friday,67.74907019236203,68.77545827568518,66.57715387501644,68.55332946777344,6190000.0
ABBV,2019-01-22,81194.0,1475717.0,Tuesday,68.06310918318786,68.44608863803641,67.32778933113498,67.90991973876953,5664600.0
ABBV,2019-01-23,1290.0,1675722.0,Wednesday,68.04780041058505,68.38482426861299,67.17460754551624,67.74907684326172,4969300.0
ABBV,2019-01-24,773.0,2089201.0,Thursday,67.65717444434695,67.74143041999807,65.18312377021856,65.78057098388672,8372600.0
ABBV,2019-01-25,745797.0,3258386.0,Friday,63.19929001335551,63.27588475827428,60.8401344695088,61.69034957885742,21308600.0
ABBV,2019-01-28,64543.0,2239482.0,Monday,61.27672191994101,61.35331665358021,58.7337381940156,59.08607864379883,14718800.0
ABBV,2019-01-29,56992.0,1758003.0,Tuesday,59.00182047137632,59.86735787607638,58.036710501059126,59.338844299316406,13909000.0
ABBV,2019-01-30,6429.0,1740863.0,Wednesday,59.50738306482398,60.65632207617949,58.963552634039104,60.55674362182617,9277200.0
ABBV,2019-01-31,121694.0,5892547.0,Thursday,60.47247488095804,62.2801390119914,60.28864631415264,61.49886322021485,11563900.0
ABBV,2019-02-01,46175.0,1300346.0,Friday,61.4682049366258,61.83586779910881,60.59501221250694,61.65969467163086,6759500.0
ABBV,2019-02-04,90509.0,2090006.0,Monday,61.50649968078562,61.55245534303032,59.37712911054358,60.15074920654297,10205600.0
ABBV,2019-02-05,2876.0,3433696.0,Tuesday,60.17374621234218,61.32268488499415,59.91332291823379,61.039283752441406,7965500.0
ABBV,2019-02-06,87071.0,1871377.0,Wednesday,60.97035203515048,61.19248090762736,60.349926944173504,60.57205581665039,4907200.0
ABBV,2019-02-07,6994.0,1706935.0,Thursday,60.01287844590541,60.67926479044984,59.59925994002983,60.64096450805664,5877500.0
ABBV,2019-02-08,7193.0,1938930.0,Friday,60.53372783661024,61.16947509361405,60.42649406359783,61.02394104003906,4598900.0
ABBV,2019-02-11,4962.0,2502942.0,Monday,61.1924802574421,61.41460912755881,60.64098869629785,61.100563049316406,4803500.0
ABBV,2019-02-12,5837.0,2201593.0,Tuesday,61.26906587428338,61.36864429585783,60.18140537074586,61.22311019897461,6620100.0
ABBV,2019-02-13,73682.0,1074604.0,Wednesday,61.537147045290176,62.28778948279871,61.49885259921352,61.881832122802734,4237200.0
ABBV,2019-02-14,1866.0,1011826.0,Thursday,61.62140141238486,61.79757455994781,61.06225459495303,61.67501831054688,3436300.0
ABBV,2019-02-15,5280.0,1449026.0,Friday,62.1422630347282,62.57885951155095,61.39928757640524,61.92779541015625,6295400.0
ABBV,2019-02-19,195722.0,1195781.0,Tuesday,61.65970170127356,62.44097733789189,61.452895335164,61.67501831054688,5674700.0
ABBV,2019-02-20,3655.0,1623065.0,Wednesday,61.68266526375898,61.73628214951408,60.61798292962046,61.26904678344727,5564100.0
ABBV,2019-02-21,1444.0,1332356.0,Thursday,61.07757658464723,61.2077940720577,59.82140413664747,60.319278717041016,6360800.0
ABBV,2019-02-22,102912.0,1256127.0,Friday,60.63331858560232,61.42225543803683,59.928631848731406,61.29203796386719,5022700.0
ABBV,2019-02-25,96157.0,1951348.0,Monday,61.62907487821014,61.75163115195026,61.184817151609366,61.49886322021485,5511800.0
ABBV,2019-02-26,2849.0,1584733.0,Tuesday,61.429903343605815,61.93543903827636,61.29203050358684,61.66735458374024,4283100.0
ABBV,2019-02-27,53479.0,1406055.0,Wednesday,61.38394530413393,61.38394530413393,60.35756319109086,60.824798583984375,4175500.0
ABBV,2019-02-28,82384.0,2841963.0,Thursday,60.86309579219719,61.05458552443182,60.3192656539072,60.694583892822266,6310800.0
ABBV,2019-03-01,4147.0,1776295.0,Friday,61.10056077475173,61.92779808567288,60.72524241553564,61.353328704833984,8567900.0
ABBV,2019-03-04,71655.0,2176369.0,Monday,61.58310915522757,61.83587704574464,60.59502127359123,60.86310577392578,5872500.0
ABBV,2019-03-05,9264.0,2485206.0,Tuesday,60.80183702787743,61.200139070229895,60.296307012651255,60.44184112548828,5933100.0
ABBV,2019-03-06,3322.0,996744.0,Wednesday,60.61034562575996,60.61034562575996,59.4077899902418,59.81374740600586,5293200.0
ABBV,2019-03-07,58567.0,2651341.0,Thursday,59.56863295379767,60.60268234992656,59.315870907712025,59.92863464355469,6642500.0
ABBV,2019-03-08,150086.0,2362357.0,Friday,59.49203684063762,59.7754437873317,59.04777919786432,59.42310333251953,6189100.0
ABBV,2019-03-11,85305.0,4153846.0,Monday,59.41543913992227,59.98224716121204,59.18564910339225,59.80607986450195,8078100.0
ABBV,2019-03-12,63599.0,1697559.0,Tuesday,60.112458435069634,60.6179882819969,59.78309586669173,60.31160354614258,6128800.0
ABBV,2019-03-13,55427.0,2346099.0,Wednesday,60.44948827866575,60.74055646470695,59.85970236724171,60.457149505615234,5984500.0
ABBV,2019-03-14,648.0,1957480.0,Thursday,60.51075234135105,61.58309595666715,60.05883940104214,61.23841094970703,6161800.0
ABBV,2019-03-15,2874.0,9325189.0,Friday,61.322681536546,62.39502540789471,60.59502275445436,62.30310821533203,12751100.0
ABBV,2019-03-18,98010.0,2057427.0,Monday,62.30311262151475,62.61715866879413,61.49119781643831,61.77460479736328,5550100.0
ABBV,2019-03-19,175870.0,2761011.0,Tuesday,61.52950113389839,62.26482123112472,60.901414852279785,61.90481948852539,6335500.0
ABBV,2019-03-20,5459.0,2662060.0,Wednesday,61.82821172864296,61.9737458093983,61.32267598105291,61.606082916259766,5360900.0
ABBV,2019-03-21,89011.0,1350512.0,Thursday,61.18480060960574,62.28012217385519,60.709909786766815,62.226505279541016,5159200.0
ABBV,2019-03-22,94364.0,1839236.0,Friday,61.8741595776532,62.800969153944784,61.0392671739783,61.0928840637207,4992500.0
ABBV,2019-03-25,12602.0,989501.0,Monday,60.89373266510164,61.30735117313978,60.05884026754879,60.90139389038086,4008400.0
ABBV,2019-03-26,3429.0,1256719.0,Tuesday,61.16183818506451,62.18822650542247,61.123543733079416,61.858863830566406,4921900.0
ABBV,2019-03-27,1736.0,1009262.0,Wednesday,62.04267786306664,62.04267786306664,61.12352941743142,61.19246292114258,4006200.0
ABBV,2019-03-28,3231.0,977344.0,Thursday,61.529500743051365,61.65205116990829,60.893753237554975,61.24609375,3071000.0
ABBV,2019-03-29,3073.0,3267167.0,Friday,61.33801415483987,61.96610046525485,61.24609694704562,61.7286491394043,7105900.0
ABBV,2019-04-01,6527.0,1246639.0,Monday,62.02735988138194,62.126932443583584,61.25373968642096,61.87416458129883,4759400.0
ABBV,2019-04-02,5528.0,1422310.0,Tuesday,61.95841745717371,63.94990950888739,61.88948395841344,63.62820816040039,6355800.0
ABBV,2019-04-03,128901.0,2624035.0,Wednesday,64.04950578540239,64.89972090354789,63.41375829277025,63.635887145996094,6083500.0
ABBV,2019-04-04,90940.0,1990776.0,Thursday,63.60523885335272,63.86566211975896,62.86225765572933,63.4290657043457,4827900.0
ABBV,2019-04-05,63858.0,1299261.0,Friday,63.436728903441455,64.47843368906437,63.321833876064666,63.919281005859375,3996300.0
ABBV,2019-04-08,76160.0,1197549.0,Monday,64.11076005045562,64.34055006678673,63.406079237951126,64.32523345947266,3499200.0
ABBV,2019-04-09,4956.0,1146235.0,Tuesday,64.16438956833723,64.17205079540331,63.191624107889545,63.337158203125,3712700.0
ABBV,2019-04-10,615.0,1307253.0,Wednesday,63.72780572585149,63.86567862127926,63.26823135569396,63.53631591796875,3641900.0
ABBV,2019-04-11,7271.0,1747831.0,Thursday,63.72779085652085,63.76609114668302,62.21885643127442,62.632469177246094,9094200.0
ABBV,2019-04-12,14987.0,1702658.0,Friday,62.60918027248095,63.49395068176669,61.965003559371794,62.69455337524414,5011500.0
ABBV,2019-04-15,6624.0,1538792.0,Monday,62.83424490115507,63.26111035127043,62.376340074017854,62.88857269287109,3495500.0
ABBV,2019-04-16,84367.0,957409.0,Tuesday,62.9506789600181,63.09814268336393,62.104710654095584,62.252174377441406,3624700.0
ABBV,2019-04-17,132918.0,1530592.0,Wednesday,62.16680220915004,62.244412514772094,60.18771276999714,60.52144241333008,6817100.0
ABBV,2019-04-18,8421.0,1221039.0,Thursday,60.583530288653584,60.69994871384772,59.61338661418098,60.2032356262207,7784900.0
ABBV,2019-04-22,86083.0,909316.0,Monday,60.22650820331474,61.39068042085802,60.14889790640241,60.65337371826172,5358600.0
ABBV,2019-04-23,1536.0,1933276.0,Tuesday,60.65336275148937,61.82529756321144,60.34291569868607,61.0491828918457,9920600.0
ABBV,2019-04-24,98779.0,1820192.0,Wednesday,61.49158945351955,61.77098538502586,60.87845793884998,61.05696105957031,7056400.0
ABBV,2019-04-25,295390.0,1350404.0,Thursday,62.12800838038973,62.45397526065469,59.69100774382057,61.576961517333984,10442900.0
ABBV,2019-04-26,83507.0,1358902.0,Friday,61.833078887221966,62.593674171164594,61.62353044849089,61.85636138916016,5790000.0
ABBV,2019-04-29,6710.0,2692723.0,Monday,62.44619677465292,62.8497797909498,62.019337182795375,62.322021484375,6444500.0
ABBV,2019-04-30,5596.0,8942078.0,Tuesday,62.61694972447405,62.62471253135446,61.06471994044771,61.615760803222656,9367400.0
ABBV,2019-05-01,12363.0,2377592.0,Wednesday,61.778736256834776,61.84082686130129,61.01038427074106,61.22769546508789,5231700.0
ABBV,2019-05-02,687.0,2203188.0,Thursday,61.10352491796604,61.14232710780349,60.22651134537261,60.9017333984375,5206300.0
ABBV,2019-05-03,60663.0,1658106.0,Friday,61.095775503496135,61.15786612638984,60.73100049560532,61.0880126953125,4527300.0
ABBV,2019-05-06,13860.0,2187161.0,Monday,60.34294199687027,61.71666295850643,60.02473200071374,61.51487731933594,5413200.0
ABBV,2019-05-07,90604.0,1508470.0,Tuesday,61.00262955244563,61.305313887741605,59.8927850159315,60.49815368652344,4275300.0
ABBV,2019-05-08,726.0,1739321.0,Wednesday,60.49816001267012,61.22770998494602,60.00920970943753,60.529205322265625,3820700.0
ABBV,2019-05-09,101279.0,1028378.0,Thursday,60.15667394703333,60.63786144652338,59.55130520813462,60.46712112426758,3792200.0
ABBV,2019-05-10,66827.0,1108051.0,Friday,60.1100959777832,60.32741312128268,58.68981022652501,60.1100959777832,4731800.0
ABBV,2019-05-13,87041.0,1294887.0,Monday,59.21756881803757,59.99368371252673,59.11667009213047,59.65995407104492,3858400.0
ABBV,2019-05-14,13219.0,1978312.0,Tuesday,59.88502996722384,61.59248041979531,59.76084873801804,60.878456115722656,6365200.0
ABBV,2019-05-15,12580.0,1076799.0,Wednesday,60.932777952836375,61.429490978416624,60.13338061233336,61.14232635498047,4795700.0
ABBV,2019-05-16,96174.0,1224895.0,Thursday,61.29754143178613,62.67126184139612,61.08798714748031,61.70111846923828,5404700.0
ABBV,2019-05-17,250003.0,1037541.0,Friday,60.94830262223097,62.15128309507445,60.5524823622012,61.67008972167969,4756400.0
ABBV,2019-05-20,5295.0,847626.0,Monday,61.32859154343706,62.39187099709278,61.243224359327584,61.949485778808594,4395500.0
ABBV,2019-05-21,4086.0,1438736.0,Tuesday,62.34530001173636,63.25335285866009,62.33753720618634,62.772159576416016,4841900.0
ABBV,2019-05-22,3372.0,873374.0,Wednesday,62.48501584467007,63.44739671796692,61.99605963997208,63.32321548461914,4219500.0
ABBV,2019-05-23,5241.0,1022109.0,Thursday,62.39187481780528,63.35425561240715,62.33754701297984,62.98172378540039,3299100.0
ABBV,2019-05-24,4503.0,1021930.0,Friday,62.935162579184535,62.94292538715385,61.98830725199182,62.1357650756836,3872700.0
ABBV,2019-05-28,86065.0,3879931.0,Tuesday,62.089192834880855,62.16680314166708,60.47487240006511,60.560245513916016,6557800.0
ABBV,2019-05-29,21587.0,963860.0,Wednesday,60.20322818122687,60.75426900962875,59.838453257328894,60.58352279663086,4182200.0
ABBV,2019-05-30,224.0,1049685.0,Thursday,60.9405295549748,60.99485735239774,59.861730490943664,60.23426818847656,3533100.0
ABBV,2019-05-31,45380.0,1787730.0,Friday,60.00144968329706,60.2032412443789,59.29518810144205,59.53578186035156,4003200.0
ABBV,2019-06-03,3437.0,1913423.0,Monday,59.473690725731295,59.636674166293226,57.28504664759058,58.75190353393555,8434400.0
ABBV,2019-06-04,6266.0,2411878.0,Tuesday,59.093391461664176,60.10234325907287,58.90712553275186,59.56682205200195,6447100.0
ABBV,2019-06-05,4377.0,1914634.0,Wednesday,60.07906380490382,60.668906929920006,59.49697756640732,59.80741882324219,3804400.0
ABBV,2019-06-06,70964.0,1673960.0,Thursday,59.885031340832725,60.31965381044835,59.65219449137461,59.81517791748047,4032800.0
ABBV,2019-06-07,879.0,2350484.0,Friday,60.14113515384373,60.83187686316453,59.82293115983418,60.09457015991211,4829100.0
ABBV,2019-06-10,65995.0,919201.0,Monday,60.11786235990269,60.34293640237596,59.45040303981975,59.72204208374024,3969400.0
ABBV,2019-06-11,62899.0,1242291.0,Tuesday,60.14113739251642,61.23546216093301,60.14113739251642,60.66889572143555,4210200.0
ABBV,2019-06-12,72344.0,2580601.0,Wednesday,60.73098689961971,61.50710174817715,60.67665909707215,60.97934341430664,4165700.0
ABBV,2019-06-13,35132.0,1145955.0,Thursday,61.258749411340325,61.468297829376034,60.7697991550658,61.27426910400391,2924900.0
ABBV,2019-06-14,70268.0,1229897.0,Friday,61.27426484508212,61.57694916192136,60.69994151585976,61.07247924804688,4075900.0
ABBV,2019-06-17,57514.0,1484899.0,Monday,60.847421735973874,61.35189770796892,60.847421735973874,61.04145050048828,3083200.0
ABBV,2019-06-18,4364.0,1292355.0,Tuesday,61.21993008616362,61.46828657230541,59.7685992757949,60.7309799194336,5433500.0
ABBV,2019-06-19,1097.0,3324599.0,Wednesday,60.84739957155593,60.90949017469239,59.98591169721657,60.23426818847656,6147300.0
ABBV,2019-06-20,84196.0,3681046.0,Thursday,60.72322435482883,61.44501140394886,60.59904905759348,60.80083465576172,5347000.0
ABBV,2019-06-21,1005351.0,8660839.0,Friday,60.65337613578669,61.37516317628398,59.31845765905739,61.14232635498047,10516900.0
ABBV,2019-06-24,81934.0,3984876.0,Monday,60.85517582282059,61.55367453793401,60.42054742612295,60.88621520996094,5182700.0
ABBV,2019-06-25,7163816.0,7978302.0,Tuesday,54.69282504282337,54.84804567443726,50.49404004711865,50.990753173828125,90131800.0
ABBV,2019-06-26,3092813.0,4528085.0,Wednesday,52.185961292802375,53.0940201750799,51.84447478241911,52.77581024169922,42093800.0
ABBV,2019-06-27,415607.0,1965017.0,Thursday,52.899985124583225,54.793701121127896,52.85341421229698,54.328033447265625,22129200.0
ABBV,2019-06-28,398120.0,6463420.0,Friday,54.77818638482293,56.454591346581815,54.58415767639378,56.43907165527344,21381500.0
ABBV,2019-07-01,141543.0,2377243.0,Monday,57.04444532795741,57.316084359547474,56.09758419959768,56.966835021972656,18010900.0
ABBV,2019-07-02,33997.0,2288049.0,Tuesday,56.81160818601162,57.6265311977265,56.12862920718328,57.61101150512695,12862200.0
ABBV,2019-07-03,488160.0,610.0,Wednesday,57.7041435790273,58.18533696493724,57.261758307942365,58.17757415771485,7434100.0
ABBV,2019-07-05,125492.0,2645640.0,Friday,57.93698188708367,58.04563750579055,56.35370668712847,56.64862823486328,10854900.0
ABBV,2019-07-08,165597.0,3839104.0,Monday,56.283852012784784,56.65638978385311,55.01102400367242,55.27490615844727,13487400.0
ABBV,2019-07-09,170683.0,4372870.0,Tuesday,55.24386697025931,56.2295304333309,55.01879290549451,55.29043197631836,11832500.0
ABBV,2019-07-10,729835.0,2062457.0,Wednesday,55.55429951948877,55.67847481001683,55.07310620563808,55.60862731933594,9170400.0
ABBV,2019-07-11,401079.0,1173658.0,Thursday,56.113117918183285,56.19072823537758,54.21163257984102,55.29043197631836,13001000.0
ABBV,2019-07-12,206493.0,4082315.0,Friday,55.39285662652633,55.39285662652633,54.00606371383162,55.37709426879883,12903000.0
ABBV,2019-07-15,14875.0,2849948.0,Monday,55.40074325873943,55.9601868422786,54.92009344540956,55.36922454833984,10253300.0
ABBV,2019-07-16,121675.0,2315518.0,Tuesday,55.27466295683357,55.39285659340689,54.47095103739749,54.49459457397461,10141600.0
ABBV,2019-07-17,98125.0,3870963.0,Wednesday,54.62854482530076,55.04615713321224,53.82483290191276,53.83271408081055,12205000.0
ABBV,2019-07-18,170356.0,1865153.0,Thursday,54.02970865649519,54.32912736706565,53.58057758485005,53.777565002441406,8573300.0
ABBV,2019-07-19,16638.0,2843750.0,Friday,53.690884331803495,54.22669029097305,53.65936562696078,54.00606536865234,9806900.0
ABBV,2019-07-22,11877.0,3573711.0,Monday,53.97454500198364,54.17153239250183,53.45449540545815,53.58057022094727,9961800.0
ABBV,2019-07-23,4276.0,1431237.0,Tuesday,53.58056828341561,53.92726800189556,53.265387267668174,53.36782455444336,8025300.0
ABBV,2019-07-24,43791.0,5303562.0,Wednesday,53.39934517059247,53.493901292823125,52.60352035190477,53.15508270263672,12595300.0
ABBV,2019-07-25,24553.0,3392665.0,Thursday,53.15507912400835,53.4781413445291,52.39864823182554,52.52472305297852,12403500.0
ABBV,2019-07-26,279180.0,1744772.0,Friday,53.29690431344326,54.47882857706765,53.084160591085045,53.39146041870117,12259300.0
ABBV,2019-07-29,169980.0,1667227.0,Monday,53.47815074248123,53.90364432127888,52.69807617556251,52.93446350097656,10117300.0
ABBV,2019-07-30,171122.0,1184037.0,Tuesday,52.72959488638968,53.21024470624001,52.209551186689936,52.93446350097656,8143700.0
ABBV,2019-07-31,165251.0,7569103.0,Wednesday,52.72171213612375,53.09204340903663,51.71313156942386,52.49320602416992,11300000.0
ABBV,2019-08-01,150574.0,3215658.0,Thursday,52.73747265463769,52.950216424481326,51.30340446847904,51.84709167480469,13106700.0
ABBV,2019-08-02,104815.0,4064032.0,Friday,51.61069775980658,51.83920386059053,51.24036049341804,51.49250411987305,9653900.0
ABBV,2019-08-05,326897.0,2739043.0,Monday,51.20096184111066,52.09922380221983,50.85426213276057,51.39794921875,11618800.0
ABBV,2019-08-06,23094.0,2146075.0,Tuesday,51.42947442390296,51.87860551374972,50.657287082135134,51.03549957275391,10248700.0
ABBV,2019-08-07,13710.0,3231313.0,Wednesday,50.728195648778005,51.13793282797924,49.8850927804009,50.79123306274414,10532100.0
ABBV,2019-08-08,102335.0,2656557.0,Thursday,51.05126065679665,51.57130432128906,50.68880452419189,51.57130432128906,7427400.0
ABBV,2019-08-09,8621.0,2441476.0,Friday,51.50826787649748,52.69019228476571,50.65728085976554,51.673736572265625,10893500.0
ABBV,2019-08-12,107612.0,323882.0,Monday,51.40583329861435,51.59494554227362,50.49181483390946,50.84638977050781,5258900.0
ABBV,2019-08-13,128521.0,1999850.0,Tuesday,51.10640811121243,51.94951388623507,50.933058248979705,51.22460174560547,7082500.0
ABBV,2019-08-14,99751.0,2837586.0,Wednesday,50.82275886235274,51.2088525565144,50.03480911254883,50.03480911254883,9373300.0
ABBV,2019-08-15,510119.0,4072476.0,Thursday,50.52332990790194,50.61788001135346,49.372921221352286,49.62506484985352,9195700.0
ABBV,2019-08-16,637823.0,3130827.0,Friday,50.042670662394514,51.06700439567896,49.69597396974418,50.76758575439453,8348100.0
ABBV,2019-08-19,243584.0,6355220.0,Monday,51.24823839079263,52.6980626471741,51.193082163899376,52.445919036865234,9826300.0
ABBV,2019-08-20,68791.0,2791190.0,Tuesday,53.092041964311655,53.94302897638044,52.26469849000454,52.327735900878906,12037900.0
ABBV,2019-08-21,312335.0,2833788.0,Wednesday,53.060523233144416,53.517535444394376,52.47744221178524,53.21811676025391,7615700.0
ABBV,2019-08-22,322767.0,3327767.0,Thursday,53.478137766380094,53.604206567519626,52.642907161071626,53.20235061645508,6495700.0
ABBV,2019-08-23,172603.0,6559346.0,Friday,53.01324532290885,53.41510128090143,51.59493972485315,51.98103332519531,8904700.0
ABBV,2019-08-26,156150.0,1817409.0,Monday,52.34349656610491,52.73747139920473,52.067715385250814,52.36713409423828,4841100.0
ABBV,2019-08-27,179824.0,3407646.0,Tuesday,52.53259756740977,52.77686602746176,51.60281681349198,51.74464797973633,7591200.0
ABBV,2019-08-28,7636.0,2574905.0,Wednesday,51.665858698648,52.304095996243376,51.53190869991938,52.05983352661133,6872800.0
ABBV,2019-08-29,217472.0,2496772.0,Thursday,52.579880277535146,52.81626155429453,51.97315570953795,52.17802429199219,6011900.0
ABBV,2019-08-30,197333.0,5502211.0,Friday,52.31985815870716,52.34349568644329,51.60282108895784,51.79980850219727,6415100.0
ABBV,2019-09-03,253030.0,5655932.0,Tuesday,51.83132865493129,51.847091014914064,51.161572633558016,51.53190994262695,7915700.0
ABBV,2019-09-04,384449.0,4515129.0,Wednesday,51.74464136350545,52.33560347869828,50.775466861072616,52.30408477783203,9618300.0
ABBV,2019-09-05,15731.0,2901395.0,Thursday,52.50896521764306,53.0290148823284,52.343496509310135,52.81626510620117,5602400.0
ABBV,2019-09-06,3035.0,4048424.0,Friday,52.99749229289284,53.675129436386754,52.79262371166531,53.28115463256836,7502500.0
ABBV,2019-09-09,10718.0,3963394.0,Monday,53.549054452976,53.58057315857634,52.248936401959575,52.55623626708984,10310900.0
ABBV,2019-09-10,41007.0,10123453.0,Tuesday,52.059822933940175,53.72239685058594,51.72888558856609,53.72239685058594,12155700.0
ABBV,2019-09-11,38826.0,3344184.0,Wednesday,53.87998374302577,54.95159552599618,53.62784014771376,54.75460815429688,8369100.0
ABBV,2019-09-12,58789.0,4062808.0,Thursday,55.75531435053548,56.07837055455422,55.30618332728525,55.81047058105469,9560100.0
ABBV,2019-09-13,328339.0,4265098.0,Friday,56.06261012352397,56.34627243455048,55.5346853825049,55.55832290649414,8135600.0
ABBV,2019-09-16,10281.0,3064456.0,Monday,55.4480109333234,55.912898273342286,54.93584253333906,55.61347961425781,5992000.0
ABBV,2019-09-17,183690.0,4961488.0,Tuesday,55.558328367316285,56.80328417521273,55.44013472417503,56.41719055175781,9013500.0
ABBV,2019-09-18,2213.0,5391228.0,Wednesday,56.4802277499394,56.59054021336757,55.79470943156855,56.15716552734375,6252600.0
ABBV,2019-09-19,1249.0,2991392.0,Thursday,56.25959970901089,56.66145566730057,56.10988736911163,56.47234344482422,5541200.0
ABBV,2019-09-20,10711.0,9816889.0,Friday,56.73236918470765,57.52031875671748,56.73236918470765,57.039669036865234,12968700.0
ABBV,2019-09-23,19985.0,5342564.0,Monday,56.99240319667144,58.13492785609542,56.77177824270646,57.46517181396485,8092300.0
ABBV,2019-09-24,13593.0,4444767.0,Tuesday,58.17431449447176,58.17431449447176,56.86631540593718,57.48091506958008,8223800.0
ABBV,2019-09-25,5784.0,2336391.0,Wednesday,57.42575688284033,57.70941918123255,56.74811983796754,56.80327606201172,5922700.0
ABBV,2019-09-26,302166.0,4790892.0,Thursday,57.48092966871271,58.67073542914135,57.22091082991594,58.33191680908203,10324100.0
ABBV,2019-09-27,397566.0,3174109.0,Friday,58.47373250808504,59.20652579400578,58.24522642843473,58.97801971435547,7677300.0
ABBV,2019-09-30,54394.0,4781405.0,Monday,59.05683048029496,60.23087991868606,59.05683048029496,59.66355514526367,8315100.0
ABBV,2019-10-01,403577.0,3540881.0,Tuesday,59.79749225562586,59.90780471425841,57.47304343383956,57.7015495300293,10910800.0
ABBV,2019-10-02,25380.0,4189188.0,Wednesday,57.433647935765386,57.52032287581962,56.39355466669316,56.83480453491211,8380500.0
ABBV,2019-10-03,7980.0,2875696.0,Thursday,56.77965934873288,58.261008785821744,56.763902998193096,58.19009017944336,6228500.0
ABBV,2019-10-04,8716.0,5766060.0,Friday,58.48162738906848,59.143502248038416,58.268877604700215,58.82832717895508,7007500.0
ABBV,2019-10-07,2683.0,3401635.0,Monday,58.87559054991033,59.30895918966369,58.37130332558553,58.56829071044922,5163500.0
ABBV,2019-10-08,5900.0,2408889.0,Tuesday,58.21371987435437,58.89923825635596,57.85126374493549,57.93793869018555,6121500.0
ABBV,2019-10-09,156433.0,2895764.0,Wednesday,58.36343632960682,58.7968110862507,57.71731779070646,57.756717681884766,5851000.0
ABBV,2019-10-10,10520.0,3680091.0,Thursday,57.693678468511095,58.80468442859192,57.67791610789765,58.6628532409668,7329400.0
ABBV,2019-10-11,39513.0,2436008.0,Friday,59.13453305555089,59.430321728345895,58.81475607753272,58.86272048950195,7164900.0
ABBV,2019-10-14,109951.0,4279954.0,Monday,58.878716903476594,59.294422735160886,58.67086093801495,58.96665573120117,5040900.0
ABBV,2019-10-15,18780.0,3471595.0,Tuesday,59.31837431393991,59.941941888347,58.99860357740603,59.55820846557617,6028300.0
ABBV,2019-10-16,3965.0,7640602.0,Wednesday,59.46228483240556,59.94195322640766,59.430306532856285,59.758079528808594,8288300.0
ABBV,2019-10-17,18560.0,3596448.0,Thursday,59.949952877313,60.9012876195248,59.67814643624562,60.06986999511719,6811300.0
ABBV,2019-10-18,12084.0,4372406.0,Friday,60.14980149155033,61.692719334864826,60.12581929230887,61.125118255615234,9480200.0
ABBV,2019-10-21,17005.0,5332488.0,Monday,61.46087325999069,62.23633013066611,60.63745199706268,61.7966423034668,7839100.0
ABBV,2019-10-22,288718.0,2314273.0,Tuesday,62.39623389907644,62.88389231386004,62.1563996920809,62.25233459472656,6062000.0
ABBV,2019-10-23,211044.0,4746662.0,Wednesday,62.188377073602496,62.372244676908586,61.70871476593975,62.15639877319336,6136700.0
ABBV,2019-10-24,131021.0,4408432.0,Thursday,62.22835366309944,62.26832806874448,60.95724807352829,61.39694213867188,5699300.0
ABBV,2019-10-25,3788.0,3403383.0,Friday,61.06915886651836,61.38893576043019,60.93325566885783,61.18107986450195,5497000.0
ABBV,2019-10-28,229540.0,4347962.0,Monday,61.29300320021408,62.66004352707037,61.14910389742725,62.62007522583008,7146400.0
ABBV,2019-10-29,146253.0,2625054.0,Tuesday,62.44418843627641,62.94783287232005,62.028476689720414,62.73198699951172,6391500.0
ABBV,2019-10-30,146950.0,3831423.0,Wednesday,62.763966703271386,63.787247795846255,62.36424714528206,63.68332290649414,7222500.0
ABBV,2019-10-31,260555.0,11577694.0,Thursday,63.723305063995056,63.74728726681326,62.94784797693867,63.59539794921875,10009400.0
ABBV,2019-11-01,594997.0,4651328.0,Friday,63.97912005441041,65.69791560407317,63.25962353371004,65.35415649414062,13356300.0
ABBV,2019-11-04,448843.0,4749432.0,Monday,66.3134806837512,66.60927539009352,65.66593686902137,66.345458984375,9127900.0
ABBV,2019-11-05,31278.0,4347318.0,Tuesday,66.48934953887444,66.67322321845788,65.13030548699061,65.42609405517578,7475600.0
ABBV,2019-11-06,191641.0,5152630.0,Wednesday,65.37011261704633,65.7538459518571,64.2349109045509,65.6179428100586,9303600.0
ABBV,2019-11-07,177072.0,3352462.0,Thursday,65.7219047700281,66.02568951130205,64.81854054783392,65.56201934814453,6561500.0
ABBV,2019-11-08,7329.0,5083032.0,Friday,65.63395251402102,68.3200685262693,65.62595641479336,68.12020874023438,11364100.0
ABBV,2019-11-11,303928.0,5989260.0,Monday,67.91235800723126,68.49595131039241,67.07295050174382,68.47996520996094,8726300.0
ABBV,2019-11-12,227494.0,5803853.0,Tuesday,68.43198363010332,70.57448059601046,68.39201533587749,69.103515625,12165900.0
ABBV,2019-11-13,409773.0,2664173.0,Wednesday,68.5439074420285,69.76704830192415,68.21614057920846,69.2793960571289,5798800.0
ABBV,2019-11-14,118531.0,2395435.0,Thursday,69.13550514021104,70.15079024701635,68.69581113771439,70.05485534667969,5425600.0
ABBV,2019-11-15,730775.0,3474457.0,Friday,70.43059202477674,71.30198392097297,69.75906602703613,70.85429382324219,8036700.0
ABBV,2019-11-18,202114.0,3254487.0,Monday,70.62244016037903,71.4778457677867,70.60645406362887,70.9342269897461,5772300.0
ABBV,2019-11-19,192762.0,4970873.0,Tuesday,71.35794646435157,72.27730278693315,71.07814395727992,71.16607666015625,7504800.0
ABBV,2019-11-20,441555.0,7093756.0,Wednesday,70.92624875027325,70.92624875027325,69.18347100237926,69.71109771728516,10933000.0
ABBV,2019-11-21,13391.0,3707939.0,Thursday,69.38331717305135,69.4472737620586,68.39201444038328,69.16746520996094,9614100.0
ABBV,2019-11-22,168256.0,3743460.0,Friday,69.26340658231516,69.38332367312898,68.20015106259535,68.79174041748047,7784700.0
ABBV,2019-11-25,12622.0,7498767.0,Monday,69.4313054904116,70.25472703510422,68.79974767961869,70.15879821777344,9522100.0
ABBV,2019-11-26,217098.0,3933960.0,Tuesday,70.47057493604451,70.5025532396904,69.49525802217713,70.12681579589844,6431400.0
ABBV,2019-11-27,3459.0,1862774.0,Wednesday,70.23871882914807,70.99818352380538,70.03885905695023,70.61445617675781,4711800.0
ABBV,2019-11-29,140596.0,567891.0,Friday,70.35064201965623,70.42258861227015,69.72708048672348,70.13479614257812,3042800.0
ABBV,2019-12-02,289045.0,5077045.0,Monday,70.2227314375864,70.37462682660751,69.55120548467826,69.57518768310547,6526400.0
ABBV,2019-12-03,64194.0,11619390.0,Tuesday,68.71979572169673,69.13550753833842,68.42400100982617,68.71179962158203,10054500.0
ABBV,2019-12-04,196425.0,2793291.0,Wednesday,68.89567239452614,69.99090632436923,68.84770799296304,69.71109771728516,6174600.0
ABBV,2019-12-05,4469.0,2732634.0,Thursday,69.75107149794785,69.75107149794785,68.95962838300683,69.3273696899414,6072100.0
ABBV,2019-12-06,4577.0,2564333.0,Friday,69.71908486703548,70.11880442671294,69.3753258017434,69.53521728515625,6044600.0
ABBV,2019-12-09,16849.0,4340447.0,Monday,69.72707712789513,70.12679666557008,69.05554513299845,69.103515625,5582700.0
ABBV,2019-12-10,254349.0,5019948.0,Tuesday,69.48723853917313,69.51122073402816,68.91963756373993,69.1994400024414,7816000.0
ABBV,2019-12-11,245513.0,3612500.0,Wednesday,69.3113784790039,69.75906859320348,68.9356471660104,69.3113784790039,7326400.0
ABBV,2019-12-12,154159.0,3191731.0,Thursday,69.35933114310335,71.10210845218333,69.35133504511042,70.9342269897461,6260500.0
ABBV,2019-12-13,4685.0,2159131.0,Friday,70.97421501347144,71.22203922703083,69.81503055088483,70.22274017333984,5975200.0
ABBV,2019-12-16,331831.0,5355458.0,Monday,70.65442199570894,72.04545035291011,70.5584932119268,71.49383544921875,6723300.0
ABBV,2019-12-17,6934.0,8580241.0,Tuesday,71.94953216601115,72.0854353740633,71.20605342299287,72.01348876953125,8750000.0
ABBV,2019-12-18,8502.0,5333443.0,Wednesday,71.98950714996846,72.09343205710067,71.16607959627493,71.41390991210938,6490100.0
ABBV,2019-12-19,233795.0,4454732.0,Thursday,71.69370966054382,71.69370966054382,70.7983355363331,70.96621704101562,5447000.0
ABBV,2019-12-20,78138.0,28126702.0,Friday,72.26930549751192,73.54041090839013,71.27000648924775,71.38192749023438,19134800.0
ABBV,2019-12-23,255135.0,3443617.0,Monday,71.57380908457536,72.32528407840508,71.41392364297862,72.14940643310547,5907200.0
ABBV,2019-12-24,150421.0,181979.0,Tuesday,72.26929139064798,72.26929139064798,71.49383453572513,71.82959747314453,1798800.0
ABBV,2019-12-26,114446.0,2300865.0,Thursday,72.10940244716069,72.5251141835884,71.50982313823451,71.81361389160156,4066700.0
ABBV,2019-12-27,139915.0,1945093.0,Friday,71.93353467777058,72.17336275415039,71.01417847022356,71.30996704101562,4087800.0
ABBV,2019-12-30,194841.0,2926399.0,Monday,71.32596853819409,71.73368425020358,70.47856491254522,70.766357421875,7014800.0
ABBV,2019-12-31,5378.0,3579146.0,Tuesday,70.51852462781447,70.83030539925988,70.25470825221096,70.78234100341797,4702100.0
ABBV,2020-01-02,12922.0,3808518.0,Thursday,71.21404531541116,71.60576881516049,70.75836521592073,71.58978271484375,5639200.0
ABBV,2020-01-03,366197.0,4334014.0,Friday,70.48656121084403,71.46187812709961,70.27071528475298,70.91026306152344,5988500.0
ABBV,2020-01-06,196731.0,3583489.0,Monday,70.52652541549932,71.64574148702965,70.33466172014,71.46986389160156,6786600.0
ABBV,2020-01-07,290271.0,2279114.0,Tuesday,71.0941349801593,71.58179342591993,70.55851212964768,71.0621566772461,7242500.0
ABBV,2020-01-08,215671.0,3087767.0,Wednesday,71.2700148900322,71.99750148219597,71.04617286167411,71.56580352783203,7696800.0
ABBV,2020-01-09,9527.0,3074000.0,Thursday,71.95753857875388,72.13341621402111,71.19007752423731,72.11742401123047,7518000.0
ABBV,2020-01-10,7236.0,4691429.0,Friday,72.13340765872208,72.18137206292865,71.0141914664144,71.19805908203125,8581400.0
ABBV,2020-01-13,389053.0,5050506.0,Monday,71.54981054502683,71.54981054502683,70.28669510734238,70.766357421875,9292200.0
ABBV,2020-01-14,380461.0,6346865.0,Tuesday,70.57188745408912,71.65761203300951,70.30450682849985,71.46315002441406,8876900.0
ABBV,2020-01-15,7567.0,3370195.0,Wednesday,71.44696836988504,72.82437399213056,71.44696836988504,72.32202911376953,8490100.0
ABBV,2020-01-16,190410.0,4914520.0,Thursday,72.36253740757614,72.75955948571178,72.0465442803358,72.32202911376953,7073200.0
ABBV,2020-01-17,1638182.0,8304475.0,Friday,72.21667815135615,72.33011123982446,71.13095968126238,71.30110931396484,10122300.0
ABBV,2020-01-21,383984.0,8589279.0,Tuesday,71.04185731425373,71.7305602123567,70.95273040232539,71.29302978515625,13552000.0
ABBV,2020-01-22,269228.0,3751315.0,Wednesday,71.32540711706237,71.43884019216499,70.61239833332608,70.6610107421875,6438900.0
ABBV,2020-01-23,308928.0,12250524.0,Thursday,70.53138939320523,70.54759147211654,68.86229090989289,69.08915710449219,12266800.0
ABBV,2020-01-24,317642.0,5039438.0,Friday,69.2187996149227,69.25931408533583,67.0554604182911,67.68744659423828,13215400.0
ABBV,2020-01-27,1101098.0,4602320.0,Monday,68.91091500893607,69.62392398909424,68.06016052965907,68.07636260986328,13832000.0
ABBV,2020-01-28,463416.0,4269402.0,Tuesday,68.86229597565,68.86229597565,67.7684732102863,67.8738021850586,8614400.0
ABBV,2020-01-29,248311.0,3161556.0,Wednesday,67.898128722635,68.06017428398772,67.35526311065533,67.41197967529297,5703200.0
ABBV,2020-01-30,511809.0,4464512.0,Thursday,66.90961562728599,67.07976527263104,65.77527847667884,66.26142120361328,10870000.0
ABBV,2020-01-31,455177.0,18712243.0,Friday,66.06698110133152,66.21282457234892,65.15141197761442,65.6456527709961,13870100.0
ABBV,2020-02-03,549710.0,4001865.0,Monday,65.88062000291049,66.92583046498216,65.56462686107967,66.6827621459961,10143700.0
ABBV,2020-02-04,463198.0,3744887.0,Tuesday,67.72794142559721,68.63541222043239,67.72794142559721,68.3518295288086,8251500.0
ABBV,2020-02-05,427557.0,3764652.0,Wednesday,68.91900182882264,70.60430225338078,68.77315840397358,70.19107818603516,10020600.0
ABBV,2020-02-06,410800.0,3477152.0,Thursday,71.21198836994832,71.2687049189111,69.85888914352171,70.63671875,7769700.0
ABBV,2020-02-07,1011385.0,4255370.0,Friday,72.71093926388825,75.33612143723471,72.0141323368243,74.77705383300781,19090300.0
ABBV,2020-02-10,507510.0,3206120.0,Monday,74.83376022150598,77.37791310010925,74.63120023956851,76.77023315429688,13998300.0
ABBV,2020-02-11,389585.0,5546356.0,Tuesday,77.18346701616065,78.65810362402044,76.98090700858847,77.78304290771484,10682800.0
ABBV,2020-02-12,9359.0,4726274.0,Wednesday,77.76682805469154,79.29007683606686,77.54805982072497,79.23336029052734,10591000.0
ABBV,2020-02-13,430377.0,4510820.0,Thursday,78.47174585103939,78.88496999815654,77.15916095564747,77.25638580322266,10613000.0
ABBV,2020-02-14,18983.0,7851470.0,Friday,77.15916273050667,77.21587928677711,75.97620681691005,76.20307922363281,11175800.0
ABBV,2020-02-18,483728.0,11624836.0,Tuesday,75.8951929359697,76.56769374024525,75.56299769080965,75.8465805053711,9406300.0
ABBV,2020-02-19,261714.0,2982340.0,Wednesday,75.97618712201063,76.80263522101963,75.36850724164965,76.2759780883789,6349100.0
ABBV,2020-02-20,7280.0,2249297.0,Thursday,76.10583303131439,76.47854263850795,75.02010836545506,76.34890747070312,5446200.0
ABBV,2020-02-21,565971.0,4484695.0,Friday,76.13015152070506,77.39412397350277,75.66021082561434,76.94039154052734,6676000.0
ABBV,2020-02-24,691077.0,6312766.0,Monday,74.6798254240046,76.05723724563893,74.66362334260141,75.46575927734375,10705100.0
ABBV,2020-02-25,527755.0,5975704.0,Tuesday,75.61160317718439,75.7250362925912,71.39025314914224,72.25720977783203,11366400.0
ABBV,2020-02-26,525318.0,6404199.0,Wednesday,71.80347333310522,73.87768582164398,71.45506987464213,71.6333236694336,9786900.0
ABBV,2020-02-27,640130.0,5128526.0,Thursday,69.83457386922666,72.47595129992897,68.22219213496452,69.21068572998047,14184100.0
ABBV,2020-02-28,91144.0,10637003.0,Friday,67.07977908611953,69.4456787109375,66.09938930011567,69.4456787109375,18450000.0
AMZN,2019-01-02,312186.0,928135.0,Wednesday,73.26000213623047,77.66799926757812,73.04650115966797,76.95649719238281,159662000.0
AMZN,2019-01-03,323514.0,608604.0,Thursday,76.00050354003906,76.9000015258789,74.85549926757812,75.01399993896484,139512000.0
AMZN,2019-01-04,296646.0,974605.0,Friday,76.5,79.69999694824219,75.91549682617188,78.76950073242188,183652000.0
AMZN,2019-01-07,407162.0,747848.0,Monday,80.1155014038086,81.72799682617188,79.45950317382812,81.47550201416016,159864000.0
AMZN,2019-01-08,531696.0,601194.0,Tuesday,83.2344970703125,83.83049774169922,80.83049774169922,82.8290023803711,177628000.0
AMZN,2019-01-09,354324.0,608856.0,Wednesday,82.64900207519531,83.38999938964844,82.06999969482422,82.97100067138672,126976000.0
AMZN,2019-01-10,308872.0,515503.0,Thursday,82.05049896240234,83.1624984741211,81.08100128173828,82.81099700927734,130154000.0
AMZN,2019-01-11,241210.0,571306.0,Friday,82.02749633789062,83.0145034790039,81.81099700927734,82.02799987792969,93724000.0
AMZN,2019-01-14,273175.0,880425.0,Monday,80.75,82.41000366210938,79.75749969482422,80.8604965209961,120118000.0
AMZN,2019-01-15,189483.0,553821.0,Tuesday,81.5999984741211,83.75800323486328,81.30049896240234,83.72799682617188,119970000.0
AMZN,2019-01-16,272477.0,775873.0,Wednesday,84.21099853515625,85.25,83.79399871826172,84.18900299072266,127338000.0
AMZN,2019-01-17,150285.0,426629.0,Thursday,84.0,85.00849914550781,83.875,84.66100311279297,84178000.0
AMZN,2019-01-18,793594.0,660998.0,Friday,85.5999984741211,85.80999755859375,84.5770034790039,84.80999755859375,120410000.0
AMZN,2019-01-22,254079.0,802592.0,Tuesday,84.05000305175781,84.09349822998047,80.51000213623047,81.6084976196289,128336000.0
AMZN,2019-01-23,268248.0,452647.0,Wednesday,82.80000305175781,82.87149810791016,80.5999984741211,82.0009994506836,104504000.0
AMZN,2019-01-24,165549.0,766446.0,Thursday,82.05349731445312,82.86299896240234,81.58899688720703,82.74649810791016,81798000.0
AMZN,2019-01-25,216150.0,875525.0,Friday,83.5250015258789,84.17400360107422,83.08049774169922,83.52850341796875,98918000.0
AMZN,2019-01-28,304051.0,556205.0,Monday,82.17949676513672,82.25,80.70449829101562,81.89450073242188,96754000.0
AMZN,2019-01-29,170554.0,554081.0,Tuesday,81.5634994506836,81.61900329589844,79.53600311279297,79.69400024414062,92656000.0
AMZN,2019-01-30,215751.0,656915.0,Wednesday,81.1500015258789,83.84750366210938,80.98400115966797,83.52149963378906,115676000.0
AMZN,2019-01-31,368873.0,3380214.0,Thursday,84.64250183105469,86.82050323486328,83.9540023803711,85.9365005493164,218206000.0
AMZN,2019-02-01,869461.0,878558.0,Friday,81.94400024414062,83.65299987792969,81.10050201416016,81.3115005493164,230124000.0
AMZN,2019-02-04,227086.0,677704.0,Monday,81.1500015258789,82.48149871826172,80.67500305175781,81.66549682617188,98582000.0
AMZN,2019-02-05,192726.0,809463.0,Tuesday,82.16699981689453,83.26300048828125,82.125,82.94049835205078,89062000.0
AMZN,2019-02-06,217844.0,320150.0,Wednesday,83.5374984741211,83.61299896240234,81.66699981689453,82.01300048828125,78798000.0
AMZN,2019-02-07,191923.0,682227.0,Thursday,81.25,81.2770004272461,79.64550018310547,80.71849822998047,92532000.0
AMZN,2019-02-08,354467.0,486032.0,Friday,79.30000305175781,79.42949676513672,78.33799743652344,79.41100311279297,113150000.0
AMZN,2019-02-11,264332.0,330325.0,Monday,80.04900360107422,80.4645004272461,79.30000305175781,79.55000305175781,66346000.0
AMZN,2019-02-12,180951.0,484413.0,Tuesday,80.19999694824219,81.97000122070312,79.94400024414062,81.90049743652344,97172000.0
AMZN,2019-02-13,232021.0,408024.0,Wednesday,82.3499984741211,82.81900024414062,81.85549926757812,82.0,71206000.0
AMZN,2019-02-14,242951.0,402222.0,Thursday,81.2249984741211,81.8949966430664,80.3030014038086,81.13249969482422,82410000.0
AMZN,2019-02-15,485003.0,546957.0,Friday,81.39299774169922,81.44550323486328,80.2249984741211,80.39749908447266,86878000.0
AMZN,2019-02-19,184264.0,365946.0,Tuesday,80.05000305175781,81.69999694824219,80.02799987792969,81.37899780273438,73634000.0
AMZN,2019-02-20,143785.0,375841.0,Wednesday,81.5,81.74649810791016,80.50599670410156,81.1050033569336,66752000.0
AMZN,2019-02-21,125066.0,269946.0,Thursday,80.99250030517578,81.1780014038086,80.04550170898438,80.97200012207031,69668000.0
AMZN,2019-02-22,122389.0,611994.0,Friday,81.17500305175781,81.74700164794922,81.05850219726562,81.5780029296875,61924000.0
AMZN,2019-02-25,228519.0,469311.0,Monday,82.07250213623047,82.7300033569336,81.51950073242188,81.6500015258789,63690000.0
AMZN,2019-02-26,128383.0,431693.0,Tuesday,81.29900360107422,81.99949645996094,80.80650329589844,81.81999969482422,53316000.0
AMZN,2019-02-27,108050.0,425396.0,Wednesday,81.40899658203125,82.09049987792969,80.75499725341797,82.05449676513672,62976000.0
AMZN,2019-02-28,123652.0,894255.0,Thursday,81.76249694824219,82.5885009765625,81.69149780273438,81.99150085449219,60518000.0
AMZN,2019-03-01,182937.0,806487.0,Friday,82.75650024414062,83.71299743652344,82.55000305175781,83.58650207519531,99498000.0
AMZN,2019-03-04,351253.0,579916.0,Monday,84.25,85.47149658203125,83.71800231933594,84.80850219726562,123348000.0
AMZN,2019-03-05,186958.0,353405.0,Tuesday,85.14749908447266,85.38999938964844,84.45050048828125,84.62149810791016,73630000.0
AMZN,2019-03-06,127008.0,369182.0,Wednesday,84.79850006103516,84.88749694824219,83.41400146484375,83.44750213623047,79920000.0
AMZN,2019-03-07,134593.0,969784.0,Thursday,83.36849975585938,83.48750305175781,81.02549743652344,81.29750061035156,99140000.0
AMZN,2019-03-08,383048.0,554157.0,Friday,80.20050048828125,81.13600158691406,79.32849884033203,81.04000091552734,93340000.0
AMZN,2019-03-11,144090.0,544990.0,Monday,81.30599975585938,83.614501953125,81.30049896240234,83.53099822998047,77528000.0
AMZN,2019-03-12,181624.0,673993.0,Tuesday,83.44999694824219,84.2135009765625,83.04900360107422,83.65499877929688,72290000.0
AMZN,2019-03-13,152391.0,393743.0,Wednesday,84.1500015258789,85.0,83.96749877929688,84.54049682617188,71040000.0
AMZN,2019-03-14,130497.0,548927.0,Thursday,84.55999755859375,85.0999984741211,84.21700286865234,84.31099700927734,58932000.0
AMZN,2019-03-15,1385397.0,2857506.0,Friday,85.1500015258789,85.94000244140625,84.65650177001953,85.61799621582031,151018000.0
AMZN,2019-03-18,167890.0,809733.0,Monday,85.63500213623047,87.5,85.63150024414062,87.10749816894531,108582000.0
AMZN,2019-03-19,299988.0,809165.0,Tuesday,87.67549896240234,89.20800018310547,87.67549896240234,88.09249877929688,127284000.0
AMZN,2019-03-20,231838.0,763407.0,Wednesday,88.49700164794922,89.9749984741211,88.35150146484375,89.8635025024414,125312000.0
AMZN,2019-03-21,239516.0,763878.0,Thursday,89.81300354003906,91.1875,89.36399841308594,90.96299743652344,115356000.0
AMZN,2019-03-22,215312.0,723480.0,Friday,90.5084991455078,90.9489974975586,88.15550231933594,88.2385025024414,127260000.0
AMZN,2019-03-25,266231.0,396181.0,Monday,87.8895034790039,89.13400268554688,87.375,88.71299743652344,102076000.0
AMZN,2019-03-26,225424.0,490038.0,Tuesday,89.6500015258789,90.28849792480467,88.66799926757812,89.18800354003906,97318000.0
AMZN,2019-03-27,108494.0,442102.0,Wednesday,89.20649719238281,89.375,87.28399658203125,88.28500366210938,86496000.0
AMZN,2019-03-28,137616.0,288632.0,Thursday,88.5,88.89649963378906,87.67350006103516,88.6709976196289,60860000.0
AMZN,2019-03-29,172979.0,936957.0,Friday,89.3290023803711,89.64299774169922,88.83149719238281,89.0374984741211,66416000.0
AMZN,2019-04-01,337802.0,636999.0,Monday,90.00550079345703,90.78350067138672,89.9365005493164,90.70950317382812,84776000.0
AMZN,2019-04-02,187403.0,431729.0,Tuesday,90.5510025024414,91.0,90.25599670410156,90.6989974975586,68962000.0
AMZN,2019-04-03,247518.0,383958.0,Wednesday,91.33599853515624,91.5,90.4810028076172,91.03500366210938,78522000.0
AMZN,2019-04-04,120971.0,458293.0,Thursday,91.03250122070312,91.4375,90.20999908447266,90.94300079345705,72478000.0
AMZN,2019-04-05,265356.0,501357.0,Friday,91.4499969482422,91.9290008544922,91.2594985961914,91.86399841308594,72810000.0
AMZN,2019-04-08,153294.0,450645.0,Monday,91.6614990234375,92.51000213623048,91.25550079345705,92.49299621582033,75056000.0
AMZN,2019-04-09,176531.0,476969.0,Tuesday,92.27449798583984,92.65450286865234,91.58899688720705,91.79199981689452,74288000.0
AMZN,2019-04-10,172235.0,246780.0,Wednesday,92.0500030517578,92.4000015258789,91.44049835205078,92.3665008544922,59280000.0
AMZN,2019-04-11,143430.0,337680.0,Thursday,92.43499755859376,92.49749755859376,92.0155029296875,92.20349884033205,53096000.0
AMZN,2019-04-12,170090.0,621912.0,Friday,92.41999816894533,92.5749969482422,92.06500244140624,92.15299987792967,62288000.0
AMZN,2019-04-15,95615.0,611584.0,Monday,92.0999984741211,92.34249877929688,90.94499969482422,92.24349975585938,74488000.0
AMZN,2019-04-16,138874.0,308687.0,Tuesday,92.56749725341795,93.4885025024414,92.4000015258789,93.1520004272461,60892000.0
AMZN,2019-04-17,164720.0,345938.0,Wednesday,93.64949798583984,93.82350158691406,93.02200317382812,93.24099731445312,57870000.0
AMZN,2019-04-18,449356.0,340005.0,Thursday,93.4394989013672,93.54100036621094,92.9739990234375,93.08450317382812,54998000.0
AMZN,2019-04-22,120752.0,224901.0,Monday,92.7699966430664,94.4209976196289,92.28199768066406,94.3655014038086,67476000.0
AMZN,2019-04-23,211882.0,610481.0,Tuesday,94.55999755859376,96.46299743652344,94.47899627685548,96.1884994506836,92808000.0
AMZN,2019-04-24,211769.0,796202.0,Wednesday,96.25,96.4844970703125,94.90799713134766,95.0875015258789,73516000.0
AMZN,2019-04-25,228136.0,2027002.0,Thursday,95.8499984741211,96.12249755859376,95.0155029296875,95.1125030517578,121982000.0
AMZN,2019-04-26,646908.0,618340.0,Friday,96.4499969482422,97.5500030517578,94.9000015258789,97.53150177001952,168652000.0
AMZN,2019-04-29,201368.0,609166.0,Monday,97.4499969482422,97.81700134277344,96.70449829101562,96.92150115966795,80426000.0
AMZN,2019-04-30,144476.0,583159.0,Tuesday,96.50499725341795,96.7854995727539,95.34750366210938,96.32599639892578,70120000.0
AMZN,2019-05-01,110992.0,394877.0,Wednesday,96.65450286865234,97.18199920654295,95.52749633789062,95.57599639892578,62340000.0
AMZN,2019-05-02,119777.0,386697.0,Thursday,95.66649627685548,96.07749938964844,94.09349822998048,95.04100036621094,79258000.0
AMZN,2019-05-03,554929.0,527304.0,Friday,97.4499969482422,98.22000122070312,96.8000030517578,98.1230010986328,127632000.0
AMZN,2019-05-06,536711.0,427156.0,Monday,95.89900207519533,97.9499969482422,95.5250015258789,97.52749633789062,108356000.0
AMZN,2019-05-07,231546.0,577907.0,Tuesday,96.99949645996094,97.45500183105467,95.16899871826172,96.0500030517578,118042000.0
AMZN,2019-05-08,252100.0,492449.0,Wednesday,95.94349670410156,96.76850128173828,95.5,95.88849639892578,81572000.0
AMZN,2019-05-09,247297.0,409034.0,Thursday,95.0,95.47000122070312,93.8000030517578,94.99349975585938,106166000.0
AMZN,2019-05-10,175994.0,389438.0,Friday,94.9000015258789,95.1894989013672,92.8000030517578,94.4990005493164,114360000.0
AMZN,2019-05-13,519290.0,579577.0,Monday,91.8280029296875,92.3270034790039,90.9000015258789,91.13400268554688,115668000.0
AMZN,2019-05-14,286411.0,480734.0,Tuesday,91.9749984741211,92.62200164794922,90.7874984741211,92.00599670410156,92582000.0
AMZN,2019-05-15,195711.0,464030.0,Wednesday,91.39749908447266,93.72149658203124,91.1500015258789,93.55750274658205,93852000.0
AMZN,2019-05-16,282769.0,446924.0,Thursday,94.2969970703125,95.87550354003906,94.114501953125,95.37850189208984,94156000.0
AMZN,2019-05-17,273307.0,575620.0,Friday,94.65249633789062,95.52649688720705,93.3665008544922,93.4499969482422,94732000.0
AMZN,2019-05-20,224910.0,388921.0,Monday,92.6344985961914,93.38899993896484,91.7770004272461,92.94850158691406,75964000.0
AMZN,2019-05-21,196117.0,508585.0,Tuesday,93.739501953125,93.9499969482422,92.3000030517578,92.8759994506836,80102000.0
AMZN,2019-05-22,100617.0,335008.0,Wednesday,92.58899688720705,93.57450103759766,92.5500030517578,92.98400115966795,58732000.0
AMZN,2019-05-23,195434.0,488698.0,Thursday,91.82949829101562,92.1999969482422,90.20999908447266,90.77400207519533,88486000.0
AMZN,2019-05-24,260975.0,266233.0,Friday,91.79450225830078,92.08799743652344,90.89250183105467,91.16400146484376,67394000.0
AMZN,2019-05-28,125907.0,569864.0,Tuesday,91.6374969482422,92.4635009765625,91.36750030517578,91.82150268554688,64000000.0
AMZN,2019-05-29,161824.0,691654.0,Wednesday,91.15599822998048,91.5,90.37650299072266,90.95950317382812,85580000.0
AMZN,2019-05-30,104765.0,273346.0,Thursday,91.27449798583984,91.47350311279295,90.3915023803711,90.81600189208984,62938000.0
AMZN,2019-05-31,291635.0,936545.0,Friday,89.50050354003906,89.77950286865234,88.63500213623047,88.75350189208984,92376000.0
AMZN,2019-06-03,326017.0,976672.0,Monday,88.00050354003906,88.31449890136719,83.5999984741211,84.6344985961914,181974000.0
AMZN,2019-06-04,333427.0,621162.0,Tuesday,84.96199798583984,86.54100036621094,84.04450225830078,86.47799682617188,113582000.0
AMZN,2019-06-05,291001.0,584196.0,Wednesday,87.4800033569336,87.5999984741211,85.76249694824219,86.92500305175781,84796000.0
AMZN,2019-06-06,185154.0,351649.0,Thursday,86.885498046875,88.0,86.30650329589844,87.71800231933594,73786000.0
AMZN,2019-06-07,206850.0,671683.0,Friday,88.18499755859375,90.3125,87.97450256347656,90.20149993896484,96164000.0
AMZN,2019-06-10,252921.0,487967.0,Monday,91.0999984741211,94.24349975585938,90.9000015258789,93.03150177001952,107420000.0
AMZN,2019-06-11,255022.0,569302.0,Tuesday,94.1624984741211,94.68499755859376,92.9000015258789,93.18499755859376,80854000.0
AMZN,2019-06-12,136739.0,292828.0,Wednesday,92.6989974975586,93.25,92.21900177001952,92.76599884033205,53566000.0
AMZN,2019-06-13,105073.0,394264.0,Thursday,93.33599853515624,94.15450286865234,93.11100006103516,93.51499938964844,55916000.0
AMZN,2019-06-14,120719.0,523524.0,Friday,93.1999969482422,93.8000030517578,92.9499969482422,93.4834976196289,57024000.0
AMZN,2019-06-17,100346.0,388596.0,Monday,93.8249969482422,94.78450012207033,93.77249908447266,94.30149841308594,52686000.0
AMZN,2019-06-18,281340.0,514904.0,Tuesday,95.06749725341795,96.08350372314452,94.989501953125,95.06849670410156,77914000.0
AMZN,2019-06-19,102140.0,521094.0,Wednesday,95.39199829101562,95.97899627685548,94.62349700927734,95.4394989013672,57906000.0
AMZN,2019-06-20,265382.0,495361.0,Thursday,96.66649627685548,96.76000213623048,95.29000091552734,95.90950012207033,64344000.0
AMZN,2019-06-21,893421.0,1733831.0,Friday,95.80500030517578,96.29750061035156,95.37899780273438,95.56500244140624,78672000.0
AMZN,2019-06-24,110159.0,489018.0,Monday,95.63300323486328,95.84300231933594,95.06500244140624,95.69499969482422,45660000.0
AMZN,2019-06-25,72717.0,439343.0,Tuesday,95.59200286865234,95.81950378417967,93.62100219726562,93.91349792480467,60246000.0
AMZN,2019-06-26,153956.0,681325.0,Wednesday,94.6240005493164,95.19000244140624,94.36599731445312,94.8915023803711,48838000.0
AMZN,2019-06-27,103545.0,335164.0,Thursday,95.0999984741211,95.56199645996094,94.9020004272461,95.21399688720705,42834000.0
AMZN,2019-06-28,83785.0,1136677.0,Friday,95.45500183105467,95.64700317382812,94.1999969482422,94.68150329589844,60748000.0
AMZN,2019-07-01,306750.0,341399.0,Monday,96.14900207519533,96.49099731445312,95.73300170898438,96.1094970703125,63842000.0
AMZN,2019-07-02,85479.0,358997.0,Tuesday,95.96900177001952,96.739501953125,95.3314971923828,96.71549987792967,52918000.0
AMZN,2019-07-03,116371.0,1619.0,Wednesday,96.79450225830078,97.07949829101562,96.5250015258789,96.9499969482422,33806000.0
AMZN,2019-07-05,159631.0,317769.0,Friday,96.43000030517578,97.29499816894533,96.26499938964844,97.14550018310548,52568000.0
AMZN,2019-07-08,117513.0,362673.0,Monday,96.70600128173828,97.8000030517578,96.4124984741211,97.61599731445312,57668000.0
AMZN,2019-07-09,116038.0,438449.0,Tuesday,97.38999938964844,99.50050354003906,97.17400360107422,99.41500091552734,86914000.0
AMZN,2019-07-10,369901.0,478940.0,Wednesday,99.82550048828124,101.24700164794922,99.7699966430664,100.87049865722656,98638000.0
AMZN,2019-07-11,284204.0,471156.0,Thursday,101.28099822998048,101.79000091552734,99.76499938964844,100.05349731445312,86356000.0
AMZN,2019-07-12,175221.0,373285.0,Friday,100.41349792480467,100.8499984741211,100.19349670410156,100.5500030517578,50186000.0
AMZN,2019-07-15,140804.0,510343.0,Monday,101.06999969482422,101.1449966430664,100.07749938964844,101.04949951171876,59626000.0
AMZN,2019-07-16,125268.0,352883.0,Tuesday,100.52899932861328,101.31600189208984,100.06099700927734,100.49500274658205,52364000.0
AMZN,2019-07-17,185066.0,358203.0,Wednesday,100.35250091552734,100.5999984741211,99.60150146484376,99.60150146484376,51176000.0
AMZN,2019-07-18,173292.0,437629.0,Thursday,99.00050354003906,99.375,97.57749938964844,98.8949966430664,69738000.0
AMZN,2019-07-19,303210.0,503465.0,Friday,99.5605010986328,99.8000030517578,98.11150360107422,98.22599792480467,63712000.0
AMZN,2019-07-22,132656.0,449516.0,Monday,98.55699920654295,99.4499969482422,97.91300201416016,99.28150177001952,58000000.0
AMZN,2019-07-23,160201.0,494393.0,Tuesday,99.79949951171876,99.8895034790039,98.65650177001952,99.72450256347656,54070000.0
AMZN,2019-07-24,183423.0,390337.0,Wednesday,98.46499633789062,100.06500244140624,98.2935028076172,100.04049682617188,52626000.0
AMZN,2019-07-25,138780.0,1414960.0,Thursday,100.0500030517578,100.05999755859376,98.63600158691406,98.69100189208984,82730000.0
AMZN,2019-07-26,313264.0,468170.0,Friday,97.0999984741211,97.54499816894533,96.22550201416016,97.15249633789062,98542000.0
AMZN,2019-07-29,168244.0,456771.0,Monday,96.5,96.61150360107422,94.5270004272461,95.62249755859376,89864000.0
AMZN,2019-07-30,215012.0,255037.0,Tuesday,94.55599975585938,95.49449920654295,94.17400360107422,94.92649841308594,58218000.0
AMZN,2019-07-31,155548.0,606603.0,Wednesday,94.90550231933594,94.97750091552734,92.47200012207033,93.33899688720705,89414000.0
AMZN,2019-08-01,180264.0,376187.0,Thursday,93.58599853515624,94.89600372314452,92.20050048828124,92.76599884033205,94266000.0
AMZN,2019-08-02,229078.0,529682.0,Friday,92.25350189208984,92.31800079345705,90.4010009765625,91.16200256347656,99124000.0
AMZN,2019-08-05,457571.0,917538.0,Monday,88.51100158691406,89.43350219726562,87.43900299072266,88.25650024414062,121164000.0
AMZN,2019-08-06,403078.0,499097.0,Tuesday,89.61150360107422,89.6884994506836,87.66999816894531,89.3915023803711,101406000.0
AMZN,2019-08-07,235891.0,577318.0,Wednesday,88.69950103759766,89.94650268554688,87.8499984741211,89.66999816894531,90538000.0
AMZN,2019-08-08,244859.0,634570.0,Thursday,90.3000030517578,91.71299743652344,89.90550231933594,91.64450073242188,74024000.0
AMZN,2019-08-09,122216.0,501736.0,Friday,91.44750213623048,91.55449676513672,90.11100006103516,90.37899780273438,57596000.0
AMZN,2019-08-12,127442.0,573775.0,Monday,89.79949951171875,90.04900360107422,88.8499984741211,89.24600219726562,58110000.0
AMZN,2019-08-13,109368.0,636657.0,Tuesday,89.1500015258789,91.58699798583984,89.0,91.21700286865234,79880000.0
AMZN,2019-08-14,238592.0,692582.0,Wednesday,89.65049743652344,89.78250122070312,87.86100006103516,88.14800262451172,97872000.0
AMZN,2019-08-15,347747.0,376379.0,Thursday,89.09950256347656,89.4000015258789,88.0979995727539,88.80599975585938,75182000.0
AMZN,2019-08-16,327288.0,503198.0,Friday,89.64450073242188,90.14550018310548,89.22750091552734,89.62850189208984,60360000.0
AMZN,2019-08-19,180825.0,438163.0,Monday,90.90399932861328,91.3000030517578,90.63050079345705,90.80599975585938,56326000.0
AMZN,2019-08-20,99717.0,405613.0,Tuesday,90.7249984741211,90.84100341796876,89.99400329589844,90.06900024414062,38590000.0
AMZN,2019-08-21,142104.0,227937.0,Wednesday,90.96949768066406,91.47899627685548,90.75,91.177001953125,40636000.0
AMZN,2019-08-22,108036.0,633440.0,Thursday,91.4000015258789,91.47049713134766,90.00499725341797,90.23300170898438,53070000.0
AMZN,2019-08-23,158072.0,814221.0,Friday,89.65149688720703,90.24500274658205,87.2614974975586,87.48100280761719,105416000.0
AMZN,2019-08-26,238218.0,539062.0,Monday,88.34549713134766,88.5,87.17549896240234,88.44349670410156,61600000.0
AMZN,2019-08-27,122894.0,853646.0,Tuesday,88.7864990234375,88.97000122070312,87.33399963378906,88.09149932861328,60394000.0
AMZN,2019-08-28,93613.0,262966.0,Wednesday,87.75,88.39299774169922,87.20249938964844,88.2125015258789,48394000.0
AMZN,2019-08-29,155063.0,415009.0,Thursday,89.1500015258789,89.92749786376953,88.86250305175781,89.31999969482422,60302000.0
AMZN,2019-08-30,126397.0,734976.0,Friday,89.87449645996094,89.98699951171875,88.22850036621094,88.81449890136719,61174000.0
AMZN,2019-09-03,174046.0,505208.0,Tuesday,88.5,90.04000091552734,88.4000015258789,89.49199676513672,70860000.0
AMZN,2019-09-04,174581.0,353210.0,Wednesday,90.25,90.38150024414062,89.8115005493164,90.03099822998047,46482000.0
AMZN,2019-09-05,170978.0,477554.0,Thursday,91.09750366210938,92.0999984741211,90.77899932861328,92.03600311279295,66216000.0
AMZN,2019-09-06,161488.0,398019.0,Friday,91.91100311279295,92.03250122070312,91.31999969482422,91.67549896240234,49938000.0
AMZN,2019-09-09,137570.0,499015.0,Monday,92.0500030517578,92.5,91.23049926757812,91.56749725341795,59990000.0
AMZN,2019-09-10,70335.0,619051.0,Tuesday,91.1374969482422,91.29049682617188,90.26699829101562,91.02749633789062,52278000.0
AMZN,2019-09-11,105387.0,559061.0,Wednesday,90.60700225830078,91.6709976196289,90.4540023803711,91.14949798583984,48656000.0
AMZN,2019-09-12,121495.0,351916.0,Thursday,91.88150024414062,92.68299865722656,91.71399688720705,92.17749786376952,56470000.0
AMZN,2019-09-13,118133.0,417091.0,Friday,92.10050201416016,92.30599975585938,91.7584991455078,91.96700286865234,39426000.0
AMZN,2019-09-16,101533.0,598911.0,Monday,91.20099639892578,91.28450012207033,90.01000213623047,90.39199829101562,73510000.0
AMZN,2019-09-17,78611.0,363036.0,Tuesday,90.35399627685548,91.19950103759766,90.20500183105467,91.12750244140624,39648000.0
AMZN,2019-09-18,74976.0,404142.0,Wednesday,90.85199737548828,91.10299682617188,89.7750015258789,90.8730010986328,50112000.0
AMZN,2019-09-19,82640.0,391593.0,Thursday,91.0510025024414,91.62850189208984,90.8949966430664,91.0749969482422,40630000.0
AMZN,2019-09-20,1084196.0,2165703.0,Friday,91.08550262451172,91.53150177001952,89.0459976196289,89.70800018310547,106838000.0
AMZN,2019-09-23,194201.0,730410.0,Monday,88.8499984741211,89.63500213623047,88.36599731445312,89.26499938964844,58446000.0
AMZN,2019-09-24,95440.0,611759.0,Tuesday,89.53050231933594,89.7854995727539,86.77749633789062,87.08049774169922,92320000.0
AMZN,2019-09-25,138728.0,607273.0,Wednesday,87.36799621582031,88.6500015258789,86.1500015258789,88.41649627685547,69864000.0
AMZN,2019-09-26,104136.0,604962.0,Thursday,88.1395034790039,88.16850280761719,86.57499694824219,86.99199676513672,70736000.0
AMZN,2019-09-27,120445.0,393143.0,Friday,87.4000015258789,87.45600128173828,85.69100189208984,86.27249908447266,78144000.0
AMZN,2019-09-30,130112.0,589395.0,Monday,86.34950256347656,86.87300109863281,85.46099853515625,86.79550170898438,52894000.0
AMZN,2019-10-01,106348.0,521426.0,Tuesday,87.30000305175781,87.77999877929688,86.42050170898438,86.78250122070312,61690000.0
AMZN,2019-10-02,138191.0,542932.0,Wednesday,86.38700103759766,86.44450378417969,85.25,85.6614990234375,66022000.0
AMZN,2019-10-03,59032.0,468433.0,Thursday,85.6500015258789,86.25,84.25299835205078,86.22100067138672,69364000.0
AMZN,2019-10-04,119306.0,417626.0,Friday,86.3010025024414,87.02899932861328,85.96150207519531,86.98249816894531,49438000.0
AMZN,2019-10-07,85635.0,494233.0,Monday,86.58149719238281,87.3915023803711,86.18499755859375,86.63300323486328,43094000.0
AMZN,2019-10-08,96153.0,435597.0,Tuesday,86.12449645996094,86.3499984741211,85.25,85.27549743652344,50840000.0
AMZN,2019-10-09,113307.0,407301.0,Wednesday,85.98049926757812,86.49749755859375,85.71800231933594,86.09950256347656,40870000.0
AMZN,2019-10-10,75893.0,455538.0,Thursday,86.26200103759766,86.91449737548828,85.6875,86.01300048828125,51504000.0
AMZN,2019-10-11,158205.0,388262.0,Friday,87.14600372314453,87.27249908447266,86.49299621582031,86.59600067138672,65100000.0
AMZN,2019-10-14,101245.0,280429.0,Monday,86.44550323486328,87.09449768066406,86.0999984741211,86.82150268554688,38204000.0
AMZN,2019-10-15,79935.0,357823.0,Tuesday,87.10700225830078,88.82250213623047,87.03099822998047,88.36900329589844,62234000.0
AMZN,2019-10-16,138347.0,477505.0,Wednesday,88.66649627685547,89.31199645996094,88.5260009765625,88.87149810791016,55268000.0
AMZN,2019-10-17,170311.0,516068.0,Thursday,89.82450103759766,89.94249725341797,89.10099792480469,89.3740005493164,52948000.0
AMZN,2019-10-18,375829.0,538808.0,Friday,89.38999938964844,89.6989974975586,87.45999908447266,87.87550354003906,67250000.0
AMZN,2019-10-21,110049.0,500790.0,Monday,88.48300170898438,89.29399871826172,88.25,89.28299713134766,42608000.0
AMZN,2019-10-22,99854.0,410751.0,Tuesday,89.40750122070312,89.48899841308594,88.0999984741211,88.2864990234375,42234000.0
AMZN,2019-10-23,101876.0,394257.0,Wednesday,88.06500244140625,88.50250244140625,87.0999984741211,88.1084976196289,42764000.0
AMZN,2019-10-24,141275.0,2346290.0,Thursday,88.55449676513672,89.41699981689453,88.01349639892578,89.03900146484375,88922000.0
AMZN,2019-10-25,1100995.0,584778.0,Friday,84.87750244140625,88.21050262451172,84.75,88.06649780273438,192528000.0
AMZN,2019-10-28,244579.0,453991.0,Monday,87.40299987792969,88.93499755859375,87.125,88.85399627685547,74178000.0
AMZN,2019-10-29,93415.0,350516.0,Tuesday,88.7405014038086,88.8499984741211,87.79049682617188,88.135498046875,45538000.0
AMZN,2019-10-30,84216.0,397900.0,Wednesday,88.01200103759766,89.11900329589844,87.95600128173828,88.99949645996094,48988000.0
AMZN,2019-10-31,112887.0,708798.0,Thursday,88.79949951171875,89.5999984741211,88.5739974975586,88.83300018310547,55624000.0
AMZN,2019-11-01,144529.0,613355.0,Friday,89.40049743652344,89.87249755859375,89.260498046875,89.5719985961914,55808000.0
AMZN,2019-11-04,247002.0,398404.0,Monday,90.05049896240234,90.75299835205078,90.05049896240234,90.23300170898438,55438000.0
AMZN,2019-11-05,116283.0,396251.0,Tuesday,90.45800018310548,90.5124969482422,89.69999694824219,90.08550262451172,37710000.0
AMZN,2019-11-06,64570.0,414439.0,Wednesday,90.05000305175781,90.125,89.42900085449219,89.78849792480469,40596000.0
AMZN,2019-11-07,95338.0,404748.0,Thursday,90.18800354003906,90.29499816894533,89.17400360107422,89.41000366210938,53022000.0
AMZN,2019-11-08,84030.0,380071.0,Friday,89.39450073242188,89.49400329589844,88.7020034790039,89.29399871826172,42466000.0
AMZN,2019-11-11,132331.0,255113.0,Monday,88.9000015258789,89.0,88.35649871826172,88.5824966430664,38920000.0
AMZN,2019-11-12,61430.0,358311.0,Tuesday,88.73300170898438,89.31099700927734,88.59549713134766,88.9000015258789,40752000.0
AMZN,2019-11-13,66633.0,532259.0,Wednesday,88.66950225830078,88.75,87.36599731445312,87.65550231933594,59790000.0
AMZN,2019-11-14,89296.0,359699.0,Thursday,87.57150268554688,88.32949829101562,87.47799682617188,87.7300033569336,45296000.0
AMZN,2019-11-15,304977.0,714313.0,Friday,88.00250244140625,88.08399963378906,86.64299774169922,86.97450256347656,78552000.0
AMZN,2019-11-18,113928.0,434548.0,Monday,86.91500091552734,87.68499755859375,86.135498046875,87.62650299072266,56790000.0
AMZN,2019-11-19,110374.0,753529.0,Tuesday,87.84950256347656,88.03399658203125,87.15149688720703,87.6395034790039,45416000.0
AMZN,2019-11-20,84882.0,799827.0,Wednesday,87.45700073242188,88.1259994506836,86.70600128173828,87.27649688720703,55800000.0
AMZN,2019-11-21,83725.0,458030.0,Thursday,87.1500015258789,87.34349822998047,86.51799774169922,86.7354965209961,53258000.0
AMZN,2019-11-22,101756.0,487259.0,Friday,86.95099639892578,87.32150268554688,86.55000305175781,87.28600311279297,49582000.0
AMZN,2019-11-25,129556.0,857902.0,Monday,87.6624984741211,88.87100219726562,87.66200256347656,88.69200134277344,69724000.0
AMZN,2019-11-26,168528.0,833956.0,Tuesday,88.99600219726562,89.85150146484375,88.9175033569336,89.84700012207031,63624000.0
AMZN,2019-11-27,170848.0,453394.0,Wednesday,90.05000305175781,91.2249984741211,89.8655014038086,90.92549896240234,60512000.0
AMZN,2019-11-29,122042.0,508.0,Friday,90.88899993896484,91.2344970703125,90.03949737548828,90.04000091552734,38468000.0
AMZN,2019-12-02,217365.0,686713.0,Monday,90.22000122070312,90.27749633789062,88.13400268554688,89.08000183105469,78512000.0
AMZN,2019-12-03,182621.0,444534.0,Tuesday,88.0,88.64350128173828,87.36150360107422,88.49800109863281,67618000.0
AMZN,2019-12-04,139506.0,473092.0,Wednesday,88.70050048828125,89.45449829101562,88.01100158691406,88.03450012207031,53402000.0
AMZN,2019-12-05,99283.0,563116.0,Thursday,88.17500305175781,88.17500305175781,87.0,87.02400207519531,56476000.0
AMZN,2019-12-06,177327.0,562961.0,Friday,87.55999755859375,87.72000122070312,87.00650024414062,87.58000183105469,62348000.0
AMZN,2019-12-09,84998.0,560730.0,Monday,87.53299713134766,88.34449768066406,87.28050231933594,87.47550201416016,48856000.0
AMZN,2019-12-10,109172.0,507039.0,Tuesday,87.37000274658203,87.53350067138672,86.75,86.96050262451172,50286000.0
AMZN,2019-12-11,82177.0,600143.0,Wednesday,87.08350372314453,87.5,86.7854995727539,87.43599700927734,41952000.0
AMZN,2019-12-12,94079.0,737930.0,Thursday,87.5,88.19999694824219,87.27200317382812,88.0165023803711,61918000.0
AMZN,2019-12-13,209404.0,485043.0,Friday,88.25,88.44950103759766,87.75,88.0469970703125,54914000.0
AMZN,2019-12-16,103374.0,739333.0,Monday,88.3499984741211,88.4749984741211,87.85250091552734,88.46050262451172,62904000.0
AMZN,2019-12-17,227040.0,749591.0,Tuesday,88.90049743652344,89.5999984741211,88.86949920654297,89.53299713134766,72888000.0
AMZN,2019-12-18,158188.0,777227.0,Wednesday,89.7509994506836,89.91000366210938,89.11799621582031,89.20149993896484,67028000.0
AMZN,2019-12-19,93802.0,1110376.0,Thursday,89.0250015258789,89.64949798583984,88.7030029296875,89.61399841308594,53056000.0
AMZN,2019-12-20,1239655.0,2710003.0,Friday,89.98100280761719,90.14849853515624,89.12249755859375,89.32499694824219,103016000.0
AMZN,2019-12-23,94426.0,577227.0,Monday,89.41300201416016,89.6500015258789,89.22550201416016,89.6500015258789,42728000.0
AMZN,2019-12-24,69250.0,225.0,Tuesday,89.69049835205078,89.77850341796875,89.37899780273438,89.46050262451172,17626000.0
AMZN,2019-12-26,165155.0,643867.0,Thursday,90.05049896240234,93.52300262451172,89.9749984741211,93.4384994506836,120108000.0
AMZN,2019-12-27,365130.0,604646.0,Friday,94.14600372314452,95.06999969482422,93.30049896240234,93.48999786376952,123732000.0
AMZN,2019-12-30,155068.0,399722.0,Monday,93.6999969482422,94.1999969482422,92.03099822998048,92.34449768066406,73494000.0
AMZN,2019-12-31,91535.0,660269.0,Tuesday,92.0999984741211,92.66300201416016,91.61150360107422,92.39199829101562,50130000.0
AMZN,2020-01-02,286321.0,798091.0,Thursday,93.75,94.90049743652344,93.2074966430664,94.90049743652344,80580000.0
AMZN,2020-01-03,312952.0,668227.0,Friday,93.2249984741211,94.30999755859376,93.2249984741211,93.74849700927734,75288000.0
AMZN,2020-01-06,241288.0,807897.0,Monday,93.0,95.18450164794922,93.0,95.1439971923828,81236000.0
AMZN,2020-01-07,241406.0,721734.0,Tuesday,95.2249984741211,95.69450378417967,94.60199737548828,95.34300231933594,80898000.0
AMZN,2020-01-08,285929.0,492427.0,Wednesday,94.9020004272461,95.5500030517578,94.3219985961914,94.59850311279295,70160000.0
AMZN,2020-01-09,235154.0,407272.0,Thursday,95.49449920654295,95.89099884033205,94.79000091552734,95.05249786376952,63346000.0
AMZN,2020-01-10,147182.0,390193.0,Friday,95.26850128173828,95.34700012207033,94.0,94.15799713134766,57074000.0
AMZN,2020-01-13,155385.0,494597.0,Monday,94.56549835205078,94.9000015258789,94.04000091552734,94.56500244140624,55616000.0
AMZN,2020-01-14,169034.0,579021.0,Tuesday,94.29399871826172,94.35549926757812,92.92749786376952,93.47200012207033,68818000.0
AMZN,2020-01-15,134415.0,399931.0,Wednesday,93.6125030517578,93.94300079345705,92.75450134277344,93.10099792480467,57932000.0
AMZN,2020-01-16,204737.0,407138.0,Thursday,94.14949798583984,94.27950286865234,93.3010025024414,93.89700317382812,53190000.0
AMZN,2020-01-17,461815.0,1164179.0,Friday,94.29450225830078,94.33200073242188,92.8625030517578,93.23600006103516,79946000.0
AMZN,2020-01-21,202178.0,1099387.0,Tuesday,93.25,94.7135009765625,93.0,94.5999984741211,74156000.0
AMZN,2020-01-22,183985.0,507372.0,Wednesday,94.80449676513672,95.125,94.16699981689452,94.3730010986328,64326000.0
AMZN,2020-01-23,91572.0,768190.0,Thursday,94.25550079345705,94.4990005493164,93.63800048828124,94.22899627685548,49692000.0
AMZN,2020-01-24,112606.0,601537.0,Friday,94.56849670410156,94.74949645996094,92.37200164794922,93.08200073242188,75324000.0
AMZN,2020-01-27,394753.0,825063.0,Monday,91.0,92.0500030517578,90.76699829101562,91.41699981689452,70570000.0
AMZN,2020-01-28,148693.0,688484.0,Tuesday,92.0250015258789,92.90550231933594,91.5009994506836,92.6624984741211,56160000.0
AMZN,2020-01-29,117878.0,392266.0,Wednesday,93.1999969482422,93.7375030517578,92.7509994506836,92.9000015258789,41760000.0
AMZN,2020-01-30,172935.0,3214241.0,Thursday,92.9000015258789,93.64350128173828,92.53050231933594,93.53399658203124,126548000.0
AMZN,2020-01-31,2105082.0,1280696.0,Friday,102.57350158691406,102.78600311279295,100.1135025024414,100.43599700927734,311346000.0
AMZN,2020-02-03,582034.0,614788.0,Monday,100.52999877929688,102.4250030517578,100.0124969482422,100.20999908447266,117834000.0
AMZN,2020-02-04,415470.0,565677.0,Tuesday,101.49400329589844,102.98999786376952,100.76850128173828,102.4834976196289,105786000.0
AMZN,2020-02-05,369469.0,547797.0,Wednesday,103.5510025024414,103.5510025024414,101.5999984741211,101.99349975585938,87524000.0
AMZN,2020-02-06,153152.0,596519.0,Thursday,102.0510025024414,102.81500244140624,101.23999786376952,102.5114974975586,63660000.0
AMZN,2020-02-07,128900.0,489271.0,Friday,102.09950256347656,104.92649841308594,101.90499877929688,103.96399688720705,101906000.0
AMZN,2020-02-10,205931.0,666018.0,Monday,104.25050354003906,106.77999877929688,104.2480010986328,106.69550323486328,101124000.0
AMZN,2020-02-11,369326.0,248322.0,Tuesday,107.54499816894533,109.29750061035156,106.8000030517578,107.54000091552734,114920000.0
AMZN,2020-02-12,201585.0,441209.0,Wednesday,108.16000366210938,109.0124969482422,107.7645034790039,108.0,66686000.0
AMZN,2020-02-13,199932.0,446606.0,Thursday,107.24949645996094,108.51399993896484,107.0999984741211,107.49349975585938,60636000.0
AMZN,2020-02-14,120577.0,439231.0,Friday,107.78399658203124,107.9520034790039,106.29450225830078,106.74349975585938,52124000.0
AMZN,2020-02-18,204660.0,562092.0,Tuesday,106.2509994506836,108.30349731445312,106.20549774169922,107.78350067138672,58912000.0
AMZN,2020-02-19,176363.0,401667.0,Wednesday,108.38999938964844,109.25499725341795,108.05599975585938,108.51100158691406,51224000.0
AMZN,2020-02-20,125397.0,445072.0,Thursday,108.65350341796876,108.8395004272461,106.37249755859376,107.65499877929688,62626000.0
AMZN,2020-02-21,317419.0,714385.0,Friday,107.10749816894533,107.22750091552734,104.4000015258789,104.79850006103516,92926000.0
AMZN,2020-02-24,883811.0,761832.0,Monday,100.15899658203124,101.96499633789062,99.39849853515624,100.4645004272461,130940000.0
AMZN,2020-02-25,286898.0,703761.0,Tuesday,101.3209991455078,101.7300033569336,97.9209976196289,98.63700103759766,124382000.0
AMZN,2020-02-26,377016.0,463230.0,Wednesday,98.51399993896484,100.7334976196289,98.02249908447266,98.97949981689452,104492000.0
AMZN,2020-02-27,490301.0,939194.0,Thursday,96.71900177001952,98.75,94.13800048828124,94.21499633789062,162880000.0
AMZN,2020-02-28,872522.0,1716933.0,Friday,90.73149871826172,94.48799896240234,90.55650329589844,94.1875,189620000.0
AYX,2019-01-02,10660.0,248573.0,Wednesday,,,,,
AYX,2019-01-03,9422.0,88315.0,Thursday,,,,,
AYX,2019-01-04,6485.0,179134.0,Friday,,,,,
AYX,2019-01-07,14127.0,147861.0,Monday,,,,,
AYX,2019-01-08,39129.0,154371.0,Tuesday,,,,,
AYX,2019-01-09,8669.0,82106.0,Wednesday,,,,,
AYX,2019-01-10,4444.0,98739.0,Thursday,,,,,
AYX,2019-01-11,17435.0,91026.0,Friday,,,,,
AYX,2019-01-14,21371.0,76959.0,Monday,,,,,
AYX,2019-01-15,5489.0,85476.0,Tuesday,,,,,
AYX,2019-01-16,13302.0,77769.0,Wednesday,,,,,
AYX,2019-01-17,4028.0,65183.0,Thursday,,,,,
AYX,2019-01-18,20910.0,94238.0,Friday,,,,,
AYX,2019-01-22,18840.0,433854.0,Tuesday,,,,,
AYX,2019-01-23,18347.0,82885.0,Wednesday,,,,,
AYX,2019-01-24,467.0,695616.0,Thursday,,,,,
AYX,2019-01-25,178709.0,103144.0,Friday,,,,,
AYX,2019-01-28,13498.0,58698.0,Monday,,,,,
AYX,2019-01-29,23735.0,117522.0,Tuesday,,,,,
AYX,2019-01-30,11615.0,71485.0,Wednesday,,,,,
AYX,2019-01-31,12827.0,114698.0,Thursday,,,,,
AYX,2019-02-01,11509.0,215998.0,Friday,,,,,
AYX,2019-02-04,8989.0,200266.0,Monday,,,,,
AYX,2019-02-05,8703.0,66959.0,Tuesday,,,,,
AYX,2019-02-06,6230.0,85670.0,Wednesday,,,,,
AYX,2019-02-07,27358.0,57391.0,Thursday,,,,,
AYX,2019-02-08,7938.0,78995.0,Friday,,,,,
AYX,2019-02-11,23484.0,421968.0,Monday,,,,,
AYX,2019-02-12,6435.0,61497.0,Tuesday,,,,,
AYX,2019-02-13,6508.0,373001.0,Wednesday,,,,,
AYX,2019-02-14,12882.0,43597.0,Thursday,,,,,
AYX,2019-02-15,17223.0,116065.0,Friday,,,,,
AYX,2019-02-19,12184.0,63307.0,Tuesday,,,,,
AYX,2019-02-20,7906.0,65371.0,Wednesday,,,,,
AYX,2019-02-21,4170.0,66172.0,Thursday,,,,,
AYX,2019-02-22,30860.0,58456.0,Friday,,,,,
AYX,2019-02-25,21286.0,151820.0,Monday,,,,,
AYX,2019-02-26,111482.0,344663.0,Tuesday,,,,,
AYX,2019-02-27,15024.0,544161.0,Wednesday,,,,,
AYX,2019-02-28,157282.0,71948.0,Thursday,,,,,
AYX,2019-03-01,56494.0,107505.0,Friday,,,,,
AYX,2019-03-04,25396.0,193477.0,Monday,,,,,
AYX,2019-03-05,44019.0,240272.0,Tuesday,,,,,
AYX,2019-03-06,23646.0,75102.0,Wednesday,,,,,
AYX,2019-03-07,19273.0,99244.0,Thursday,,,,,
AYX,2019-03-08,36277.0,70846.0,Friday,,,,,
AYX,2019-03-11,8143.0,59296.0,Monday,,,,,
AYX,2019-03-12,10572.0,44244.0,Tuesday,,,,,
AYX,2019-03-13,14783.0,112665.0,Wednesday,,,,,
AYX,2019-03-14,54619.0,75948.0,Thursday,,,,,
AYX,2019-03-15,87432.0,202463.0,Friday,,,,,
AYX,2019-03-18,8026.0,146318.0,Monday,,,,,
AYX,2019-03-19,8135.0,105734.0,Tuesday,,,,,
AYX,2019-03-20,7049.0,180452.0,Wednesday,,,,,
AYX,2019-03-21,9005.0,120584.0,Thursday,,,,,
AYX,2019-03-22,21100.0,104400.0,Friday,,,,,
AYX,2019-03-25,47818.0,334953.0,Monday,,,,,
AYX,2019-03-26,38578.0,439728.0,Tuesday,,,,,
AYX,2019-03-27,10595.0,294133.0,Wednesday,,,,,
AYX,2019-03-28,10321.0,165570.0,Thursday,,,,,
AYX,2019-03-29,18547.0,266214.0,Friday,,,,,
AYX,2019-04-01,18873.0,90377.0,Monday,,,,,
AYX,2019-04-02,6281.0,148288.0,Tuesday,,,,,
AYX,2019-04-03,11487.0,47756.0,Wednesday,,,,,
AYX,2019-04-04,5711.0,131552.0,Thursday,,,,,
AYX,2019-04-05,13348.0,373702.0,Friday,,,,,
AYX,2019-04-08,8615.0,50751.0,Monday,,,,,
AYX,2019-04-09,9076.0,111548.0,Tuesday,,,,,
AYX,2019-04-10,6121.0,173920.0,Wednesday,,,,,
AYX,2019-04-11,5838.0,165140.0,Thursday,,,,,
AYX,2019-04-12,13678.0,377319.0,Friday,,,,,
AYX,2019-04-15,5072.0,103027.0,Monday,,,,,
AYX,2019-04-16,7658.0,64807.0,Tuesday,,,,,
AYX,2019-04-17,5839.0,119645.0,Wednesday,,,,,
AYX,2019-04-18,8116.0,154816.0,Thursday,,,,,
AYX,2019-04-22,12813.0,97467.0,Monday,,,,,
AYX,2019-04-23,9528.0,153372.0,Tuesday,,,,,
AYX,2019-04-24,9299.0,122090.0,Wednesday,,,,,
AYX,2019-04-25,12443.0,504003.0,Thursday,,,,,
AYX,2019-04-26,6115.0,45485.0,Friday,,,,,
AYX,2019-04-29,33206.0,346847.0,Monday,,,,,
AYX,2019-04-30,10715.0,184060.0,Tuesday,,,,,
AYX,2019-05-01,7250.0,228741.0,Wednesday,,,,,
AYX,2019-05-02,54641.0,128339.0,Thursday,,,,,
AYX,2019-05-03,15809.0,1577107.0,Friday,,,,,
AYX,2019-05-06,67158.0,280588.0,Monday,,,,,
AYX,2019-05-07,20033.0,221610.0,Tuesday,,,,,
AYX,2019-05-08,16136.0,94803.0,Wednesday,,,,,
AYX,2019-05-09,17674.0,100783.0,Thursday,,,,,
AYX,2019-05-10,7784.0,88616.0,Friday,,,,,
AYX,2019-05-13,19219.0,294132.0,Monday,,,,,
AYX,2019-05-14,18731.0,75382.0,Tuesday,,,,,
AYX,2019-05-15,22569.0,124426.0,Wednesday,,,,,
AYX,2019-05-16,13348.0,113829.0,Thursday,,,,,
AYX,2019-05-17,23915.0,53924.0,Friday,,,,,
AYX,2019-05-20,15753.0,64752.0,Monday,,,,,
AYX,2019-05-21,13327.0,170161.0,Tuesday,,,,,
AYX,2019-05-22,10297.0,187976.0,Wednesday,,,,,
AYX,2019-05-23,10236.0,88306.0,Thursday,,,,,
AYX,2019-05-24,16109.0,398121.0,Friday,,,,,
AYX,2019-05-28,8315.0,1262859.0,Tuesday,,,,,
AYX,2019-05-29,30309.0,235919.0,Wednesday,,,,,
AYX,2019-05-30,16688.0,73147.0,Thursday,,,,,
AYX,2019-05-31,17066.0,248675.0,Friday,,,,,
AYX,2019-06-03,19226.0,166279.0,Monday,,,,,
AYX,2019-06-04,20636.0,172147.0,Tuesday,,,,,
AYX,2019-06-05,29232.0,93470.0,Wednesday,,,,,
AYX,2019-06-06,26981.0,257553.0,Thursday,,,,,
AYX,2019-06-07,104650.0,154285.0,Friday,,,,,
AYX,2019-06-10,146365.0,139455.0,Monday,,,,,
AYX,2019-06-11,39804.0,411533.0,Tuesday,,,,,
AYX,2019-06-12,39610.0,165808.0,Wednesday,,,,,
AYX,2019-06-13,45333.0,143325.0,Thursday,,,,,
AYX,2019-06-14,29445.0,138597.0,Friday,,,,,
AYX,2019-06-17,27943.0,89520.0,Monday,,,,,
AYX,2019-06-18,31148.0,120123.0,Tuesday,,,,,
AYX,2019-06-19,19664.0,249710.0,Wednesday,,,,,
AYX,2019-06-20,31445.0,346945.0,Thursday,,,,,
AYX,2019-06-21,32652.0,525330.0,Friday,,,,,
AYX,2019-06-24,20851.0,200944.0,Monday,,,,,
AYX,2019-06-25,13424.0,229097.0,Tuesday,,,,,
AYX,2019-06-26,19381.0,160095.0,Wednesday,,,,,
AYX,2019-06-27,12100.0,223994.0,Thursday,,,,,
AYX,2019-06-28,41250.0,4151552.0,Friday,,,,,
AYX,2019-07-01,39617.0,83172.0,Monday,,,,,
AYX,2019-07-02,5862.0,738224.0,Tuesday,,,,,
AYX,2019-07-03,14605.0,,Wednesday,,,,,
AYX,2019-07-05,31763.0,74009.0,Friday,,,,,
AYX,2019-07-08,16374.0,175855.0,Monday,,,,,
AYX,2019-07-09,16539.0,81529.0,Tuesday,,,,,
AYX,2019-07-10,23137.0,114564.0,Wednesday,,,,,
AYX,2019-07-11,13539.0,665545.0,Thursday,,,,,
AYX,2019-07-12,12362.0,90040.0,Friday,,,,,
AYX,2019-07-15,8563.0,855171.0,Monday,,,,,
AYX,2019-07-16,9087.0,62250.0,Tuesday,,,,,
AYX,2019-07-17,12967.0,83622.0,Wednesday,,,,,
AYX,2019-07-18,12281.0,113430.0,Thursday,,,,,
AYX,2019-07-19,16062.0,111906.0,Friday,,,,,
AYX,2019-07-22,18941.0,96472.0,Monday,,,,,
AYX,2019-07-23,11785.0,215046.0,Tuesday,,,,,
AYX,2019-07-24,12529.0,735461.0,Wednesday,,,,,
AYX,2019-07-25,21044.0,131266.0,Thursday,,,,,
AYX,2019-07-26,20947.0,132601.0,Friday,,,,,
AYX,2019-07-29,18289.0,374868.0,Monday,,,,,
AYX,2019-07-30,44674.0,330841.0,Tuesday,,,,,
AYX,2019-07-31,28927.0,320403.0,Wednesday,,,,,
AYX,2019-08-01,15207.0,252478.0,Thursday,,,,,
AYX,2019-08-02,45284.0,99632.0,Friday,,,,,
AYX,2019-08-05,65346.0,607118.0,Monday,,,,,
AYX,2019-08-06,45846.0,188268.0,Tuesday,,,,,
AYX,2019-08-07,3676.0,186889.0,Wednesday,,,,,
AYX,2019-08-08,108672.0,377157.0,Thursday,,,,,
AYX,2019-08-09,10255.0,184734.0,Friday,,,,,
AYX,2019-08-12,30730.0,54111.0,Monday,,,,,
AYX,2019-08-13,11982.0,1133481.0,Tuesday,,,,,
AYX,2019-08-14,33120.0,135377.0,Wednesday,,,,,
AYX,2019-08-15,17426.0,511386.0,Thursday,,,,,
AYX,2019-08-16,31390.0,192717.0,Friday,,,,,
AYX,2019-08-19,34631.0,793681.0,Monday,,,,,
AYX,2019-08-20,22074.0,112432.0,Tuesday,,,,,
AYX,2019-08-21,58953.0,619947.0,Wednesday,,,,,
AYX,2019-08-22,70378.0,123354.0,Thursday,,,,,
AYX,2019-08-23,40026.0,561463.0,Friday,,,,,
AYX,2019-08-26,64113.0,537814.0,Monday,,,,,
AYX,2019-08-27,38581.0,324473.0,Tuesday,,,,,
AYX,2019-08-28,32710.0,164998.0,Wednesday,,,,,
AYX,2019-08-29,28190.0,186183.0,Thursday,,,,,
AYX,2019-08-30,33170.0,217480.0,Friday,,,,,
AYX,2019-09-03,47220.0,319525.0,Tuesday,,,,,
AYX,2019-09-04,38028.0,535295.0,Wednesday,,,,,
AYX,2019-09-05,50982.0,290366.0,Thursday,,,,,
AYX,2019-09-06,38049.0,132259.0,Friday,,,,,
AYX,2019-09-09,51795.0,295145.0,Monday,,,,,
AYX,2019-09-10,268061.0,429082.0,Tuesday,,,,,
AYX,2019-09-11,67588.0,174957.0,Wednesday,,,,,
AYX,2019-09-12,81993.0,406623.0,Thursday,,,,,
AYX,2019-09-13,63223.0,219257.0,Friday,,,,,
AYX,2019-09-16,95142.0,367003.0,Monday,,,,,
AYX,2019-09-17,65210.0,288807.0,Tuesday,,,,,
AYX,2019-09-18,38171.0,436282.0,Wednesday,,,,,
AYX,2019-09-19,39080.0,249628.0,Thursday,,,,,
AYX,2019-09-20,63156.0,743955.0,Friday,,,,,
AYX,2019-09-23,48163.0,274016.0,Monday,,,,,
AYX,2019-09-24,23198.0,558804.0,Tuesday,,,,,
AYX,2019-09-25,45829.0,723605.0,Wednesday,,,,,
AYX,2019-09-26,35604.0,129545.0,Thursday,,,,,
AYX,2019-09-27,24831.0,169078.0,Friday,,,,,
AYX,2019-09-30,77877.0,582173.0,Monday,,,,,
AYX,2019-10-01,35030.0,152182.0,Tuesday,,,,,
AYX,2019-10-02,26694.0,129488.0,Wednesday,,,,,
AYX,2019-10-03,18016.0,1032665.0,Thursday,,,,,
AYX,2019-10-04,47407.0,455155.0,Friday,,,,,
AYX,2019-10-07,82239.0,222226.0,Monday,,,,,
AYX,2019-10-08,61202.0,204401.0,Tuesday,,,,,
AYX,2019-10-09,72293.0,207205.0,Wednesday,,,,,
AYX,2019-10-10,34906.0,264122.0,Thursday,,,,,
AYX,2019-10-11,58498.0,403135.0,Friday,,,,,
AYX,2019-10-14,19084.0,1626565.0,Monday,,,,,
AYX,2019-10-15,26335.0,747081.0,Tuesday,,,,,
AYX,2019-10-16,68589.0,409568.0,Wednesday,,,,,
AYX,2019-10-17,70467.0,168224.0,Thursday,,,,,
AYX,2019-10-18,46925.0,624854.0,Friday,,,,,
AYX,2019-10-21,77002.0,298102.0,Monday,,,,,
AYX,2019-10-22,57902.0,278760.0,Tuesday,,,,,
AYX,2019-10-23,108411.0,578765.0,Wednesday,,,,,
AYX,2019-10-24,24563.0,381609.0,Thursday,,,,,
AYX,2019-10-25,66890.0,232817.0,Friday,,,,,
AYX,2019-10-28,54091.0,148453.0,Monday,,,,,
AYX,2019-10-29,31551.0,149450.0,Tuesday,,,,,
AYX,2019-10-30,59790.0,1261495.0,Wednesday,,,,,
AYX,2019-10-31,64207.0,1293119.0,Thursday,,,,,
AYX,2019-11-01,393085.0,410931.0,Friday,,,,,
AYX,2019-11-04,159268.0,644971.0,Monday,,,,,
AYX,2019-11-05,68661.0,863186.0,Tuesday,,,,,
AYX,2019-11-06,46371.0,182904.0,Wednesday,,,,,
AYX,2019-11-07,42944.0,145662.0,Thursday,,,,,
AYX,2019-11-08,38271.0,205583.0,Friday,,,,,
AYX,2019-11-11,26063.0,150423.0,Monday,,,,,
AYX,2019-11-12,35473.0,470471.0,Tuesday,,,,,
AYX,2019-11-13,41302.0,159012.0,Wednesday,,,,,
AYX,2019-11-14,19300.0,191373.0,Thursday,,,,,
AYX,2019-11-15,58542.0,230491.0,Friday,,,,,
AYX,2019-11-18,53934.0,139526.0,Monday,,,,,
AYX,2019-11-19,39055.0,1037424.0,Tuesday,,,,,
AYX,2019-11-20,67049.0,368146.0,Wednesday,,,,,
AYX,2019-11-21,53583.0,265481.0,Thursday,,,,,
AYX,2019-11-22,69155.0,143911.0,Friday,,,,,
AYX,2019-11-25,50837.0,129523.0,Monday,,,,,
AYX,2019-11-26,66674.0,996895.0,Tuesday,,,,,
AYX,2019-11-27,54574.0,108365.0,Wednesday,,,,,
AYX,2019-11-29,26358.0,184603.0,Friday,,,,,
AYX,2019-12-02,85673.0,942623.0,Monday,,,,,
AYX,2019-12-03,21622.0,555233.0,Tuesday,,,,,
AYX,2019-12-04,48672.0,742517.0,Wednesday,,,,,
AYX,2019-12-05,45380.0,933260.0,Thursday,,,,,
AYX,2019-12-06,47988.0,166401.0,Friday,,,,,
AYX,2019-12-09,45522.0,413068.0,Monday,,,,,
AYX,2019-12-10,25945.0,121876.0,Tuesday,,,,,
AYX,2019-12-11,36069.0,460370.0,Wednesday,,,,,
AYX,2019-12-12,91905.0,397159.0,Thursday,,,,,
AYX,2019-12-13,64158.0,396405.0,Friday,,,,,
AYX,2019-12-16,56592.0,513459.0,Monday,,,,,
AYX,2019-12-17,32799.0,368952.0,Tuesday,,,,,
AYX,2019-12-18,34274.0,316886.0,Wednesday,,,,,
AYX,2019-12-19,27237.0,303249.0,Thursday,,,,,
AYX,2019-12-20,34184.0,787506.0,Friday,,,,,
AYX,2019-12-23,28775.0,490893.0,Monday,,,,,
AYX,2019-12-24,60757.0,13175.0,Tuesday,,,,,
AYX,2019-12-26,14862.0,327600.0,Thursday,,,,,
AYX,2019-12-27,20339.0,304648.0,Friday,,,,,
AYX,2019-12-30,42988.0,354882.0,Monday,,,,,
AYX,2019-12-31,41009.0,275745.0,Tuesday,,,,,
AYX,2020-01-02,40141.0,283330.0,Thursday,,,,,
AYX,2020-01-03,114254.0,158309.0,Friday,,,,,
AYX,2020-01-06,66894.0,1248712.0,Monday,,,,,
AYX,2020-01-07,49072.0,276827.0,Tuesday,,,,,
AYX,2020-01-08,54668.0,268290.0,Wednesday,,,,,
AYX,2020-01-09,78269.0,660670.0,Thursday,,,,,
AYX,2020-01-10,100445.0,300643.0,Friday,,,,,
AYX,2020-01-13,23701.0,328067.0,Monday,,,,,
AYX,2020-01-14,56899.0,244828.0,Tuesday,,,,,
AYX,2020-01-15,37862.0,164156.0,Wednesday,,,,,
AYX,2020-01-16,46949.0,269648.0,Thursday,,,,,
AYX,2020-01-17,48384.0,303212.0,Friday,,,,,
AYX,2020-01-21,56491.0,366436.0,Tuesday,,,,,
AYX,2020-01-22,36371.0,252756.0,Wednesday,,,,,
AYX,2020-01-23,39737.0,480261.0,Thursday,,,,,
AYX,2020-01-24,54690.0,197176.0,Friday,,,,,
AYX,2020-01-27,23950.0,259322.0,Monday,,,,,
AYX,2020-01-28,44093.0,342910.0,Tuesday,,,,,
AYX,2020-01-29,67099.0,152095.0,Wednesday,,,,,
AYX,2020-01-30,45584.0,223968.0,Thursday,,,,,
AYX,2020-01-31,46346.0,386933.0,Friday,,,,,
AYX,2020-02-03,92717.0,324963.0,Monday,,,,,
AYX,2020-02-04,146112.0,252866.0,Tuesday,,,,,
AYX,2020-02-05,58547.0,349123.0,Wednesday,,,,,
AYX,2020-02-06,39977.0,243547.0,Thursday,,,,,
AYX,2020-02-07,39047.0,195883.0,Friday,,,,,
AYX,2020-02-10,23515.0,146472.0,Monday,,,,,
AYX,2020-02-11,89334.0,297296.0,Tuesday,,,,,
AYX,2020-02-12,39554.0,215191.0,Wednesday,,,,,
AYX,2020-02-13,64116.0,447005.0,Thursday,,,,,
AYX,2020-02-14,50585.0,353830.0,Friday,,,,,
AYX,2020-02-18,118514.0,303661.0,Tuesday,,,,,
AYX,2020-02-19,170258.0,208962.0,Wednesday,,,,,
AYX,2020-02-20,67478.0,235572.0,Thursday,,,,,
AYX,2020-02-21,57982.0,381324.0,Friday,,,,,
AYX,2020-02-24,47668.0,444696.0,Monday,,,,,
AYX,2020-02-25,97076.0,429862.0,Tuesday,,,,,
AYX,2020-02-26,70006.0,331199.0,Wednesday,,,,,
AYX,2020-02-27,17249.0,212522.0,Thursday,,,,,
AYX,2020-02-28,13783.0,523422.0,Friday,,,,,
BA,2019-01-02,96165.0,1073636.0,Wednesday,307.2407868562464,314.7811628579974,304.830968326349,314.6451110839844,3292200.0
BA,2019-01-03,111876.0,1250723.0,Thursday,310.44742809820144,310.690352319294,300.6430100933666,302.1005554199219,5705600.0
BA,2019-01-04,106006.0,1330134.0,Friday,307.7266861915052,319.14412449039554,307.13393567684506,317.8226013183594,4448800.0
BA,2019-01-07,23240.0,1366162.0,Monday,321.1652181576358,321.3304196626068,314.19816865361446,318.82342529296875,4030300.0
BA,2019-01-08,114151.0,1043240.0,Tuesday,324.65363024053977,331.5915601953921,323.2349610992613,330.8919372558594,4736500.0
BA,2019-01-09,118443.0,962817.0,Wednesday,333.2531087974314,337.3731231785814,331.2222661500944,334.0984802246094,4213900.0
BA,2019-01-10,158637.0,1081038.0,Thursday,336.7026779447765,343.46567957633874,333.2920125833411,342.6300048828125,5358100.0
BA,2019-01-11,122260.0,573837.0,Friday,338.69464352995385,344.3304732630758,338.2379448352681,342.91180419921875,3158900.0
BA,2019-01-14,79350.0,695613.0,Monday,338.3448256325252,342.8243334879572,337.188504109192,340.44366455078125,2476400.0
BA,2019-01-15,49485.0,609136.0,Tuesday,342.03727954809307,343.3199264633185,338.13106901954325,342.2704772949219,2940900.0
BA,2019-01-16,51662.0,1101419.0,Wednesday,342.523160584735,344.95240285838565,341.6097631175355,342.0956115722656,2731100.0
BA,2019-01-17,75209.0,1058621.0,Thursday,340.8226871667332,353.5324695520913,340.80326390414314,348.9266357421875,4270400.0
BA,2019-01-18,371606.0,571625.0,Friday,353.58103421604324,356.92367356037835,351.0934927952124,354.406982421875,4256500.0
BA,2019-01-22,102288.0,1139936.0,Tuesday,352.5899022278053,353.8920020928389,344.20418338168247,347.7702941894531,4336500.0
BA,2019-01-23,83545.0,659242.0,Wednesday,351.66679178683194,351.9485921613766,343.66001965907697,348.4601745605469,2924900.0
BA,2019-01-24,62788.0,880072.0,Thursday,348.7517219987629,352.9008568967576,346.7986018297971,348.1298217773437,2801300.0
BA,2019-01-25,62868.0,542512.0,Friday,352.23037535652526,356.55443812308687,350.1315066396696,353.8919982910156,3185600.0
BA,2019-01-28,94610.0,1263848.0,Monday,350.44243372330214,352.8911285590352,347.3815948324678,352.69677734375,3128900.0
BA,2019-01-29,64985.0,418278.0,Tuesday,352.7939601296682,357.37064370058647,352.1526366907764,354.5818786621094,3202700.0
BA,2019-01-30,781259.0,715153.0,Wednesday,376.4352962764533,380.87595731977154,369.7305949660479,376.7462463378906,12705300.0
BA,2019-01-31,109617.0,2577198.0,Thursday,376.2021710235339,377.9803632823373,371.26593422231775,374.7057495117188,6878500.0
BA,2019-02-01,89617.0,2466082.0,Friday,375.1818306685204,381.6824845194128,373.8409140171345,376.4644775390625,5625700.0
BA,2019-02-04,73268.0,1049276.0,Monday,377.9609170017614,385.8316672524151,377.13496876582127,385.7636413574219,4256600.0
BA,2019-02-05,267013.0,2087370.0,Tuesday,389.4074934315559,399.1244614523058,388.24144540753264,398.5705871582031,7230400.0
BA,2019-02-06,75867.0,1086670.0,Wednesday,399.86294559345765,402.1658621838474,394.17851358262095,399.4742431640625,5356000.0
BA,2019-02-07,124887.0,917997.0,Thursday,398.3756033423541,400.73893608738354,392.86771688802776,395.6802673339844,5211400.0
BA,2019-02-08,168667.0,1276518.0,Friday,390.6313877407081,395.4752086039062,388.4829031870104,395.4263916015625,4570900.0
BA,2019-02-11,157152.0,545508.0,Monday,398.5416555294777,400.23111710687937,393.2583627491029,394.4888610839844,3046900.0
BA,2019-02-12,102937.0,806221.0,Tuesday,397.4674079295623,401.5787946397724,395.9048765324226,401.1002807617188,3263300.0
BA,2019-02-13,100452.0,580083.0,Wednesday,402.85812656590406,403.0534541746524,398.1217449832496,400.9635620117188,3078700.0
BA,2019-02-14,100491.0,1098045.0,Thursday,399.35220541414606,402.56515675490925,398.2486670330968,400.2213745117188,2724300.0
BA,2019-02-15,180734.0,806989.0,Friday,402.8191051169447,408.25862464034645,401.79367982372986,408.1805114746094,4017300.0
BA,2019-02-19,124383.0,540534.0,Tuesday,405.7683499159238,408.1512037412914,404.8308429396051,406.5105590820313,3051500.0
BA,2019-02-20,72885.0,861486.0,Wednesday,407.3699811808721,411.9598823774682,407.3406552143543,411.6766662597656,3990100.0
BA,2019-02-21,68704.0,608914.0,Thursday,411.7059046252337,412.5164813786678,405.9440980836438,407.7995910644531,2880500.0
BA,2019-02-22,73024.0,551792.0,Friday,409.8699801693115,414.52824856477946,409.3230986311655,414.1180725097656,3132300.0
BA,2019-02-25,161475.0,458867.0,Monday,417.4775136678135,419.85062196062427,416.5302313755384,416.8720397949219,3276100.0
BA,2019-02-26,77315.0,555373.0,Tuesday,416.0223983883755,418.9521335882936,414.3133861884232,416.77435302734375,2503700.0
BA,2019-02-27,72506.0,549375.0,Wednesday,417.1650397586478,426.11047235201727,417.1454891153738,425.2413330078125,4603800.0
BA,2019-02-28,138204.0,955672.0,Thursday,428.4249879331667,431.0812825712621,426.8429057728901,429.6554565429688,5063100.0
BA,2019-03-01,243575.0,1206605.0,Friday,435.5637290030435,435.5637290030435,429.8800357283256,430.2999572753906,5124200.0
BA,2019-03-04,117093.0,934877.0,Monday,432.8390948181428,434.089114021864,416.6376621703568,422.55572509765625,5971000.0
BA,2019-03-05,80668.0,856985.0,Tuesday,420.9443636825811,423.6885466141026,418.6005814731104,420.0458984375,2844300.0
BA,2019-03-06,75823.0,874266.0,Wednesday,419.6357542637783,421.8818726833303,412.1942017529221,414.5184631347656,4159400.0
BA,2019-03-07,74842.0,1322673.0,Thursday,413.44424523677503,424.17686284860383,406.6863389387457,412.6629943847656,4893600.0
BA,2019-03-08,165871.0,1098089.0,Friday,407.00858645189385,413.51260245048974,405.7683425598436,412.6434631347656,3794900.0
BA,2019-03-11,2943785.0,977591.0,Monday,362.5742597077945,393.238845975542,356.9882299464508,390.6411437988281,34742200.0
BA,2019-03-12,1214760.0,1273810.0,Tuesday,375.6994769884288,380.86558519392247,359.380859875291,366.6173095703125,36922600.0
BA,2019-03-13,1178567.0,1779664.0,Wednesday,369.5665885167006,372.828357076652,354.82024744896535,368.3068237304688,32662300.0
BA,2019-03-14,633191.0,841681.0,Thursday,366.2071215261713,371.4806686830137,363.3848254719303,364.55670166015625,13514100.0
BA,2019-03-15,1119307.0,4705461.0,Friday,362.1934272788097,376.67607285795,357.86719181467834,370.1134643554688,26697700.0
BA,2019-03-18,794567.0,1281277.0,Monday,361.3340103358745,364.3321131959298,358.5996027193208,363.56060791015625,13119200.0
BA,2019-03-19,223986.0,1596286.0,Tuesday,362.4473420987779,369.8986106761653,362.3203821311768,364.6836853027344,9856100.0
BA,2019-03-20,163792.0,1026654.0,Wednesday,365.92393533803374,371.8810396859217,364.9278063045753,367.3497314453125,8737600.0
BA,2019-03-21,70187.0,672835.0,Thursday,365.2793755771125,368.17003915780987,363.51177114203824,363.97076416015625,6951000.0
BA,2019-03-22,466212.0,754195.0,Friday,360.1523526174676,361.19726884412506,353.0623839726225,353.6874084472656,10143900.0
BA,2019-03-25,271940.0,462736.0,Monday,356.45112380658645,362.515667458619,354.3905576428059,361.7832336425781,7939600.0
BA,2019-03-26,337747.0,912970.0,Tuesday,366.7833293319205,366.8028799751552,358.99025220061645,361.70513916015625,6479700.0
BA,2019-03-27,218789.0,794288.0,Wednesday,363.17976475700345,367.8380331149655,356.98823131640023,365.4454040527344,9600000.0
BA,2019-03-28,175145.0,575967.0,Thursday,367.7794263189254,367.8380186378912,363.6094175347458,365.6700134277344,4921300.0
BA,2019-03-29,176488.0,1381752.0,Friday,367.7012838060932,373.2287210567865,365.9629754681075,372.4865417480469,7694700.0
BA,2019-04-01,298288.0,815214.0,Monday,376.7639567450857,383.6976697495306,374.127212793182,382.3695373535156,7735700.0
BA,2019-04-02,246160.0,627393.0,Tuesday,379.4007209880338,385.5824493519004,379.4007209880338,381.5980224609375,6401000.0
BA,2019-04-03,187676.0,992186.0,Wednesday,380.5530593904653,382.3695106910718,375.0744689347087,375.728759765625,7350300.0
BA,2019-04-04,280576.0,748463.0,Thursday,376.94949366318406,387.76022389268616,376.08035436946295,386.58831787109375,9388100.0
BA,2019-04-05,260650.0,1846780.0,Friday,388.7465719087598,389.3227495900059,381.7933384501049,382.7503662109375,6857200.0
BA,2019-04-08,1077440.0,1294941.0,Monday,367.3888128203212,370.9044712833301,363.1504362591808,365.7481384277344,14482600.0
BA,2019-04-09,484302.0,527193.0,Tuesday,361.61726856030725,363.521578792856,359.1367507744133,360.39654541015625,7980100.0
BA,2019-04-10,169688.0,681802.0,Wednesday,359.7715007534892,360.1523806604081,354.4198698359926,356.3925476074219,8285000.0
BA,2019-04-11,144020.0,622882.0,Thursday,356.08001220023425,362.3887003329252,355.679611479042,361.4902648925781,6598400.0
BA,2019-04-12,259604.0,719589.0,Friday,366.9492955772504,371.05093635113184,363.28712695871496,370.7481994628906,7334600.0
BA,2019-04-15,188603.0,806444.0,Monday,367.8770846248285,369.048960789453,364.9277988678222,366.6661071777344,3822100.0
BA,2019-04-16,87009.0,525911.0,Tuesday,367.6915453452853,375.6311325580845,366.2461985747447,372.7795104980469,7083800.0
BA,2019-04-17,213557.0,680261.0,Wednesday,375.1037588257273,375.1916473029127,368.63881476843466,368.6778564453125,4424400.0
BA,2019-04-18,174515.0,858113.0,Thursday,368.6778894188431,373.2190030992119,368.6778894188431,371.1681823730469,4703100.0
BA,2019-04-22,189601.0,460071.0,Monday,366.8907446136387,370.07439976172697,366.11923932626354,366.3829345703125,4147700.0
BA,2019-04-23,129276.0,476786.0,Tuesday,366.7442754794296,368.0431116906041,363.88287800183446,365.2598571777344,4894500.0
BA,2019-04-24,552998.0,724602.0,Wednesday,369.0392152716424,372.2228404982055,364.9082780293942,366.6661071777344,9855100.0
BA,2019-04-25,125109.0,645415.0,Thursday,367.2032521484634,375.7873547896831,364.0293723620545,373.8341979980469,6615000.0
BA,2019-04-26,77092.0,780329.0,Friday,374.8987064557693,375.0061157773367,369.2833805033743,371.8713073730469,4259600.0
BA,2019-04-29,135979.0,706496.0,Monday,369.6251765450559,376.2756735590137,367.935714861313,370.1720581054688,5457300.0
BA,2019-04-30,68679.0,1136737.0,Tuesday,370.61147646448256,372.2130792320209,366.2656909721695,368.8438720703125,3732800.0
BA,2019-05-01,55801.0,486092.0,Wednesday,369.6642534743316,372.2717311477335,367.564615687944,367.9747619628906,2765600.0
BA,2019-05-02,64540.0,260480.0,Thursday,366.7051768387329,368.8048143673946,364.5078755128017,366.9981384277344,2438800.0
BA,2019-05-03,58163.0,1036511.0,Friday,367.2715956307488,369.0489754911287,365.4551740919576,367.6427001953125,2953800.0
BA,2019-05-06,437150.0,545264.0,Monday,359.2636725098833,363.7559391848371,357.0663710734958,362.89654541015625,4747600.0
BA,2019-05-07,270685.0,764131.0,Tuesday,357.74990608006965,359.09758886693544,346.7048081829185,348.8630676269531,9740300.0
BA,2019-05-08,189431.0,629320.0,Wednesday,349.39043027395803,353.0525991359675,345.0544199571143,351.3240661621094,6030000.0
BA,2019-05-09,123774.0,514512.0,Thursday,348.44135462292417,349.315487184693,341.2811889258846,347.82257080078125,6075200.0
BA,2019-05-10,21714.0,1189817.0,Friday,345.6028495548523,349.20749648732846,341.35978574700874,348.3529968261719,4574100.0
BA,2019-05-13,378198.0,831134.0,Monday,338.3738963690022,340.4561319724728,330.9976483816285,331.3610534667969,7757800.0
BA,2019-05-14,157728.0,678164.0,Tuesday,333.84602697367893,339.93561061496627,331.22359919301016,336.9301147460937,4747800.0
BA,2019-05-15,122587.0,537903.0,Wednesday,333.74781545628827,342.58751659523205,331.62631356008814,339.4838256835937,4810000.0
BA,2019-05-16,111514.0,668650.0,Thursday,342.43034010215206,350.1503301894848,339.6605603105337,347.5082397460937,6036500.0
BA,2019-05-17,221073.0,576054.0,Friday,345.2394219350579,353.5781966740335,344.9054812831279,348.6967163085937,5282900.0
BA,2019-05-20,115360.0,427593.0,Monday,346.7126904904862,349.60032832762096,344.2866826470166,346.5064392089844,3219900.0
BA,2019-05-21,313202.0,633719.0,Tuesday,351.6531132749201,354.3443014422412,348.5592240358271,352.3602905273437,4022600.0
BA,2019-05-22,80680.0,655814.0,Wednesday,350.8575338339893,351.20130595729347,345.48495914106485,346.4966125488281,3841400.0
BA,2019-05-23,180709.0,994052.0,Thursday,339.75882564340145,345.2099625007033,335.0737650186216,344.30633544921875,5305400.0
BA,2019-05-24,158531.0,573821.0,Friday,348.6770823131069,354.96308568957977,346.7127043845824,348.578857421875,5387500.0
BA,2019-05-28,53925.0,978807.0,Tuesday,348.9619051503036,352.91029376567576,348.5592041015625,348.5592041015625,3504300.0
BA,2019-05-29,88637.0,1083458.0,Wednesday,346.3099675619048,346.5064173240886,339.886444006018,342.58746337890625,4160500.0
BA,2019-05-30,49170.0,270520.0,Thursday,343.7661170879948,345.65193297602065,341.7428103396276,343.638427734375,2183900.0
BA,2019-05-31,70351.0,749421.0,Friday,339.6900755203215,339.6900755203215,335.28002647766726,335.52557373046875,3217600.0
BA,2019-06-03,144889.0,1082990.0,Monday,332.1763216366201,333.07008722215613,324.78043989163695,332.8540344238281,5148000.0
BA,2019-06-04,70198.0,1192189.0,Tuesday,336.468488676357,340.2400907918627,334.0621136671221,338.4819641113281,3592300.0
BA,2019-06-05,61058.0,634351.0,Wednesday,340.05345430646,346.9582413211946,326.567989436999,342.53839111328125,3188400.0
BA,2019-06-06,47448.0,498520.0,Thursday,341.97856879886336,345.37696441926715,339.42487132958763,344.394775390625,2582300.0
BA,2019-06-07,76513.0,378492.0,Friday,346.0251495499244,348.95208336466686,346.0251495499244,347.4002380371094,2470700.0
BA,2019-06-10,71907.0,723839.0,Monday,349.65924060739127,351.034299041941,347.2528658664098,347.4984130859375,2560800.0
BA,2019-06-11,57236.0,437112.0,Tuesday,349.08962000162904,349.138717460953,341.9294539541061,343.1080627441406,2702700.0
BA,2019-06-12,49844.0,620363.0,Wednesday,342.7839429681926,343.04912319359244,336.69435949891727,340.8490295410156,2738300.0
BA,2019-06-13,33895.0,575737.0,Thursday,341.065113514968,342.8428731198164,337.9712243115817,342.6464233398437,2621300.0
BA,2019-06-14,46000.0,652459.0,Friday,341.8017501983827,342.95092444365633,339.72934592810395,340.9767150878906,2258400.0
BA,2019-06-17,73496.0,477927.0,Monday,342.410711925269,349.7083687359709,340.8686680576105,348.578857421875,3746400.0
BA,2019-06-18,140310.0,1185379.0,Tuesday,351.2405818477448,367.9770902260692,351.2307803404213,367.2993774414063,9199200.0
BA,2019-06-19,137220.0,1022689.0,Wednesday,368.7137441051778,372.5541066868533,361.78932365417984,361.9955749511719,5716000.0
BA,2019-06-20,37237.0,856026.0,Thursday,366.35648288498567,369.0967984821348,362.3884310851388,368.2030029296875,3794500.0
BA,2019-06-21,807045.0,2569574.0,Friday,367.72173235468375,369.4110685597274,365.09927469117287,365.2171325683594,4923700.0
BA,2019-06-24,46324.0,713283.0,Monday,366.3073720023862,368.8021102935425,365.4725054203415,367.3288269042969,2323200.0
BA,2019-06-25,47054.0,749367.0,Tuesday,368.0752828197408,368.5663772597939,361.4749723464672,362.7420043945313,3005400.0
BA,2019-06-26,44966.0,777154.0,Wednesday,364.41173844754985,372.2299841783195,363.4099164954289,368.2619323730469,4542000.0
BA,2019-06-27,532417.0,883976.0,Thursday,360.9937625386785,363.3411787212659,355.89619910245415,357.53643798828125,8980000.0
BA,2019-06-28,156839.0,2078300.0,Friday,357.4382179190023,359.70707200856987,355.1300678784819,357.526611328125,4737100.0
BA,2019-07-01,241233.0,733443.0,Monday,358.38112858689414,358.7249007331111,347.0270260982112,350.111083984375,6392600.0
BA,2019-07-02,91208.0,466228.0,Tuesday,349.29586977262426,350.42538109841377,346.40823178987574,347.85205078125,3774700.0
BA,2019-07-03,68079.0,118.0,Wednesday,348.18598912827963,348.529761261858,345.9858954318239,348.1565246582031,2164900.0
BA,2019-07-05,549850.0,853844.0,Friday,347.6948715441967,350.8869854778652,345.1706388705756,349.521728515625,3208200.0
BA,2019-07-08,154060.0,536471.0,Monday,344.16886511181133,346.6734351742611,343.1768445896969,344.8662109375,3262300.0
BA,2019-07-09,101662.0,910414.0,Tuesday,342.8330649159129,347.5475901891049,341.70355353945024,346.8011169433594,4828200.0
BA,2019-07-10,93027.0,469830.0,Wednesday,348.1761426292686,350.1699849491897,344.99386010215034,346.025146484375,2946700.0
BA,2019-07-11,81706.0,633524.0,Thursday,346.3394646301326,352.8612136810105,344.45367862136834,352.6058349609375,5059200.0
BA,2019-07-12,74069.0,419473.0,Friday,353.58803548502885,358.9409774562889,351.7611783558902,358.8230895996094,3592800.0
BA,2019-07-15,210651.0,431565.0,Monday,354.07912666268106,356.3872767563975,352.62547618420604,355.1693420410156,4814600.0
BA,2019-07-16,91085.0,427521.0,Tuesday,354.82558007816624,358.842729178204,354.76665114068123,356.2890319824219,2960400.0
BA,2019-07-17,67593.0,543589.0,Wednesday,356.28906767524217,363.16439082817584,355.55242590885643,362.9384765625,4010000.0
BA,2019-07-18,56684.0,1299725.0,Thursday,361.0526490600613,361.88751562778685,353.3424601271105,354.67822265625,4582800.0
BA,2019-07-19,352628.0,1507416.0,Friday,364.0679776912637,371.6602788078995,361.9366145607736,370.6387939453125,9504000.0
BA,2019-07-22,133604.0,443223.0,Monday,370.2263067791666,375.6676419779434,365.26626455026746,366.7690124511719,4265100.0
BA,2019-07-23,70247.0,387355.0,Tuesday,367.6038712829248,369.7254031489161,364.0778163214304,366.4252624511719,3354900.0
BA,2019-07-24,337680.0,598247.0,Wednesday,363.68490086158977,364.74565167384304,353.617464742651,354.9925231933594,7447900.0
BA,2019-07-25,80229.0,559171.0,Thursday,349.836072691818,351.31918768141657,339.5525526080175,341.8901672363281,9663700.0
BA,2019-07-26,117612.0,808892.0,Friday,340.0338328434668,342.22409505958035,335.90862718665085,338.8551940917969,4441100.0
BA,2019-07-29,79696.0,576047.0,Monday,338.8453439896396,339.91592630946013,333.0700683770811,334.1504821777344,4116600.0
BA,2019-07-30,89974.0,525812.0,Tuesday,333.787087342533,341.30082677406494,330.5655088031429,341.2713623046875,4528000.0
BA,2019-07-31,99443.0,847289.0,Wednesday,342.28304026901435,345.03318749562,334.9755515989934,335.1032409667969,5219700.0
BA,2019-08-01,82997.0,572240.0,Thursday,335.82021216150537,338.15782655164,327.068905419611,328.3359375,6465300.0
BA,2019-08-02,115924.0,556544.0,Friday,328.6011401005468,334.4746409442244,326.4010463947808,333.5120849609375,4675400.0
BA,2019-08-05,183010.0,934968.0,Monday,326.5385106022667,327.4323060907621,321.1364716969172,325.1634521484375,5876100.0
BA,2019-08-06,110286.0,663405.0,Tuesday,328.041266390019,329.720831017304,323.2776741277026,326.5287170410156,3653300.0
BA,2019-08-07,100451.0,756657.0,Wednesday,322.74726882465706,327.70731063081905,318.7890488757048,325.4777526855469,4187600.0
BA,2019-08-08,59270.0,955266.0,Thursday,327.4296920860997,332.49976748926923,325.0181941159331,332.42071533203125,3673000.0
BA,2019-08-09,72473.0,701611.0,Friday,330.15746969185017,335.11881460817494,329.2778824594432,333.606689453125,3102900.0
BA,2019-08-12,82649.0,144469.0,Monday,329.78188264397966,332.0846800527171,327.4988708947069,329.050537109375,2683400.0
BA,2019-08-13,91776.0,417596.0,Tuesday,327.943637213326,333.4584375620654,326.63905040874084,328.9714660644531,3689700.0
BA,2019-08-14,23182.0,841189.0,Wednesday,324.5141408886249,325.6902414299679,316.6668955009875,316.6767883300781,5110400.0
BA,2019-08-15,94826.0,609892.0,Thursday,319.2266543318586,324.2374328939278,315.8169458047544,324.1682434082031,4721800.0
BA,2019-08-16,164921.0,1039260.0,Friday,326.3623366705731,327.2913579052631,322.66603739280777,326.58966064453125,3866600.0
BA,2019-08-19,69159.0,586860.0,Monday,330.27602786615955,331.98582848035613,327.5285056493231,329.8807067871094,2335600.0
BA,2019-08-20,71503.0,920610.0,Tuesday,328.58604075060066,329.60400694190963,325.03798324572654,327.8744506835937,2039000.0
BA,2019-08-21,106635.0,838558.0,Wednesday,331.56089531934066,338.5779281824844,329.31739441458984,336.0181884765625,3265600.0
BA,2019-08-22,123910.0,1849726.0,Thursday,338.42965627923803,352.2759982786624,337.02626189648726,350.26971435546875,8320900.0
BA,2019-08-23,383238.0,1888226.0,Friday,351.1987503077568,365.3712245072307,350.2104324682308,351.8510437011719,11518700.0
BA,2019-08-26,413037.0,1061448.0,Monday,360.7755490692011,363.0486680135281,352.72076478778735,354.8456420898437,4661100.0
BA,2019-08-27,124565.0,1236748.0,Tuesday,355.2212116215283,357.0891166569398,349.4889500480816,350.58599853515625,3740300.0
BA,2019-08-28,91102.0,811426.0,Wednesday,349.18257014001347,355.98220163687733,347.07744833612816,355.7647705078125,2402000.0
BA,2019-08-29,152657.0,796556.0,Thursday,359.5994593970387,361.7638779233471,355.9624569108562,358.5024108886719,2717500.0
BA,2019-08-30,98460.0,1315621.0,Friday,360.11336719356024,362.09000287717487,358.1663798387572,359.8366394042969,3147000.0
BA,2019-09-03,318136.0,783711.0,Tuesday,349.97322628064137,351.16911261866863,346.51411373749704,350.2796325683594,4272200.0
BA,2019-09-04,106566.0,855547.0,Wednesday,353.50151920518965,353.84743648280494,350.28948621217216,352.3649597167969,2737100.0
BA,2019-09-05,114244.0,945012.0,Thursday,355.932777045802,360.4493663434683,354.9345664440914,356.09088134765625,3643300.0
BA,2019-09-06,112478.0,1048249.0,Friday,357.385592648467,360.6470595532567,354.92469092658604,358.7593688964844,3022600.0
BA,2019-09-09,222155.0,982046.0,Monday,353.79801140117223,356.71353076920263,350.5859786011125,354.5886535644531,4183300.0
BA,2019-09-10,104947.0,975171.0,Tuesday,354.80607920017496,365.1735229492188,354.36132413953715,365.1735229492188,4547200.0
BA,2019-09-11,158237.0,1131797.0,Wednesday,364.4323054718177,379.0198862336827,363.7009599321909,378.4664306640625,8437000.0
BA,2019-09-12,177188.0,874829.0,Thursday,379.2274158690665,379.5140364771294,369.93723455001657,371.2418212890625,4495300.0
BA,2019-09-13,124402.0,1057198.0,Friday,372.9812695175012,377.2903206539453,372.6452149233146,375.3235778808594,3628900.0
BA,2019-09-16,107018.0,1111096.0,Monday,373.7224971622006,377.1717165384545,370.61916487764734,374.4241943359375,3055500.0
BA,2019-09-17,54622.0,1272027.0,Tuesday,373.9893320888593,380.80871869013856,373.386442563594,379.7117004394531,3269500.0
BA,2019-09-18,64162.0,811861.0,Wednesday,378.77281651157256,382.2220361610758,375.363107860153,381.8959045410156,4186400.0
BA,2019-09-19,102646.0,974683.0,Thursday,381.6290659699697,383.98123709852734,378.4268956525087,379.9489135742188,2928800.0
BA,2019-09-20,2134546.0,7602845.0,Friday,379.62274746596086,380.2355298562797,373.5050878422204,374.9579162597656,6643000.0
BA,2019-09-23,85711.0,1418337.0,Monday,372.2103510180996,375.6596006388506,370.0459627910404,372.6254577636719,2674900.0
BA,2019-09-24,74551.0,2074000.0,Tuesday,375.1061616365466,377.428714593985,370.9255663131575,377.1914978027344,3533300.0
BA,2019-09-25,235817.0,1980409.0,Wednesday,380.4134160581407,386.4322679680336,378.6245632152149,381.6883544921875,4705500.0
BA,2019-09-26,100777.0,978450.0,Thursday,382.5778385924778,383.6946425678044,378.85186106477056,382.3703002929688,2520400.0
BA,2019-09-27,50856.0,703659.0,Friday,383.6551106783142,385.13758746132805,376.8554790077866,378.3873596191406,2730800.0
BA,2019-09-30,111080.0,865481.0,Monday,378.5257113422288,379.28670517806654,372.289428536917,376.0252685546875,3183300.0
BA,2019-10-01,68863.0,1053412.0,Tuesday,377.2409134163189,378.3774728453441,370.2534993855283,370.5598754882813,2943800.0
BA,2019-10-02,190335.0,1253959.0,Wednesday,367.5059879379869,368.63265457068417,359.5203630504826,363.06842041015625,3698300.0
BA,2019-10-03,62398.0,811543.0,Thursday,361.93186107005033,367.90130915871816,358.98669326421947,367.7234191894531,2623900.0
BA,2019-10-04,58859.0,1068210.0,Friday,367.9013264464495,371.7360046009301,367.37751918273335,371.31103515625,2008400.0
BA,2019-10-07,68787.0,1119788.0,Monday,369.6901657531172,373.73238206588286,368.7018479213095,372.1412048339844,1931800.0
BA,2019-10-08,98198.0,822791.0,Tuesday,366.7153183358692,372.9318459245277,364.3334989100436,369.7297058105469,4030200.0
BA,2019-10-09,69528.0,878439.0,Wednesday,371.6075098832566,373.445766598452,369.13671526967113,370.5796508789063,2774100.0
BA,2019-10-10,79610.0,798568.0,Thursday,369.3343943442266,370.164577722798,366.0037378387857,366.6659240722656,2723700.0
BA,2019-10-11,124840.0,909036.0,Friday,368.6425471285827,372.536521755105,365.75664582121095,370.5401306152344,3935400.0
BA,2019-10-14,54925.0,466692.0,Monday,369.8779418698923,374.2759682063856,368.32627566333866,368.8204345703125,2124500.0
BA,2019-10-15,106699.0,786261.0,Tuesday,368.2274433477458,369.1663573494414,366.2014038633288,366.6263732910156,2836600.0
BA,2019-10-16,82491.0,789059.0,Wednesday,365.89504954635953,373.0109504013639,364.9264871585464,368.0792236328125,3657100.0
BA,2019-10-17,80638.0,860968.0,Thursday,368.069359968454,369.4332133143302,364.7485961914063,364.7485961914063,2397100.0
BA,2019-10-18,420989.0,1943534.0,Friday,364.6893009806788,365.03521827398527,339.9813537597656,339.9813537597656,13544300.0
BA,2019-10-21,1397726.0,1771970.0,Monday,329.0011127515458,330.33531759523845,320.6102744813556,327.1924743652344,15493100.0
BA,2019-10-22,422318.0,1294340.0,Tuesday,332.1439820037884,337.4907851097691,330.5527746058912,333.0631103515625,7949700.0
BA,2019-10-23,749252.0,763212.0,Wednesday,340.9696469748073,346.70187825082684,332.5689455276019,336.522216796875,10960800.0
BA,2019-10-24,142290.0,1618256.0,Thursday,337.70822060679814,341.70100299534016,333.8241085431184,340.52490234375,5382700.0
BA,2019-10-25,95589.0,1287429.0,Friday,338.9139751276224,339.35870006969503,334.9409180120344,335.86004638671875,4058000.0
BA,2019-10-28,147191.0,889316.0,Monday,337.5105183046379,340.94987500068896,335.5239899362822,336.89776611328125,3234500.0
BA,2019-10-29,121359.0,1079044.0,Tuesday,336.2158411639569,345.6345087699359,335.2571716733538,344.8537292480469,6113600.0
BA,2019-10-30,148621.0,592941.0,Wednesday,342.58062136268967,345.9112476932799,339.2598577010792,342.01727294921875,3997600.0
BA,2019-10-31,84635.0,1312173.0,Thursday,340.6731682854974,342.0172660578537,335.4844996746456,335.9391174316406,3868400.0
BA,2019-11-01,126950.0,1639326.0,Friday,336.6111720549116,341.1574401855469,335.5339092204832,341.1574401855469,3538200.0
BA,2019-11-04,122383.0,1175578.0,Monday,342.4125786057095,347.3443049669445,342.0073646859405,346.9884948730469,3703000.0
BA,2019-11-05,241290.0,1314510.0,Tuesday,351.0801505145064,357.38559287903496,349.063973713978,354.1044006347656,5468900.0
BA,2019-11-06,115939.0,1364849.0,Wednesday,354.66773466973075,355.20143476209995,349.0046926045575,350.05230712890625,3815700.0
BA,2019-11-07,146186.0,816771.0,Thursday,354.01372162500064,357.2743208351131,352.9500428644524,355.1966857910156,2834500.0
BA,2019-11-08,82000.0,1032763.0,Friday,354.2920668742904,354.8885242429554,348.4766606196995,348.92401123046875,3218200.0
BA,2019-11-11,183210.0,1148199.0,Monday,346.9756163897338,367.5631188955591,343.51618787877885,364.7896118164063,11483400.0
BA,2019-11-12,195091.0,988175.0,Tuesday,364.32236805530886,364.9386961823936,357.88071373395235,360.7337341308594,5769700.0
BA,2019-11-13,74935.0,1336242.0,Wednesday,359.72970884067234,364.4516148844156,358.9841447285023,360.3559875488281,3453700.0
BA,2019-11-14,76174.0,604601.0,Thursday,360.9524571661207,366.3006420996767,359.3420434830672,365.2667846679688,5339600.0
BA,2019-11-15,322531.0,1434369.0,Friday,367.8116331026396,371.2710615461437,367.1157611213965,369.481689453125,5493100.0
BA,2019-11-18,148703.0,872829.0,Monday,369.471761531621,373.3785101641943,365.7240398782831,367.2748107910156,3823800.0
BA,2019-11-19,226356.0,1594098.0,Tuesday,371.30088249313815,372.613052288758,359.47124084737914,364.8293762207031,6670200.0
BA,2019-11-20,92634.0,1239357.0,Wednesday,363.8352842307857,368.79576104836127,363.5867628617756,368.71624755859375,3774800.0
BA,2019-11-21,66845.0,1283715.0,Thursday,367.56309497159526,368.5671309835078,364.0937464605269,364.2726745605469,2703800.0
BA,2019-11-22,124331.0,1355981.0,Friday,366.0918574983644,371.34062774401735,364.4416719218983,369.1437072753906,3915700.0
BA,2019-11-25,160612.0,2160430.0,Monday,370.3167182924613,372.0861892630233,367.01637749974975,370.9231262207031,3324400.0
BA,2019-11-26,65268.0,1140332.0,Tuesday,371.449979555495,372.5533998630044,369.16356477720245,371.3008728027344,2859000.0
BA,2019-11-27,276957.0,1101457.0,Wednesday,367.7718548525464,369.6307898419985,364.6305411024191,365.8234558105469,4145000.0
BA,2019-11-29,62680.0,181247.0,Friday,365.32642133260265,366.12167759794966,364.0142211914063,364.0142211914063,1390900.0
BA,2019-12-02,113294.0,1698605.0,Monday,364.9088961865412,365.2071400422189,353.05941387908985,353.07928466796875,4794500.0
BA,2019-12-03,302802.0,1486607.0,Tuesday,350.00757019206065,353.4570481904535,345.55405610172096,349.99761962890625,4683500.0
BA,2019-12-04,164573.0,1727289.0,Wednesday,352.6021204144968,353.1886271881577,346.7568931284116,346.7767639160156,3014200.0
BA,2019-12-05,98083.0,2266460.0,Thursday,348.14862418278153,348.34745341713415,343.5460034749628,343.6354675292969,4719600.0
BA,2019-12-06,162928.0,1048692.0,Friday,345.6832786096905,352.30389161401826,345.0569998970122,351.9957275390625,2856100.0
BA,2019-12-09,108021.0,1376856.0,Monday,350.5841381022248,351.50863031382863,347.5024670597976,349.1327514648437,2844600.0
BA,2019-12-10,108274.0,753033.0,Tuesday,348.07903861044144,349.32164550990547,345.3950259098487,345.84234619140625,2920900.0
BA,2019-12-11,502719.0,1124133.0,Wednesday,340.0766621081532,347.9597529927109,336.49794817243304,347.929931640625,7369100.0
BA,2019-12-12,135992.0,1352702.0,Thursday,346.19028144399283,348.9936098840371,338.98316144264624,344.24188232421875,5970000.0
BA,2019-12-13,157269.0,1277341.0,Friday,344.2517907441467,347.24399775685174,339.08256443305254,339.6492004394531,4526300.0
BA,2019-12-16,1352684.0,2792851.0,Monday,326.5868980409919,334.2413682900284,324.49931248788374,325.0659484863281,16488200.0
BA,2019-12-17,1026008.0,1896094.0,Tuesday,320.1551638406385,328.99259822520025,318.7137277752093,325.0659484863281,13526400.0
BA,2019-12-18,179212.0,1979031.0,Wednesday,326.7757830653986,333.2671600932545,326.1992268302571,328.72418212890625,7029300.0
BA,2019-12-19,198590.0,3371164.0,Thursday,330.9310390027003,332.8297458455648,329.0224119345874,331.5274963378906,5492600.0
BA,2019-12-20,1934473.0,6954033.0,Friday,332.6408689108496,333.51566896206,326.0600280761719,326.0600280761719,9489400.0
BA,2019-12-23,938473.0,1147578.0,Monday,334.75830206083845,338.57558685368804,332.22339609543354,335.5535583496094,9534800.0
BA,2019-12-24,238260.0,116981.0,Tuesday,337.50196256343133,337.7405333647857,330.65269921610394,331.03045654296875,4120100.0
BA,2019-12-26,187329.0,1839821.0,Thursday,330.73224533566565,331.3883150439416,327.3523304952682,327.9686889648437,4593400.0
BA,2019-12-27,171399.0,1415696.0,Friday,328.24705115155587,331.6766279965737,327.2231442784637,328.1874084472656,4124000.0
BA,2019-12-30,156195.0,1879336.0,Monday,328.54526970517907,328.67450567881485,323.78359149252714,324.4695129394531,4525500.0
BA,2019-12-31,145628.0,1860369.0,Tuesday,323.4853769842606,324.6385198431698,321.4077418604176,323.83331298828125,4958800.0
BA,2020-01-02,181419.0,1737971.0,Thursday,326.60676473216284,331.37839312756773,325.76181636345586,331.3485717773437,4544400.0
BA,2020-01-03,222954.0,1663941.0,Friday,328.67449366617245,332.90930760335885,328.34642846245924,330.7919006347656,3875900.0
BA,2020-01-06,308235.0,1400556.0,Monday,327.3523407472836,332.8794536620254,325.94075633582884,331.7660827636719,5355000.0
BA,2020-01-07,178745.0,1983052.0,Tuesday,332.2830289611392,342.15429069593097,328.7540072336429,335.28515625,9898600.0
BA,2020-01-08,747744.0,1412694.0,Wednesday,330.434002028855,332.05436618843447,327.6505748656441,329.4100952148437,8239200.0
BA,2020-01-09,334972.0,1068131.0,Thursday,332.96894496050135,339.7088433277258,330.0860727875837,334.3507080078125,8175600.0
BA,2020-01-10,295482.0,1295964.0,Friday,333.57531519513043,335.70267264556696,327.50146758422983,327.9686889648437,7161700.0
BA,2020-01-13,378915.0,1388832.0,Monday,330.4340057926857,332.12396323486524,328.1277202099949,328.26690673828125,5648500.0
BA,2020-01-14,202351.0,1693922.0,Tuesday,328.8037156243825,333.366564233772,326.33837276847987,330.3843078613281,6945300.0
BA,2020-01-15,110858.0,1563209.0,Wednesday,330.38433205642025,331.1398164302177,327.7400609054219,327.8493957519531,4578300.0
BA,2020-01-16,175814.0,1246746.0,Thursday,329.0919836191797,330.90122646048485,327.36228460446,330.036376953125,4024100.0
BA,2020-01-17,633011.0,2181299.0,Friday,330.42410400301884,330.53343884956024,321.0896263110014,322.2328186035156,11061700.0
BA,2020-01-21,481860.0,3291702.0,Tuesday,320.69199121267803,324.66833324795715,303.94164432164825,311.5165710449219,19318000.0
BA,2020-01-22,630615.0,1497498.0,Wednesday,307.9875817200874,310.98970905581075,300.9295684920027,307.17242431640625,18792600.0
BA,2020-01-23,269848.0,2047447.0,Thursday,306.6753683711369,316.2881882418153,305.8801121276974,315.9104309082031,9702100.0
BA,2020-01-24,573816.0,1295696.0,Friday,320.09553509063454,324.27070637882355,310.6616732829415,321.1393127441406,17798200.0
BA,2020-01-27,493072.0,1964394.0,Monday,314.3397701172677,319.3599201369448,312.71940588464,314.7274780273437,7468100.0
BA,2020-01-28,151187.0,1223220.0,Tuesday,316.16889135804905,317.4711409781684,312.1428570877693,314.6877136230469,5502200.0
BA,2020-01-29,1380314.0,2317174.0,Wednesday,322.4316230593828,325.2448715457745,317.2524463386331,320.1153869628906,12454700.0
BA,2020-01-30,231516.0,1206432.0,Thursday,318.6043902270497,323.4257107799609,315.7613203705977,321.3878173828125,6022000.0
BA,2020-01-31,118169.0,1730569.0,Friday,319.84700161692257,320.02592972154304,315.11514504752887,316.3875732421875,4999600.0
BA,2020-02-03,157835.0,3256499.0,Monday,316.8647470353525,318.842967434468,313.017641078221,314.1310119628906,4841800.0
BA,2020-02-04,158660.0,1124507.0,Tuesday,316.39752521751893,317.5904399278108,313.1667474089832,316.0595397949219,3779800.0
BA,2020-02-05,165641.0,1179579.0,Wednesday,318.60439905973817,327.73009656313934,317.3419214107104,327.6008605957031,6071800.0
BA,2020-02-06,231340.0,1226252.0,Thursday,328.9528451968062,341.40873562969546,323.7338961829629,339.4106140136719,12845500.0
BA,2020-02-07,225449.0,1092823.0,Friday,338.3568855303699,338.72469232094755,333.70457255096903,334.75830078125,5337800.0
BA,2020-02-10,142427.0,951343.0,Monday,335.22552046340985,343.89394741634914,334.3308495623045,342.6314697265625,5876400.0
BA,2020-02-11,270020.0,847715.0,Tuesday,345.5838910312693,346.01134050701995,340.0766489744631,342.3829345703125,5311500.0
BA,2020-02-12,210094.0,1166673.0,Wednesday,344.371112678484,347.8802332842822,343.804476661893,345.39501953125,4421500.0
BA,2020-02-13,170346.0,943386.0,Thursday,344.32000732421875,347.8900146484375,342.6300048828125,342.82000732421875,3783100.0
BA,2020-02-14,104321.0,1359672.0,Friday,342.29998779296875,344.5,338.0,340.489990234375,4199800.0
BA,2020-02-18,154706.0,735384.0,Tuesday,338.7699890136719,339.989990234375,336.1000061035156,338.8800048828125,2904600.0
BA,2020-02-19,115816.0,815499.0,Wednesday,338.1199951171875,341.4700012207031,335.8599853515625,338.29998779296875,4935700.0
BA,2020-02-20,79658.0,927584.0,Thursday,338.2900085449219,341.239990234375,335.3900146484375,336.2799987792969,2807500.0
BA,2020-02-21,344160.0,1095621.0,Friday,334.04998779296875,334.6600036621094,330.2300109863281,330.3800048828125,3709900.0
BA,2020-02-24,624545.0,1359869.0,Monday,320.0,321.739990234375,316.3299865722656,317.8999938964844,6073200.0
BA,2020-02-25,212288.0,2755805.0,Tuesday,318.260009765625,320.6400146484375,303.6300048828125,304.1400146484375,8052500.0
BA,2020-02-26,263936.0,1196105.0,Wednesday,307.0,315.2200012207031,304.0599975585937,305.5899963378906,6987300.0
BA,2020-02-27,591061.0,2124386.0,Thursday,300.3699951171875,301.0,284.2900085449219,287.760009765625,10982400.0
BA,2020-02-28,640283.0,4285908.0,Friday,278.07000732421875,282.8599853515625,269.6000061035156,275.1099853515625,15364300.0
BABA,2019-01-02,550777.0,1890014.0,Wednesday,129.5355866899171,133.03061182631612,128.4732596132434,132.01754760742188,16708400.0
BABA,2019-01-03,443031.0,1722258.0,Thursday,129.6707988390963,130.25023795175144,125.38288161928006,126.1265106201172,19531300.0
BABA,2019-01-04,957115.0,1700278.0,Friday,129.66113478585592,136.2475337511935,129.08169566049227,134.9630889892578,22845400.0
BABA,2019-01-07,489401.0,1930611.0,Monday,135.73569213903366,139.14477657271638,134.2484340728206,138.19834899902344,17239000.0
BABA,2019-01-08,262393.0,1849417.0,Tuesday,140.03326757123082,142.49592453436364,137.19396999511002,141.76194763183594,16487600.0
BABA,2019-01-09,671883.0,1910673.0,Wednesday,144.75575268420917,148.09724229791087,143.41336554231526,146.71621704101562,20214100.0
BABA,2019-01-10,590128.0,2513679.0,Thursday,144.67850170955393,146.82246042819077,143.78036440813474,146.49411010742188,14221100.0
BABA,2019-01-11,465277.0,1779478.0,Friday,146.62932054693007,148.12623085177097,144.9972062960076,146.1367950439453,9589400.0
BABA,2019-01-14,180098.0,1914167.0,Monday,143.41338385999,145.41248658713596,141.52051385848165,144.15701293945312,13356700.0
BABA,2019-01-15,150276.0,2998449.0,Tuesday,145.51869191671648,148.8891528858788,144.82722878016145,145.71185302734375,15003100.0
BABA,2019-01-16,338157.0,2078253.0,Wednesday,147.57574456804306,150.06737271599076,146.31061880284133,149.5362091064453,14810800.0
BABA,2019-01-17,170988.0,1402390.0,Thursday,146.89971987547025,153.11913050490875,146.6969066001085,150.62750244140625,16153200.0
BABA,2019-01-18,693521.0,4736556.0,Friday,153.02255113999166,154.02693589112118,149.4299724842671,151.64154052734375,19611400.0
BABA,2019-01-22,840312.0,3683715.0,Tuesday,149.1112690824793,150.11565379828374,145.06190019217553,146.93833923339844,21295000.0
BABA,2019-01-23,438463.0,3131462.0,Wednesday,149.35271553062452,149.86456008309756,145.77945582493786,146.8224639892578,10195800.0
BABA,2019-01-24,446689.0,2345402.0,Thursday,146.28164362412994,150.65647469107708,146.0305548046495,150.52127075195312,10997900.0
BABA,2019-01-25,1042470.0,1755293.0,Friday,153.4668038192464,155.00233745738805,152.03748816601603,153.75653076171875,16451800.0
BABA,2019-01-28,446862.0,1644132.0,Monday,152.39482415717237,154.2200847343104,149.98045753470805,153.47645568847656,10141100.0
BABA,2019-01-29,640392.0,6633245.0,Tuesday,153.59233386879288,154.8816120728259,150.57920917099494,151.50633239746094,18348200.0
BABA,2019-01-30,2657972.0,3146125.0,Wednesday,155.76525811915593,162.0909011131905,155.00232481114483,161.10585021972656,36997700.0
BABA,2019-01-31,1091547.0,3675227.0,Thursday,162.05227570434164,163.9161594916774,160.0242020340286,162.71864318847656,21219500.0
BABA,2019-02-01,169281.0,1396266.0,Friday,162.24543240139383,163.59747177695584,161.88811086702185,162.21646118164062,10771500.0
BABA,2019-02-04,334490.0,903894.0,Monday,160.6229860192309,161.8108502439065,159.93729943040856,160.98995971679688,7380400.0
BABA,2019-02-05,283086.0,733827.0,Tuesday,162.77659663284084,166.06012926423574,162.24543304172943,165.94424438476562,12801800.0
BABA,2019-02-06,184461.0,2062398.0,Wednesday,165.97320197351812,167.1610660989015,164.1672606481824,165.6448516845703,11267800.0
BABA,2019-02-07,433024.0,837890.0,Thursday,163.3656979161878,163.80028093769553,158.70693138003827,161.24105834960938,11911100.0
BABA,2019-02-08,182911.0,866760.0,Friday,158.21828050746083,161.9074251658836,158.1410190046503,161.6273651123047,8331500.0
BABA,2019-02-11,409651.0,776952.0,Monday,163.06631798676432,164.4956188171,161.71426391601562,161.71426391601562,7260300.0
BABA,2019-02-12,330873.0,1101045.0,Tuesday,163.79063574478585,164.65014966339984,162.83454126789533,162.93112182617188,8594400.0
BABA,2019-02-13,564515.0,1029465.0,Wednesday,164.09001335670075,165.1909639248971,163.2015282258865,163.59747314453125,8661800.0
BABA,2019-02-14,471432.0,1589628.0,Thursday,161.89776892690634,162.72831164104747,160.90305104947416,162.6124267578125,8722100.0
BABA,2019-02-15,176982.0,2580824.0,Friday,162.83452904646768,162.98905203366283,159.74414298318004,160.4587860107422,12099500.0
BABA,2019-02-19,482265.0,1791053.0,Tuesday,161.26036752736135,165.28752919054517,160.79681327286963,164.3507537841797,12982300.0
BABA,2019-02-20,408669.0,1210338.0,Wednesday,165.14268518029388,166.76513255784795,164.76604455792418,164.8626251220703,12454900.0
BABA,2019-02-21,81680.0,1161863.0,Thursday,165.1426635413083,165.89594468734373,163.98377060403254,165.78005981445312,8434800.0
BABA,2019-02-22,129427.0,2459434.0,Friday,166.88102235716025,170.95647435728822,166.61061447682113,170.85989379882812,16175600.0
BABA,2019-02-25,522444.0,1196348.0,Monday,175.0512271571719,177.4269703279083,174.5393826271081,176.9730682373047,22831800.0
BABA,2019-02-26,1006262.0,1388566.0,Tuesday,173.63157822878355,178.03539519186438,173.2259664169453,177.2531280517578,13871000.0
BABA,2019-02-27,512599.0,4848542.0,Wednesday,175.49547148778157,178.59550978899475,174.684247888971,178.25750732421875,16741600.0
BABA,2019-02-28,749740.0,2759672.0,Thursday,176.74128579964562,177.9871072070306,175.25404247040893,176.76060485839844,12370400.0
BABA,2019-03-01,926524.0,1296838.0,Friday,178.75004237661696,180.4980414403242,177.09862387153,177.5814971923828,14348500.0
BABA,2019-03-04,237618.0,1751002.0,Monday,179.62886110517147,180.9229579657112,178.14161787884004,180.83604431152344,14761700.0
BABA,2019-03-05,113543.0,1476184.0,Tuesday,180.53668258799797,181.63763318857357,178.6631317138672,178.6631317138672,11513200.0
BABA,2019-03-06,557179.0,986747.0,Wednesday,178.0643702852291,179.23291546796696,176.75095426474633,177.86155700683594,10009100.0
BABA,2019-03-07,636209.0,2402899.0,Thursday,174.7132274479451,175.57274136450332,170.67639884685346,171.24620056152344,16488900.0
BABA,2019-03-08,534276.0,1526311.0,Friday,165.68831383976794,169.3436681703601,165.68831383976794,169.0346221923828,14674200.0
BABA,2019-03-11,235635.0,2075675.0,Monday,171.7387337377007,175.49548773050185,171.4972970678905,174.23036193847656,13764000.0
BABA,2019-03-12,150270.0,1236167.0,Tuesday,175.80451691950347,175.93972086354825,173.36117902889995,174.4428253173828,8660000.0
BABA,2019-03-13,288475.0,2090625.0,Wednesday,174.53937771305507,176.282557977066,173.1197290417534,174.51040649414062,8868200.0
BABA,2019-03-14,345303.0,1472280.0,Thursday,172.92657911933975,174.62630252007625,171.91254226978643,174.1820526123047,9272000.0
BABA,2019-03-15,350031.0,4524544.0,Friday,174.471784851251,175.23471818379917,173.50603824815911,174.7711639404297,10844100.0
BABA,2019-03-18,176689.0,2372777.0,Monday,175.6982809111885,176.62540417881957,174.5683590993448,175.60171508789062,7847800.0
BABA,2019-03-19,333469.0,1328665.0,Tuesday,175.40856704759602,177.07930460971787,174.65528584681857,175.90109252929688,10238600.0
BABA,2019-03-20,3939209.0,4720602.0,Wednesday,174.74220630671556,175.71760514666707,172.31817271337707,175.070556640625,15901500.0
BABA,2019-03-21,455190.0,2349372.0,Thursday,172.8203480276228,175.50512234864954,172.40508407039937,175.2830047607422,9754500.0
BABA,2019-03-22,346118.0,1539468.0,Friday,173.6122839231088,174.29795581025627,169.33015762458058,170.22250366210938,11688400.0
BABA,2019-03-25,454865.0,1194379.0,Monday,168.35861273204387,172.7720671934155,168.1364951319976,172.6465301513672,7511400.0
BABA,2019-03-26,284667.0,1311614.0,Tuesday,173.54466841686616,174.4621247784665,171.0289025435182,171.98016357421875,7897900.0
BABA,2019-03-27,219962.0,1745662.0,Wednesday,171.61317396491614,173.6702190114993,170.85312888806635,170.96612548828125,8371000.0
BABA,2019-03-28,245159.0,841319.0,Thursday,171.39106205066798,172.41475115918703,169.94244205118824,171.64215087890625,7146800.0
BABA,2019-03-29,602710.0,3239647.0,Friday,174.5393845856261,176.3453408071032,172.8686470392387,176.20046997070312,13850900.0
BABA,2019-04-01,293791.0,1281701.0,Monday,178.750026009151,179.20392806808047,174.6938934326172,174.6938934326172,12714800.0
BABA,2019-04-02,343590.0,1280292.0,Tuesday,175.2443779076943,177.27533986574971,174.75183772915935,175.51478576660156,8021500.0
BABA,2019-04-03,1239732.0,1094708.0,Wednesday,173.36117068105776,174.5104115181614,170.7053674725364,172.21194458007812,26811600.0
BABA,2019-04-04,918202.0,1284080.0,Thursday,170.97576461961617,175.72725066597016,170.83090852996278,174.86773681640625,16993200.0
BABA,2019-04-05,328946.0,1466076.0,Friday,176.2584127706542,179.1460005097514,175.76588729258626,179.0011444091797,18705000.0
BABA,2019-04-08,419619.0,1711893.0,Monday,177.8808678338409,181.3865326920689,177.70702578381687,180.1117401123047,14725600.0
BABA,2019-04-09,230381.0,1599936.0,Tuesday,180.1020870231185,181.45412635578776,179.78338887982,180.77810668945312,11578200.0
BABA,2019-04-10,45133.0,1498976.0,Wednesday,180.29523597320556,180.98090781025235,177.69737524901353,179.81236267089844,10655000.0
BABA,2019-04-11,242849.0,1967493.0,Thursday,178.80798925174062,179.6868222541574,177.4559498142722,178.64381408691406,8900300.0
BABA,2019-04-12,797530.0,916365.0,Friday,181.2803007529192,183.28904071294227,180.7298181176314,182.43919372558597,12600000.0
BABA,2019-04-15,119028.0,2176950.0,Monday,181.6183062963295,181.72453901356323,176.3066999068921,176.7992401123047,14616600.0
BABA,2019-04-16,441881.0,5584035.0,Tuesday,179.19429474902194,179.426064515059,177.11793059948488,179.41641235351562,12195900.0
BABA,2019-04-17,162747.0,1719477.0,Wednesday,180.92296492787636,181.75350759525185,179.41640258615422,181.1257781982422,11614200.0
BABA,2019-04-18,58116.0,2492054.0,Thursday,180.024837580404,180.86503245509172,179.03977186572305,180.53668212890625,7882500.0
BABA,2019-04-22,113740.0,3756237.0,Monday,178.18024388545487,180.0827658256149,177.32073001930058,179.0301055908203,8677800.0
BABA,2019-04-23,427853.0,3217524.0,Tuesday,179.6288728985761,181.70522225537343,179.08805714440325,180.8746795654297,11410600.0
BABA,2019-04-24,274769.0,1869947.0,Wednesday,180.36284098720472,180.49804493021264,178.2575203409203,179.3101806640625,9085300.0
BABA,2019-04-25,363745.0,1064318.0,Thursday,178.8949028693808,181.68590991306613,177.65391496988337,181.4444732666016,10328900.0
BABA,2019-04-26,386572.0,1234370.0,Friday,181.44446658163528,182.27500920431856,179.1556372369148,180.6815185546875,9421100.0
BABA,2019-04-29,180996.0,3106289.0,Monday,181.00023639741076,181.56037122591076,179.3970934126823,180.53668212890625,8660600.0
BABA,2019-04-30,231181.0,3232483.0,Tuesday,179.9185986963074,181.80180166272035,177.52355119892388,179.21360778808594,15076500.0
BABA,2019-05-01,71382.0,1923992.0,Wednesday,180.35319136074128,186.5774357477089,179.51299646996202,182.82550048828125,17397500.0
BABA,2019-05-02,128400.0,759572.0,Thursday,182.93172434862265,186.0993721068229,180.2566020652702,183.86849975585935,11468100.0
BABA,2019-05-03,116509.0,3778126.0,Friday,185.30746892158095,189.01593246095413,185.30746892158095,188.52340698242188,14521100.0
BABA,2019-05-06,1121682.0,2979208.0,Monday,178.8272956484278,182.52610688431247,178.49894534202517,181.79214477539065,23941200.0
BABA,2019-05-07,688172.0,1872444.0,Tuesday,179.6771678863058,180.06346065337513,173.47707613725885,175.2154083251953,22663200.0
BABA,2019-05-08,298799.0,1174991.0,Wednesday,174.75184676997063,176.92477665039996,172.46303201147802,173.4384307861328,16611100.0
BABA,2019-05-09,346493.0,1094777.0,Thursday,169.42091141988956,174.5055811891342,167.1417636920649,172.90725708007812,22727800.0
BABA,2019-05-10,576898.0,3570567.0,Friday,174.00821355983533,174.5973195693393,168.13648725883888,171.90289306640625,18987000.0
BABA,2019-05-13,1334713.0,2849244.0,Monday,163.97410378937911,166.56231226217776,162.99870505777352,164.1865692138672,22330700.0
BABA,2019-05-14,869518.0,2085224.0,Tuesday,166.8327283577671,169.15051434788276,165.60622602606998,168.85113525390625,17874100.0
BABA,2019-05-15,5610312.0,1551795.0,Wednesday,170.99510536015993,174.06618747535114,167.38418004443173,171.51661682128906,37610400.0
BABA,2019-05-16,901946.0,1426031.0,Thursday,172.0767370417233,172.14434638292755,168.76423298971437,169.55615234375,20579200.0
BABA,2019-05-17,482941.0,2426634.0,Friday,165.80903578727728,166.3884749044691,162.71864962055017,163.76165771484375,22539400.0
BABA,2019-05-20,374976.0,3841290.0,Monday,158.80738978514523,158.93294157176803,154.538791137347,155.14720153808594,33413800.0
BABA,2019-05-21,504542.0,2885316.0,Tuesday,157.5712139920076,159.9179710851705,156.9531367762833,157.8319549560547,22006100.0
BABA,2019-05-22,502610.0,2663387.0,Wednesday,156.8469163886473,157.2428760503668,152.65557947966985,153.38954162597656,25831200.0
BABA,2019-05-23,1985195.0,1939461.0,Thursday,150.1253152718866,153.05152647127846,149.1209452299025,150.65647888183594,26891900.0
BABA,2019-05-24,872830.0,1848838.0,Friday,152.2161677274312,153.00323889046427,149.59415430117758,149.69073486328125,21489700.0
BABA,2019-05-28,300073.0,22303667.0,Tuesday,151.04276626317335,151.68982946974515,147.9716990688579,149.50723266601562,38603000.0
BABA,2019-05-29,285094.0,2796842.0,Wednesday,148.3193768024216,149.0967958060607,145.5476885478824,147.25704956054688,30073100.0
BABA,2019-05-30,499761.0,2121873.0,Thursday,147.14114654495194,148.11654526603758,145.1034207128835,145.8953399658203,17344700.0
BABA,2019-05-31,1452812.0,3693178.0,Friday,144.504659849637,145.51868193022202,142.88219799567992,144.14732360839844,26881200.0
BABA,2019-06-03,588187.0,3611408.0,Monday,144.47569111493164,146.57135937954104,143.74654774735714,144.7750701904297,25254400.0
BABA,2019-06-04,652995.0,9381987.0,Tuesday,146.36856220338163,149.88387947486714,145.48007703983305,148.86984252929688,27417200.0
BABA,2019-06-05,294810.0,3405604.0,Wednesday,149.85490721723576,150.76271143392165,144.19563120950474,146.45547485351562,23208600.0
BABA,2019-06-06,353434.0,4950075.0,Thursday,146.7934812035891,147.4695008671704,145.4124706577104,146.31060791015625,15763000.0
BABA,2019-06-07,250700.0,1408966.0,Friday,147.7109432777855,150.35709433405873,147.0001610712338,148.9470977783203,17817800.0
BABA,2019-06-10,438151.0,6514795.0,Monday,153.3412473136067,156.4316335537858,152.0085122609791,154.37460327148438,36473300.0
BABA,2019-06-11,341370.0,2707415.0,Tuesday,158.57558445285207,160.0048852558004,156.37851689215415,157.07867431640625,23408400.0
BABA,2019-06-12,444489.0,1890872.0,Wednesday,154.97336893984374,156.16123321496252,153.37022593484213,154.55809020996094,16329300.0
BABA,2019-06-13,187056.0,7602768.0,Thursday,155.05063072937477,155.79425979097556,154.32632072727816,154.83816528320312,17571400.0
BABA,2019-06-14,411139.0,4238303.0,Friday,152.9452807608342,153.27364579663302,151.84433025194556,152.68453979492188,14981600.0
BABA,2019-06-17,1001167.0,5281441.0,Monday,152.1340592915629,155.05061812231003,152.02782657711478,154.4325408935547,16079800.0
BABA,2019-06-18,305032.0,6736572.0,Tuesday,157.3104771569781,163.3174227252275,156.40267291398942,159.84072875976562,35754800.0
BABA,2019-06-19,297178.0,2273755.0,Wednesday,162.02330692158247,162.14884395569717,157.8223034282759,159.7924346923828,20798100.0
BABA,2019-06-20,1460726.0,4082031.0,Thursday,164.36042834145266,164.64048839222644,160.57952187119542,162.48687744140625,24004700.0
BABA,2019-06-21,102872.0,4532656.0,Friday,161.74324271282063,163.66604167441156,161.05757085246574,161.81085205078125,17415800.0
BABA,2019-06-24,381951.0,4010308.0,Monday,162.6317226911888,163.0952916724634,160.10147129692433,162.34201049804688,18422600.0
BABA,2019-06-25,83943.0,2824508.0,Tuesday,161.3183049222159,161.60803184825906,158.98119992808194,160.12078857421875,20439200.0
BABA,2019-06-26,287204.0,2031320.0,Wednesday,162.51583625898442,165.3744526716648,162.39028448574172,163.20152282714844,22416400.0
BABA,2019-06-27,657778.0,1268958.0,Thursday,164.7756889183017,166.0891049534275,163.5781725018889,165.0460968017578,18349400.0
BABA,2019-06-28,213554.0,5486454.0,Friday,164.37007720081553,165.0364447483848,162.20681413174944,163.64576721191406,19974300.0
BABA,2019-07-01,1894656.0,1979278.0,Monday,169.84104096053608,171.85461448604372,168.38758752771258,169.053955078125,25846800.0
BABA,2019-07-02,115110.0,1529046.0,Tuesday,169.13121531720486,169.53682714135948,168.2813535507146,169.44024658203125,14155200.0
BABA,2019-07-03,460439.0,156.0,Wednesday,169.67201630567757,169.82653929269526,167.89504616334358,168.68695068359375,8532600.0
BABA,2019-07-05,116476.0,2401335.0,Friday,167.79847463180138,167.8660839683019,166.90033735171596,167.3638916015625,12618600.0
BABA,2019-07-08,875990.0,2868128.0,Monday,164.2638317312705,164.4473259386646,162.5834421185525,162.6800079345703,16531000.0
BABA,2019-07-09,497677.0,2682328.0,Tuesday,161.3617839366297,163.19186321064893,160.79681566795574,163.01803588867188,15782800.0
BABA,2019-07-10,567903.0,2375994.0,Wednesday,165.37446236704656,165.4999994115255,161.14448730617173,161.2120819091797,16675600.0
BABA,2019-07-11,454913.0,1193804.0,Thursday,161.8205068469207,162.6549104227002,159.34819777259247,160.84510803222656,14796400.0
BABA,2019-07-12,1105050.0,1989826.0,Friday,162.24543734519645,164.37007702987296,161.9074201229442,163.27879333496094,18103600.0
BABA,2019-07-15,177204.0,2471487.0,Monday,165.6255441275385,167.79847400676277,164.58253601717598,167.55703735351562,22199000.0
BABA,2019-07-16,954526.0,1689167.0,Tuesday,168.23305609173522,169.50784868706904,167.5184130332515,168.22340393066406,19039700.0
BABA,2019-07-17,406020.0,1112046.0,Wednesday,166.83273028882596,170.1838722729386,166.58164147009637,168.8318328857422,15031600.0
BABA,2019-07-18,387167.0,4580756.0,Thursday,167.47011796610613,168.42619764913945,166.16635418872193,166.88101196289062,15603800.0
BABA,2019-07-19,427418.0,1729070.0,Friday,168.88010779672632,169.15051567315427,167.06451416015625,167.06451416015625,13647200.0
BABA,2019-07-22,628138.0,1779457.0,Monday,167.55702845255533,168.3103095917807,165.56468987701615,168.03990173339844,18490900.0
BABA,2019-07-23,630108.0,3462650.0,Tuesday,169.3823093037238,172.5209860079418,168.85597913242836,171.9898223876953,20881500.0
BABA,2019-07-24,724430.0,2931420.0,Wednesday,171.9028935675753,172.83001678082286,170.87727410450896,172.54994201660156,14933100.0
BABA,2019-07-25,509407.0,1306588.0,Thursday,172.37611657548274,173.01349813438222,169.36201930375174,171.2172088623047,14049000.0
BABA,2019-07-26,53020.0,1800653.0,Friday,172.14434778581523,173.2549505867576,170.82127953382087,172.61756896972656,15281000.0
BABA,2019-07-29,453241.0,3399515.0,Monday,172.31815817670457,173.71850253082548,169.34367162664245,170.9564666748047,15130300.0
BABA,2019-07-30,646567.0,2116677.0,Tuesday,168.2813459645018,169.69134249205865,166.96792999191928,168.13648986816406,14300600.0
BABA,2019-07-31,260898.0,2098740.0,Wednesday,167.75985855270753,168.89943253653888,164.26384562793982,167.18040466308594,14628900.0
BABA,2019-08-01,130807.0,2331783.0,Thursday,168.56140848904494,169.69616371421867,156.54753292042352,159.97592163085938,32728200.0
BABA,2019-08-02,1276296.0,2067385.0,Friday,156.9917766843396,158.23759814378118,154.85748479088122,155.48521423339844,27104700.0
BABA,2019-08-05,559156.0,3384508.0,Monday,149.71969650305903,151.8443361082453,146.64862934154976,148.40628051757812,28912600.0
BABA,2019-08-06,1101385.0,5148462.0,Tuesday,153.05151243262375,153.2929490753527,150.76269777511268,152.0374755859375,24996300.0
BABA,2019-08-07,726920.0,8911445.0,Wednesday,150.39572460929028,154.0172746173669,149.98046061503734,153.7178955078125,17917400.0
BABA,2019-08-08,988212.0,3655936.0,Thursday,156.17089614785706,156.74068313064635,153.66960114264128,156.66342163085938,19267700.0
BABA,2019-08-09,241379.0,1745534.0,Friday,155.4658753524631,156.4412887982007,153.6599340211536,153.66958618164062,11894300.0
BABA,2019-08-12,895208.0,453825.0,Monday,152.10510447735462,153.90139391967506,150.21223447107474,153.8531036376953,13566900.0
BABA,2019-08-13,920854.0,2740537.0,Tuesday,155.13754215665335,161.6273608607785,154.10420089800928,158.4114227294922,22842900.0
BABA,2019-08-14,1200267.0,4631055.0,Wednesday,155.81355712431468,157.4167000603723,153.75652683120668,156.50889587402344,20803700.0
BABA,2019-08-15,5145621.0,5586016.0,Thursday,164.28316101390195,165.14267493140994,158.73011785100366,161.25071716308594,36343500.0
BABA,2019-08-16,313801.0,7959188.0,Friday,164.17692906131535,171.46831915214568,162.7959184372569,168.61936950683594,25952500.0
BABA,2019-08-19,1541170.0,3000659.0,Monday,171.35241878998278,172.6755017037037,169.5754485139461,172.17330932617188,16012800.0
BABA,2019-08-20,790377.0,2432205.0,Tuesday,169.8844801436922,171.89323474781008,169.6044053903205,171.13995361328125,10338100.0
BABA,2019-08-21,203369.0,3005662.0,Wednesday,171.14961618704567,172.38577067461802,168.89942480710374,169.23744201660156,10615700.0
BABA,2019-08-22,658148.0,2082323.0,Thursday,168.13650247442558,168.9863495301983,164.65980854041268,166.02151489257812,11568900.0
BABA,2019-08-23,1496319.0,3284897.0,Friday,163.87754996869987,165.61589687078154,158.2192319076333,158.90394592285156,20871500.0
BABA,2019-08-26,1032796.0,1774100.0,Monday,160.78716316642695,161.71427168725862,159.86003990947106,160.2173614501953,8640500.0
BABA,2019-08-27,104992.0,11246924.0,Tuesday,161.47284201732404,162.4289365359349,159.53169649470496,160.50709533691406,12777600.0
BABA,2019-08-28,106082.0,9696310.0,Wednesday,159.0005234827349,162.24543272671414,158.5755926106708,161.7432403564453,9507400.0
BABA,2019-08-29,1022875.0,2221269.0,Thursday,165.1426717547546,168.00128822925774,165.09438147660737,166.8906707763672,11565400.0
BABA,2019-08-30,123343.0,4619568.0,Friday,168.377921593366,169.24708761821137,166.74580752046631,169.0346221923828,10293400.0
BABA,2019-09-03,252924.0,1537209.0,Tuesday,167.07416624495025,168.73525162003273,166.25327571866129,166.50437927246094,8499300.0
BABA,2019-09-04,237401.0,2026739.0,Wednesday,170.2224959862549,170.50257076165735,168.03026174246216,168.35861206054688,7208900.0
BABA,2019-09-05,233105.0,2780771.0,Thursday,170.8212638189015,172.8203516239141,170.4735944524484,172.81069946289062,11154300.0
BABA,2019-09-06,829923.0,1149260.0,Friday,172.8782960884167,173.08110936127616,170.17421735778294,170.6377716064453,8304000.0
BABA,2019-09-09,76785.0,1606960.0,Monday,171.78701024212856,171.89324295777052,169.83619798039626,171.6904296875,6931700.0
BABA,2019-09-10,116909.0,1972979.0,Tuesday,170.24180882264045,170.2611278806817,166.3208799993094,168.99600219726562,9835000.0
BABA,2019-09-11,521324.0,2418455.0,Wednesday,169.97140543250683,170.60880173954848,168.18476828777236,170.05831909179688,7039300.0
BABA,2019-09-12,428383.0,2380891.0,Thursday,171.79667210688586,174.31727146937837,170.9371581721882,172.1346893310547,12509400.0
BABA,2019-09-13,499130.0,1435685.0,Friday,173.58330430684293,174.00822044502706,172.49200590110812,173.03282165527344,9479700.0
BABA,2019-09-16,115119.0,4469831.0,Monday,171.66146136916325,173.03281979854546,169.3629797025003,171.0047607421875,10725100.0
BABA,2019-09-17,532441.0,1394881.0,Tuesday,170.79228784123893,172.98452195850874,170.01968763329938,172.86863708496094,7481000.0
BABA,2019-09-18,341257.0,2427821.0,Wednesday,173.01350581836627,173.9985715238675,171.49729124621308,173.8343963623047,9233300.0
BABA,2019-09-19,823400.0,2325375.0,Thursday,174.7035568796195,177.8229290582315,174.24965479136634,174.2786407470703,15119800.0
BABA,2019-09-20,837803.0,34586137.0,Friday,176.06526121897713,177.52354802380538,172.71411932037165,176.25840759277344,24517800.0
BABA,2019-09-23,583807.0,2849036.0,Monday,175.0415735839989,175.11883508136395,170.74400410392,170.91783142089844,14047400.0
BABA,2019-09-24,230081.0,3540262.0,Tuesday,173.03282825800835,173.3418742642523,165.43240671745772,165.67384338378906,14324600.0
BABA,2019-09-25,204333.0,4296457.0,Wednesday,166.39813946786498,170.92749330725704,165.83800468048216,170.60879516601562,11766400.0
BABA,2019-09-26,575735.0,6756686.0,Thursday,170.93715427943638,172.1250185135685,168.84148585123808,169.0056610107422,9982400.0
BABA,2019-09-27,352524.0,6962192.0,Friday,169.9714017668314,170.45427506730536,157.56155205020133,160.29461669921875,33287500.0
BABA,2019-09-30,1563747.0,3292990.0,Monday,164.06778702525892,164.37006913123443,160.7485193645234,161.50180053710938,14866800.0
BABA,2019-10-01,132120.0,4074485.0,Tuesday,162.25507780388966,162.46754323064548,158.0347699595666,159.4930419921875,14155500.0
BABA,2019-10-02,138166.0,3636933.0,Wednesday,157.24287770279955,161.1638067708617,156.35437781092753,160.09182739257812,11526500.0
BABA,2019-10-03,338484.0,1029917.0,Thursday,160.94166376806467,164.35074806117402,159.3481877846674,163.6747283935547,10305000.0
BABA,2019-10-04,371328.0,2389888.0,Friday,163.7906212642083,164.85293363071105,161.8204900440885,164.50526428222656,8715200.0
BABA,2019-10-07,81828.0,3338703.0,Monday,163.04699933519626,166.39814119735934,161.4824945674986,162.55447387695312,11993000.0
BABA,2019-10-08,1387000.0,2007562.0,Tuesday,158.6721761181395,159.5606612598304,156.14190989728408,156.3833465576172,15833100.0
BABA,2019-10-09,1088071.0,1649561.0,Wednesday,159.83107161054258,160.87407976763512,157.82231679719294,159.5316925048828,10943100.0
BABA,2019-10-10,375023.0,2274445.0,Thursday,160.27531330434408,162.79591253684382,158.4693571295606,160.3815460205078,11462400.0
BABA,2019-10-11,1125156.0,2317673.0,Friday,164.920551729936,168.88977086275335,163.7616587520885,167.01622009277344,19247400.0
BABA,2019-10-14,631069.0,1490715.0,Monday,166.91964268694048,167.4025159981636,164.93985916370087,165.2971954345703,7667600.0
BABA,2019-10-15,89977.0,1617028.0,Tuesday,166.9872538590769,170.69571739335757,166.77478842091378,169.2857208251953,13753000.0
BABA,2019-10-16,644129.0,2889352.0,Wednesday,169.77826165331533,171.27517188719796,168.155799641121,171.05303955078125,10858700.0
BABA,2019-10-17,584684.0,2046971.0,Thursday,171.90290009302814,172.47268706790263,169.22777780254435,170.79229736328125,8020600.0
BABA,2019-10-18,400026.0,2488368.0,Friday,169.97140553715482,170.19352313418526,163.21117918056345,163.33673095703125,14575700.0
BABA,2019-10-21,231463.0,1962376.0,Monday,166.7264932527386,167.9529955668721,165.0171176362355,167.57635498046875,8970800.0
BABA,2019-10-22,552545.0,2633439.0,Tuesday,168.55175773224204,169.35332920146638,163.46226887879294,164.07069396972656,10867100.0
BABA,2019-10-23,393805.0,1759494.0,Wednesday,164.61151496016578,165.1813019518934,162.36132347798969,164.09967041015625,8853700.0
BABA,2019-10-24,414068.0,2105650.0,Thursday,165.41308503074643,166.8327337851161,164.3797437780459,166.63958740234375,7397700.0
BABA,2019-10-25,42827.0,2752178.0,Friday,165.68349117402013,169.78791439336118,165.0267905322652,168.33929443359375,9891800.0
BABA,2019-10-28,705674.0,7644102.0,Monday,170.45428024934645,173.48672407906835,170.36736658928854,172.55960083007812,11739600.0
BABA,2019-10-29,236971.0,2108916.0,Tuesday,170.99510778731778,171.65182320396408,169.43060285397317,170.8309326171875,8026400.0
BABA,2019-10-30,578256.0,2711629.0,Wednesday,169.4112639866035,171.7870070669928,167.97810230415132,171.44898986816406,10213200.0
BABA,2019-10-31,299450.0,6022325.0,Thursday,173.02316837382773,173.10042987194032,169.48853219982823,170.6184539794922,15119000.0
BABA,2019-11-01,4351835.0,3235533.0,Friday,172.87829142473262,175.88176390306356,170.02934193716192,170.4156494140625,28924100.0
BABA,2019-11-04,719250.0,3755787.0,Monday,174.47177901466054,176.1521686167073,171.92220865723343,173.53500366210938,44541200.0
BABA,2019-11-05,1234437.0,3952496.0,Tuesday,175.20574959288325,176.9247773932843,174.1337702579254,175.76588439941406,23690200.0
BABA,2019-11-06,845980.0,1740447.0,Wednesday,177.32073461374335,178.66312180434184,175.95902836494326,177.85189819335938,14834900.0
BABA,2019-11-07,1762327.0,1843514.0,Thursday,180.6622255161517,181.6279721267403,178.36374386739115,180.26626586914065,20162600.0
BABA,2019-11-08,1186107.0,9121658.0,Friday,181.46571902585757,181.83077703401207,178.80798532139266,180.7491455078125,19718100.0
BABA,2019-11-11,1700995.0,4061034.0,Monday,178.48929939359482,180.7877663545379,175.15746172814062,180.31455993652344,20561500.0
BABA,2019-11-12,130428.0,8803736.0,Tuesday,179.54196944273943,181.22235924069037,178.79834037042644,180.56565856933597,11797600.0
BABA,2019-11-13,977580.0,2846573.0,Wednesday,179.1170342298727,179.3140414793087,174.80014548028186,176.2294464111328,14977700.0
BABA,2019-11-14,130857.0,4210789.0,Thursday,176.60607726570564,178.18024895031135,175.11013966214512,176.53848266601562,12712800.0
BABA,2019-11-15,134062.0,2630588.0,Friday,177.69738471651632,179.24258526067496,177.41732467015137,179.1363525390625,11296400.0
BABA,2019-11-18,888314.0,3452961.0,Monday,180.57529853408545,180.57529853408545,177.8519007337093,178.28648376464844,11822900.0
BABA,2019-11-19,950347.0,5491239.0,Tuesday,179.92824530476318,180.3145527834671,177.5718212611018,178.90455627441406,13407200.0
BABA,2019-11-20,1854334.0,2707785.0,Wednesday,177.37867493446146,177.40764615335613,174.85807573776276,176.10389709472656,16684600.0
BABA,2019-11-21,557274.0,2899720.0,Thursday,175.5437700176945,178.5568948041523,175.37959485803486,178.52792358398438,10254700.0
BABA,2019-11-22,588103.0,3460334.0,Friday,179.4357287902938,180.3821563720703,177.63460600037342,180.3821563720703,10541000.0
BABA,2019-11-25,997945.0,3390392.0,Monday,181.8694071365217,184.1871930865478,181.44447627392145,183.9264373779297,19157700.0
BABA,2019-11-26,1497021.0,91600578.0,Tuesday,183.8685028548329,188.3205954705299,182.56473899174105,188.03086853027344,51832300.0
BABA,2019-11-27,3812233.0,4259672.0,Wednesday,190.4838638227092,194.09574665916367,190.2520793347588,193.9412384033203,33040500.0
BABA,2019-11-29,4160770.0,535548.0,Friday,192.96584353989456,193.56460177141707,191.55586162641413,193.1493377685547,18593100.0
BABA,2019-12-02,1284484.0,2510136.0,Monday,191.77795747921516,191.8648711346796,186.88161524899124,189.5857086181641,19357700.0
BABA,2019-12-03,1737956.0,5278158.0,Tuesday,184.428637059546,188.32059484069717,183.347005538072,188.22401428222656,18355300.0
BABA,2019-12-04,1104978.0,6074273.0,Wednesday,188.83243977127563,189.92373819252603,186.61121954698132,187.103759765625,14849300.0
BABA,2019-12-05,1116062.0,3306653.0,Thursday,190.18448836046736,194.0571420138469,189.701615016046,193.1493377685547,22290200.0
BABA,2019-12-06,785381.0,3764732.0,Friday,194.2213128944352,195.0808268390832,192.6761123319529,194.9745941162109,14087300.0
BABA,2019-12-09,516521.0,8402360.0,Monday,193.4583765972224,196.46183454129408,191.7490008953424,191.9324951171875,14258100.0
BABA,2019-12-10,847212.0,2104947.0,Tuesday,193.83501163473508,195.54437255139104,192.40569601937847,193.5839080810547,11623900.0
BABA,2019-12-11,454670.0,3146530.0,Wednesday,194.21164982541603,197.7849093473339,193.84466139680933,197.63038635253903,11760000.0
BABA,2019-12-12,2102744.0,8648184.0,Thursday,196.7322448982577,198.94379811182,195.08081174071668,197.49517822265625,22448600.0
BABA,2019-12-13,1538917.0,5091290.0,Friday,198.7120195856386,200.0061312582337,196.7901932394816,197.89114379882807,19270400.0
BABA,2019-12-16,832987.0,8386854.0,Monday,199.2624922405308,201.9858899144965,199.12728830971156,199.8805694580078,16734300.0
BABA,2019-12-17,753744.0,3817225.0,Tuesday,201.5416582340336,201.71548554690224,199.7357168262111,201.0491180419922,11287600.0
BABA,2019-12-18,751302.0,8204963.0,Wednesday,201.3871444815105,202.8550834918328,200.91392332567565,202.80679321289065,13481800.0
BABA,2019-12-19,734408.0,6526780.0,Thursday,202.43015015941333,204.12985891024164,202.06316172725332,202.93234252929688,12167300.0
BABA,2019-12-20,684853.0,44871755.0,Friday,204.1105550016541,206.6504586037628,203.2124029780004,204.97972106933597,26670000.0
BABA,2019-12-23,692687.0,7408637.0,Monday,205.94546259671876,207.6838094251819,205.61711228915448,207.47134399414065,12535000.0
BABA,2019-12-24,83844.0,558258.0,Tuesday,207.64517789340596,208.0507897102221,206.04204968488224,206.92086791992188,5523000.0
BABA,2019-12-26,300352.0,700390.0,Thursday,207.29749429242477,209.55735245408323,206.9884630543944,208.9682464599609,6907100.0
BABA,2019-12-27,686204.0,6160945.0,Friday,210.5231174457377,210.63900232812685,207.7997048205981,208.0894317626953,11674200.0
BABA,2019-12-30,586605.0,1513365.0,Monday,208.38881468434496,208.38881468434496,204.50650895580995,205.61712646484372,8732600.0
BABA,2019-12-31,352969.0,2213638.0,Tuesday,204.73828882577544,206.322112734794,203.5117864599968,204.8348693847656,6773600.0
BABA,2020-01-02,1262496.0,2144356.0,Thursday,209.18072666444743,212.4449402643936,209.1227694881059,212.2421417236328,15873500.0
BABA,2020-01-03,382551.0,2641018.0,Friday,208.9392871928277,210.7288126150996,208.61092214247705,209.5670166015625,8604500.0
BABA,2020-01-06,1405795.0,7115266.0,Monday,207.52928852453172,209.7215374563085,206.75668828896792,209.21934509277344,11885500.0
BABA,2020-01-07,556063.0,3218589.0,Tuesday,210.1850977180165,211.44057129471983,209.267641359084,210.17544555664065,9388000.0
BABA,2020-01-08,197543.0,8171291.0,Wednesday,209.18072126287788,213.09198323779293,208.91031339143,210.5327606201172,11959100.0
BABA,2020-01-09,254642.0,3734887.0,Thursday,213.9128806939921,215.4387621530562,213.2561800523344,214.18328857421875,13122500.0
BABA,2020-01-10,316728.0,2125145.0,Friday,216.23066528025075,218.2201157229983,214.45466759601732,216.1630706787109,12296000.0
BABA,2020-01-13,1301643.0,4374070.0,Monday,220.9724862522502,223.22267769088523,219.263110574019,222.5852813720703,17544800.0
BABA,2020-01-14,306664.0,3833569.0,Tuesday,222.17001982829996,222.2907381595763,217.1771114150432,218.73196411132807,17266900.0
BABA,2020-01-15,576809.0,4384081.0,Wednesday,218.88645514716205,220.0163916067603,216.70387319448255,217.35092163085935,10743400.0
BABA,2020-01-16,851908.0,2993167.0,Thursday,218.5484650011229,218.57743622109123,215.10074246365423,216.2693023681641,13700500.0
BABA,2020-01-17,283066.0,4788936.0,Friday,218.1621488857524,220.190222620124,217.6310000499097,219.6397399902344,12956200.0
BABA,2020-01-21,2000597.0,4187245.0,Tuesday,214.83032954005336,214.97520037261583,213.16924419897816,214.64683532714844,15831100.0
BABA,2020-01-22,1556825.0,1585963.0,Wednesday,216.9936062049682,217.85312009068457,214.39574548967832,214.7530670166016,10059600.0
BABA,2020-01-23,1297801.0,4979878.0,Thursday,210.46516143903244,212.58981586881316,209.34490651874972,211.6240692138672,18519900.0
BABA,2020-01-24,1536480.0,6308368.0,Friday,211.0059891146265,212.30008607823075,204.08640617249827,206.4283447265625,18143900.0
BABA,2020-01-27,4634076.0,2358248.0,Monday,194.3275378859056,200.894617910994,192.66645250496785,198.4319610595703,24574700.0
BABA,2020-01-28,1241794.0,8277907.0,Tuesday,202.5557089748587,203.6856307942692,200.0737329951037,203.02891540527344,16196700.0
BABA,2020-01-29,534823.0,2318008.0,Wednesday,205.2790955586348,206.65045396644464,202.3432323696562,204.75759887695312,12871900.0
BABA,2020-01-30,475541.0,2283090.0,Thursday,200.75942034886145,202.67159460909411,198.0070364740628,201.43544006347656,14376000.0
BABA,2020-01-31,1167159.0,4650954.0,Friday,199.42668191979337,200.8076925469152,197.71537580207965,199.5135955810547,18181400.0
BABA,2020-02-03,307038.0,3221898.0,Monday,201.52234815600127,207.65484517049472,201.52234815600127,205.8006134033203,14118800.0
BABA,2020-02-04,1840873.0,3552606.0,Tuesday,213.7680143596267,216.69422535895905,212.93747169979525,215.24560546875,16695100.0
BABA,2020-02-05,495282.0,3999731.0,Wednesday,218.7609184090256,218.9347457192769,210.088503551001,212.6767120361328,15766100.0
BABA,2020-02-06,952699.0,2910206.0,Thursday,215.48704534552311,215.98922297164356,212.25178831446996,213.3334197998047,10790800.0
BABA,2020-02-07,317795.0,4117069.0,Friday,210.01126541821048,210.37823911140987,207.51963738274355,209.1131134033203,13790300.0
BABA,2020-02-10,1276893.0,8302376.0,Monday,206.1869014574452,208.379150390625,204.931427915866,208.379150390625,17420300.0
BABA,2020-02-11,1244170.0,2187385.0,Tuesday,212.3773339862809,212.47389980262585,207.91557476523857,209.7698211669922,16073500.0
BABA,2020-02-12,445863.0,4931892.0,Wednesday,213.5555653602507,217.7951926423301,212.66708019423436,216.6266326904297,18671900.0
BABA,2020-02-13,3631597.0,3487047.0,Thursday,212.46425080253016,217.29298377531492,211.4888520470321,212.8119201660156,28069700.0
BABA,2020-02-14,952039.0,2354341.0,Friday,213.5265822955236,214.04807898330063,210.7548794921865,212.10693359375,10690000.0
BABA,2020-02-18,1287763.0,2289181.0,Tuesday,211.0639239279832,213.285144071528,210.0595392043744,212.9664459228516,12987000.0
BABA,2020-02-19,732450.0,2308623.0,Wednesday,213.9322018760101,215.9023185566594,213.1885728299449,214.5309600830078,10798100.0
BABA,2020-02-20,654667.0,4655188.0,Thursday,214.87861690311937,214.87861690311937,206.88223629343477,210.5713806152344,14950100.0
BABA,2020-02-21,650946.0,4414985.0,Friday,210.0885178787051,210.1464750555314,204.3133570894556,205.30807495117188,17681200.0
BABA,2020-02-24,3175890.0,2183065.0,Monday,196.5777283574158,200.17995914056172,195.57334361574095,199.09832763671875,19380200.0
BABA,2020-02-25,1274483.0,2693175.0,Tuesday,201.36782857850136,202.75850611153544,197.10889705374,198.56716918945312,18132400.0
BABA,2020-02-26,641924.0,8593433.0,Wednesday,199.7164149169749,205.781302844323,199.70674801912537,201.5899658203125,19482100.0
BABA,2020-02-27,1702719.0,5266474.0,Thursday,197.98771524265945,202.77782510646935,194.9456191922034,198.0070343017578,22741200.0
BABA,2020-02-28,1066349.0,15833702.0,Friday,192.16425158390035,201.7637750079056,191.75961237020405,200.8752899169922,31251100.0
BAC,2019-01-02,1738845.0,19803143.0,Wednesday,20.791514231445955,21.706754848194024,20.731074046406675,21.55133628845215,71836300.0
BAC,2019-01-03,1199761.0,13226138.0,Thursday,21.53406354637067,21.62040735242993,21.110980708238557,21.205957412719727,66599600.0
BAC,2019-01-04,1816500.0,12348619.0,Friday,21.67221772357368,22.147106290594397,21.611777540157014,22.08666610717773,83829100.0
BAC,2019-01-07,860284.0,12900288.0,Monday,22.069395065307617,22.25935179285046,21.836268899397105,22.069395065307617,57016300.0
BAC,2019-01-08,1048323.0,12864816.0,Tuesday,22.20754467188851,22.26798649727185,21.66358141840925,22.02622413635254,67339400.0
BAC,2019-01-09,1283160.0,10660004.0,Wednesday,22.1643771266314,22.319795694413525,21.92261472709568,22.24208641052246,69707200.0
BAC,2019-01-10,794902.0,22248195.0,Thursday,22.069394899711853,22.25935162582937,21.94851454445258,22.21617889404297,65235800.0
BAC,2019-01-11,983335.0,12087547.0,Friday,22.043494626858823,22.483846644198728,21.98305279764352,22.47521209716797,63476000.0
BAC,2019-01-14,1141885.0,28030112.0,Monday,22.25071660499959,22.8637545614522,22.11256715997164,22.76877784729004,76715400.0
BAC,2019-01-15,1322356.0,17541646.0,Tuesday,22.6306244757584,23.148685665863407,22.492475044646543,22.924192428588867,80625500.0
BAC,2019-01-16,8607029.0,28494264.0,Wednesday,24.28842341258125,24.79785014372488,24.05529723736224,24.56472396850586,163131700.0
BAC,2019-01-17,1937100.0,13453850.0,Thursday,24.46974490034108,25.039611795665127,24.25388617796465,25.030977249145508,107428800.0
BAC,2019-01-18,6615133.0,15672498.0,Friday,25.05687860446089,25.436788735462528,24.789212627367807,25.29863929748535,97928200.0
BAC,2019-01-22,2347557.0,12294466.0,Tuesday,25.0223426497605,25.29864155031916,24.94463337811946,25.117321014404297,84861400.0
BAC,2019-01-23,897934.0,10394137.0,Wednesday,25.229566994968057,25.28137427432497,24.711507376369838,24.970537185668945,79425900.0
BAC,2019-01-24,1499650.0,14482982.0,Thursday,24.82375488602313,25.21230127342252,24.81512033887298,25.108688354492188,59492300.0
BAC,2019-01-25,1391499.0,10093212.0,Friday,25.28136601204947,25.661276055279163,25.16048404659381,25.540395736694336,72182100.0
BAC,2019-01-28,891604.0,9986409.0,Monday,25.31590994833474,25.61811248010129,25.290007956413035,25.583574295043945,59963800.0
BAC,2019-01-29,709820.0,7186742.0,Tuesday,25.505870785509007,25.644020254273894,25.33318312611711,25.376354217529297,51451900.0
BAC,2019-01-30,759508.0,7042486.0,Wednesday,25.402258280071628,25.44542937219688,24.99644441473084,25.10005569458008,66475800.0
BAC,2019-01-31,2054016.0,14445712.0,Thursday,24.823749710162723,24.90145897143988,24.158904540067557,24.581987380981445,100201200.0
BAC,2019-02-01,1372645.0,17838730.0,Friday,24.69423680956185,24.90146097400881,24.44383991489391,24.50428009033203,64244100.0
BAC,2019-02-04,877530.0,9791102.0,Monday,24.58199074321945,25.013708188531933,24.53881965743674,24.935998916625977,55195900.0
BAC,2019-02-05,592516.0,10492624.0,Tuesday,24.91009723832304,24.935999231371053,24.6683348730228,24.84965705871582,46622600.0
BAC,2019-02-06,641273.0,6352689.0,Wednesday,24.75467668629468,24.953266302301124,24.64243088281706,24.80648231506348,35606900.0
BAC,2019-02-07,459255.0,11694676.0,Thursday,24.64243140646984,24.728773573962204,24.08983198266528,24.383399963378903,62289200.0
BAC,2019-02-08,812449.0,8822961.0,Friday,24.30569459612111,24.452478610036263,24.055299305837345,24.426576614379883,50031300.0
BAC,2019-02-11,705781.0,15755952.0,Monday,24.469747421817505,24.573358696986816,24.357499952367306,24.530187606811523,47724400.0
BAC,2019-02-12,959595.0,8147958.0,Tuesday,24.71150768092784,24.918731860295345,24.676969494264235,24.771947860717773,49178100.0
BAC,2019-02-13,922683.0,16843864.0,Wednesday,24.92736642767808,25.03097769401225,24.746044241286203,24.78058242797852,48951200.0
BAC,2019-02-14,1272393.0,10460215.0,Thursday,24.48701838230863,24.711511691441707,24.27115962124278,24.512920379638672,47756600.0
BAC,2019-02-15,2867399.0,16698955.0,Friday,24.8323876083638,25.307276138624523,24.754678336594388,25.13459014892578,65867000.0
BAC,2019-02-19,1042459.0,5586143.0,Tuesday,24.979173282156683,25.26410674881404,24.823754728185133,25.151859283447266,40841300.0
BAC,2019-02-20,726786.0,9240211.0,Wednesday,25.12595896176448,25.428161542731115,25.0482496796053,25.39362335205078,42806300.0
BAC,2019-02-21,1182741.0,7269009.0,Thursday,25.324543173958247,25.428156076855704,25.134588106662665,25.29000663757324,42754100.0
BAC,2019-02-22,2903096.0,8733446.0,Friday,25.082784713041736,25.27274145660209,25.00507543556186,25.108688354492188,47887800.0
BAC,2019-02-25,1310934.0,19120797.0,Monday,25.143222609803164,25.549036381147744,25.143222609803164,25.27273750305176,61227400.0
BAC,2019-02-26,198122.0,11060144.0,Tuesday,25.05687884120737,25.58357296089506,25.00507156632304,25.29000663757324,53153200.0
BAC,2019-02-27,1008050.0,8958507.0,Wednesday,25.29864116437444,25.61811279256627,25.22093189391889,25.49723243713379,48128600.0
BAC,2019-02-28,1237086.0,26329032.0,Thursday,25.601371611922765,25.644763105085467,25.17612868886673,25.23687744140625,62358100.0
BAC,2019-03-01,861561.0,8516818.0,Friday,25.453840644210143,25.73155019959505,25.34969873330105,25.43648338317871,45771500.0
BAC,2019-03-04,902332.0,11380011.0,Monday,25.45383752243241,25.636085430351716,24.96784586011313,25.19348526000977,56893200.0
BAC,2019-03-05,653074.0,7036743.0,Tuesday,25.184807318555137,25.332340712699427,24.907097789643384,25.23687744140625,39932500.0
BAC,2019-03-06,177302.0,7241733.0,Wednesday,25.17612452575409,25.306300638995697,24.993876642992586,25.02859115600586,41672000.0
BAC,2019-03-07,864377.0,11229962.0,Thursday,24.881060305560386,24.92445179594144,24.52524478754208,24.776918411254883,53908600.0
BAC,2019-03-08,2012526.0,5610227.0,Friday,24.351678983977816,24.881063849481517,24.30828748741631,24.86370658874512,40860700.0
BAC,2019-03-11,712036.0,8119926.0,Monday,24.9071009748735,25.219523407213504,24.9071009748735,25.11538314819336,40709300.0
BAC,2019-03-12,689906.0,8680874.0,Tuesday,25.167453277703437,25.271595192003147,25.071989994201992,25.11538314819336,34450000.0
BAC,2019-03-13,702951.0,10899026.0,Wednesday,25.210842699182116,25.61005140661228,25.150093943879128,25.41912651062012,54683300.0
BAC,2019-03-14,548198.0,9932930.0,Thursday,25.436483778169983,25.722871968517797,25.37573501889614,25.566659927368164,45219100.0
BAC,2019-03-15,260250.0,51172570.0,Friday,25.549300286843387,25.696833674045457,25.39308827036128,25.42780113220215,82346200.0
BAC,2019-03-18,648422.0,19031915.0,Monday,25.497234045956123,26.000583066507428,25.45384254541604,25.879085540771484,58568600.0
BAC,2019-03-19,2641774.0,15009687.0,Tuesday,26.04397043331588,26.156789302810683,25.63608479095248,25.73154640197754,55455100.0
BAC,2019-03-20,1057075.0,19252428.0,Wednesday,25.70551967234454,25.740232544136568,24.82031909537105,24.85503196716309,81689900.0
BAC,2019-03-21,1759792.0,7901947.0,Thursday,24.69013812996503,24.820314270620145,24.33432257304398,24.455820083618164,77444400.0
BAC,2019-03-22,1904383.0,16091981.0,Friday,24.221503492422716,24.360358271500715,23.180090994058155,23.440444946289062,118851600.0
BAC,2019-03-25,1935549.0,6463829.0,Monday,23.35365646381313,23.76154210352132,23.093304209578847,23.29290771484375,65568000.0
BAC,2019-03-26,1963729.0,8754651.0,Tuesday,23.561945444303376,23.735514767743886,23.32762735424261,23.614015579223636,59878500.0
BAC,2019-03-27,1276875.0,9372350.0,Wednesday,23.509866211572003,23.75286283929832,23.3883687253484,23.45779609680176,57621700.0
BAC,2019-03-28,1389215.0,6129335.0,Thursday,23.60533601803962,23.787582297944574,23.44912397510419,23.71815490722656,45872300.0
BAC,2019-03-29,1222417.0,22006950.0,Friday,23.90907782303725,24.02189835809062,23.692117038235533,23.94379234313965,83446300.0
BAC,2019-04-01,1318321.0,14240588.0,Monday,24.21282119484973,24.941809502245576,24.16942970368921,24.76824188232422,91751100.0
BAC,2019-04-02,1041154.0,12480305.0,Tuesday,24.70748796380692,25.05462646484375,24.60334773771911,25.05462646484375,66694000.0
BAC,2019-04-03,1729687.0,13460423.0,Wednesday,25.22819463999492,25.37572800974316,24.907093671017577,25.02859115600586,63110600.0
BAC,2019-04-04,1000149.0,9147406.0,Thursday,25.03727422272436,25.436481261471627,25.028595592932543,25.297626495361328,53712100.0
BAC,2019-04-05,364270.0,9626922.0,Friday,25.445159588090064,25.601371611922765,25.150092799801488,25.23687744140625,46383400.0
BAC,2019-04-08,667080.0,7605598.0,Monday,25.071988592342368,25.34102116620762,25.0546329869958,25.314985275268555,35272800.0
BAC,2019-04-09,933998.0,6951114.0,Tuesday,25.167452339390547,25.22820109743401,24.941812912886608,25.07198905944824,40535300.0
BAC,2019-04-10,686761.0,6366660.0,Wednesday,25.080665609851614,25.29762638788715,24.95048947408617,25.228199005126957,42669700.0
BAC,2019-04-11,1006593.0,10277430.0,Thursday,25.384411030157235,25.592693178437823,25.15877162236676,25.228199005126957,50440100.0
BAC,2019-04-12,2543407.0,10768381.0,Friday,25.65344403175997,26.22622040024618,25.65344403175997,26.18282890319824,100192000.0
BAC,2019-04-15,1580463.0,6716816.0,Monday,26.122078006422328,26.15679087016259,25.7402265736032,25.89643859863281,57438800.0
BAC,2019-04-16,5759757.0,7510150.0,Tuesday,25.42780525813764,26.078687662239588,25.16745295860868,25.931154251098636,105168400.0
BAC,2019-04-17,1349474.0,9114755.0,Wednesday,25.887763395125376,26.139438725488866,25.566660672813267,26.06133270263672,94831600.0
BAC,2019-04-18,2950052.0,18685530.0,Thursday,25.9919053106881,26.174151593823375,25.879084764221847,26.06133270263672,61796600.0
BAC,2019-04-22,619827.0,7757044.0,Monday,25.97454741012453,26.122080821297203,25.844371260332057,26.07868766784668,34763400.0
BAC,2019-04-23,863094.0,7256275.0,Tuesday,26.02661715119843,26.21754205769737,25.965868392552384,26.096044540405277,41889700.0
BAC,2019-04-24,1277295.0,10165703.0,Wednesday,25.9918997961551,26.18282466968661,25.90511516081196,26.052648544311523,40078100.0
BAC,2019-04-25,789162.0,7113926.0,Thursday,25.957187672239023,26.31300322018816,25.948509042376923,26.104721069335938,43243800.0
BAC,2019-04-26,845244.0,7982267.0,Friday,26.18282871950177,26.373753622564493,26.078686809926065,26.339040756225582,40627500.0
BAC,2019-04-29,1593996.0,8908595.0,Monday,26.40846637968407,27.050670089199777,26.391109120034606,26.703533172607425,68408600.0
BAC,2019-04-30,1478860.0,13412148.0,Tuesday,26.72956585517508,26.79899323446336,26.39110758805465,26.53864097595215,47764200.0
BAC,2019-05-01,661681.0,6356355.0,Wednesday,26.52128134286797,26.80766946370177,26.191501734593555,26.260929107666016,56161000.0
BAC,2019-05-02,721704.0,5363239.0,Thursday,26.26093324106597,26.521285517246664,26.16546996733599,26.469215393066406,40634100.0
BAC,2019-05-03,1006424.0,6809584.0,Friday,26.60807105919669,26.72956857147812,26.46921628650949,26.65146255493164,35256100.0
BAC,2019-05-06,1305737.0,5483527.0,Monday,26.130757677004407,26.564679250357365,26.09604315660204,26.44318008422852,39882000.0
BAC,2019-05-07,943277.0,15090320.0,Tuesday,26.17414823800898,26.182826867799808,25.714190790771244,25.965866088867188,58528400.0
BAC,2019-05-08,812788.0,7021005.0,Wednesday,25.800978001561056,26.13075934532065,25.74890787291253,25.861726760864254,39903400.0
BAC,2019-05-09,961681.0,6963226.0,Thursday,25.53194527683357,25.844369337312383,25.41044776677156,25.783618927001957,44173500.0
BAC,2019-05-10,674896.0,8351307.0,Friday,25.56665355410807,25.783614300447528,25.33233720607359,25.670795440673828,59649900.0
BAC,2019-05-13,1816211.0,15828263.0,Monday,25.132736983310856,25.16745150405749,24.342999844398992,24.51656913757324,72547000.0
BAC,2019-05-14,165074.0,8452088.0,Tuesday,24.612028085877977,25.158768449247628,24.481850311251677,24.83766746520996,52216100.0
BAC,2019-05-15,1705037.0,6432667.0,Wednesday,24.386394119450653,24.72485243593465,24.3082880994498,24.551284790039062,51973200.0
BAC,2019-05-16,730194.0,8076402.0,Thursday,24.69881163644218,25.01991428322817,24.672777405134667,24.81163215637207,42791500.0
BAC,2019-05-17,1856785.0,6611056.0,Friday,24.516569537398777,24.855027843800865,24.4905336464142,24.64674568176269,43772500.0
BAC,2019-05-20,825408.0,8384037.0,Monday,24.64674568176269,24.75088759042152,24.507890907070585,24.64674568176269,41717600.0
BAC,2019-05-21,549546.0,13611613.0,Tuesday,24.79427842797065,24.95049045916841,24.69013817735843,24.898420333862305,39258700.0
BAC,2019-05-22,743164.0,5212396.0,Wednesday,24.742208868868754,24.846349121864133,24.6033540946886,24.724851608276367,29177600.0
BAC,2019-05-23,937510.0,11296495.0,Thursday,24.412428727433344,24.473179142464797,23.865688234386763,24.091327667236328,59772900.0
BAC,2019-05-24,740209.0,10342592.0,Friday,24.23885929743316,24.525247468986187,24.17811054214607,24.455820083618164,35524400.0
BAC,2019-05-28,830408.0,18137808.0,Tuesday,24.342998093326177,24.516567374015008,24.195464701324468,24.21282196044922,44273400.0
BAC,2019-05-29,281681.0,8708109.0,Wednesday,23.89172621166844,24.16943579778793,23.761548394805185,24.082651138305664,49818900.0
BAC,2019-05-30,867445.0,10539852.0,Thursday,24.100008329337427,24.2388631219828,23.414411342281188,23.57062339782715,58649300.0
BAC,2019-05-31,1670293.0,20966936.0,Friday,22.997842509078367,23.31894518941484,22.980485249540315,23.084627151489254,68304200.0
BAC,2019-06-03,1143460.0,13350854.0,Monday,23.07594482689053,23.42308168567252,22.911054198239423,23.154050827026367,50109900.0
BAC,2019-06-04,1166067.0,12246201.0,Tuesday,23.58797515315173,24.25621472127956,23.553260635456063,24.23017883300781,58426400.0
BAC,2019-06-05,1395618.0,6373215.0,Wednesday,24.1607554506858,24.308288864745577,23.8309740991265,24.22150421142578,44874400.0
BAC,2019-06-06,544038.0,9556041.0,Thursday,24.22149943734885,24.465809106589607,24.0295429099462,24.326202392578125,38633600.0
BAC,2019-06-07,1054778.0,11513098.0,Friday,24.21278101608263,24.247683120879252,23.92484530840628,24.020824432373047,51317200.0
BAC,2019-06-10,1391766.0,12102511.0,Monday,24.308756200577516,24.84099989867913,24.29130515100731,24.491987228393555,48305800.0
BAC,2019-06-11,1187214.0,4900409.0,Tuesday,24.76247193588797,25.041683737423146,24.55306433290436,24.64031791687012,38691800.0
BAC,2019-06-12,861186.0,6381179.0,Wednesday,24.60541836820454,24.666495379913705,24.30875717056823,24.387285232543945,33528900.0
BAC,2019-06-13,668467.0,5219417.0,Thursday,24.404734023086203,24.570515668125665,24.265128952807828,24.378559112548828,33404200.0
BAC,2019-06-14,739141.0,10718339.0,Friday,24.352386320442637,24.579245010938862,24.2389578073065,24.46581649780273,37322100.0
BAC,2019-06-17,557881.0,6517598.0,Monday,24.43963743880028,24.62286847932343,24.24768087288691,24.369834899902344,33410100.0
BAC,2019-06-18,1468773.0,8686111.0,Tuesday,24.448356410890487,25.12893056666377,24.28257480136117,24.97187614440918,60170700.0
BAC,2019-06-19,961632.0,10778499.0,Wednesday,25.041680584567807,25.27726306812372,24.69266629264716,24.71011734008789,61953500.0
BAC,2019-06-20,585694.0,15238212.0,Thursday,24.945700647562003,24.963151694414886,24.300026892016145,24.66649055480957,60887200.0
BAC,2019-06-21,6951214.0,48336065.0,Friday,24.59668719666296,24.910797708234945,24.50070810645363,24.53561019897461,69444000.0
BAC,2019-06-24,1120582.0,11351752.0,Monday,24.50071144946785,24.76247052219761,24.334929815819752,24.4134578704834,40046400.0
BAC,2019-06-25,900479.0,10907087.0,Tuesday,24.448362878101182,24.448362878101182,23.889940904660268,24.22150421142578,46901300.0
BAC,2019-06-26,1067920.0,21109079.0,Wednesday,24.378559234804467,24.587966841272184,24.30003117435111,24.35238265991211,42312300.0
BAC,2019-06-27,1001523.0,9734449.0,Thursday,24.50071676659124,24.710124403065223,24.483265714162417,24.614145278930664,35575600.0
BAC,2019-06-28,2686595.0,59874565.0,Friday,25.31216752587766,25.539026171113772,25.06785783157177,25.303442001342773,101856900.0
BAC,2019-07-01,2071808.0,12294886.0,Monday,25.722261923520342,26.04509973378043,25.521579814987184,25.669910430908203,48029900.0
BAC,2019-07-02,882777.0,6221773.0,Tuesday,25.6001020804329,25.678630133654515,25.242363910967143,25.4343204498291,32263500.0
BAC,2019-07-03,586065.0,350.0,Wednesday,25.469224469870603,25.51285042974449,25.242365817234305,25.347068786621094,26642300.0
BAC,2019-07-05,4361197.0,5382255.0,Friday,25.617555633643352,25.8007866662611,25.43432293680188,25.53030204772949,33092000.0
BAC,2019-07-08,676925.0,8457905.0,Monday,25.31216560994027,25.5651991454047,25.251088607042767,25.477947235107425,30924400.0
BAC,2019-07-09,797323.0,6467373.0,Tuesday,25.277262447257765,25.66990268391263,25.25108754096307,25.60882568359375,28750100.0
BAC,2019-07-10,1455948.0,8724727.0,Wednesday,25.45177378706469,25.65245586813485,25.26854109166136,25.320894241333008,40574800.0
BAC,2019-07-11,1024164.0,8823060.0,Thursday,25.39069507027766,25.73970772351449,25.32961806398917,25.6175537109375,37376800.0
BAC,2019-07-12,956206.0,10590103.0,Friday,25.687359450747326,25.7658875155642,25.617556911379417,25.69608497619629,29632900.0
BAC,2019-07-15,3283391.0,11106938.0,Monday,25.73970917828325,25.765885752839324,25.373245455616708,25.495399475097656,46462100.0
BAC,2019-07-16,1947729.0,6456905.0,Tuesday,25.45177391002253,25.477950484984817,25.181289292307177,25.29471778869629,54920400.0
BAC,2019-07-17,3724657.0,14513921.0,Wednesday,25.39069877070732,25.84441611815157,25.303445178625907,25.469226837158203,84958300.0
BAC,2019-07-18,776693.0,7321439.0,Thursday,25.54775021884769,25.809509282868596,25.46049664276621,25.72225570678711,49468800.0
BAC,2019-07-19,1813298.0,10588427.0,Friday,25.77461005412641,25.83568706096745,25.635003327345085,25.652454376220703,44863200.0
BAC,2019-07-22,668956.0,6972546.0,Monday,25.556477036372165,25.83568716258578,25.54775151190004,25.800785064697266,31224300.0
BAC,2019-07-23,969840.0,10210021.0,Tuesday,25.95784157366792,26.420284392420164,25.91421561486382,26.39410781860352,64030300.0
BAC,2019-07-24,941050.0,9859251.0,Wednesday,26.23705258904749,26.83037496844665,26.21087767857169,26.76057243347168,53171900.0
BAC,2019-07-25,861703.0,7622640.0,Thursday,26.821645991775643,26.95252551998242,26.35920321693997,26.472633361816406,43251900.0
BAC,2019-07-26,1258873.0,10178973.0,Friday,26.67332262447369,27.039786401023512,26.54244306089675,26.847829818725582,46978800.0
BAC,2019-07-29,1064230.0,8238409.0,Monday,26.80419949749677,26.917629661641783,26.60351740920794,26.62969398498535,39176700.0
BAC,2019-07-30,704141.0,6579008.0,Tuesday,26.359213103688077,26.961261156322127,26.30686160561419,26.95253562927246,37598300.0
BAC,2019-07-31,766391.0,13495535.0,Wednesday,26.90017810142644,27.1008601859128,26.690770491846266,26.7692985534668,60607600.0
BAC,2019-08-01,819593.0,12217347.0,Thursday,26.655865760531004,27.109583035284587,25.61755334020562,25.730981826782227,76913400.0
BAC,2019-08-02,1244257.0,7881433.0,Friday,25.617558470540228,25.73971250581277,25.2249181225586,25.635007858276367,57492300.0
BAC,2019-08-05,1772851.0,25222996.0,Monday,24.89335365213838,24.989331098658745,24.17787558039183,24.500713348388672,96207700.0
BAC,2019-08-06,1456330.0,10658890.0,Tuesday,24.788649200279995,24.85845173655066,24.160426373844015,24.7973747253418,65115800.0
BAC,2019-08-07,2497147.0,8311238.0,Wednesday,24.09062616616891,24.36983633823997,23.66308538215711,24.33493423461914,75388500.0
BAC,2019-08-08,1198056.0,13441880.0,Thursday,24.52688774822772,24.85844934759357,24.49198565133469,24.762470245361328,53141900.0
BAC,2019-08-09,876947.0,8465828.0,Friday,24.66649388403057,24.884627006462622,24.404733138577917,24.71884536743164,53499600.0
BAC,2019-08-12,1317486.0,17105792.0,Monday,24.282578125755844,24.300029174247708,23.95974038555064,24.116796493530277,55674700.0
BAC,2019-08-13,1175810.0,5862737.0,Tuesday,24.055716398316378,24.64903865704488,23.8899347873838,24.186595916748047,69919200.0
BAC,2019-08-14,2984137.0,22570774.0,Wednesday,23.506026341960645,23.628180361103084,22.930155017112444,23.052309036254883,106591700.0
BAC,2019-08-15,2588419.0,13768442.0,Thursday,23.19191207768329,23.410045186639763,22.86907434416935,22.903976440429688,70192000.0
BAC,2019-08-16,4317431.0,22124551.0,Friday,23.14828653911063,23.66308081867121,23.06975848533199,23.584552764892575,70841700.0
BAC,2019-08-19,2501585.0,10305149.0,Monday,24.11679471612912,24.16914785774631,23.68052852132665,23.79395866394043,44964800.0
BAC,2019-08-20,1293003.0,15062937.0,Tuesday,23.57583051831963,23.610730955837987,23.29662036127753,23.314069747924805,47665000.0
BAC,2019-08-21,1746548.0,10033922.0,Wednesday,23.497303009033203,23.62818256521233,23.37514897849586,23.497303009033203,47785400.0
BAC,2019-08-22,1166756.0,22411693.0,Thursday,23.63691135851224,23.820142429648826,23.52348117371181,23.724164962768555,49353700.0
BAC,2019-08-23,1121310.0,28025749.0,Friday,23.514750765182143,23.75033326760273,22.91270289405482,23.09593391418457,81880700.0
BAC,2019-08-26,1481683.0,11825506.0,Monday,23.296622016327404,23.3838739484338,23.113389297611334,23.366424560546875,41499100.0
BAC,2019-08-27,1000862.0,22937400.0,Tuesday,23.43622270963408,23.471123143086764,22.93015394289297,23.09593391418457,52517000.0
BAC,2019-08-28,1113992.0,15805245.0,Wednesday,22.87779587122625,23.62817416748853,22.86907034868561,23.427492141723636,45897900.0
BAC,2019-08-29,1811295.0,27945013.0,Thursday,23.55838158292629,23.95102194166465,23.48857903739769,23.84631729125977,55432900.0
BAC,2019-08-30,1238957.0,25648486.0,Friday,23.994642853304786,24.160424488092048,23.86376331604057,24.003368377685547,41326200.0
BAC,2019-09-03,1038615.0,13586617.0,Tuesday,23.74160432499532,23.75905537132096,23.21808624901299,23.601999282836918,50743100.0
BAC,2019-09-04,1107923.0,12688141.0,Wednesday,23.83758745458967,24.06444610259172,23.69798238877667,23.985918045043945,40862500.0
BAC,2019-09-05,2210964.0,15198650.0,Thursday,24.46018788261619,24.96959208051317,24.41627271673317,24.697324752807617,63413700.0
BAC,2019-09-06,1544857.0,21987418.0,Friday,24.609504198378588,24.670983775663338,24.21427595127256,24.35480117797852,56054100.0
BAC,2019-09-09,1522268.0,14658167.0,Monday,24.59193257459096,25.33847371992953,24.56558347233461,25.14525032043457,68629300.0
BAC,2019-09-10,1655113.0,20663925.0,Tuesday,25.37360341375521,25.77761459350586,25.30334081838889,25.77761459350586,71066200.0
BAC,2019-09-11,2016039.0,14320222.0,Wednesday,25.79517975788056,25.883006742618733,25.38238555876481,25.874223709106445,53982200.0
BAC,2019-09-12,523418.0,15895008.0,Thursday,25.66344182113408,26.17284615542815,25.39117442052675,26.058670043945312,72943900.0
BAC,2019-09-13,795263.0,19345537.0,Friday,26.34849832489019,26.629548705658237,26.23432223590033,26.497806549072266,79657000.0
BAC,2019-09-16,307099.0,15998916.0,Monday,26.06745049354172,26.49780914058129,26.032318354913556,26.462677001953125,43391300.0
BAC,2019-09-17,1824088.0,16279256.0,Tuesday,26.216755535637205,26.36606375621615,25.988401687975745,26.295801162719727,48284900.0
BAC,2019-09-18,1514214.0,16715774.0,Wednesday,26.146496431582158,26.48024337643304,25.953273017285635,26.348501205444336,66640400.0
BAC,2019-09-19,1147623.0,19153193.0,Thursday,26.34850189340492,26.43633056808813,26.12893104429321,26.190410614013672,43035700.0
BAC,2019-09-20,18537392.0,288445745.0,Friday,26.322150241585124,26.462675437404386,25.97083725203697,25.9884033203125,167269000.0
BAC,2019-09-23,1756488.0,40533493.0,Monday,25.742483385356483,26.014752418000256,25.619524257835085,25.92692375183105,52048300.0
BAC,2019-09-24,998225.0,27411004.0,Tuesday,25.99718739788973,26.032317860658328,25.241863183650683,25.41752052307129,64806900.0
BAC,2019-09-25,1529709.0,21116813.0,Wednesday,25.276998110278832,25.830315942670826,25.276998110278832,25.689790725708008,45807700.0
BAC,2019-09-26,925863.0,10830310.0,Thursday,25.654658971848683,25.76005372376105,25.51413375276069,25.584396362304688,33198100.0
BAC,2019-09-27,1597877.0,17131442.0,Friday,25.830311121232494,26.09379543505809,25.65465379522049,25.77761459350586,41336600.0
BAC,2019-09-30,872874.0,35561961.0,Monday,25.90057824740206,25.926927353470848,25.5404821737588,25.61952781677246,39191000.0
BAC,2019-10-01,1329535.0,13942621.0,Tuesday,25.856659648728986,25.91813920891075,24.952027287675172,24.978376388549805,49434400.0
BAC,2019-10-02,273766.0,21853995.0,Wednesday,24.767592857566147,24.8554198585024,24.425061188182625,24.4514102935791,52293100.0
BAC,2019-10-03,242043.0,18381797.0,Thursday,24.38114677339547,24.48653984064369,23.85417641157657,24.4250602722168,53015800.0
BAC,2019-10-04,1344264.0,15555420.0,Friday,24.46018912288114,24.94324424574184,24.451406089259187,24.91689682006836,42641800.0
BAC,2019-10-07,839884.0,13742354.0,Monday,24.881762843287028,25.1364657738878,24.75002069909695,24.86419677734375,36742400.0
BAC,2019-10-08,1710939.0,14542108.0,Tuesday,24.477757247698317,24.521670744307013,24.117659539698398,24.2669677734375,58201100.0
BAC,2019-10-09,967981.0,11234882.0,Wednesday,24.44262664687057,24.65341445919028,24.372364042764,24.495323181152344,37511400.0
BAC,2019-10-10,1091820.0,11335886.0,Thursday,24.62706748164678,25.2506478951386,24.62706748164678,24.98716354370117,48239300.0
BAC,2019-10-11,1935621.0,19461931.0,Friday,25.461431187272066,25.76883065945794,25.347255101987663,25.39116859436035,70008600.0
BAC,2019-10-14,1156585.0,12941654.0,Monday,25.241864769687236,25.610743865494463,25.23308173464508,25.59317779541016,36040100.0
BAC,2019-10-15,2181151.0,20392638.0,Tuesday,25.76883061941349,26.55928520723999,25.56682587450527,26.11136054992676,78656000.0
BAC,2019-10-16,6241647.0,20426517.0,Wednesday,26.673463874648498,26.98086168161829,26.48024048147616,26.497806549072266,87131700.0
BAC,2019-10-17,1634592.0,10238015.0,Thursday,26.611981349411938,26.822770799973178,26.34849704899888,26.57685089111328,55575900.0
BAC,2019-10-18,6836745.0,15047664.0,Friday,26.462675645684914,26.778858176363077,26.43632821825673,26.65589904785156,48872900.0
BAC,2019-10-21,2505617.0,14697595.0,Monday,26.9369528058361,27.358528449262224,26.901820664620907,27.24435234069824,61087400.0
BAC,2019-10-22,1490172.0,9725329.0,Tuesday,27.20043268906452,27.55174734264608,27.007210969748595,27.40243911743164,58662100.0
BAC,2019-10-23,1038944.0,10713292.0,Wednesday,27.340958203988396,27.61322723125553,27.30582774332993,27.59566116333008,47771200.0
BAC,2019-10-24,180885.0,10692316.0,Thursday,27.62200865381484,27.6834882127749,27.402437843133303,27.5429630279541,39491000.0
BAC,2019-10-25,1177982.0,16564467.0,Friday,27.542963378540232,27.97332197193088,27.525397311415954,27.85914421081543,43702000.0
BAC,2019-10-28,257681.0,14864554.0,Monday,28.078716573791173,28.30707043343121,27.876711816291607,27.964540481567383,58790300.0
BAC,2019-10-29,1222831.0,9626543.0,Tuesday,28.052369773147007,28.228025432427835,27.9381920031816,28.16654586791992,48266600.0
BAC,2019-10-30,1317938.0,9353047.0,Wednesday,28.113848639236963,28.113848639236963,27.692274707277505,27.771320343017575,45262400.0
BAC,2019-10-31,1247225.0,28682312.0,Thursday,27.58688164135711,27.771322027669907,27.06869429793483,27.46392250061035,49430900.0
BAC,2019-11-01,1521784.0,12351176.0,Friday,27.841580133521774,27.964539254396563,27.551746723465214,27.929407119750977,41985300.0
BAC,2019-11-04,3368207.0,20681642.0,Monday,28.315857545177483,28.544209749,28.192895058089,28.456382751464844,54228600.0
BAC,2019-11-05,2079304.0,29495097.0,Tuesday,28.552991109370872,29.062397076167063,28.5442097497712,28.82526016235352,68785600.0
BAC,2019-11-06,1239051.0,18867477.0,Wednesday,28.7725574581902,29.036045110405983,28.693511832602397,28.798908233642575,47524500.0
BAC,2019-11-07,2262042.0,24757595.0,Thursday,29.07995737189465,29.510314264919977,28.99212704141074,29.18535041809082,68310700.0
BAC,2019-11-08,1059197.0,9726387.0,Friday,29.04482592581986,29.220483240552667,28.92186681062228,29.21169853210449,38724000.0
BAC,2019-11-11,943704.0,5762125.0,Monday,29.009699403437708,29.202922822052766,28.957004544095607,29.14144325256348,27784000.0
BAC,2019-11-12,649595.0,7483314.0,Tuesday,29.097527232600346,29.264399856704845,28.974568104272294,29.062395095825195,37282200.0
BAC,2019-11-13,1537424.0,18890482.0,Wednesday,28.737428674894808,28.88673521745806,28.52663922319911,28.798908233642575,48887800.0
BAC,2019-11-14,1114281.0,11086481.0,Thursday,28.711084902892267,28.86039483226113,28.535430892414297,28.71986961364746,35554600.0
BAC,2019-11-15,3046417.0,16848984.0,Friday,28.913086475525795,28.948218613863315,28.719866415439668,28.92187118530273,36398300.0
BAC,2019-11-18,1413311.0,9730456.0,Monday,28.86039040021624,29.00969695627084,28.76377869905857,28.948217391967773,31133700.0
BAC,2019-11-19,1023897.0,13859297.0,Tuesday,29.08874389094473,29.11509466995757,28.825259553512225,28.930652618408203,33183700.0
BAC,2019-11-20,1218443.0,16974557.0,Wednesday,28.79891089345947,28.83404303038428,28.473943652482504,28.71108055114746,43612200.0
BAC,2019-11-21,896287.0,15534765.0,Thursday,28.7901267295274,29.018482273480338,28.658386239140743,28.84282493591309,42787600.0
BAC,2019-11-22,901345.0,11889191.0,Friday,28.948219833948414,29.26440239154206,28.9306537640393,29.14144325256348,38783900.0
BAC,2019-11-25,1084888.0,29581988.0,Monday,29.27318193496981,29.43126983547884,29.211699025947,29.396141052246094,50238800.0
BAC,2019-11-26,1242385.0,42016984.0,Tuesday,29.31710128421019,29.33466735452851,29.088745720457357,29.29075050354004,50626600.0
BAC,2019-11-27,849074.0,9695227.0,Wednesday,29.41370917063541,29.510317519244648,29.25561790871498,29.35222625732422,32097700.0
BAC,2019-11-29,758780.0,2333794.0,Friday,29.30831588910351,29.44005973822021,29.194141460279987,29.264402389526367,19503400.0
BAC,2019-12-02,1498728.0,10977330.0,Monday,29.378575664993345,29.64205997244928,29.281963970503064,29.36100959777832,47158800.0
BAC,2019-12-03,2282145.0,28068943.0,Tuesday,28.86917236391341,28.895523142298774,28.588121963959825,28.84282493591309,58745100.0
BAC,2019-12-04,1415734.0,15224293.0,Wednesday,29.053604150579176,29.246824138319564,28.851596105967165,29.115083694458008,46637900.0
BAC,2019-12-05,976045.0,16811706.0,Thursday,29.28287691937057,29.335862831227,29.14158452309656,29.22106170654297,38304500.0
BAC,2019-12-06,2408310.0,21981725.0,Friday,29.7420747035661,29.848043146681476,29.64493556042864,29.73324203491211,50908500.0
BAC,2019-12-09,1194292.0,17069765.0,Monday,29.583125883308508,29.75974223395912,29.530139967510312,29.591955184936523,32974500.0
BAC,2019-12-10,1249379.0,21022938.0,Tuesday,29.49481946843243,29.697927093167905,29.40650960854089,29.609617233276367,41960100.0
BAC,2019-12-11,268124.0,23892744.0,Wednesday,29.565462285433416,29.812723141540232,29.565462285433416,29.70675468444824,43107800.0
BAC,2019-12-12,1171417.0,18586738.0,Thursday,29.83038456723425,30.739957527400406,29.74207808271783,30.62515640258789,64942500.0
BAC,2019-12-13,1529035.0,15873442.0,Friday,30.633994819614205,30.87242644117263,30.33374796676405,30.413225173950195,48539600.0
BAC,2019-12-16,1875489.0,31204074.0,Monday,30.863582268184047,30.98721267120515,30.64281272888184,30.64281272888184,50777100.0
BAC,2019-12-17,1024475.0,29682291.0,Tuesday,30.77527480982312,31.146169416228037,30.678139034710394,30.94306182861328,50840500.0
BAC,2019-12-18,1097708.0,28907432.0,Wednesday,31.00487518310547,31.14616755599326,30.95188928001909,31.00487518310547,48757900.0
BAC,2019-12-19,929836.0,36273505.0,Thursday,31.04020275474996,31.110847265131675,30.81060051648775,30.86358642578125,45409500.0
BAC,2019-12-20,705401.0,213534451.0,Friday,31.11968743965786,31.11968743965786,30.82826992127528,30.87242317199707,109395500.0
BAC,2019-12-23,1381478.0,15972522.0,Monday,30.94306737836979,31.075527114740343,30.863590189076778,31.057865142822266,33995400.0
BAC,2019-12-24,750891.0,815999.0,Tuesday,31.075527528452312,31.15500471880341,31.01371231025443,31.102022171020508,13805400.0
BAC,2019-12-26,470738.0,12788171.0,Thursday,31.190321326020214,31.40226157332607,31.163830058360467,31.3669376373291,26992100.0
BAC,2019-12-27,2300801.0,14560767.0,Friday,31.525901147362177,31.543563120496195,31.1373444757676,31.216821670532227,28111300.0
BAC,2019-12-30,1155952.0,13222736.0,Monday,31.411094357567432,31.481742237398663,30.987217184609,31.040203094482425,30705100.0
BAC,2019-12-31,735353.0,16702790.0,Tuesday,30.934235119903327,31.1373427466502,30.881252572120424,31.102022171020508,29630100.0
BAC,2020-01-02,1297277.0,15120789.0,Thursday,31.21681830489956,31.4905738059466,31.163835759886727,31.4729118347168,37614200.0
BAC,2020-01-03,2372338.0,24930933.0,Friday,30.890087281326245,31.04021238657037,30.695808922308192,30.81944274902344,50357900.0
BAC,2020-01-06,2009584.0,33892979.0,Monday,30.386728610054373,30.81943852252365,30.35140466440854,30.77528190612793,42185000.0
BAC,2020-01-07,1554422.0,12988116.0,Tuesday,30.642820051340237,30.837095001650876,30.492694977029167,30.572172164916992,34149000.0
BAC,2020-01-08,1405558.0,19953411.0,Wednesday,30.52802335741121,31.07553108206364,30.510361383238283,30.881256103515625,45311600.0
BAC,2020-01-09,1418568.0,15621174.0,Thursday,31.1726661863342,31.199160828473502,30.854757430076106,30.934234619140625,39861600.0
BAC,2020-01-10,1119667.0,12221153.0,Friday,30.90774719517095,30.969562420067124,30.60750037338506,30.67814826965332,39730400.0
BAC,2020-01-13,2313227.0,14547920.0,Monday,30.76644748425611,30.969555084905508,30.607493123978088,30.96072578430176,37956100.0
BAC,2020-01-14,2816568.0,22870903.0,Tuesday,31.172666625906103,31.49940468836691,31.004882943815797,31.19032859802246,66719300.0
BAC,2020-01-15,5073830.0,22774509.0,Wednesday,30.70463906205749,30.72230103584594,30.32491504729841,30.616329193115234,74745500.0
BAC,2020-01-16,1708539.0,12645077.0,Thursday,30.819434867143965,30.89891205108216,30.554508674899008,30.660480499267575,50368500.0
BAC,2020-01-17,8184168.0,30310523.0,Friday,30.83709128690701,30.86358592546241,30.554506512608476,30.65164566040039,54156100.0
BAC,2020-01-21,4714558.0,32141936.0,Tuesday,30.395551493567137,30.483861339033528,30.21893853998667,30.25425910949707,50811000.0
BAC,2020-01-22,1069439.0,26720055.0,Wednesday,30.35140437523109,30.422052265849647,30.22777393532545,30.342575073242188,38879700.0
BAC,2020-01-23,1436733.0,21591477.0,Thursday,30.10414112795249,30.25426283069572,29.78623238252382,30.13063240051269,45717100.0
BAC,2020-01-24,841551.0,13981858.0,Friday,30.13063388197572,30.148295854109783,29.38001859400021,29.61845016479492,47797200.0
BAC,2020-01-27,3009216.0,39597057.0,Monday,28.761860093999527,29.256385157001088,28.673553611063284,29.00912094116211,57096200.0
BAC,2020-01-28,1272168.0,20647745.0,Tuesday,29.15924306178129,29.57429090078257,29.0974278562291,29.3535213470459,38834600.0
BAC,2020-01-29,725295.0,16991426.0,Wednesday,29.43300552307179,29.530141320136064,29.123926053106683,29.15041732788086,37414700.0
BAC,2020-01-30,1203058.0,11923727.0,Thursday,28.876662092344663,29.60078605414289,28.85016745171932,29.56546211242676,50542800.0
BAC,2020-01-31,1190277.0,33537464.0,Friday,29.20340538060318,29.29171188208939,28.83251403194857,28.99146842956543,54845300.0
BAC,2020-02-03,1280723.0,22330411.0,Monday,29.141578775520404,29.494811380875813,29.070930906979008,29.115087509155277,48485500.0
BAC,2020-02-04,4536787.0,15709849.0,Tuesday,29.636108188093928,29.936354937013387,29.609613549084724,29.68909072875977,45061600.0
BAC,2020-02-05,1559975.0,18065063.0,Wednesday,30.11296738168248,30.73995550779133,30.08647611180331,30.65164566040039,54604800.0
BAC,2020-02-06,1592983.0,20747353.0,Thursday,30.854760786243748,30.916576010164803,30.55451396919418,30.616329193115234,39511500.0
BAC,2020-02-07,2099169.0,11008741.0,Friday,30.30724572854576,30.6074924728305,30.23660121918971,30.56333923339844,31263000.0
BAC,2020-02-10,884493.0,10517603.0,Monday,30.413212153562917,30.633981704711918,30.3602296172398,30.633981704711918,24373800.0
BAC,2020-02-11,1798600.0,10322280.0,Tuesday,30.775274403463754,30.943061420038447,30.695797229474703,30.70462989807129,32476300.0
BAC,2020-02-12,1496279.0,12481218.0,Wednesday,30.978387202476963,31.30512521781773,30.71346102761425,30.83709144592285,36656700.0
BAC,2020-02-13,839117.0,19581355.0,Thursday,30.69580114003433,30.934232692377,30.51035549999329,30.828264236450195,31775100.0
BAC,2020-02-14,626063.0,13789888.0,Friday,30.80177654970074,30.872421072315536,30.64282216297136,30.77528190612793,26447700.0
BAC,2020-02-18,1553064.0,22818644.0,Tuesday,30.70463503650472,30.75762095092332,30.03349359524224,30.26309585571289,40318000.0
BAC,2020-02-19,1325295.0,13636475.0,Wednesday,30.422048947453,30.77527825598549,30.386725005996805,30.660480499267575,29632100.0
BAC,2020-02-20,1577941.0,10548509.0,Thursday,30.43088185777323,30.978392909253035,30.43088185777323,30.77528190612793,42604100.0
BAC,2020-02-21,3686100.0,22351955.0,Friday,30.49269678779137,30.589835953053463,30.148296742717992,30.342575073242188,46675500.0
BAC,2020-02-24,5213534.0,40114412.0,Monday,29.300534508937485,29.327025776566465,28.71770304036829,28.903148651123047,79159600.0
BAC,2020-02-25,2925872.0,33723996.0,Tuesday,28.86782845159235,28.929643663178144,27.234134941951112,27.44607353210449,91586800.0
BAC,2020-02-26,2728150.0,20265000.0,Wednesday,27.719832540291318,27.90527989421834,26.986877480050897,27.04869270324707,80012800.0
BAC,2020-02-27,1070142.0,41524148.0,Thursday,26.094962540887824,26.757271251918866,25.52979297979621,25.724069595336918,121148300.0
BAC,2020-02-28,5824043.0,77435902.0,Friday,24.726193076685856,25.38850181981137,24.461270253170944,25.16773223876953,171198800.0
BRK,2019-01-02,190158.0,1968889.0,Wednesday,0.0732000023126602,0.0732000023126602,0.0732000023126602,0.0732000023126602,0.0
BRK,2019-01-03,37069.0,2341482.0,Thursday,0.0732000023126602,0.0736000016331672,0.0732000023126602,0.0736000016331672,705.0
BRK,2019-01-04,44561.0,2445548.0,Friday,0.0737999975681305,0.0737999975681305,0.0719999969005584,0.0732000023126602,15465.0
BRK,2019-01-07,128413.0,3082673.0,Monday,0.0732000023126602,0.0732000023126602,0.0732000023126602,0.0732000023126602,0.0
BRK,2019-01-08,9138.0,1863537.0,Tuesday,0.0740000009536743,0.0763999968767166,0.0729999989271164,0.0763999968767166,77591.0
BRK,2019-01-09,3956.0,1086313.0,Wednesday,0.0763999968767166,0.0763999968767166,0.0763999968767166,0.0763999968767166,0.0
BRK,2019-01-10,4413.0,1554581.0,Thursday,0.0746000036597251,0.0747999995946884,0.0728000029921531,0.0747999995946884,11410.0
BRK,2019-01-11,110835.0,1351253.0,Friday,0.0747999995946884,0.0747999995946884,0.0747999995946884,0.0747999995946884,0.0
BRK,2019-01-14,72123.0,2677763.0,Monday,0.0729999989271164,0.0741999968886375,0.0714000016450882,0.0737999975681305,58314.0
BRK,2019-01-15,68326.0,799787.0,Tuesday,0.0714000016450882,0.0733999982476234,0.070200003683567,0.0733999982476234,81540.0
BRK,2019-01-16,142854.0,1628923.0,Wednesday,0.0733999982476234,0.0733999982476234,0.070200003683567,0.0732000023126602,30700.0
BRK,2019-01-17,76112.0,1979151.0,Thursday,0.0719999969005584,0.0724000036716461,0.0719999969005584,0.0724000036716461,5449.0
BRK,2019-01-18,14018.0,1584726.0,Friday,0.070200003683567,0.0741999968886375,0.0700000002980232,0.0741999968886375,408150.0
BRK,2019-01-22,10101.0,2992958.0,Tuesday,0.0744000002741813,0.0744000002741813,0.0744000002741813,0.0744000002741813,0.0
BRK,2019-01-23,28561.0,864223.0,Wednesday,0.0744000002741813,0.0744000002741813,0.0744000002741813,0.0744000002741813,0.0
BRK,2019-01-24,72901.0,2138099.0,Thursday,0.0744000002741813,0.0744000002741813,0.0744000002741813,0.0744000002741813,0.0
BRK,2019-01-25,12144.0,1557142.0,Friday,0.0711999982595443,0.0744000002741813,0.0711999982595443,0.0744000002741813,1305.0
BRK,2019-01-28,12653.0,1307892.0,Monday,0.0711999982595443,0.0733999982476234,0.0710000023245811,0.0729999989271164,56916.0
BRK,2019-01-29,5047.0,1005749.0,Tuesday,0.0715999975800514,0.0729999989271164,0.0711999982595443,0.0729999989271164,51805.0
BRK,2019-01-30,13171.0,1037435.0,Wednesday,0.0725999996066093,0.0729999989271164,0.0725999996066093,0.0729999989271164,31354.0
BRK,2019-01-31,11836.0,6473759.0,Thursday,0.0729999989271164,0.0736000016331672,0.0729999989271164,0.0736000016331672,37990.0
BRK,2019-02-01,119931.0,3159071.0,Friday,0.0711999982595443,0.0736000016331672,0.0711999982595443,0.0729999989271164,28811.0
BRK,2019-02-04,80511.0,1790344.0,Monday,0.0719999969005584,0.0736000016331672,0.0714000016450882,0.0736000016331672,11430.0
BRK,2019-02-05,95979.0,2356553.0,Tuesday,0.0736000016331672,0.0736000016331672,0.0736000016331672,0.0736000016331672,0.0
BRK,2019-02-06,4661.0,2117140.0,Wednesday,0.0736000016331672,0.0740000009536743,0.0736000016331672,0.0740000009536743,207010.0
BRK,2019-02-07,1879.0,1954415.0,Thursday,0.0741999968886375,0.0741999968886375,0.0740000009536743,0.0741999968886375,41320.0
BRK,2019-02-08,75827.0,2039613.0,Friday,0.0719999969005584,0.0744000002741813,0.0714000016450882,0.0744000002741813,188616.0
BRK,2019-02-11,100935.0,1323662.0,Monday,0.0741999968886375,0.0744000002741813,0.0722000002861023,0.0744000002741813,7965.0
BRK,2019-02-12,14211.0,1692637.0,Tuesday,0.0722000002861023,0.0746000036597251,0.0722000002861023,0.0746000036597251,540.0
BRK,2019-02-13,7673.0,1146732.0,Wednesday,0.0746000036597251,0.0746000036597251,0.0746000036597251,0.0746000036597251,0.0
BRK,2019-02-14,9121.0,1321025.0,Thursday,0.0741999968886375,0.0741999968886375,0.0722000002861023,0.0741999968886375,7639.0
BRK,2019-02-15,544813.0,1987405.0,Friday,0.0724000036716461,0.0744000002741813,0.0722000002861023,0.0744000002741813,15527.0
BRK,2019-02-19,4325.0,1708150.0,Tuesday,0.0714000016450882,0.0747999995946884,0.0711999982595443,0.0740000009536743,136731.0
BRK,2019-02-20,3608.0,1946159.0,Wednesday,0.0740000009536743,0.0740000009536743,0.0740000009536743,0.0740000009536743,0.0
BRK,2019-02-21,56159.0,1469023.0,Thursday,0.0722000002861023,0.0737999975681305,0.0719999969005584,0.0719999969005584,127425.0
BRK,2019-02-22,23316.0,1127851.0,Friday,0.0719999969005584,0.0736000016331672,0.0719999969005584,0.0736000016331672,16045.0
BRK,2019-02-25,222881.0,1178663.0,Monday,0.0724000036716461,0.0736000016331672,0.0722000002861023,0.0736000016331672,8230.0
BRK,2019-02-26,90640.0,1275162.0,Tuesday,0.0736000016331672,0.0736000016331672,0.0719999969005584,0.0736000016331672,1263.0
BRK,2019-02-27,76108.0,2349674.0,Wednesday,0.0719999969005584,0.0736000016331672,0.0719999969005584,0.0736000016331672,24572.0
BRK,2019-02-28,66366.0,2048937.0,Thursday,0.0719999969005584,0.0736000016331672,0.0718000009655952,0.0719999969005584,97506.0
BRK,2019-03-01,6289.0,1312850.0,Friday,0.0736000016331672,0.0736000016331672,0.0718000009655952,0.0718000009655952,66020.0
BRK,2019-03-04,4848.0,2214100.0,Monday,0.0736000016331672,0.0736000016331672,0.0719999969005584,0.0736000016331672,50010.0
BRK,2019-03-05,70536.0,1685158.0,Tuesday,0.0719999969005584,0.0736000016331672,0.0719999969005584,0.0736000016331672,19848.0
BRK,2019-03-06,78921.0,1092718.0,Wednesday,0.0719999969005584,0.0736000016331672,0.0719999969005584,0.0736000016331672,21435.0
BRK,2019-03-07,10229.0,2152390.0,Thursday,0.0722000002861023,0.0736000016331672,0.0722000002861023,0.0736000016331672,2792.0
BRK,2019-03-08,42551.0,920100.0,Friday,0.0736000016331672,0.0736000016331672,0.0736000016331672,0.0736000016331672,0.0
BRK,2019-03-11,7857.0,1633684.0,Monday,0.0722000002861023,0.0736000016331672,0.0719999969005584,0.0736000016331672,55516.0
BRK,2019-03-12,70292.0,1753208.0,Tuesday,0.0736000016331672,0.0736000016331672,0.0736000016331672,0.0736000016331672,0.0
BRK,2019-03-13,63859.0,1361758.0,Wednesday,0.0732000023126602,0.0750000029802322,0.0724000036716461,0.0724000036716461,3027805.0
BRK,2019-03-14,84978.0,1499654.0,Thursday,0.0740000009536743,0.0740000009536743,0.0724000036716461,0.0733999982476234,44470.0
BRK,2019-03-15,21784.0,5467546.0,Friday,0.0724000036716461,0.0733999982476234,0.0722000002861023,0.0733999982476234,14248.0
BRK,2019-03-18,10156.0,2301814.0,Monday,0.0722000002861023,0.0737999975681305,0.0719999969005584,0.0736000016331672,3321.0
BRK,2019-03-19,87297.0,1888855.0,Tuesday,0.0736000016331672,0.0736000016331672,0.0736000016331672,0.0736000016331672,0.0
BRK,2019-03-20,73087.0,1745435.0,Wednesday,0.0719999969005584,0.0733999982476234,0.0718000009655952,0.0733999982476234,13447.0
BRK,2019-03-21,83017.0,1226926.0,Thursday,0.0733999982476234,0.0733999982476234,0.0733999982476234,0.0733999982476234,2000.0
BRK,2019-03-22,85889.0,1758523.0,Friday,0.0733999982476234,0.0733999982476234,0.0733999982476234,0.0733999982476234,2000.0
BRK,2019-03-25,104360.0,961883.0,Monday,0.0718000009655952,0.0718000009655952,0.0718000009655952,0.0718000009655952,1624.0
BRK,2019-03-26,10384.0,1242037.0,Tuesday,0.0733999982476234,0.0751999989151954,0.0729999989271164,0.0732000023126602,989039.0
BRK,2019-03-27,5489.0,1226632.0,Wednesday,0.0751999989151954,0.0751999989151954,0.0729999989271164,0.0729999989271164,1010.0
BRK,2019-03-28,7098.0,877253.0,Thursday,0.0740000009536743,0.0740000009536743,0.0729999989271164,0.0740000009536743,41810.0
BRK,2019-03-29,15493.0,3083358.0,Friday,0.0741999968886375,0.0741999968886375,0.0741999968886375,0.0741999968886375,5.0
BRK,2019-04-01,135142.0,1579599.0,Monday,0.0741999968886375,0.0741999968886375,0.0741999968886375,0.0741999968886375,0.0
BRK,2019-04-02,3128.0,906374.0,Tuesday,0.0724000036716461,0.0740000009536743,0.0724000036716461,0.0740000009536743,7475.0
BRK,2019-04-03,93390.0,1284076.0,Wednesday,0.0737999975681305,0.0737999975681305,0.0722000002861023,0.0736000016331672,40471.0
BRK,2019-04-04,2151.0,722870.0,Thursday,0.0722000002861023,0.0722000002861023,0.0722000002861023,0.0722000002861023,10215.0
BRK,2019-04-05,17768.0,857594.0,Friday,0.0722000002861023,0.0722000002861023,0.0722000002861023,0.0722000002861023,0.0
BRK,2019-04-08,1922.0,1333775.0,Monday,0.0741999968886375,0.0741999968886375,0.0719999969005584,0.0728000029921531,254344.0
BRK,2019-04-09,2917.0,909995.0,Tuesday,0.0718000009655952,0.0740000009536743,0.0718000009655952,0.0740000009536743,12728.0
BRK,2019-04-10,4815.0,801804.0,Wednesday,0.0724000036716461,0.0724000036716461,0.0724000036716461,0.0724000036716461,10000.0
BRK,2019-04-11,17559.0,763856.0,Thursday,0.0740000009536743,0.0740000009536743,0.0718000009655952,0.0740000009536743,62518.0
BRK,2019-04-12,32169.0,1835723.0,Friday,0.0740000009536743,0.0740000009536743,0.0740000009536743,0.0740000009536743,0.0
BRK,2019-04-15,89747.0,905720.0,Monday,0.0722000002861023,0.0736000016331672,0.0722000002861023,0.0736000016331672,500.0
BRK,2019-04-16,74860.0,797638.0,Tuesday,0.0724000036716461,0.0733999982476234,0.0724000036716461,0.0733999982476234,15.0
BRK,2019-04-17,105715.0,1110368.0,Wednesday,0.0737999975681305,0.0737999975681305,0.0737999975681305,0.0737999975681305,500.0
BRK,2019-04-18,8622.0,885727.0,Thursday,0.0722000002861023,0.0729999989271164,0.0722000002861023,0.0722000002861023,50005.0
BRK,2019-04-22,78700.0,689236.0,Monday,0.0732000023126602,0.0732000023126602,0.0732000023126602,0.0732000023126602,10.0
BRK,2019-04-23,103208.0,1582914.0,Tuesday,0.0732000023126602,0.0732000023126602,0.0732000023126602,0.0732000023126602,0.0
BRK,2019-04-24,65252.0,1768973.0,Wednesday,0.0718000009655952,0.0729999989271164,0.0718000009655952,0.0729999989271164,390.0
BRK,2019-04-25,6552.0,1114304.0,Thursday,0.0718000009655952,0.0729999989271164,0.0718000009655952,0.0729999989271164,25.0
BRK,2019-04-26,5222.0,910161.0,Friday,0.0729999989271164,0.0729999989271164,0.0729999989271164,0.0729999989271164,0.0
BRK,2019-04-29,114246.0,714605.0,Monday,0.0729999989271164,0.0729999989271164,0.0729999989271164,0.0729999989271164,0.0
BRK,2019-04-30,9352.0,2045273.0,Tuesday,0.0718000009655952,0.0729999989271164,0.0718000009655952,0.0729999989271164,5090.0
BRK,2019-05-01,6283.0,1114303.0,Wednesday,0.0729999989271164,0.0729999989271164,0.0729999989271164,0.0729999989271164,0.0
BRK,2019-05-02,8832.0,877195.0,Thursday,0.0719999969005584,0.0733999982476234,0.070200003683567,0.0733999982476234,379864.0
BRK,2019-05-03,10910.0,1040126.0,Friday,0.0719999969005584,0.0728000029921531,0.0719999969005584,0.0728000029921531,21706.0
BRK,2019-05-06,27340.0,1318036.0,Monday,0.0728000029921531,0.0728000029921531,0.0728000029921531,0.0728000029921531,0.0
BRK,2019-05-07,11755.0,1415288.0,Tuesday,0.0710000023245811,0.0710000023245811,0.0710000023245811,0.0710000023245811,20852.0
BRK,2019-05-08,108909.0,1421770.0,Wednesday,0.0715999975800514,0.0715999975800514,0.0710000023245811,0.0710000023245811,38346.0
BRK,2019-05-09,16006.0,868740.0,Thursday,0.0710000023245811,0.0724000036716461,0.0710000023245811,0.0724000036716461,3014.0
BRK,2019-05-10,14562.0,1084764.0,Friday,0.0724000036716461,0.0724000036716461,0.0724000036716461,0.0724000036716461,2500.0
BRK,2019-05-13,127242.0,1103665.0,Monday,0.0724000036716461,0.0724000036716461,0.0711999982595443,0.0724000036716461,877.0
BRK,2019-05-14,85751.0,845674.0,Tuesday,0.0711999982595443,0.0728000029921531,0.0700000002980232,0.0728000029921531,61041.0
BRK,2019-05-15,173704.0,1016185.0,Wednesday,0.0710000023245811,0.0719999969005584,0.070200003683567,0.0715999975800514,24540.0
BRK,2019-05-16,94279.0,1026470.0,Thursday,0.0703999996185302,0.0719999969005584,0.0703999996185302,0.0719999969005584,31434.0
BRK,2019-05-17,305834.0,2263830.0,Friday,0.0719999969005584,0.0728000029921531,0.0719999969005584,0.0719999969005584,51154.0
BRK,2019-05-20,14957.0,917293.0,Monday,0.0719999969005584,0.0724000036716461,0.0719999969005584,0.0724000036716461,39932.0
BRK,2019-05-21,8547.0,1247905.0,Tuesday,0.0724000036716461,0.0724000036716461,0.0724000036716461,0.0724000036716461,0.0
BRK,2019-05-22,1738.0,561770.0,Wednesday,0.0724000036716461,0.0724000036716461,0.0724000036716461,0.0724000036716461,0.0
BRK,2019-05-23,15871.0,1095840.0,Thursday,0.0711999982595443,0.0719999969005584,0.0711999982595443,0.0719999969005584,1310.0
BRK,2019-05-24,7794.0,913628.0,Friday,0.0711999982595443,0.0719999969005584,0.0710000023245811,0.0719999969005584,30010.0
BRK,2019-05-28,9312.0,6055924.0,Tuesday,0.0710000023245811,0.0724000036716461,0.0700000002980232,0.0724000036716461,92655.0
BRK,2019-05-29,26755.0,763879.0,Wednesday,0.0710000023245811,0.0722000002861023,0.0710000023245811,0.0722000002861023,9310.0
BRK,2019-05-30,66495.0,944105.0,Thursday,0.0729999989271164,0.0746000036597251,0.0729999989271164,0.0740000009536743,215427.0
BRK,2019-05-31,16783.0,1674414.0,Friday,0.0744000002741813,0.0758000016212463,0.0733999982476234,0.0758000016212463,237255.0
BRK,2019-06-03,8613.0,1639782.0,Monday,0.0736000016331672,0.0766000002622604,0.0736000016331672,0.0766000002622604,334649.0
BRK,2019-06-04,11735.0,2018274.0,Tuesday,0.0744000002741813,0.0751999989151954,0.0744000002741813,0.0750000029802322,111746.0
BRK,2019-06-05,77315.0,1154137.0,Wednesday,0.0750000029802322,0.0755999982357025,0.0746000036597251,0.0755999982357025,109465.0
BRK,2019-06-06,4565.0,1082009.0,Thursday,0.0744000002741813,0.0755999982357025,0.0744000002741813,0.0744000002741813,26926.0
BRK,2019-06-07,82730.0,1108525.0,Friday,0.0744000002741813,0.0763999968767166,0.0744000002741813,0.0763999968767166,128911.0
BRK,2019-06-10,5944.0,1068764.0,Monday,,,,,
BRK,2019-06-11,59134.0,776577.0,Tuesday,,,,,
BRK,2019-06-12,2212.0,895146.0,Wednesday,,,,,
BRK,2019-06-13,5902.0,714451.0,Thursday,,,,,
BRK,2019-06-14,3963.0,1362963.0,Friday,,,,,
BRK,2019-06-17,6499.0,1181452.0,Monday,,,,,
BRK,2019-06-18,16968.0,1232068.0,Tuesday,,,,,
BRK,2019-06-19,21831.0,1263188.0,Wednesday,,,,,
BRK,2019-06-20,11505.0,1790649.0,Thursday,,,,,
BRK,2019-06-21,1348506.0,3459030.0,Friday,,,,,
BRK,2019-06-24,86681.0,2069778.0,Monday,,,,,
BRK,2019-06-25,73265.0,1813564.0,Tuesday,,,,,
BRK,2019-06-26,77186.0,1740757.0,Wednesday,,,,,
BRK,2019-06-27,4786.0,758995.0,Thursday,,,,,
BRK,2019-06-28,5684.0,7355703.0,Friday,,,,,
BRK,2019-07-01,19014.0,972818.0,Monday,,,,,
BRK,2019-07-02,4528.0,979175.0,Tuesday,,,,,
BRK,2019-07-03,72019.0,109.0,Wednesday,,,,,
BRK,2019-07-05,7305.0,1632555.0,Friday,,,,,
BRK,2019-07-08,3346.0,1864194.0,Monday,,,,,
BRK,2019-07-09,27263.0,1006633.0,Tuesday,,,,,
BRK,2019-07-10,67353.0,1809133.0,Wednesday,,,,,
BRK,2019-07-11,2663.0,1197047.0,Thursday,,,,,
BRK,2019-07-12,75423.0,936129.0,Friday,,,,,
BRK,2019-07-15,8305.0,1001101.0,Monday,,,,,
BRK,2019-07-16,6390.0,660171.0,Tuesday,,,,,
BRK,2019-07-17,49699.0,1035977.0,Wednesday,,,,,
BRK,2019-07-18,11240.0,1040647.0,Thursday,,,,,
BRK,2019-07-19,66897.0,1215620.0,Friday,,,,,
BRK,2019-07-22,80431.0,1224306.0,Monday,,,,,
BRK,2019-07-23,4380.0,1013943.0,Tuesday,,,,,
BRK,2019-07-24,24772.0,1500862.0,Wednesday,,,,,
BRK,2019-07-25,3744.0,1471884.0,Thursday,,,,,
BRK,2019-07-26,7173.0,2201272.0,Friday,,,,,
BRK,2019-07-29,79980.0,1522598.0,Monday,,,,,
BRK,2019-07-30,2655.0,512303.0,Tuesday,,,,,
BRK,2019-07-31,12205.0,2354957.0,Wednesday,,,,,
BRK,2019-08-01,87881.0,1331737.0,Thursday,,,,,
BRK,2019-08-02,13132.0,1457474.0,Friday,,,,,
BRK,2019-08-05,157208.0,2554332.0,Monday,,,,,
BRK,2019-08-06,21396.0,1907648.0,Tuesday,,,,,
BRK,2019-08-07,13177.0,1502599.0,Wednesday,,,,,
BRK,2019-08-08,5162.0,1981579.0,Thursday,,,,,
BRK,2019-08-09,5211.0,1329623.0,Friday,,,,,
BRK,2019-08-12,14500.0,191844.0,Monday,,,,,
BRK,2019-08-13,14189.0,984795.0,Tuesday,,,,,
BRK,2019-08-14,227510.0,1814273.0,Wednesday,,,,,
BRK,2019-08-15,32850.0,1413661.0,Thursday,,,,,
BRK,2019-08-16,29723.0,2056758.0,Friday,,,,,
BRK,2019-08-19,9554.0,1159141.0,Monday,,,,,
BRK,2019-08-20,10324.0,1529159.0,Tuesday,,,,,
BRK,2019-08-21,96579.0,1042032.0,Wednesday,,,,,
BRK,2019-08-22,2533.0,2406314.0,Thursday,,,,,
BRK,2019-08-23,19254.0,4629648.0,Friday,,,,,
BRK,2019-08-26,24934.0,2249645.0,Monday,,,,,
BRK,2019-08-27,135606.0,1830335.0,Tuesday,,,,,
BRK,2019-08-28,14265.0,1673620.0,Wednesday,,,,,
BRK,2019-08-29,157352.0,1696196.0,Thursday,,,,,
BRK,2019-08-30,170061.0,3626395.0,Friday,,,,,
BRK,2019-09-03,13131.0,2167452.0,Tuesday,,,,,
BRK,2019-09-04,12278.0,1541497.0,Wednesday,,,,,
BRK,2019-09-05,12274.0,1800126.0,Thursday,,,,,
BRK,2019-09-06,121293.0,2184475.0,Friday,,,,,
BRK,2019-09-09,152950.0,2748870.0,Monday,,,,,
BRK,2019-09-10,151361.0,2108552.0,Tuesday,,,,,
BRK,2019-09-11,11988.0,2059563.0,Wednesday,,,,,
BRK,2019-09-12,181292.0,2684423.0,Thursday,,,,,
BRK,2019-09-13,7832.0,2352029.0,Friday,,,,,
BRK,2019-09-16,9102.0,2073551.0,Monday,,,,,
BRK,2019-09-17,128890.0,2937153.0,Tuesday,,,,,
BRK,2019-09-18,4975.0,1831775.0,Wednesday,,,,,
BRK,2019-09-19,8692.0,2651784.0,Thursday,,,,,
BRK,2019-09-20,9488.0,19327554.0,Friday,,,,,
BRK,2019-09-23,197396.0,2561141.0,Monday,,,,,
BRK,2019-09-24,3683.0,3042546.0,Tuesday,,,,,
BRK,2019-09-25,2132.0,2622402.0,Wednesday,,,,,
BRK,2019-09-26,102796.0,1562891.0,Thursday,,,,,
BRK,2019-09-27,6774.0,1909430.0,Friday,,,,,
BRK,2019-09-30,189314.0,3980934.0,Monday,,,,,
BRK,2019-10-01,13703.0,2320493.0,Tuesday,,,,,
BRK,2019-10-02,4220.0,4068724.0,Wednesday,,,,,
BRK,2019-10-03,128509.0,2102647.0,Thursday,,,,,
BRK,2019-10-04,2268.0,3452343.0,Friday,,,,,
BRK,2019-10-07,224531.0,2112560.0,Monday,,,,,
BRK,2019-10-08,8881.0,2872411.0,Tuesday,,,,,
BRK,2019-10-09,177908.0,2168125.0,Wednesday,,,,,
BRK,2019-10-10,120286.0,2027975.0,Thursday,,,,,
BRK,2019-10-11,9203.0,2736640.0,Friday,,,,,
BRK,2019-10-14,4064.0,1313118.0,Monday,,,,,
BRK,2019-10-15,8680.0,1888311.0,Tuesday,,,,,
BRK,2019-10-16,3989.0,2102947.0,Wednesday,,,,,
BRK,2019-10-17,5753.0,2252202.0,Thursday,,,,,
BRK,2019-10-18,6557.0,2859649.0,Friday,,,,,
BRK,2019-10-21,155415.0,3477333.0,Monday,,,,,
BRK,2019-10-22,712.0,1220125.0,Tuesday,,,,,
BRK,2019-10-23,88713.0,1803804.0,Wednesday,,,,,
BRK,2019-10-24,19520.0,2100695.0,Thursday,,,,,
BRK,2019-10-25,88356.0,1317473.0,Friday,,,,,
BRK,2019-10-28,3536.0,2507388.0,Monday,,,,,
BRK,2019-10-29,124121.0,1408104.0,Tuesday,,,,,
BRK,2019-10-30,101528.0,4472362.0,Wednesday,,,,,
BRK,2019-10-31,2126.0,4016225.0,Thursday,,,,,
BRK,2019-11-01,17111.0,2888972.0,Friday,,,,,
BRK,2019-11-04,420049.0,1472341.0,Monday,,,,,
BRK,2019-11-05,88811.0,2589039.0,Tuesday,,,,,
BRK,2019-11-06,31012.0,1836750.0,Wednesday,,,,,
BRK,2019-11-07,15758.0,2228371.0,Thursday,,,,,
BRK,2019-11-08,5108.0,2603511.0,Friday,,,,,
BRK,2019-11-11,4167.0,1993654.0,Monday,,,,,
BRK,2019-11-12,95891.0,1432470.0,Tuesday,,,,,
BRK,2019-11-13,2834.0,2152424.0,Wednesday,,,,,
BRK,2019-11-14,2159.0,1920281.0,Thursday,,,,,
BRK,2019-11-15,16070.0,2939793.0,Friday,,,,,
BRK,2019-11-18,12569.0,4280217.0,Monday,,,,,
BRK,2019-11-19,113696.0,4621785.0,Tuesday,,,,,
BRK,2019-11-20,2577.0,3526664.0,Wednesday,,,,,
BRK,2019-11-21,12742.0,3653769.0,Thursday,,,,,
BRK,2019-11-22,151888.0,1664427.0,Friday,,,,,
BRK,2019-11-25,5691.0,3322403.0,Monday,,,,,
BRK,2019-11-26,116435.0,5095546.0,Tuesday,,,,,
BRK,2019-11-27,3564.0,3610630.0,Wednesday,,,,,
BRK,2019-11-29,161620.0,493536.0,Friday,,,,,
BRK,2019-12-02,265375.0,2548862.0,Monday,,,,,
BRK,2019-12-03,18546.0,2946283.0,Tuesday,,,,,
BRK,2019-12-04,160765.0,2187717.0,Wednesday,,,,,
BRK,2019-12-05,5521.0,1792706.0,Thursday,,,,,
BRK,2019-12-06,6844.0,2998674.0,Friday,,,,,
BRK,2019-12-09,3857.0,1915103.0,Monday,,,,,
BRK,2019-12-10,165667.0,2288661.0,Tuesday,,,,,
BRK,2019-12-11,182263.0,4105636.0,Wednesday,,,,,
BRK,2019-12-12,3331.0,2640098.0,Thursday,,,,,
BRK,2019-12-13,18366.0,2146459.0,Friday,,,,,
BRK,2019-12-16,28543.0,5537478.0,Monday,,,,,
BRK,2019-12-17,3817.0,4745068.0,Tuesday,,,,,
BRK,2019-12-18,141352.0,7950132.0,Wednesday,,,,,
BRK,2019-12-19,105252.0,5368476.0,Thursday,,,,,
BRK,2019-12-20,55985.0,18776830.0,Friday,,,,,
BRK,2019-12-23,7048.0,2708697.0,Monday,,,,,
BRK,2019-12-24,101406.0,128924.0,Tuesday,,,,,
BRK,2019-12-26,62742.0,1123356.0,Thursday,,,,,
BRK,2019-12-27,10078.0,3614220.0,Friday,,,,,
BRK,2019-12-30,136527.0,1802996.0,Monday,,,,,
BRK,2019-12-31,118405.0,3603940.0,Tuesday,,,,,
BRK,2020-01-02,16337.0,2571656.0,Thursday,,,,,
BRK,2020-01-03,33234.0,2763148.0,Friday,,,,,
BRK,2020-01-06,13665.0,3457613.0,Monday,,,,,
BRK,2020-01-07,18300.0,3187357.0,Tuesday,,,,,
BRK,2020-01-08,357196.0,2264509.0,Wednesday,,,,,
BRK,2020-01-09,171248.0,2873263.0,Thursday,,,,,
BRK,2020-01-10,30651.0,1912768.0,Friday,,,,,
BRK,2020-01-13,4345.0,3048192.0,Monday,,,,,
BRK,2020-01-14,7515.0,3114901.0,Tuesday,,,,,
BRK,2020-01-15,8915.0,2737938.0,Wednesday,,,,,
BRK,2020-01-16,18975.0,2073236.0,Thursday,,,,,
BRK,2020-01-17,10706.0,5710078.0,Friday,,,,,
BRK,2020-01-21,15315.0,6910650.0,Tuesday,,,,,
BRK,2020-01-22,3623.0,3398108.0,Wednesday,,,,,
BRK,2020-01-23,317161.0,5094027.0,Thursday,,,,,
BRK,2020-01-24,100117.0,2787469.0,Friday,,,,,
BRK,2020-01-27,161696.0,4167973.0,Monday,,,,,
BRK,2020-01-28,133740.0,3431237.0,Tuesday,,,,,
BRK,2020-01-29,9954.0,1656020.0,Wednesday,,,,,
BRK,2020-01-30,31807.0,2470377.0,Thursday,,,,,
BRK,2020-01-31,7666.0,3870637.0,Friday,,,,,
BRK,2020-02-03,9692.0,3138224.0,Monday,,,,,
BRK,2020-02-04,181583.0,1777630.0,Tuesday,,,,,
BRK,2020-02-05,11264.0,2328523.0,Wednesday,,,,,
BRK,2020-02-06,19190.0,1653209.0,Thursday,,,,,
BRK,2020-02-07,6975.0,2410347.0,Friday,,,,,
BRK,2020-02-10,10830.0,2168068.0,Monday,,,,,
BRK,2020-02-11,202841.0,1606629.0,Tuesday,,,,,
BRK,2020-02-12,3943.0,2609462.0,Wednesday,,,,,
BRK,2020-02-13,4914.0,2197481.0,Thursday,,,,,
BRK,2020-02-14,3521.0,2046098.0,Friday,,,,,
BRK,2020-02-18,360657.0,1824329.0,Tuesday,,,,,
BRK,2020-02-19,44087.0,1945844.0,Wednesday,,,,,
BRK,2020-02-20,212716.0,1480337.0,Thursday,,,,,
BRK,2020-02-21,13281.0,3770216.0,Friday,,,,,
BRK,2020-02-24,136184.0,3539785.0,Monday,,,,,
BRK,2020-02-25,25403.0,4802545.0,Tuesday,,,,,
BRK,2020-02-26,32690.0,4474267.0,Wednesday,,,,,
BRK,2020-02-27,69255.0,8029231.0,Thursday,,,,,
BRK,2020-02-28,117677.0,9463219.0,Friday,,,,,
CRM,2019-01-02,88397.0,1093481.0,Wednesday,132.65902172434608,136.06997763083533,132.31097490876726,134.79708862304688,4783900.0
CRM,2019-01-03,110781.0,1414691.0,Thursday,132.7385837187785,134.03136592917545,129.37736818058775,129.67568969726562,6365700.0
CRM,2019-01-04,64410.0,1423783.0,Friday,132.7584766407041,138.54615683846455,131.48558759170473,137.19371032714844,6650600.0
CRM,2019-01-07,185568.0,1057924.0,Monday,140.23672203194616,142.59355323600673,138.01909743016506,141.4300537109375,9064800.0
CRM,2019-01-08,175813.0,1521548.0,Tuesday,143.9261074072381,145.64650922016094,142.09633114541393,144.91061401367188,9057300.0
CRM,2019-01-09,162456.0,1063035.0,Wednesday,146.07411792181082,146.6807303628151,143.72722562904434,145.1791229248047,5445900.0
CRM,2019-01-10,110035.0,1121090.0,Thursday,142.9714405871266,146.3923356977578,142.96148642027111,146.2232666015625,5116900.0
CRM,2019-01-11,95232.0,1169949.0,Friday,145.74594686995525,147.20778313756102,144.80122657074966,146.73045349121094,5185200.0
CRM,2019-01-14,23430.0,2384362.0,Monday,144.9404632988258,145.9150158530651,143.89629226083636,145.23880004882812,5815500.0
CRM,2019-01-15,69137.0,773638.0,Tuesday,145.5371214855424,149.0276201234013,144.99017336376042,148.36134338378906,5350400.0
CRM,2019-01-16,13399.0,1477801.0,Wednesday,148.32154769512312,148.9579922400855,146.97905530720482,147.71493530273438,3936800.0
CRM,2019-01-17,91247.0,614358.0,Thursday,147.71494961659968,149.88284901591186,146.86967992171358,148.98785400390625,3743200.0
CRM,2019-01-18,493876.0,1577897.0,Friday,150.98667187294578,152.41867591361475,149.40550706722178,151.6628875732422,6151200.0
CRM,2019-01-22,174093.0,1724695.0,Tuesday,149.50494414797106,150.53917604373683,146.58127172876027,148.12266540527344,5203300.0
CRM,2019-01-23,14372.0,834384.0,Wednesday,148.89833498874427,149.96239906106183,146.82988632611855,148.91822814941406,3335400.0
CRM,2019-01-24,65353.0,2390469.0,Thursday,149.11712420066198,149.664072350371,145.70618285853993,146.05422973632812,6734700.0
CRM,2019-01-25,21039.0,1061025.0,Friday,147.70500878418073,149.0574554531998,146.73045631172226,148.90829467773438,4600800.0
CRM,2019-01-28,17570.0,1651865.0,Monday,147.34700364102264,147.37683579528402,145.28850912680943,146.5116729736328,4054700.0
CRM,2019-01-29,50041.0,824493.0,Tuesday,146.25311282878982,147.17793989731058,143.8366022764643,144.37359619140625,3915100.0
CRM,2019-01-30,4129.0,747285.0,Wednesday,146.37243830686774,148.8585521033047,145.26860317428836,148.3314971923828,4653400.0
CRM,2019-01-31,38064.0,2003615.0,Thursday,148.19228875962844,152.52807221766702,147.88401304898017,151.1259002685547,8615900.0
CRM,2019-02-01,78391.0,1235095.0,Friday,151.55349933062882,155.08378415133393,150.23090007103494,155.0042266845703,5959200.0
CRM,2019-02-04,94857.0,1143237.0,Monday,155.153409112232,158.01740216529438,154.54679668007677,156.84396362304688,5264700.0
CRM,2019-02-05,112388.0,946632.0,Tuesday,157.46050436580853,158.99195900657782,156.94340360635968,158.10690307617188,4575600.0
CRM,2019-02-06,93128.0,779038.0,Wednesday,158.11685657568583,158.2163072091844,154.21863149231427,157.25169372558594,4205100.0
CRM,2019-02-07,258661.0,1057469.0,Thursday,155.09375099232474,156.1876321081345,152.50818622034453,154.0694580078125,4545500.0
CRM,2019-02-08,102016.0,709408.0,Friday,152.060679457021,155.8296215826153,151.8617933729801,155.79978942871094,3018700.0
CRM,2019-02-11,150868.0,833346.0,Monday,157.32129610062032,160.60296972421966,156.6948056701955,159.0218048095703,7125500.0
CRM,2019-02-12,238461.0,921462.0,Tuesday,160.35436357424425,162.48247669161694,159.1411386483177,161.88580322265625,5631700.0
CRM,2019-02-13,137354.0,1523519.0,Wednesday,162.5321867578297,162.66146953791463,159.37979611465343,159.50906372070312,5296000.0
CRM,2019-02-14,136983.0,981875.0,Thursday,158.58424377441406,159.5488572369334,155.83957933384409,158.58424377441406,5061100.0
CRM,2019-02-15,284308.0,951655.0,Friday,160.09579170184406,160.3245099255351,157.2118905538575,158.16656494140625,5282000.0
CRM,2019-02-19,4666.0,1005649.0,Tuesday,158.7731904675462,160.5830735956052,158.25607449922828,159.71791076660156,3883200.0
CRM,2019-02-20,76953.0,5335555.0,Wednesday,159.43947480169098,160.5930354113244,156.33680919209164,157.65940856933594,7047200.0
CRM,2019-02-21,15532.0,1095816.0,Thursday,156.82407445035932,159.58863211664416,156.42630226382883,158.7433624267578,4463000.0
CRM,2019-02-22,65640.0,1525997.0,Friday,159.57868606444518,160.81180406660474,159.3101815046936,160.4140167236328,4175000.0
CRM,2019-02-25,127978.0,1800509.0,Monday,161.6073515053493,162.15429962865812,160.0361256120421,160.4637451171875,5076700.0
CRM,2019-02-26,74378.0,1957728.0,Tuesday,159.9167966882304,162.4725291986087,158.98201538364123,162.09463500976562,4496300.0
CRM,2019-02-27,119659.0,1304386.0,Wednesday,161.38856708496675,162.6216850712766,159.60851616690826,162.21395874023438,4278300.0
CRM,2019-02-28,55036.0,3978356.0,Thursday,162.09462901793813,163.68574801042772,161.26923736831225,162.7410125732422,6908100.0
CRM,2019-03-01,274457.0,1445097.0,Friday,164.23267074843395,165.2271162635296,160.8515620667225,163.61611938476562,6919900.0
CRM,2019-03-04,267230.0,3526038.0,Monday,164.64041247258805,164.86913071375352,154.55673461198242,157.61962890625,17886300.0
CRM,2019-03-05,1213234.0,1830935.0,Tuesday,159.0317563450513,159.9864309045648,153.94019915841213,156.09814453125,16042900.0
CRM,2019-03-06,31289.0,1233468.0,Wednesday,156.25725147477343,159.3599170795383,155.41196659381652,155.91912841796875,7436300.0
CRM,2019-03-07,188285.0,1934209.0,Thursday,155.22301694523964,156.71468541138424,153.95012773471913,154.73574829101562,6916500.0
CRM,2019-03-08,103003.0,737983.0,Friday,151.17563751702406,154.54680778744395,149.41546440311228,154.19874572753906,4800700.0
CRM,2019-03-11,151123.0,654474.0,Monday,155.034073113486,156.89369682549605,152.57779110686096,156.77435302734375,5699500.0
CRM,2019-03-12,94882.0,777543.0,Tuesday,157.12240483453354,158.48479045114155,156.28707417211848,157.40084838867188,4082100.0
CRM,2019-03-13,6281.0,876730.0,Wednesday,157.96767358211304,161.100170834277,157.72900119970626,158.92233276367188,5230600.0
CRM,2019-03-14,76388.0,758078.0,Thursday,160.05601618574008,160.69246076238318,158.8527455079477,159.77757263183594,3247200.0
CRM,2019-03-15,16322.0,2741192.0,Friday,159.7477521600227,161.27919181848858,158.30580897027747,160.6129150390625,6743700.0
CRM,2019-03-18,103692.0,937588.0,Monday,160.5035127042556,162.42280059000544,159.98641192099606,161.0504608154297,3575500.0
CRM,2019-03-19,60451.0,1193269.0,Tuesday,161.6173133626016,163.705640150003,160.70242517373484,163.01947021484375,4379000.0
CRM,2019-03-20,7712.0,1546771.0,Wednesday,162.9299449546537,164.03378005222802,160.61288514896947,162.60177612304688,4391000.0
CRM,2019-03-21,52195.0,942525.0,Thursday,162.2636866667499,166.06247614078012,161.84602133579986,166.02268981933594,4277800.0
CRM,2019-03-22,9878.0,1931584.0,Friday,165.03821609405534,165.56527110447115,160.45382078105277,160.6029815673828,5614300.0
CRM,2019-03-25,16869.0,1303150.0,Monday,159.3400209062668,160.7024217536157,158.33563627089487,159.98641967773438,3795400.0
CRM,2019-03-26,168040.0,763510.0,Tuesday,160.53334121477425,161.16980094717613,156.5157877852159,158.51461791992188,6910300.0
CRM,2019-03-27,9602.0,957549.0,Wednesday,158.11686165101835,158.41519838705403,151.52368199818036,154.25840759277344,8218700.0
CRM,2019-03-28,125652.0,541799.0,Thursday,154.8252464534367,155.61085184430374,152.65734703505677,154.3180694580078,4424800.0
CRM,2019-03-29,133067.0,1635639.0,Friday,155.99865770663737,157.61960869592028,154.56665378653878,157.49032592773438,4913100.0
CRM,2019-04-01,171062.0,1257706.0,Monday,159.21074114604812,160.7819517867808,157.62956116424033,160.28472900390625,4601100.0
CRM,2019-04-02,95050.0,496842.0,Tuesday,159.96651600079,160.09579878139238,158.02735016193074,159.6184539794922,3158400.0
CRM,2019-04-03,67984.0,729441.0,Wednesday,160.88140519195383,162.2338517916955,159.75767682755537,161.71673583984375,3819100.0
CRM,2019-04-04,76877.0,573906.0,Thursday,161.8062403451136,161.89573680186516,154.9644501803478,157.63951110839844,6295200.0
CRM,2019-04-05,124032.0,766286.0,Friday,158.74335483935093,159.34996725793945,157.14229682793112,157.67929077148438,4315300.0
CRM,2019-04-08,55439.0,577906.0,Monday,157.52017949697904,157.9080126802384,155.58101358068234,157.5897979736328,2848400.0
CRM,2019-04-09,71166.0,1110978.0,Tuesday,156.1677478405481,157.470484468664,155.7799146200664,156.09814453125,5642900.0
CRM,2019-04-10,119834.0,584319.0,Wednesday,157.32129797307837,159.4891973692485,156.7743498336293,159.3499755859375,3414700.0
CRM,2019-04-11,69269.0,555559.0,Thursday,159.27042360926143,159.93670039338588,158.13675614202873,159.83724975585938,2578400.0
CRM,2019-04-12,8136.0,931299.0,Friday,161.1001803881036,161.59740316707922,158.6140664932255,159.81735229492188,2844200.0
CRM,2019-04-15,47831.0,682193.0,Monday,160.10575487687456,161.13003271589062,158.6041473590056,159.2008056640625,2608400.0
CRM,2019-04-16,58911.0,548530.0,Tuesday,159.1510709791111,159.36985023030124,156.87379717685965,157.80857849121094,3004800.0
CRM,2019-04-17,101653.0,774494.0,Wednesday,158.16657263223397,158.16657263223397,154.20868347010088,154.4771728515625,4765500.0
CRM,2019-04-18,337831.0,842717.0,Thursday,154.03960849998094,155.34234490715252,152.31922195977978,155.12356567382812,4391500.0
CRM,2019-04-22,46950.0,821328.0,Monday,154.58656140681168,158.2560680018466,154.41750748015602,157.878173828125,2943300.0
CRM,2019-04-23,106571.0,599843.0,Tuesday,158.8726211738011,160.50351132600207,157.5301287386679,160.33445739746094,3418400.0
CRM,2019-04-24,16140.0,635429.0,Wednesday,160.9808731148472,161.58748559256534,158.5146368789234,158.6737518310547,3384900.0
CRM,2019-04-25,122412.0,1000348.0,Thursday,161.1001705982991,162.97967198165122,160.10572510077873,162.18411254882812,5498400.0
CRM,2019-04-26,76192.0,657590.0,Friday,161.51784694922304,165.13762820116563,160.38417961136287,165.03819274902344,3342900.0
CRM,2019-04-29,96709.0,1297411.0,Monday,165.7840513602089,166.62932111117064,164.41171142165803,164.44154357910156,4509700.0
CRM,2019-04-30,61259.0,1187575.0,Tuesday,164.27246465830677,165.51552160962387,162.7111778439156,164.43157958984375,3581800.0
CRM,2019-05-01,49710.0,716471.0,Wednesday,165.08792001949723,165.29676028652727,161.2394201368243,161.24935913085938,2707700.0
CRM,2019-05-02,68048.0,366589.0,Thursday,160.79191530462106,161.79629992178468,158.74335974789042,160.93113708496094,3181100.0
CRM,2019-05-03,62996.0,838944.0,Friday,161.67698125879224,162.5918694679415,159.96653346698025,162.43275451660156,3131000.0
CRM,2019-05-06,28771.0,456521.0,Monday,157.73895827531814,161.93551997601986,156.98318507210567,161.597412109375,2520600.0
CRM,2019-05-07,9119.0,1409062.0,Tuesday,160.4339208606057,160.77202874473727,153.89046656788489,156.0285186767578,6541900.0
CRM,2019-05-08,102046.0,621188.0,Wednesday,156.2373504162071,157.05278792602408,154.17884071967816,155.98873901367188,4061300.0
CRM,2019-05-09,121053.0,810300.0,Thursday,153.79101949556858,156.22742356906716,151.54357770456969,155.44180297851562,5809300.0
CRM,2019-05-10,74765.0,753667.0,Friday,155.41196111173252,159.71791249027035,153.5225204932311,159.0516357421875,4462200.0
CRM,2019-05-13,26896.0,710544.0,Monday,154.0595199926589,156.02851815285464,151.93140688492255,152.29934692382812,5694600.0
CRM,2019-05-14,29569.0,892040.0,Tuesday,154.18880173560453,157.7091326752866,152.07062763623213,157.19203186035156,4954000.0
CRM,2019-05-15,331928.0,1039352.0,Wednesday,152.96564278760917,155.5114213173138,150.8574076137925,154.19874572753906,7783800.0
CRM,2019-05-16,124783.0,918436.0,Thursday,155.8892838318834,158.56434487291037,155.03406002516886,157.5997314453125,5048100.0
CRM,2019-05-17,175703.0,913759.0,Friday,155.3125144886419,156.28708215192185,152.3192385418043,153.7114715576172,5314000.0
CRM,2019-05-20,120661.0,1363296.0,Monday,151.62311842868016,155.2230065638554,150.85739108520795,155.11361694335938,5437600.0
CRM,2019-05-21,73059.0,815821.0,Tuesday,156.4859443373112,156.96327392812515,154.31804525888666,154.9147186279297,3803100.0
CRM,2019-05-22,66267.0,595021.0,Wednesday,155.00424641776942,157.31136772552253,154.97441426068963,156.76441955566406,3170100.0
CRM,2019-05-23,9597.0,757985.0,Thursday,155.16335295684073,155.47162867930533,151.30489899403787,152.8562469482422,4508200.0
CRM,2019-05-24,119639.0,512241.0,Friday,154.0296733461534,156.05833562731797,153.3037323305939,153.6517791748047,3151700.0
CRM,2019-05-28,67547.0,2062089.0,Tuesday,154.4871331294378,156.933460857064,153.53245865770631,154.32801818847656,4934100.0
CRM,2019-05-29,122570.0,727358.0,Wednesday,152.90594955700377,153.20428627095953,150.36017125611428,152.04078674316406,4359500.0
CRM,2019-05-30,159927.0,482566.0,Thursday,153.46287178341618,155.00425052012451,153.04519122517013,154.79542541503906,4418100.0
CRM,2019-05-31,109582.0,1167367.0,Friday,151.8120571476012,153.62194010854188,150.4198243113047,150.56900024414062,5326900.0
CRM,2019-06-03,362422.0,1347982.0,Monday,149.8629379741492,149.8629379741492,142.59354359525636,144.29405212402344,8835200.0
CRM,2019-06-04,199953.0,3022405.0,Tuesday,145.23879508425068,150.08174070634584,141.7184488678237,149.97235107421875,12375100.0
CRM,2019-06-05,622918.0,1284828.0,Wednesday,156.2771085544772,157.61961608602243,153.69155928777073,157.55995178222656,12072400.0
CRM,2019-06-06,129765.0,858367.0,Thursday,157.61964180013678,159.11131033452293,156.4561421642,158.42514038085938,5601200.0
CRM,2019-06-07,267871.0,678606.0,Friday,158.952187166228,162.08470003094249,158.61407929101276,160.37425231933594,7175300.0
CRM,2019-06-10,1857895.0,995842.0,Monday,152.62749981813363,156.5754498927904,149.9922251620688,151.9413299560547,29856300.0
CRM,2019-06-11,733717.0,1197293.0,Tuesday,154.4473527599902,154.84514012772507,147.96356281925887,149.31600952148438,15214300.0
CRM,2019-06-12,387628.0,902328.0,Wednesday,150.27068909527017,151.47397505892775,149.31601455456325,150.4397430419922,7161300.0
CRM,2019-06-13,160881.0,589067.0,Thursday,151.31482696184435,151.39438442064642,149.4154324647835,150.49937438964844,5173800.0
CRM,2019-06-14,104438.0,1336859.0,Friday,150.20106614826315,151.13584749861528,148.64973334301348,149.17678833007812,6248200.0
CRM,2019-06-17,16998.0,693360.0,Monday,149.36571899611772,150.43972201402855,149.03755014280873,149.45521545410156,4491800.0
CRM,2019-06-18,166846.0,1362236.0,Tuesday,151.0363985853512,152.10044745868444,149.66405883798933,149.75355529785156,7317800.0
CRM,2019-06-19,152677.0,957242.0,Wednesday,150.84745531185484,153.61201286263332,149.67400161475646,153.28384399414062,8095300.0
CRM,2019-06-20,177414.0,1377841.0,Thursday,155.42187896520517,157.41076994532906,154.55671624454217,156.3268280029297,10153600.0
CRM,2019-06-21,18822.0,6856490.0,Friday,155.79978762455548,156.91356182151551,155.07384659789653,155.96884155273438,9706900.0
CRM,2019-06-24,6229.0,1127791.0,Monday,156.5157899615545,156.853897818568,151.66289065275714,151.71261596679688,6378200.0
CRM,2019-06-25,100634.0,1180960.0,Tuesday,151.98113417039673,152.120355957788,147.76467905020286,148.51051330566406,7362500.0
CRM,2019-06-26,200778.0,1432271.0,Wednesday,150.4397371875182,150.5391878224431,148.09284483923335,148.21217346191406,5844900.0
CRM,2019-06-27,129027.0,804511.0,Thursday,149.0574373807295,149.92260012160463,147.64532657273566,149.85299682617188,6832800.0
CRM,2019-06-28,158342.0,4093955.0,Friday,149.5845010194349,150.9270086103522,148.76906354143793,150.88722229003906,6936600.0
CRM,2019-07-01,233603.0,1398089.0,Monday,153.7114616285976,153.88051555746208,151.00656841869517,153.20428466796875,6476400.0
CRM,2019-07-02,79670.0,573444.0,Tuesday,153.4330004593739,153.50261893287458,151.73250703057477,153.26394653320312,4736300.0
CRM,2019-07-03,14690.0,20.0,Wednesday,153.6816285627443,154.88491451096263,153.30374952305294,154.72579956054688,3885400.0
CRM,2019-07-05,15185.0,626736.0,Friday,153.09489943598538,153.95012327207888,151.7225748052574,153.72140502929688,3940900.0
CRM,2019-07-08,8615.0,1127697.0,Monday,152.66729045892237,152.83634438748922,151.1955000678073,151.9612274169922,4717400.0
CRM,2019-07-09,79525.0,1122082.0,Tuesday,151.235286025376,153.33356681166066,150.83749868790773,153.0948944091797,4979100.0
CRM,2019-07-10,117420.0,804653.0,Wednesday,153.71146877416098,155.53129092937328,153.71146877416098,155.4020233154297,4966300.0
CRM,2019-07-11,83294.0,810745.0,Thursday,155.94897664592375,158.415197649194,155.75007537346858,158.0174102783203,7083200.0
CRM,2019-07-12,97275.0,1362884.0,Friday,158.51462565911046,158.73340490929633,156.52573442035606,157.20196533203125,4348000.0
CRM,2019-07-15,58212.0,1054960.0,Monday,157.8781734187237,158.95217645648802,156.60528430152934,158.7632293701172,3603700.0
CRM,2019-07-16,104802.0,674853.0,Tuesday,159.07153090069184,160.71236013346413,155.92907904344298,156.2572479248047,6913100.0
CRM,2019-07-17,10810.0,705568.0,Wednesday,156.80418167819863,159.0317453807952,156.78430369064813,157.361083984375,4160500.0
CRM,2019-07-18,81007.0,780847.0,Thursday,156.1279409607126,157.69916664604207,155.34233570506484,157.1024932861328,3724000.0
CRM,2019-07-19,224310.0,932266.0,Friday,158.84279241230624,159.84719218584178,155.4218970995049,155.8793487548828,5218800.0
CRM,2019-07-22,70994.0,501509.0,Monday,156.77432559396115,158.16655838584748,156.2771028484376,156.8240509033203,2909500.0
CRM,2019-07-23,4309.0,783920.0,Tuesday,157.10251250322312,157.5699031517163,154.41751240326465,155.3821258544922,4865800.0
CRM,2019-07-24,122159.0,682009.0,Wednesday,155.11360706105617,159.3598936555531,154.83516353099418,158.8626708984375,4110500.0
CRM,2019-07-25,168623.0,1126503.0,Thursday,159.23064759995304,160.23504751231278,157.7887043066274,158.46493530273438,6934500.0
CRM,2019-07-26,78751.0,1263201.0,Friday,158.67374032978572,159.9267515194503,157.84834864622383,159.0814666748047,4979100.0
CRM,2019-07-29,197220.0,1380033.0,Monday,159.50907597179466,160.3046355255117,154.65619152478982,155.3423614501953,8880500.0
CRM,2019-07-30,33560.0,879677.0,Tuesday,154.47718353046648,157.34119185632704,153.76118144900136,156.08819580078125,4241600.0
CRM,2019-07-31,6454.0,1963677.0,Wednesday,156.51579288957478,157.013015691203,151.4540684107679,153.641845703125,7454200.0
CRM,2019-08-01,129280.0,23671229.0,Thursday,153.8705763319637,156.9036387009087,149.57457887050398,149.97235107421875,26124700.0
CRM,2019-08-02,35507.0,1299701.0,Friday,148.96796514860526,149.06740061168236,144.50289860523804,144.89073181152344,13138900.0
CRM,2019-08-05,506535.0,2936139.0,Monday,140.554958028565,142.95157591701238,139.02351825705682,142.02674865722656,13070100.0
CRM,2019-08-06,43886.0,1162585.0,Tuesday,142.99132737859375,144.1548420937631,141.1715052680763,142.0068359375,6694000.0
CRM,2019-08-07,13984.0,1212264.0,Wednesday,140.14720844529697,142.30516870919504,138.28760006453814,140.853271484375,7635500.0
CRM,2019-08-08,226996.0,2529252.0,Thursday,142.72282724551243,144.15483124188756,141.52949563987804,143.0211639404297,8670300.0
CRM,2019-08-09,144384.0,1166207.0,Friday,142.81234185467216,143.6675657293241,140.90300800815453,142.57366943359375,5286700.0
CRM,2019-08-12,110816.0,909902.0,Monday,140.76377667253837,141.18144200056156,139.27210828358326,139.93838500976562,4389500.0
CRM,2019-08-13,153650.0,1434484.0,Tuesday,140.14721433795825,144.19461530629994,139.64999152655722,143.08084106445312,5205800.0
CRM,2019-08-14,99503.0,2149904.0,Wednesday,140.50521089658673,141.5692749626511,137.10420879574818,138.94393920898438,8607800.0
CRM,2019-08-15,158857.0,927788.0,Thursday,140.31626798956935,142.5040450839184,138.97376047706447,141.34054565429688,6647700.0
CRM,2019-08-16,7846.0,879637.0,Friday,142.26538288017477,144.5327175987438,141.72838894116018,143.0907745361328,5341100.0
CRM,2019-08-19,24838.0,1617755.0,Monday,144.79128186986682,145.32827580408895,142.08638869044478,142.8719940185547,4632100.0
CRM,2019-08-20,225901.0,2752550.0,Tuesday,143.35927336703568,145.6862722998867,142.26537719824174,144.73159790039062,6259200.0
CRM,2019-08-21,215031.0,1449078.0,Wednesday,146.08405654090774,147.56578598783355,145.34817648828954,146.5614013671875,6142400.0
CRM,2019-08-22,424707.0,4527570.0,Thursday,148.65968301678367,149.06739419370876,144.66200732670225,147.4166259765625,11744500.0
CRM,2019-08-23,1555090.0,4112867.0,Friday,156.82407565934568,157.54007773984938,149.81323080593486,150.72813415527344,26531900.0
CRM,2019-08-26,551459.0,2179665.0,Monday,152.65733861104258,154.34790827046706,150.678401578196,154.27828979492188,8975400.0
CRM,2019-08-27,555368.0,1668480.0,Tuesday,153.40316518181143,155.03405527792873,151.68277862790328,152.71701049804688,6516500.0
CRM,2019-08-28,204625.0,2071025.0,Wednesday,151.6529558162437,151.93139937365558,150.03200461313926,150.98667907714844,5326800.0
CRM,2019-08-29,250222.0,1518104.0,Thursday,152.54794250240283,155.13350702239,151.8120625009867,155.0638885498047,5979900.0
CRM,2019-08-30,392247.0,3245209.0,Friday,155.55117183971154,157.34117687291433,152.84627871710174,155.203125,7591000.0
CRM,2019-09-03,18802.0,1636273.0,Tuesday,153.3534738705784,154.4573091742868,150.9170698331238,151.88168334960938,4953800.0
CRM,2019-09-04,185843.0,1124250.0,Wednesday,153.23412578009973,154.05951748624693,151.47396791394178,151.61318969726562,3604500.0
CRM,2019-09-05,16532.0,1219815.0,Thursday,153.78107165610933,153.88052228874955,151.10601048286998,152.91590881347656,5065400.0
CRM,2019-09-06,110133.0,1363497.0,Friday,153.1147820113836,153.19433947598927,149.9325592973312,150.23089599609375,4722300.0
CRM,2019-09-09,178790.0,1343352.0,Monday,150.81761599116385,151.30488460004528,147.26743808856247,148.70938110351562,6265500.0
CRM,2019-09-10,166051.0,1602365.0,Tuesday,147.94368476056906,150.81763210466772,146.91940694695154,148.81878662109375,6249700.0
CRM,2019-09-11,126154.0,1738859.0,Wednesday,149.25634814794287,153.7910180111296,148.21217715138457,153.234130859375,6242400.0
CRM,2019-09-12,301836.0,1198064.0,Thursday,154.17883970178153,155.92907367545735,153.55234928987318,153.8904571533203,4993500.0
CRM,2019-09-13,132223.0,1799767.0,Friday,153.4628481413845,154.04956738781027,151.89162231482766,152.13027954101562,3763500.0
CRM,2019-09-16,131126.0,1096372.0,Monday,150.80767902111884,153.24408303949286,150.51929645485745,152.16012573242188,2592300.0
CRM,2019-09-17,123102.0,1053607.0,Tuesday,152.15016906282165,152.59766652525826,150.88721896631552,151.97117614746094,3028500.0
CRM,2019-09-18,115833.0,1416549.0,Wednesday,151.50378245250084,152.06066952104138,149.73367062433934,151.92144775390625,2951200.0
CRM,2019-09-19,149855.0,1765026.0,Thursday,152.66728396636267,153.39322496381502,151.9214498093263,152.74684143066406,2947000.0
CRM,2019-09-20,15872.0,15867032.0,Friday,153.83078987477788,156.00862813240423,152.76672581595986,154.33795166015625,11733000.0
CRM,2019-09-23,180366.0,1630106.0,Monday,153.29377758432983,154.33794846108717,152.11040010964228,153.79100036621094,3642200.0
CRM,2019-09-24,192473.0,1642927.0,Tuesday,153.4230535965898,155.4020056438476,150.25076996025624,151.2054443359375,4120800.0
CRM,2019-09-25,140074.0,1073495.0,Wednesday,151.20544703822475,152.35900750369555,148.07293449012903,152.14022827148438,3445000.0
CRM,2019-09-26,183501.0,1489966.0,Thursday,151.5734081830079,152.54796069719464,150.99662786978482,151.4938507080078,3837300.0
CRM,2019-09-27,102261.0,1298667.0,Friday,152.2694989372388,152.2993310900466,145.93488559046813,147.43649291992188,5858200.0
CRM,2019-09-30,268527.0,1992229.0,Monday,147.12822522080202,148.14256399349773,146.591231267043,147.61550903320312,3671200.0
CRM,2019-10-01,178207.0,1824910.0,Tuesday,148.65967981681217,149.32595655514444,146.4321161860322,146.8696746826172,3172900.0
CRM,2019-10-02,178915.0,1730461.0,Wednesday,145.24873702394223,145.6862955613239,142.4046217049986,143.41896057128906,4432400.0
CRM,2019-10-03,178873.0,1481787.0,Thursday,143.2001654177296,146.24316650501066,141.2908316997108,146.18350219726562,3660900.0
CRM,2019-10-04,167312.0,1214377.0,Friday,147.45639032724682,148.0928348955373,145.39789585403997,147.20777893066406,3259000.0
CRM,2019-10-07,63340.0,927552.0,Monday,146.46193405374237,148.50055039177244,146.18349052381024,147.97349548339844,2704700.0
CRM,2019-10-08,93889.0,903852.0,Tuesday,146.72049963577936,147.51605916407905,145.0001129673319,145.0995635986328,2613200.0
CRM,2019-10-09,100399.0,1009730.0,Wednesday,146.4520098398491,147.02879011692167,145.79567209276277,146.2332305908203,2273000.0
CRM,2019-10-10,81566.0,1120958.0,Thursday,146.0243908310085,146.74039288952685,144.70177633885754,145.59678649902344,2687400.0
CRM,2019-10-11,163778.0,1417913.0,Friday,147.31718031813165,149.87291296266213,147.2674550000365,148.54034423828125,4663900.0
CRM,2019-10-14,49425.0,712434.0,Monday,148.570176394331,149.445293435888,147.97351809929938,148.54034423828125,1556900.0
CRM,2019-10-15,3658.0,1151606.0,Tuesday,148.82873769678923,152.12035032789117,148.7889513738432,151.89163208007812,3942600.0
CRM,2019-10-16,472309.0,1919894.0,Wednesday,146.44203852360744,150.0121093924934,145.01004975315738,146.15365600585938,8988600.0
CRM,2019-10-17,164706.0,1187966.0,Thursday,146.7602958352154,147.2177323523,144.70178598622394,145.35812377929688,5024400.0
CRM,2019-10-18,640418.0,1559868.0,Friday,145.48738896452784,145.62661073644654,141.60904216273212,143.28965759277344,6080000.0
CRM,2019-10-21,192746.0,1653451.0,Monday,143.29961859877412,144.38356067287495,142.2057223571815,143.7471160888672,3358000.0
CRM,2019-10-22,119120.0,2219560.0,Tuesday,144.24433721375448,145.14928635088904,141.35049687801325,141.53944396972656,4460500.0
CRM,2019-10-23,188429.0,1659342.0,Wednesday,141.32065333993836,144.76144151293246,140.7041019737277,144.32388305664062,4761400.0
CRM,2019-10-24,230669.0,1267274.0,Thursday,145.77577123319028,147.9635484339035,145.58682414864066,147.29727172851562,5280100.0
CRM,2019-10-25,179860.0,1445783.0,Friday,146.2332336171142,149.8231829653346,145.4873993910909,149.6541290283203,4991400.0
CRM,2019-10-28,3136.0,2209924.0,Monday,150.36018054384073,154.0595196077145,148.60000747940805,153.93023681640625,7576700.0
CRM,2019-10-29,213461.0,1532387.0,Tuesday,153.920285699331,155.26279330230147,153.5622846834746,154.2285614013672,5477300.0
CRM,2019-10-30,195110.0,2006270.0,Wednesday,154.8749632406924,157.54007016574104,154.1490070272272,157.40084838867188,4724500.0
CRM,2019-10-31,237652.0,2613134.0,Thursday,155.6903918717698,157.40083942061426,154.34789949238586,155.62078857421875,4578300.0
CRM,2019-11-01,142695.0,1601519.0,Friday,157.03290025158344,159.20078426441424,155.87933977321586,158.8527374267578,4771100.0
CRM,2019-11-04,295978.0,1307617.0,Monday,160.04608470873262,160.3543604311731,155.81969071287224,156.72463989257812,5748100.0
CRM,2019-11-05,223826.0,1559518.0,Tuesday,156.71468878290543,158.23618943718324,154.60646882775697,157.27157592773438,4015000.0
CRM,2019-11-06,182961.0,2051528.0,Wednesday,158.0571953789052,159.11130534899644,156.8738026175262,158.0472412109375,4207400.0
CRM,2019-11-07,145410.0,1146846.0,Thursday,158.04723342610845,160.23502590612372,157.2019637624987,158.61407470703125,3802300.0
CRM,2019-11-08,104067.0,1315292.0,Friday,158.36546421581463,160.31458429812352,158.02735634842549,160.2151336669922,3265300.0
CRM,2019-11-11,240862.0,846303.0,Monday,160.3245215806997,161.32890617865002,159.35990813035596,160.88140869140625,3541200.0
CRM,2019-11-12,102794.0,916000.0,Tuesday,161.10018998063654,163.45702123762473,160.6924636358305,161.95541381835938,3710600.0
CRM,2019-11-13,204644.0,1745958.0,Wednesday,162.14436640455588,163.50675209051744,161.12008859811178,161.69686889648438,5389700.0
CRM,2019-11-14,183475.0,1112193.0,Thursday,162.1244549850245,162.67140306619973,161.48801044712098,162.14434814453125,3820700.0
CRM,2019-11-15,300582.0,1620438.0,Friday,162.8106285706745,163.01945364116574,160.0957964360429,162.303466796875,3693000.0
CRM,2019-11-18,231330.0,1431969.0,Monday,163.0890849085921,163.0890849085921,160.99080400189206,161.8659210205078,5556700.0
CRM,2019-11-19,165308.0,3537434.0,Tuesday,162.7310865128473,163.53658506622273,160.94108129754835,163.04931640625,4952900.0
CRM,2019-11-20,332143.0,2834363.0,Wednesday,162.53219067670074,165.41607683617167,161.3487979893339,163.2879638671875,8450300.0
CRM,2019-11-21,279666.0,1475841.0,Thursday,164.401745590066,164.98846482272816,161.3090193229709,161.9752960205078,5724200.0
CRM,2019-11-22,170211.0,1332460.0,Friday,162.07473935562456,162.58191632211975,160.4836355028305,161.9056854248047,3761900.0
CRM,2019-11-25,153155.0,2662259.0,Monday,162.8702925132724,163.7354552943052,160.55323253886294,160.81179809570312,5509300.0
CRM,2019-11-26,134977.0,8114181.0,Tuesday,160.66262410233995,161.7067949872132,160.41401270946704,161.63717651367188,5881400.0
CRM,2019-11-27,166289.0,2715459.0,Wednesday,161.02064140639445,161.92559060977905,160.2151428398351,160.6129150390625,4012800.0
CRM,2019-11-29,107284.0,264667.0,Friday,160.71234044564667,162.50234540923046,160.42395792258552,161.9852294921875,2432500.0
CRM,2019-12-02,288106.0,2049906.0,Monday,162.1940852614027,162.30347488559957,157.22185720524735,160.10574340820312,5117400.0
CRM,2019-12-03,297983.0,2527624.0,Tuesday,156.08816742829276,160.9510051627936,155.32244016874006,160.6725616455078,6216400.0
CRM,2019-12-04,233218.0,2035317.0,Wednesday,159.48918354594218,159.7974592412664,153.64183880561026,155.5611114501953,17803300.0
CRM,2019-12-05,294982.0,2064434.0,Thursday,154.8749806649515,158.0373107458884,154.38769680336955,157.34120178222656,7126600.0
CRM,2019-12-06,420800.0,1603562.0,Friday,157.22185111134763,158.6140688434946,156.71467415789496,157.13233947753906,4751200.0
CRM,2019-12-09,253434.0,1406035.0,Monday,156.50586544008172,158.01741194321767,156.18763554002985,156.6053009033203,3709000.0
CRM,2019-12-10,206940.0,1652952.0,Tuesday,156.13790823835453,156.79424601834805,155.30257752238276,155.5312957763672,4074700.0
CRM,2019-12-11,164041.0,2683473.0,Wednesday,155.96885983455965,156.008646159992,154.6164130765665,155.5213623046875,4867500.0
CRM,2019-12-12,148077.0,1424691.0,Thursday,154.90479304453154,158.10690904257507,154.44734139879586,157.70912170410156,5353900.0
CRM,2019-12-13,201384.0,1683567.0,Friday,157.9776352721867,160.59303216595924,157.66935955105717,160.2350311279297,5742300.0
CRM,2019-12-16,449767.0,2205421.0,Monday,159.95657436753083,161.83607586863943,159.92674221465887,161.06040954589844,5370000.0
CRM,2019-12-17,249467.0,2035033.0,Tuesday,161.10017876657858,161.4681187636259,158.85273729088254,160.73223876953125,4789600.0
CRM,2019-12-18,148562.0,2326357.0,Wednesday,160.9013140074815,162.3730893646817,160.5830841064453,160.5830841064453,4144800.0
CRM,2019-12-19,148467.0,4455225.0,Thursday,160.69248003185007,162.4327600394547,159.93670674834382,162.42282104492188,4185400.0
CRM,2019-12-20,1579688.0,12000446.0,Friday,163.81502503506934,164.25258354186172,162.72114394212457,163.6360321044922,8586700.0
CRM,2019-12-23,314173.0,2653990.0,Monday,163.128857443884,163.9542491527224,162.44270269285974,162.83053588867188,4368600.0
CRM,2019-12-24,166023.0,261248.0,Tuesday,162.4029260333428,162.92998104429537,161.97532166273635,162.34326171875,1238000.0
CRM,2019-12-26,108300.0,1004732.0,Thursday,162.4924019799701,163.61613034298108,162.3631343726933,163.5962371826172,2155500.0
CRM,2019-12-27,127713.0,2234698.0,Friday,163.94430053531042,164.54097395878247,162.9896260925622,164.06362915039062,3409900.0
CRM,2019-12-30,217273.0,1870181.0,Monday,163.9443068430755,164.0238643142018,160.3046322027373,161.53775024414062,3197100.0
CRM,2019-12-31,98778.0,2455025.0,Tuesday,161.13997506804247,162.3532000398551,160.90131781066114,161.7366485595703,3273500.0
CRM,2020-01-02,164631.0,1897681.0,Thursday,163.00951433050557,166.1420269480847,162.67140648196485,166.06246948242188,5189300.0
CRM,2020-01-03,204154.0,2067415.0,Friday,164.14317414959623,165.8436826554905,164.0835098465884,165.24700927734375,3205400.0
CRM,2020-01-06,288260.0,2259619.0,Monday,164.0835251788498,172.70536677190873,163.53657706011316,172.48658752441406,8836200.0
CRM,2020-01-07,507692.0,2022018.0,Tuesday,172.2677967646966,175.88757792584047,171.1341294552734,175.0224151611328,8272700.0
CRM,2020-01-08,423659.0,2000053.0,Wednesday,174.25670508540998,177.85660861718603,173.77937542738678,176.3450469970703,7225100.0
CRM,2020-01-09,246694.0,2925829.0,Thursday,177.8466438987374,178.90075378577063,176.30525021481503,178.60243225097656,5952900.0
CRM,2020-01-10,325342.0,2058670.0,Friday,178.84109565154284,179.67642632586845,177.69748926459965,179.1990966796875,5111800.0
CRM,2020-01-13,191401.0,2702051.0,Monday,180.25321635025188,183.42550045956727,180.12394873173443,182.82884216308597,6202600.0
CRM,2020-01-14,249761.0,2676981.0,Tuesday,182.48075337298675,182.82881537546453,181.02885623360743,181.10841369628903,4342300.0
CRM,2020-01-15,245063.0,2221778.0,Wednesday,180.6708574059092,182.0730292511788,179.61674756729275,180.05430603027344,3886600.0
CRM,2020-01-16,159716.0,3755580.0,Thursday,181.2178108153172,182.0929277670209,179.95487587478618,181.67526245117188,3485300.0
CRM,2020-01-17,944581.0,4514174.0,Friday,182.2122494810827,182.32163909590452,180.3526412031452,181.21780395507807,4577000.0
CRM,2020-01-21,164496.0,3954775.0,Tuesday,180.50181119880472,184.9668773016973,180.4918722056885,184.24093627929688,6302400.0
CRM,2020-01-22,221744.0,3238192.0,Wednesday,184.3602599622236,185.4044308248403,181.6752600112341,181.73492431640625,4781800.0
CRM,2020-01-23,127565.0,2989918.0,Thursday,182.19237197471415,183.2763139591397,180.29297737328517,182.9580841064453,4369000.0
CRM,2020-01-24,141962.0,2017645.0,Friday,183.9724272651962,185.09615559553424,180.12392783161002,181.09848022460935,4653600.0
CRM,2020-01-27,351110.0,3261584.0,Monday,177.77704144813808,180.72059188176428,176.3152052245205,179.70626831054688,4239400.0
CRM,2020-01-28,158692.0,3010158.0,Tuesday,180.1338724783047,182.8387656807001,179.34826714352243,181.8343811035156,3445300.0
CRM,2020-01-29,138909.0,1304934.0,Wednesday,182.9779853546856,183.0774359815577,180.6112000362544,180.7603759765625,2785500.0
CRM,2020-01-30,197953.0,1377580.0,Thursday,179.8952077642322,184.90722221925228,179.53720673173075,184.6387176513672,3715700.0
CRM,2020-01-31,39756.0,2313387.0,Friday,183.833217905646,184.99671746006985,179.78581694902834,181.29737854003903,4193300.0
CRM,2020-02-03,204959.0,2872488.0,Monday,182.2420849256352,184.8375884023632,180.8399282409013,184.3900909423828,4755200.0
CRM,2020-02-04,195423.0,1874519.0,Tuesday,186.95577640858625,188.63639193287085,185.61326875305912,187.29388427734372,3983200.0
CRM,2020-02-05,165044.0,2248704.0,Wednesday,189.342433080938,189.4916090229253,181.8443200558583,184.459716796875,6162700.0
CRM,2020-02-06,230011.0,3590169.0,Thursday,185.79227594843135,186.5182169981711,183.21666544905375,185.6928253173828,4102700.0
CRM,2020-02-07,214089.0,2406933.0,Friday,185.8121898289133,187.60217999509797,184.6188428194068,184.6884613037109,3713100.0
CRM,2020-02-10,260051.0,2204270.0,Monday,185.13592301489345,188.21871023609407,184.5293106329424,188.0695343017578,3873500.0
CRM,2020-02-11,224714.0,1342280.0,Tuesday,190.4164319562429,191.53022130398705,187.602149194999,188.05960083007807,4299200.0
CRM,2020-02-12,197274.0,1366690.0,Wednesday,188.6562804660828,189.46177897002516,185.73260798952515,188.4076690673828,4535400.0
CRM,2020-02-13,151449.0,1531111.0,Thursday,187.45298709158533,189.98882629129176,187.3734296263121,187.5922088623047,3132100.0
CRM,2020-02-14,141881.0,2083745.0,Friday,188.298269756756,189.19326467641284,187.05521282721315,188.8949279785156,3599400.0
CRM,2020-02-18,244605.0,3111153.0,Tuesday,189.88937320179065,190.43632128467365,187.87064996554165,190.02859497070312,4957000.0
CRM,2020-02-19,247936.0,2167087.0,Wednesday,190.93355848229515,192.8428922462338,190.73467239368327,191.79872131347656,3903200.0
CRM,2020-02-20,293170.0,1510366.0,Thursday,192.9224553487477,194.63290307401,188.71595451435823,192.2860107421875,5451200.0
CRM,2020-02-21,448767.0,2267907.0,Friday,190.7744478856884,190.9733339788289,185.68289106591828,188.44744873046875,5242100.0
CRM,2020-02-24,100650.0,2934241.0,Monday,177.79691638955316,186.1104819432836,177.79691638955316,184.9072113037109,8463300.0
CRM,2020-02-25,319550.0,6653768.0,Tuesday,187.4231740242716,188.92478150237096,178.4333767954186,180.2631683349609,11361100.0
CRM,2020-02-26,999606.0,2941079.0,Wednesday,175.55940496729647,181.65536084472157,173.28213140899868,177.87646484375,13923100.0
CRM,2020-02-27,78590.0,2989575.0,Thursday,171.2534966254524,177.33949930989834,169.10549032245845,171.19381713867188,9927300.0
CRM,2020-02-28,894780.0,6270958.0,Friday,164.07358264230908,170.8159224992273,162.21395907876249,169.45352172851562,12640800.0
DIS,2019-01-02,13092.0,3692178.0,Wednesday,105.4916345396046,106.506541089561,105.13056709987538,106.34064483642578,9723500.0
DIS,2019-01-03,16379.0,4379689.0,Thursday,105.86246695684466,106.02836320487006,103.38375424787073,103.76434326171876,10594700.0
DIS,2019-01-04,126706.0,3229070.0,Friday,105.33549983140747,108.07769448273876,104.66214657583504,106.96520233154295,10122800.0
DIS,2019-01-07,132591.0,2291805.0,Monday,107.2579628873209,108.71200829037346,106.66268110544168,107.89227294921876,6714700.0
DIS,2019-01-08,30575.0,3925801.0,Tuesday,109.10236492695732,109.8440214185847,108.4875615212852,108.73152923583984,8730700.0
DIS,2019-01-09,135870.0,1480558.0,Wednesday,109.10235976835033,110.07823058042752,108.86814541283331,109.95136260986328,5931900.0
DIS,2019-01-10,7588.0,2456374.0,Thursday,109.28777138209422,110.18557819767676,108.80959676351354,110.07823181152344,6160100.0
DIS,2019-01-11,22819.0,1517079.0,Friday,109.47319375101289,110.19533610522394,109.03405484061648,109.93185424804688,4819100.0
DIS,2019-01-14,9637.0,4499628.0,Monday,108.95598019407788,109.98064010343192,108.74128741917409,109.7073974609375,6980600.0
DIS,2019-01-15,34603.0,2178583.0,Tuesday,109.5902874399816,110.44905101369248,107.94106350146912,109.06331634521484,9800900.0
DIS,2019-01-16,18674.0,1905413.0,Wednesday,108.76079698976795,109.30728969709656,108.13624027736664,108.23383331298828,5899900.0
DIS,2019-01-17,24347.0,2822759.0,Thursday,108.0484250790536,108.57539624795444,107.50193976847667,108.33142852783205,6392000.0
DIS,2019-01-18,32060.0,1592152.0,Friday,109.16090864609892,109.22921930451362,108.15576291000984,108.3606948852539,8554700.0
DIS,2019-01-22,6822.0,1812387.0,Tuesday,107.95083414705076,108.64370154453266,107.10182384265843,107.93131256103516,6986700.0
DIS,2019-01-23,174856.0,2553167.0,Wednesday,108.50708477219769,109.14139488352632,107.34579605060748,108.43877410888672,6845600.0
DIS,2019-01-24,103001.0,2273455.0,Thursday,108.32165381528375,108.4290001939682,107.27747240514675,107.88251495361328,6716800.0
DIS,2019-01-25,11515.0,2498393.0,Friday,108.78032053660266,108.80959546969574,107.98986756187595,108.40948486328124,5706900.0
DIS,2019-01-28,125285.0,1850211.0,Monday,108.08744902662023,108.31189513529893,107.29698863677396,108.13623809814452,6178800.0
DIS,2019-01-29,2693.0,1514972.0,Tuesday,107.98010000043432,108.25334261924628,107.3457825237335,108.22406768798828,5253700.0
DIS,2019-01-30,53034.0,1889643.0,Wednesday,107.63854467401372,107.91178728761432,106.33087402210724,107.47264099121094,7853800.0
DIS,2019-01-31,103506.0,5370820.0,Thursday,107.4433744319209,108.8486307774172,107.35554963297908,108.82910919189452,8351600.0
DIS,2019-02-01,177823.0,1734952.0,Friday,109.2682573242054,109.34632877697658,108.25335077409062,108.61442565917967,6557700.0
DIS,2019-02-04,17125.0,2142852.0,Monday,108.72177455202112,109.278020636559,108.00938555834097,109.10236358642578,7037000.0
DIS,2019-02-05,59082.0,4038971.0,Tuesday,109.31704805730745,110.01967625230476,108.76080197715184,109.94161224365234,13619800.0
DIS,2019-02-06,267915.0,1815851.0,Wednesday,111.10289096969292,111.17120162903592,108.38997129106588,108.72177124023438,14229000.0
DIS,2019-02-07,23271.0,2255535.0,Thursday,108.37045069809774,108.4290005611046,107.1603655970674,108.27285766601562,8658100.0
DIS,2019-02-08,131705.0,1486366.0,Friday,107.79468391391543,108.84862612801922,107.40433411847296,108.81935119628906,6395500.0
DIS,2019-02-11,18225.0,2935658.0,Monday,109.07306662741668,109.1121023494844,106.61387569957029,106.7992935180664,11086400.0
DIS,2019-02-12,123823.0,1899395.0,Tuesday,107.55071793877435,108.15576050363092,106.5162972928516,106.5650863647461,7610200.0
DIS,2019-02-13,18864.0,1548744.0,Wednesday,106.60411955528332,107.81420465623069,106.5943662083182,107.54095458984376,6919700.0
DIS,2019-02-14,10437.0,1124759.0,Thursday,107.1994077396245,108.80959607645336,106.89689016890458,107.9898681640625,6324300.0
DIS,2019-02-15,4607.0,3065206.0,Friday,108.71200981356456,109.9123267414939,108.35093493325472,109.873291015625,8197300.0
DIS,2019-02-19,17441.0,2331223.0,Tuesday,110.18557429190002,111.02481632024435,110.10750284195532,110.7710952758789,8169600.0
DIS,2019-02-20,4612.0,1910480.0,Wednesday,110.85891738251652,111.3370919725418,110.55639982795196,110.9369888305664,7081500.0
DIS,2019-02-21,144174.0,1376688.0,Thursday,110.66374794029744,111.7762400338655,110.14653761814952,111.5322723388672,9480100.0
DIS,2019-02-22,12516.0,1701290.0,Friday,111.86407359960184,112.97656578038074,111.20048111937376,112.4691162109375,8734700.0
DIS,2019-02-25,173330.0,3665194.0,Monday,112.83019096025863,113.00584801200948,110.7223063392486,110.8491668701172,9327700.0
DIS,2019-02-26,127856.0,2451100.0,Tuesday,110.90771939129044,111.25903347960984,110.12701976273542,110.76133728027344,8956000.0
DIS,2019-02-27,5234.0,1226731.0,Wednesday,110.37098655068957,110.77109715446434,109.74642983114636,110.05870819091795,7249500.0
DIS,2019-02-28,107282.0,3486274.0,Thursday,110.17581347464782,110.693023801135,110.02943136736008,110.11725616455078,6716700.0
DIS,2019-03-01,15761.0,1890992.0,Friday,110.71254807829293,111.678665607672,110.71254807829293,111.25904083251952,6996900.0
DIS,2019-03-04,4734.0,1327326.0,Monday,111.6591367501973,111.6591367501973,110.36122678071388,111.5713119506836,6015000.0
DIS,2019-03-05,2402.0,1204797.0,Tuesday,111.47373642032586,111.77625401747278,111.01507590510045,111.24928283691406,5225100.0
DIS,2019-03-06,2987.0,1082653.0,Wednesday,111.24926956102716,112.27393686405264,111.24926956102716,112.0787582397461,7352800.0
DIS,2019-03-07,13324.0,1603239.0,Thursday,112.07876879590354,112.1275653179019,110.73206966521384,111.25904083251952,6324000.0
DIS,2019-03-08,63164.0,1090389.0,Friday,110.72229712100376,111.09312533480258,110.17581187007856,111.06385040283205,6549100.0
DIS,2019-03-11,141633.0,1622050.0,Monday,111.2883108844793,112.22514599237049,111.27855009144712,111.9811782836914,6952700.0
DIS,2019-03-12,176209.0,1265008.0,Tuesday,111.95190149960962,112.51790836126322,111.28830904515796,111.96166229248048,9920300.0
DIS,2019-03-13,8512.0,5075310.0,Wednesday,112.06900027565815,112.07876106844564,110.97602973316948,111.33709716796876,17994500.0
DIS,2019-03-14,13068.0,7600565.0,Thursday,111.36638304520204,112.00069313555198,111.18096520293156,111.71769714355467,17409600.0
DIS,2019-03-15,1399423.0,9362813.0,Friday,111.73721175492204,112.69356845897636,110.93699795981682,112.18611145019533,14932700.0
DIS,2019-03-18,937597.0,5762531.0,Monday,110.30267068982684,111.24926651723072,109.74642465505282,110.3905029296875,21769800.0
DIS,2019-03-19,195702.0,36526673.0,Tuesday,110.22460290469674,110.96626679080654,107.15061586819144,107.34578704833984,45384400.0
DIS,2019-03-20,490416.0,10997073.0,Wednesday,107.64829976470008,108.20454579291372,105.4428372361634,107.33602142333984,35588700.0
DIS,2019-03-21,880235.0,7857780.0,Thursday,107.44337296548608,107.49216948332338,105.75512066068367,106.03812408447266,27438900.0
DIS,2019-03-22,409806.0,7303186.0,Friday,105.71609298305384,106.36992467814748,104.91587916860836,105.6185073852539,24133800.0
DIS,2019-03-25,577081.0,3951396.0,Monday,105.87221635410138,106.4382231800975,104.73044935515624,105.1891098022461,18187500.0
DIS,2019-03-26,34148.0,5484330.0,Tuesday,105.78440106041816,107.67758543643484,105.65753308560576,107.48241424560548,16693100.0
DIS,2019-03-27,27670.0,2151243.0,Wednesday,107.78493006750688,108.40948680234166,107.08230932479546,107.61903381347656,10794800.0
DIS,2019-03-28,156869.0,3375620.0,Thursday,107.93131175571578,108.58514342159158,107.57999766309224,108.03865814208984,11748900.0
DIS,2019-03-29,52687.0,8359150.0,Friday,108.86814723746926,108.907182964043,107.72638015507572,108.35093688964844,16358800.0
DIS,2019-04-01,167882.0,1923332.0,Monday,108.89742781307132,110.14654879223754,108.69249582191928,109.79523468017578,10785100.0
DIS,2019-04-02,49806.0,2357860.0,Tuesday,110.4197878360288,110.57592330000348,109.2194634181882,109.2584991455078,9231800.0
DIS,2019-04-03,45979.0,3489977.0,Wednesday,109.98064973924672,110.38076039031417,109.50247507298684,109.80499267578124,10534900.0
DIS,2019-04-04,116890.0,2911371.0,Thursday,110.50761123858484,112.0885246711345,110.30267925673084,111.9811782836914,14378400.0
DIS,2019-04-05,77748.0,2374589.0,Friday,112.19586849949202,112.35200395792744,111.5517901895244,112.2251434326172,10907900.0
DIS,2019-04-08,22931.0,1976702.0,Monday,112.2251471774326,113.03512176567304,111.8738330776007,112.18611145019533,11054200.0
DIS,2019-04-09,148085.0,1704850.0,Tuesday,112.8204293837858,114.33303217698946,112.49839021692766,114.04026794433594,17340300.0
DIS,2019-04-10,207985.0,2165719.0,Wednesday,114.74290232160784,115.18204124891764,113.47426717223976,114.33303833007812,14091100.0
DIS,2019-04-11,104866.0,2768793.0,Thursday,114.88927597215574,115.0161364996143,113.51329452954336,113.78653717041016,12784500.0
DIS,2019-04-12,5396541.0,2557077.0,Friday,124.82362917812527,127.7414731432287,123.3110265620807,126.92174530029295,65253500.0
DIS,2019-04-15,1493510.0,2494752.0,Monday,127.88787083034497,129.4980516879609,126.65826409704653,128.85397338867188,32773700.0
DIS,2019-04-16,1474156.0,1553329.0,Tuesday,128.5709766600424,128.94181232546012,126.4338172461564,126.76560974121094,14564300.0
DIS,2019-04-17,41606.0,1847468.0,Wednesday,126.67777702996273,129.16625036862442,126.16056673451055,128.5709686279297,14253700.0
DIS,2019-04-18,513310.0,3854851.0,Thursday,128.59048915348805,129.66393801287546,127.94641090349232,129.2540740966797,11890600.0
DIS,2019-04-22,24465.0,3549945.0,Monday,128.717363072863,129.01012731488703,127.86836017254048,128.50267028808594,10197500.0
DIS,2019-04-23,145977.0,2115518.0,Tuesday,130.17139529180264,131.0008913635281,129.44924559535215,130.14212036132812,12159300.0
DIS,2019-04-24,49900.0,1667739.0,Wednesday,129.89816070424968,132.4744589793847,129.5175716939663,131.84014892578125,11449500.0
DIS,2019-04-25,300635.0,2568636.0,Thursday,132.09387072314365,135.52894007313455,131.58641374300026,133.9285125732422,16382500.0
DIS,2019-04-26,87522.0,2120652.0,Friday,135.3532749515864,136.66093823022592,134.1919863345086,136.54383850097656,14167600.0
DIS,2019-04-29,897786.0,1280117.0,Monday,138.75907841409483,138.9347280194388,134.28958813840617,135.93881225585938,25746100.0
DIS,2019-04-30,61676.0,4587980.0,Tuesday,135.76314005391347,136.02662933758108,132.7477028751402,133.66502380371094,15253100.0
DIS,2019-05-01,58268.0,2152051.0,Wednesday,134.17248109513918,134.83606608889082,132.95264260020755,133.08926391601562,8906700.0
DIS,2019-05-02,58942.0,2702547.0,Thursday,132.11339017432007,132.4159077318208,129.18577785176151,130.90330505371094,16580400.0
DIS,2019-05-03,88924.0,1401406.0,Friday,131.95725429801317,132.0450790986175,130.55199792591583,131.08872985839844,8874400.0
DIS,2019-05-06,447626.0,1547746.0,Monday,129.341905069227,132.06459285132587,129.10770561483997,131.7425537109375,9955600.0
DIS,2019-05-07,92717.0,2136938.0,Tuesday,132.0841473074701,132.6891825693516,129.55663007187974,130.22023010253906,10972700.0
DIS,2019-05-08,100014.0,4536388.0,Wednesday,130.2787655969087,132.42567860615182,130.0933477427753,131.73281860351562,15423500.0
DIS,2019-05-09,430476.0,1303428.0,Thursday,131.77183348886516,133.18684317671554,129.63467404534867,130.3665771484375,15297100.0
DIS,2019-05-10,35259.0,1329586.0,Friday,129.80059443253768,131.0789979317709,128.0635452694385,130.8057403564453,9858500.0
DIS,2019-05-13,85259.0,3038698.0,Monday,128.32701082242482,129.45902452966104,127.39993653604957,128.17086791992188,11389900.0
DIS,2019-05-14,514812.0,1969035.0,Tuesday,130.29827824678318,131.41077040466587,128.86374692601245,129.98599243164062,12001700.0
DIS,2019-05-15,35644.0,2247152.0,Wednesday,129.35167273249866,131.94749253820677,128.85396911292392,131.43026733398438,9734100.0
DIS,2019-05-16,193782.0,1968430.0,Thursday,132.02555983861723,133.108777070308,131.55714600320175,132.23049926757812,9689400.0
DIS,2019-05-17,42679.0,5236004.0,Friday,131.0203924933437,132.6988912587677,130.79594640570124,131.7815704345703,8964200.0
DIS,2019-05-20,25756.0,4338806.0,Monday,131.01065602649794,131.15703069151388,130.0347852181069,130.67886352539062,8009000.0
DIS,2019-05-21,18855.0,2258635.0,Tuesday,131.32295144864287,131.32295144864287,129.89817341219725,130.85452270507812,7050300.0
DIS,2019-05-22,123187.0,1091845.0,Wednesday,130.59105587369973,130.93260176711934,130.17142362787604,130.62033081054688,5093700.0
DIS,2019-05-23,14268.0,2191719.0,Thursday,129.50782179624045,130.3275497032067,128.76615045036988,129.52732849121094,6743300.0
DIS,2019-05-24,163559.0,1888618.0,Friday,129.88839362533798,130.07379654665985,129.02962266087934,129.5858612060547,4570100.0
DIS,2019-05-28,17939.0,7057046.0,Tuesday,129.99575800871213,130.8057176826162,129.39070797691187,129.41998291015625,8938400.0
DIS,2019-05-29,23040.0,3590047.0,Wednesday,128.77592901676547,128.96133197749626,127.62439362505442,128.3953399658203,7749600.0
DIS,2019-05-30,107043.0,1180376.0,Thursday,128.69784566475946,129.47853039103524,128.170867094856,129.01011657714844,5274000.0
DIS,2019-05-31,186781.0,2230253.0,Friday,127.80004603242554,129.72249780173496,127.62438154598006,128.85397338867188,7420700.0
DIS,2019-06-03,4475.0,2911106.0,Monday,128.83446646724877,129.7420191586989,128.31725613738024,129.2736053466797,7901400.0
DIS,2019-06-04,169340.0,2052521.0,Tuesday,130.22995665433675,131.62545965615905,129.71274631613454,131.56690979003906,8247500.0
DIS,2019-06-05,19420.0,2327901.0,Wednesday,132.14265604938666,132.71841619294904,131.6839956257067,132.6598663330078,6842800.0
DIS,2019-06-06,8878.0,1434337.0,Thursday,133.21610952568054,134.1236770581462,132.45493153876393,133.89923095703125,6027300.0
DIS,2019-06-07,151651.0,1358407.0,Friday,134.2798121461772,135.41181082336053,134.01632289198744,134.7091827392578,7026300.0
DIS,2019-06-10,17212.0,3166662.0,Monday,135.52894280142291,135.52894280142291,132.7867482089606,133.7626190185547,8479500.0
DIS,2019-06-11,120187.0,1681419.0,Tuesday,134.27006334668437,134.42620625255643,131.68401161458402,131.8206329345703,6352200.0
DIS,2019-06-12,154509.0,1325996.0,Wednesday,131.83038704090737,132.99167571277778,131.56691263766487,132.4451904296875,5537000.0
DIS,2019-06-13,144472.0,3587887.0,Thursday,134.6213872510218,138.42729268334725,134.28959471981733,138.3199462890625,17939500.0
DIS,2019-06-14,452769.0,1875626.0,Friday,138.62242811525607,139.50070573960866,137.13910056532757,138.23207092285156,11125200.0
DIS,2019-06-17,53724.0,1547562.0,Monday,137.4123690564964,138.06620072508923,135.75339162522724,137.56851196289062,8542700.0
DIS,2019-06-18,52843.0,2433848.0,Tuesday,138.56390915463697,140.04722214469535,135.61677497992886,135.88026428222656,11231400.0
DIS,2019-06-19,167745.0,3214669.0,Wednesday,136.14373292364257,137.666103913033,135.2361802072936,137.51971435546875,6877100.0
DIS,2019-06-20,44455.0,4186789.0,Thursday,138.55414225118037,138.798109969205,136.53409728905245,138.5931854248047,8485800.0
DIS,2019-06-21,26962.0,11484123.0,Friday,138.52487368008698,138.57367020405516,136.62192837019523,136.84637451171875,14150000.0
DIS,2019-06-24,44350.0,3805072.0,Monday,136.73902614736957,137.08058691962293,134.4750133957907,135.86074829101562,10497400.0
DIS,2019-06-25,6089.0,9045481.0,Tuesday,135.66557035177684,137.02203024380574,135.32400959648447,136.56336975097656,14675400.0
DIS,2019-06-26,26066.0,4401167.0,Wednesday,136.9732245279274,137.34406019270972,136.14372840110588,137.0122528076172,8842100.0
DIS,2019-06-27,163284.0,1809523.0,Thursday,137.5977897211848,138.31993951012743,135.56797656821217,135.93881225585938,6466300.0
DIS,2019-06-28,137207.0,19809847.0,Friday,136.0461532482179,136.8268528746398,135.26545362179598,136.27059936523438,20078800.0
DIS,2019-07-01,31831.0,2303322.0,Monday,137.06102912684668,138.52483509450386,135.860712402737,138.23207092285156,8972400.0
DIS,2019-07-02,143394.0,2003298.0,Tuesday,137.98814244059344,139.41292053885005,137.8612893463233,139.09088134765625,7554100.0
DIS,2019-07-03,193838.0,156.0,Wednesday,139.25675615444783,139.54952036410216,138.57364959232524,139.52999877929688,4150900.0
DIS,2019-07-05,271241.0,1979802.0,Friday,138.86230207466613,140.30571712347378,138.1553226637064,139.87367248535156,5596000.0
DIS,2019-07-08,17878.0,1756397.0,Monday,139.60853714773037,139.65763584845087,138.4204294975217,138.4695281982422,4993900.0
DIS,2019-07-09,20947.0,2120105.0,Tuesday,137.52690385714948,139.15688506535224,137.22251284487035,139.0488739013672,7396300.0
DIS,2019-07-10,26819.0,1744121.0,Wednesday,139.82458804216589,141.64113546061316,139.4416420707361,140.9439697265625,9533700.0
DIS,2019-07-11,19245.0,2322498.0,Thursday,141.40546620544873,142.71141396010586,140.9439653078322,140.96360778808594,10471100.0
DIS,2019-07-12,163192.0,1844518.0,Friday,141.54294213057048,142.7997912517388,141.39566097684894,142.25975036621094,8510000.0
DIS,2019-07-15,22545.0,1325157.0,Monday,142.50520358372935,142.7310396401865,141.3661795882417,142.43646240234375,5289200.0
DIS,2019-07-16,143681.0,1429287.0,Tuesday,142.1320744392025,142.36773923105198,141.209072732985,141.69021606445312,5854700.0
DIS,2019-07-17,9564.0,1283585.0,Wednesday,141.9847852849285,142.06332522828563,139.79510604763882,139.9915008544922,5296400.0
DIS,2019-07-18,29864.0,2604477.0,Thursday,139.8834871928891,139.8834871928891,137.63489554703455,139.06849670410156,8031700.0
DIS,2019-07-19,23379.0,1773199.0,Friday,139.6674836076266,139.6674836076266,137.21269806534224,137.32070922851562,6109900.0
DIS,2019-07-22,343657.0,1942830.0,Monday,138.69538934614937,138.88195545296395,137.47781026886972,138.2928009033203,7706400.0
DIS,2019-07-23,226045.0,1358175.0,Tuesday,139.08816145064512,139.96206462136362,137.7331298382424,138.70521545410156,7514500.0
DIS,2019-07-24,31621.0,2443123.0,Wednesday,138.842660818685,139.02922691250112,137.86074662623938,138.73464965820312,5896600.0
DIS,2019-07-25,203074.0,2211916.0,Thursday,138.84265685882335,140.63956157768888,138.48916716031178,140.61993408203125,7294400.0
DIS,2019-07-26,173648.0,2339439.0,Friday,141.14034403029467,142.5641165382727,140.46282087570947,142.03387451171875,8139400.0
DIS,2019-07-29,277625.0,2604260.0,Monday,142.95688204033746,144.48866576570774,142.54447988218556,143.74241638183594,11674100.0
DIS,2019-07-30,18870.0,971198.0,Tuesday,143.1237978971896,144.14499698064435,141.99460264316735,142.30880737304688,6563100.0
DIS,2019-07-31,16112.0,3142639.0,Wednesday,142.36775449667806,142.37756824549953,139.765672708015,140.42355346679688,9710700.0
DIS,2019-08-01,18832.0,2336367.0,Thursday,140.74758857914475,141.91606896361753,138.70520508925648,139.2845458984375,8911700.0
DIS,2019-08-02,233150.0,1261202.0,Friday,138.44008480498212,139.64783504397712,137.40907192557708,139.14706420898438,6539100.0
DIS,2019-08-05,90366.0,2124186.0,Monday,136.62354090266166,137.6938237825438,134.55170134568627,135.79873657226562,10669700.0
DIS,2019-08-06,166628.0,5220331.0,Tuesday,137.8705822984059,139.38272363846104,135.86746885458794,139.30416870117188,18818900.0
DIS,2019-08-07,1897080.0,2295737.0,Wednesday,132.489685680707,133.4126874946941,129.8679763694078,132.42095947265625,29084500.0
DIS,2019-08-08,718792.0,2350348.0,Thursday,135.40597768973748,135.50417511410893,133.5501602385746,135.3961639404297,14054800.0
DIS,2019-08-09,30343.0,1854502.0,Friday,134.62043892325102,136.72173465122088,134.28657671795355,136.01475524902344,8811900.0
DIS,2019-08-12,35620.0,201792.0,Monday,134.82664468870746,135.0819519853998,132.78426122928164,133.29486083984375,7918900.0
DIS,2019-08-13,202954.0,1026473.0,Tuesday,132.55841657397906,135.4256042308258,132.55841657397906,134.5320587158203,8145400.0
DIS,2019-08-14,36888.0,2126498.0,Wednesday,132.6173334585006,132.7057021432913,130.28037279744422,130.4473114013672,11797700.0
DIS,2019-08-15,44555.0,1301301.0,Thursday,131.08554580621785,131.8514376842127,130.07417537802408,130.99717712402344,7590100.0
DIS,2019-08-16,436237.0,1412835.0,Friday,131.59615486986698,133.04938379658768,131.40958876101865,132.7548065185547,6353800.0
DIS,2019-08-19,16385.0,2749033.0,Monday,134.31604151746575,135.13103212987346,131.85144218318854,132.84317016601562,11741800.0
DIS,2019-08-20,101758.0,3423868.0,Tuesday,130.91863223895646,133.57961153698156,130.84989104787,132.6860809326172,8628000.0
DIS,2019-08-21,389251.0,1751761.0,Wednesday,132.17547685484456,133.59924951068723,131.62560727599407,133.30467224121094,6325000.0
DIS,2019-08-22,219717.0,3973804.0,Thursday,133.73670613075484,134.1982069864278,132.25402113703555,133.61888122558594,6967100.0
DIS,2019-08-23,21556.0,5552757.0,Friday,133.05918202089913,133.9723699779736,128.65039704498636,129.28863525390625,10190900.0
DIS,2019-08-26,109504.0,6884181.0,Monday,131.76307389251653,132.20493230271018,130.15273514275546,132.17547607421875,8093800.0
DIS,2019-08-27,426665.0,3126641.0,Tuesday,133.31449669723546,133.53051902240205,131.76307044504898,132.05764770507812,6013600.0
DIS,2019-08-28,31582.0,2641873.0,Wednesday,131.63541161654086,134.2571206601421,131.10518455563707,134.08038330078125,5950500.0
DIS,2019-08-29,71403.0,1751483.0,Thursday,135.62198066802426,136.17185020719785,134.93464374405733,135.3470458984375,6532700.0
DIS,2019-08-30,373197.0,3868259.0,Friday,135.78891257477028,135.99512115596838,134.2865849981713,134.7775421142578,5622200.0
DIS,2019-09-03,29235.0,4180382.0,Tuesday,133.90363901916663,133.95273772732952,132.61733377253822,133.8447265625,5997400.0
DIS,2019-09-04,261439.0,1719455.0,Wednesday,134.2669684742748,135.70055498002847,133.92329247179808,135.3961639404297,4285400.0
DIS,2019-09-05,322310.0,2212096.0,Thursday,136.40751916751063,136.7511951313988,135.81837963590166,136.32896423339844,5143500.0
DIS,2019-09-06,187706.0,2461249.0,Friday,136.6137361134213,137.2814306200555,135.74964676806172,137.02613830566406,4090000.0
DIS,2019-09-09,16178.0,1793319.0,Monday,137.055588496337,137.5465456058742,135.97547686222646,136.31915283203125,5458700.0
DIS,2019-09-10,206342.0,4523904.0,Tuesday,135.62199909284155,135.93621886238378,132.1460290435143,133.33413696289062,10974600.0
DIS,2019-09-11,55603.0,3809906.0,Wednesday,133.10828744870187,133.77599690025346,132.48967670404434,133.72689819335938,7896400.0
DIS,2019-09-12,16940.0,3840475.0,Thursday,134.36513190216976,136.16203663756394,134.07055465356362,135.01319885253906,7333900.0
DIS,2019-09-13,11716.0,3101069.0,Friday,135.35688009286628,135.72018355673765,134.63025818230176,135.5238037109375,5209100.0
DIS,2019-09-16,29437.0,3248006.0,Monday,133.82509203630065,134.75792259837024,132.8530064778831,133.34396362304688,6329300.0
DIS,2019-09-17,166620.0,2783282.0,Tuesday,133.34395569801157,134.2571287419885,133.21630205335245,133.8447265625,4726500.0
DIS,2019-09-18,6469.0,8119844.0,Wednesday,133.94292075727407,134.5909877306641,133.2653975562592,134.32586669921875,6857900.0
DIS,2019-09-19,179805.0,8257559.0,Thursday,134.52223954146254,134.87572923738068,130.5945829125147,130.88916015625,12216100.0
DIS,2019-09-20,35091.0,35497605.0,Friday,130.62404173893853,130.82042157773105,129.22972540584394,129.87779235839844,25231600.0
DIS,2019-09-23,20848.0,6881022.0,Monday,129.6028606994702,130.48657748666648,129.50466328630543,130.06436157226562,6096100.0
DIS,2019-09-24,100220.0,9444058.0,Tuesday,131.5863198615436,131.7237872536922,129.12172055130048,129.58322143554688,11904000.0
DIS,2019-09-25,16846.0,2561368.0,Wednesday,129.40646146728594,131.00698635388488,128.84677818320273,130.68295288085938,6523000.0
DIS,2019-09-26,275932.0,4097557.0,Thursday,130.73206415644245,130.8891740341354,126.7258521722075,128.89588928222656,11615100.0
DIS,2019-09-27,53328.0,2692672.0,Friday,127.74704075007926,128.6307575185284,126.58837422716589,127.6095733642578,8401300.0
DIS,2019-09-30,434915.0,4834534.0,Monday,127.9925146973818,128.4932855171388,127.47210139954984,127.96305847167967,5532500.0
DIS,2019-10-01,229024.0,2523904.0,Tuesday,128.43438590606152,129.39665766845008,127.16770814294976,127.20699310302734,5978500.0
DIS,2019-10-02,463395.0,3852082.0,Wednesday,126.18578685033812,126.8829525159517,125.26279260818504,126.8043975830078,8296100.0
DIS,2019-10-03,7404.0,3993370.0,Thursday,126.2741716534574,127.0891472516076,125.23333751108692,125.8322982788086,8498700.0
DIS,2019-10-04,296462.0,3541043.0,Friday,126.36253712894585,128.08088692908933,126.28398219728646,127.9139633178711,6732900.0
DIS,2019-10-07,13363.0,2642105.0,Monday,127.91396650073374,129.19045795202445,126.70620125209184,128.53256225585938,5784100.0
DIS,2019-10-08,13391.0,3364726.0,Tuesday,127.55065268129133,127.6881200743912,126.04832510569184,126.14652252197266,6526000.0
DIS,2019-10-09,38626.0,1964742.0,Wednesday,126.76512310754782,127.50155872207776,125.74392399835324,126.99095916748048,5004600.0
DIS,2019-10-10,151336.0,2191272.0,Thursday,126.8829456672024,127.78630487306434,126.54909845732702,127.00077056884766,4512000.0
DIS,2019-10-11,45573.0,2435310.0,Friday,127.94342232419883,128.62094551451298,127.49173520304892,127.66848754882812,6559000.0
DIS,2019-10-14,167158.0,1121246.0,Monday,127.77649418470293,127.943417793637,127.13824099226204,127.35426330566406,3710300.0
DIS,2019-10-15,12520.0,2751951.0,Tuesday,127.65865603309052,128.52274529844692,127.0596877892087,127.41317749023438,5914700.0
DIS,2019-10-16,245506.0,3688274.0,Wednesday,127.4131897063472,129.4457594278288,127.35427724766473,128.49330139160156,7610800.0
DIS,2019-10-17,386629.0,2702062.0,Thursday,130.13309253970274,131.02663809062332,128.14962158716384,129.97598266601562,8005100.0
DIS,2019-10-18,1415250.0,6738698.0,Friday,129.97597969583376,130.75170031517348,128.5227508544922,128.5227508544922,8694000.0
DIS,2019-10-21,19687.0,3499527.0,Monday,129.0628185869377,129.34756714281417,127.66850207241946,127.9041519165039,6257100.0
DIS,2019-10-22,647861.0,2914497.0,Tuesday,130.74188311303988,131.2622964936575,129.71088508381604,130.0054473876953,9291600.0
DIS,2019-10-23,20268.0,4738243.0,Wednesday,130.05451107042637,130.28034710351488,128.39507395235074,128.75839233398438,5970800.0
DIS,2019-10-24,16701.0,4303359.0,Thursday,129.14137352924027,129.3181109123036,127.28555609295896,127.9041519165039,5746300.0
DIS,2019-10-25,220708.0,5840515.0,Friday,128.13980257061067,129.37700906368354,127.67830169989156,128.53256225585938,6696000.0
DIS,2019-10-28,273124.0,4476942.0,Monday,129.0726096920432,129.6912203898841,127.78630457600369,128.16925048828125,8940300.0
DIS,2019-10-29,13949.0,4034373.0,Tuesday,128.13980898347685,128.4049300248398,127.09898228093924,127.13825225830078,9305100.0
DIS,2019-10-30,237960.0,9397803.0,Wednesday,127.34445694030848,127.95323895910408,126.81421487382944,127.25608825683594,10880000.0
DIS,2019-10-31,304730.0,9196297.0,Thursday,127.18734367749468,127.79612568005192,126.42145180885124,127.5702896118164,9628300.0
DIS,2019-11-01,37618.0,4579733.0,Friday,128.62094229265958,130.39820453993758,128.14961270426917,130.34910583496094,8507600.0
DIS,2019-11-04,59307.0,3143425.0,Monday,131.69434645726926,131.7139889392556,130.0741937897559,130.51605224609375,7631800.0
DIS,2019-11-05,42509.0,3454313.0,Tuesday,130.3687504926555,130.3687504926555,128.5227470309896,129.07261657714844,7404500.0
DIS,2019-11-06,31983.0,3239134.0,Wednesday,129.21992278640982,129.27883524483903,128.29692098349193,128.89588928222656,9132500.0
DIS,2019-11-07,615808.0,8922524.0,Thursday,129.9563448743365,131.28191999865695,129.36719038609118,130.55531311035156,18047600.0
DIS,2019-11-08,987896.0,3316473.0,Friday,137.68402573169598,137.7134819623669,134.26696812846205,135.46490478515625,24175900.0
DIS,2019-11-11,412167.0,2841086.0,Monday,135.0132172531659,136.05404402164766,133.7465543891966,134.2669677734375,10138400.0
DIS,2019-11-12,276009.0,4668268.0,Tuesday,135.5336288339915,136.8199341621816,134.2669659868765,136.0736846923828,17284000.0
DIS,2019-11-13,500714.0,4873300.0,Wednesday,136.07367878439766,147.20858280164225,134.36514259280094,146.03028869628906,45725400.0
DIS,2019-11-14,530991.0,3296450.0,Thursday,145.3232957492527,147.9057347857861,143.6344021946222,144.48866271972656,28393600.0
DIS,2019-11-15,107026.0,4347311.0,Friday,144.47885714419834,144.53776959990736,141.60185568304755,142.05352783203125,13733400.0
DIS,2019-11-18,467515.0,3530989.0,Monday,142.13208425352843,146.34448969181307,141.09125757092684,144.97962951660156,15353100.0
DIS,2019-11-19,583924.0,4345998.0,Tuesday,145.50006205175902,146.7765537108732,144.14503042906537,145.6964569091797,11504300.0
DIS,2019-11-20,299326.0,5213140.0,Wednesday,145.41168347296016,146.29541532281976,143.38894243472123,144.2726593017578,9448400.0
DIS,2019-11-21,261850.0,2665308.0,Thursday,144.49850186921387,144.8028928836553,143.61477007137978,144.24319458007812,6241400.0
DIS,2019-11-22,247159.0,2072572.0,Friday,144.54759335346307,146.73725778456938,144.0271650527037,145.60804748535156,9639400.0
DIS,2019-11-25,112841.0,5232213.0,Monday,146.1088392511775,147.49334190027392,145.02872761369338,146.9827423095703,11316800.0
DIS,2019-11-26,280679.0,30359320.0,Tuesday,149.00547209319012,150.63545317621504,147.88609056277485,148.8974609375,24949900.0
DIS,2019-11-27,60054.0,1652169.0,Wednesday,149.54554860959715,149.81066966175092,148.4163381920965,148.74037170410156,6155400.0
DIS,2019-11-29,28862.0,447621.0,Friday,148.74036459477816,149.71246508433003,148.27886370423738,148.83856201171875,6284900.0
DIS,2019-12-02,769668.0,6215950.0,Monday,150.1739680555536,150.20342428447944,146.40342092482,147.8959197998047,10351000.0
DIS,2019-12-03,165596.0,5637119.0,Tuesday,145.06803305722656,146.4132509370079,144.21375737501714,145.89283752441406,9273800.0
DIS,2019-12-04,54249.0,3496846.0,Wednesday,146.59979276115624,146.62924898847115,145.50003867105357,145.59823608398438,7684800.0
DIS,2019-12-05,282252.0,5472597.0,Thursday,146.0008302962455,146.1382976901121,144.43959025529855,144.7734375,7363300.0
DIS,2019-12-06,37145.0,4014144.0,Friday,145.71606310481707,145.92227168183123,144.51812656724593,144.9894561767578,7084900.0
DIS,2019-12-09,331220.0,7447296.0,Monday,145.28403902443765,145.82407987568715,142.7703259588323,143.56568908691406,11515000.0
DIS,2019-12-10,83703.0,4181625.0,Tuesday,142.6328376244796,144.1940924397521,142.42664405262678,143.45765686035156,7084100.0
DIS,2019-12-11,517936.0,6181816.0,Wednesday,144.72433548568227,145.21529259296565,144.1057247360022,144.92071533203125,8253700.0
DIS,2019-12-12,260994.0,3470772.0,Thursday,145.2447410874288,146.2364689975222,144.5868603966356,145.08763122558594,7748300.0
DIS,2019-12-13,73028.0,6145291.0,Friday,145.63090956942312,145.9964047215669,144.5245817139506,144.59373474121094,9350100.0
DIS,2019-12-16,460750.0,6683277.0,Monday,145.78896749664224,146.83602999038033,144.76166516483903,146.6483612060547,9134400.0
DIS,2019-12-17,336652.0,7600820.0,Tuesday,146.29275652887324,146.64836408775204,145.8186030686431,145.92726135253906,8776100.0
DIS,2019-12-18,437780.0,6231680.0,Wednesday,145.96677238134592,146.14456861316862,144.40605125413774,144.47518920898438,9467800.0
DIS,2019-12-19,47255.0,10336074.0,Thursday,144.39616407746442,145.00860849164502,143.54667309271758,144.3665313720703,10243900.0
DIS,2019-12-20,80793.0,11599189.0,Friday,145.35432556891632,146.07542824629917,143.9911759296908,145.08763122558594,12629900.0
DIS,2019-12-23,75879.0,4409413.0,Monday,144.12946036105055,144.54433328218963,142.5687393305259,142.91445922851562,9314000.0
DIS,2019-12-24,301549.0,172871.0,Tuesday,142.815701333744,143.6553197946618,142.68728289218544,143.51702880859375,3508500.0
DIS,2019-12-26,151946.0,3829887.0,Thursday,143.62568545751378,144.08007873376985,143.3984963556792,143.92202758789062,4422000.0
DIS,2019-12-27,234862.0,3697268.0,Friday,144.26777770831592,144.72215595961538,143.67509338543405,143.971435546875,5495300.0
DIS,2019-12-30,360113.0,3435008.0,Monday,143.9714130676236,144.08994388465754,141.65008408346796,142.0155792236328,6602800.0
DIS,2019-12-31,182152.0,4436859.0,Tuesday,141.91680521356062,143.00338803471985,141.5118047918024,142.86509704589844,5662900.0
DIS,2020-01-02,513857.0,3859470.0,Thursday,143.5170321281665,146.3915252685547,143.32936334262317,146.3915252685547,9502100.0
DIS,2020-01-03,632432.0,4861474.0,Friday,144.61347928253215,146.09517482875722,144.26775936529822,144.71226501464844,7320200.0
DIS,2020-01-06,438498.0,2845403.0,Monday,143.7639766088506,144.24800259144735,142.54899045274118,143.8726348876953,8262500.0
DIS,2020-01-07,449901.0,2865850.0,Tuesday,144.2084971738701,145.07774833103207,143.64544561889542,143.92202758789062,6906500.0
DIS,2020-01-08,535500.0,3076366.0,Wednesday,143.7145998361671,144.34678935232623,143.05277761398384,143.6256866455078,6984200.0
DIS,2020-01-09,22600.0,3333715.0,Thursday,144.68262376102132,144.84067489403438,142.845320789355,143.06263732910156,6664200.0
DIS,2020-01-10,294593.0,3644152.0,Friday,143.5269192049141,143.72447560703858,142.49960179772688,142.85520935058594,5152500.0
DIS,2020-01-13,388581.0,5791213.0,Monday,142.98363097763146,142.98363097763146,141.61059360430764,142.12425231933594,9921300.0
DIS,2020-01-14,674300.0,4144554.0,Tuesday,141.65998098565174,144.92958686557148,140.5536380213325,143.42813110351562,14839100.0
DIS,2020-01-15,315161.0,4774663.0,Wednesday,143.9319210230735,143.9319210230735,142.17362833111824,142.5588836669922,6818200.0
DIS,2020-01-16,527842.0,4945627.0,Thursday,143.3194731286969,143.6553205147475,142.67741106285976,143.34910583496094,6948400.0
DIS,2020-01-17,46699.0,10100834.0,Friday,143.76398214424069,143.8627678824801,142.25265379921936,142.56875610351562,10355300.0
DIS,2020-01-21,512914.0,6872615.0,Tuesday,142.47986112024495,142.82558106652132,141.26485981801113,141.8081512451172,9250200.0
DIS,2020-01-22,437009.0,5838812.0,Wednesday,142.68728816516884,143.02313556194716,141.78838918621432,142.25265502929688,7550000.0
DIS,2020-01-23,288732.0,6835814.0,Thursday,141.84766184654472,141.85753439087432,138.93364850253064,140.46473693847656,11082000.0
DIS,2020-01-24,539712.0,5111930.0,Friday,139.6745050726379,140.5141386436562,137.50135444908133,138.37062072753906,13076300.0
DIS,2020-01-27,209574.0,3769274.0,Monday,134.2021176718416,136.04929346777226,133.35261154354953,134.2416229248047,12831800.0
DIS,2020-01-28,522841.0,6147929.0,Tuesday,134.83429712084495,137.23463671386887,134.20210761270562,136.6814727783203,10390000.0
DIS,2020-01-29,314698.0,3413544.0,Wednesday,136.9086865822543,136.98769708781606,134.13296401973255,134.39967346191406,9382700.0
DIS,2020-01-30,46961.0,5221900.0,Thursday,133.44150193380662,136.16783148048728,133.18468012296023,136.12831115722656,11847300.0
DIS,2020-01-31,540772.0,5506409.0,Friday,136.71112102744254,136.97783048118674,135.38747644937476,136.62222290039062,12379100.0
DIS,2020-02-03,704672.0,6442700.0,Monday,138.0841461144492,140.08938803813737,138.04464086349282,139.59548950195312,12639900.0
DIS,2020-02-04,1295022.0,6730473.0,Tuesday,143.71460261485785,143.8133732793189,141.5019317292258,142.9638671875,23519700.0
DIS,2020-02-05,1582095.0,4349115.0,Wednesday,144.81105647100762,145.5025114053946,136.8790472058116,139.64486694335938,27824100.0
DIS,2020-02-06,68554.0,3289280.0,Thursday,140.18815294385718,142.19337971259725,139.4966980361169,140.95863342285156,9504600.0
DIS,2020-02-07,32662.0,5132353.0,Friday,140.1585271966682,140.25731293378652,138.4101221432671,139.2991485595703,10948900.0
DIS,2020-02-10,515560.0,5240305.0,Monday,139.30901462314054,140.8499755859375,138.7459781510047,140.8499755859375,8162100.0
DIS,2020-02-11,360150.0,4731318.0,Tuesday,141.10681894714074,141.24510993547656,138.74598452817324,139.2892608642578,10790100.0
DIS,2020-02-12,373394.0,2536359.0,Wednesday,139.6152324091971,140.48449864252413,139.1509665866326,140.1190185546875,8168200.0
DIS,2020-02-13,291931.0,3050354.0,Thursday,139.4473124601964,140.1684001107815,139.1015925245456,139.18060302734375,7543100.0
DIS,2020-02-14,251343.0,5239611.0,Friday,139.3781801531064,139.55597640049191,137.43221861402918,137.8372039794922,9110500.0
DIS,2020-02-18,605942.0,3058382.0,Tuesday,137.32356206242002,137.9557516265352,136.4147905060412,137.4420928955078,8214900.0
DIS,2020-02-19,344611.0,3315436.0,Wednesday,137.9261100676185,140.13876586374263,137.53098219503408,139.5757293701172,7080900.0
DIS,2020-02-20,41368.0,1884711.0,Thursday,139.901707965906,139.901707965906,137.15563323627106,138.65707397460938,5981700.0
DIS,2020-02-21,768110.0,4807593.0,Friday,138.15329341815166,138.17305357910442,136.88891442373324,137.27415466308594,7725800.0
DIS,2020-02-24,260488.0,4236376.0,Monday,131.27822831298144,132.79944428475693,129.60886387810842,131.3868865966797,19336500.0
DIS,2020-02-25,39923.0,10001192.0,Tuesday,132.1178588624531,132.30554271843238,126.41827305216916,126.6257095336914,21032500.0
DIS,2020-02-26,1774328.0,6687607.0,Wednesday,124.58097454553427,126.8035105124362,120.63965864040212,121.85465240478516,31195900.0
DIS,2020-02-27,355483.0,9460106.0,Thursday,118.3479687886499,121.40026576326774,116.48103286231128,116.59957122802734,30827500.0
DIS,2020-02-28,452486.0,10832228.0,Friday,113.1126502291972,116.86627476036234,111.82851095972596,116.2143325805664,35389900.0
GOOG,2019-01-02,141997.0,826975.0,Wednesday,50.64652254619742,52.42762521571366,50.60367722468386,52.105281829833984,30652000.0
GOOG,2019-01-03,174775.0,1582128.0,Thursday,51.86364606489749,52.65978521444579,50.52196650628477,50.62111282348633,36822000.0
GOOG,2019-01-04,103717.0,1483642.0,Friday,51.44465579292933,53.35030708040654,51.18697950604518,53.34383010864258,41878000.0
GOOG,2019-01-07,175703.0,1215516.0,Monday,53.38319036800955,53.50774284026294,52.54918521971009,53.22824478149414,39638000.0
GOOG,2019-01-08,151013.0,1260069.0,Tuesday,53.61286154500066,54.033849486988174,52.83665124819264,53.62133026123047,35298000.0
GOOG,2019-01-09,101188.0,575890.0,Wednesday,53.88887015783961,53.937694511437904,53.12909935838504,53.54062271118164,23986000.0
GOOG,2019-01-10,97012.0,1028089.0,Thursday,53.19187657681907,53.36575134202293,52.69616016857261,53.32489776611328,29128000.0
GOOG,2019-01-11,78822.0,780853.0,Friday,52.9686771634886,52.99832147167157,52.23630804905592,52.67024993896485,30416000.0
GOOG,2019-01-14,95643.0,769691.0,Monday,52.15858975734745,52.38826378368712,51.87635495323364,52.047489166259766,22886000.0
GOOG,2019-01-15,76732.0,924105.0,Tuesday,52.32050363221333,53.80915416602692,52.179511672058936,53.6646728515625,29272000.0
GOOG,2019-01-16,126217.0,781799.0,Wednesday,53.80666930632693,54.42320557921121,53.77378651020405,53.85499572753906,26636000.0
GOOG,2019-01-17,78791.0,952351.0,Thursday,53.780263676529565,54.39455733809628,53.48283230375034,54.299896240234375,24854000.0
GOOG,2019-01-18,825308.0,1372972.0,Friday,54.80308664475229,55.21919026428185,54.349713830737535,54.71639633178711,39112000.0
GOOG,2019-01-22,164387.0,1865427.0,Tuesday,54.20523727534482,54.38010791195814,52.98312696182237,53.33436584472656,32270000.0
GOOG,2019-01-23,130172.0,461412.0,Wednesday,53.67464244740702,54.05228335212459,52.79779198252879,53.5859603881836,19340000.0
GOOG,2019-01-24,87246.0,1174244.0,Thursday,53.63129778516301,53.78051139905167,52.84512114495975,53.50275802612305,27226000.0
GOOG,2019-01-25,109772.0,757820.0,Friday,54.05577122837316,54.5041608743464,53.89734009342796,54.35419845581055,22382000.0
GOOG,2019-01-28,102688.0,971859.0,Monday,53.81214645249265,53.95612983309895,52.99956400469341,53.312442779541016,25686000.0
GOOG,2019-01-29,70747.0,500256.0,Tuesday,53.44197485548408,53.56503351358219,52.60423712362769,52.84113311767578,20436000.0
GOOG,2019-01-30,97340.0,737631.0,Wednesday,53.23023649221054,54.35469421497411,53.151516963569215,54.25804138183594,25596000.0
GOOG,2019-01-31,178715.0,1057449.0,Thursday,54.95255056112906,55.66648464078924,54.57440792922019,55.61865615844727,30766000.0
GOOG,2019-02-01,113415.0,1108621.0,Friday,55.42086628060807,56.048611797025885,55.04671093242011,55.338661193847656,29244000.0
GOOG,2019-02-04,154781.0,2443448.0,Monday,55.433819242248056,56.43721389770508,55.252471638795306,56.43721389770508,51530000.0
GOOG,2019-02-05,543770.0,1006056.0,Tuesday,56.04063990556655,57.13719804142592,55.66239844714226,57.09435272216797,71044000.0
GOOG,2019-02-06,313177.0,1081545.0,Wednesday,56.77450097885387,57.14466901689678,55.43929841146793,55.561859130859375,42112000.0
GOOG,2019-02-07,218126.0,866505.0,Thursday,55.01034259616361,55.04422126349874,54.10559250643192,54.73881912231445,40896000.0
GOOG,2019-02-08,98356.0,689600.0,Friday,54.15541165312001,54.74878055428458,54.13299312109346,54.55696868896485,21516000.0
GOOG,2019-02-11,148191.0,742163.0,Monday,54.651134347730746,55.09927314536425,54.447368203289,54.554481506347656,21304000.0
GOOG,2019-02-12,183326.0,703543.0,Tuesday,55.14186757215209,56.063307987298266,55.09453702718677,55.86775970458984,32182000.0
GOOG,2019-02-13,115128.0,557864.0,Wednesday,56.04811226158318,56.53336818689574,55.72477302309277,55.80747604370117,20996000.0
GOOG,2019-02-14,105204.0,378937.0,Thursday,55.70235776347594,56.209534314218416,55.32347010934751,55.88270950317383,18952000.0
GOOG,2019-02-15,546023.0,666714.0,Friday,56.30170437086267,56.38091803981758,55.33368216770759,55.4831428527832,28996000.0
GOOG,2019-02-19,130782.0,823343.0,Tuesday,55.301298871374016,55.89367193217501,55.301298871374016,55.72776794433594,20928000.0
GOOG,2019-02-20,109463.0,586697.0,Wednesday,55.79901324272117,55.969402464976575,55.06614611408446,55.49061965942383,21756000.0
GOOG,2019-02-21,77473.0,924983.0,Thursday,55.343147767937495,55.397951160445146,54.430426875823045,54.652130126953125,28302000.0
GOOG,2019-02-22,97663.0,843386.0,Friday,54.84792858212467,55.36307974052632,54.583877931180254,55.31973648071289,20990000.0
GOOG,2019-02-25,162610.0,710123.0,Monday,55.60022080444647,55.72676501689241,55.165283040018416,55.27140426635742,28262000.0
GOOG,2019-02-26,111796.0,1280003.0,Tuesday,55.08955829996046,55.775094850276886,54.79910183636128,55.55688095092773,29426000.0
GOOG,2019-02-27,94403.0,502450.0,Wednesday,55.14934172972711,55.69886563831429,54.85290624717933,55.60271453857422,19368000.0
GOOG,2019-02-28,101812.0,1312909.0,Thursday,55.36606409753056,56.1806383377126,55.35161634511024,55.7955207824707,30850000.0
GOOG,2019-03-01,124459.0,997523.0,Friday,56.04363265429093,56.94389758149568,56.03615980959842,56.845252990722656,29006000.0
GOOG,2019-03-04,170802.0,882187.0,Monday,57.14417271272868,57.70665436308972,56.33209199186124,57.18452835083008,28920000.0
GOOG,2019-03-05,96291.0,677867.0,Tuesday,57.29712190019642,58.27112309525804,57.10456503475998,57.89348220825195,28864000.0
GOOG,2019-03-06,106406.0,506402.0,Wednesday,57.916399874816186,58.1692906471644,57.56765448368186,57.68572998046875,21986000.0
GOOG,2019-03-07,75542.0,804297.0,Thursday,57.57910981852267,57.630674722000194,56.5423344508806,56.96033477783203,23332000.0
GOOG,2019-03-08,166392.0,569019.0,Friday,56.1348021916509,57.14866116016167,55.96391884189407,56.91151428222656,24248000.0
GOOG,2019-03-11,90732.0,1000583.0,Monday,57.01762880634448,58.59894873852702,57.01762880634448,58.57752227783203,34384000.0
GOOG,2019-03-12,171999.0,672516.0,Tuesday,58.702076290959326,59.78518637826976,58.702076290959326,59.44640350341797,40262000.0
GOOG,2019-03-13,138942.0,607745.0,Wednesday,59.81731895501022,59.8315196393053,59.383627928056406,59.4523811340332,28718000.0
GOOG,2019-03-14,115057.0,644358.0,Thursday,59.51166739737745,59.67956692680371,59.01196370191376,59.06527328491211,23456000.0
GOOG,2019-03-15,1594249.0,2342153.0,Friday,59.45536961792705,59.6142986919102,58.91879964280611,59.01096725463867,49236000.0
GOOG,2019-03-18,108138.0,733014.0,Monday,58.95317859501157,59.286978316983664,58.660281863407526,59.001007080078125,25852000.0
GOOG,2019-03-19,81186.0,1213317.0,Tuesday,59.227688392587744,59.78518690250279,59.0812153232513,59.7278938293457,30414000.0
GOOG,2019-03-20,126750.0,1377079.0,Wednesday,59.65315709852454,61.13732239683594,59.594366420101785,60.97939300537109,44548000.0
GOOG,2019-03-21,100253.0,817183.0,Thursday,60.58232208236194,61.36899668743454,60.44033423974038,61.35654067993164,24080000.0
GOOG,2019-03-22,93354.0,861931.0,Friday,61.09647746334284,61.27981681859003,59.925932042979824,60.0592041015625,34284000.0
GOOG,2019-03-25,142455.0,803100.0,Monday,59.63223486961855,60.10394009407609,59.13950609463705,59.43643951416016,29936000.0
GOOG,2019-03-26,142525.0,512812.0,Tuesday,59.7119493627361,59.92617977105753,58.62535369612214,59.01893997192383,38024000.0
GOOG,2019-03-27,54628.0,509494.0,Wednesday,59.06278363734229,59.16536229810466,57.76095791822469,58.441017150878906,28004000.0
GOOG,2019-03-28,116519.0,353558.0,Thursday,58.36727856369567,58.36852530469884,57.76399655662992,58.21532440185547,19234000.0
GOOG,2019-03-29,116319.0,1463304.0,Friday,58.53467707658442,58.73844701337965,57.935830875345566,58.45546340942383,25398000.0
GOOG,2019-04-01,186420.0,839446.0,Monday,58.99303342596801,59.618783390129856,58.88840600676618,59.50768280029297,25050000.0
GOOG,2019-04-02,95937.0,486794.0,Tuesday,59.55201956928184,59.852442333353686,59.07324062571756,59.80959701538086,16558000.0
GOOG,2019-04-03,91899.0,514311.0,Wednesday,60.15784757606973,60.59726677770855,59.81009805036121,60.08012771606445,20286000.0
GOOG,2019-04-04,77681.0,549465.0,Thursday,60.08112394529368,60.56588195208767,59.990948077454135,60.532501220703125,19000000.0
GOOG,2019-04-05,126857.0,509603.0,Friday,60.53200183817005,60.593282200106174,60.0357837082832,60.14140319824219,18144000.0
GOOG,2019-04-08,79319.0,585250.0,Monday,60.17827586458029,60.21813356851439,59.77821261865551,59.97650146484375,17204000.0
GOOG,2019-04-09,102635.0,495092.0,Tuesday,59.58589805385057,59.89927095876692,59.4404208670345,59.64817428588867,17528000.0
GOOG,2019-04-10,59921.0,355438.0,Wednesday,59.81906681919521,59.97376154088463,59.607576959379,59.89280319213867,14492000.0
GOOG,2019-04-11,88390.0,401388.0,Thursday,59.98247897726861,60.181759889798585,59.79166298028385,60.015357971191406,14204000.0
GOOG,2019-04-12,70894.0,560169.0,Friday,60.28339506827909,60.69939985911312,60.18923191159463,60.67548751831055,18668000.0
GOOG,2019-04-15,85511.0,544120.0,Monday,60.6819666714962,60.99085437342568,60.23905810568686,60.83641052246094,23748000.0
GOOG,2019-04-16,61269.0,377642.0,Tuesday,61.03070813799199,61.32066664278005,60.787582242106105,61.13682556152344,17126000.0
GOOG,2019-04-17,87979.0,444334.0,Wednesday,61.429278323142135,61.80592334178126,61.17120293525717,61.595680236816406,24438000.0
GOOG,2019-04-18,529210.0,792235.0,Thursday,61.73717169291887,61.87766572389955,61.50948941231332,61.59717559814453,26636000.0
GOOG,2019-04-22,65168.0,390286.0,Monday,61.57824329535533,62.23089703055354,61.1956192275045,62.21844482421875,16146000.0
GOOG,2019-04-23,129570.0,617287.0,Tuesday,62.31060948951964,63.22283238742794,62.09588116015739,63.00112915039063,26398000.0
GOOG,2019-04-24,96790.0,908616.0,Wednesday,62.979705606035,63.173509209648266,62.52533694012559,62.575157165527344,20376000.0
GOOG,2019-04-25,173693.0,597681.0,Thursday,63.01209281587319,63.14352137328164,62.37737616437507,62.94633102416992,22146000.0
GOOG,2019-04-26,92389.0,666041.0,Friday,63.22283640576431,63.42560667741717,62.79038830138504,63.38126754760742,24828000.0
GOOG,2019-04-29,180283.0,2263046.0,Monday,63.47194009052677,64.23270679755609,63.0880692830223,64.14850616455078,49988000.0
GOOG,2019-04-30,960530.0,1361194.0,Tuesday,59.037869668361296,59.4269706954736,58.53965979774222,59.21124649047852,124140000.0
GOOG,2019-05-01,262965.0,700586.0,Wednesday,59.18982261012818,59.18982261012818,58.15005963506615,58.19489669799805,52784000.0
GOOG,2019-05-02,223944.0,571437.0,Thursday,58.17895631924223,58.49930414083956,57.54333886503478,57.92237854003906,38896000.0
GOOG,2019-05-03,250410.0,827027.0,Friday,58.47240215699445,59.127549372866994,58.240736384698096,59.05780029296875,39614000.0
GOOG,2019-05-06,228385.0,501911.0,Monday,58.10422673542923,59.3293246804585,58.10422673542923,59.25658798217773,31278000.0
GOOG,2019-05-07,182615.0,806969.0,Tuesday,58.81218369860678,59.30889979916186,57.844161449609885,58.49482727050781,31028000.0
GOOG,2019-05-08,129798.0,712246.0,Wednesday,58.39069228358578,58.80988613474986,58.07831524723993,58.10472106933594,26186000.0
GOOG,2019-05-09,185373.0,471203.0,Thursday,57.74401933671468,58.27361819986456,57.33648326185399,57.910919189453125,23714000.0
GOOG,2019-05-10,101253.0,474786.0,Friday,57.971206322952135,58.42009392931628,56.92048106625549,58.00508499145508,26290000.0
GOOG,2019-05-13,176717.0,1004562.0,Monday,56.89357766513076,57.191506974307686,55.904630703455965,56.39885711669922,37212000.0
GOOG,2019-05-14,156956.0,868850.0,Tuesday,56.65692532198454,56.81685026555772,55.77708726371306,55.82142639160156,36732000.0
GOOG,2019-05-15,218077.0,1316589.0,Wednesday,55.69339202793452,58.35682251936465,55.63340781677577,58.00209426879883,45786000.0
GOOG,2019-05-16,143753.0,653974.0,Thursday,58.01703657785171,59.19530567340911,57.93383561963858,58.73794937133789,30628000.0
GOOG,2019-05-17,285491.0,636463.0,Friday,58.21433053312163,58.79623931429876,57.79284463563263,57.90693664550781,24172000.0
GOOG,2019-05-20,192013.0,971548.0,Monday,57.0201181944524,57.134559896650586,56.36960826638678,56.73863220214844,27066000.0
GOOG,2019-05-21,123979.0,646708.0,Tuesday,57.21890448130365,57.429048758374414,56.69329292001108,57.27569961547852,23196000.0
GOOG,2019-05-22,82387.0,500030.0,Wednesday,57.13222177152827,57.71861199553244,57.08937264891159,57.36488342285156,18290000.0
GOOG,2019-05-23,115630.0,669402.0,Thursday,56.82083767132001,57.09350525344836,56.25905540832672,56.83428955078125,23978000.0
GOOG,2019-05-24,75304.0,352913.0,Friday,57.16260595700614,57.282426126531874,56.38041663665233,56.4705924987793,22240000.0
GOOG,2019-05-28,119362.0,869006.0,Tuesday,56.49699798149789,57.37319840762062,56.45315299062816,56.50447082519531,27300000.0
GOOG,2019-05-29,96777.0,741214.0,Wednesday,56.17415996869325,56.25287950175901,55.21261474609005,55.62314224243164,30764000.0
GOOG,2019-05-30,97875.0,295781.0,Thursday,55.57730519381001,55.95544782943437,55.40691598622755,55.69737243652344,19038000.0
GOOG,2019-05-31,139798.0,934481.0,Friday,54.86735842708401,55.281371503459866,54.81205709631958,54.98394012451172,30156000.0
GOOG,2019-06-03,547530.0,1474801.0,Monday,53.084268488774455,53.084268488774455,51.0665167926489,51.626007080078125,102612000.0
GOOG,2019-06-04,311952.0,963744.0,Tuesday,51.95831033386683,52.61345756121914,51.4994602071304,52.463993072509766,56670000.0
GOOG,2019-06-05,227691.0,835113.0,Wednesday,52.388765914848,52.488908116332,51.34003615539137,51.924434661865234,43368000.0
GOOG,2019-06-06,142457.0,720282.0,Thursday,52.06243322808806,52.18698569498826,51.49995538226621,52.03004837036133,34064000.0
GOOG,2019-06-07,158894.0,887922.0,Friday,52.34343004752176,53.35429763025999,52.23232564832854,53.11116790771485,36048000.0
GOOG,2019-06-10,117477.0,579022.0,Monday,53.45692162484863,54.4373998178564,53.42414145839582,53.82559967041016,29284000.0
GOOG,2019-06-11,149036.0,649285.0,Tuesday,54.50316579763225,54.90222935749057,53.68724601090894,53.742897033691406,28734000.0
GOOG,2019-06-12,130193.0,462163.0,Wednesday,53.70702545380383,53.85300058067102,53.185895315179046,53.65869903564453,21220000.0
GOOG,2019-06-13,85164.0,530051.0,Thursday,53.98801321834167,54.51262890750293,53.81413846135175,54.243595123291016,21154000.0
GOOG,2019-06-14,89436.0,680342.0,Friday,54.12651745166215,54.43889450207425,53.81523510070393,54.07321166992188,22230000.0
GOOG,2019-06-17,70522.0,479169.0,Monday,54.11954074154248,54.76223192764212,54.11954074154248,54.42942810058594,18832000.0
GOOG,2019-06-18,131172.0,779777.0,Tuesday,55.28585133371482,55.61965103066929,54.75276693075902,54.98244094848633,27734000.0
GOOG,2019-06-19,92595.0,911483.0,Wednesday,55.0820829421174,55.15183202101344,54.47825357294317,54.91917037963867,26776000.0
GOOG,2019-06-20,157477.0,800005.0,Thursday,55.79901061713973,55.80548758907765,55.03923976278998,55.37204360961914,25240000.0
GOOG,2019-06-21,1243524.0,2372446.0,Friday,55.263439715393126,56.00427763329075,55.20564490080936,55.8931770324707,38952000.0
GOOG,2019-06-24,108279.0,607636.0,Monday,55.78007534104584,55.899146711101,55.35161454249649,55.57630920410156,27912000.0
GOOG,2019-06-25,93740.0,746423.0,Tuesday,55.43382017420872,55.51801700572448,53.99598566358655,54.12303161621094,30938000.0
GOOG,2019-06-26,144190.0,871442.0,Wednesday,54.130506877042,54.452846465403965,53.420058306576976,53.79670715332031,36218000.0
GOOG,2019-06-27,101349.0,514609.0,Thursday,54.0059511222392,54.16039496690494,53.57200922712161,53.60787963867188,20086000.0
GOOG,2019-06-28,143529.0,1583338.0,Friday,53.6268162080944,53.85649024567413,53.47635584294884,53.85200881958008,33864000.0
GOOG,2019-07-01,235740.0,717706.0,Monday,54.70344410452193,55.1807292412439,54.48936195339579,54.700950622558594,28726000.0
GOOG,2019-07-02,99038.0,369414.0,Tuesday,54.91468359275194,55.389479053000365,54.71191333351013,55.36357116699219,19832000.0
GOOG,2019-07-03,105868.0,183.0,Wednesday,55.670469986262994,56.136298818168086,55.49360760387705,55.87822341918945,15340000.0
GOOG,2019-07-05,142602.0,853923.0,Friday,55.68989613721676,56.44119819877733,55.607193120094,56.37692642211914,25286000.0
GOOG,2019-07-08,87096.0,727210.0,Monday,56.05708356181717,56.097439203080135,55.36158447396458,55.6176643371582,24728000.0
GOOG,2019-07-09,107596.0,713450.0,Tuesday,55.39097766519124,56.1993220237378,55.1603077551794,56.04014587402344,26608000.0
GOOG,2019-07-10,78066.0,640785.0,Wednesday,56.3584958926033,56.89805725539806,56.3460398860526,56.8198356628418,24190000.0
GOOG,2019-07-11,119375.0,576343.0,Thursday,56.957843971055965,57.44708720657376,56.77500255365358,57.005672454833984,23910000.0
GOOG,2019-07-12,115382.0,603695.0,Friday,56.994715503770536,57.16161536449653,56.735146290417525,57.0400505065918,17280000.0
GOOG,2019-07-15,170926.0,507904.0,Monday,57.13770028199577,57.334993261379786,56.766038395256736,57.31107711791992,18076000.0
GOOG,2019-07-16,173141.0,473847.0,Tuesday,57.09485512268883,57.72160480327117,57.04503489172501,57.47249984741211,24776000.0
GOOG,2019-07-17,83828.0,584887.0,Wednesday,57.34246138484185,57.71063768762034,57.08339392527593,57.11228942871094,23400000.0
GOOG,2019-07-18,104479.0,842082.0,Thursday,56.88261564423039,57.17481296661322,56.43372806362182,57.11129379272461,25814000.0
GOOG,2019-07-19,291408.0,867028.0,Friday,57.20395690426344,57.350927897803736,56.27878008745538,56.302696228027344,32944000.0
GOOG,2019-07-22,89090.0,715800.0,Monday,56.46959991813744,56.75856256314788,56.01074980083292,56.69977188110352,26030000.0
GOOG,2019-07-23,72230.0,412771.0,Tuesday,56.99521144334364,57.13969276571062,56.38739477719278,57.105316162109375,21874000.0
GOOG,2019-07-24,140747.0,715971.0,Wednesday,56.3923772298689,56.995210725297966,56.14775371703241,56.68681716918945,31796000.0
GOOG,2019-07-25,89656.0,1776695.0,Thursday,56.68731121513247,56.88061687753217,55.84533916495508,56.4033317565918,44196000.0
GOOG,2019-07-26,864160.0,1791652.0,Friday,60.98288141511041,63.05095109989353,60.980889670302986,62.296661376953125,96116000.0
GOOG,2019-07-29,359403.0,741695.0,Monday,61.83034149201651,62.14520823400935,61.19163375283274,61.748634338378906,44474000.0
GOOG,2019-07-30,234621.0,800659.0,Tuesday,61.05113727394641,61.52244339614907,60.94601571874506,61.03768539428711,29066000.0
GOOG,2019-07-31,151586.0,928396.0,Wednesday,60.93107002381096,61.47910013321654,60.17199478463942,60.6161994934082,34510000.0
GOOG,2019-08-01,192870.0,567404.0,Thursday,60.48417445319685,61.48458151135994,60.07016140124568,60.234073638916016,33970000.0
GOOG,2019-08-02,195221.0,752650.0,Friday,59.82205294413828,60.12895269872881,59.23416512328214,59.48576354980469,32902000.0
GOOG,2019-08-05,232243.0,1126988.0,Monday,58.292547052180446,58.55161831546215,56.80290059194957,57.40972137451172,51950000.0
GOOG,2019-08-06,261909.0,1000050.0,Tuesday,57.95725477057367,58.78677468522436,57.79234666006381,58.28806686401367,34188000.0
GOOG,2019-08-07,146983.0,838308.0,Wednesday,57.59306413919688,58.71129587335857,57.275407432310445,58.48934555053711,28886000.0
GOOG,2019-08-08,161642.0,886815.0,Thursday,58.92975614727956,60.03478678551596,58.441014671020525,60.02432632446289,29360000.0
GOOG,2019-08-09,94318.0,566780.0,Friday,59.68504587514656,59.97848993708829,58.96826862437781,59.18783187866211,21314000.0
GOOG,2019-08-12,85952.0,612910.0,Monday,58.74940425286471,59.035877205610525,58.17456923068388,58.52521133422852,20060000.0
GOOG,2019-08-13,93233.0,892757.0,Tuesday,58.36329718277537,60.02332908742772,58.36329718277537,59.649173736572266,25888000.0
GOOG,2019-08-14,115737.0,1033340.0,Wednesday,58.60492685694249,58.90335790028686,57.819251915731726,58.006080627441406,31574000.0
GOOG,2019-08-15,151398.0,825288.0,Thursday,57.96671846478685,58.58151003114517,57.8974673222491,58.15404510498047,24374000.0
GOOG,2019-08-16,323272.0,699807.0,Friday,58.76634785798775,58.92428106040976,58.38073237337371,58.66919708251953,26266000.0
GOOG,2019-08-19,131583.0,648934.0,Monday,59.29146310578417,60.13343524893472,59.29146310578417,59.70796585083008,24632000.0
GOOG,2019-08-20,78277.0,838596.0,Tuesday,59.548536666209294,59.5888923050633,58.8938873938927,58.92278289794922,18310000.0
GOOG,2019-08-21,105868.0,345222.0,Wednesday,59.44391570591875,59.73536804262309,59.15893654017059,59.3492546081543,14814000.0
GOOG,2019-08-22,62487.0,512840.0,Thursday,59.48974591893031,59.68614184072026,58.71802082262473,59.2635612487793,18950000.0
GOOG,2019-08-23,77946.0,1223626.0,Friday,58.88791029677317,59.49024587905991,57.18204161847959,57.35840606689453,33740000.0
GOOG,2019-08-26,139060.0,663534.0,Monday,57.655833308868544,58.26414788331042,57.441602916713386,58.23525238037109,24522000.0
GOOG,2019-08-27,132585.0,852009.0,Tuesday,58.815172182326826,58.90833566702696,57.86458535104504,58.18294143676758,21544000.0
GOOG,2019-08-28,78386.0,598411.0,Wednesday,57.87754015595829,58.61040724130766,57.65783245205042,58.34137344360352,16040000.0
GOOG,2019-08-29,121286.0,430778.0,Thursday,58.84456427345257,59.58889146572505,58.84456427345257,59.4289665222168,21768000.0
GOOG,2019-08-30,92655.0,1013790.0,Friday,59.71045287508529,59.71045287508529,58.97823579082762,59.19231414794922,22596000.0
GOOG,2019-09-03,147523.0,620658.0,Tuesday,58.64079875240773,59.13203372271315,57.95177287922764,58.21034240722656,29598000.0
GOOG,2019-09-04,112416.0,459944.0,Wednesday,58.6248533529942,58.96214241337881,58.3403759384465,58.859012603759766,21378000.0
GOOG,2019-09-05,106580.0,489479.0,Thursday,59.36319927438724,60.43484916773359,59.36319927438724,60.35214614868164,28162000.0
GOOG,2019-09-06,96480.0,474788.0,Friday,60.19023067281565,60.38378341284956,59.91083145227928,60.030799865722656,21442000.0
GOOG,2019-09-09,80455.0,589417.0,Monday,59.98447128342842,60.78160634412705,59.41750818754207,60.00489807128906,29438000.0
GOOG,2019-09-10,84813.0,655303.0,Tuesday,59.54355300090289,60.28339497053352,59.51515543329101,60.084110260009766,25202000.0
GOOG,2019-09-11,77211.0,638380.0,Wednesday,59.955079961858,60.91114413227612,59.89479546857167,60.790077209472656,26140000.0
GOOG,2019-09-12,102684.0,634684.0,Thursday,60.99583785892227,61.870692796251326,60.93206781311293,61.49155807495117,34518000.0
GOOG,2019-09-13,107187.0,577737.0,Friday,61.34707742597061,61.82186912174674,61.13085146984248,61.756107330322266,26028000.0
GOOG,2019-09-16,79905.0,1139876.0,Monday,61.25589953718191,61.75610113455036,61.06109626151143,61.34457778930664,21066000.0
GOOG,2019-09-17,58618.0,737184.0,Tuesday,61.29974113678355,61.52891721441289,60.96544350934052,61.23746490478516,19102000.0
GOOG,2019-09-18,63551.0,672979.0,Wednesday,61.155761490225146,61.55931028186595,60.608727247830366,61.39988327026367,22702000.0
GOOG,2019-09-19,73750.0,455928.0,Thursday,61.382446538062354,61.99922984677527,61.38045479326048,61.7137565612793,19920000.0
GOOG,2019-09-20,1588951.0,2297340.0,Friday,61.43525812206358,61.94343435441087,60.93505647148858,61.276329040527344,45400000.0
GOOG,2019-09-23,68759.0,978838.0,Monday,61.08053139628999,61.73268719582508,60.989359655936624,61.480594635009766,21248000.0
GOOG,2019-09-24,101887.0,964545.0,Tuesday,61.77802766165717,62.113822928683135,60.31727662870743,60.71982955932617,31664000.0
GOOG,2019-09-25,95097.0,910053.0,Wednesday,60.57335156419506,62.19153773684547,60.28787828747753,62.10285568237305,29060000.0
GOOG,2019-09-26,112602.0,882410.0,Thursday,61.87567234744454,62.0271285730502,61.39280727642576,61.84727478027344,30760000.0
GOOG,2019-09-27,80568.0,756335.0,Friday,61.92799026467663,61.97830843088719,60.50510138602473,61.03519821166992,27078000.0
GOOG,2019-09-30,181270.0,777904.0,Monday,60.82993146702168,61.08053021435112,60.3979851149191,60.73178482055664,28082000.0
GOOG,2019-10-01,124165.0,708193.0,Tuesday,60.73178372137905,61.34109417760625,59.96354419549058,60.03927230834961,25470000.0
GOOG,2019-10-02,117441.0,810462.0,Wednesday,59.634723787370426,59.634723787370426,58.354822515262114,58.62086868286133,32302000.0
GOOG,2019-10-03,124149.0,531637.0,Thursday,58.788762823858114,59.24014007013911,57.913406224292345,59.17885971069336,32424000.0
GOOG,2019-10-04,85589.0,662890.0,Friday,59.38114131834941,60.35513878499801,59.24562664418619,60.23357772827149,23248000.0
GOOG,2019-10-07,65347.0,447343.0,Monday,60.00439803658435,60.69212394375996,59.97201317865986,60.16780853271485,16858000.0
GOOG,2019-10-08,74652.0,606611.0,Tuesday,59.6651191689719,60.08809887631588,59.23765423468089,59.24363327026367,20786000.0
GOOG,2019-10-09,71042.0,451310.0,Wednesday,59.75279963252635,60.20118927641272,59.66710899435593,59.900272369384766,17354000.0
GOOG,2019-10-10,73304.0,490040.0,Thursday,59.71444125738713,60.53250103725607,59.65266295796231,60.217132568359375,16932000.0
GOOG,2019-10-11,76126.0,628308.0,Friday,60.89171132907406,61.199603155924414,60.4697274912272,60.5549201965332,25454000.0
GOOG,2019-10-14,50564.0,425314.0,Monday,60.39997957125389,61.09697625497012,60.37108406604796,60.63911819458008,17350000.0
GOOG,2019-10-15,63999.0,539022.0,Tuesday,60.80153284110888,62.14321241302108,60.80153284110888,61.92798614501953,27634000.0
GOOG,2019-10-16,82908.0,682088.0,Wednesday,61.83631481125006,62.51238675168421,61.70080394206041,61.95937347412109,21892000.0
GOOG,2019-10-17,81312.0,536724.0,Thursday,62.32257240648855,62.94010075184654,62.27325011273941,62.4291877746582,19048000.0
GOOG,2019-10-18,509123.0,795450.0,Friday,62.44861984364953,62.71914746044414,61.83183649072406,62.05154800415039,27056000.0
GOOG,2019-10-21,59797.0,806717.0,Monday,62.38883316534783,62.50685925724986,61.8079202277488,62.08442687988281,20544000.0
GOOG,2019-10-22,56713.0,549729.0,Tuesday,62.16912467923839,62.30612936197141,61.84678129020023,61.91752624511719,20476000.0
GOOG,2019-10-23,66103.0,563510.0,Wednesday,61.89560304304751,62.76896414675614,61.89560304304751,62.731101989746094,18230000.0
GOOG,2019-10-24,83257.0,579479.0,Thursday,62.819279574308645,62.973727215987815,62.46131667087706,62.82376480102539,20562000.0
GOOG,2019-10-25,92272.0,628540.0,Friday,62.3275515136555,63.25272842269501,62.27673541143346,63.030029296875,24262000.0
GOOG,2019-10-28,202738.0,1688194.0,Monday,63.544177210337466,64.73290675551479,63.39919795513933,64.26907348632812,52264000.0
GOOG,2019-10-29,263683.0,656126.0,Tuesday,63.58303956287251,63.850077806238254,62.635542992734,62.90497589111328,37728000.0
GOOG,2019-10-30,153398.0,661212.0,Wednesday,62.42420360307317,63.24076958859277,62.37587718255855,62.838714599609375,28178000.0
GOOG,2019-10-31,105476.0,1358470.0,Thursday,62.83821142642671,63.156567491620656,62.318229219770025,62.77992248535156,29114000.0
GOOG,2019-11-01,156965.0,1065280.0,Friday,63.023552462644126,63.502829383826224,62.79935952765938,63.45898818969727,33402000.0
GOOG,2019-11-04,211018.0,760881.0,Monday,63.59400606103594,64.47484010904738,63.58927376600163,64.33733367919922,30020000.0
GOOG,2019-11-05,122446.0,712376.0,Tuesday,64.4130616920282,64.71398242337197,64.3303054500767,64.3702163696289,25654000.0
GOOG,2019-11-06,109100.0,823017.0,Wednesday,64.24217149966927,64.45490809394231,63.8954178449174,64.35874938964844,23060000.0
GOOG,2019-11-07,98130.0,931557.0,Thursday,64.48230815731286,65.95003410432021,64.48056728103616,65.20870208740234,40600000.0
GOOG,2019-11-08,101075.0,592856.0,Friday,65.03034126031248,65.66406582941339,64.98475158826889,65.33374786376953,25028000.0
GOOG,2019-11-11,91896.0,397207.0,Monday,64.92570787303349,65.08738128745507,64.63824285714325,64.7269287109375,20238000.0
GOOG,2019-11-12,68487.0,642069.0,Tuesday,64.7672870278211,65.2654969280351,64.55654217226487,64.70750427246094,21718000.0
GOOG,2019-11-13,78842.0,539116.0,Wednesday,64.47184914342326,64.98151539163054,64.44394950989074,64.66764831542969,16534000.0
GOOG,2019-11-14,47657.0,458243.0,Thursday,64.64273486977683,65.61424265954248,64.55056725411802,65.3382339477539,23870000.0
GOOG,2019-11-15,381492.0,1246430.0,Friday,65.7108975637929,66.50504885642405,65.47873003900513,66.50454711914062,35652000.0
GOOG,2019-11-18,133390.0,996075.0,Monday,66.37251819089587,66.53737688995162,65.63915317018164,65.798583984375,29748000.0
GOOG,2019-11-19,104967.0,922631.0,Tuesday,66.14732978631665,66.14732978631665,65.40499430715609,65.53752136230469,25384000.0
GOOG,2019-11-20,112976.0,915346.0,Wednesday,65.35218126036304,65.5145996893556,64.32637185379158,64.91923522949219,26172000.0
GOOG,2019-11-21,72906.0,734218.0,Thursday,64.84101829263957,65.39453331206893,64.41854031967165,64.83454132080078,19910000.0
GOOG,2019-11-22,65816.0,1009649.0,Friday,65.04727011851075,65.2022156868102,64.33931893641603,64.53511047363281,27714000.0
GOOG,2019-11-25,91368.0,813986.0,Monday,64.72643439898943,65.33076173964967,64.67412448728324,65.10059356689453,20724000.0
GOOG,2019-11-26,95157.0,1161934.0,Tuesday,65.25851882737378,65.50463616242392,65.02087781135316,65.4423599243164,21394000.0
GOOG,2019-11-27,90059.0,569743.0,Wednesday,65.51460142471461,65.6819992202283,65.24706143300195,65.41445922851562,19912000.0
GOOG,2019-11-29,112209.0,328.0,Friday,65.12201934491378,65.27571060135627,64.96508200020394,65.014404296875,11740000.0
GOOG,2019-12-02,185037.0,864704.0,Monday,64.81710834010002,65.05773696116405,63.82068858146408,64.26509094238281,30218000.0
GOOG,2019-12-03,142396.0,972321.0,Tuesday,63.74944764445713,64.69061557451194,63.721050074082015,64.53213500976562,22876000.0
GOOG,2019-12-04,156657.0,636045.0,Wednesday,65.11653484638099,66.05267016383819,65.00991567642,65.79061126708984,30750000.0
GOOG,2019-12-05,126867.0,618633.0,Thursday,66.16227760553653,66.22993611691177,65.5863440300547,66.16875457763672,24254000.0
GOOG,2019-12-06,150010.0,789073.0,Friday,66.43329975177805,66.95940929852543,66.43329975177805,66.791015625,26296000.0
GOOG,2019-12-09,90490.0,817455.0,Monday,66.66247952597082,67.72915017140485,66.6525131991432,66.93749237060547,27086000.0
GOOG,2019-12-10,85022.0,598091.0,Tuesday,66.83485523896678,67.25708995494658,66.56283761973827,66.99229431152344,21882000.0
GOOG,2019-12-11,114941.0,778586.0,Wednesday,67.30018189791723,67.31811520302209,66.89314376513646,67.01022338867188,17008000.0
GOOG,2019-12-12,75520.0,668611.0,Thursday,67.05605771219244,67.54604974459959,66.78503597691439,67.27178192138672,25620000.0
GOOG,2019-12-13,112487.0,1750911.0,Friday,67.15619801261741,67.41242609402123,66.95292601532748,67.15022277832031,30992000.0
GOOG,2019-12-16,127160.0,962827.0,Monday,67.5821653568167,67.9897052240032,67.39135316732647,67.81483459472656,27946000.0
GOOG,2019-12-17,140064.0,1257992.0,Tuesday,67.90052555764954,68.0056471101961,67.32424233430966,67.51341247558594,37080000.0
GOOG,2019-12-18,68395.0,1471952.0,Wednesday,67.58716290579747,67.77996687024996,67.3081665531673,67.38887023925781,30452000.0
GOOG,2019-12-19,63964.0,1482065.0,Thursday,67.34900678259523,67.66187794370258,67.20776015577593,67.55924987792969,29398000.0
GOOG,2019-12-20,1842227.0,4255524.0,Friday,67.92344773596257,67.93789168703667,67.20851016819243,67.23790740966797,66300000.0
GOOG,2019-12-23,86306.0,769546.0,Monday,67.55078928798741,67.74658085479795,67.0844625051766,67.20054626464844,17662000.0
GOOG,2019-12-24,56505.0,87.0,Tuesday,67.18360970931198,67.27129209957117,66.89863053784971,66.93749237060547,6950000.0
GOOG,2019-12-26,32017.0,653707.0,Thursday,67.06752681898588,67.82266423746032,66.9828320450515,67.77647399902344,13350000.0
GOOG,2019-12-27,103965.0,694531.0,Friday,67.90550655808211,67.98223434629827,67.2239573262439,67.35249328613281,20768000.0
GOOG,2019-12-30,86372.0,540744.0,Monday,67.2583297008049,67.40779417611138,66.46218677290594,66.56781005859375,21018000.0
GOOG,2019-12-31,71976.0,914382.0,Tuesday,66.26740360567827,66.6604919810192,66.21633282928892,66.61166381835938,19236000.0
GOOG,2020-01-02,180322.0,688805.0,Thursday,66.83734758257737,68.16208598510593,66.83734758257737,68.12372589111328,28132000.0
GOOG,2020-01-03,143859.0,687102.0,Friday,67.15171305828703,68.37930442399039,67.03632869883518,67.78942108154297,23728000.0
GOOG,2020-01-06,152128.0,1388166.0,Monday,67.25834113577675,69.57501428962138,67.25834113577675,69.46092987060547,34646000.0
GOOG,2020-01-07,211265.0,719481.0,Tuesday,69.64675190058186,69.8983427089121,69.27009928872117,69.41757202148438,30054000.0
GOOG,2020-01-08,201755.0,814632.0,Wednesday,69.35480640849815,70.3263218842398,69.29303190259908,69.9646224975586,30560000.0
GOOG,2020-01-09,147487.0,879332.0,Thursday,70.77420529099804,71.11099262015763,70.26104211370898,70.73733520507812,30018000.0
GOOG,2020-01-10,129339.0,507634.0,Friday,71.1224511531256,71.48958599528463,70.66360482018497,71.2305679321289,36414000.0
GOOG,2020-01-13,118378.0,1128534.0,Monday,71.54941358661911,71.76812539703022,71.0457226438868,71.703857421875,33046000.0
GOOG,2020-01-14,122160.0,1056179.0,Tuesday,71.69289579622128,71.83189220822926,71.16280282918358,71.28784942626953,31178000.0
GOOG,2020-01-15,103009.0,664179.0,Wednesday,71.25447036301387,71.81171796918126,71.25447036301387,71.70236206054688,25654000.0
GOOG,2020-01-16,127358.0,814764.0,Thursday,72.11289179547897,72.33957820087372,71.78805494305209,72.32512664794922,23474000.0
GOOG,2020-01-17,616097.0,2320699.0,Friday,72.88362228919742,73.79958164704354,72.64996477290734,73.7544937133789,47924000.0
GOOG,2020-01-21,213060.0,2341288.0,Tuesday,73.69121467610098,74.32543330502209,73.29662877544352,73.95426940917969,40734000.0
GOOG,2020-01-22,116291.0,834918.0,Wednesday,74.28309255050281,74.89160097202414,73.9806742418447,74.031494140625,32216000.0
GOOG,2020-01-23,123201.0,1204536.0,Thursday,74.11569799645245,74.50828458240707,73.83968929856596,74.06636810302734,27024000.0
GOOG,2020-01-24,90024.0,616013.0,Friday,74.41212697328763,74.50703893637343,73.00020034197286,73.07294464111328,35692000.0
GOOG,2020-01-27,363036.0,791374.0,Monday,71.29383882097378,71.64607358067836,70.80558765170744,71.43831634521484,35104000.0
GOOG,2020-01-28,153233.0,1216080.0,Tuesday,71.89168026142487,72.53935456329114,71.36706080801932,72.36796569824219,31548000.0
GOOG,2020-01-29,126032.0,595517.0,Wednesday,72.67885598415737,73.0091663200214,72.07801046020607,72.6703872680664,21554000.0
GOOG,2020-01-30,186334.0,636771.0,Thursday,71.74023131308448,72.60312815337686,71.56286719618645,72.53138732910156,26788000.0
GOOG,2020-01-31,177620.0,1046126.0,Friday,73.18204897262366,73.24332933521633,71.17077440981794,71.45475769042969,48344000.0
GOOG,2020-02-03,414491.0,2431232.0,Monday,72.83828513994706,74.23327436658063,72.68832651582746,74.03099822998047,60736000.0
GOOG,2020-02-04,781084.0,1244131.0,Tuesday,72.59266942795216,73.21194244120252,71.05967965107749,72.0944595336914,78660000.0
GOOG,2020-02-05,292274.0,692885.0,Wednesday,72.85921521589113,72.92996017106478,71.27191614536156,72.15225219726562,39724000.0
GOOG,2020-02-06,211618.0,645852.0,Thursday,72.256879383982,73.83470625780087,72.21901342432614,73.5472412109375,33588000.0
GOOG,2020-02-07,154775.0,497314.0,Friday,73.10233247546581,74.02601552536632,73.05500192940411,73.69670104980469,23446000.0
GOOG,2020-02-10,121685.0,1228936.0,Monday,73.45208879540156,75.20478637889101,73.45208879540156,75.16393280029297,28398000.0
GOOG,2020-02-11,185980.0,354005.0,Tuesday,75.31987106902943,76.20767995883487,75.0123745430737,75.1694107055664,26892000.0
GOOG,2020-02-12,136098.0,1205152.0,Wednesday,75.45288792672153,75.76252822139317,75.13553152149302,75.64170837402344,23352000.0
GOOG,2020-02-13,140817.0,617680.0,Thursday,75.36371020707828,76.08561888964451,74.96066315107382,75.46186065673828,18590000.0
GOOG,2020-02-14,82721.0,1040988.0,Friday,75.50868686338217,75.7647705078125,75.09716350281852,75.7647705078125,23956000.0
GOOG,2020-02-18,168376.0,798059.0,Tuesday,75.4787946633647,76.30731487256637,75.35872742368133,75.71145629882812,22414000.0
GOOG,2020-02-19,120494.0,690405.0,Wednesday,75.98049935111298,76.33103885266067,75.7976541278208,76.06121063232422,18986000.0
GOOG,2020-02-20,116701.0,613577.0,Thursday,75.82754262619551,76.20817874720811,75.07126495040771,75.63573455810547,21932000.0
GOOG,2020-02-21,411837.0,1139339.0,Friday,75.13154004320887,75.3400422729174,73.75698527381057,73.9896469116211,34634000.0
GOOG,2020-02-24,558535.0,1350046.0,Monday,71.05020099096896,71.5912637591547,70.31684363464926,70.82501220703125,57342000.0
GOOG,2020-02-25,188083.0,1398481.0,Tuesday,71.393476084412,71.64955212683627,68.87253535172991,69.1739501953125,49566000.0
GOOG,2020-02-26,331775.0,897626.0,Wednesday,69.55706439531768,70.5315672341156,68.70313052127754,69.40959167480469,44048000.0
GOOG,2020-02-27,363634.0,1496399.0,Thursday,67.85917139391135,68.33964561997183,65.62270804503615,65.66854858398438,59566000.0
GOOG,2020-02-28,578781.0,2286994.0,Friday,63.646307197673856,66.81691383567602,63.322470040765474,66.72673797607422,75782000.0
JNJ,2019-01-02,160776.0,3336149.0,Wednesday,108.4769230188616,108.6885770399437,106.9106780955196,108.15520477294922,7631700.0
JNJ,2019-01-03,160390.0,4090817.0,Thursday,108.48537847337556,108.59544269206198,106.13178692378868,106.4365692138672,8654500.0
JNJ,2019-01-04,156153.0,4440077.0,Friday,107.62184946358254,108.91716470632728,107.29166967521904,108.2229461669922,8831700.0
JNJ,2019-01-07,132241.0,3358545.0,Monday,108.05361491048704,108.66318601990356,107.35092842788804,107.52871704101562,8404700.0
JNJ,2019-01-08,10059.0,3227115.0,Tuesday,108.51924137280363,110.48339685095524,108.13827318511832,110.02622985839844,9351600.0
JNJ,2019-01-09,168424.0,2084386.0,Wednesday,109.91618291286623,110.2632986556358,108.64625861151836,109.15422058105467,7403500.0
JNJ,2019-01-10,168083.0,3070757.0,Thursday,108.10440713123748,109.96695988582285,108.10440713123748,109.8145751953125,6224400.0
JNJ,2019-01-11,118713.0,2810004.0,Friday,109.21347239940842,109.92462679370162,108.6293052475476,109.8484344482422,5300400.0
JNJ,2019-01-14,113069.0,5587475.0,Monday,108.99335378711368,109.1796103496316,108.0197375888,108.6039047241211,7374400.0
JNJ,2019-01-15,153409.0,2096008.0,Tuesday,108.80711031081928,109.62832900296095,108.07055194114024,109.5182647705078,5194400.0
JNJ,2019-01-16,168609.0,2602897.0,Wednesday,109.56058380794644,109.56058380794644,108.2821917909845,108.40071105957033,6264200.0
JNJ,2019-01-17,160812.0,3654023.0,Thursday,108.12134492034669,109.6537245040992,107.90969088836908,109.2896728515625,7632000.0
JNJ,2019-01-18,1479957.0,3273871.0,Friday,109.9754302434698,111.05909785762276,109.59445556820828,110.6442642211914,10593000.0
JNJ,2019-01-22,797825.0,3201168.0,Tuesday,108.53615372035144,109.6367569529668,107.52868521085476,109.04412841796876,10568100.0
JNJ,2019-01-23,183712.0,3773847.0,Wednesday,108.7901410691601,109.4674363598721,108.30757027375697,109.04412841796876,9267800.0
JNJ,2019-01-24,75083.0,1675770.0,Thursday,108.78169647531064,108.9594786042867,105.827001930802,107.5456314086914,9917000.0
JNJ,2019-01-25,182061.0,2756875.0,Friday,108.4769229858564,108.7478334152242,107.54564012604403,108.56157684326172,7585100.0
JNJ,2019-01-28,177620.0,2480422.0,Monday,108.20599579915446,109.34045821115946,107.76575829309064,109.20500946044922,6927700.0
JNJ,2019-01-29,91240.0,2095690.0,Tuesday,109.17112809340624,110.45798800080092,108.79015348587752,110.33946228027344,6669300.0
JNJ,2019-01-30,161327.0,2851348.0,Wednesday,110.37333370017492,111.91418115937894,110.31407729238651,111.44853973388672,7299300.0
JNJ,2019-01-31,141332.0,13323328.0,Thursday,111.44009554499776,114.45404717724789,110.79665895945796,112.66768646240234,17298100.0
JNJ,2019-02-01,211938.0,4462698.0,Friday,113.46346769320176,114.03069880179122,112.9978263597825,113.61585235595705,9575200.0
JNJ,2019-02-04,120491.0,4019012.0,Monday,113.41270668484655,113.57355290413696,111.93112840214006,112.49835968017578,7759000.0
JNJ,2019-02-05,137616.0,2543151.0,Tuesday,113.04019350683208,113.34497584172234,112.38829544530677,112.49835968017578,6449800.0
JNJ,2019-02-06,157532.0,2102545.0,Wednesday,112.6676759088265,113.08252246231122,112.0073163621933,112.59994506835938,5066100.0
JNJ,2019-02-07,102476.0,2637716.0,Thursday,112.1342802515305,112.29513934933364,111.35539512594065,111.79563903808594,6085300.0
JNJ,2019-02-08,97581.0,2049725.0,Friday,111.71099006629818,112.14277253828868,111.3638743703197,112.09196472167967,4436700.0
JNJ,2019-02-11,184402.0,2275753.0,Monday,112.01575240100183,112.32053465462928,111.12680308472729,111.75330352783205,4962200.0
JNJ,2019-02-12,200081.0,2742425.0,Tuesday,111.82106051195224,113.700549362614,111.82106051195224,113.58202362060548,6262300.0
JNJ,2019-02-13,151166.0,3718109.0,Wednesday,113.50583218761535,114.27624305773764,112.77774178985958,113.8275375366211,7902200.0
JNJ,2019-02-14,107105.0,1325015.0,Thursday,113.70054575271485,114.14078974548502,112.8962630347396,113.7090072631836,3910400.0
JNJ,2019-02-15,742395.0,3404809.0,Friday,114.45402689966662,115.48689952345772,114.30162929175629,115.46150207519533,6665000.0
JNJ,2019-02-19,203818.0,2419955.0,Tuesday,115.25831689058816,115.46150940792768,114.82654732437038,114.8773422241211,5935500.0
JNJ,2019-02-20,117061.0,3781959.0,Wednesday,115.11440080353884,115.7578244373034,114.91120827366385,115.43611907958984,6089800.0
JNJ,2019-02-21,276658.0,1829987.0,Thursday,114.27625996937915,114.96201707791592,113.67516965477937,114.64877319335938,6665500.0
JNJ,2019-02-22,204599.0,1602534.0,Friday,114.53866548602736,115.68160217882208,114.14076787684536,115.64774322509766,5223900.0
JNJ,2019-02-25,162152.0,2202454.0,Monday,116.20170262149183,117.17324544609605,115.78410474799912,116.07386016845705,6846600.0
JNJ,2019-02-26,127324.0,2504486.0,Tuesday,116.2784378950194,116.7216018016344,115.94606821606249,115.99720001220705,5106900.0
JNJ,2019-02-27,94288.0,1706040.0,Wednesday,115.49432193136572,116.11644677572016,115.38352776581944,115.79259490966795,4378100.0
JNJ,2019-02-28,158171.0,7615727.0,Thursday,115.86081102186532,117.56527315680712,115.63923562576798,116.4488525390625,10133200.0
JNJ,2019-03-01,165725.0,2264203.0,Friday,116.9431408688359,118.12774145902104,116.76416663399624,117.90616607666016,5641600.0
JNJ,2019-03-04,162261.0,1911933.0,Monday,118.3323021463774,118.80954951686256,117.19030250527018,118.0169677734375,8377700.0
JNJ,2019-03-05,107756.0,1755011.0,Tuesday,118.29819790240222,118.57943572824242,117.91469650498912,118.2641143798828,6568900.0
JNJ,2019-03-06,210608.0,1663985.0,Wednesday,118.8606561337552,119.0140514686328,118.11921934048786,118.53680419921876,6236900.0
JNJ,2019-03-07,120864.0,2760611.0,Thursday,118.05956498600406,118.56237817887556,117.35221166199214,117.81242370605467,6100400.0
JNJ,2019-03-08,240990.0,1898326.0,Friday,117.6845624688426,118.71576758494228,116.26133841896134,117.65899658203124,7046700.0
JNJ,2019-03-11,178643.0,3502841.0,Monday,117.7016350282166,118.485686061663,117.1988218117696,118.08513641357422,6150400.0
JNJ,2019-03-12,237708.0,1829850.0,Tuesday,118.16182872009428,119.31234582789736,118.03399926545558,118.61351013183594,5552900.0
JNJ,2019-03-13,92930.0,2343505.0,Wednesday,118.96295042822314,119.1760082288342,118.47718540491832,118.80955505371094,6446900.0
JNJ,2019-03-14,202878.0,3593559.0,Thursday,117.89763850512698,118.28967050380494,117.55675129202638,117.62493133544922,8493600.0
JNJ,2019-03-15,2491025.0,5350618.0,Friday,117.6079314206176,117.82950689981833,116.61082225818592,117.2670440673828,11922500.0
JNJ,2019-03-18,138351.0,4741946.0,Monday,117.30963348479104,117.42042771530468,116.51706461608858,116.90056610107422,7369600.0
JNJ,2019-03-19,114888.0,3404508.0,Tuesday,117.2755186571114,118.30672397880288,117.1562068268674,117.98287200927734,5882500.0
JNJ,2019-03-20,145217.0,2507172.0,Wednesday,117.88911991162983,118.04251525506596,116.457365019492,117.00279235839844,5475700.0
JNJ,2019-03-21,108612.0,3048089.0,Thursday,116.75567099886617,118.27264145035495,116.71305683930429,117.69313049316406,5765100.0
JNJ,2019-03-22,109097.0,2548272.0,Friday,117.3948183562191,117.9402456672599,116.6363332986153,116.67894744873048,6528800.0
JNJ,2019-03-25,130620.0,1477818.0,Monday,116.67895071242349,116.7641660110246,115.68184199109945,116.42327880859376,4500300.0
JNJ,2019-03-26,102749.0,1686858.0,Tuesday,116.6960097107022,118.69024056307548,116.6960097107022,118.09368133544922,4758600.0
JNJ,2019-03-27,96623.0,1923247.0,Wednesday,118.11072181894976,118.86920708561732,117.66757094684084,118.2044677734375,6764900.0
JNJ,2019-03-28,115305.0,1449558.0,Thursday,118.51124446393663,118.85214467694324,118.212971407071,118.35784912109376,4602100.0
JNJ,2019-03-29,122264.0,4505364.0,Friday,118.69874390538894,119.21008775552586,118.35785667464052,119.13337707519533,7168400.0
JNJ,2019-04-01,428950.0,2292943.0,Monday,119.3038080994218,119.5594669656275,118.23851947685964,118.44304656982422,5885200.0
JNJ,2019-04-02,156971.0,1724446.0,Tuesday,118.46866140117388,118.46866140117388,116.67898357828004,117.36077117919922,5517800.0
JNJ,2019-04-03,139064.0,1910163.0,Wednesday,117.77836330155912,117.81245983587915,116.64489410974456,116.90056610107422,5947000.0
JNJ,2019-04-04,124579.0,1643652.0,Thursday,116.6448774353805,116.7641892804097,115.1620035048769,115.5369873046875,5844600.0
JNJ,2019-04-05,101279.0,2157537.0,Friday,115.93751189788932,116.39772396927746,115.64775644791274,116.05682373046876,4759700.0
JNJ,2019-04-08,111209.0,1534058.0,Monday,115.9460531702281,116.33807222581056,115.64776705940244,116.0227508544922,4329600.0
JNJ,2019-04-09,172729.0,1574996.0,Tuesday,115.9034404701287,116.12501589546414,114.67622549039068,115.5369873046875,5210300.0
JNJ,2019-04-10,96270.0,1747808.0,Wednesday,115.80967599306553,116.01421612497168,115.33242868929824,115.54548645019533,4194100.0
JNJ,2019-04-11,113625.0,1229100.0,Thursday,115.86935986344868,116.05683876406076,114.55691653105116,115.23018646240234,4485200.0
JNJ,2019-04-12,135882.0,2269264.0,Friday,115.23867691896666,116.20170211074092,114.83812730844176,115.88636779785156,5756800.0
JNJ,2019-04-15,136125.0,2325696.0,Monday,115.903431942081,116.5766888029192,115.73298831943973,116.34659576416016,5380900.0
JNJ,2019-04-16,472462.0,1928895.0,Tuesday,117.88060324728148,119.90890427205328,117.23289933677124,117.62493133544922,10745700.0
JNJ,2019-04-17,164525.0,1714772.0,Wednesday,118.46011554026984,119.44017604277448,117.32664668720862,118.0510482788086,9543700.0
JNJ,2019-04-18,637793.0,2976699.0,Thursday,118.75839099996912,119.51687604393165,115.69035430303498,117.19880676269533,10485300.0
JNJ,2019-04-22,102297.0,2269774.0,Monday,116.73860348486232,118.02548066974845,116.29545270973551,117.46300506591795,4666500.0
JNJ,2019-04-23,175419.0,1959108.0,Tuesday,117.11361255203344,120.03677239523046,116.96873480528846,119.22714233398438,5790500.0
JNJ,2019-04-24,6230.0,2394523.0,Wednesday,119.01407851576366,119.43167647341062,118.340821608553,118.63057708740234,5676300.0
JNJ,2019-04-25,131356.0,1523346.0,Thursday,118.05104116234008,119.11632990693668,117.57379388540288,119.01405334472656,5218100.0
JNJ,2019-04-26,159039.0,2018419.0,Friday,119.21007360784948,119.755500914725,118.72429570746937,119.64470672607422,4613600.0
JNJ,2019-04-29,101915.0,2084429.0,Monday,119.61064871737358,119.67881576675948,118.9544270818984,119.1760025024414,4275200.0
JNJ,2019-04-30,97127.0,3561069.0,Tuesday,119.47428086618103,120.54808737861391,118.42604024661456,120.33502960205078,6003700.0
JNJ,2019-05-01,122377.0,3054646.0,Wednesday,120.12193601790922,121.31506701340685,119.09926159606184,120.9741668701172,6656300.0
JNJ,2019-05-02,172000.0,2803455.0,Thursday,120.94011561295224,121.14464274946334,119.41461469839744,120.40320587158205,8835600.0
JNJ,2019-05-03,129529.0,2312645.0,Friday,120.41172976973117,121.0935172696296,120.23276851596698,121.02533721923828,5281600.0
JNJ,2019-05-06,152120.0,3690914.0,Monday,119.52538126838353,121.22132540597076,119.2526611440632,121.0934829711914,5818900.0
JNJ,2019-05-07,134312.0,2372796.0,Tuesday,120.0111905820948,120.4884379207856,118.5112555130498,119.28678894042967,6606700.0
JNJ,2019-05-08,107513.0,2468891.0,Wednesday,119.48279493932174,120.09640235788032,119.05667939887908,119.13337707519533,4667300.0
JNJ,2019-05-09,189425.0,1822253.0,Thursday,118.41751050082512,118.73284485523276,117.30108982390624,118.23001861572266,5604200.0
JNJ,2019-05-10,75506.0,2194501.0,Friday,117.974346819449,118.67318257456203,116.25284933278408,118.50273895263672,4771600.0
JNJ,2019-05-13,146842.0,3433999.0,Monday,117.48005968949704,117.65902093421646,116.35510842091792,116.92610168457033,5560000.0
JNJ,2019-05-14,142626.0,4504308.0,Tuesday,116.78974328109268,117.47153075640144,116.52555372286396,116.60226440429688,7179400.0
JNJ,2019-05-15,136499.0,2558116.0,Wednesday,116.67041681629972,117.1732429812382,115.3324209299707,116.67894744873048,6429400.0
JNJ,2019-05-16,214966.0,2842748.0,Thursday,117.08802949530356,118.622048065448,116.73009399627227,117.786865234375,6857200.0
JNJ,2019-05-17,461207.0,2045397.0,Friday,116.75563898724616,118.48566675819607,116.63632717559489,118.1277313232422,6915300.0
JNJ,2019-05-20,89257.0,1852071.0,Monday,118.1277615722829,118.42604767979952,117.33517983163289,117.96583557128906,4771100.0
JNJ,2019-05-21,84990.0,1723899.0,Tuesday,118.56239811485084,118.94591255072788,117.6760834055714,117.71016693115234,4859000.0
JNJ,2019-05-22,94419.0,3559747.0,Wednesday,117.90618744990248,118.41751834896746,117.17326812429528,118.2555923461914,5456800.0
JNJ,2019-05-23,104673.0,2316272.0,Thursday,118.03400470261953,119.18452186342044,117.32665134500296,119.13337707519533,6951800.0
JNJ,2019-05-24,143614.0,1501788.0,Friday,119.69968775804496,119.69968775804496,118.89310712200104,119.14195251464844,5473300.0
JNJ,2019-05-28,160186.0,12083420.0,Tuesday,119.27067823515922,120.54919597432318,117.59745910873237,117.6146240234375,11919600.0
JNJ,2019-05-29,307858.0,6486497.0,Wednesday,116.60208541824537,116.60208541824537,110.27817045727576,112.68932342529295,23247400.0
JNJ,2019-05-30,18222.0,1645985.0,Thursday,112.78371947591116,113.96784973068571,112.55203897106556,113.3586196899414,7360600.0
JNJ,2019-05-31,151839.0,2632111.0,Friday,112.85235828985238,113.26422453120088,111.21345614106016,112.5348663330078,7811000.0
JNJ,2019-06-03,146756.0,3246627.0,Monday,112.8351883062698,113.60743911071322,112.44047390184888,112.78370666503906,8434600.0
JNJ,2019-06-04,140524.0,2471051.0,Tuesday,113.7790860791158,115.237789625157,113.76192116408174,114.74868774414062,6648900.0
JNJ,2019-06-05,137039.0,3197585.0,Wednesday,115.58099250808202,115.94996611602564,114.860223297717,115.3064193725586,6860600.0
JNJ,2019-06-06,104633.0,3807981.0,Thursday,115.7526256927756,118.12088656574456,115.48662841339016,117.27997589111328,9115800.0
JNJ,2019-06-07,122723.0,2004891.0,Friday,118.06082146332872,119.7769465393611,117.6746959398205,118.8845672607422,6533900.0
JNJ,2019-06-10,131388.0,1400578.0,Monday,118.92744193742608,119.39936573565257,118.0693796235716,119.28782653808594,4994700.0
JNJ,2019-06-11,216546.0,2915440.0,Tuesday,119.85416806291208,120.69507877037115,119.69972309194723,119.93997955322266,8230500.0
JNJ,2019-06-12,154622.0,1883778.0,Wednesday,120.38614959107277,122.62569283466529,120.38614959107277,121.5702667236328,9216500.0
JNJ,2019-06-13,145471.0,1494487.0,Thursday,121.60461445658642,121.8019651589089,120.3089448386516,120.73797607421876,7500800.0
JNJ,2019-06-14,110247.0,2447636.0,Friday,121.18413840201671,121.4072429858628,120.16304214116062,120.20594787597656,6548100.0
JNJ,2019-06-17,137491.0,1911334.0,Monday,120.12872906895564,120.3346687465511,119.45086557298318,119.6482162475586,5562800.0
JNJ,2019-06-18,143461.0,2266001.0,Tuesday,120.6092424704492,120.92672135190084,119.94853079135422,120.32608032226562,7122700.0
JNJ,2019-06-19,172433.0,2785324.0,Wednesday,120.13730490229784,120.96105051916152,120.0515065230988,120.51485443115234,6393400.0
JNJ,2019-06-20,186165.0,4073476.0,Thursday,121.20133961024156,122.18810634155136,120.9868239649137,122.02508544921876,7335800.0
JNJ,2019-06-21,2244076.0,6503728.0,Friday,121.38150299942892,122.21381141422796,120.99536447641847,121.9220733642578,11272200.0
JNJ,2019-06-24,168348.0,2431834.0,Monday,122.20521997460152,123.30353857032036,121.92205787044098,122.75437927246094,5894700.0
JNJ,2019-06-25,121982.0,2325711.0,Tuesday,122.93458528759692,124.40186443959296,122.86593873472708,123.76690673828124,7517000.0
JNJ,2019-06-26,157024.0,4079152.0,Wednesday,123.43228853335832,123.43228853335832,120.78086561511162,121.7161636352539,7674100.0
JNJ,2019-06-27,103922.0,2425311.0,Thursday,122.0421972290564,122.2738777160297,120.6435645836793,120.72078704833984,5233500.0
JNJ,2019-06-28,104732.0,12857261.0,Friday,120.76370981765658,121.07261281286634,118.8502211923048,119.51093292236328,12792400.0
JNJ,2019-07-01,176817.0,2362156.0,Monday,120.30032849580904,120.35181013749866,119.03039999316384,119.57955932617188,5872300.0
JNJ,2019-07-02,129696.0,1412769.0,Tuesday,119.4594439278298,120.15447235107422,119.00467192020096,120.15447235107422,4501200.0
JNJ,2019-07-03,118834.0,,Wednesday,120.98676025762812,121.99926728578772,120.80656144952074,121.96495056152344,3436300.0
JNJ,2019-07-05,177837.0,2778224.0,Friday,121.62172126256888,121.72468452015217,120.44616733554518,120.61779022216795,4652400.0
JNJ,2019-07-08,121233.0,1691899.0,Monday,120.23168611430354,121.05543168889317,119.8198198735046,120.96104431152344,4078100.0
JNJ,2019-07-09,131998.0,1576369.0,Tuesday,121.38149826273396,122.24813646899992,120.90956138090928,121.33859252929688,4217400.0
JNJ,2019-07-10,78636.0,1672140.0,Wednesday,121.65605794607724,121.83625676940396,120.70360837818494,121.1669692993164,4874400.0
JNJ,2019-07-11,141947.0,1811349.0,Thursday,120.93529964670932,121.16698012798028,119.28782164287529,120.22310638427734,5817400.0
JNJ,2019-07-12,150855.0,2092524.0,Friday,120.23170180303762,120.23170180303762,113.538825417999,115.23778533935548,17780100.0
JNJ,2019-07-15,330833.0,3948295.0,Monday,116.17303745730858,117.00535881526994,115.36645691718194,115.58956146240234,10038200.0
JNJ,2019-07-16,602363.0,2222203.0,Tuesday,114.06222836905212,114.83449238364076,113.04972102327166,113.69326782226562,10214500.0
JNJ,2019-07-17,263841.0,1806228.0,Wednesday,113.6846568203774,114.61994140389986,112.75794814471682,113.14407348632812,8862100.0
JNJ,2019-07-18,135291.0,2169818.0,Thursday,113.37578432028975,113.7018391153035,112.55203869011312,113.32430267333984,6203100.0
JNJ,2019-07-19,439927.0,3143597.0,Friday,113.47873747540396,113.59886567188512,111.71113125875644,111.81409454345705,8340200.0
JNJ,2019-07-22,367592.0,2807015.0,Monday,111.54809928793505,111.6768033960706,109.69468157283288,110.38113403320312,12624800.0
JNJ,2019-07-23,22194.0,1218444.0,Tuesday,110.35538372848704,111.0761528580922,109.9692583442693,110.552734375,5803600.0
JNJ,2019-07-24,40670.0,2449423.0,Wednesday,110.5870859328011,111.3679127635212,110.32108868456748,111.35933685302734,6838600.0
JNJ,2019-07-25,397550.0,3775787.0,Thursday,111.59959594680107,112.86094874821003,111.26495212763098,112.50914001464844,8897800.0
JNJ,2019-07-26,176192.0,1892233.0,Friday,112.66358606356457,112.66358606356457,111.96855767412934,112.17448425292967,4894600.0
JNJ,2019-07-29,163246.0,2376408.0,Monday,112.40617559949706,114.38829766976956,111.72831205718052,114.13946533203124,7832000.0
JNJ,2019-07-30,157072.0,1836236.0,Tuesday,113.6675219095702,113.6846868228131,112.6378496958704,113.33287811279295,5509600.0
JNJ,2019-07-31,164842.0,4663100.0,Wednesday,112.955316663873,113.26421960469636,111.70253998914735,111.73686981201172,8559200.0
JNJ,2019-08-01,129726.0,2880818.0,Thursday,111.77120284014462,112.18308221662934,110.7072138500418,111.79694366455078,7870700.0
JNJ,2019-08-02,115077.0,2682433.0,Friday,112.2860486896616,112.80946728904406,111.35076379514008,112.46624755859376,6574900.0
JNJ,2019-08-05,178997.0,4338982.0,Monday,112.3289333512962,112.80087021185405,110.69860720509551,111.68538665771484,9480000.0
JNJ,2019-08-06,243589.0,3620783.0,Tuesday,111.83985812020644,112.59495727629124,111.19631127390528,112.20883178710938,7880600.0
JNJ,2019-08-07,176492.0,2999806.0,Wednesday,110.99895136220309,112.32895068611748,109.99501993644648,111.72830963134766,6771700.0
JNJ,2019-08-08,128400.0,3018240.0,Thursday,112.388990691872,113.22131212812768,111.7454439994882,112.98963165283205,5260500.0
JNJ,2019-08-09,83336.0,2222947.0,Friday,113.09263448596428,113.91636711286084,112.6035326006868,113.2985610961914,4677300.0
JNJ,2019-08-12,87647.0,93172.0,Monday,112.83520966639078,113.8648819648998,112.65501079497972,113.20417022705078,6852100.0
JNJ,2019-08-13,100135.0,1561162.0,Tuesday,113.52167829373076,115.06619350654933,113.2642569094284,114.48270416259766,5013200.0
JNJ,2019-08-14,124149.0,2919035.0,Wednesday,113.71900737664012,113.72758328705338,111.65966288005788,111.77120208740234,7736200.0
JNJ,2019-08-15,134053.0,3010548.0,Thursday,111.69396523846,112.46622914502422,110.90454951327686,112.01144409179688,7251200.0
JNJ,2019-08-16,512046.0,2622825.0,Friday,112.80946765135646,112.98107751713276,112.06295753408304,112.71508026123048,5858900.0
JNJ,2019-08-19,100253.0,3261613.0,Monday,113.6932524480982,113.75332309251796,113.1097763805476,113.4787368774414,4958000.0
JNJ,2019-08-20,170344.0,5706007.0,Tuesday,113.22991547468946,113.83055651174143,111.94282192686696,112.06295013427734,7302000.0
JNJ,2019-08-21,202376.0,4130735.0,Wednesday,113.00681569241245,113.61604575857484,112.2774705067174,112.86094665527344,6912800.0
JNJ,2019-08-22,184596.0,5479763.0,Thursday,112.92101004591808,113.37578204216123,112.23455755006296,112.63784790039062,7213500.0
JNJ,2019-08-23,315526.0,8413546.0,Friday,112.4662273906118,112.62924822289628,109.08545342416294,109.6002960205078,15714000.0
JNJ,2019-08-26,314922.0,4251976.0,Monday,110.15356737610688,110.72413525326418,109.47061791506272,110.4820785522461,8889500.0
JNJ,2019-08-27,913859.0,8330129.0,Tuesday,112.28023675643637,114.45874732343236,111.6059339822087,112.07275390625,20183800.0
JNJ,2019-08-28,566612.0,3670099.0,Wednesday,110.53394418134872,111.40707632517127,109.79912732350236,111.2428207397461,9878800.0
JNJ,2019-08-29,338316.0,2574842.0,Thursday,111.3811598836418,111.69237756976018,109.64353549762424,110.86247253417967,6749900.0
JNJ,2019-08-30,345586.0,7084107.0,Friday,110.88841591047822,111.60594600467664,110.32649467290652,110.96621704101562,7371100.0
JNJ,2019-09-03,507761.0,4056680.0,Tuesday,110.64633263646012,111.5021778960297,110.23138015720548,111.29470825195312,5710200.0
JNJ,2019-09-04,252572.0,2521674.0,Wednesday,111.94306400395725,112.02950528170996,110.72412722507468,111.39842987060548,4807200.0
JNJ,2019-09-05,272361.0,3210555.0,Thursday,112.29751766247436,112.29751766247436,110.9229783997564,111.1563949584961,4754100.0
JNJ,2019-09-06,317428.0,3297021.0,Friday,111.41574068887108,111.71830499459864,110.71550423226202,110.83653259277344,6758300.0
JNJ,2019-09-09,353888.0,3716776.0,Monday,110.65498032102954,110.7933022122952,109.43604338756631,109.74726104736328,7684700.0
JNJ,2019-09-10,51954.0,4757427.0,Tuesday,110.08441607851276,111.99494934082033,109.21992401596856,111.99494934082033,8239500.0
JNJ,2019-09-11,232444.0,3410601.0,Wednesday,112.26296404114184,113.49054145242738,111.5886611418597,113.39544677734376,6203600.0
JNJ,2019-09-12,252250.0,3010592.0,Thursday,113.55968367640882,113.91412860605996,112.43584129935309,112.75569915771484,5250000.0
JNJ,2019-09-13,230791.0,4058710.0,Friday,113.53376192123471,113.74124479750644,112.3494118313892,113.05828857421876,5369800.0
JNJ,2019-09-16,213297.0,4344646.0,Monday,112.47906442197136,113.03233882240636,111.80476165866315,111.98629760742188,5101700.0
JNJ,2019-09-17,161289.0,4609466.0,Tuesday,112.03820150797878,112.81623926092249,111.61459555429325,112.09870910644533,4976400.0
JNJ,2019-09-18,149399.0,3670377.0,Wednesday,112.29751916324513,112.86808711841071,111.32929222679635,112.73841857910156,4373600.0
JNJ,2019-09-19,239616.0,4572832.0,Thursday,112.0641200381878,113.41272566250734,111.83070346748536,112.47907257080078,4730100.0
JNJ,2019-09-20,6325188.0,13409790.0,Friday,113.24847203474717,114.11296418768416,112.63467680207638,113.81038665771484,12053100.0
JNJ,2019-09-23,219958.0,4384115.0,Monday,113.26574828335056,114.15617400968004,112.80756856751503,113.88818359375,5183700.0
JNJ,2019-09-24,307925.0,7809302.0,Tuesday,114.19943426368653,114.787282676175,113.5424116954874,113.72396087646484,7102600.0
JNJ,2019-09-25,239539.0,4528117.0,Wednesday,113.68070094091009,113.74122171420426,112.58279237899896,113.23981475830078,4522900.0
JNJ,2019-09-26,162543.0,7779858.0,Thursday,113.3262702140688,113.51645953805478,110.68092640548596,111.38981628417967,7545800.0
JNJ,2019-09-27,321066.0,3510400.0,Friday,111.18232333822746,111.86526625524024,109.53114035300048,111.1736831665039,6006500.0
JNJ,2019-09-30,396200.0,5734895.0,Monday,111.58000911447132,112.62603723816164,111.51948833170891,111.8479995727539,6552100.0
JNJ,2019-10-01,227044.0,7278623.0,Tuesday,112.40126177057724,113.07556452470388,112.18513875473916,112.37532806396484,7673000.0
JNJ,2019-10-02,920793.0,5069518.0,Wednesday,114.76996241012768,116.44707913571092,113.4386504270422,114.11295318603516,12051800.0
JNJ,2019-10-03,290087.0,4688683.0,Thursday,113.80173087440588,114.43280636597412,112.3926046372602,113.41271209716795,6997600.0
JNJ,2019-10-04,265111.0,4576760.0,Friday,113.54238387103769,115.59987919275244,113.4645827515868,115.54801177978516,7233300.0
JNJ,2019-10-07,237031.0,4278926.0,Monday,115.0552552807273,115.68634403796553,114.23399038927433,115.11577606201172,5427200.0
JNJ,2019-10-08,171921.0,5673355.0,Tuesday,114.5019576283967,115.20219400642732,113.67205273261982,113.97461700439452,7870400.0
JNJ,2019-10-09,426884.0,3135393.0,Wednesday,113.36949428151004,113.4645889408379,111.10452918437724,111.7096710205078,7787700.0
JNJ,2019-10-10,368255.0,3223881.0,Thursday,111.47625543749312,112.48770962771768,111.19962482044758,111.57135009765624,5119700.0
JNJ,2019-10-11,400089.0,3051127.0,Friday,113.36948920860416,114.64893377504409,113.09285860636676,113.53374481201172,7161400.0
JNJ,2019-10-14,143732.0,4518138.0,Monday,113.55967544260128,113.55967544260128,112.74705081055684,113.00640106201172,5700000.0
JNJ,2019-10-15,575371.0,3806594.0,Tuesday,114.9774637649696,116.05807902591856,114.19942605352806,114.83914184570312,10008800.0
JNJ,2019-10-16,693057.0,4604919.0,Wednesday,116.61997699821252,118.08097073254103,115.66904361930746,116.8533935546875,12434200.0
JNJ,2019-10-17,404271.0,3912647.0,Thursday,117.53635954174932,118.85903148748064,117.26835589238836,117.7178955078125,8434000.0
JNJ,2019-10-18,2757672.0,6697101.0,Friday,115.24542274693584,116.17907566019656,110.39562225341795,110.39562225341795,25868700.0
JNJ,2019-10-21,970193.0,5815520.0,Monday,111.23420159948212,112.0986937358186,109.84236873233628,110.67228698730467,13823600.0
JNJ,2019-10-22,349082.0,2099777.0,Tuesday,111.31199655363292,112.85079141569736,110.73278843733696,111.69237518310548,7613700.0
JNJ,2019-10-23,257267.0,5021911.0,Wednesday,112.09005382763108,112.79893052172532,111.58000663185427,112.29752349853516,6693400.0
JNJ,2019-10-24,484478.0,4541020.0,Thursday,112.74706326751952,112.88538517572496,109.01245748814304,110.22274780273438,12111600.0
JNJ,2019-10-25,345112.0,3136944.0,Friday,110.50804092314418,111.60594972470366,110.0585012798821,110.95758056640624,6947300.0
JNJ,2019-10-28,315629.0,7631236.0,Monday,111.190981089397,112.3839845309558,111.0958864209959,111.6750946044922,7876300.0
JNJ,2019-10-29,248431.0,1052131.0,Tuesday,112.12462171807888,112.35803827647732,111.1391012606329,111.62321472167967,4506300.0
JNJ,2019-10-30,953902.0,2819694.0,Wednesday,115.2368140658182,115.43564358032364,113.87955496633629,114.83914184570312,9627600.0
JNJ,2019-10-31,298438.0,7419529.0,Thursday,114.44147458652388,114.83913358693668,113.15337653931,114.14753723144533,7686700.0
JNJ,2019-11-01,280056.0,5728058.0,Friday,114.15618741111176,114.97745228924292,113.36949641379437,113.4213638305664,5541800.0
JNJ,2019-11-04,245548.0,4137509.0,Monday,113.94006073949186,114.0697292772784,112.46177345321271,112.58280181884766,6140300.0
JNJ,2019-11-05,419284.0,5131512.0,Tuesday,112.8421573456159,113.65478206323178,112.10733375429862,112.74706268310548,6257300.0
JNJ,2019-11-06,226907.0,5007993.0,Wednesday,112.74704936145,113.663408805858,112.124614042399,113.21388244628906,5450000.0
JNJ,2019-11-07,256110.0,3992639.0,Thursday,113.8795361099557,114.44146386726668,113.25710076742472,113.62018585205078,5873700.0
JNJ,2019-11-08,219515.0,3607945.0,Friday,113.5078136008688,115.01202138914216,113.22252962937846,114.97744750976562,5003000.0
JNJ,2019-11-11,214638.0,2443370.0,Monday,114.346367430772,114.56249044380834,113.5337427911791,114.0956573486328,4371400.0
JNJ,2019-11-12,171778.0,2779169.0,Tuesday,114.1129552282638,114.19075635005488,113.26575667841112,113.55104064941406,5228700.0
JNJ,2019-11-13,300758.0,3962946.0,Wednesday,113.28302989394824,113.67206186062766,113.006399303509,113.48187255859376,5885400.0
JNJ,2019-11-14,170720.0,2394408.0,Thursday,113.27439002922652,113.55967398305005,112.50499264749702,113.21388244628906,4217500.0
JNJ,2019-11-15,761154.0,7422859.0,Friday,113.46459342463126,116.6805052421262,113.05828106336529,116.65457153320312,10495100.0
JNJ,2019-11-18,307014.0,5836299.0,Monday,116.03213042306416,117.30293486213,114.68352486106026,116.5594711303711,9291800.0
JNJ,2019-11-19,296693.0,4576357.0,Tuesday,116.70643690657438,116.8706925209453,116.02349393172491,116.55083465576172,5192200.0
JNJ,2019-11-20,307667.0,6307375.0,Wednesday,116.8015433669687,117.86486509491142,115.90247726998956,117.51907348632812,7594400.0
JNJ,2019-11-21,256710.0,4342527.0,Thursday,117.51906313589016,118.30575414589968,116.70643841707624,117.95130920410156,6424900.0
JNJ,2019-11-22,463666.0,3635762.0,Friday,118.13282994334476,119.84453365048904,118.00316141603146,119.36042022705078,9235800.0
JNJ,2019-11-25,343459.0,4643775.0,Monday,119.30817465963928,119.8217554810566,118.59438684186276,119.41262817382812,6111900.0
JNJ,2019-11-26,308977.0,14611367.0,Tuesday,118.79460393806414,119.55191854530295,117.64556205432947,119.40393829345705,10636500.0
JNJ,2019-11-27,297608.0,8592318.0,Wednesday,119.3952554258283,120.34407715009908,119.16892171664816,119.9088363647461,5523000.0
JNJ,2019-11-29,228392.0,851972.0,Friday,119.77824860460692,120.36146956161905,119.2037276800903,119.6824951171875,3278900.0
JNJ,2019-12-02,394806.0,3631017.0,Monday,119.8827250985804,119.99589195517014,119.12541036908256,119.56935119628906,4717100.0
JNJ,2019-12-03,251168.0,5725747.0,Tuesday,119.17761280221444,119.64766691841592,118.5247517459672,119.39523315429688,5741400.0
JNJ,2019-12-04,350337.0,3629091.0,Wednesday,120.56166231571878,121.6410639297006,120.1612350658977,121.32769012451172,7257300.0
JNJ,2019-12-05,247844.0,4949256.0,Thursday,121.30158135481672,121.6497685815886,120.0828994961325,121.484375,5472900.0
JNJ,2019-12-06,692271.0,3651236.0,Friday,121.39735503033566,123.24277154771632,121.39735503033566,122.1981964111328,6640400.0
JNJ,2019-12-09,243924.0,3567183.0,Monday,122.2068893321727,122.572489944575,121.91962886189388,122.30264282226562,4241000.0
JNJ,2019-12-10,407528.0,3834461.0,Tuesday,122.5638221604769,122.73791583850034,121.78909400315077,121.85873413085938,5310300.0
JNJ,2019-12-11,337718.0,4678811.0,Wednesday,122.6769322596743,123.5909403484229,122.41579847645316,122.720458984375,6631500.0
JNJ,2019-12-12,195743.0,4075894.0,Thursday,123.01645918530248,123.66060703236327,122.50286497542328,123.03385925292967,5012400.0
JNJ,2019-12-13,259668.0,3301775.0,Friday,122.82496889286696,123.43430340508432,122.13728093568898,123.0687026977539,4257200.0
JNJ,2019-12-16,282431.0,6665084.0,Monday,123.37335611381329,124.34830455896922,123.16444902609769,123.4255828857422,5353100.0
JNJ,2019-12-17,452292.0,9183190.0,Tuesday,124.47888672910484,125.3928951972515,124.0610592200224,124.9663543701172,10722400.0
JNJ,2019-12-18,245278.0,9403635.0,Wednesday,125.10559544032346,125.24487566054891,124.25252733580491,124.6442413330078,7849200.0
JNJ,2019-12-19,279895.0,10099898.0,Thursday,125.2535966375257,126.98585979969486,125.00986285262186,126.52450561523438,9414700.0
JNJ,2019-12-20,98808.0,18962939.0,Friday,127.85632591896524,128.69198071389678,126.0457228199556,127.14252471923828,14532800.0
JNJ,2019-12-23,350480.0,6210408.0,Monday,126.8639779873312,127.75185954970604,126.51577741949384,127.47331237792967,6558700.0
JNJ,2019-12-24,352328.0,908906.0,Tuesday,127.0903437885966,127.09904382496494,126.44618246988652,127.02940368652344,4238900.0
JNJ,2019-12-26,90543.0,2472794.0,Thursday,127.0641733855232,127.2469670447298,126.3590855635988,126.94230651855467,3019300.0
JNJ,2019-12-27,164391.0,3745014.0,Friday,127.26438703590934,127.56906086048208,126.68986608342573,126.87267303466795,3432700.0
JNJ,2019-12-30,129294.0,2944202.0,Monday,126.89882268011756,127.26442340458767,126.24596139731445,126.48099517822266,2923300.0
JNJ,2019-12-31,116838.0,6121483.0,Tuesday,126.30688108864688,127.09900922245434,126.0283206107186,126.97714233398438,4435000.0
JNJ,2020-01-02,304080.0,3686783.0,Thursday,126.9771402570336,127.10772045986212,126.28946567245016,127.06419372558594,5777000.0
JNJ,2020-01-03,85661.0,4852653.0,Friday,124.91411923430236,126.54191570145166,124.47887840073336,125.59309387207033,5752400.0
JNJ,2020-01-06,338753.0,6197736.0,Monday,125.34933264772911,125.52342628657452,124.348284262498,125.43638610839844,7731300.0
JNJ,2020-01-07,249728.0,3732890.0,Tuesday,125.358039694653,126.611535216463,123.06868231488303,126.20240783691406,7382900.0
JNJ,2020-01-08,648642.0,5192690.0,Wednesday,126.1066441329507,127.07287907928124,125.08818242452006,126.18499755859376,6605800.0
JNJ,2020-01-09,251991.0,5552229.0,Thursday,126.881400130983,127.11643389485698,126.21113882594722,126.559326171875,6112700.0
JNJ,2020-01-10,403069.0,4967505.0,Friday,126.87268333268116,127.24698401597286,126.13276871722876,126.27204895019533,5042600.0
JNJ,2020-01-13,279314.0,4876586.0,Monday,126.63766320676837,126.90751038557664,125.97610195283532,126.82917022705078,4593200.0
JNJ,2020-01-14,251176.0,7711679.0,Tuesday,126.26334461967748,127.62129363865331,125.98478416322416,127.54295349121094,7037500.0
JNJ,2020-01-15,428562.0,3648947.0,Wednesday,127.43848816773884,128.3089696805854,127.29922122037868,127.969482421875,4960300.0
JNJ,2020-01-16,369795.0,5432053.0,Thursday,128.3263813265527,129.562463464488,127.26439283237713,129.00535583496094,6476000.0
JNJ,2020-01-17,6402.0,6956499.0,Friday,129.18815506681224,130.05863651603408,128.77031440779092,129.84971618652344,9083600.0
JNJ,2020-01-21,473270.0,6503321.0,Tuesday,129.33613326251464,130.72019555696906,129.2664931537852,129.936767578125,9543900.0
JNJ,2020-01-22,773389.0,8923299.0,Wednesday,127.69965520696982,129.8584459766331,127.09032070938292,129.0489044189453,10305300.0
JNJ,2020-01-23,465259.0,8957592.0,Thursday,128.8660922841093,129.50155342568573,127.7518768808594,129.29263305664062,8671900.0
JNJ,2020-01-24,256703.0,9567017.0,Friday,129.33615319004352,129.6582271203598,128.77033220037245,129.10983276367188,9051900.0
JNJ,2020-01-27,351044.0,6699129.0,Monday,128.41341200428664,130.1021479423463,127.96075798483456,129.48410034179688,7587100.0
JNJ,2020-01-28,304479.0,5844369.0,Tuesday,129.23169842879147,131.0684150543475,128.96183798750582,130.13699340820312,7336600.0
JNJ,2020-01-29,333015.0,4988649.0,Wednesday,130.09347558431875,131.6081183863518,129.81492837253413,131.04229736328125,6288600.0
JNJ,2020-01-30,298349.0,4669755.0,Thursday,130.59832913105913,131.01615650236283,129.74526104058708,130.88558959960938,6470600.0
JNJ,2020-01-31,273957.0,8637583.0,Friday,130.35460524454652,130.5722256205808,129.38837024365446,129.5885772705078,8651700.0
JNJ,2020-02-03,316665.0,4359652.0,Monday,130.0673688534725,130.99879061107228,129.91068852929465,130.72023010253906,5765200.0
JNJ,2020-02-04,431424.0,3030452.0,Tuesday,131.86924284476547,132.96604471670489,131.61679577993857,131.96499633789062,6541400.0
JNJ,2020-02-05,440455.0,3671557.0,Wednesday,132.06941403374856,134.07152353070023,131.71251353960932,134.04541015625,5979900.0
JNJ,2020-02-06,327507.0,6236845.0,Thursday,134.27173659392182,134.48935691255053,132.95731465110077,133.64498901367188,6201200.0
JNJ,2020-02-07,245073.0,4666752.0,Friday,133.47963329357634,133.5841001082323,131.92147721468558,132.21743774414062,5700300.0
JNJ,2020-02-10,258700.0,6492581.0,Monday,132.0346211279837,132.2348414266491,131.34694662069947,132.19131469726562,4835600.0
JNJ,2020-02-11,177991.0,2844890.0,Tuesday,132.56563825096055,132.64399169038458,131.91277704489684,132.30450439453125,3715300.0
JNJ,2020-02-12,329059.0,3403201.0,Wednesday,132.20000101529388,132.44373473556408,131.37304637277063,131.52102661132812,5166800.0
JNJ,2020-02-13,389369.0,3868803.0,Thursday,130.71151381506922,131.47752855329796,130.46778004165628,130.65057373046875,5480200.0
JNJ,2020-02-14,234717.0,5818220.0,Friday,131.05971026599815,131.1293503893297,129.83232799695864,130.68540954589844,5716300.0
JNJ,2020-02-18,393195.0,4779063.0,Tuesday,130.98135036967713,131.21638409019025,129.75396828560054,129.8236083984375,7230700.0
JNJ,2020-02-19,371835.0,3424133.0,Wednesday,129.88458517852624,130.3633395055064,129.33617743653434,129.64955139160156,6115200.0
JNJ,2020-02-20,268956.0,5154830.0,Thursday,129.3622864793914,130.0325611101386,128.30899777393148,129.1533660888672,7464700.0
JNJ,2020-02-21,987674.0,4873876.0,Friday,128.90960865089727,130.78115193981577,128.43084114524396,130.51129150390625,7776800.0
JNJ,2020-02-24,564022.0,9525822.0,Monday,128.3387170559814,130.52879755181723,127.24367680806344,127.82186126708984,10588900.0
JNJ,2020-02-25,397731.0,6767126.0,Tuesday,127.8919567631938,128.55773648064903,125.99972383923676,126.7180633544922,10529000.0
JNJ,2020-02-26,452826.0,6468976.0,Wednesday,127.3312946620492,128.09343845268828,125.78946932552132,125.8683090209961,10093800.0
JNJ,2020-02-27,569610.0,7617001.0,Thursday,124.88716475415076,126.82320205289632,121.72468756062908,121.87361145019533,12566700.0
JNJ,2020-02-28,29534.0,13991029.0,Friday,118.57974303013296,120.27047910070206,114.6025619219719,117.80883026123048,19820300.0
JPM,2019-01-02,387842.0,3337978.0,Wednesday,80.11087913455509,83.30863654499312,80.10253448885828,82.91622161865234,15670900.0
JPM,2019-01-03,317498.0,4115086.0,Thursday,83.02563650181487,83.23606238638389,81.38431717085193,81.73783111572266,16286400.0
JPM,2019-01-04,304164.0,5648621.0,Friday,83.42123605281628,84.95313619632337,82.72262059275896,84.75112915039062,16935200.0
JPM,2019-01-07,187103.0,6832248.0,Monday,84.53227964898439,85.40765202735156,83.92625212383113,84.81004333496094,15430700.0
JPM,2019-01-08,206091.0,2481154.0,Tuesday,85.54232728137487,85.70225300671466,83.79158882274727,84.6501235961914,13578800.0
JPM,2019-01-09,353902.0,3644263.0,Wednesday,84.85213706463507,85.42449576413046,84.11144021539526,84.50704193115234,14230300.0
JPM,2019-01-10,214923.0,4352241.0,Thursday,84.18718645351234,84.7848016265751,83.55590878945225,84.49861907958984,14376100.0
JPM,2019-01-11,292632.0,3100714.0,Friday,84.07775919722921,84.3134351416189,83.2865558796171,84.09459686279297,15439900.0
JPM,2019-01-14,253674.0,8005784.0,Monday,83.21925186783115,85.31509240205791,83.04249485137251,84.96157836914062,21258500.0
JPM,2019-01-15,1159096.0,2330141.0,Tuesday,83.23606551969483,86.24936584136,82.99197071380355,85.58441925048828,26504900.0
JPM,2019-01-16,950880.0,3267992.0,Wednesday,86.06418654279011,87.07422821715974,85.68542252032358,86.27461242675781,18533000.0
JPM,2019-01-17,355442.0,2751895.0,Thursday,85.94633509071204,87.11630230846268,85.78640938902225,86.62811279296875,14247600.0
JPM,2019-01-18,1806002.0,4529300.0,Friday,87.34357864317562,88.29470780904228,86.55238163591805,88.03377532958984,16428700.0
JPM,2019-01-22,609388.0,6140741.0,Tuesday,86.76280410961483,87.19206829963792,85.96318187825491,86.64496612548828,17083700.0
JPM,2019-01-23,274380.0,2994805.0,Wednesday,87.06583646869632,87.28467481634388,85.82853094984715,86.42613983154297,12146700.0
JPM,2019-01-24,238371.0,4188825.0,Thursday,85.9631762563508,86.7712108468119,85.8032569578882,86.47661590576172,11296800.0
JPM,2019-01-25,288651.0,3769960.0,Friday,87.12471887585859,87.79807772850012,86.47660367552194,87.02371215820312,14369400.0
JPM,2019-01-28,236753.0,2276443.0,Monday,86.60288011671672,87.7391786559878,86.3503664761282,87.43616485595703,12283100.0
JPM,2019-01-29,175168.0,2273102.0,Tuesday,87.43618772215281,88.47148621328927,87.30993729053034,87.68028259277344,9743300.0
JPM,2019-01-30,305042.0,2694390.0,Wednesday,87.6550072581486,88.58087987960188,87.35199346615465,87.88227081298828,12526300.0
JPM,2019-01-31,433953.0,8441744.0,Thursday,87.04055988889161,87.36882373212909,86.46820126602073,87.1163101196289,17520600.0
JPM,2019-02-01,288608.0,6040340.0,Friday,87.53717159653016,88.25261834927946,87.13315105592625,87.43616485595703,13000800.0
JPM,2019-02-04,148157.0,3009274.0,Monday,87.36042906249074,87.74761199951172,86.70390119442517,87.74761199951172,9871500.0
JPM,2019-02-05,129533.0,4966708.0,Tuesday,87.97485259563102,88.00010909645704,86.9395608208615,87.36041259765625,12763000.0
JPM,2019-02-06,178655.0,3081617.0,Wednesday,87.29307877712588,88.05903212844436,87.09107171306921,87.31832885742188,8745000.0
JPM,2019-02-07,247180.0,3651181.0,Thursday,86.90590665907256,87.11633258318653,85.38242502342803,86.17362213134766,13177500.0
JPM,2019-02-08,192598.0,4195798.0,Friday,85.92109868064895,86.13993697686341,84.22085393813124,85.31507110595703,12892600.0
JPM,2019-02-11,235743.0,2941457.0,Monday,85.65176748943814,85.86219340750851,84.8184762302631,84.91106414794922,10978500.0
JPM,2019-02-12,298317.0,3841912.0,Tuesday,85.81167891569831,86.62813243007231,85.76117875495395,86.3587875366211,12852300.0
JPM,2019-02-13,180464.0,2889324.0,Wednesday,86.61129042041688,87.41090616738089,86.61129042041688,86.77120971679688,10754100.0
JPM,2019-02-14,363638.0,2389717.0,Thursday,86.24936313647856,86.77963405711608,85.306652855879,86.207275390625,11518500.0
JPM,2019-02-15,1048850.0,3178712.0,Friday,87.45299248397038,88.96805488850661,87.25098544770313,88.84180450439453,14716900.0
JPM,2019-02-19,388566.0,3191205.0,Tuesday,88.30312311451806,88.69030597955332,87.37724406585929,88.53038024902344,12764900.0
JPM,2019-02-20,149362.0,3170003.0,Wednesday,88.55561242292963,89.05222075968045,88.27784876449377,88.95963287353516,10030300.0
JPM,2019-02-21,182103.0,2180372.0,Thursday,88.75762980243962,89.21215045431674,88.34519689342979,88.77446746826172,8400100.0
JPM,2019-02-22,210747.0,2892551.0,Friday,88.96805030811534,89.2963141332824,88.19368469088472,88.37886047363281,10647300.0
JPM,2019-02-25,239995.0,3517407.0,Monday,89.01015356655503,90.2895401823469,88.95965340670588,89.30474853515625,11230700.0
JPM,2019-02-26,501331.0,3034049.0,Tuesday,87.95800883890963,88.77446219722886,87.48665697088516,88.62295532226562,15465400.0
JPM,2019-02-27,196058.0,1636491.0,Wednesday,88.5303734195663,88.69871154905178,87.96643362193316,88.51354217529297,9968800.0
JPM,2019-02-28,1227719.0,8666305.0,Thursday,88.3873033669239,88.55564153069052,87.68868778608275,87.84019470214844,15156900.0
JPM,2019-03-01,431327.0,3629921.0,Friday,88.46304108996087,89.1448253265775,87.70550661688038,87.89910125732422,13813300.0
JPM,2019-03-04,263267.0,3843638.0,Monday,88.31152242793705,89.1532258588286,86.92271048262847,87.69708251953125,12466300.0
JPM,2019-03-05,177985.0,4311332.0,Tuesday,87.64659198834333,88.00011237450298,86.9143139793234,87.6297607421875,10856600.0
JPM,2019-03-06,218950.0,2737478.0,Wednesday,87.41932876364966,88.01693749677746,87.15840272541185,87.3014907836914,9070800.0
JPM,2019-03-07,227959.0,4580943.0,Thursday,86.9059030485273,87.09107888152472,85.9884491399174,86.67022705078125,12705700.0
JPM,2019-03-08,341874.0,2270190.0,Friday,85.84533913423917,86.88905610961527,85.84533913423917,86.7038803100586,10582400.0
JPM,2019-03-11,263797.0,3160872.0,Monday,87.52034561969143,88.00011642834285,87.25100071696937,87.83177185058594,9763200.0
JPM,2019-03-12,213547.0,2922325.0,Tuesday,88.0337797017477,88.20212428099532,87.32675173397494,87.57084655761719,10219100.0
JPM,2019-03-13,281183.0,3467910.0,Wednesday,87.69708698379065,88.3620334986469,87.49507352647807,87.86542510986328,13022200.0
JPM,2019-03-14,144485.0,4070992.0,Thursday,87.95802637826675,89.11116262441183,87.92435746359585,88.66505432128906,10926500.0
JPM,2019-03-15,3154758.0,21379457.0,Friday,88.72397590529788,89.89394334739063,88.57246900666846,89.68351745605469,24811700.0
JPM,2019-03-18,2018111.0,4504009.0,Monday,89.68350877041405,90.72721929228658,89.64142102754752,90.22219848632812,12935500.0
JPM,2019-03-19,264318.0,4649709.0,Tuesday,91.07230818769942,91.24065272602871,89.68350267118606,89.89392852783203,12889300.0
JPM,2019-03-20,276000.0,5237694.0,Wednesday,89.58249486457449,89.767670643653,87.88225678898412,87.97483825683594,14920700.0
JPM,2019-03-21,432384.0,3492552.0,Thursday,87.10789638945107,87.10789638945107,86.08943589029907,86.58604431152344,19751000.0
JPM,2019-03-22,560832.0,4052261.0,Friday,85.70226063951134,86.12311244120245,83.76633978305665,83.96835327148438,31115200.0
JPM,2019-03-25,381189.0,2725976.0,Monday,83.82525059900578,84.65012287537488,82.56269531712884,83.26972961425781,21032300.0
JPM,2019-03-26,462731.0,3262510.0,Tuesday,84.01883539763331,84.50702492400772,83.17713197492743,84.1030044555664,15987100.0
JPM,2019-03-27,199986.0,2933385.0,Wednesday,84.0693559900809,84.54912680081523,83.39599694119694,83.81684875488281,12753200.0
JPM,2019-03-28,220502.0,2555355.0,Thursday,84.17035087412287,84.84371624979111,83.95150616377747,84.76795959472656,12454100.0
JPM,2019-03-29,217584.0,10655338.0,Friday,85.46656871362572,85.84533269581101,84.6669465865746,85.20564270019531,14523400.0
JPM,2019-04-01,412873.0,4530422.0,Monday,85.98000413004915,88.10951271784742,85.9547540553618,88.07584381103516,17499300.0
JPM,2019-04-02,171101.0,2161391.0,Tuesday,88.04219862844008,88.7492330186432,87.81494147332889,88.49671936035156,10295400.0
JPM,2019-04-03,301133.0,2500982.0,Wednesday,89.06065241386803,89.52359194462498,88.20211760064167,88.67346954345703,11499200.0
JPM,2019-04-04,263501.0,2164377.0,Thursday,88.67346188208359,89.6742721071206,88.58864230150759,89.53008270263672,11952100.0
JPM,2019-04-05,194624.0,3695092.0,Friday,89.73363414253859,89.99655670119225,89.04663313028966,89.31803894042969,9933700.0
JPM,2019-04-08,176694.0,2431490.0,Monday,89.14843903012705,89.60643768310547,88.97881277531734,89.60643768310547,8056300.0
JPM,2019-04-09,203680.0,1934617.0,Tuesday,89.12298711607735,89.22476027078558,88.41902593215637,88.94487762451172,9092200.0
JPM,2019-04-10,204543.0,4887324.0,Wednesday,89.16540397017765,89.66581244978768,88.6056321218642,89.34351348876953,10882300.0
JPM,2019-04-11,325470.0,1746288.0,Thursday,89.65729678546319,90.52240724398654,89.53007389793623,90.09833526611328,11183800.0
JPM,2019-04-12,1305623.0,4510249.0,Friday,92.82088567680958,94.86490944548554,92.34592061492089,94.32209777832033,25834100.0
JPM,2019-04-15,613525.0,3535041.0,Monday,94.0761498929086,94.14400297958592,92.5494942676274,93.2449722290039,15163800.0
JPM,2019-04-16,303260.0,2474641.0,Tuesday,93.21103523920289,94.47476810051184,93.17710869966646,94.2288055419922,11583200.0
JPM,2019-04-17,413660.0,2915245.0,Wednesday,94.7376987612646,97.24821113414863,94.15248369919534,96.94287872314452,17791900.0
JPM,2019-04-18,975667.0,3224441.0,Thursday,97.13795995079752,97.49417898292234,96.120189438776,96.2304458618164,12501900.0
JPM,2019-04-22,220600.0,2756926.0,Monday,95.69611392645947,96.62907127459496,95.55193096201144,96.34918212890624,7975900.0
JPM,2019-04-23,272089.0,2078342.0,Tuesday,95.8402783474707,97.002238033924,95.71305544487971,96.46790313720705,9193100.0
JPM,2019-04-24,224313.0,3786601.0,Wednesday,96.0608001360655,96.81564784821198,95.67913141827157,96.3067626953125,9245700.0
JPM,2019-04-25,308576.0,2572947.0,Thursday,95.8487504178766,96.8156340114476,95.41619518786068,96.35763549804688,9311800.0
JPM,2019-04-26,205185.0,2019377.0,Friday,96.64604323655664,97.18037830258736,96.3491940169994,97.08708190917967,7889300.0
JPM,2019-04-29,216388.0,3713931.0,Monday,97.19732083572347,99.368574316623,97.07009791573373,98.48650360107422,14242200.0
JPM,2019-04-30,419477.0,6995911.0,Tuesday,98.74942410183095,98.99538668297215,97.75709699472188,98.42713165283205,11389100.0
JPM,2019-05-01,201172.0,2222688.0,Wednesday,98.14724565798728,99.23286917430556,97.6298771899252,97.67228698730467,10412900.0
JPM,2019-05-02,167562.0,1492346.0,Thursday,97.6807334033914,98.1981017106154,97.18033159817534,97.88429260253906,8613300.0
JPM,2019-05-03,211770.0,2223624.0,Friday,98.38472397091712,98.96146226682106,98.10483484110492,98.48650360107422,8185400.0
JPM,2019-05-06,405710.0,2147534.0,Monday,96.84109959568757,97.9352063289615,96.450954062019,97.61290740966795,9387000.0
JPM,2019-05-07,248169.0,6308592.0,Tuesday,96.71388007024728,96.71388007024728,95.23811100490862,96.01840209960938,15017700.0
JPM,2019-05-08,208127.0,3116844.0,Wednesday,95.55190838551547,96.4085291865986,95.38227569904456,95.5094985961914,9575800.0
JPM,2019-05-09,385022.0,3822031.0,Thursday,94.26274510568736,95.619774520514,93.78778642820473,95.43318176269533,12205900.0
JPM,2019-05-10,189269.0,4668125.0,Friday,94.78010652535978,95.70458052104236,93.7538529045821,95.42469787597656,13189000.0
JPM,2019-05-13,405950.0,3607484.0,Monday,93.36371885900309,93.67752808434552,92.43076149549584,92.82938385009766,13783700.0
JPM,2019-05-14,260824.0,2883198.0,Tuesday,92.91418502906296,94.75465609949144,92.87177523742793,93.56725311279295,10503600.0
JPM,2019-05-15,175370.0,2791626.0,Wednesday,92.62583035299896,94.05919616882292,92.11694511042136,93.21105194091795,10142000.0
JPM,2019-05-16,204571.0,2583252.0,Thursday,93.82171391713004,95.13633354720704,93.79626415558576,94.40692901611328,9672700.0
JPM,2019-05-17,538834.0,2240048.0,Friday,93.2958530792222,94.78010528730076,93.15167013200714,93.94892120361328,9570100.0
JPM,2019-05-20,142520.0,2605017.0,Monday,93.78779631262192,94.83101015644222,93.60968678979474,94.44086456298828,8518200.0
JPM,2019-05-21,266484.0,3105312.0,Tuesday,94.5171828752913,94.92428842953804,94.33059013341732,94.76314544677734,7967900.0
JPM,2019-05-22,140282.0,2759967.0,Wednesday,94.48325816029332,94.81403385607238,93.93196317705282,93.9913330078125,7918900.0
JPM,2019-05-23,191657.0,3519831.0,Thursday,92.99053160872842,93.11775453568256,91.17550349860832,92.14238739013672,14558000.0
JPM,2019-05-24,238370.0,2108281.0,Friday,92.88875439323311,93.26193992980149,92.60887171163388,93.0499038696289,8537300.0
JPM,2019-05-28,161174.0,7180482.0,Tuesday,92.6173496165762,93.15168463601076,91.9727646448416,92.04061126708984,11665500.0
JPM,2019-05-29,246653.0,2521614.0,Wednesday,91.13307354374872,91.93881425570396,90.80229788932068,91.78614807128906,9966400.0
JPM,2019-05-30,164570.0,3435041.0,Thursday,92.15085964026407,92.600374987108,90.36127503506675,90.80230712890624,10367800.0
JPM,2019-05-31,406716.0,4772409.0,Friday,89.53009529051977,90.40368273834424,88.91943046113627,89.86935424804688,10952800.0
JPM,2019-06-03,209765.0,3725144.0,Monday,89.73365473279887,90.63268547189942,89.30958265272105,90.29342651367188,11680700.0
JPM,2019-06-04,230526.0,3825119.0,Tuesday,91.4723407944327,93.21103880493858,90.86167600106816,93.07533264160156,12858600.0
JPM,2019-06-05,196791.0,2772599.0,Wednesday,93.1771242088384,93.61815635456924,92.1423872286378,93.40612030029295,8340500.0
JPM,2019-06-06,200426.0,1963335.0,Thursday,93.42307979729428,94.0337446231145,92.38834289474627,93.60967254638672,8726700.0
JPM,2019-06-07,205394.0,2570812.0,Friday,93.04141195280847,93.31281782572714,92.413787084964,92.58341979980467,10618900.0
JPM,2019-06-10,253631.0,3434409.0,Monday,93.93195543033964,94.32210092470244,93.48244011011346,93.58421325683594,11380600.0
JPM,2019-06-11,193336.0,2246271.0,Tuesday,93.9913440455806,94.62745222306036,93.6096817274235,93.8726043701172,9847700.0
JPM,2019-06-12,151668.0,2444561.0,Wednesday,93.88954301826742,94.05917570944676,92.35440437034131,92.67669677734376,9670500.0
JPM,2019-06-13,185440.0,2000618.0,Thursday,92.8378628537511,93.43156767303842,92.49012709846038,92.9057159423828,8406900.0
JPM,2019-06-14,183583.0,3215741.0,Friday,92.9311448311736,93.55029284504045,92.13388734037062,93.14318084716795,9077400.0
JPM,2019-06-17,189194.0,2857143.0,Monday,93.0414057788842,93.60966724735948,92.49859406906609,92.6343002319336,8128600.0
JPM,2019-06-18,210424.0,3049879.0,Tuesday,92.45620577557462,94.49175325369548,92.4307624836075,93.8980484008789,11057300.0
JPM,2019-06-19,173762.0,5657629.0,Wednesday,93.99133602287604,94.64440418218156,93.04141222942332,93.2195281982422,13126500.0
JPM,2019-06-20,301293.0,7013302.0,Thursday,94.04222344019958,94.22033293977935,92.47315801652633,93.4570083618164,13638000.0
JPM,2019-06-21,2652587.0,22331835.0,Friday,93.4570080903849,94.71225783734722,92.52404432744824,92.8208999633789,27089500.0
JPM,2019-06-24,324674.0,5752727.0,Monday,92.68517742621246,93.10076618398382,92.05755266354188,92.15933227539062,13039600.0
JPM,2019-06-25,220001.0,11750118.0,Tuesday,92.17631007738078,92.43075592063931,91.3196826406254,91.3960189819336,18660100.0
JPM,2019-06-26,216881.0,3431567.0,Wednesday,91.85400190514494,92.7106227245438,91.73526225748915,92.00666809082033,10324600.0
JPM,2019-06-27,189796.0,2383494.0,Thursday,92.31199645996094,92.9141844373804,91.97274401234378,92.31199645996094,10906600.0
JPM,2019-06-28,443720.0,17768004.0,Friday,94.1779184595653,95.35683820108028,94.0591788072419,94.822509765625,21634700.0
JPM,2019-07-01,264567.0,3758533.0,Monday,96.03537564221152,97.12947602317834,95.90815271138392,96.4170379638672,12724500.0
JPM,2019-07-02,171639.0,1863137.0,Tuesday,96.27284387854178,96.85805893944963,96.026881299564,96.51880645751952,10174900.0
JPM,2019-07-03,201743.0,240.0,Wednesday,96.8092133686287,97.2619176668782,95.88673769822456,96.36505889892578,6849400.0
JPM,2019-07-05,309889.0,2530841.0,Friday,96.95443403776602,97.60358244667589,96.45048284710782,96.93734741210938,7929400.0
JPM,2019-07-08,185121.0,1899757.0,Monday,96.48463850622772,96.92879948937863,96.091730877525,96.40776824951172,6917200.0
JPM,2019-07-09,163628.0,3437944.0,Tuesday,95.90384045008484,96.93735986942607,95.7928034356006,96.81777954101562,8947300.0
JPM,2019-07-10,413220.0,1850386.0,Wednesday,96.83484594710984,97.22775358935706,96.29672806499735,96.535888671875,9242300.0
JPM,2019-07-11,227481.0,1942715.0,Thursday,96.8348490663697,97.68045452982234,96.6213118724022,97.4583740234375,11595200.0
JPM,2019-07-12,284175.0,2609084.0,Friday,97.483986127339,98.5260485555916,97.31315899865118,98.48334503173828,10783400.0
JPM,2019-07-15,378321.0,2775371.0,Monday,98.68833994454889,98.71396336246224,96.9714992613416,97.28753662109376,12946600.0
JPM,2019-07-16,1342630.0,2828987.0,Tuesday,96.92879417230267,98.65417162253664,96.4504664846377,98.32959747314452,16945000.0
JPM,2019-07-17,482742.0,3029357.0,Wednesday,97.74021494456294,98.17583251237218,97.14231359002947,97.36438751220705,13120900.0
JPM,2019-07-18,233054.0,1969683.0,Thursday,97.3131603716327,98.28688935549351,96.98858621589154,97.94522857666016,9397200.0
JPM,2019-07-19,743469.0,3621698.0,Friday,98.13314091375986,98.32959797665924,96.86046121053695,96.98004150390624,10402800.0
JPM,2019-07-22,250620.0,3031960.0,Monday,96.44194033326686,97.7573236987595,96.32235351067506,97.60357666015624,9061100.0
JPM,2019-07-23,204862.0,2831036.0,Tuesday,98.12460516310227,99.46561842776124,98.07335832389168,99.38874816894533,12752200.0
JPM,2019-07-24,254036.0,2138824.0,Wednesday,98.7224907069785,99.83287990900472,98.67123736280396,99.79017639160156,10011000.0
JPM,2019-07-25,220802.0,1835548.0,Thursday,99.84145297625284,100.14040375372043,98.5004396173512,98.83355712890624,10138400.0
JPM,2019-07-26,265906.0,3423983.0,Friday,98.88480180587044,99.51687659768712,98.67980792247376,99.26917266845705,12800400.0
JPM,2019-07-29,240944.0,2626307.0,Monday,99.47415622521558,100.08914432820036,98.9018781636304,98.953125,8500400.0
JPM,2019-07-30,209889.0,1515741.0,Tuesday,98.38938670226212,99.14957849197444,98.0221025160364,98.73104095458984,7121100.0
JPM,2019-07-31,295605.0,5606161.0,Wednesday,99.16665134980776,99.23498480193363,98.10750890840326,99.08123779296876,13648000.0
JPM,2019-08-01,216173.0,2891170.0,Thursday,98.50898255211526,99.76458232930038,96.17715346353742,96.46756744384766,15664500.0
JPM,2019-08-02,180601.0,1822285.0,Friday,96.0063323023082,96.88610457751923,95.1521834500041,96.4590301513672,11025500.0
JPM,2019-08-05,291846.0,4606739.0,Monday,94.6311356420768,94.7934259810646,92.4786772599554,93.58907318115234,15855300.0
JPM,2019-08-06,282592.0,3120019.0,Tuesday,93.99907997015268,94.38344433136264,92.53847975762292,94.32365417480467,10203500.0
JPM,2019-08-07,375977.0,3717625.0,Wednesday,92.24807347722142,92.48723410653726,90.48852897585056,92.27369689941406,17320900.0
JPM,2019-08-08,321601.0,4250379.0,Thursday,93.14493351778675,94.02470577946634,92.86306283686852,93.8367919921875,10903300.0
JPM,2019-08-09,144208.0,2621933.0,Friday,93.40115074639286,94.3407129296196,92.49575529012814,93.73426818847656,9980800.0
JPM,2019-08-12,258269.0,165013.0,Monday,92.6238862761033,92.68367642389738,91.5732805172792,91.9747314453125,9393700.0
JPM,2019-08-13,266235.0,3898362.0,Tuesday,92.20535009341393,94.2382281818587,91.4195348488468,93.39261627197266,12124700.0
JPM,2019-08-14,550680.0,6615799.0,Wednesday,90.796008808013,91.31704003285132,89.21582851029565,89.51478576660156,19491800.0
JPM,2019-08-15,381395.0,3243511.0,Thursday,89.53184833007946,90.86431794673608,89.12185416984259,89.8564224243164,13365600.0
JPM,2019-08-16,728398.0,4892357.0,Friday,90.85581153916928,92.23099164873967,90.42873713288375,92.0089111328125,11830600.0
JPM,2019-08-19,291316.0,1893946.0,Monday,93.64032828215744,93.74282848161224,92.60680904171438,92.83743286132812,8265400.0
JPM,2019-08-20,275074.0,4467561.0,Tuesday,92.11994780418034,92.62389899045328,91.59891650903768,91.65870666503906,8374000.0
JPM,2019-08-21,367458.0,2717587.0,Wednesday,92.42742778450972,92.6153415365759,91.7782729637276,91.9149398803711,8189300.0
JPM,2019-08-22,322730.0,4952282.0,Thursday,92.56410921631844,93.33283793475364,92.18828165325176,92.8630599975586,9343400.0
JPM,2019-08-23,347807.0,9966531.0,Friday,92.2480795362606,92.9143146235825,89.77958978111215,90.5568618774414,14762300.0
JPM,2019-08-26,396652.0,4998462.0,Monday,91.06933788335422,91.385368735674,90.54830664848174,91.28287506103516,8209500.0
JPM,2019-08-27,311462.0,8963831.0,Tuesday,91.69288350327456,91.87225399104392,89.5489679304594,90.31770324707033,14331800.0
JPM,2019-08-28,277613.0,4883537.0,Wednesday,89.75394669378912,91.57328107340363,89.71977996389397,91.22308349609376,10585500.0
JPM,2019-08-29,352160.0,4079202.0,Thursday,92.36764837061152,93.86240873274302,92.26514817121854,93.29013061523438,10002200.0
JPM,2019-08-30,410413.0,14059841.0,Friday,93.81970536608662,94.43469357294882,93.50367446624357,93.8367919921875,10170300.0
JPM,2019-09-03,447986.0,5666798.0,Tuesday,93.0851344547014,93.09367125029668,91.66724438934092,92.72638702392578,9868800.0
JPM,2019-09-04,331718.0,4281504.0,Wednesday,93.48656664212936,94.1442647484727,92.726374868975,93.8453140258789,6929200.0
JPM,2019-09-05,494507.0,4812315.0,Thursday,95.02404868337103,97.13379714399196,94.9813386391054,95.98069763183594,13224700.0
JPM,2019-09-06,264892.0,3507003.0,Friday,96.22840187790638,96.50172921887388,95.63049383935147,96.1856918334961,7836600.0
JPM,2019-09-09,384707.0,6496242.0,Monday,97.12524279104862,99.13249082723978,97.03128591765508,98.56875610351562,13985100.0
JPM,2019-09-10,566849.0,5850421.0,Tuesday,99.33750678872144,100.16602564025364,98.85064223955224,99.82437133789062,14333100.0
JPM,2019-09-11,553592.0,3793963.0,Wednesday,99.84143194482472,100.10621593242855,98.55166570042223,100.0976791381836,9919200.0
JPM,2019-09-12,512514.0,5264457.0,Thursday,99.5510417824399,101.19100585737864,99.01292388651709,100.71268463134766,12283500.0
JPM,2019-09-13,749316.0,6094117.0,Friday,101.64368450439746,102.83949386071772,101.43014735207728,102.6942901611328,16257200.0
JPM,2019-09-16,598774.0,8064816.0,Monday,101.55828449753132,102.38680980174404,101.11412351212525,101.78036499023438,11993900.0
JPM,2019-09-17,506129.0,6084105.0,Tuesday,101.1482741136943,101.31056443055624,100.14037852031754,101.27639770507812,10735400.0
JPM,2019-09-18,332397.0,4755227.0,Wednesday,101.06287804558856,102.56618164356529,100.57601352739532,102.29285430908205,10665600.0
JPM,2019-09-19,416797.0,5995978.0,Thursday,102.24159667117918,102.78825131724848,101.7205654434198,101.96826934814452,9382600.0
JPM,2019-09-20,7593738.0,31177062.0,Friday,102.27578576915012,102.78827379734302,101.532680409094,101.5583038330078,21862800.0
JPM,2019-09-23,383510.0,7203255.0,Monday,100.60162887149646,101.74619147295957,100.51621530819614,101.54119110107422,9135100.0
JPM,2019-09-24,403415.0,7096910.0,Tuesday,101.4301672256874,101.8657849264311,99.96957359963407,100.21727752685548,11696500.0
JPM,2019-09-25,304450.0,5774285.0,Wednesday,100.16601933706237,101.09704484733736,100.03790224005736,100.78955078125,9389400.0
JPM,2019-09-26,234921.0,5840581.0,Thursday,100.687046515775,100.83225674757198,99.89268796327508,99.96102142333984,9899200.0
JPM,2019-09-27,346763.0,4925164.0,Friday,100.75537073684931,101.33619206086522,100.17454941283344,100.55037689208984,10207800.0
JPM,2019-09-30,558699.0,9377895.0,Monday,101.09703542064034,101.44723298086296,100.12330647437064,100.5247573852539,9755000.0
JPM,2019-10-01,311567.0,4634295.0,Tuesday,101.13121444635412,101.64370239881892,98.57731147964743,98.69689178466795,11250300.0
JPM,2019-10-02,488084.0,7181229.0,Wednesday,98.0648000718446,98.14167683558624,96.4590030270536,96.73233032226562,12548700.0
JPM,2019-10-03,267808.0,6086826.0,Thursday,96.6634558911236,97.214496169961,95.15672165341564,96.5945816040039,12735200.0
JPM,2019-10-04,301808.0,6025809.0,Friday,96.7237404300812,98.96232262405488,96.6634713137106,98.68680572509766,9453100.0
JPM,2019-10-07,215502.0,4878767.0,Monday,98.3165789514835,99.444475226482,98.2132576514005,98.4715576171875,6771600.0
JPM,2019-10-08,239209.0,5496414.0,Tuesday,97.343650981991,97.343650981991,96.1382687055084,96.2760238647461,10806300.0
JPM,2019-10-09,259816.0,3920153.0,Wednesday,97.0078748837776,97.4297652924554,96.49128148842918,96.9734344482422,7273700.0
JPM,2019-10-10,295515.0,4004178.0,Thursday,97.41252585956592,99.35836745162771,97.2919876393253,98.3337860107422,10994100.0
JPM,2019-10-11,395254.0,6874003.0,Friday,99.90078911751148,101.58833076422704,99.76303396718792,99.99549865722656,15076500.0
JPM,2019-10-14,285253.0,2785312.0,Monday,99.74580448790024,100.62401897281832,99.58222066725074,100.26239776611328,8779000.0
JPM,2019-10-15,1333626.0,12568142.0,Tuesday,102.32879183761,104.687905633461,101.4850242306047,103.28449249267578,23379000.0
JPM,2019-10-16,454791.0,6409604.0,Wednesday,103.28450299733518,103.85276033926286,102.78512652755175,103.04342651367188,11087700.0
JPM,2019-10-17,495109.0,4761305.0,Thursday,103.9646751580001,104.6706875961124,103.21561053742066,103.62027740478516,10818500.0
JPM,2019-10-18,2446468.0,5009664.0,Friday,103.31891831687554,104.19712623227942,103.19838010434638,103.8010711669922,10417400.0
JPM,2019-10-21,510712.0,6211250.0,Monday,105.0839559826973,106.56485501031096,105.03229205499858,106.3754425048828,12714600.0
JPM,2019-10-22,368085.0,4573671.0,Tuesday,106.28935317803904,107.70998986709442,106.00523109530084,107.44308471679688,12549100.0
JPM,2019-10-23,401857.0,4468427.0,Wednesday,106.93507903143532,107.75302441860102,106.9092503525804,107.7271957397461,8828300.0
JPM,2019-10-24,372553.0,3448353.0,Thursday,107.8735711246523,108.19214018290177,106.82316097626055,107.64971160888672,8020500.0
JPM,2019-10-25,284628.0,4737035.0,Friday,107.62389185207536,109.04452853829096,107.4086440683712,108.51071166992188,9055700.0
JPM,2019-10-28,330913.0,5962387.0,Monday,108.97563807440145,109.5266718266518,108.8292711708938,108.92398071289062,9522200.0
JPM,2019-10-29,273080.0,3329702.0,Tuesday,108.53651065338612,109.70745880182967,108.43319594953712,108.8550796508789,9797300.0
JPM,2019-10-30,332256.0,3398966.0,Wednesday,108.52792012145872,108.70872744643648,107.55499606997437,108.25240325927734,8513700.0
JPM,2019-10-31,526825.0,15534427.0,Thursday,108.0457649405375,108.25240752194064,106.64235189492004,107.55500030517578,11589100.0
JPM,2019-11-01,587407.0,5896614.0,Friday,108.65706938523056,110.19824417430642,108.50209073133354,110.03466033935548,11682600.0
JPM,2019-11-04,644100.0,3619803.0,Monday,111.13672525576354,111.42945905694192,110.68900623546205,110.91287231445312,9159900.0
JPM,2019-11-05,470844.0,10704694.0,Tuesday,111.40363518457244,112.18714021949378,110.93008746359357,111.1539535522461,13747600.0
JPM,2019-11-06,465129.0,7192791.0,Wednesday,110.8009514972536,111.7910860495046,110.70624194669794,111.32615661621094,11231100.0
JPM,2019-11-07,429281.0,10893246.0,Thursday,112.2990604963046,113.03951335218107,111.8599597741393,111.92884063720705,13528900.0
JPM,2019-11-08,327182.0,4522864.0,Friday,111.8255240585061,112.27322995450594,111.28309548188656,112.25601959228516,9293400.0
JPM,2019-11-11,310081.0,4327576.0,Monday,111.58443692095896,112.01493241349708,111.36918917468986,111.85994720458984,8679000.0
JPM,2019-11-12,255031.0,3881505.0,Tuesday,111.61027138821112,112.46264409953022,111.07644801615456,111.20560455322266,9099000.0
JPM,2019-11-13,392850.0,4655727.0,Wednesday,110.31880105360764,110.91288705344522,109.7074915520941,110.6201400756836,8023300.0
JPM,2019-11-14,378921.0,5051268.0,Thursday,109.96578098748762,110.93008678600442,109.85384794384508,110.72345733642578,8483400.0
JPM,2019-11-15,893145.0,11528788.0,Friday,111.26587759044602,111.52417755126952,110.55125339182976,111.52417755126952,10163600.0
JPM,2019-11-18,383394.0,6678876.0,Monday,111.5499829405726,112.48845990250676,111.05922494139784,112.46263122558594,8749300.0
JPM,2019-11-19,377001.0,7544921.0,Tuesday,112.78121686377256,113.00506979628032,112.08380311166415,112.42820739746094,8824500.0
JPM,2019-11-20,429424.0,9286673.0,Wednesday,112.18714537083656,112.46265569716871,111.01619692414056,111.61028289794922,11782800.0
JPM,2019-11-21,314045.0,4624715.0,Thursday,111.92882883708128,112.54874340165487,111.40362380703084,111.8685531616211,7705500.0
JPM,2019-11-22,322690.0,4585696.0,Friday,112.05799025047332,112.97925706513492,112.01495120414351,112.60902404785156,8167900.0
JPM,2019-11-25,35249.0,6678732.0,Monday,113.00508073615386,113.71109973712588,112.67789991739303,113.21172332763672,10068500.0
JPM,2019-11-26,346057.0,12013078.0,Tuesday,113.49584049321436,113.49584049321436,112.23878784635376,113.36668395996094,10490700.0
JPM,2019-11-27,296927.0,5450770.0,Wednesday,113.90050076535556,114.02103898742128,113.3494670162434,113.70247650146484,6607900.0
JPM,2019-11-29,261091.0,3851331.0,Friday,113.5388852609731,114.00382778385212,113.1772705974454,113.44417572021484,5712000.0
JPM,2019-12-02,581138.0,4490964.0,Monday,113.91773317312934,114.28796618693478,113.09118905366743,113.19450378417967,8615600.0
JPM,2019-12-03,486834.0,7066392.0,Tuesday,111.73079759118916,111.8943879712744,110.714821453771,111.7394027709961,10361300.0
JPM,2019-12-04,429527.0,5159723.0,Wednesday,112.25603007574291,114.05549842194615,111.92024405354384,113.94356536865234,10318200.0
JPM,2019-12-05,296203.0,4738492.0,Thursday,114.2362881245582,114.77871669921689,113.8057925923354,114.56346893310548,9587400.0
JPM,2019-12-06,518264.0,4903413.0,Friday,115.9668724167785,116.90534939324084,115.93242542189812,116.2682113647461,10170600.0
JPM,2019-12-09,346419.0,5940892.0,Monday,115.9152415508205,116.62986577458156,115.72582244873048,115.72582244873048,8498200.0
JPM,2019-12-10,385420.0,4193411.0,Tuesday,114.72704499538946,116.03575492829611,114.40848254542593,115.80328369140624,7532900.0
JPM,2019-12-11,471494.0,8522480.0,Wednesday,115.62245762868884,116.25099042007382,115.38138123719364,115.52774810791016,9011900.0
JPM,2019-12-12,298162.0,5753449.0,Thursday,115.79467968818116,119.22142005257308,115.5536032688378,118.83397674560548,13717400.0
JPM,2019-12-13,460769.0,7287179.0,Friday,118.77371988244028,119.53139625618871,117.28420895466812,117.7921905517578,10592100.0
JPM,2019-12-16,422812.0,10869580.0,Monday,119.14394266493986,119.53999118073952,118.23129427724092,118.24850463867188,11372000.0
JPM,2019-12-17,320398.0,9527394.0,Tuesday,118.58428215641628,119.39361576708414,118.15378667309758,118.9717254638672,11546800.0
JPM,2019-12-18,291632.0,8382094.0,Wednesday,118.9459134635738,119.69498464319946,118.57569360209648,118.85120391845705,10381500.0
JPM,2019-12-19,341849.0,8083554.0,Thursday,118.6101298521705,119.00619154090664,118.04188570771488,118.25713348388672,9350400.0
JPM,2019-12-20,7449601.0,43074811.0,Friday,118.83397116256556,119.5744238836694,117.869652392818,118.1623992919922,29992600.0
JPM,2019-12-23,335586.0,9412578.0,Monday,118.47238743569852,118.73929259003556,117.85247275699462,118.12798309326172,9738400.0
JPM,2019-12-24,205912.0,474259.0,Tuesday,118.23986857118864,118.49816843966488,118.00739737579237,118.45511627197266,3324300.0
JPM,2019-12-26,124649.0,6348564.0,Thursday,118.72203157842031,119.76383632082158,118.62732205638385,119.71216583251952,6770900.0
JPM,2019-12-27,249808.0,8382437.0,Friday,119.93602523563476,120.34069197671218,119.39359680872728,119.79826354980467,7868200.0
JPM,2019-12-30,269201.0,4059830.0,Monday,120.45263335522152,120.607618563869,119.22142255471223,119.35918426513672,6963000.0
JPM,2019-12-31,208791.0,8022971.0,Tuesday,119.25586661683587,120.0910289934298,119.06644753321577,120.02214813232422,7201600.0
JPM,2020-01-02,458893.0,6443961.0,Thursday,120.35793524483176,121.4858445760936,119.90161103121022,121.47722625732422,10803700.0
JPM,2020-01-03,692457.0,5396545.0,Friday,119.14627326623466,120.64534631134585,118.78233714544574,119.8741455078125,10386800.0
JPM,2020-01-06,417501.0,8181273.0,Monday,118.33174737981504,119.81349962132558,118.2797583927482,119.7788314819336,10259000.0
JPM,2020-01-07,453226.0,4839508.0,Tuesday,118.9556436518811,119.4582259052748,117.69053420542578,117.74252319335938,10531300.0
JPM,2020-01-08,706198.0,4401660.0,Wednesday,117.58654603797352,119.21560488599076,117.49990212985831,118.6610336303711,9695300.0
JPM,2020-01-09,467369.0,5205940.0,Thursday,119.62289143265892,119.7788584289478,118.74769921340209,119.09431457519533,9469000.0
JPM,2020-01-10,558288.0,4659525.0,Friday,118.89500367190524,118.92965859260303,117.68186989512428,117.90717315673828,10190900.0
JPM,2020-01-13,777623.0,7825314.0,Monday,118.01118863542924,118.88636779785156,117.6385787039246,118.88636779785156,12355200.0
JPM,2020-01-14,1428092.0,9842016.0,Tuesday,119.52755970123584,121.97113490778868,119.31093008403684,120.27276611328124,24906000.0
JPM,2020-01-15,1319890.0,13323308.0,Wednesday,119.44956029009066,120.09944905505957,117.97646851187788,118.47039031982422,16293400.0
JPM,2020-01-16,625843.0,5498800.0,Thursday,119.1029656681212,119.49289635031268,118.57438885207664,118.9296646118164,10783800.0
JPM,2020-01-17,3084574.0,10640430.0,Friday,119.18096319934834,119.83085215356368,118.99034127037449,119.75286865234376,14697700.0
JPM,2020-01-21,524193.0,5740879.0,Tuesday,118.87765805814392,119.64019845968056,118.44439887036556,118.57437133789062,8474200.0
JPM,2020-01-22,373037.0,5409185.0,Wednesday,118.9210067180728,119.05963963285372,118.17580026027896,118.4357452392578,7549100.0
JPM,2020-01-23,415551.0,5885067.0,Thursday,117.5952163507692,118.48772923338824,116.73735838600952,118.31441497802734,9345700.0
JPM,2020-01-24,427920.0,11074997.0,Friday,118.16713642588576,118.21912542599884,114.65774669800864,115.37694549560548,15166400.0
JPM,2020-01-27,688380.0,5249667.0,Monday,112.8813502952248,115.1949527264181,112.39610212985374,114.40641784667967,12860500.0
JPM,2020-01-28,285670.0,7849795.0,Tuesday,115.10833018274884,116.95401907239624,114.79638295100597,116.48609161376952,13062800.0
JPM,2020-01-29,348032.0,5532594.0,Wednesday,116.815364637662,117.44791948256024,115.84486808417164,116.31278228759766,9326000.0
JPM,2020-01-30,492303.0,6557366.0,Thursday,114.97831147503688,117.95913644229508,114.97831147503688,117.75116729736328,9048900.0
JPM,2020-01-31,607501.0,11153186.0,Friday,116.53807909810604,116.83269221803916,113.92118949735008,114.69239044189452,12785200.0
JPM,2020-02-03,519640.0,5683072.0,Monday,114.95234519899188,116.32144598961938,114.95234519899188,115.56756591796876,10021100.0
JPM,2020-02-04,466161.0,5467187.0,Tuesday,117.45659601722448,118.366443169497,117.0493312273694,117.23129272460938,9157100.0
JPM,2020-02-05,481726.0,4216746.0,Wednesday,118.3404343578889,119.34558573913728,117.85517290587964,119.22427368164062,10150700.0
JPM,2020-02-06,615256.0,6480551.0,Thursday,119.78753386400908,119.83084921560842,118.8083636326169,119.24162292480467,8992300.0
JPM,2020-02-07,325112.0,5436543.0,Friday,118.47905845851722,119.2935878791752,118.10646188890904,118.8603286743164,6379800.0
JPM,2020-02-10,342543.0,4218993.0,Monday,118.66969869865476,119.44957323434164,118.49639765362062,119.35425567626952,5960700.0
JPM,2020-02-11,616191.0,2836060.0,Tuesday,119.80484174439376,120.29010320560452,119.38891657109312,119.57955169677734,6578600.0
JPM,2020-02-12,625650.0,6561882.0,Wednesday,120.0994680799203,120.69735473190498,119.40625064307063,119.57955169677734,7958000.0
JPM,2020-02-13,443357.0,4498334.0,Thursday,119.36293429115024,119.87417707961964,118.19312892035832,119.4755859375,7447500.0
JPM,2020-02-14,286982.0,5283396.0,Friday,119.44087837307232,119.7441650645299,118.66101719792408,119.11161041259766,6627600.0
JPM,2020-02-18,425391.0,4440761.0,Tuesday,119.00763214187964,119.32825293616423,117.0233108525956,117.53455352783205,8996400.0
JPM,2020-02-19,569929.0,4329703.0,Wednesday,118.63505955389314,119.91750332410464,118.14113762674356,119.13764190673828,7071200.0
JPM,2020-02-20,290850.0,3874972.0,Thursday,118.86034962019312,119.89150882499402,118.30577826912676,119.13764190673828,7422800.0
JPM,2020-02-21,1204286.0,6758361.0,Friday,118.3230825828881,118.6436901392984,116.9106534503422,117.68185424804688,9772800.0
JPM,2020-02-24,175725.0,8841559.0,Monday,113.89518677619216,115.42025448280994,113.3406154990564,114.51908111572266,13618400.0
JPM,2020-02-25,619047.0,9286133.0,Tuesday,113.51392745162576,114.57974154156224,108.82605903014704,109.40663146972656,20797200.0
JPM,2020-02-26,1069814.0,11604669.0,Wednesday,109.98718438708237,111.73754870369832,109.47593507657356,109.73589324951172,24825600.0
JPM,2020-02-27,940990.0,9651734.0,Thursday,106.50378118877394,108.852045291897,105.10868601661802,105.16934204101562,23005500.0
JPM,2020-02-28,1721078.0,29464544.0,Friday,101.83324540228668,102.67376935710256,97.62197181464072,100.61145782470705,45931400.0
KO,2019-01-02,346983.0,3593715.0,Wednesday,38.96584222835582,39.19827804472369,38.65039882279364,38.9575424194336,11603700.0
KO,2019-01-03,203895.0,7343009.0,Thursday,38.86623021883598,39.32279572731765,38.625494584063965,38.7168083190918,14714400.0
KO,2019-01-04,179604.0,6292275.0,Friday,38.808124535392,39.48882293701172,38.71681079452585,39.48882293701172,13013700.0
KO,2019-01-07,229484.0,4743996.0,Monday,39.48882534886749,39.63824726729148,38.93264622657877,38.974151611328125,13135500.0
KO,2019-01-08,271059.0,4761692.0,Tuesday,39.22318100280744,39.488819223991214,39.04885651390384,39.41410827636719,15420700.0
KO,2019-01-09,422883.0,3816221.0,Wednesday,39.08205827174748,39.248079768803095,38.54247890634551,38.65869522094727,18032500.0
KO,2019-01-10,283958.0,9963668.0,Thursday,38.73341180115545,39.09036377178259,38.46777356719909,39.073760986328125,15976600.0
KO,2019-01-11,414152.0,7322326.0,Friday,39.25638814419608,39.31449630949096,38.99074991237445,39.29789352416992,11088600.0
KO,2019-01-14,151231.0,6829514.0,Monday,39.223185632143455,39.34770494843241,39.00735573945472,39.140174865722656,11514300.0
KO,2019-01-15,33152.0,5746702.0,Tuesday,38.92434087225522,39.51372553300878,38.85793289404381,39.48882293701172,11342900.0
KO,2019-01-16,280025.0,4862532.0,Wednesday,39.34770215536068,39.40581032106201,38.899436448529606,38.9492416381836,16907800.0
KO,2019-01-17,203328.0,4740705.0,Thursday,38.94924451313669,39.13187199976831,38.91604210646911,39.06546401977539,12044600.0
KO,2019-01-18,1992859.0,4753316.0,Friday,39.2231746902171,39.588426393896725,39.11525819064887,39.52201843261719,12760700.0
KO,2019-01-22,341689.0,5202656.0,Tuesday,39.59674331202282,39.67145427393195,39.189982926815766,39.61334609985352,11700400.0
KO,2019-01-23,8430.0,3876071.0,Wednesday,39.69635336554428,40.08651092845383,39.5552344314369,40.06990814208984,12058300.0
KO,2019-01-24,252856.0,2344982.0,Thursday,39.93708060419148,39.93708060419148,39.331093279530286,39.58842849731445,10272000.0
KO,2019-01-25,190625.0,4089682.0,Friday,39.74615126272609,39.87066737769456,39.21487490555076,39.32278823852539,12066500.0
KO,2019-01-28,222629.0,2817202.0,Monday,39.19827734266787,39.26468531282834,38.96584153046301,39.156768798828125,9966900.0
KO,2019-01-29,156029.0,3503367.0,Tuesday,39.18166214479152,39.53861397545301,39.12355400181466,39.347686767578125,11998600.0
KO,2019-01-30,302476.0,3524604.0,Wednesday,39.22318316078192,39.754459632379145,39.17337480407309,39.72955703735352,12952500.0
KO,2019-01-31,218456.0,24862703.0,Thursday,39.72125374572465,40.49326585196259,39.4058103223804,39.95368957519531,32181500.0
KO,2019-02-01,25187.0,7247196.0,Friday,40.24422952545693,40.49326496827306,40.17782155181278,40.426856994628906,19130100.0
KO,2019-02-04,385164.0,4189305.0,Monday,40.42685734137401,41.04944753708308,40.29403822628904,40.8834228515625,15105700.0
KO,2019-02-05,254548.0,5866793.0,Tuesday,40.94981968531147,41.06603597457477,40.75888930534303,40.89170837402344,12651900.0
KO,2019-02-06,210926.0,3526311.0,Wednesday,40.85020300880888,40.97472227110893,40.69248135433102,40.89170837402344,8689100.0
KO,2019-02-07,222687.0,3449305.0,Thursday,40.8170098915228,41.057745516465445,40.67589097344717,41.024539947509766,10047800.0
KO,2019-02-08,1074.0,4732559.0,Friday,40.98304110860588,41.09095764160156,40.76721120927238,41.09095764160156,9813300.0
KO,2019-02-11,320557.0,3456469.0,Monday,41.149053042009136,41.40639141262001,41.07434210645481,41.18225860595703,9369300.0
KO,2019-02-12,310447.0,4560462.0,Tuesday,41.2486765519593,41.33999029159122,41.05774926302785,41.22377395629883,10983300.0
KO,2019-02-13,22274.0,4238429.0,Wednesday,41.18226602920362,41.456204064509855,41.1407606501157,41.331687927246094,12748800.0
KO,2019-02-14,2461123.0,9237208.0,Thursday,38.766618359080816,38.98244824216891,37.77047337305338,37.84518432617188,58905400.0
KO,2019-02-15,1984395.0,8212410.0,Friday,38.102520965180496,38.4013615969413,37.52143615344024,37.55464172363281,35701600.0
KO,2019-02-19,75639.0,6188959.0,Tuesday,37.62105546217793,37.84518834533637,37.16448988536983,37.214298248291016,25511300.0
KO,2019-02-20,409354.0,9599928.0,Wednesday,37.28070524302354,37.55464648183467,37.18939149675316,37.43842697143555,27464000.0
KO,2019-02-21,478942.0,3929698.0,Thursday,37.35541291061232,38.11082224502728,37.3222073391384,38.06931686401367,23121200.0
KO,2019-02-22,451002.0,3759322.0,Friday,37.98629834348367,38.14402320558997,37.5214330656728,37.58784103393555,24728400.0
KO,2019-02-25,417407.0,4711652.0,Monday,37.72067086809492,37.82858740971192,37.22259988113019,37.30561065673828,23774400.0
KO,2019-02-26,355113.0,4225327.0,Tuesday,37.43842507036957,37.4716306430832,37.07317327049286,37.09807586669922,20463200.0
KO,2019-02-27,293417.0,4257494.0,Wednesday,37.02336958634944,37.37202181055123,36.8739476569284,37.30561065673828,17827500.0
KO,2019-02-28,359418.0,9431295.0,Thursday,37.455037265776944,37.86179771705651,37.4467374538424,37.63766479492188,22533900.0
KO,2019-03-01,320610.0,5539292.0,Friday,37.74556360004463,37.886682503179706,37.52143078330919,37.67085266113281,16291600.0
KO,2019-03-04,247667.0,6862925.0,Monday,37.795372308056685,37.91158863128376,37.604445038946864,37.89498901367188,15973800.0
KO,2019-03-05,391240.0,5811290.0,Tuesday,37.89498983762879,37.93649521587559,37.6874597797374,37.85348129272461,13062300.0
KO,2019-03-06,448693.0,6183592.0,Wednesday,37.91159389296728,38.01121061240811,37.720666597359,37.72896957397461,14232100.0
KO,2019-03-07,247320.0,3912106.0,Thursday,37.76216867977183,37.79537108057461,37.46332490594644,37.58784103393555,12084000.0
KO,2019-03-08,618830.0,3569754.0,Friday,37.479933653621416,37.562944418823136,37.031667921553634,37.22259521484375,15579100.0
KO,2019-03-11,449889.0,4574714.0,Monday,37.47162749013965,38.38476166298492,37.438421920220016,38.33495330810547,22126900.0
KO,2019-03-12,478487.0,7518337.0,Tuesday,38.14402476707003,38.39306019990008,38.10251938937458,38.22703552246094,19348500.0
KO,2019-03-13,292999.0,5341839.0,Wednesday,38.29345691068351,38.46778144366287,38.11082939994808,38.36816787719727,16222500.0
KO,2019-03-14,317200.0,4628656.0,Thursday,38.3849043642646,38.61099384321459,38.20905805651516,38.26767349243164,18504100.0
KO,2019-03-15,4418109.0,48410961.0,Friday,38.28441979577573,38.43514610948363,37.7987454084277,37.93272399902344,47254500.0
KO,2019-03-18,349794.0,13729717.0,Monday,38.04157758540553,38.25091930524848,37.98296215939359,38.02482986450195,24006400.0
KO,2019-03-19,207701.0,7431275.0,Tuesday,38.14207238529433,38.25930327318253,37.966226053462016,38.15044784545898,14987000.0
KO,2019-03-20,434169.0,6241475.0,Wednesday,38.016461215103575,38.43514469459017,37.83223946195301,38.12531661987305,13376100.0
KO,2019-03-21,146546.0,6664419.0,Thursday,38.1253292710218,38.317923352178056,38.04996609193434,38.10858154296875,20043000.0
KO,2019-03-22,331952.0,4576040.0,Friday,38.06669883007123,38.61098859740584,38.06669883007123,38.460262298583984,19055900.0
KO,2019-03-25,266159.0,2907015.0,Monday,38.40164407299284,38.68634892843709,38.34302864931029,38.54399490356445,11668200.0
KO,2019-03-26,208960.0,3181023.0,Tuesday,38.66123459633541,39.18040445959313,38.66123459633541,39.0547981262207,11434900.0
KO,2019-03-27,189131.0,6086558.0,Wednesday,39.06316615710204,39.2808801400048,38.795209011544266,39.02967071533203,11543600.0
KO,2019-03-28,203822.0,4318368.0,Thursday,39.08829016728359,39.28925645000042,38.92081613548525,39.00455474853516,11121100.0
KO,2019-03-29,293406.0,7460254.0,Friday,39.079919514062425,39.28088901579177,38.92082092115718,39.23902130126953,16045600.0
KO,2019-04-01,728076.0,3923530.0,Monday,39.34787750262642,39.49860062680747,39.01292941837556,39.12178802490234,11522700.0
KO,2019-04-02,194711.0,2372987.0,Tuesday,39.14690780572092,39.29763412340472,38.99618148803711,38.99618148803711,8495000.0
KO,2019-04-03,293537.0,4041136.0,Wednesday,38.87057153041304,39.01292557018359,38.552374395493175,38.66960525512695,12854500.0
KO,2019-04-04,182457.0,2672549.0,Thursday,38.803587458282514,38.9710614995188,38.61099342886635,38.92081832885742,7814900.0
KO,2019-04-05,193255.0,3430404.0,Friday,38.92919660782365,39.00455977212422,38.68635939015493,38.91244888305664,7677600.0
KO,2019-04-08,217984.0,4593311.0,Monday,38.9710665160345,38.99618650744792,38.74497701040758,38.97943878173828,9421300.0
KO,2019-04-09,274686.0,2533596.0,Tuesday,38.8956917390984,39.12178117724908,38.74496544699796,39.07991027832031,8641800.0
KO,2019-04-10,265123.0,3117491.0,Wednesday,39.22227217261669,39.35625077087312,38.98781042424336,39.0547981262207,8059900.0
KO,2019-04-11,231025.0,2757749.0,Thursday,39.12178259281902,39.14690257764432,38.97105629526474,39.113407135009766,7352400.0
KO,2019-04-12,169248.0,5200187.0,Friday,39.07991591779936,39.29763312416291,38.99618049646049,39.13853454589844,10690000.0
KO,2019-04-15,190297.0,4884137.0,Monday,39.25576761284282,39.38974621107224,39.105041290547,39.35625076293945,10261300.0
KO,2019-04-16,167476.0,3516418.0,Tuesday,39.39812371230589,39.439991430885584,39.10504648794581,39.31438827514648,10804600.0
KO,2019-04-17,363363.0,4309795.0,Wednesday,39.52372198909535,39.81679915359047,39.4818542790677,39.5907096862793,11849300.0
KO,2019-04-18,847951.0,5695326.0,Thursday,39.63257939932719,39.84192113747457,39.582336232223305,39.758182525634766,12167000.0
KO,2019-04-22,162970.0,3016015.0,Monday,39.69120407104492,39.86705040539548,39.37300366057569,39.69120407104492,9834700.0
KO,2019-04-23,1301725.0,5588805.0,Tuesday,40.26898552747498,40.79652771532546,39.81680650931742,40.36946868896485,25327800.0
KO,2019-04-24,304889.0,5461447.0,Wednesday,40.21873996870174,40.38621402413876,40.126629078496286,40.17687225341797,15997300.0
KO,2019-04-25,273558.0,2662784.0,Thursday,39.97590355149121,40.10150668983057,39.74981406931828,40.05963897705078,11444400.0
KO,2019-04-26,240877.0,3157487.0,Friday,40.18524868459633,40.57043678540264,40.17687322475593,40.41133499145508,10154300.0
KO,2019-04-29,215692.0,4407253.0,Monday,40.3359730068993,40.57043797477407,40.28573302359207,40.54531478881836,9731500.0
KO,2019-04-30,245726.0,8147302.0,Tuesday,40.63741589133235,41.18170567088228,40.52018503279577,41.08122253417969,17912900.0
KO,2019-05-01,206857.0,3908786.0,Wednesday,40.98911667325213,41.097975281333234,40.65416858421874,40.68766403198242,10551200.0
KO,2019-05-02,252164.0,3081279.0,Thursday,40.63741441751734,40.83838387793521,40.419700430174096,40.52018356323242,8724600.0
KO,2019-05-03,278475.0,2544113.0,Friday,40.696030090490495,40.99748268578766,40.629042399480696,40.79651641845703,7076900.0
KO,2019-05-06,348388.0,3727875.0,Monday,40.46993880679873,40.70440048763487,40.41132019228886,40.5871696472168,8657800.0
KO,2019-05-07,244027.0,5426884.0,Tuesday,40.38620898141592,40.43645215006411,40.00102093801767,40.1936149597168,12487500.0
KO,2019-05-08,304058.0,3451747.0,Wednesday,40.23549011777305,40.38621645731709,40.04289606042279,40.068016052246094,9281400.0
KO,2019-05-09,193804.0,3297885.0,Thursday,40.02614901347901,40.17687535558012,39.41487137909218,39.69120407104492,11450500.0
KO,2019-05-10,170272.0,3529466.0,Friday,39.699565548469145,40.44482159616294,39.69119328476192,40.35271072387695,9653800.0
KO,2019-05-13,280330.0,5690998.0,Monday,40.11825420401323,40.30247597244303,39.96752788335281,40.2354850769043,11911500.0
KO,2019-05-14,451376.0,8718925.0,Tuesday,40.63742945596253,41.29895031486236,40.48670310344605,40.77140808105469,16844200.0
KO,2019-05-15,222995.0,4196297.0,Wednesday,40.75464655587301,41.34917949809486,40.69603112688373,41.18170547485352,11422500.0
KO,2019-05-16,211250.0,5727178.0,Thursday,41.25707764516696,41.583650305016775,41.206834468920064,41.51666259765625,17771300.0
KO,2019-05-17,672290.0,4327414.0,Friday,41.25707506337981,41.49153681592249,41.17333644154185,41.19845962524414,11257000.0
KO,2019-05-20,282973.0,7113545.0,Monday,41.06448203728824,41.14821746688938,40.83001708466166,40.90538024902344,13850500.0
KO,2019-05-21,166813.0,3622050.0,Tuesday,41.03097769752087,41.05609768209807,40.570426545898734,40.69602966308594,10587400.0
KO,2019-05-22,463341.0,2991426.0,Wednesday,40.846760037948215,41.62551158061648,40.796520063777045,41.57527160644531,16050400.0
KO,2019-05-23,262589.0,3343823.0,Thursday,41.44966726809051,41.784615352017966,41.41617182083743,41.74274444580078,12199400.0
KO,2019-05-24,249622.0,2003083.0,Friday,41.71762104198505,41.77623647272811,41.47478386073441,41.54177474975586,6887600.0
KO,2019-05-28,174067.0,19854025.0,Tuesday,41.53340675427605,41.592022195551245,41.05610776429121,41.114723205566406,18614000.0
KO,2019-05-29,279824.0,4306581.0,Wednesday,40.81326533294349,41.05609931354204,40.53693271440888,40.70440673828125,12534600.0
KO,2019-05-30,147298.0,2335219.0,Thursday,40.79651487994523,41.29056146042835,40.75464398105425,41.24031829833984,9087200.0
KO,2019-05-31,194942.0,4185936.0,Friday,41.03098818360084,41.290573136343774,40.84676639815089,41.13984680175781,11368600.0
KO,2019-06-03,197857.0,6264061.0,Monday,41.16496374136595,41.85160446166992,41.047732866333824,41.85160446166992,14167200.0
KO,2019-06-04,48557.0,2620084.0,Tuesday,41.86833572387695,42.1027973817545,41.55013547797135,41.86833572387695,12010600.0
KO,2019-06-05,244482.0,3715200.0,Wednesday,41.87671908010831,42.82294461255966,41.6087619160285,42.52149200439453,15837600.0
KO,2019-06-06,223230.0,4972036.0,Thursday,42.63037233287528,43.15791466609779,42.36241503219466,43.04068374633789,15190400.0
KO,2019-06-07,258767.0,4415735.0,Friday,43.099280108871774,43.70218217110498,43.0825323857123,43.11602783203125,15293600.0
KO,2019-06-10,254010.0,2034599.0,Monday,43.15790057314313,43.15790057314313,42.78108474388829,43.023921966552734,9737400.0
KO,2019-06-11,295134.0,2919304.0,Tuesday,43.08252735288771,43.19975820700776,42.856437908098535,42.9820442199707,9915600.0
KO,2019-06-12,258639.0,2620575.0,Wednesday,43.12440349185159,43.66031789794359,43.09928350228535,43.24163436889648,11088100.0
KO,2019-06-13,196510.0,2420739.0,Thursday,43.42729030071551,43.62982863629394,42.85343543902053,43.1488037109375,10353600.0
KO,2019-06-14,155787.0,5327558.0,Friday,43.0812881661982,43.48636160219767,43.0812881661982,43.30070495605469,8694300.0
KO,2019-06-17,246276.0,6682890.0,Monday,43.250066646594576,43.44416412035862,42.70996876842726,42.92938232421875,12322400.0
KO,2019-06-18,294268.0,3841853.0,Tuesday,43.25006853121799,43.292263076181456,42.64245678218442,42.73528671264648,9221100.0
KO,2019-06-19,223518.0,3436332.0,Wednesday,42.65089925099902,43.241632560752095,42.59182624194746,43.14036178588867,9414100.0
KO,2019-06-20,188230.0,4332882.0,Thursday,43.46104866220132,43.70578155349873,43.33446179587845,43.596073150634766,10656600.0
KO,2019-06-21,3799570.0,16644423.0,Friday,43.48636402949567,43.79016992826232,43.38509646965268,43.50324249267578,21264400.0
KO,2019-06-24,298701.0,2798301.0,Monday,43.66357957176722,44.051774507527554,43.62982265059575,43.81547927856445,10780000.0
KO,2019-06-25,227571.0,3047716.0,Tuesday,43.8829925593502,43.96738164196178,43.57918671116906,43.68045425415039,11519900.0
KO,2019-06-26,231196.0,8784997.0,Wednesday,43.4779245969583,43.57919215258417,43.1150457017916,43.14036178588867,12405100.0
KO,2019-06-27,193093.0,7277544.0,Thursday,43.28382454645472,43.3766544749685,43.01377560127138,43.10660552978516,12374900.0
KO,2019-06-28,165142.0,12125600.0,Friday,43.266948770725726,43.376657167528165,42.63402091255696,42.97158050537109,16339900.0
KO,2019-07-01,325153.0,10167061.0,Monday,43.09817640508866,43.57076379724472,42.85344347597722,43.54544448852539,14976400.0
KO,2019-07-02,291984.0,3411816.0,Tuesday,43.69734177998712,43.92519621339374,43.503244274323215,43.86612319946289,8569200.0
KO,2019-07-03,298333.0,2.0,Wednesday,43.88300286534294,44.16149269799181,43.88300286534294,43.96739196777344,7253700.0
KO,2019-07-05,228781.0,4136009.0,Friday,43.79017020122416,43.98426770014881,43.44416975196931,43.975830078125,8916300.0
KO,2019-07-08,200504.0,2722040.0,Monday,44.05177317227572,44.16148155313903,43.79016186998231,43.88299179077149,9495100.0
KO,2019-07-09,305501.0,8231569.0,Tuesday,43.64670714814221,43.85768310578909,43.4019742646548,43.5369987487793,10584900.0
KO,2019-07-10,249242.0,2443059.0,Wednesday,43.71422352460801,43.85768886866271,43.59607748787946,43.731101989746094,7620900.0
KO,2019-07-11,246737.0,4007134.0,Thursday,43.87456875107487,43.933641771347375,43.59607889615752,43.91676330566406,10376500.0
KO,2019-07-12,258632.0,4540168.0,Friday,44.09396894300607,44.12772586409611,43.807041552215104,43.98426055908203,7347400.0
KO,2019-07-15,239818.0,2127587.0,Monday,44.11928993815873,44.12773077898996,43.77328950654167,43.992706298828125,5876100.0
KO,2019-07-16,328249.0,2287739.0,Tuesday,43.84924146490561,44.27963421342801,43.72265782416893,44.00114440917969,7132500.0
KO,2019-07-17,178686.0,4627801.0,Wednesday,44.068661407616666,44.10241511601505,43.89143914714556,44.03490447998047,8264200.0
KO,2019-07-18,166184.0,4584001.0,Thursday,43.91675459200667,44.026459768324,43.60450786767652,43.9083137512207,11911800.0
KO,2019-07-19,608132.0,6237616.0,Friday,44.00114534309154,44.00958618419569,43.351339005291074,43.36821746826172,10355500.0
KO,2019-07-22,136578.0,2985288.0,Monday,43.47792483355725,43.47792483355725,43.14880286155399,43.224754333496094,12090700.0
KO,2019-07-23,2107474.0,5136287.0,Tuesday,44.93788262823576,46.11090853293699,44.5243683012014,45.84930038452149,33417900.0
KO,2019-07-24,713806.0,3263125.0,Wednesday,45.67207452662846,46.26280785339562,45.25012261025729,45.38514709472656,15633400.0
KO,2019-07-25,276509.0,6846639.0,Thursday,45.258567572907616,45.40202969230437,44.49061514394669,44.785980224609375,19135000.0
KO,2019-07-26,16024.0,3818928.0,Friday,45.01384051287301,45.83242844165284,44.88725362229774,45.71427917480469,11451900.0
KO,2019-07-29,29641.0,4509781.0,Monday,45.71427768649878,45.82398610680971,45.486426441662736,45.5623779296875,12283900.0
KO,2019-07-30,204060.0,1928461.0,Tuesday,45.53704590189307,45.82397330770729,45.207923952125626,45.334510803222656,8127100.0
KO,2019-07-31,221759.0,7542894.0,Wednesday,45.15729449234331,45.15729449234331,43.91675799732955,44.4146614074707,16865500.0
KO,2019-08-01,202269.0,7440934.0,Thursday,44.54124160219192,44.89568287273932,43.8914352888863,43.9083137512207,19527200.0
KO,2019-08-02,334205.0,4454800.0,Friday,43.807053876057424,44.49905485689168,43.807053876057424,44.16149520874024,13102300.0
KO,2019-08-05,370330.0,9946475.0,Monday,44.21212208507863,44.43997651036487,43.376659078266805,43.5876350402832,19986500.0
KO,2019-08-06,415806.0,8715284.0,Tuesday,43.77329227119575,44.52436619073499,43.55387868428902,44.11085510253906,19903100.0
KO,2019-08-07,391996.0,4321386.0,Wednesday,44.11085469198844,45.05602610401993,43.68890276635538,44.87880706787109,17937000.0
KO,2019-08-08,373642.0,4263281.0,Thursday,44.90411923055755,45.38514412621926,44.60031335556332,45.3091926574707,10799000.0
KO,2019-08-09,152286.0,3818946.0,Friday,45.39358752292045,45.48641745875573,44.79441657974057,45.08134078979492,9260900.0
KO,2019-08-12,127157.0,207254.0,Monday,44.96319009886609,45.09821456808166,44.71846046163852,44.89567947387695,6588600.0
KO,2019-08-13,181690.0,2051521.0,Tuesday,44.64251608159023,45.24168705762468,44.61719677636833,45.14885711669922,8581200.0
KO,2019-08-14,214527.0,7854338.0,Wednesday,45.01383278069096,45.54549312284827,44.70158924860903,44.71846771240234,17088900.0
KO,2019-08-15,266960.0,3422159.0,Thursday,45.08978119675616,45.57080611487415,44.920999789520216,45.46109771728516,12393200.0
KO,2019-08-16,924731.0,8127129.0,Friday,45.55393394775473,45.9843267566483,45.52861785990383,45.91681289672852,14288700.0
KO,2019-08-19,38040.0,6512235.0,Monday,45.94212310367267,46.22905053312703,45.83241792420308,46.153099060058594,10936200.0
KO,2019-08-20,310270.0,8019067.0,Tuesday,46.09402667898742,46.144662068136746,45.43578271623444,45.469539642333984,8176700.0
KO,2019-08-21,291718.0,13498348.0,Wednesday,45.78178400915528,45.9168084968183,45.44422118037885,45.65519714355469,10886500.0
KO,2019-08-22,334598.0,5426145.0,Thursday,45.67207864481493,46.110909063718175,45.65520018032967,45.98432540893555,7467900.0
KO,2019-08-23,460497.0,13299447.0,Friday,45.92524631389666,46.169979204836906,45.05602637207727,45.35139465332031,14160400.0
KO,2019-08-26,344723.0,6483695.0,Monday,45.57081089383517,46.02651977539063,45.34295645305745,46.02651977539063,9226900.0
KO,2019-08-27,364247.0,12174593.0,Tuesday,46.16153493011147,46.372510863778125,45.91680207444121,46.17841339111328,13537000.0
KO,2019-08-28,467828.0,5110971.0,Wednesday,46.12778806395693,46.54130240055402,45.92524970701922,46.507545471191406,10046400.0
KO,2019-08-29,443174.0,5498779.0,Thursday,46.634128226560726,46.70164208398172,46.077151779789226,46.4569091796875,9262800.0
KO,2019-08-30,12850.0,9495456.0,Friday,46.54973098913778,46.60036637335464,46.2543659626328,46.448463439941406,8746700.0
KO,2019-09-03,600237.0,15104306.0,Tuesday,46.397835837353576,46.693204132633696,46.30500589367233,46.66788482666016,12991400.0
KO,2019-09-04,455488.0,7658090.0,Wednesday,46.71007289882956,47.191097795514935,46.66787835371,47.06451416015625,10718100.0
KO,2019-09-05,621783.0,9027179.0,Thursday,47.04764395724466,47.0645224221029,46.44003209929987,46.51598358154297,13677000.0
KO,2019-09-06,434192.0,5754685.0,Friday,46.78602563595587,46.78602563595587,46.21217079290967,46.60880661010742,9093500.0
KO,2019-09-09,675773.0,7533223.0,Monday,46.4400177494615,46.48221550818712,45.87460383799267,46.00962829589844,10814900.0
KO,2019-09-10,462654.0,7561831.0,Tuesday,45.764909445189815,45.9421284967404,45.44422505245209,45.90837478637695,12038200.0
KO,2019-09-11,328994.0,6971907.0,Wednesday,45.81553057151749,46.24592002256914,45.54548165728176,46.22060394287109,9740400.0
KO,2019-09-12,488152.0,10166035.0,Thursday,46.499104629231766,46.6763268987665,46.397837060381896,46.507545471191406,12357900.0
KO,2019-09-13,407193.0,10865607.0,Friday,46.31202875217414,46.57555284603793,45.96349855978646,46.1250114440918,11486100.0
KO,2019-09-16,311406.0,12996599.0,Monday,45.98900114115748,46.19302032371196,45.58946857459957,45.86999130249024,11172000.0
KO,2019-09-17,348377.0,10599255.0,Tuesday,45.98899626954382,46.4990425505134,45.869986443483285,46.108009338378906,11347400.0
KO,2019-09-18,300249.0,10432415.0,Wednesday,46.07400519932066,46.15051197865469,45.750976215157614,46.09950637817383,9700400.0
KO,2019-09-19,403826.0,7795268.0,Thursday,46.0994975870555,46.41402395643801,46.01449151190582,46.34601974487305,7560300.0
KO,2019-09-20,9793858.0,21203981.0,Friday,46.490536869789125,46.490536869789125,45.81898100463263,45.82748031616211,19211500.0
KO,2019-09-23,302560.0,5082614.0,Monday,45.8274746118352,46.21000843853311,45.801973437646645,46.02299118041992,6485300.0
KO,2019-09-24,322891.0,11401848.0,Tuesday,46.116501172264215,46.42252824266594,45.937986462121216,46.15900421142578,10093000.0
KO,2019-09-25,293124.0,14384294.0,Wednesday,46.2780242291761,46.31202796511771,45.903992862142736,46.04850387573242,10248400.0
KO,2019-09-26,282102.0,10014657.0,Thursday,46.30352687845727,46.39703552732662,46.0145016195768,46.23551940917969,10031200.0
KO,2019-09-27,313754.0,6355552.0,Friday,46.380025612084886,46.44802982678767,45.90398313806921,46.16750717163086,7939900.0
KO,2019-09-30,695088.0,9572272.0,Monday,46.03150379526715,46.48204193253815,46.03150379526715,46.27802276611328,9808700.0
KO,2019-10-01,618260.0,9523940.0,Tuesday,46.35452795296352,46.56704642440425,45.91248914323387,46.456539154052734,14261500.0
KO,2019-10-02,529218.0,10147116.0,Wednesday,46.0825026555365,46.27801925201093,44.96890798680067,45.12192153930664,14343600.0
KO,2019-10-03,457861.0,10132659.0,Thursday,45.47895341400171,45.88698849475139,44.90090290557934,45.76797866821289,13817500.0
KO,2019-10-04,376446.0,8443428.0,Friday,45.90398881357881,46.36302947998047,45.8104801693739,46.36302947998047,9295400.0
KO,2019-10-07,291686.0,4253717.0,Monday,46.184516376528286,46.21001755574821,45.708473826850806,45.7934799194336,5964900.0
KO,2019-10-08,246830.0,8675341.0,Tuesday,45.80198043249385,45.96349329831069,45.43644841368915,45.54695892333984,13301900.0
KO,2019-10-09,443430.0,4162253.0,Wednesday,45.95499229927318,45.96349161073067,45.51295351967458,45.75947570800781,7135000.0
KO,2019-10-10,422553.0,5394249.0,Thursday,45.52145488736635,45.80198081974971,45.35994202018393,45.61496353149414,8942900.0
KO,2019-10-11,361878.0,4892768.0,Friday,45.60646487587561,45.648967921243134,45.22393098201885,45.30893707275391,8981700.0
KO,2019-10-14,286894.0,4865636.0,Monday,45.47045318503482,45.63196605454122,45.24093284872076,45.30893707275391,7306300.0
KO,2019-10-15,492298.0,7966472.0,Tuesday,45.419445425196606,45.63196388470332,45.28343374082328,45.487449645996094,9564300.0
KO,2019-10-16,403741.0,9981624.0,Wednesday,45.44494693456683,45.53845557627664,45.164424252211774,45.47045135498047,10454800.0
KO,2019-10-17,313096.0,9417829.0,Thursday,45.64046216902805,46.00599417057448,45.54695677288009,45.72547149658203,13190300.0
KO,2019-10-18,950914.0,6676781.0,Friday,46.75406441448644,47.08559271603613,46.28652441889648,46.56704711914063,18122400.0
KO,2019-10-21,540053.0,9791149.0,Monday,46.286523670495775,46.38003231665675,45.63196639014347,46.09950637817383,12778900.0
KO,2019-10-22,311476.0,7224325.0,Tuesday,46.09951448407807,46.261027383171935,45.682980023287264,45.776485443115234,9533400.0
KO,2019-10-23,566996.0,5078469.0,Wednesday,45.95499125644649,46.46503424445387,45.91248497180069,46.44803237915039,8556600.0
KO,2019-10-24,304060.0,9675947.0,Thursday,46.38853120928048,46.6010496785342,46.32052698536202,46.42253494262695,11051400.0
KO,2019-10-25,11225.0,5906609.0,Friday,46.37152955604062,46.38003211080362,45.623463632847546,45.69147109985352,9782400.0
KO,2019-10-28,408365.0,5336000.0,Monday,45.68297020412516,45.86148493466529,45.36844054428847,45.538455963134766,8866100.0
KO,2019-10-29,459730.0,3670545.0,Tuesday,45.38544487973908,45.61496522125295,45.27493436506028,45.40244674682617,7999700.0
KO,2019-10-30,255196.0,4143970.0,Wednesday,45.49595968262048,45.94649785318268,45.18993253175753,45.852989196777344,8620900.0
KO,2019-10-31,218985.0,14057355.0,Thursday,45.86998405966173,46.30352353809394,45.77647541753814,46.2695198059082,13982000.0
KO,2019-11-01,501619.0,6741850.0,Friday,46.439538549695726,46.53304719851567,45.77647869568823,45.81898498535156,9889500.0
KO,2019-11-04,332881.0,9284750.0,Monday,45.86998434197392,45.90398807436894,45.02841304323082,45.17292404174805,17515100.0
KO,2019-11-05,699540.0,8622547.0,Tuesday,44.96040303567981,44.96040303567981,44.30584581657936,44.56086730957031,19284000.0
KO,2019-11-06,32151.0,8214893.0,Wednesday,44.65437555949099,44.88389587402344,44.552367611734624,44.88389587402344,13288900.0
KO,2019-11-07,546235.0,4935267.0,Thursday,44.95190686901572,45.053914824793125,44.169837227323775,44.45036315917969,11725500.0
KO,2019-11-08,354265.0,4630781.0,Friday,44.59486936493624,44.71387917434341,44.28034297682103,44.38235092163086,7141800.0
KO,2019-11-11,463887.0,4145433.0,Monday,44.48437445275479,44.51837494860981,44.01683115352959,44.06783676147461,8198300.0
KO,2019-11-12,17481.0,8669623.0,Tuesday,44.12734042722744,44.12734042722744,43.84681769844843,43.95732498168945,12656900.0
KO,2019-11-13,50005.0,9707234.0,Wednesday,44.35685537523962,44.586375712269664,44.16983808370969,44.552371978759766,12257900.0
KO,2019-11-14,338671.0,4133324.0,Thursday,44.65438579667074,44.77339563679896,44.50137221857019,44.73939514160156,8660300.0
KO,2019-11-15,1208351.0,6896899.0,Friday,44.74788673124526,44.78189046334856,44.526868958122535,44.77338790893555,8982400.0
KO,2019-11-18,373079.0,11839199.0,Monday,44.781897402002905,45.42795219819565,44.77339484627248,45.07942199707031,13782000.0
KO,2019-11-19,364425.0,14426217.0,Tuesday,45.18142644941736,45.31743813578106,44.94340356620008,45.12192153930664,12679500.0
KO,2019-11-20,462171.0,8351206.0,Wednesday,45.13892126525428,45.393946020843146,45.06241448713251,45.24093246459961,11970300.0
KO,2019-11-21,295648.0,6181962.0,Thursday,45.14741745013593,45.34293402380096,44.866891555676965,45.01990509033203,7856100.0
KO,2019-11-22,774330.0,10137132.0,Friday,45.01991707805683,45.215433703783255,44.84140232101638,45.07942199707031,9113300.0
KO,2019-11-25,280735.0,12209326.0,Monday,45.29193482149781,45.38544346617713,44.85839857399078,45.24093246459961,10963500.0
KO,2019-11-26,261812.0,15222240.0,Tuesday,45.31744124940565,45.85298547719776,45.24093446789612,45.81898498535156,13219800.0
KO,2019-11-27,308801.0,5916856.0,Wednesday,45.844486474859806,45.98899748381332,45.5639605265035,45.86148834228516,9595200.0
KO,2019-11-29,385216.0,1302778.0,Friday,45.98996254928976,46.015654219993415,45.57887948304221,45.733036041259766,7222300.0
KO,2019-12-02,587460.0,9164304.0,Monday,45.66450962633555,46.03277206420898,45.2619894577304,46.03277206420898,13173800.0
KO,2019-12-03,502769.0,11912070.0,Tuesday,45.99851758960884,46.10985358886964,45.73302832513717,46.07559585571289,14498300.0
KO,2019-12-04,377291.0,13469324.0,Wednesday,46.075594025502006,46.51237193840775,46.0070818289072,46.495243072509766,13624000.0
KO,2019-12-05,348817.0,13459421.0,Thursday,46.42672817030432,46.49524363472473,46.10128951529885,46.40959930419922,14068100.0
KO,2019-12-06,322220.0,5740109.0,Friday,46.512367344870064,46.67508665433514,46.39246529542566,46.606571197509766,7843500.0
KO,2019-12-09,319000.0,9869321.0,Monday,46.50380459709717,46.68365278359992,46.26400701509351,46.306827545166016,13887200.0
KO,2019-12-10,464370.0,6971344.0,Tuesday,46.28113866633566,46.30683033252622,46.01564613671,46.049903869628906,8993900.0
KO,2019-12-11,574257.0,4914712.0,Wednesday,46.19548972026001,46.37534116662295,45.95569214777195,46.20405578613281,8879100.0
KO,2019-12-12,415895.0,6352481.0,Thursday,46.25543191326321,46.6322603450838,46.19548252947291,46.36676788330078,11233300.0
KO,2019-12-13,310956.0,16393491.0,Friday,46.19548825754789,46.7179071813526,46.10984720351297,46.606571197509766,13072200.0
KO,2019-12-16,780765.0,9532015.0,Monday,46.83780596380021,46.95770801324463,46.563750670492304,46.606571197509766,9538100.0
KO,2019-12-17,368919.0,10835014.0,Tuesday,46.589445600300216,46.74360211116052,46.49523848066372,46.606571197509766,9230000.0
KO,2019-12-18,427051.0,12196838.0,Wednesday,46.70078156401343,46.8891958163859,46.15267093929027,46.1697998046875,15132100.0
KO,2019-12-19,523720.0,16372978.0,Thursday,46.28114126339693,46.53806774071165,46.17836805887312,46.520938873291016,13385900.0
KO,2019-12-20,177780.0,29155270.0,Friday,47.05191508430366,47.27458706722042,46.64939818241062,47.07761001586914,23832800.0
KO,2019-12-23,488369.0,11365608.0,Monday,47.10329284585517,47.30883592484278,46.96626521552891,47.026214599609375,9300800.0
KO,2019-12-24,277697.0,509978.0,Tuesday,46.932016768562455,47.10330215707852,46.794989111149015,46.85493850708008,3359300.0
KO,2019-12-26,147979.0,8972168.0,Thursday,47.03478566679123,47.12042999267578,46.92345294363679,47.12042999267578,6228500.0
KO,2019-12-27,299767.0,5049753.0,Friday,47.11187286910418,47.48870144052976,47.10331006838887,47.40305709838867,6895500.0
KO,2019-12-30,330361.0,4431179.0,Monday,47.25745162673076,47.43729978768109,47.154681715758656,47.33452987670898,6431700.0
KO,2019-12-31,165438.0,7906800.0,Tuesday,47.27459548567344,47.4287520345298,47.086181199960656,47.40305709838867,7982600.0
KO,2020-01-02,645706.0,10671141.0,Thursday,47.37736378776607,47.47157092735848,46.89776528938539,47.09474563598633,11867700.0
KO,2020-01-03,906915.0,12510460.0,Friday,46.52093087634288,47.09473640180607,46.32395383536203,46.83780670166016,11354500.0
KO,2020-01-06,439507.0,17044706.0,Monday,46.80355311313857,47.02622182149064,46.69221712546408,46.8206787109375,14698300.0
KO,2020-01-07,462782.0,9837428.0,Tuesday,46.63226866073936,46.76073024877076,46.37534221767958,46.46098327636719,9973900.0
KO,2020-01-08,700297.0,14863360.0,Wednesday,46.47812246530353,46.79499837322904,46.37535251865158,46.546634674072266,10676000.0
KO,2020-01-09,979139.0,10929918.0,Thursday,47.10330129856182,47.44587206935016,46.96627364364589,47.39448547363281,15398000.0
KO,2020-01-10,731071.0,13622020.0,Friday,47.51438085896679,47.89977213174164,47.48868919644738,47.55720138549805,13040100.0
KO,2020-01-13,569526.0,12336486.0,Monday,47.55719648485564,48.156693595506965,47.4629893759966,48.07105255126953,14302900.0
KO,2020-01-14,658409.0,16759612.0,Tuesday,48.16525987776861,48.20808040008082,47.81412636761421,47.959716796875,16345300.0
KO,2020-01-15,425283.0,11283669.0,Wednesday,47.95973348251244,48.7990284264167,47.95973348251244,48.55923080444336,17735400.0
KO,2020-01-16,473595.0,12170151.0,Thursday,48.68768278322808,48.773327107700695,48.48214293848768,48.661991119384766,10234100.0
KO,2020-01-17,21337.0,13590332.0,Friday,48.70480205250479,48.94460284678661,48.6448526706834,48.76475143432617,14264300.0
KO,2020-01-21,767466.0,13401543.0,Tuesday,48.687690866005134,49.030261686772846,48.44789325166622,48.96174621582031,11968900.0
KO,2020-01-22,424913.0,10579816.0,Wednesday,49.03025279702527,49.36425748986629,48.97030340431005,49.338565826416016,12869600.0
KO,2020-01-23,544392.0,9370355.0,Thursday,49.14159384204818,49.54411076785546,49.02169504427592,49.52698516845703,12858900.0
KO,2020-01-24,477969.0,6842495.0,Friday,49.544104238625614,49.56123310276391,49.210099555420896,49.39851379394531,8594300.0
KO,2020-01-27,681324.0,8951116.0,Monday,48.99599529888763,49.54410590172482,48.92748310703142,49.22723007202149,14359900.0
KO,2020-01-28,341609.0,10001065.0,Tuesday,49.20154318694064,49.45846964859886,48.790460194888055,48.82471466064453,15240200.0
KO,2020-01-29,450207.0,8248598.0,Wednesday,48.81615186095472,49.03882058985924,48.524967666542814,48.82471466064453,13163600.0
KO,2020-01-30,264682.0,9474938.0,Thursday,49.61262527532626,50.51186950824937,49.46703154727361,50.40909957885742,20225600.0
KO,2020-01-31,733995.0,14122788.0,Friday,50.50330943757695,50.59751657252537,49.80104222595806,50.0151481628418,17685200.0
KO,2020-02-03,698162.0,6855066.0,Monday,50.31488288332757,50.503297107223176,50.11790586152605,50.16929244995117,12333600.0
KO,2020-02-04,818989.0,9754320.0,Tuesday,50.31489332300262,50.91439057769741,50.203557325145695,50.391971588134766,15417900.0
KO,2020-02-05,369196.0,7498221.0,Wednesday,50.4433555659781,50.5975120882318,50.13504252147072,50.40053176879883,11414900.0
KO,2020-02-06,523238.0,5599119.0,Thursday,50.51186163866099,50.82017464579978,50.391962861884046,50.52042770385742,9347000.0
KO,2020-02-07,747371.0,5816444.0,Friday,50.42621840741819,50.80304358484514,50.400523479937,50.691707611083984,8757800.0
KO,2020-02-10,785695.0,5620540.0,Monday,50.80306316208421,51.24840396174685,50.7773714916991,51.17132568359375,7984900.0
KO,2020-02-11,411066.0,3530126.0,Tuesday,51.145626313625016,51.21413851333725,50.803055514072014,51.0342903137207,7431200.0
KO,2020-02-12,591986.0,8131731.0,Wednesday,50.94008016414463,51.18844381576416,50.80305250583679,50.880130767822266,9179100.0
KO,2020-02-13,326364.0,6801446.0,Thursday,50.8544374415506,51.24839153794159,50.70884372166882,51.051414489746094,8173200.0
KO,2020-02-14,281136.0,10086896.0,Friday,51.068550246175526,51.44537552831276,51.05998417896933,51.34260559082031,9965500.0
KO,2020-02-18,1082774.0,12162826.0,Tuesday,51.22269955511924,51.32546947810428,50.91438651916715,50.9828987121582,10075700.0
KO,2020-02-19,482234.0,4227816.0,Wednesday,50.96576645239521,51.38541544937701,50.931511991679805,51.188438415527344,6265700.0
KO,2020-02-20,352458.0,5523400.0,Thursday,51.11136071064062,51.26551722000423,50.62319951998813,51.1456184387207,7597200.0
KO,2020-02-21,1568972.0,10467997.0,Friday,50.965772466122544,51.49675750732422,50.89726026961089,51.49675750732422,10842400.0
KO,2020-02-24,167148.0,10906100.0,Monday,50.62319829457209,51.21412938816362,50.16072877767609,50.22924423217773,14415500.0
KO,2020-02-25,564067.0,9890348.0,Tuesday,50.27206724553143,50.700279056367314,49.347128165967455,49.51841354370117,15915100.0
KO,2020-02-26,699718.0,11685415.0,Wednesday,49.655447578600935,50.07509664466914,49.22723571269337,49.33000564575195,15837800.0
KO,2020-02-27,832854.0,12890997.0,Thursday,48.944619659985904,49.57837141894257,47.00053731411009,47.04335784912109,23754000.0
KO,2020-02-28,1567323.0,26080386.0,Friday,46.10128855383684,46.15267188408337,44.17433526166192,45.81010437011719,40890600.0
MA,2019-01-02,96897.0,2639896.0,Wednesday,179.4412031069909,184.25965319783205,178.9390764786115,183.2167816162109,4294000.0
MA,2019-01-03,70337.0,922045.0,Thursday,181.0537761588275,181.0634270559128,174.75792872362356,174.9510498046875,5070900.0
MA,2019-01-04,72080.0,1247023.0,Friday,178.4948702688824,184.67483263055468,178.0989625163179,183.23605346679688,4452900.0
MA,2019-01-07,50922.0,871344.0,Monday,184.07617692061365,186.38400852749805,183.18780813618477,184.64588928222656,4219200.0
MA,2019-01-08,188713.0,860880.0,Tuesday,183.6882638265781,186.19355476273333,182.33406447703413,185.99041748046875,5069700.0
MA,2019-01-09,137778.0,1059377.0,Wednesday,187.94432492024723,190.12072597237645,186.9576856439093,189.36624145507807,5471500.0
MA,2019-01-10,74531.0,1030404.0,Thursday,186.71588692608705,190.7881821263956,185.0618301826272,190.50765991210935,3693600.0
MA,2019-01-11,60925.0,566148.0,Friday,189.65641077955516,190.2657929719221,188.3408968060652,189.4919586181641,2500100.0
MA,2019-01-14,74353.0,750221.0,Monday,188.0217114901156,190.5560049033004,187.65413680832623,189.037353515625,3336500.0
MA,2019-01-15,63061.0,1295736.0,Tuesday,188.8342413855696,190.8945725692516,186.78359254225444,190.0917205810547,3783000.0
MA,2019-01-16,80887.0,1426417.0,Wednesday,191.04930709974676,191.91987633816805,190.0723502060596,191.30081176757807,3546300.0
MA,2019-01-17,42325.0,615765.0,Thursday,190.991277030122,193.844777628187,190.6527346172766,192.7904357910156,2764100.0
MA,2019-01-18,590698.0,1307065.0,Friday,194.5992716731928,195.9051182487113,193.4772272023031,195.3924560546875,4866600.0
MA,2019-01-22,134006.0,1494787.0,Tuesday,193.2547393829638,194.4251660309348,191.18474069322005,192.935546875,4457700.0
MA,2019-01-23,65719.0,596001.0,Wednesday,194.4735097292657,194.48317730843948,190.16907545086184,191.86183166503903,3086100.0
MA,2019-01-24,48872.0,639374.0,Thursday,191.92956370962267,193.6513376853649,191.4555865833946,193.25474548339844,2792000.0
MA,2019-01-25,112635.0,1612661.0,Friday,195.57622978802743,197.22061867854495,193.2547265664171,196.30169677734372,4677500.0
MA,2019-01-28,93216.0,648878.0,Monday,194.17365467358687,194.40579465375717,191.5813117376022,193.6126251220703,3277200.0
MA,2019-01-29,43086.0,1510973.0,Tuesday,193.6416544608589,194.10594920925425,191.19441362249384,192.7227325439453,3661900.0
MA,2019-01-30,73334.0,627094.0,Wednesday,193.86414198694328,198.1298918318936,193.36114736050283,197.3463897705078,4079500.0
MA,2019-01-31,738291.0,5219720.0,Thursday,202.9372585930513,206.00356330607863,201.19613524000377,204.2237548828125,11316200.0
MA,2019-02-01,112342.0,1400642.0,Friday,205.05567668198276,207.61898758139327,204.29150982238647,206.77745056152344,6470100.0
MA,2019-02-04,242049.0,1143852.0,Monday,207.33849301600807,207.9188578120274,206.2261013275569,207.8801727294922,4397500.0
MA,2019-02-05,82738.0,739552.0,Tuesday,207.9672028637833,209.61159174844795,207.91883544606836,208.799072265625,3091500.0
MA,2019-02-06,42950.0,958845.0,Wednesday,208.2090025826545,208.8377346656828,206.69035143736744,208.2573699951172,2698000.0
MA,2019-02-07,48060.0,626575.0,Thursday,206.47757401637185,207.43518094724604,204.67841538423912,206.97088623046875,2742900.0
MA,2019-02-08,61576.0,911161.0,Friday,205.06529737271663,209.5438508072972,205.06529737271663,209.4954833984375,3248400.0
MA,2019-02-11,92326.0,729056.0,Monday,209.8921174805461,211.49780655444687,209.26337055889863,209.9985198974609,2974400.0
MA,2019-02-12,71910.0,1083975.0,Tuesday,211.4107561809986,212.3103429438925,210.5208517577076,211.7493133544922,3411400.0
MA,2019-02-13,47222.0,783539.0,Wednesday,212.60050654328165,214.04177289878203,212.26196414759804,213.3259735107422,2996600.0
MA,2019-02-14,62684.0,829454.0,Thursday,212.3296985232857,213.75161517324057,211.4688115166849,212.6198883056641,2875600.0
MA,2019-02-15,269159.0,841679.0,Friday,214.92200466352037,215.07677448860784,213.26793352218112,214.84461975097656,2758500.0
MA,2019-02-19,102142.0,686423.0,Tuesday,214.18686334452096,214.699540254159,213.15187146501765,213.3743438720703,2836700.0
MA,2019-02-20,51476.0,1132083.0,Wednesday,213.98375227294176,214.57379936982065,212.2232785623752,213.8773498535156,3103600.0
MA,2019-02-21,56939.0,1269021.0,Thursday,213.0067997620448,213.79996937451568,211.46879843845667,212.13623046875,3528800.0
MA,2019-02-22,91572.0,644320.0,Friday,212.8036527621195,216.3149177557869,212.5134630109657,216.0150604248047,3295300.0
MA,2019-02-25,130079.0,1127278.0,Monday,217.64009941580403,218.02700924423328,215.70552075433025,216.0150604248047,3359200.0
MA,2019-02-26,62811.0,1107361.0,Tuesday,214.8929818617596,217.814184749948,214.78657945459625,216.67279052734372,2852300.0
MA,2019-02-27,48468.0,532357.0,Wednesday,215.74417034109103,217.26282142515237,214.4867062257304,217.22413635253903,2119500.0
MA,2019-02-28,41488.0,1879339.0,Thursday,216.75988383102413,218.22050030980284,216.34395646267345,217.4176483154297,3240400.0
MA,2019-03-01,144294.0,909454.0,Friday,219.4586054776991,220.68705228620647,217.98832157971205,219.8164978027344,3001400.0
MA,2019-03-04,116343.0,732245.0,Monday,219.8745482431984,221.0256249755144,216.353615464172,218.88790893554688,2977700.0
MA,2019-03-05,46985.0,1119129.0,Tuesday,218.8298732688399,219.49730530552688,217.92061888608745,218.82020568847656,2779100.0
MA,2019-03-06,39741.0,1342461.0,Wednesday,218.4623054313034,219.10070518446167,216.6244468119356,217.12744140625,2849300.0
MA,2019-03-07,70450.0,1650324.0,Thursday,216.30525384343312,217.09843824684776,213.51947037016012,215.1348419189453,3879600.0
MA,2019-03-08,220164.0,596990.0,Friday,211.23668737548587,214.92205803759347,208.86681627432665,214.61251831054688,2691800.0
MA,2019-03-11,50092.0,1279074.0,Monday,215.64749221297052,218.7331476319585,215.55075737313487,218.25917053222656,2670100.0
MA,2019-03-12,58190.0,959310.0,Tuesday,219.17810539792944,220.7354419492755,218.82021303682663,219.51666259765625,2478700.0
MA,2019-03-13,40738.0,779815.0,Wednesday,220.89988241662604,223.76306562381643,220.34853511652557,221.025634765625,2690400.0
MA,2019-03-14,226475.0,1330314.0,Thursday,221.21907670458577,222.67969310434052,219.9712799073781,222.0025787353516,2838700.0
MA,2019-03-15,7965.0,1998217.0,Friday,221.3351703633205,225.1462782489096,221.32548802301372,223.60829162597656,3894200.0
MA,2019-03-18,91202.0,803825.0,Monday,224.69164950856987,224.8947867779768,221.61567628372964,222.8538055419922,2734100.0
MA,2019-03-19,37516.0,1324255.0,Tuesday,223.96621452364067,224.5079090664014,222.7958024408136,223.45355224609372,3212000.0
MA,2019-03-20,58793.0,2483043.0,Wednesday,222.21533212251364,224.35304763658797,220.3871562208339,222.3701019287109,3747400.0
MA,2019-03-21,61195.0,999552.0,Thursday,220.73540372744128,229.3249369838937,220.71605380975072,228.15451049804688,4441100.0
MA,2019-03-22,61501.0,1158019.0,Friday,227.1582119728068,228.28027108486515,223.1342850079748,223.211669921875,3709400.0
MA,2019-03-25,73348.0,568621.0,Monday,222.85377974317848,224.3530811000637,221.0739709854249,222.8827972412109,3506500.0
MA,2019-03-26,60949.0,1061117.0,Tuesday,225.33971256191785,225.9877945951253,223.8790963327573,225.65890502929688,3046900.0
MA,2019-03-27,63999.0,786336.0,Wednesday,226.2683380703895,226.53917792567836,222.13800813773705,224.9141387939453,2640700.0
MA,2019-03-28,39992.0,721045.0,Thursday,225.78465240377864,227.63217839264948,224.76899575086213,227.17755126953125,2712100.0
MA,2019-03-29,58019.0,1998509.0,Friday,228.7542342993972,228.8993217793874,226.31666131792645,227.7482452392578,3453900.0
MA,2019-04-01,116846.0,772279.0,Monday,230.5050627484488,231.90762940081692,229.18954859816603,231.23052978515625,3475900.0
MA,2019-04-02,61870.0,1637176.0,Tuesday,231.40465254102412,232.0237172027848,230.28260798885324,231.4336700439453,3386400.0
MA,2019-04-03,84955.0,701385.0,Wednesday,232.42025677470636,233.04898887513244,230.04073351618487,231.11441040039065,2911700.0
MA,2019-04-04,40192.0,454928.0,Thursday,230.8919302641364,230.95964759311897,226.1135192302512,228.3382873535156,3096300.0
MA,2019-04-05,7845.0,438235.0,Friday,229.45070853781937,230.1761755355542,228.38668437060943,228.88967895507807,2590000.0
MA,2019-04-08,43032.0,397527.0,Monday,228.3278863731952,228.87032256132392,225.80941575085163,228.8606414794922,2714500.0
MA,2019-04-09,43000.0,565976.0,Tuesday,227.91136534788305,229.80990680308744,227.6304661695492,228.51193237304688,2491300.0
MA,2019-04-10,47093.0,595920.0,Wednesday,229.56770793238195,230.48791308829212,228.7056188186992,229.62582397460935,1984200.0
MA,2019-04-11,41762.0,444851.0,Thursday,230.5363586040496,230.5363586040496,227.6691772206106,228.6378173828125,1908200.0
MA,2019-04-12,74394.0,1977312.0,Friday,229.59676163704032,231.504983815768,228.67655649843013,231.3403167724609,3452100.0
MA,2019-04-15,49132.0,2416374.0,Monday,232.0086907162424,232.338024816924,229.75175741402637,231.65028381347656,3437500.0
MA,2019-04-16,47104.0,674803.0,Tuesday,232.4736322096016,233.4132143222041,231.45655711262947,232.5608062744141,2564300.0
MA,2019-04-17,52955.0,875911.0,Wednesday,233.1226382159427,233.6747702317123,231.45657586768323,233.4422912597656,2829200.0
MA,2019-04-18,253384.0,901464.0,Thursday,234.92430848579977,235.04054058108213,232.919230940796,233.3357391357422,3016800.0
MA,2019-04-22,39052.0,968018.0,Monday,232.27994336485045,235.5151983704002,231.57284009507796,235.4280242919922,2217700.0
MA,2019-04-23,63551.0,865960.0,Tuesday,236.25136407945567,236.832554173588,234.84683859562705,235.85423278808597,3108400.0
MA,2019-04-24,52082.0,1111905.0,Wednesday,235.98984661717813,238.36301245242217,235.19555445780136,237.5977783203125,3255200.0
MA,2019-04-25,72376.0,637521.0,Thursday,237.0262487340074,239.1088339860457,236.36758050712908,237.90771484375,3152400.0
MA,2019-04-26,58688.0,1909589.0,Friday,238.3339347882112,239.39943018753272,235.5926811264048,238.9441680908203,3349300.0
MA,2019-04-29,61090.0,710730.0,Monday,239.1379211026601,240.42621447049328,238.14990386186363,239.3800811767578,3274900.0
MA,2019-04-30,228824.0,1616274.0,Tuesday,243.21586434465672,249.3570396672569,242.6540512548528,246.26708984375,7179600.0
MA,2019-05-01,80523.0,794225.0,Wednesday,246.90633366541684,248.2140035964736,240.8717105164553,240.9492034912109,5146000.0
MA,2019-05-02,99593.0,1396814.0,Thursday,239.79654824638405,240.4842892420868,236.61940980202945,239.4381561279297,4747300.0
MA,2019-05-03,86285.0,1070125.0,Friday,240.81362243699712,242.0147415147394,239.69969220364788,240.17431640625,3194200.0
MA,2019-05-06,168158.0,683907.0,Monday,233.9169108514799,241.2688859077879,232.52206669623445,240.8426818847656,3022000.0
MA,2019-05-07,62171.0,1620852.0,Tuesday,239.51568626413805,239.96125251615007,234.99213792847047,237.3749847412109,4257500.0
MA,2019-05-08,54219.0,664015.0,Wednesday,236.87124066275072,239.7868567875796,236.10602149640124,237.636474609375,3050700.0
MA,2019-05-09,109614.0,1069869.0,Thursday,234.30437873540924,237.83022849249244,232.4349102331816,237.61712646484372,3891000.0
MA,2019-05-10,39110.0,668539.0,Friday,236.2222672308692,240.92017784224012,233.76192776797976,239.67062377929688,2816200.0
MA,2019-05-13,122617.0,1335314.0,Monday,233.93624640423337,236.260991325316,232.82231629098615,233.81033325195312,4136900.0
MA,2019-05-14,15067.0,1705078.0,Tuesday,234.527158587374,239.68033150400632,234.31405656268456,238.2273712158203,3862100.0
MA,2019-05-15,55365.0,1297454.0,Wednesday,236.667832423914,243.1673990811205,236.5516003440491,241.336669921875,4186900.0
MA,2019-05-16,66273.0,2354018.0,Thursday,242.58623489079983,247.14852159546703,242.4796838860053,245.4727783203125,4911900.0
MA,2019-05-17,150696.0,928482.0,Friday,243.2352369483705,246.3155056358289,242.97369996047885,244.6300811767578,3129800.0
MA,2019-05-20,73885.0,737330.0,Monday,242.6346831084816,246.412373884349,241.511056956586,245.5406036376953,2951500.0
MA,2019-05-21,64557.0,716000.0,Tuesday,247.00324816930083,247.92345339269983,245.8311870374112,247.3519592285156,2881600.0
MA,2019-05-22,63830.0,915887.0,Wednesday,246.76110308574417,250.74220031446964,246.5189430238347,248.8436737060547,2936000.0
MA,2019-05-23,76812.0,1307457.0,Thursday,246.7610761867141,247.68128136560452,240.54240824839937,241.89849853515625,5072500.0
MA,2019-05-24,67691.0,521710.0,Friday,245.2015434541023,245.4243265287504,242.4796672585949,243.59359741210935,2710800.0
MA,2019-05-28,86646.0,4928007.0,Tuesday,244.73657973572676,249.67664952245465,244.7268838765978,245.482421875,6252100.0
MA,2019-05-29,96685.0,644676.0,Wednesday,244.33946700331967,246.2767472174193,243.39020383688785,245.6083831787109,4014300.0
MA,2019-05-30,37404.0,397676.0,Thursday,246.29613617445432,248.02999554734487,244.86253810427945,246.21864318847656,2817400.0
MA,2019-05-31,86934.0,3477359.0,Friday,244.0779108990296,245.70523383702616,242.97366185478236,243.6032867431641,5041400.0
MA,2019-06-03,63922.0,810423.0,Monday,243.90361698892653,245.0466053850956,232.7158191874396,234.66278076171875,5452100.0
MA,2019-06-04,116401.0,963334.0,Tuesday,237.44275725475504,241.5497819026129,234.1396908995484,241.36573791503903,4862200.0
MA,2019-06-05,72201.0,1992268.0,Wednesday,243.5839299554501,248.9114505672593,242.30531791408387,248.2237243652344,4742400.0
MA,2019-06-06,59742.0,658961.0,Thursday,248.32058929036228,250.58723338814693,246.86764376006332,249.74449157714844,3443500.0
MA,2019-06-07,83284.0,624184.0,Friday,251.846467412208,258.5010212637572,251.47837938399368,257.4645690917969,3691800.0
MA,2019-06-10,121329.0,2075870.0,Monday,260.5642697772194,261.38762003621093,256.96092627668827,257.7552185058594,4469000.0
MA,2019-06-11,60836.0,674146.0,Tuesday,259.082179162426,259.4890210274511,251.0521441331098,255.39166259765625,3119600.0
MA,2019-06-12,70955.0,400066.0,Wednesday,254.21962378891547,255.9244103825691,253.1637799930368,255.57571411132807,2295300.0
MA,2019-06-13,38454.0,2035822.0,Thursday,256.6896558150121,256.9124537052545,252.08861481455432,253.0088348388672,4331000.0
MA,2019-06-14,84873.0,806595.0,Friday,251.8367630610051,253.7643772131665,251.28466059784935,251.94332885742188,3158200.0
MA,2019-06-17,47224.0,1144599.0,Monday,252.81505824595047,253.5027844186313,249.9575582155027,251.07151794433597,3332200.0
MA,2019-06-18,64445.0,914762.0,Tuesday,253.49317119835763,254.0259115241385,247.0710814604513,250.69378662109372,3921300.0
MA,2019-06-19,54071.0,1785578.0,Wednesday,250.7130803575151,252.44695424943504,250.1997023355055,251.7204742431641,4326500.0
MA,2019-06-20,120570.0,1769558.0,Thursday,255.22702274599436,259.30501968553835,254.26807831003157,258.4235534667969,4667300.0
MA,2019-06-21,4637.0,2258589.0,Friday,257.4840010327904,259.740920182777,256.1279103701014,256.17633056640625,4285800.0
MA,2019-06-24,75022.0,1075203.0,Monday,257.51299443782256,258.723794647178,256.81557233481175,256.980224609375,2538100.0
MA,2019-06-25,50644.0,781804.0,Tuesday,257.6970946209135,257.958616881356,250.99409019380403,251.58497619628903,3138000.0
MA,2019-06-26,70675.0,3010882.0,Wednesday,252.6988395584568,254.4133219312512,251.83673566149,253.10565185546875,3869400.0
MA,2019-06-27,41551.0,942310.0,Thursday,254.20993108041185,255.3141655135876,252.2338968372182,252.91195678710935,2186900.0
MA,2019-06-28,51280.0,3614352.0,Friday,254.83953083383776,256.53465107849524,253.1347147284059,256.234375,4400300.0
MA,2019-07-01,173303.0,582706.0,Monday,261.5231361335122,261.5231361335122,256.5637034564979,258.40411376953125,2646800.0
MA,2019-07-02,39917.0,581290.0,Tuesday,258.51064647518865,262.1139884373365,258.0747466534225,262.0849304199219,2649100.0
MA,2019-07-03,58850.0,232.0,Wednesday,262.5014465900449,264.5162048339844,262.2883446022731,264.5162048339844,1896800.0
MA,2019-07-05,117073.0,759759.0,Friday,262.9858299717723,264.2159924572807,260.6514034033935,263.60577392578125,2561000.0
MA,2019-07-08,64046.0,399933.0,Monday,261.9473160395495,263.8578548055503,261.32661957307124,263.043212890625,2291700.0
MA,2019-07-09,48562.0,680756.0,Tuesday,261.6758265610892,265.39020976029803,261.36547825926766,265.0895690917969,2477400.0
MA,2019-07-10,74727.0,652410.0,Wednesday,265.89449345119954,268.7360475241723,265.8750781874575,267.0679626464844,2323000.0
MA,2019-07-11,105699.0,389995.0,Thursday,269.2210120826729,270.2393073639493,267.74687235792106,269.9192810058594,2583900.0
MA,2019-07-12,131729.0,677445.0,Friday,270.8114543870329,271.2963624658502,267.9214211790035,271.1024169921875,2299700.0
MA,2019-07-15,65503.0,1628312.0,Monday,271.99462655946843,272.1207073932017,270.14227417898326,270.9375305175781,3349500.0
MA,2019-07-16,72602.0,649239.0,Tuesday,270.5787054995188,272.1595105574016,267.000081542939,268.2705383300781,2976000.0
MA,2019-07-17,53620.0,490630.0,Wednesday,269.0173359185271,270.06472441543065,266.9613006677036,266.97100830078125,2318900.0
MA,2019-07-18,78075.0,1591506.0,Thursday,266.699387961467,268.8814738629699,266.44722634199,268.4256591796875,3241000.0
MA,2019-07-19,164188.0,693785.0,Friday,270.9957244500251,271.044233016241,267.1067817458147,267.2813415527344,3048200.0
MA,2019-07-22,60481.0,483221.0,Monday,268.55183056451114,270.927862700768,267.73718843809934,270.20050048828125,2092400.0
MA,2019-07-23,70568.0,517530.0,Tuesday,271.5485310660236,271.9558668850567,268.5420949813616,270.54962158203125,2275400.0
MA,2019-07-24,57281.0,962885.0,Wednesday,269.7737804705395,271.8394640779636,268.03780121710497,271.7909851074219,2805200.0
MA,2019-07-25,56979.0,715783.0,Thursday,271.54849585541035,272.4213243870868,269.1724346781006,270.9181213378906,2312200.0
MA,2019-07-26,59868.0,1206816.0,Friday,272.1303994442425,273.769390996053,271.62607613818506,273.5560302734375,2942100.0
MA,2019-07-29,80391.0,938920.0,Monday,274.57438314012086,274.77803627390574,271.9655749537233,272.9450988769531,3677700.0
MA,2019-07-30,107505.0,412623.0,Tuesday,270.908505871672,273.847048339108,267.13593551808424,269.7641296386719,3957900.0
MA,2019-07-31,68029.0,1046827.0,Wednesday,270.2587280336171,270.5593687263438,257.6705014932789,264.0518798828125,5513100.0
MA,2019-08-01,109240.0,867940.0,Thursday,265.66169728397966,270.87931224684985,263.4408398906558,265.884765625,4988100.0
MA,2019-08-02,91029.0,655581.0,Friday,263.79000554741475,264.2749136458475,257.6607600800789,261.3169860839844,4438000.0
MA,2019-08-05,283447.0,1501011.0,Monday,252.1522235924741,254.7222307213396,246.23633858120823,249.0876007080078,6861300.0
MA,2019-08-06,169449.0,954838.0,Tuesday,253.89781268281035,257.14670214734804,252.3267155247157,256.6908874511719,4918500.0
MA,2019-08-07,117571.0,768534.0,Wednesday,255.449536062072,261.85032777132494,252.39462149069377,261.18115234375,4476000.0
MA,2019-08-08,112701.0,1208242.0,Thursday,263.7899472220652,269.6864153728329,263.4020267483786,269.64764404296875,4135500.0
MA,2019-08-09,87916.0,904501.0,Friday,267.1940039924572,268.5420327835935,264.837328721818,266.6509094238281,3410500.0
MA,2019-08-12,69137.0,124383.0,Monday,264.6143235462407,266.68003653362393,260.77386015355586,261.850341796875,3322600.0
MA,2019-08-13,95139.0,579385.0,Tuesday,261.68547416219576,267.0582638263728,259.91072366112223,266.2436218261719,3899800.0
MA,2019-08-14,100148.0,1367765.0,Wednesday,261.67578675103306,264.2457934922853,257.8256156568571,259.0863647460937,3750300.0
MA,2019-08-15,91025.0,576352.0,Thursday,261.15205340364514,264.9052366185037,259.99796998661685,263.68328857421875,3364300.0
MA,2019-08-16,178173.0,616149.0,Friday,266.68010737751774,267.6305084473872,265.52602356715124,266.07879638671875,2718100.0
MA,2019-08-19,176725.0,896951.0,Monday,268.639047529368,270.1616658405314,266.9030685020133,269.6767578125,2502300.0
MA,2019-08-20,78648.0,1388759.0,Tuesday,269.99682278186293,271.1218131196907,267.5238033230691,268.6778869628906,2583600.0
MA,2019-08-21,123581.0,1056877.0,Wednesday,271.19934369180174,273.58508261741065,270.859902193485,273.497802734375,2492200.0
MA,2019-08-22,139579.0,1498520.0,Thursday,273.59480759950185,274.3512925751561,268.40631510685745,272.2952575683594,2975800.0
MA,2019-08-23,104022.0,2714791.0,Friday,271.548482191402,273.5753940961869,262.05397518777914,263.68328857421875,4415000.0
MA,2019-08-26,131845.0,1338832.0,Monday,266.5831003349513,268.0863037109375,264.7404553460653,268.0863037109375,2184400.0
MA,2019-08-27,122745.0,1368626.0,Tuesday,268.3868749166819,270.6659484745856,266.6121246290422,268.2899169921875,2169400.0
MA,2019-08-28,95143.0,1235004.0,Wednesday,266.9225177126767,270.23927247223884,265.1186442288319,269.8416442871094,2306900.0
MA,2019-08-29,136228.0,975083.0,Thursday,272.5183059913712,273.46873636093375,270.4623007314213,272.8868408203125,2297200.0
MA,2019-08-30,106617.0,2634762.0,Friday,274.06037429069283,274.41920157267805,270.316897720698,272.877197265625,2600300.0
MA,2019-09-03,152235.0,990384.0,Tuesday,271.5388086846316,274.30279057357257,270.0937921222351,271.6551818847656,2350800.0
MA,2019-09-04,103399.0,1172655.0,Wednesday,274.2349723579429,277.57114313660605,273.6336909262852,277.4644775390625,2631000.0
MA,2019-09-05,192429.0,2168503.0,Thursday,281.527935914743,284.6022365083275,280.8587604096027,283.2638854980469,3808300.0
MA,2019-09-06,119116.0,1111509.0,Friday,283.12811662482187,284.2240135610828,281.2951499764338,282.58502197265625,2783300.0
MA,2019-09-09,134906.0,1363637.0,Monday,284.6313726300001,284.82534772599774,271.64554793588746,274.80712890625,4795900.0
MA,2019-09-10,175338.0,2162393.0,Tuesday,272.84806874437504,273.00324287804546,262.1800912251619,264.1100158691406,8683800.0
MA,2019-09-11,276419.0,1442444.0,Wednesday,266.6219294606878,267.66931811784275,261.0745786404746,261.80194091796875,6342300.0
MA,2019-09-12,225109.0,1593557.0,Thursday,265.13803313955515,270.35561880512444,264.9440580843785,268.0571594238281,5497900.0
MA,2019-09-13,228825.0,1703382.0,Friday,269.5991293021692,269.7543034073716,264.7985580570927,267.97955322265625,4631100.0
MA,2019-09-16,12184.0,1553904.0,Monday,265.2156163127294,267.4365035211685,264.4785465884665,265.80718994140625,2755100.0
MA,2019-09-17,99184.0,1136330.0,Tuesday,266.2629830156921,270.2198490488313,265.68111706649825,267.91168212890625,2929500.0
MA,2019-09-18,61356.0,1057971.0,Wednesday,268.41599356272025,268.4935954253678,262.2770706213698,266.7964172363281,2975900.0
MA,2019-09-19,98175.0,1039976.0,Thursday,267.6304797055553,269.7543796261903,266.5539978918748,267.5820007324219,2623800.0
MA,2019-09-20,1610045.0,4371591.0,Friday,269.4051930079788,270.1810339638781,262.7328542400774,262.9850158691406,5540800.0
MA,2019-09-23,170671.0,1722944.0,Monday,262.14129151174365,265.4774614100733,261.85035850753343,264.9052734375,3092000.0
MA,2019-09-24,111359.0,1850984.0,Tuesday,267.3104343306831,269.06579922185625,260.93873502262204,262.9365539550781,4120300.0
MA,2019-09-25,119223.0,1136477.0,Wednesday,262.0928542769141,264.7501414599602,258.56270874937013,264.51739501953125,4083600.0
MA,2019-09-26,108066.0,1485267.0,Thursday,264.98287312183186,267.1261584923785,264.4009775217612,265.6229553222656,2924600.0
MA,2019-09-27,87169.0,1405622.0,Friday,267.0776808175462,267.3104272201257,259.61008470609664,261.0066223144531,3175700.0
MA,2019-09-30,284290.0,2374694.0,Monday,262.8104149793426,263.8578327799822,261.1908389158615,263.3729248046875,3128700.0
MA,2019-10-01,9889.0,1229641.0,Tuesday,263.2954110384731,265.39021774412265,261.8891951975383,262.76202392578125,3066400.0
MA,2019-10-02,158341.0,2097453.0,Wednesday,260.0658640455837,260.8223193473517,254.59608755861797,256.4969482421875,4308900.0
MA,2019-10-03,1851.0,1359668.0,Thursday,256.27392050710887,260.4344401241992,252.54983000098144,260.1919860839844,3948100.0
MA,2019-10-04,107069.0,1233540.0,Friday,261.3751296314584,266.1951165197357,261.03568809918374,265.78778076171875,2671400.0
MA,2019-10-07,100982.0,1621808.0,Monday,263.1207698529141,265.24466920622905,262.2479413945572,263.9742126464844,2861900.0
MA,2019-10-08,101816.0,1097712.0,Tuesday,261.993443491298,263.2168750121738,258.85712417526605,259.3232116699219,2818900.0
MA,2019-10-09,75212.0,862125.0,Wednesday,262.12933719368124,265.217118340224,261.6826885825871,264.3432006835937,2169600.0
MA,2019-10-10,58387.0,797745.0,Thursday,263.68297108013047,266.7415944303169,263.391684906729,265.8871154785156,2194700.0
MA,2019-10-11,154422.0,1113104.0,Friday,268.1883651569262,271.8781278968665,267.1396757837714,267.9067687988281,3493000.0
MA,2019-10-14,96695.0,1623934.0,Monday,269.5089549215854,270.4799484267453,267.5669679112657,268.3631896972656,2042500.0
MA,2019-10-15,92036.0,1913376.0,Tuesday,269.1691635247011,271.8393962814915,267.9554213625237,270.4800109863281,3006600.0
MA,2019-10-16,95440.0,921760.0,Wednesday,269.06234878868764,270.9363594384625,266.82904559395024,270.1983947753906,2689400.0
MA,2019-10-17,82968.0,941003.0,Thursday,271.2469974326293,272.3053766250602,267.92618714738285,268.4893798828125,2396600.0
MA,2019-10-18,647846.0,2870386.0,Friday,267.2562029099694,268.654435718885,262.0711019237263,262.7799377441406,4052300.0
MA,2019-10-21,120610.0,1755246.0,Monday,264.04216523812727,266.40167152617056,261.682658950084,266.3434143066406,2921200.0
MA,2019-10-22,60280.0,987864.0,Tuesday,266.9260660667875,267.3630249273618,253.4389838401632,253.6817321777344,5619500.0
MA,2019-10-23,152984.0,1202540.0,Wednesday,255.0605505930103,256.52676017485885,251.01152452827813,253.2836456298828,5367000.0
MA,2019-10-24,174689.0,1015025.0,Thursday,255.9149798923107,261.51760030546507,255.9149798923107,260.9544372558594,3791900.0
MA,2019-10-25,157723.0,995134.0,Friday,258.5367250279007,264.2849896477367,257.8570177611402,262.35272216796875,2760200.0
MA,2019-10-28,174813.0,1370642.0,Monday,265.33370286922496,267.9262390136719,263.4985108644485,267.9262390136719,3796600.0
MA,2019-10-29,276764.0,1553315.0,Tuesday,269.5477872132765,270.21777506328925,265.1588778616142,266.33380126953125,4706700.0
MA,2019-10-30,86335.0,925563.0,Wednesday,266.67366633370995,269.421564872338,265.0812227864735,269.11083984375,3485500.0
MA,2019-10-31,100914.0,3928168.0,Thursday,268.3631196619487,270.9945030771504,267.08140145786166,268.7806396484375,5356000.0
MA,2019-11-01,130969.0,1446072.0,Friday,270.9072116851544,272.2569069991677,268.1107454039989,270.95574951171875,2880000.0
MA,2019-11-04,200141.0,1532599.0,Monday,272.49955273694434,274.05311819019647,267.8096388686636,268.3145446777344,3726600.0
MA,2019-11-05,131672.0,2212611.0,Tuesday,268.4797172688197,268.9166762203975,260.63410240278813,261.197265625,4717500.0
MA,2019-11-06,177431.0,1660724.0,Wednesday,262.4595271015791,263.78981306701183,261.0807329472213,262.03228759765625,3742900.0
MA,2019-11-07,133512.0,1885928.0,Thursday,262.1875880200008,267.10081151919746,262.0322255433336,264.87725830078125,4277800.0
MA,2019-11-08,107853.0,1089225.0,Friday,263.81888045007133,266.9746085433384,263.81888045007133,266.9163513183594,2241300.0
MA,2019-11-11,75738.0,665175.0,Monday,265.15884208324826,269.0913827982244,265.139432884551,268.96514892578125,2132600.0
MA,2019-11-12,61941.0,574886.0,Tuesday,269.5477228012363,271.3926039859386,267.770788621088,269.10107421875,2217200.0
MA,2019-11-13,78431.0,1413115.0,Wednesday,268.4893726629276,272.32477850132835,267.02316326591085,270.0041198730469,3320600.0
MA,2019-11-14,84736.0,1475598.0,Thursday,269.40210159162694,271.51885986328125,268.6738566202663,271.51885986328125,2365900.0
MA,2019-11-15,283534.0,1810030.0,Friday,272.49960489583924,272.7520430325128,270.06240195357765,272.6355285644531,2544200.0
MA,2019-11-18,131361.0,1214078.0,Monday,271.87812526485294,273.5967727461976,270.3245300511524,272.7131652832031,2715900.0
MA,2019-11-19,81328.0,1308929.0,Tuesday,273.3540755602561,278.2673002297107,272.79091237651744,277.0341491699219,3013800.0
MA,2019-11-20,103316.0,1730027.0,Wednesday,276.7330686152518,279.38389078226913,274.65512889404584,277.10205078125,2903900.0
MA,2019-11-21,82939.0,1105100.0,Thursday,276.34467870230475,278.20896910652937,275.36396605936017,276.19903564453125,2777000.0
MA,2019-11-22,77826.0,2195244.0,Friday,276.56805175941867,277.0826771034318,273.0530602060797,274.3736267089844,2968100.0
MA,2019-11-25,91910.0,2635140.0,Monday,275.7620929663032,280.60733997655905,275.4708068337208,279.2673645019531,3760200.0
MA,2019-11-26,96693.0,9122989.0,Tuesday,280.13154417381924,282.21917367186586,279.4712758955056,280.98602294921875,5712800.0
MA,2019-11-27,112530.0,790136.0,Wednesday,280.6462647480293,283.5301167786412,280.5297502631353,283.23883056640625,2163500.0
MA,2019-11-29,125812.0,315316.0,Friday,281.8114311275557,284.50107223495746,281.8114311275557,283.75341796875,1754400.0
MA,2019-12-02,416157.0,1478326.0,Monday,282.16091826203825,282.31628073423286,275.6552814209244,278.1604309082031,3062300.0
MA,2019-12-03,188665.0,1919061.0,Tuesday,274.0143695397175,279.2577283599076,273.3346622566468,278.76251220703125,2528300.0
MA,2019-12-04,191742.0,1223963.0,Wednesday,280.1316588704134,281.2191669816941,277.820689317755,278.5198059082031,2743300.0
MA,2019-12-05,76816.0,1706858.0,Thursday,279.5975926255582,282.51057315105857,278.09253490796084,281.4424743652344,2580300.0
MA,2019-12-06,134349.0,1310742.0,Friday,283.83113329108204,284.0156244433616,281.2774154138818,281.9765319824219,2425200.0
MA,2019-12-09,127230.0,1294518.0,Monday,280.80161842026405,282.520266283016,279.8986015584302,280.6753845214844,1903000.0
MA,2019-12-10,87290.0,2407183.0,Tuesday,280.61716610420115,281.7532417180236,279.3645759930379,280.23846435546875,2514300.0
MA,2019-12-11,121301.0,1214930.0,Wednesday,281.35506044319044,281.8988143831273,279.7528976080677,281.6366271972656,2298100.0
MA,2019-12-12,61898.0,1488745.0,Thursday,281.4910161236542,284.2583535880479,279.9082919414894,283.7340087890625,2746400.0
MA,2019-12-13,14973.0,1731696.0,Friday,282.3552110932733,287.9287043587749,281.3939073682821,287.50146484375,3565400.0
MA,2019-12-16,184806.0,4147993.0,Monday,289.4628278883798,290.793113735904,288.24908613989805,288.34619140625,4210700.0
MA,2019-12-17,109395.0,2991529.0,Tuesday,289.8414845853238,289.8414845853238,285.24867585372505,287.4140014648437,3354500.0
MA,2019-12-18,8001.0,3861084.0,Wednesday,286.6372911352868,288.676353765749,286.19061279296875,286.19061279296875,2902700.0
MA,2019-12-19,74607.0,1790489.0,Thursday,285.94789045223206,289.5308591400436,285.57890814992936,288.89971923828125,2536900.0
MA,2019-12-20,25171.0,6638096.0,Friday,291.83209412666514,291.83209412666514,288.2005878001276,289.9095458984375,5099400.0
MA,2019-12-23,83270.0,3335576.0,Monday,290.0745170393575,291.13289613698095,288.48210350162515,288.64715576171875,3590500.0
MA,2019-12-24,57701.0,100919.0,Tuesday,289.31713200038973,289.65698555440974,287.99659544259515,288.85107421875,641100.0
MA,2019-12-26,52456.0,1196308.0,Thursday,289.4627705277964,290.68623145017966,289.1617650044102,290.52117919921875,1369200.0
MA,2019-12-27,98441.0,1358525.0,Friday,291.2980453487532,292.78366419473707,289.5308300952021,292.0165710449219,2042600.0
MA,2019-12-30,70878.0,1354897.0,Monday,292.1039736847857,292.31759344894255,286.71497138916914,289.0841979980469,2717600.0
MA,2019-12-31,61254.0,2113977.0,Tuesday,287.51116040343265,290.25905877069505,287.1907159775694,289.9289245605469,2478600.0
MA,2020-01-02,174924.0,1173973.0,Thursday,291.7446580827255,294.72561482434736,290.8125127496056,294.5896911621094,3272400.0
MA,2020-01-03,183209.0,1419126.0,Friday,290.773711271954,293.64787342715096,289.9386710680914,291.715576171875,2501300.0
MA,2020-01-06,189727.0,1050636.0,Monday,288.7346914008288,292.5895378286877,287.43356331312845,292.4924621582031,3307200.0
MA,2020-01-07,155485.0,2250241.0,Tuesday,292.9875413358005,294.57998474784927,291.18150782114566,291.5019226074219,3182000.0
MA,2020-01-08,100874.0,1558871.0,Wednesday,292.4450599718096,298.4440956597665,292.1825526454732,296.6453552246094,3224400.0
MA,2020-01-09,156027.0,2408651.0,Thursday,299.73720089724446,302.32349275923417,299.48439630511075,300.53448486328125,3292600.0
MA,2020-01-10,143399.0,1092747.0,Friday,302.9457619953882,303.30553381229817,300.18446508376246,302.5471496582031,2948000.0
MA,2020-01-13,142330.0,1721339.0,Monday,304.57921324576307,306.8932654456288,304.2291738319838,306.47515869140625,3236400.0
MA,2020-01-14,138997.0,2876395.0,Tuesday,307.41835095177294,307.65172050540974,301.27347690970555,302.0318908691406,4951400.0
MA,2020-01-15,156606.0,2897302.0,Wednesday,303.53874458824845,306.98065413421136,302.4206187645731,305.5416564941406,4664200.0
MA,2020-01-16,157099.0,1532046.0,Thursday,308.7017361577577,311.4533007818885,306.2612814414699,311.42413330078125,3323300.0
MA,2020-01-17,15293.0,3447344.0,Friday,312.52279472635564,315.0507516447876,310.3934797929599,314.6910095214844,4821000.0
MA,2020-01-21,251680.0,4532549.0,Tuesday,313.4756815422991,316.635620605729,312.5811626594752,313.00897216796875,5998600.0
MA,2020-01-22,169789.0,1969343.0,Wednesday,315.9452771602495,317.73428510334907,315.1382607895858,315.322998046875,3518500.0
MA,2020-01-23,131921.0,3644622.0,Thursday,315.9939224026418,316.2369946506438,313.38819502531726,315.9744873046875,4188300.0
MA,2020-01-24,139187.0,1487247.0,Friday,317.5204379370048,318.0260175543626,312.746495204666,314.7008056640625,3634700.0
MA,2020-01-27,346167.0,1834756.0,Monday,306.36817547206164,310.5101051594391,303.8402189162988,307.01959228515625,4367500.0
MA,2020-01-28,176064.0,1945308.0,Tuesday,307.0488258819045,312.6103196334855,306.7182512131623,311.3949584960937,3486200.0
MA,2020-01-29,272262.0,1593954.0,Wednesday,314.0493615526923,315.4494601513237,307.99199012011456,311.4436340332031,4389400.0
MA,2020-01-30,134229.0,1158240.0,Thursday,310.1601225744587,315.70218052056754,309.19756617182145,315.46881103515625,3512100.0
MA,2020-01-31,146481.0,3878212.0,Friday,314.1854592085815,315.46885804604904,305.78486860750246,307.1849670410156,5586800.0
MA,2020-02-03,203179.0,1885798.0,Monday,309.9657872649656,316.460701717166,309.60604500594866,315.5272827148437,4240100.0
MA,2020-02-04,237150.0,1930956.0,Tuesday,319.1440759067368,322.5470868100579,317.24813049231244,319.99969482421875,4158200.0
MA,2020-02-05,242599.0,2033064.0,Wednesday,325.71680706871564,325.71680706871564,315.1869305107592,319.221923828125,3868000.0
MA,2020-02-06,141402.0,1866114.0,Thursday,320.1941779021895,322.0512532051703,318.59960991231634,320.1747131347656,3422000.0
MA,2020-02-07,131870.0,1158326.0,Friday,318.91076548165137,320.70950591646204,316.83978533635445,317.9384765625,2584200.0
MA,2020-02-10,157069.0,2310652.0,Monday,316.5966938285793,321.1275634765625,316.4897562964977,321.1275634765625,3848100.0
MA,2020-02-11,297850.0,1045862.0,Tuesday,325.716742070682,326.22232155559465,320.5247235338249,321.74981689453125,3449300.0
MA,2020-02-12,180966.0,1069530.0,Wednesday,321.6526438533118,325.18205755836857,320.0969755684948,324.90008544921875,2451000.0
MA,2020-02-13,138325.0,1841001.0,Thursday,323.10132958987634,328.46835376231166,322.926324705014,326.53350830078125,3001000.0
MA,2020-02-14,118767.0,1602456.0,Friday,328.10864426945807,331.5894555761415,327.6905671122578,331.501953125,2716300.0
MA,2020-02-18,266250.0,1080881.0,Tuesday,332.15334906323983,333.59234740287343,330.9574526349949,331.78387451171875,3597300.0
MA,2020-02-19,238218.0,1371596.0,Wednesday,334.4576290594562,337.6175677940183,333.1353304776595,335.0118408203125,3040300.0
MA,2020-02-20,204539.0,1738343.0,Thursday,336.15916911481395,337.62733491138164,328.79896437883974,334.9049377441406,4316000.0
MA,2020-02-21,546450.0,1886594.0,Friday,333.05755976040297,334.3604530326268,326.3098722396461,330.2865600585937,4997100.0
MA,2020-02-24,117966.0,2516615.0,Monday,308.711442926282,320.2136069910259,305.14312978342696,315.67303466796875,7816000.0
MA,2020-02-25,468479.0,2635393.0,Tuesday,312.4353581425278,314.27299867999227,292.42566265316475,294.49664306640625,12715700.0
MA,2020-02-26,587760.0,2470051.0,Wednesday,293.63129270159504,299.35808944084016,289.6351989540324,289.7810363769531,9403300.0
MA,2020-02-27,1058715.0,3936776.0,Thursday,277.1314806933792,289.20732087231016,273.1548229871572,277.89959716796875,13814600.0
MA,2020-02-28,97211.0,5507394.0,Friday,267.27250515190207,282.34298283059366,265.9696119380834,282.20684814453125,12846000.0
MSFT,2019-01-02,1619554.0,15118973.0,Wednesday,93.83073788618364,95.90434241328336,93.25578253082767,95.31053924560548,35329300.0
MSFT,2019-01-03,1140959.0,11300589.0,Thursday,94.34912361359068,94.4339567361136,91.6157309401084,91.8042449951172,42579100.0
MSFT,2019-01-04,1525261.0,12416385.0,Friday,93.99096555528898,96.62067751618406,93.24635115565977,96.0739974975586,44060600.0
MSFT,2019-01-07,1267198.0,9697526.0,Monday,95.800672010503,97.3370241670401,95.17859346034524,96.19654083251952,35656100.0
MSFT,2019-01-08,1196423.0,9345940.0,Tuesday,97.1202221331758,97.9967927409016,95.86663059472602,96.89401245117188,31514400.0
MSFT,2019-01-09,1259954.0,6711375.0,Wednesday,97.89311502125646,98.85451159466496,97.30873219988182,98.27955627441406,32280800.0
MSFT,2019-01-10,1127243.0,11074688.0,Thursday,97.28990527132191,97.78945507196045,96.49816040174024,97.6480712890625,30067600.0
MSFT,2019-01-11,774784.0,6588220.0,Friday,97.2616058810818,97.49724306389976,95.80065247118004,96.89401245117188,28314200.0
MSFT,2019-01-14,833129.0,13111163.0,Monday,96.04574999281743,96.9600237253131,95.44251917384518,96.1871337890625,28437100.0
MSFT,2019-01-15,935551.0,7025972.0,Tuesday,96.62070114167597,99.0147764928071,96.02689066239094,98.9770736694336,31587600.0
MSFT,2019-01-16,1253918.0,8620640.0,Wednesday,99.21270439246406,100.15525334153268,98.92993683131236,99.3258056640625,29853900.0
MSFT,2019-01-17,893778.0,7757189.0,Thursday,98.96762762861644,100.50397964015868,98.741417921824,100.02328491210938,28393000.0
MSFT,2019-01-18,9986756.0,9848778.0,Friday,101.28628207633216,101.7010058039912,99.82533591120983,101.52191925048828,37427600.0
MSFT,2019-01-22,1174558.0,13916291.0,Tuesday,100.6170933017627,100.94698397273334,98.83567648744388,99.60856628417967,32371300.0
MSFT,2019-01-23,1073767.0,6376831.0,Wednesday,100.02327591007936,100.89041903397217,99.28808184478628,100.57937622070312,25874300.0
MSFT,2019-01-24,1026706.0,4294954.0,Thursday,100.72078727220806,100.85274355765142,99.28810875728249,100.09870147705078,23164800.0
MSFT,2019-01-25,1424666.0,10302740.0,Friday,101.0789481100336,101.68217886707733,100.0986963320681,101.01296997070312,31225600.0
MSFT,2019-01-28,1485451.0,5455914.0,Monday,100.15522222840497,100.36258408335574,98.6471458165933,99.0430145263672,29476700.0
MSFT,2019-01-29,851317.0,5846914.0,Tuesday,98.8545179140794,98.93935104746356,96.30021146805773,97.0259780883789,31490500.0
MSFT,2019-01-30,1598934.0,14061658.0,Wednesday,98.60946031582328,100.26834106445312,98.3361202945989,100.26834106445312,49471900.0
MSFT,2019-01-31,2946511.0,14447972.0,Thursday,97.83658614090174,99.17500395488452,97.25220318964766,98.43038940429688,55636400.0
MSFT,2019-02-01,1311771.0,14133101.0,Friday,97.81773208636038,98.11934747260256,96.46988675604224,96.87518310546876,35535700.0
MSFT,2019-02-04,1192536.0,10185764.0,Monday,96.9599898611042,99.72165791104808,96.86572923580984,99.66510009765624,31315100.0
MSFT,2019-02-05,1058760.0,10034282.0,Tuesday,99.96674408446316,101.10722750520894,99.87249062320151,101.0601043701172,27325400.0
MSFT,2019-02-06,1058270.0,7055540.0,Wednesday,100.85273491095272,100.85273491095272,99.46718684151024,99.93846130371094,20609800.0
MSFT,2019-02-07,826898.0,11831354.0,Thursday,99.14674661437628,99.52376051856476,98.29845094779355,99.2221450805664,29760700.0
MSFT,2019-02-08,836783.0,7777189.0,Friday,98.39267496180024,99.70281730246916,98.2701461987361,99.59913635253906,21461100.0
MSFT,2019-02-11,771945.0,6638626.0,Monday,100.09869621937868,100.4568694248362,98.93936503086584,99.20327758789062,18914100.0
MSFT,2019-02-12,951069.0,6560905.0,Tuesday,100.04214226176936,100.98469118618104,99.42006371101802,100.74905395507812,25056600.0
MSFT,2019-02-13,816548.0,5470753.0,Wednesday,101.32402141459164,101.58793399421523,100.57940681289452,100.67366027832033,18394900.0
MSFT,2019-02-14,857952.0,6708191.0,Thursday,100.20236868126364,101.12606974358576,99.58971766487922,100.75847625732422,21784700.0
MSFT,2019-02-15,7187665.0,5358721.0,Friday,101.71044431467448,102.07803777086416,101.19203959898309,102.00263214111328,26606900.0
MSFT,2019-02-19,1256754.0,4691148.0,Tuesday,101.59734700652668,102.41736714003048,101.58791950400528,101.95551300048828,18038500.0
MSFT,2019-02-20,617783.0,7517976.0,Wednesday,102.09748945531064,102.17321712132484,100.61136831327374,101.42542266845705,21607700.0
MSFT,2019-02-21,750451.0,4762945.0,Thursday,101.18878630450423,103.63094954324492,101.16039023318208,103.56468963623048,29063200.0
MSFT,2019-02-22,1425828.0,7265907.0,Friday,104.17048956254114,105.25904407293376,103.95277432738996,105.04133605957033,27763200.0
MSFT,2019-02-25,1651560.0,6249602.0,Monday,105.78912743734496,106.18668684114536,105.31584036945289,105.62820434570312,23750600.0
MSFT,2019-02-26,1021692.0,5651941.0,Tuesday,105.31584081345667,107.19005356600996,105.2306453855474,106.35707092285156,21536700.0
MSFT,2019-02-27,831254.0,5398259.0,Wednesday,105.72287164692706,106.35707460932956,104.95614165631795,106.1772232055664,21487100.0
MSFT,2019-02-28,780606.0,15257269.0,Thursday,106.05416838613714,106.84928720383115,105.76073271129114,106.0447006225586,29083900.0
MSFT,2019-03-01,1516353.0,9350283.0,Friday,106.85877269858864,106.98182475837726,105.70395089116582,106.51800537109376,23501200.0
MSFT,2019-03-04,1273297.0,7551783.0,Monday,106.98181183943468,107.19952708085005,104.88042320269471,106.26242065429688,26608000.0
MSFT,2019-03-05,685921.0,9380791.0,Tuesday,106.25296433063296,106.38548415383676,105.28746172989266,105.73234558105467,19538300.0
MSFT,2019-03-06,821241.0,3984528.0,Wednesday,105.89325458573916,106.6410490437442,105.47675964158752,105.7796630859375,17687000.0
MSFT,2019-03-07,603414.0,10110010.0,Thursday,105.44838218674026,105.59036978111024,104.00012461210224,104.49234008789062,25339000.0
MSFT,2019-03-08,1457406.0,6035771.0,Friday,103.32804513395632,104.79523083921818,102.98727783763228,104.60591888427734,22818400.0
MSFT,2019-03-11,746807.0,10255362.0,Monday,105.0602410880151,106.91552517045768,105.05078054816512,106.80194091796876,26491600.0
MSFT,2019-03-12,817234.0,8803254.0,Tuesday,106.79249669264276,107.8999867292096,106.63158081829464,107.5497589111328,26132700.0
MSFT,2019-03-13,846604.0,23046795.0,Wednesday,108.03251639301747,108.85603858914438,107.7012168503647,108.38275146484376,35513800.0
MSFT,2019-03-14,1638698.0,21767115.0,Thursday,108.42060927805724,109.04534449209672,108.22182956350888,108.46793365478516,30763400.0
MSFT,2019-03-15,19346188.0,29278814.0,Friday,109.17786824123849,110.98582848731972,108.46793756861172,109.71742248535156,54681100.0
MSFT,2019-03-18,1052880.0,17364422.0,Monday,109.96352150131752,111.32659064071132,109.84993722089332,111.28872680664062,31207600.0
MSFT,2019-03-19,1162615.0,20745512.0,Tuesday,111.78093625639752,112.11224298143529,110.73970615113063,111.36444854736328,37588700.0
MSFT,2019-03-20,835553.0,9546591.0,Wednesday,111.11836486273462,112.40570658537128,110.4746940014163,111.24141693115234,28113300.0
MSFT,2019-03-21,736441.0,10789386.0,Thursday,110.88169943563474,114.3650927247558,110.83436783767706,113.79714965820312,29854400.0
MSFT,2019-03-22,842795.0,11810359.0,Friday,113.1156126022342,113.20080081053928,110.78704102532156,110.7965087890625,33624500.0
MSFT,2019-03-25,1286554.0,6356698.0,Monday,110.33268685404296,111.70522378225368,110.1055110672932,111.3739242553711,27067100.0
MSFT,2019-03-26,920059.0,6038791.0,Tuesday,112.2826319876674,112.36782019752776,110.60719164253508,111.61056518554688,26097700.0
MSFT,2019-03-27,499875.0,6752376.0,Wednesday,111.58214613487092,111.8945173038179,109.34823080471936,110.5314483642578,22733400.0
MSFT,2019-03-28,655563.0,4195349.0,Thursday,111.1656925565114,111.29821238607732,109.92567526301724,110.68293762207033,18334800.0
MSFT,2019-03-29,915957.0,16437711.0,Friday,111.762021474115,111.99866503675366,110.71132347825628,111.63896942138672,25399800.0
MSFT,2019-04-01,1249463.0,10987624.0,Monday,112.59500260448736,112.7464579488685,111.79041594738034,112.66126251220705,22789100.0
MSFT,2019-04-02,935014.0,6883340.0,Tuesday,112.6991300542513,113.09669673543108,112.18797908283892,112.82218933105467,18142300.0
MSFT,2019-04-03,922325.0,8090976.0,Wednesday,113.45639260995124,113.9959396551224,112.78432574468812,113.56051635742188,22860700.0
MSFT,2019-04-04,807918.0,4885934.0,Thursday,113.68355612388544,113.80661538766036,112.05544739956194,112.98309326171876,20112800.0
MSFT,2019-04-05,1015488.0,4691182.0,Friday,113.01148466409715,113.80661068764968,112.99255635910691,113.48477172851562,15826200.0
MSFT,2019-04-08,746498.0,4983036.0,Monday,113.409067782698,113.6078475247109,112.30157755357368,113.5226593017578,15116200.0
MSFT,2019-04-09,1095447.0,5436501.0,Tuesday,112.29211201083037,113.1534981317249,112.24478762662716,112.90738677978516,17612000.0
MSFT,2019-04-10,683714.0,5417015.0,Wednesday,113.36172586531964,113.92020116529014,113.15347839014832,113.7687530517578,16477200.0
MSFT,2019-04-11,720300.0,3701479.0,Thursday,114.10007827900414,114.39351403006768,113.51319955508755,113.90129852294922,14209100.0
MSFT,2019-04-12,838927.0,6850858.0,Friday,114.19471584658072,114.5165548438227,113.93914397911978,114.48815155029295,19745100.0
MSFT,2019-04-15,603120.0,5428255.0,Monday,114.47870095374071,115.08450794281892,114.1284658543281,114.58282470703124,15792600.0
MSFT,2019-04-16,767397.0,3287619.0,Tuesday,115.14130181433144,115.15076957980564,113.68357646823802,114.31777954101562,14071800.0
MSFT,2019-04-17,769840.0,4991088.0,Wednesday,114.76265246844385,115.34006330055205,114.1000534259203,115.26433563232422,19300900.0
MSFT,2019-04-18,6460500.0,6709847.0,Thursday,115.66190415133396,116.92084235250157,114.81945368858334,116.77886199951172,27991000.0
MSFT,2019-04-22,889483.0,3402623.0,Monday,116.06891637961093,117.37518601118234,116.02158478685932,117.14801025390624,15648700.0
MSFT,2019-04-23,1054544.0,5863340.0,Tuesday,117.46986039816056,118.87079343494906,117.214288533866,118.73827362060548,24025500.0
MSFT,2019-04-24,1309303.0,11875992.0,Wednesday,119.06955680546726,119.12634894044756,117.8674036552775,118.33123016357422,31257000.0
MSFT,2019-04-25,4166640.0,5758816.0,Thursday,123.11145476935408,124.35146482786668,121.94717239029896,122.25006866455078,38033900.0
MSFT,2019-04-26,1851494.0,8416386.0,Friday,122.77068720232847,123.54688508262184,122.12702359351954,122.9505386352539,23654900.0
MSFT,2019-04-29,1144849.0,4369827.0,Monday,122.95998941105948,123.22502904581796,122.4393851279404,122.83694458007812,16324200.0
MSFT,2019-04-30,952097.0,8066205.0,Tuesday,122.87481019812616,123.71726076538802,122.47725071685876,123.62261199951172,24166500.0
MSFT,2019-05-01,887021.0,5693283.0,Wednesday,123.5563358067416,123.66992009489788,120.8775289436334,121.04791259765624,26821700.0
MSFT,2019-05-02,930786.0,3809933.0,Thursday,121.14258847057356,121.16151677998322,118.8140092147838,119.46714782714844,27350200.0
MSFT,2019-05-03,919750.0,5069238.0,Friday,120.55568697824305,122.5150880012602,120.4515632417056,122.0134048461914,24911100.0
MSFT,2019-05-06,1465576.0,7070454.0,Monday,119.6375166070001,121.69158095724976,119.3724769775212,121.30348205566406,24239800.0
MSFT,2019-05-07,1069576.0,11532200.0,Tuesday,119.70376977087696,120.38530433502184,117.58344563270568,118.8139877319336,36017700.0
MSFT,2019-05-08,1042563.0,11563186.0,Wednesday,118.7382750041655,119.61858933644162,118.08513646744146,118.80453491210938,28419000.0
MSFT,2019-05-09,932433.0,6292558.0,Thursday,117.6497204283093,119.06958187607292,116.96818577789654,118.79507446289062,27235800.0
MSFT,2019-05-10,780448.0,7321890.0,Friday,118.23659340248687,121.09524446881002,117.204823711441,120.33798217773438,30915100.0
MSFT,2019-05-13,1240874.0,9286313.0,Monday,117.4793396074437,118.84240894124082,116.46650537241082,116.75994110107422,33944900.0
MSFT,2019-05-14,1139121.0,7825633.0,Tuesday,117.25214588651184,119.15475478229727,117.0912227878882,118.06620025634766,25266300.0
MSFT,2019-05-15,872668.0,5620074.0,Wednesday,118.05671890887416,120.38440759448294,117.5246701890185,119.72885131835938,24722700.0
MSFT,2019-05-16,1001221.0,8990875.0,Thursday,120.42239001966492,122.92109987174912,120.14686652178963,122.4935531616211,30112200.0
MSFT,2019-05-17,2950863.0,5741983.0,Friday,121.90451550240924,123.94719206219688,121.53398563298408,121.67650604248048,25770500.0
MSFT,2019-05-20,1113433.0,8969381.0,Monday,120.20387282833684,121.22045606146688,119.4818187224735,119.91885375976562,23706900.0
MSFT,2019-05-21,976237.0,5529483.0,Tuesday,121.06847409962458,121.16348047681316,120.26090902073892,120.56493377685548,15293300.0
MSFT,2019-05-22,623631.0,4761876.0,Wednesday,120.29887027511604,121.83799913334585,120.20385668316702,121.29644775390624,15396500.0
MSFT,2019-05-23,989652.0,6174663.0,Thursday,119.89985011774888,119.98536091369542,118.51273699862485,119.88085174560548,23603800.0
MSFT,2019-05-24,783275.0,3365481.0,Friday,120.5744240940306,121.0589587420366,119.6813482942591,119.9378662109375,14123400.0
MSFT,2019-05-28,844582.0,12286722.0,Tuesday,120.64091061315588,121.60998700777526,119.75733776136173,119.86184692382812,23128400.0
MSFT,2019-05-29,936079.0,6329617.0,Wednesday,119.12077290680855,119.13027571606516,117.84767191017032,118.70274353027344,22763100.0
MSFT,2019-05-30,537615.0,3228237.0,Thursday,119.00677789414569,119.48181691643757,118.55073724339655,119.45331573486328,16829600.0
MSFT,2019-05-31,963325.0,11588578.0,Friday,118.02820687098846,118.39873675424646,117.16363231103932,117.5056610107422,26646800.0
MSFT,2019-06-03,1262484.0,8721334.0,Monday,117.66718409623417,118.16122882140448,113.06880906892502,113.85736846923828,37983600.0
MSFT,2019-06-04,1466668.0,8726572.0,Tuesday,115.22545311627822,117.12560902452428,114.62690661464774,117.01160430908205,29382600.0
MSFT,2019-06-05,1207859.0,7875962.0,Wednesday,118.71225882526043,119.58633620917988,118.00920304231124,119.54833221435548,24926100.0
MSFT,2019-06-06,1210950.0,6833773.0,Thursday,120.12787495937287,121.58149326448594,119.32980560158263,121.43898010253906,21459000.0
MSFT,2019-06-07,1207651.0,7785113.0,Friday,122.74059876924532,125.64783559466896,121.85701854947496,124.84026336669922,33885600.0
MSFT,2019-06-10,1496559.0,4538111.0,Monday,125.79031948495046,127.38645803909628,125.4102940895555,125.9803466796875,26477100.0
MSFT,2019-06-11,1159058.0,7514477.0,Tuesday,127.19646320942152,127.53849191213956,124.72625430123112,125.5053253173828,23913700.0
MSFT,2019-06-12,755308.0,3971970.0,Wednesday,124.84026319868808,125.38181470314788,124.18472145224392,124.92578125,17092500.0
MSFT,2019-06-13,872092.0,4024569.0,Thursday,125.3913178602064,126.36040169175126,124.99228675240391,125.71435546875,17200800.0
MSFT,2019-06-14,726234.0,6723462.0,Friday,125.65733530367446,127.11095376435254,125.06829146908512,125.83785247802734,17821700.0
MSFT,2019-06-17,498077.0,5970901.0,Monday,126.00887714265968,127.05395447138082,125.91386352321098,126.2178955078125,14517800.0
MSFT,2019-06-18,1129844.0,6062512.0,Tuesday,127.49097501762937,128.488559863032,126.90193126952364,128.4125518798828,25934500.0
MSFT,2019-06-19,1024069.0,10636758.0,Wednesday,128.2605661124218,129.14413194261522,127.12997065457049,128.91612243652344,23744400.0
MSFT,2019-06-20,1353537.0,13580018.0,Thursday,130.58821342109022,130.78773617248524,128.94458260041793,130.11317443847656,33042600.0
MSFT,2019-06-21,14797010.0,17116834.0,Friday,129.761626612952,130.85421027529054,129.64762191692685,130.1321563720703,36727900.0
MSFT,2019-06-24,777663.0,7448015.0,Monday,130.16071930494874,131.49082304647388,130.16071930494874,130.9017791748047,20628800.0
MSFT,2019-06-25,804030.0,6810539.0,Tuesday,130.3982185508598,130.7212416238999,126.10386150188944,126.76891326904295,33327400.0
MSFT,2019-06-26,1186128.0,9058608.0,Wednesday,127.64297247989808,128.96358018945983,126.93041405034236,127.24392700195312,23657700.0
MSFT,2019-06-27,743432.0,5120863.0,Thursday,127.4434768499626,127.98502833019906,126.8449230027626,127.45297241210938,16557500.0
MSFT,2019-06-28,789180.0,22633057.0,Friday,127.85201678737636,127.8805179705934,126.51240318801062,127.27246856689452,30043000.0
MSFT,2019-07-01,1599584.0,6339049.0,Monday,129.80914072703476,129.87563863778965,128.23200802351937,128.90655517578125,22613500.0
MSFT,2019-07-02,750518.0,4165846.0,Tuesday,129.32463065433086,129.77116853601524,128.58357087133166,129.7616729736328,15237800.0
MSFT,2019-07-03,881352.0,2613.0,Wednesday,129.97070793513078,130.86378381265175,129.48615874789846,130.59776306152344,13629300.0
MSFT,2019-07-05,1306716.0,6143200.0,Friday,129.15362948493672,130.47423756887667,128.94461112658283,130.21771240234375,18141100.0
MSFT,2019-07-08,850070.0,4842512.0,Monday,129.59064003808922,130.255706269782,128.61206080773505,130.12269592285156,16779700.0
MSFT,2019-07-09,827041.0,6869380.0,Tuesday,129.21061701257614,130.1321938966203,129.02060429873052,129.6476593017578,19953100.0
MSFT,2019-07-10,909667.0,9004780.0,Wednesday,130.28423473826209,131.66184529793492,130.17972555113968,130.96829223632812,24204400.0
MSFT,2019-07-11,1190234.0,4979184.0,Thursday,131.3008167092826,132.26990062374344,130.98728913410278,131.49082946777344,22327900.0
MSFT,2019-07-12,832490.0,6981257.0,Friday,131.91832801304284,132.18434867697422,131.1202515242097,131.9658203125,18936800.0
MSFT,2019-07-15,1163253.0,5074563.0,Monday,132.4788705193955,132.57386961534877,131.54779819563558,131.9658203125,16651500.0
MSFT,2019-07-16,986254.0,4759254.0,Tuesday,132.02284561987665,132.10834916082104,129.70465297400833,130.2366943359375,22726100.0
MSFT,2019-07-17,995859.0,7141791.0,Wednesday,130.8257525629122,131.04426646856507,129.4196410223435,129.46714782714844,20211000.0
MSFT,2019-07-18,1227364.0,9099591.0,Thursday,128.78307120793605,129.79964709323164,127.94699795869164,129.60963439941406,30381800.0
MSFT,2019-07-19,6381886.0,9498216.0,Friday,133.21993870840322,133.6474709102425,129.63814057878298,129.79965209960938,48992400.0
MSFT,2019-07-22,1319786.0,7012098.0,Monday,130.5502483055431,132.24138633354426,130.4742403102681,131.51931762695312,25074900.0
MSFT,2019-07-23,1526283.0,3743645.0,Tuesday,132.7829025878058,133.0014309764159,131.1392716261868,132.33636474609375,18034600.0
MSFT,2019-07-24,964770.0,7840810.0,Wednesday,131.96581283325906,133.71396716478063,131.91832053649352,133.69496154785156,20738300.0
MSFT,2019-07-25,1262361.0,4855536.0,Thursday,133.4194614937464,133.59048309132223,132.36488871303476,133.1914520263672,18356900.0
MSFT,2019-07-26,819925.0,7404074.0,Friday,133.362435084195,134.60703485940024,133.2959371672115,134.2840118408203,19037600.0
MSFT,2019-07-29,943719.0,5250248.0,Monday,134.4360244724882,134.445520032669,132.41235388201258,133.98948669433594,16605900.0
MSFT,2019-07-30,800720.0,5331583.0,Tuesday,133.1439373138598,134.17002334724836,132.82091425623022,133.3434600830078,16846500.0
MSFT,2019-07-31,1025907.0,10594563.0,Wednesday,133.3244626258282,133.47647860238737,128.336552559182,129.46714782714844,38598800.0
MSFT,2019-08-01,1302968.0,6872087.0,Thursday,130.16068999436334,133.90399974876416,130.0941775737431,131.1677703857422,40557500.0
MSFT,2019-08-02,1206662.0,6215176.0,Friday,131.19626898005504,131.41479736032116,128.5075464709125,130.065673828125,30791600.0
MSFT,2019-08-05,2381438.0,12067576.0,Monday,126.64538365066716,127.24392285399644,124.25118334623645,125.60980224609376,42749600.0
MSFT,2019-08-06,1909880.0,10896101.0,Tuesday,127.1204573459932,128.90659438157408,126.55991472570562,127.96602630615234,32696700.0
MSFT,2019-08-07,1475230.0,10604507.0,Wednesday,127.11092885829989,128.87807451285684,125.24878410225308,128.52655029296875,33414500.0
MSFT,2019-08-08,1043079.0,11872415.0,Thursday,129.78068717642572,132.0513734815549,129.1441220286694,131.95635986328125,27496500.0
MSFT,2019-08-09,823077.0,7413689.0,Friday,131.6903306344204,132.42189485622103,129.64766844667585,130.83526611328125,23466700.0
MSFT,2019-08-12,590810.0,8045333.0,Monday,130.22723719662795,130.97779266142498,128.48859219926308,129.01112365722656,20484300.0
MSFT,2019-08-13,654084.0,6072499.0,Tuesday,129.2581148500338,131.8708293510571,128.2605300502351,131.68081665039062,25154600.0
MSFT,2019-08-14,1132414.0,12842879.0,Wednesday,129.98409875466447,130.51791202565894,127.41987507155388,127.7153778076172,32527300.0
MSFT,2019-08-15,1418249.0,7785828.0,Thursday,128.1061828675824,128.28730116220717,126.06624571160432,127.42937469482422,28074400.0
MSFT,2019-08-16,3743396.0,7816908.0,Friday,128.57326398463442,130.07938783669758,128.42074179941676,129.7648162841797,24449100.0
MSFT,2019-08-19,1307636.0,8021125.0,Monday,131.4043888200055,132.07165517536973,130.4892702859947,131.93820190429688,24355700.0
MSFT,2019-08-20,738291.0,10020135.0,Tuesday,131.74754070692438,132.22416155312575,130.8228951016686,130.84194946289062,21170800.0
MSFT,2019-08-21,822843.0,4510061.0,Wednesday,132.07164632986834,132.96769589505126,131.5473604624406,132.3004150390625,14970300.0
MSFT,2019-08-22,696304.0,5545327.0,Thursday,132.17653458711038,132.69127884916352,129.91734123532424,131.33767700195312,18697000.0
MSFT,2019-08-23,922361.0,11234539.0,Friday,130.77526888648032,131.88103306843263,126.59053719775572,127.15294647216795,38508600.0
MSFT,2019-08-26,1055815.0,7156706.0,Monday,128.67810934665607,129.22144958176557,127.63906478247333,129.11659240722656,20312600.0
MSFT,2019-08-27,844043.0,9577471.0,Tuesday,130.01263718653286,130.32720869854842,128.36353308897935,129.39303588867188,23102100.0
MSFT,2019-08-28,647989.0,4582559.0,Wednesday,128.57323820762798,129.41208096751745,127.30542506965138,129.221435546875,17393300.0
MSFT,2019-08-29,956065.0,5041102.0,Thursday,130.83242751301614,131.96678749957786,130.50832881551696,131.6617431640625,20168700.0
MSFT,2019-08-30,899041.0,11678385.0,Friday,132.64360078691675,132.67219687947647,129.8982740839662,131.41392517089844,23940100.0
MSFT,2019-09-03,1321982.0,5781429.0,Tuesday,130.22234030927868,130.7847493829245,129.35488693075263,129.67898559570312,18869300.0
MSFT,2019-09-04,988978.0,5114123.0,Wednesday,130.8801153183178,131.25187907619636,130.09844998131734,131.19468688964844,17995900.0
MSFT,2019-09-05,1303127.0,6209632.0,Thursday,132.6054610436816,133.81608214452424,132.2718206114973,133.5015106201172,26101800.0
MSFT,2019-09-06,1053939.0,5493546.0,Friday,133.48245520512532,133.62543566462008,131.73802087270732,132.595947265625,20824500.0
MSFT,2019-09-09,804621.0,5414989.0,Monday,133.06300065857877,133.21552281600543,130.0793641349798,131.0897979736328,25773900.0
MSFT,2019-09-10,834051.0,8680700.0,Tuesday,130.40348309702614,130.48927136943192,128.22055119704086,129.71714782714844,28903400.0
MSFT,2019-09-11,1111757.0,8350273.0,Wednesday,129.55512212762935,129.89828982524836,128.77345671542886,129.7552947998047,24726100.0
MSFT,2019-09-12,1353256.0,10076074.0,Thursday,131.40436946883273,131.94770965485912,130.47018216357955,131.0897979736328,27010000.0
MSFT,2019-09-13,663675.0,10024848.0,Friday,131.33763769112574,131.60454419827528,130.18422340208244,130.89915466308594,23363100.0
MSFT,2019-09-16,938244.0,8055944.0,Monday,129.4788234799612,130.30813911485942,129.31677413436694,129.9554443359375,16731400.0
MSFT,2019-09-17,772517.0,7222278.0,Tuesday,130.55599438348926,131.08980742766698,130.05076288241258,130.96588134765625,17814200.0
MSFT,2019-09-18,569456.0,8420998.0,Wednesday,130.93728117531467,132.1860254815639,130.146088814759,132.0430450439453,23982100.0
MSFT,2019-09-19,2265878.0,6763992.0,Thursday,133.73987642563998,135.71308011067833,133.52063480404036,134.473876953125,35772100.0
MSFT,2019-09-20,20032360.0,13140464.0,Friday,134.41664149493,135.02671575822046,131.78569896173704,132.92005920410156,39167300.0
MSFT,2019-09-23,574091.0,7770011.0,Monday,132.7198367233309,133.10114212737344,131.96678218648202,132.63404846191406,17139300.0
MSFT,2019-09-24,977929.0,9618693.0,Tuesday,133.79700069377105,134.11157218868817,130.47972377194745,130.9563446044922,29773200.0
MSFT,2019-09-25,641618.0,8020446.0,Wednesday,131.0707501518926,133.41573142727637,129.66948351391622,132.84378051757812,21382000.0
MSFT,2019-09-26,720705.0,6202584.0,Thursday,132.9200196440192,133.62540916472605,131.96677798225235,133.0153350830078,17456600.0
MSFT,2019-09-27,642352.0,6722712.0,Friday,133.5968212443839,133.79700840552897,130.2604752242713,131.28997802734375,22477700.0
MSFT,2019-09-30,1315798.0,9655598.0,Monday,131.5950172865452,132.71030831055091,131.33763795937045,132.52919006347656,17280900.0
MSFT,2019-10-01,798139.0,8168878.0,Tuesday,133.12976642806203,133.69217565473528,130.5941394987432,130.66087341308594,21466600.0
MSFT,2019-10-02,1127512.0,10188576.0,Wednesday,129.87921206057462,129.99359643687868,127.33405787058716,128.35401916503906,30521700.0
MSFT,2019-10-03,651144.0,6954212.0,Thursday,128.63999291010893,130.35583125803498,126.99088847766868,129.90780639648438,24132900.0
MSFT,2019-10-04,691426.0,9751048.0,Friday,130.35580664775927,131.78566924352992,130.041235131252,131.6617431640625,22897700.0
MSFT,2019-10-07,663083.0,5946097.0,Monday,130.72759552229962,131.71896071305767,130.61321114710526,130.70852661132812,15303700.0
MSFT,2019-10-08,889571.0,7259014.0,Tuesday,130.67038359081894,131.31858101273605,129.27864420653353,129.32630920410156,25550500.0
MSFT,2019-10-09,852133.0,5680784.0,Wednesday,131.03261094068608,132.21462134382335,130.56551726973774,131.77613830566406,19749900.0
MSFT,2019-10-10,768425.0,4772268.0,Thursday,132.014469154819,133.1392875570215,131.785685874311,132.595947265625,17654600.0
MSFT,2019-10-11,1230397.0,6412308.0,Friday,133.56823241780407,134.43568592106763,132.97722717375487,133.1488037109375,25446000.0
MSFT,2019-10-14,529563.0,5767421.0,Monday,133.1583250720082,133.73026132045834,132.996275741015,133.02487182617188,13304300.0
MSFT,2019-10-15,735378.0,5273561.0,Tuesday,133.51105021980408,135.16015453570904,133.2727397590247,134.95045471191406,19695700.0
MSFT,2019-10-16,835729.0,6122473.0,Wednesday,134.20690276891867,134.39756275969717,133.00582337171582,133.8446807861328,20751600.0
MSFT,2019-10-17,805715.0,6913994.0,Thursday,134.3594198053739,134.80744458500322,132.51967023629933,133.15834045410156,21460600.0
MSFT,2019-10-18,5806375.0,7516870.0,Friday,133.22507978137887,133.45386306866777,130.1747086774441,130.98497009277344,32273500.0
MSFT,2019-10-21,1071473.0,7063717.0,Monday,131.9763290412092,132.02399404198434,130.6036584726557,131.95726013183594,20078200.0
MSFT,2019-10-22,696083.0,5593560.0,Tuesday,132.4720260297347,133.46339119100097,129.88873411934586,129.99359130859375,27431000.0
MSFT,2019-10-23,1213385.0,7570074.0,Wednesday,130.479769310705,131.02310968587426,129.2691479008345,130.82293701171875,29844600.0
MSFT,2019-10-24,2642026.0,4998587.0,Thursday,132.87236635247714,133.85420418693158,132.18603113194197,133.3966522216797,37029300.0
MSFT,2019-10-25,750681.0,8982601.0,Friday,132.8247136707139,134.5405518811325,132.69126039575443,134.14971923828125,25959700.0
MSFT,2019-10-28,4115692.0,6233566.0,Monday,137.64809436266447,138.8587153829258,136.79970983948462,137.4479217529297,35280100.0
MSFT,2019-10-29,1072308.0,4907548.0,Tuesday,137.3430873453953,137.7434471765258,135.97994393780016,136.1515350341797,20589500.0
MSFT,2019-10-30,919970.0,3979703.0,Wednesday,136.80928219300353,138.22007613883525,136.11340513015898,137.8483123779297,18496600.0
MSFT,2019-10-31,1112414.0,11569863.0,Thursday,138.12476468805932,138.15336078540815,136.3040834604672,136.6663055419922,24605100.0
MSFT,2019-11-01,916282.0,13580697.0,Friday,137.51463728737957,137.66715944457806,136.28496194008636,136.99989318847656,33128400.0
MSFT,2019-11-04,1249314.0,4977103.0,Monday,138.0580290104815,138.22007839143336,137.41935866955916,137.79112243652344,16912000.0
MSFT,2019-11-05,1238425.0,6659236.0,Tuesday,138.1914550538504,138.23912004951407,137.18102114516475,137.70530700683594,18250200.0
MSFT,2019-11-06,775267.0,6341287.0,Wednesday,137.61949245262142,137.76248742740978,136.50420146677598,137.32398986816406,16575800.0
MSFT,2019-11-07,945225.0,5683843.0,Thursday,137.1143038657413,138.10568353260678,137.04758449997485,137.51466369628906,17786700.0
MSFT,2019-11-08,628461.0,5035171.0,Friday,137.2477484016639,139.16377370228574,137.03803404492604,139.1351776123047,16732700.0
MSFT,2019-11-11,992982.0,2526427.0,Monday,138.54415224673093,139.5736550806276,137.96267419828877,139.2781524658203,14362600.0
MSFT,2019-11-12,797617.0,6508628.0,Tuesday,139.4402138891118,140.66990399660273,139.23049952264537,140.1932830810547,18641600.0
MSFT,2019-11-13,692985.0,5936823.0,Wednesday,139.8786722017119,140.56500729074975,139.44017468276084,140.42201232910156,16919200.0
MSFT,2019-11-14,683066.0,8524642.0,Thursday,140.14561308038267,141.47061859652064,140.12654417175258,141.13697814941406,19729800.0
MSFT,2019-11-15,4107924.0,9454400.0,Friday,141.966262208235,142.97671050594133,141.33713381685624,142.9576416015625,23485700.0
MSFT,2019-11-18,1729259.0,7060975.0,Monday,143.05298373366432,143.5105356604496,142.01393926375604,143.3103485107422,21534000.0
MSFT,2019-11-19,1114843.0,8983294.0,Tuesday,143.825156557021,144.25411254480335,143.17694443822134,143.35806274414062,23935700.0
MSFT,2019-11-20,1364546.0,7701089.0,Wednesday,143.76932176021538,144.2762578673998,141.99983248252934,143.10934448242188,25696800.0
MSFT,2019-11-21,800346.0,7154150.0,Thursday,142.89889751569316,143.2815003913289,142.03806658642566,142.9754180908203,18576100.0
MSFT,2019-11-22,896677.0,6230994.0,Friday,143.53979680061397,143.7597843956345,142.3441898355718,143.08067321777344,15901800.0
MSFT,2019-11-25,891098.0,13390678.0,Monday,143.4727886938656,144.7640496300331,143.39626812185205,144.64926147460938,22420900.0
MSFT,2019-11-26,828621.0,18222929.0,Tuesday,144.773631019391,145.78750321026368,144.7353780250299,145.4144744873047,24620100.0
MSFT,2019-11-27,749331.0,5606020.0,Wednesday,145.70145413317894,145.8640549348436,144.9267031273835,145.69189453125,15184400.0
MSFT,2019-11-29,858089.0,2837.0,Friday,145.48148706330576,145.6727812925683,144.69716175007105,144.79281616210938,11977300.0
MSFT,2019-12-02,1448145.0,9737960.0,Monday,145.20404058166622,145.22317437546727,141.86591600639764,143.04238891601562,27418400.0
MSFT,2019-12-03,1713135.0,8574236.0,Tuesday,141.07202474585193,142.92759400234294,140.26856598702034,142.8128204345703,24066000.0
MSFT,2019-12-04,1102415.0,5081488.0,Wednesday,143.60670476426793,143.64495775519356,142.70760623203478,143.32933044433594,17574700.0
MSFT,2019-12-05,928033.0,8277373.0,Thursday,143.5206261763575,143.7788813010876,142.97542253468367,143.4058380126953,17869100.0
MSFT,2019-12-06,870817.0,6132229.0,Friday,144.4197286080118,145.26142579362508,143.73105798672296,145.1466522216797,16403500.0
MSFT,2019-12-09,874645.0,8146150.0,Monday,144.4962767396872,145.58666966550595,144.34323555137308,144.77365112304688,16687400.0
MSFT,2019-12-10,822614.0,5200076.0,Tuesday,144.70666120647118,145.28055825053437,144.19972514196556,144.5536346435547,16476100.0
MSFT,2019-12-11,952027.0,7179560.0,Wednesday,144.94583573923242,145.2614777698308,143.78849622185186,145.098876953125,18856600.0
MSFT,2019-12-12,998367.0,8019997.0,Thursday,145.05101539264294,146.7631325535553,144.44843947223896,146.57183837890625,24612100.0
MSFT,2019-12-13,1142165.0,6270674.0,Friday,146.34230323291214,148.150060512585,146.17970242514198,147.80572509765625,23845400.0
MSFT,2019-12-16,1435124.0,10548236.0,Monday,148.36045438781548,149.11607144946717,148.08308003715604,148.76217651367188,24144200.0
MSFT,2019-12-17,1217959.0,12347264.0,Tuesday,148.685694607632,148.93439022272162,147.7292089368273,147.95877075195312,25425600.0
MSFT,2019-12-18,1138279.0,14695157.0,Wednesday,147.5857330397359,148.71437905783273,147.47094484167647,147.65267944335938,24129200.0
MSFT,2019-12-19,954291.0,13252005.0,Thursday,147.2987903213557,148.99177401094744,147.05966890849638,148.93438720703125,24958900.0
MSFT,2019-12-20,21023105.0,38381956.0,Friday,150.5029922361693,151.5933850714681,149.48910539386532,150.5603790283203,53477500.0
MSFT,2019-12-23,951552.0,8827170.0,Monday,151.23947552852047,151.23947552852047,150.42647164836467,150.5603790283203,17718200.0
MSFT,2019-12-24,570761.0,650.0,Tuesday,150.62730176093038,150.8473038893653,150.28296646730135,150.5316619873047,8989200.0
MSFT,2019-12-26,357345.0,10098300.0,Thursday,150.70383409199476,151.82292023487886,150.55079292848703,151.76553344726562,14520600.0
MSFT,2019-12-27,1047023.0,9475675.0,Friday,152.51160677666564,152.60726116253304,151.3351337235096,152.04293823242188,18412800.0
MSFT,2019-12-30,638360.0,5742109.0,Monday,152.0716631687087,152.1003565714579,149.90999619618384,150.73257446289062,16348400.0
MSFT,2019-12-31,673645.0,10744878.0,Tuesday,149.94824399728952,150.90472954880283,149.64216161529586,150.8377685546875,18369400.0
MSFT,2020-01-02,1425142.0,6966950.0,Thursday,151.87076176619155,153.7359055138177,151.44034622363324,153.6306915283203,22622100.0
MSFT,2020-01-03,1634030.0,7505825.0,Friday,151.43080891252183,152.98987053370666,151.18211331302558,151.71774291992188,21116200.0
MSFT,2020-01-06,1649811.0,9750849.0,Monday,150.24474992042818,152.17685479193506,149.69954615876685,152.10989379882812,20813700.0
MSFT,2020-01-07,1395839.0,6601036.0,Tuesday,152.38728202382745,152.72204320327285,150.47431095907328,150.72299194335938,21634100.0
MSFT,2020-01-08,2697165.0,8557174.0,Wednesday,152.0142070310153,153.802844528934,151.07685549083408,153.1237335205078,27746500.0
MSFT,2020-01-09,1578674.0,7604354.0,Thursday,154.79757606483386,155.1610451459216,154.02282531393195,155.0366973876953,21385000.0
MSFT,2020-01-10,1443436.0,7109060.0,Friday,155.7349754977261,156.11756385828426,154.16632527293072,154.31936645507812,20725900.0
MSFT,2020-01-13,1297923.0,9661159.0,Monday,154.72109517296084,156.20365067390867,154.2428524045784,156.17495727539062,21626500.0
MSFT,2020-01-14,2074410.0,8410147.0,Tuesday,156.28014803246054,156.4810163870329,154.68281917493167,155.07498168945312,23477400.0
MSFT,2020-01-15,953658.0,8675278.0,Wednesday,155.5436703714871,156.80623826160584,155.49585777140354,156.0792999267578,21417900.0
MSFT,2020-01-16,956454.0,10394322.0,Thursday,157.19839770552304,159.0061547160705,156.89231534012578,158.93919372558594,23865400.0
MSFT,2020-01-17,7866883.0,17193167.0,Friday,160.13480312697885,160.18263032167818,158.23139169850742,159.8287353515625,34371700.0
MSFT,2020-01-21,1717993.0,15671550.0,Tuesday,159.4270126972985,160.87131529302522,159.18789129745628,159.25485229492188,29517200.0
MSFT,2020-01-22,1080044.0,9586396.0,Wednesday,160.1156616604403,160.20175644469933,158.47050548630122,158.48963928222656,24138800.0
MSFT,2020-01-23,861829.0,10976009.0,Thursday,158.95833482557217,159.54179159095884,158.07836987684018,159.46527099609375,19680800.0
MSFT,2020-01-24,1154248.0,7308233.0,Friday,160.22087289642624,160.24000669202326,157.2940297469041,157.8583526611328,24918100.0
MSFT,2020-01-27,3088158.0,14890650.0,Monday,154.137641989823,156.2706152945866,153.22898362776536,155.21847534179688,32078100.0
MSFT,2020-01-28,1240921.0,10050142.0,Tuesday,156.65318294390897,158.54702001342997,155.97408646002853,158.2600860595703,24899900.0
MSFT,2020-01-29,2349432.0,11619501.0,Wednesday,160.5365043029377,161.40690951031036,158.48006655302615,160.72779846191406,34754500.0
MSFT,2020-01-30,4398385.0,8366738.0,Thursday,166.4762914821117,166.4762914821117,163.35813964952982,165.2615509033203,51597500.0
MSFT,2020-01-31,1526022.0,10281476.0,Friday,164.71637685112754,164.89809683921658,162.20081527799877,162.82252502441406,36142700.0
MSFT,2020-02-03,1955064.0,9647734.0,Monday,163.0138020914527,166.90670473167702,162.9851086966194,166.79193115234375,30107000.0
MSFT,2020-02-04,2663566.0,8126995.0,Tuesday,169.43184279183268,172.77954207948474,168.6379580665265,172.28216552734375,36433300.0
MSFT,2020-02-05,2365947.0,8329128.0,Wednesday,176.02203686895578,176.18463766317538,170.6465926789718,172.07174682617188,39186300.0
MSFT,2020-02-06,1501229.0,7615474.0,Thursday,173.0951949516249,175.8211846669022,172.2247895792593,175.6394500732422,27751400.0
MSFT,2020-02-07,1793567.0,9303095.0,Friday,174.89333851711444,177.5523664162411,174.53942904060133,175.88807678222656,33529100.0
MSFT,2020-02-10,1374089.0,11221189.0,Monday,175.59162894397937,180.6227379671816,175.27598694326343,180.48883056640625,35844300.0
MSFT,2020-02-11,2609450.0,5122297.0,Tuesday,182.3539512382524,182.4017784312968,175.5150858823938,176.4141845703125,53159900.0
MSFT,2020-02-12,2546093.0,9938410.0,Wednesday,177.50454661181035,177.76280173355596,173.93686047134165,176.6724090576172,47062900.0
MSFT,2020-02-13,1649558.0,5454824.0,Thursday,175.11336710621117,178.1262905935422,174.91249872947753,175.71595764160156,35295800.0
MSFT,2020-02-14,1237041.0,6609999.0,Friday,175.27598139078157,177.34199373284923,174.70208420860334,177.28460693359375,23149500.0
MSFT,2020-02-18,1836931.0,5169717.0,Tuesday,177.53327706632484,179.53232829040877,177.42806307585673,179.08277893066406,27792200.0
MSFT,2020-02-19,2037127.0,12958311.0,Wednesday,180.36798364168,180.4830707288592,178.84302119785332,179.61988830566406,29997500.0
MSFT,2020-02-20,1108364.0,8526245.0,Thursday,179.30339394910857,179.5911263174068,173.69267862333575,176.8768768310547,36862400.0
MSFT,2020-02-21,4430396.0,9834319.0,Friday,175.67799509775494,175.99449922309103,170.00013617053344,171.2853240966797,48572600.0
MSFT,2020-02-24,8926039.0,12459009.0,Monday,160.90787227995017,167.41055541671395,156.5535592532318,163.90025329589844,68311100.0
MSFT,2020-02-25,3059363.0,15095252.0,Tuesday,167.0748471906727,167.68866924636083,160.7927531714861,161.19558715820312,68073300.0
MSFT,2020-02-26,3713647.0,11818469.0,Wednesday,162.76853988014406,166.17332632051043,161.32989277531036,163.209716796875,56206100.0
MSFT,2020-02-27,5822310.0,18237202.0,Thursday,156.63987550464046,160.19812050577536,151.51828161420713,151.71009826660156,93174900.0
MSFT,2020-02-28,7943357.0,22840954.0,Friday,146.176107489656,157.01391617043777,145.7828738570624,155.38343811035156,97012700.0
SHOP,2019-01-02,70381.0,89073.0,Wednesday,13.399999618530272,13.913999557495115,13.116999626159668,13.760000228881836,12326000.0
SHOP,2019-01-03,32863.0,77322.0,Thursday,13.47599983215332,13.62600040435791,12.947999954223633,12.979000091552734,12195000.0
SHOP,2019-01-04,60274.0,102853.0,Friday,13.451000213623049,13.949999809265137,13.315999984741213,13.805999755859377,13661000.0
SHOP,2019-01-07,27398.0,84640.0,Monday,13.96500015258789,14.585000038146973,13.87399959564209,14.439000129699709,12600000.0
SHOP,2019-01-08,55466.0,87244.0,Tuesday,14.763999938964844,14.982000350952148,14.401000022888184,14.543999671936035,13677000.0
SHOP,2019-01-09,21193.0,123511.0,Wednesday,14.649999618530272,15.032999992370604,14.4399995803833,14.862000465393066,12757000.0
SHOP,2019-01-10,28801.0,78407.0,Thursday,14.630999565124512,14.996999740600586,14.458000183105469,14.82699966430664,9652000.0
SHOP,2019-01-11,10179.0,47031.0,Friday,14.730999946594238,15.0,14.67099952697754,14.942999839782717,6853000.0
SHOP,2019-01-14,20265.0,40684.0,Monday,14.72700023651123,14.993000030517578,14.468999862670898,14.90999984741211,14552000.0
SHOP,2019-01-15,16311.0,305394.0,Tuesday,14.958999633789062,15.553999900817873,14.958999633789062,15.43000030517578,16382000.0
SHOP,2019-01-16,14769.0,563844.0,Wednesday,15.56999969482422,15.859000205993652,15.329999923706056,15.824999809265137,21420000.0
SHOP,2019-01-17,26206.0,148207.0,Thursday,15.65999984741211,15.998000144958496,15.58199977874756,15.769000053405762,12425000.0
SHOP,2019-01-18,48547.0,65295.0,Friday,16.0,16.023000717163086,15.769000053405762,15.843000411987305,11429000.0
SHOP,2019-01-22,5485.0,67122.0,Tuesday,15.722999572753906,15.857000350952148,15.40999984741211,15.628000259399414,10364000.0
SHOP,2019-01-23,15738.0,40675.0,Wednesday,15.81999969482422,16.020000457763672,15.447999954223633,15.65999984741211,7935000.0
SHOP,2019-01-24,10597.0,47727.0,Thursday,15.64799976348877,15.9399995803833,15.625,15.840999603271484,6552000.0
SHOP,2019-01-25,29247.0,53056.0,Friday,16.0,16.36400032043457,15.978500366210938,16.281999588012695,9803000.0
SHOP,2019-01-28,7192.0,52793.0,Monday,15.968000411987305,16.118200302124023,15.838000297546388,15.944000244140623,8072000.0
SHOP,2019-01-29,9153.0,59560.0,Tuesday,16.0,16.049999237060547,15.45199966430664,15.711000442504885,10409000.0
SHOP,2019-01-30,11753.0,57207.0,Wednesday,15.996999740600586,16.29800033569336,15.800000190734863,16.243000030517578,7124000.0
SHOP,2019-01-31,27467.0,139469.0,Thursday,16.246999740600586,16.959999084472656,16.191999435424805,16.847000122070312,16616000.0
SHOP,2019-02-01,41433.0,81000.0,Friday,16.836000442504883,17.100000381469727,16.750999450683594,17.05900001525879,12484000.0
SHOP,2019-02-04,27517.0,43790.0,Monday,17.062000274658203,17.46500015258789,17.025999069213867,17.354999542236328,11720000.0
SHOP,2019-02-05,17151.0,75285.0,Tuesday,17.364999771118164,17.687999725341797,17.336000442504883,17.35700035095215,9695000.0
SHOP,2019-02-06,32049.0,31665.0,Wednesday,17.23699951171875,17.450000762939453,17.06999969482422,17.360000610351562,7363000.0
SHOP,2019-02-07,22377.0,152391.0,Thursday,17.128000259399414,17.417999267578125,17.108800888061523,17.18000030517578,14082000.0
SHOP,2019-02-08,30009.0,84076.0,Friday,17.02199935913086,17.698999404907227,16.959999084472656,17.594999313354492,9795000.0
SHOP,2019-02-11,57291.0,106258.0,Monday,17.80500030517578,18.0,17.293500900268555,17.316999435424805,22201000.0
SHOP,2019-02-12,598926.0,217358.0,Tuesday,16.364999771118164,17.589000701904297,16.062999725341797,17.55500030517578,59280000.0
SHOP,2019-02-13,72814.0,95364.0,Wednesday,17.819000244140625,18.0,17.104000091552734,17.20199966430664,29827000.0
SHOP,2019-02-14,43037.0,62476.0,Thursday,17.108999252319336,17.724000930786133,16.95599937438965,17.652000427246094,16076000.0
SHOP,2019-02-15,28114.0,73125.0,Friday,17.709999084472656,17.871999740600586,17.371000289916992,17.819000244140625,11292000.0
SHOP,2019-02-19,34321.0,53862.0,Tuesday,17.70400047302246,18.506999969482425,17.70400047302246,18.1299991607666,22828000.0
SHOP,2019-02-20,18848.0,72169.0,Wednesday,18.165000915527344,18.41900062561035,17.746000289916992,17.92099952697754,13306000.0
SHOP,2019-02-21,18748.0,89559.0,Thursday,17.964000701904297,18.0359001159668,17.718000411987305,17.847000122070312,9744000.0
SHOP,2019-02-22,25575.0,65033.0,Friday,18.0,18.36599922180176,17.935699462890625,18.363000869750977,10176000.0
SHOP,2019-02-25,62702.0,98607.0,Monday,18.582000732421875,18.875999450683597,18.447999954223636,18.75,12716000.0
SHOP,2019-02-26,18974.0,50263.0,Tuesday,18.607999801635746,18.792999267578125,18.38500022888184,18.50300025939941,10451000.0
SHOP,2019-02-27,17012.0,94004.0,Wednesday,18.517000198364254,18.926000595092773,18.479999542236328,18.920000076293945,9082000.0
SHOP,2019-02-28,19204.0,45343.0,Thursday,18.827999114990234,19.113000869750977,18.749000549316406,18.915000915527344,8654000.0
SHOP,2019-03-01,27426.0,54304.0,Friday,19.084999084472656,19.277999877929688,18.92919921875,19.152000427246094,11262000.0
SHOP,2019-03-04,45302.0,59194.0,Monday,19.238000869750977,19.480300903320312,18.23699951171875,18.64699935913086,16062000.0
SHOP,2019-03-05,19807.0,42616.0,Tuesday,18.65699958801269,18.916000366210938,18.434999465942383,18.75,10058000.0
SHOP,2019-03-06,19074.0,30724.0,Wednesday,18.75,18.87700080871582,18.410999298095703,18.73699951171875,7238000.0
SHOP,2019-03-07,19967.0,28250.0,Thursday,18.650999069213867,19.038000106811523,18.479999542236328,18.694000244140625,7349000.0
SHOP,2019-03-08,60613.0,44449.0,Friday,18.218000411987305,19.0,18.100000381469727,18.97599983215332,12627000.0
SHOP,2019-03-11,25390.0,71897.0,Monday,19.099000930786133,20.073999404907227,19.099000930786133,20.03899955749512,20585000.0
SHOP,2019-03-12,33419.0,50363.0,Tuesday,20.100000381469727,20.378999710083008,19.70499992370605,20.246999740600582,13287000.0
SHOP,2019-03-13,31867.0,36257.0,Wednesday,20.350000381469727,20.69499969482422,20.23600006103516,20.551000595092773,11775000.0
SHOP,2019-03-14,67197.0,54944.0,Thursday,20.43199920654297,20.958999633789062,20.339000701904297,20.822999954223636,12190000.0
SHOP,2019-03-15,44520.0,545271.0,Friday,20.886999130249023,20.94099998474121,20.36199951171875,20.597999572753903,23373000.0
SHOP,2019-03-18,30709.0,43541.0,Monday,20.450000762939453,20.59199905395508,20.145000457763672,20.57699966430664,12488000.0
SHOP,2019-03-19,24687.0,97521.0,Tuesday,20.770000457763672,20.799999237060547,19.765300750732425,20.208999633789062,22154000.0
SHOP,2019-03-20,32277.0,50144.0,Wednesday,20.05299949645996,20.309999465942383,19.87299919128418,20.13400077819824,14016000.0
SHOP,2019-03-21,21193.0,68138.0,Thursday,20.03199958801269,20.520000457763672,19.881500244140625,20.5,17210000.0
SHOP,2019-03-22,19749.0,103465.0,Friday,20.440000534057617,20.4689998626709,19.86100006103516,19.875,15301000.0
SHOP,2019-03-25,53103.0,50924.0,Monday,19.80500030517578,20.274999618530277,19.64699935913086,20.145000457763672,12575000.0
SHOP,2019-03-26,22966.0,36681.0,Tuesday,20.363000869750977,20.74099922180176,20.27300071716309,20.437000274658203,11659000.0
SHOP,2019-03-27,23415.0,47805.0,Wednesday,20.56599998474121,20.57200050354004,19.660999298095703,20.007999420166016,10204000.0
SHOP,2019-03-28,12846.0,70288.0,Thursday,20.08300018310547,20.375,19.700000762939453,20.34499931335449,11140000.0
SHOP,2019-03-29,25598.0,100637.0,Friday,20.58799934387207,20.75,20.319000244140625,20.66200065612793,8101000.0
SHOP,2019-04-01,46754.0,55919.0,Monday,20.843000411987305,21.01000022888184,20.312000274658203,20.60400009155273,11032000.0
SHOP,2019-04-02,19429.0,95907.0,Tuesday,20.559999465942383,20.604999542236328,19.84499931335449,20.145999908447266,24549000.0
SHOP,2019-04-03,44746.0,355925.0,Wednesday,20.197999954223636,20.57999992370605,19.888999938964844,20.511999130249023,20110000.0
SHOP,2019-04-04,24892.0,125989.0,Thursday,20.45400047302246,20.500999450683597,19.038000106811523,19.475000381469727,47621000.0
SHOP,2019-04-05,54253.0,69918.0,Friday,19.55900001525879,19.802000045776367,19.48900032043457,19.665000915527344,14899000.0
SHOP,2019-04-08,15267.0,54016.0,Monday,19.665000915527344,20.089000701904297,19.53199958801269,20.02400016784668,12913000.0
SHOP,2019-04-09,22880.0,194966.0,Tuesday,19.826000213623047,20.42200088500977,19.734100341796875,20.395999908447266,12482000.0
SHOP,2019-04-10,16754.0,42465.0,Wednesday,20.43600082397461,20.74399948120117,20.250999450683597,20.649999618530277,8803000.0
SHOP,2019-04-11,16570.0,52704.0,Thursday,20.757999420166016,21.15399932861328,20.631000518798828,21.099000930786133,13347000.0
SHOP,2019-04-12,38725.0,83116.0,Friday,21.28199958801269,21.493000030517575,21.211000442504883,21.482999801635746,11970000.0
SHOP,2019-04-15,29637.0,82955.0,Monday,21.482999801635746,21.989999771118164,21.36199951171875,21.80299949645996,17595000.0
SHOP,2019-04-16,20276.0,72091.0,Tuesday,21.97800064086914,22.18199920654297,21.36100006103516,21.540000915527344,13382000.0
SHOP,2019-04-17,17969.0,55186.0,Wednesday,21.68000030517578,21.83300018310547,21.131000518798828,21.70499992370605,10640000.0
SHOP,2019-04-18,14650.0,101563.0,Thursday,21.71299934387207,22.077999114990234,21.3129997253418,22.07200050354004,12877000.0
SHOP,2019-04-22,23305.0,58621.0,Monday,22.0,22.599000930786133,21.91699981689453,22.429000854492188,13165000.0
SHOP,2019-04-23,38393.0,141850.0,Tuesday,22.649999618530277,22.73900032043457,22.209999084472656,22.3439998626709,18813000.0
SHOP,2019-04-24,31932.0,64327.0,Wednesday,22.459999084472656,22.459999084472656,21.86240005493164,21.981000900268555,20231000.0
SHOP,2019-04-25,18376.0,63867.0,Thursday,22.069000244140625,22.2189998626709,21.66200065612793,21.89699935913086,16673000.0
SHOP,2019-04-26,10500.0,61724.0,Friday,21.899999618530277,22.51799964904785,21.899999618530277,22.22800064086914,13886000.0
SHOP,2019-04-29,42707.0,88351.0,Monday,22.53300094604492,22.874000549316406,22.35300064086914,22.57900047302246,19403000.0
SHOP,2019-04-30,208876.0,176230.0,Tuesday,22.643999099731445,24.75,22.643999099731445,24.35300064086914,62234000.0
SHOP,2019-05-01,91572.0,117473.0,Wednesday,24.28499984741211,25.230199813842773,23.73900032043457,24.516000747680664,31843000.0
SHOP,2019-05-02,40743.0,89620.0,Thursday,24.58799934387207,26.082000732421875,24.549999237060547,25.554000854492188,40542000.0
SHOP,2019-05-03,66684.0,120900.0,Friday,25.899999618530277,26.63999938964844,25.47900009155273,26.402999877929688,33499000.0
SHOP,2019-05-06,180672.0,72855.0,Monday,25.71999931335449,26.67200088500977,25.511999130249023,26.552000045776367,29169000.0
SHOP,2019-05-07,62192.0,94793.0,Tuesday,26.43600082397461,26.649999618530277,25.46999931335449,25.86899948120117,25894000.0
SHOP,2019-05-08,46898.0,43143.0,Wednesday,25.8700008392334,26.46199989318848,25.750999450683597,26.150999069213867,18475000.0
SHOP,2019-05-09,42576.0,52583.0,Thursday,25.88800048828125,26.13599967956543,25.41200065612793,26.062000274658203,18310000.0
SHOP,2019-05-10,24783.0,83868.0,Friday,26.042999267578125,26.298999786376957,25.263999938964844,25.882999420166016,16749000.0
SHOP,2019-05-13,56305.0,77356.0,Monday,24.791000366210938,25.306299209594727,24.562000274658203,25.07900047302246,19388000.0
SHOP,2019-05-14,111347.0,137230.0,Tuesday,24.5,25.402000427246094,24.222999572753903,25.315000534057617,20971000.0
SHOP,2019-05-15,41617.0,104031.0,Wednesday,25.06100082397461,26.54199981689453,25.003999710083008,26.416000366210938,19316000.0
SHOP,2019-05-16,57076.0,135839.0,Thursday,26.535999298095703,27.947999954223636,26.51000022888184,27.801000595092773,29757000.0
SHOP,2019-05-17,66895.0,85912.0,Friday,27.667999267578125,27.944000244140625,27.15800094604492,27.350000381469727,16672000.0
SHOP,2019-05-20,60401.0,62577.0,Monday,27.00300025939941,27.299999237060547,26.474000930786133,26.7189998626709,18561000.0
SHOP,2019-05-21,47948.0,59240.0,Tuesday,27.20400047302246,27.35980033874512,26.951000213623047,27.2810001373291,11104000.0
SHOP,2019-05-22,20331.0,198757.0,Wednesday,27.17099952697754,28.09499931335449,27.138999938964844,27.899999618530277,12520000.0
SHOP,2019-05-23,54237.0,56697.0,Thursday,27.5,27.79800033569336,26.799999237060547,27.16200065612793,15303000.0
SHOP,2019-05-24,42638.0,65647.0,Friday,27.450000762939453,27.88800048828125,27.25149917602539,27.584999084472656,11634000.0
SHOP,2019-05-28,28010.0,95518.0,Tuesday,27.834999084472656,28.59600067138672,27.82999992370605,28.243000030517575,15389000.0
SHOP,2019-05-29,63865.0,102355.0,Wednesday,28.0,28.030000686645508,27.052000045776367,27.26799964904785,16738000.0
SHOP,2019-05-30,32827.0,33439.0,Thursday,27.51000022888184,27.78199958801269,27.07999992370605,27.70499992370605,12909000.0
SHOP,2019-05-31,36020.0,54337.0,Friday,27.336000442504883,27.89699935913086,27.215999603271484,27.489999771118164,10878000.0
SHOP,2019-06-03,37135.0,109949.0,Monday,27.42799949645996,27.750999450683597,26.21699905395508,26.5,25358000.0
SHOP,2019-06-04,49571.0,231270.0,Tuesday,26.847000122070312,27.40999984741211,26.410999298095703,27.399999618530277,16030000.0
SHOP,2019-06-05,16206.0,147863.0,Wednesday,27.722000122070312,29.285999298095703,27.71199989318848,29.25200080871582,23421000.0
SHOP,2019-06-06,38919.0,65320.0,Thursday,29.18400001525879,29.910999298095703,28.900999069213867,29.70599937438965,18673000.0
SHOP,2019-06-07,55224.0,111722.0,Friday,29.86599922180176,30.937000274658203,29.84000015258789,30.5049991607666,23447000.0
SHOP,2019-06-10,60428.0,83261.0,Monday,30.915000915527344,31.559999465942383,30.444000244140625,30.67300033569336,17161000.0
SHOP,2019-06-11,46564.0,54232.0,Tuesday,30.959999084472656,31.150999069213867,29.85700035095215,30.67099952697754,18478000.0
SHOP,2019-06-12,34617.0,55510.0,Wednesday,30.447999954223636,31.270000457763672,30.200000762939453,31.013999938964844,11246000.0
SHOP,2019-06-13,19671.0,52492.0,Thursday,31.291000366210938,31.409500122070312,30.56399917602539,30.698999404907227,10434000.0
SHOP,2019-06-14,21889.0,42687.0,Friday,30.541000366210938,30.642000198364254,30.194000244140625,30.51099967956543,7510000.0
SHOP,2019-06-17,20114.0,39474.0,Monday,30.44499969482422,30.788000106811523,30.30500030517578,30.584999084472656,7035000.0
SHOP,2019-06-18,19951.0,123701.0,Tuesday,31.0,31.13800048828125,30.374000549316406,30.42099952697754,11049000.0
SHOP,2019-06-19,15270.0,108205.0,Wednesday,30.551000595092773,32.76900100708008,30.239999771118164,32.70199966430664,29802000.0
SHOP,2019-06-20,148005.0,76874.0,Thursday,33.150001525878906,33.89400100708008,32.599998474121094,32.80099868774414,31088000.0
SHOP,2019-06-21,24524.0,199020.0,Friday,32.79999923706055,33.137001037597656,32.40999984741211,32.685001373291016,14460000.0
SHOP,2019-06-24,86858.0,93784.0,Monday,32.33399963378906,32.448001861572266,31.104999542236328,31.183000564575195,21796000.0
SHOP,2019-06-25,162583.0,160512.0,Tuesday,30.698999404907227,30.96299934387207,28.174999237060547,28.40399932861328,49530000.0
SHOP,2019-06-26,131137.0,89882.0,Wednesday,28.902000427246094,29.552000045776367,28.16900062561035,28.902999877929688,23340000.0
SHOP,2019-06-27,31246.0,71922.0,Thursday,29.049999237060547,30.24399948120117,28.950000762939453,30.09600067138672,18145000.0
SHOP,2019-06-28,44726.0,71074.0,Friday,30.32999992370605,30.429000854492188,29.233999252319336,30.01499938964844,15009000.0
SHOP,2019-07-01,68005.0,62622.0,Monday,30.86000061035156,30.87700080871582,30.03300094604492,30.468000411987305,13440000.0
SHOP,2019-07-02,14252.0,41284.0,Tuesday,30.53899955749512,31.465999603271484,30.5,31.19599914550781,12988000.0
SHOP,2019-07-03,33501.0,456.0,Wednesday,31.089000701904297,31.833999633789062,31.027999877929688,31.33300018310547,9664000.0
SHOP,2019-07-05,70625.0,103529.0,Friday,31.10099983215332,31.39299964904785,30.340999603271484,31.371999740600582,13183000.0
SHOP,2019-07-08,49967.0,149390.0,Monday,31.444000244140625,32.97999954223633,31.29599952697754,32.099998474121094,25487000.0
SHOP,2019-07-09,78612.0,56732.0,Tuesday,32.24100112915039,32.44300079345703,31.950000762939453,32.198001861572266,17407000.0
SHOP,2019-07-10,44804.0,70930.0,Wednesday,32.452999114990234,32.69900131225586,31.85099983215332,31.900999069213867,12757000.0
SHOP,2019-07-11,50272.0,120938.0,Thursday,31.899999618530277,31.978900909423828,31.423999786376957,31.5,12383000.0
SHOP,2019-07-12,16627.0,64671.0,Friday,31.5,31.577800750732425,30.256999969482425,31.00200080871582,20248000.0
SHOP,2019-07-15,44681.0,133689.0,Monday,30.99399948120117,32.42900085449219,30.60169982910156,32.402000427246094,18413000.0
SHOP,2019-07-16,50583.0,51867.0,Tuesday,32.36600112915039,32.47999954223633,31.58699989318848,31.73900032043457,13369000.0
SHOP,2019-07-17,37850.0,80571.0,Wednesday,31.93199920654297,33.69499969482422,31.90329933166504,32.53200149536133,37482000.0
SHOP,2019-07-18,39264.0,81904.0,Thursday,32.57500076293945,33.32600021362305,32.26100158691406,33.1150016784668,16785000.0
SHOP,2019-07-19,39400.0,79698.0,Friday,33.314998626708984,33.900001525878906,32.96799850463867,33.0,14789000.0
SHOP,2019-07-22,39142.0,53746.0,Monday,33.19200134277344,34.08359909057617,33.1510009765625,33.52399826049805,18709000.0
SHOP,2019-07-23,40878.0,68785.0,Tuesday,33.70000076293945,33.895999908447266,32.86000061035156,33.02199935913086,16641000.0
SHOP,2019-07-24,3047.0,75652.0,Wednesday,33.05099868774414,33.18259811401367,32.4109992980957,32.957000732421875,18889000.0
SHOP,2019-07-25,23108.0,75212.0,Thursday,33.090999603271484,33.874000549316406,32.774600982666016,33.33399963378906,14984000.0
SHOP,2019-07-26,33080.0,75002.0,Friday,33.29399871826172,33.89699935913086,33.23199844360352,33.65399932861328,11202000.0
SHOP,2019-07-29,45504.0,57429.0,Monday,33.6349983215332,33.702999114990234,31.353099822998047,31.97100067138672,22234000.0
SHOP,2019-07-30,100662.0,331787.0,Tuesday,31.399999618530277,32.23400115966797,31.035999298095703,31.43000030517578,17761000.0
SHOP,2019-07-31,46924.0,93780.0,Wednesday,31.650999069213867,32.097999572753906,31.035999298095703,31.788000106811523,18363000.0
SHOP,2019-08-01,181975.0,98585.0,Thursday,33.4010009765625,35.07899856567383,32.80099868774414,34.138999938964844,46128000.0
SHOP,2019-08-02,12406.0,55470.0,Friday,34.12300109863281,34.12300109863281,32.266998291015625,33.21900177001953,19806000.0
SHOP,2019-08-05,51699.0,63749.0,Monday,31.386999130249023,32.75,31.339000701904297,32.138999938964844,23913000.0
SHOP,2019-08-06,82380.0,65267.0,Tuesday,32.74100112915039,33.3380012512207,32.439998626708984,33.266998291015625,17726000.0
SHOP,2019-08-07,53465.0,54393.0,Wednesday,33.007999420166016,34.28300094604492,32.85300064086914,34.13100051879883,17679000.0
SHOP,2019-08-08,53886.0,58434.0,Thursday,34.4010009765625,35.858001708984375,34.23400115966797,35.78099822998047,18852000.0
SHOP,2019-08-09,40709.0,117717.0,Friday,35.45000076293945,37.16299819946289,35.42499923706055,36.994998931884766,23614000.0
SHOP,2019-08-12,96400.0,67172.0,Monday,36.70000076293945,37.23600006103516,36.125,36.67300033569336,17058000.0
SHOP,2019-08-13,47515.0,69563.0,Tuesday,36.400001525878906,37.06999969482422,35.53300094604492,36.92300033569336,19219000.0
SHOP,2019-08-14,89610.0,95764.0,Wednesday,36.0369987487793,36.69400024414063,34.755001068115234,35.279998779296875,23977000.0
SHOP,2019-08-15,105396.0,68748.0,Thursday,35.5,35.95000076293945,34.768001556396484,35.10699844360352,15822000.0
SHOP,2019-08-16,56175.0,86822.0,Friday,35.60900115966797,36.10699844360352,35.14580154418945,35.874000549316406,13206000.0
SHOP,2019-08-19,86502.0,61153.0,Monday,36.374000549316406,36.59099960327149,35.9109992980957,36.18299865722656,12007000.0
SHOP,2019-08-20,7977.0,99083.0,Tuesday,36.14599990844727,37.630001068115234,35.93199920654297,37.49700164794922,20717000.0
SHOP,2019-08-21,114487.0,115796.0,Wednesday,38.14300155639648,39.14500045776367,37.75,38.983001708984375,24212000.0
SHOP,2019-08-22,94452.0,77441.0,Thursday,39.1879997253418,39.28300094604492,38.00199890136719,38.854000091552734,20848000.0
SHOP,2019-08-23,63031.0,96653.0,Friday,38.79899978637695,40.11640167236328,38.125,38.275001525878906,29024000.0
SHOP,2019-08-26,154918.0,93009.0,Monday,38.86100006103516,39.79600143432617,38.4119987487793,39.59600067138672,19962000.0
SHOP,2019-08-27,48872.0,99809.0,Tuesday,40.27000045776367,40.96099853515625,39.84999847412109,40.69900131225586,27919000.0
SHOP,2019-08-28,71651.0,84285.0,Wednesday,40.637001037597656,40.78799819946289,39.08200073242188,39.47999954223633,27436000.0
SHOP,2019-08-29,109372.0,218051.0,Thursday,40.22499847412109,40.29999923706055,39.17100143432617,39.17100143432617,24074000.0
SHOP,2019-08-30,58876.0,87543.0,Friday,39.36199951171875,39.44400024414063,37.17300033569336,38.53900146484375,29226000.0
SHOP,2019-09-03,81635.0,493225.0,Tuesday,38.400001525878906,39.27999877929688,38.02000045776367,38.39099884033203,19655000.0
SHOP,2019-09-04,67683.0,60100.0,Wednesday,38.970001220703125,39.14899826049805,38.25,38.64899826049805,13399000.0
SHOP,2019-09-05,74483.0,135604.0,Thursday,38.77000045776367,39.29949951171875,38.03799819946289,39.27199935913086,22185000.0
SHOP,2019-09-06,64773.0,80537.0,Friday,39.3489990234375,39.57500076293945,38.01399993896485,38.04199981689453,17237000.0
SHOP,2019-09-09,90430.0,143017.0,Monday,38.402000427246094,38.402000427246094,35.032501220703125,35.867000579833984,45181000.0
SHOP,2019-09-10,233107.0,252620.0,Tuesday,35.25,35.53099822998047,33.50899887084961,33.7239990234375,52546000.0
SHOP,2019-09-11,109044.0,207288.0,Wednesday,33.84000015258789,35.06999969482422,33.61000061035156,34.750999450683594,32152000.0
SHOP,2019-09-12,184989.0,118527.0,Thursday,35.49700164794922,36.08200073242188,35.11100006103516,35.66299819946289,30800000.0
SHOP,2019-09-13,136731.0,120639.0,Friday,35.65299987792969,35.75,33.763999938964844,33.83100128173828,26766000.0
SHOP,2019-09-16,268188.0,292187.0,Monday,32.85100173950195,34.345001220703125,32.45100021362305,33.792999267578125,28553000.0
SHOP,2019-09-17,740028.0,154818.0,Tuesday,32.45899963378906,33.472999572753906,32.34299850463867,32.88199996948242,55335000.0
SHOP,2019-09-18,80123.0,91058.0,Wednesday,33.10699844360352,33.18899917602539,31.7549991607666,32.584999084472656,27011000.0
SHOP,2019-09-19,54697.0,146756.0,Thursday,32.83399963378906,33.185001373291016,32.12200164794922,32.5,17669000.0
SHOP,2019-09-20,36808.0,554584.0,Friday,32.499000549316406,33.09000015258789,31.200000762939453,31.881999969482425,27832000.0
SHOP,2019-09-23,71426.0,110600.0,Monday,31.777999877929688,32.547000885009766,31.071399688720703,31.326000213623047,24693000.0
SHOP,2019-09-24,54705.0,127339.0,Tuesday,31.356000900268555,31.583999633789062,28.756999969482425,29.54700088500977,52634000.0
SHOP,2019-09-25,191438.0,218608.0,Wednesday,29.200000762939453,31.582500457763672,28.60700035095215,31.459999084472656,54844000.0
SHOP,2019-09-26,122065.0,248086.0,Thursday,31.48200035095215,31.61899948120117,30.23600006103516,31.31399917602539,29359000.0
SHOP,2019-09-27,53830.0,112673.0,Friday,31.399999618530277,31.63999938964844,30.17099952697754,30.569000244140625,21812000.0
SHOP,2019-09-30,76725.0,119410.0,Monday,30.4689998626709,31.64900016784668,30.202999114990234,31.166000366210938,20602000.0
SHOP,2019-10-01,71749.0,78246.0,Tuesday,31.166000366210938,32.0,30.8799991607666,31.32200050354004,20107000.0
SHOP,2019-10-02,54378.0,163352.0,Wednesday,30.964000701904297,31.117000579833984,30.06999969482422,31.035999298095703,22062000.0
SHOP,2019-10-03,44333.0,119467.0,Thursday,31.143999099731445,32.65999984741211,30.417600631713867,32.55699920654297,31372000.0
SHOP,2019-10-04,116342.0,120531.0,Friday,32.74700164794922,33.04499816894531,32.0099983215332,32.720001220703125,27540000.0
SHOP,2019-10-07,30267.0,314380.0,Monday,32.68199920654297,33.15700149536133,32.215999603271484,32.63199996948242,14006000.0
SHOP,2019-10-08,43427.0,117486.0,Tuesday,32.25,32.569000244140625,31.07999992370605,31.104999542236328,19673000.0
SHOP,2019-10-09,46527.0,78727.0,Wednesday,31.350000381469727,31.67099952697754,31.16699981689453,31.38500022888184,14488000.0
SHOP,2019-10-10,30043.0,82041.0,Thursday,31.44700050354004,32.92900085449219,31.10099983215332,32.446998596191406,21758000.0
SHOP,2019-10-11,93575.0,93147.0,Friday,33.08700180053711,33.733001708984375,32.44599914550781,32.92599868774414,22612000.0
SHOP,2019-10-14,30286.0,149349.0,Monday,32.89899826049805,34.60300064086914,32.867000579833984,34.43000030517578,21224000.0
SHOP,2019-10-15,111794.0,88902.0,Tuesday,34.709999084472656,34.944000244140625,34.369998931884766,34.608001708984375,20334000.0
SHOP,2019-10-16,67083.0,125821.0,Wednesday,34.20100021362305,34.3650016784668,32.2239990234375,32.36399841308594,24892000.0
SHOP,2019-10-17,66680.0,64394.0,Thursday,32.650001525878906,33.391998291015625,32.400001525878906,33.13399887084961,16843000.0
SHOP,2019-10-18,25607.0,650109.0,Friday,33.20000076293945,33.5,31.21299934387207,31.43400001525879,26576000.0
SHOP,2019-10-21,65434.0,123713.0,Monday,31.700000762939453,32.65599822998047,31.160999298095703,31.972999572753903,17972000.0
SHOP,2019-10-22,44578.0,156115.0,Tuesday,32.349998474121094,32.68000030517578,29.530000686645508,29.9689998626709,30904000.0
SHOP,2019-10-23,68521.0,265594.0,Wednesday,29.82099914550781,30.97719955444336,29.106000900268555,29.714000701904297,23660000.0
SHOP,2019-10-24,65040.0,394935.0,Thursday,30.19599914550781,32.42399978637695,30.10300064086914,32.33399963378906,31335000.0
SHOP,2019-10-25,59846.0,319080.0,Friday,31.67200088500977,32.13600158691406,30.91200065612793,31.7450008392334,22416000.0
SHOP,2019-10-28,92107.0,127310.0,Monday,32.249000549316406,32.917999267578125,31.28199958801269,32.49300003051758,28425000.0
SHOP,2019-10-29,383961.0,214086.0,Tuesday,30.600000381469727,32.1879997253418,29.86400032043457,31.25200080871582,53518000.0
SHOP,2019-10-30,54723.0,97932.0,Wednesday,31.332000732421875,31.99399948120117,30.84600067138672,31.91200065612793,20418000.0
SHOP,2019-10-31,36659.0,150614.0,Thursday,31.641000747680664,31.98500061035156,30.874000549316406,31.35700035095215,17894000.0
SHOP,2019-11-01,66197.0,78530.0,Friday,31.625,32.20800018310547,31.28700065612793,31.676000595092773,16005000.0
SHOP,2019-11-04,90871.0,77988.0,Monday,31.83799934387207,32.099998474121094,30.37700080871582,30.791000366210938,26226000.0
SHOP,2019-11-05,39007.0,153163.0,Tuesday,30.80900001525879,30.905000686645508,29.446199417114254,29.549999237060547,28060000.0
SHOP,2019-11-06,51734.0,66928.0,Wednesday,29.691999435424805,30.06999969482422,29.150999069213867,29.50200080871582,16359000.0
SHOP,2019-11-07,52730.0,81960.0,Thursday,29.55500030517578,29.749000549316406,28.24399948120117,28.575000762939453,24489000.0
SHOP,2019-11-08,79427.0,144666.0,Friday,28.20800018310547,29.881000518798828,28.20800018310547,29.763999938964844,24672000.0
SHOP,2019-11-11,63240.0,53033.0,Monday,29.60400009155273,30.520000457763672,29.34600067138672,30.332000732421875,17478000.0
SHOP,2019-11-12,27465.0,70951.0,Tuesday,30.18199920654297,31.074899673461918,30.18199920654297,30.55599975585937,16772000.0
SHOP,2019-11-13,34251.0,110531.0,Wednesday,30.5,31.483999252319336,30.263999938964844,31.43099975585937,19642000.0
SHOP,2019-11-14,34855.0,187398.0,Thursday,31.43199920654297,31.98900032043457,30.93549919128418,31.2450008392334,16535000.0
SHOP,2019-11-15,37530.0,83176.0,Friday,31.493000030517575,31.5310001373291,30.96999931335449,31.238000869750977,10205000.0
SHOP,2019-11-18,35677.0,98217.0,Monday,31.27300071716309,32.58300018310547,31.03499984741211,32.29800033569336,17435000.0
SHOP,2019-11-19,43667.0,73089.0,Tuesday,32.323001861572266,32.577999114990234,31.451000213623047,31.62800025939941,14284000.0
SHOP,2019-11-20,34981.0,82693.0,Wednesday,31.4379997253418,32.51179885864258,31.200000762939453,31.70499992370605,16569000.0
SHOP,2019-11-21,47926.0,150241.0,Thursday,31.75,32.198001861572266,31.420000076293945,31.60700035095215,13531000.0
SHOP,2019-11-22,30925.0,81290.0,Friday,31.875999450683597,32.0,30.97330093383789,31.45199966430664,11163000.0
SHOP,2019-11-25,32314.0,74577.0,Monday,31.50900077819824,31.874000549316406,31.23200035095215,31.707000732421875,13718000.0
SHOP,2019-11-26,27345.0,200643.0,Tuesday,31.79400062561035,33.71699905395508,31.70800018310547,33.61899948120117,28766000.0
SHOP,2019-11-27,80611.0,215356.0,Wednesday,33.750999450683594,34.26499938964844,33.007999420166016,34.099998474121094,24136000.0
SHOP,2019-11-29,31679.0,10430.0,Friday,33.9900016784668,34.400001525878906,33.55099868774414,33.67499923706055,12067000.0
SHOP,2019-12-02,68129.0,130981.0,Monday,33.599998474121094,33.599998474121094,31.153200149536133,33.08399963378906,29702000.0
SHOP,2019-12-03,153369.0,146578.0,Tuesday,32.10100173950195,35.13100051879883,32.0,35.066001892089844,32698000.0
SHOP,2019-12-04,126401.0,164878.0,Wednesday,35.0,37.69100189208984,34.95100021362305,37.20000076293945,56008000.0
SHOP,2019-12-05,92271.0,110737.0,Thursday,37.10300064086914,37.65900039672852,36.0260009765625,36.35900115966797,32422000.0
SHOP,2019-12-06,84762.0,108744.0,Friday,36.77999877929688,37.229000091552734,36.07500076293945,36.459999084472656,21987000.0
SHOP,2019-12-09,38346.0,215398.0,Monday,36.51800155639648,38.11100006103516,36.400001525878906,36.979000091552734,40746000.0
SHOP,2019-12-10,81529.0,137662.0,Tuesday,37.35100173950195,37.39699935913086,36.4546012878418,36.79999923706055,15147000.0
SHOP,2019-12-11,28549.0,175438.0,Wednesday,36.84099960327149,37.45000076293945,36.55099868774414,37.30799865722656,18379000.0
SHOP,2019-12-12,28646.0,122100.0,Thursday,37.20000076293945,37.630001068115234,36.49100112915039,37.20500183105469,21714000.0
SHOP,2019-12-13,42207.0,139908.0,Friday,37.04499816894531,39.20000076293945,37.04499816894531,38.55699920654297,32570000.0
SHOP,2019-12-16,65387.0,359087.0,Monday,38.9739990234375,39.66699981689453,38.29999923706055,39.36299896240234,26217000.0
SHOP,2019-12-17,66199.0,291550.0,Tuesday,39.29999923706055,39.70000076293945,38.0629997253418,38.79499816894531,24641000.0
SHOP,2019-12-18,46513.0,442127.0,Wednesday,39.10200119018555,40.47999954223633,39.05350112915039,39.69400024414063,30707000.0
SHOP,2019-12-19,76414.0,84348.0,Thursday,39.55899810791016,40.198001861572266,39.12699890136719,39.305999755859375,19410000.0
SHOP,2019-12-20,57985.0,311984.0,Friday,39.30500030517578,39.86959838867188,38.7509994506836,39.00699996948242,16842000.0
SHOP,2019-12-23,71121.0,188216.0,Monday,39.2869987487793,39.87099838256836,38.803001403808594,38.91299819946289,14290000.0
SHOP,2019-12-24,19282.0,4543.0,Tuesday,38.98099899291992,40.06399917602539,38.61399841308594,39.93899917602539,15273000.0
SHOP,2019-12-26,131366.0,150550.0,Thursday,40.2760009765625,41.65999984741211,40.2400016784668,40.875,23498000.0
SHOP,2019-12-27,70079.0,342771.0,Friday,41.1510009765625,41.58000183105469,40.31100082397461,40.79999923706055,19133000.0
SHOP,2019-12-30,52146.0,82817.0,Monday,40.8380012512207,40.93199920654297,39.21099853515625,39.63600158691406,18269000.0
SHOP,2019-12-31,41145.0,90683.0,Tuesday,39.49599838256836,40.39400100708008,39.10100173950195,39.757999420166016,11222000.0
SHOP,2020-01-02,80805.0,175676.0,Thursday,40.39899826049805,40.82400131225586,39.83599853515625,40.78099822998047,13967000.0
SHOP,2020-01-03,103247.0,90276.0,Friday,40.15999984741211,40.84030151367188,39.70000076293945,40.42900085449219,10317000.0
SHOP,2020-01-06,93443.0,104829.0,Monday,39.85900115966797,41.35200119018555,39.54199981689453,41.33300018310547,16860000.0
SHOP,2020-01-07,58746.0,84640.0,Tuesday,41.57500076293945,42.24800109863281,41.012001037597656,41.45000076293945,15529000.0
SHOP,2020-01-08,66514.0,147693.0,Wednesday,41.39300155639648,42.25450134277344,41.18600082397461,41.810001373291016,15501000.0
SHOP,2020-01-09,54953.0,123164.0,Thursday,42.310001373291016,43.17100143432617,42.17900085449219,43.02000045776367,17844000.0
SHOP,2020-01-10,60618.0,93602.0,Friday,43.249000549316406,43.85599899291992,42.766998291015625,42.91699981689453,18041000.0
SHOP,2020-01-13,79094.0,79069.0,Monday,43.499000549316406,44.67449951171875,43.375,44.025001525878906,19998000.0
SHOP,2020-01-14,62130.0,107441.0,Tuesday,44.277000427246094,44.59199905395508,43.04999923706055,44.12200164794922,15055000.0
SHOP,2020-01-15,47013.0,72295.0,Wednesday,44.19200134277344,45.29999923706055,44.12200164794922,44.85100173950195,16329000.0
SHOP,2020-01-16,66755.0,125743.0,Thursday,45.27399826049805,45.37799835205078,44.66400146484375,45.130001068115234,14669000.0
SHOP,2020-01-17,62609.0,144899.0,Friday,45.27299880981445,45.89099884033203,45.20000076293945,45.48799896240234,18692000.0
SHOP,2020-01-21,59008.0,124218.0,Tuesday,45.499000549316406,47.2859992980957,45.40900039672852,46.54399871826172,21393000.0
SHOP,2020-01-22,73445.0,89027.0,Wednesday,47.0,47.6786003112793,46.31700134277344,46.47600173950195,23584000.0
SHOP,2020-01-23,59690.0,189467.0,Thursday,46.47700119018555,47.29999923706055,46.0,46.92499923706055,24450000.0
SHOP,2020-01-24,79965.0,71389.0,Friday,47.400001525878906,47.6510009765625,45.78300094604492,46.54800033569336,21411000.0
SHOP,2020-01-27,209385.0,99106.0,Monday,44.762001037597656,45.9900016784668,43.67399978637695,45.11100006103516,22474000.0
SHOP,2020-01-28,80742.0,118667.0,Tuesday,45.34999847412109,46.867000579833984,45.11000061035156,46.76599884033203,15361000.0
SHOP,2020-01-29,61650.0,208542.0,Wednesday,47.3390007019043,48.00460052490234,47.04499816894531,47.16699981689453,18085000.0
SHOP,2020-01-30,62611.0,108118.0,Thursday,47.04999923706055,47.81499862670898,46.46599960327149,47.6879997253418,15071000.0
SHOP,2020-01-31,54044.0,107966.0,Friday,48.05799865722656,48.2869987487793,46.30199813842773,46.56600189208984,21802000.0
SHOP,2020-02-03,81798.0,81854.0,Monday,46.82500076293945,47.48799896240234,45.72499847412109,46.93899917602539,18507000.0
SHOP,2020-02-04,77312.0,66587.0,Tuesday,47.63899993896485,48.76800155639648,47.17910003662109,48.54600143432617,17798000.0
SHOP,2020-02-05,63881.0,82762.0,Wednesday,49.34999847412109,49.5,46.79579925537109,47.555999755859375,21317000.0
SHOP,2020-02-06,46296.0,55437.0,Thursday,47.31600189208984,47.573001861572266,46.25,47.29800033569336,16732000.0
SHOP,2020-02-07,33402.0,61870.0,Friday,47.20000076293945,48.17300033569336,46.678001403808594,47.86899948120117,11944000.0
SHOP,2020-02-10,56910.0,137557.0,Monday,47.9109992980957,49.1693000793457,47.65299987792969,49.16899871826172,18650000.0
SHOP,2020-02-11,85629.0,117179.0,Tuesday,49.40700149536133,49.98799896240234,48.9109992980957,49.275001525878906,26930000.0
SHOP,2020-02-12,652977.0,476106.0,Wednesday,56.88999938964844,59.38899993896485,52.900001525878906,53.125,97794000.0
SHOP,2020-02-13,94864.0,255962.0,Thursday,53.30099868774414,55.47800064086914,53.07070159912109,53.297000885009766,45225000.0
SHOP,2020-02-14,102340.0,106434.0,Friday,54.09999847412109,54.220001220703125,52.33300018310547,53.12200164794922,22082000.0
SHOP,2020-02-18,116333.0,120342.0,Tuesday,53.400001525878906,54.88800048828125,53.20000076293945,53.64099884033203,24464000.0
SHOP,2020-02-19,80147.0,113896.0,Wednesday,54.40499877929688,54.96849822998047,53.86399841308594,54.32099914550781,17858000.0
SHOP,2020-02-20,78754.0,118864.0,Thursday,54.26900100708008,54.71849822998047,50.7400016784668,53.55799865722656,24669000.0
SHOP,2020-02-21,61095.0,82095.0,Friday,53.124000549316406,53.459999084472656,51.1609992980957,52.06600189208984,19258000.0
SHOP,2020-02-24,86252.0,126542.0,Monday,48.20000076293945,50.40449905395508,47.59999847412109,49.09600067138672,32880000.0
SHOP,2020-02-25,121375.0,140609.0,Tuesday,50.0,50.24300003051758,45.64599990844727,46.64599990844727,34084000.0
SHOP,2020-02-26,34375.0,128010.0,Wednesday,45.92499923706055,48.400001525878906,45.90399932861328,47.11800003051758,25320000.0
SHOP,2020-02-27,51570.0,157368.0,Thursday,45.22800064086914,46.79330062866211,42.79349899291992,43.83700180053711,37168000.0
SHOP,2020-02-28,113082.0,175576.0,Friday,42.26350021362305,46.33100128173828,42.04999923706055,46.33100128173828,34554000.0
SQ,2019-01-02,98503.0,913193.0,Wednesday,54.09999847412109,57.83000183105469,53.560001373291016,57.20000076293945,13434047.0
SQ,2019-01-03,235859.0,836367.0,Thursday,55.58000183105469,56.72999954223633,52.2599983215332,52.41999816894531,19076341.0
SQ,2019-01-04,215853.0,1267041.0,Friday,54.400001525878906,59.65999984741211,53.86109924316406,58.18000030517578,30228637.0
SQ,2019-01-07,463488.0,1907161.0,Monday,59.0,61.290000915527344,58.05009841918945,60.720001220703125,18146946.0
SQ,2019-01-08,215524.0,1717891.0,Tuesday,62.59999847412109,63.800201416015625,61.150001525878906,63.119998931884766,21511751.0
SQ,2019-01-09,365700.0,992888.0,Wednesday,63.29999923706055,66.9000015258789,62.560001373291016,65.93000030517578,21012425.0
SQ,2019-01-10,409786.0,941945.0,Thursday,64.75,66.19999694824219,63.720001220703125,66.0999984741211,13562225.0
SQ,2019-01-11,178762.0,541961.0,Friday,65.69000244140625,67.63999938964844,65.22010040283203,66.2300033569336,14448253.0
SQ,2019-01-14,85185.0,989569.0,Monday,64.72000122070312,65.72000122070312,63.7400016784668,65.18000030517578,12364349.0
SQ,2019-01-15,237942.0,1230417.0,Tuesday,65.13999938964844,66.7699966430664,64.86009979248047,65.95999908447266,12099396.0
SQ,2019-01-16,414473.0,1007117.0,Wednesday,66.33999633789062,67.62999725341797,65.2300033569336,65.9000015258789,13368284.0
SQ,2019-01-17,128233.0,904438.0,Thursday,66.0999984741211,69.69999694824219,65.94999694824219,68.83999633789062,20971674.0
SQ,2019-01-18,248775.0,779362.0,Friday,69.69999694824219,72.26000213623047,69.23999786376953,72.23999786376953,22074139.0
SQ,2019-01-22,435060.0,1271930.0,Tuesday,71.61000061035156,71.75,67.2699966430664,67.8499984741211,19149904.0
SQ,2019-01-23,778609.0,646100.0,Wednesday,69.58000183105469,70.58999633789062,68.0199966430664,69.0999984741211,17864388.0
SQ,2019-01-24,363522.0,1198171.0,Thursday,69.37000274658203,74.02999877929688,69.30010223388672,73.94000244140625,24611638.0
SQ,2019-01-25,860460.0,1055058.0,Friday,74.9000015258789,78.1500015258789,74.5,77.97000122070312,25132212.0
SQ,2019-01-28,770268.0,823214.0,Monday,75.38999938964844,77.01000213623047,74.12000274658203,76.22000122070312,15701712.0
SQ,2019-01-29,1366506.0,904052.0,Tuesday,72.26000213623047,72.43000030517578,68.05000305175781,68.55999755859375,32382900.0
SQ,2019-01-30,311212.0,1399836.0,Wednesday,71.01000213623047,71.5999984741211,68.72000122070312,71.52999877929688,18710390.0
SQ,2019-01-31,131270.0,2010521.0,Thursday,70.02999877929688,73.85990142822266,69.9800033569336,71.3499984741211,15679443.0
SQ,2019-02-01,306718.0,1016009.0,Friday,71.05000305175781,71.27980041503906,69.72000122070312,70.80000305175781,12677818.0
SQ,2019-02-04,131502.0,697806.0,Monday,71.0,72.62000274658203,70.4000015258789,71.75,10582051.0
SQ,2019-02-05,407457.0,1114857.0,Tuesday,73.0,75.16999816894531,72.2699966430664,72.27999877929688,19150466.0
SQ,2019-02-06,346438.0,638774.0,Wednesday,72.30999755859375,73.27999877929688,70.81999969482422,72.66999816894531,10068533.0
SQ,2019-02-07,64475.0,808723.0,Thursday,71.7699966430664,72.9800033569336,70.5199966430664,71.94999694824219,9549733.0
SQ,2019-02-08,209062.0,1161945.0,Friday,70.62000274658203,73.48999786376953,70.2300033569336,73.48999786376953,9947776.0
SQ,2019-02-11,543243.0,1637930.0,Monday,74.55999755859375,75.87999725341797,73.55999755859375,74.31999969482422,13317465.0
SQ,2019-02-12,167046.0,895359.0,Tuesday,75.55000305175781,75.88999938964844,74.84290313720703,75.58999633789062,8947711.0
SQ,2019-02-13,315763.0,569250.0,Wednesday,76.0,77.24729919433594,75.4000015258789,75.62999725341797,10212309.0
SQ,2019-02-14,129231.0,776177.0,Thursday,74.88999938964844,76.05989837646484,73.80000305175781,75.66999816894531,7671771.0
SQ,2019-02-15,43885.0,517544.0,Friday,76.22000122070312,76.85469818115234,75.0999984741211,75.63999938964844,7148905.0
SQ,2019-02-19,48006.0,847504.0,Tuesday,75.95999908447266,77.0999984741211,75.79299926757812,76.63999938964844,7438604.0
SQ,2019-02-20,43921.0,821004.0,Wednesday,77.0,77.66999816894531,75.11000061035156,75.97000122070312,8773808.0
SQ,2019-02-21,55186.0,377065.0,Thursday,75.94999694824219,76.5,74.13500213623047,74.43000030517578,7645074.0
SQ,2019-02-22,200019.0,593346.0,Friday,74.87999725341797,76.08000183105469,74.8499984741211,76.08000183105469,7614840.0
SQ,2019-02-25,523588.0,415153.0,Monday,77.80000305175781,78.55999755859375,76.77999877929688,77.12999725341797,8757591.0
SQ,2019-02-26,261156.0,643576.0,Tuesday,77.30000305175781,78.19000244140625,76.86640167236328,77.94999694824219,8544307.0
SQ,2019-02-27,459411.0,4064192.0,Wednesday,78.0,79.55999755859375,77.38999938964844,79.31999969482422,19712494.0
SQ,2019-02-28,822502.0,1496831.0,Thursday,75.91999816894531,82.77999877929688,74.56999969482422,81.23999786376953,41440974.0
SQ,2019-03-01,1068012.0,1308755.0,Friday,80.97000122070312,81.02999877929688,76.69000244140625,77.45999908447266,22485850.0
SQ,2019-03-04,468064.0,817928.0,Monday,77.98999786376953,78.48999786376953,73.05000305175781,74.69000244140625,16804759.0
SQ,2019-03-05,372920.0,879737.0,Tuesday,74.88999938964844,76.51000213623047,73.76000213623047,76.04000091552734,9711825.0
SQ,2019-03-06,262314.0,361425.0,Wednesday,75.55000305175781,75.94999694824219,74.29000091552734,75.13999938964844,7173957.0
SQ,2019-03-07,200127.0,1424740.0,Thursday,74.79000091552734,75.28630065917969,73.18000030517578,74.11000061035156,9561731.0
SQ,2019-03-08,670409.0,879181.0,Friday,71.94999694824219,74.4000015258789,71.0999984741211,74.4000015258789,9025198.0
SQ,2019-03-11,112349.0,581453.0,Monday,74.98999786376953,75.94999694824219,74.62000274658203,75.52999877929688,7901664.0
SQ,2019-03-12,233953.0,1623886.0,Tuesday,76.0,78.0,75.80000305175781,76.7699966430664,9494819.0
SQ,2019-03-13,225217.0,920485.0,Wednesday,77.38999938964844,78.8499984741211,76.94999694824219,77.8499984741211,8664031.0
SQ,2019-03-14,170414.0,772038.0,Thursday,78.0,78.72000122070312,77.0999984741211,77.37999725341797,6579206.0
SQ,2019-03-15,210901.0,2045628.0,Friday,77.80999755859375,78.25,76.25,76.6500015258789,8485835.0
SQ,2019-03-18,209315.0,804848.0,Monday,76.61000061035156,76.83000183105469,73.51000213623047,75.2300033569336,12755267.0
SQ,2019-03-19,196650.0,866105.0,Tuesday,75.68000030517578,77.2699966430664,75.44000244140625,76.80999755859375,8170890.0
SQ,2019-03-20,166251.0,524591.0,Wednesday,76.18000030517578,76.2300033569336,73.94999694824219,75.26000213623047,9422965.0
SQ,2019-03-21,116257.0,646140.0,Thursday,74.87000274658203,78.73999786376953,74.7699966430664,78.52999877929688,10707653.0
SQ,2019-03-22,254818.0,680451.0,Friday,78.23999786376953,79.19999694824219,74.94999694824219,75.08999633789062,9924329.0
SQ,2019-03-25,345770.0,484775.0,Monday,74.44999694824219,75.47350311279297,73.33000183105469,74.55000305175781,8266954.0
SQ,2019-03-26,300617.0,352832.0,Tuesday,75.66000366210938,75.7699966430664,73.16000366210938,73.93000030517578,8891339.0
SQ,2019-03-27,572566.0,529408.0,Wednesday,75.37999725341797,75.5999984741211,71.63999938964844,72.97000122070312,11690839.0
SQ,2019-03-28,239424.0,1078653.0,Thursday,73.66000366210938,74.77999877929688,72.8499984741211,74.26000213623047,7500711.0
SQ,2019-03-29,196408.0,1357155.0,Friday,74.62000274658203,75.54000091552734,74.25,74.91999816894531,6437146.0
SQ,2019-04-01,188872.0,1184954.0,Monday,75.58999633789062,76.69999694824219,75.0999984741211,76.31999969482422,8764309.0
SQ,2019-04-02,180273.0,555818.0,Tuesday,76.05000305175781,76.56990051269531,75.12999725341797,75.5999984741211,6626079.0
SQ,2019-04-03,78680.0,1870378.0,Wednesday,75.98999786376953,77.83999633789062,75.98999786376953,77.05000305175781,10123148.0
SQ,2019-04-04,139049.0,685517.0,Thursday,76.79000091552734,77.2300033569336,73.62999725341797,74.5199966430664,10713582.0
SQ,2019-04-05,224982.0,852237.0,Friday,75.2300033569336,76.4800033569336,74.7300033569336,75.02999877929688,7396193.0
SQ,2019-04-08,124868.0,1457414.0,Monday,74.76000213623047,75.33000183105469,73.76000213623047,75.0,6564136.0
SQ,2019-04-09,35810.0,1743322.0,Tuesday,74.62999725341797,75.9000015258789,74.4000015258789,74.5999984741211,7236088.0
SQ,2019-04-10,170751.0,481844.0,Wednesday,75.05999755859375,75.6500015258789,73.91999816894531,74.73999786376953,7779341.0
SQ,2019-04-11,183316.0,549740.0,Thursday,75.05000305175781,76.05000305175781,74.9406967163086,75.5,6971343.0
SQ,2019-04-12,249724.0,319946.0,Friday,76.3499984741211,76.45999908447266,74.81770324707031,75.27999877929688,6318607.0
SQ,2019-04-15,98436.0,846414.0,Monday,75.2300033569336,76.33000183105469,74.09500122070312,74.38999938964844,6840195.0
SQ,2019-04-16,33004.0,462109.0,Tuesday,74.9000015258789,75.17949676513672,72.7699966430664,73.48999786376953,6391516.0
SQ,2019-04-17,134730.0,833788.0,Wednesday,73.88999938964844,73.9000015258789,72.20999908447266,72.76000213623047,5901198.0
SQ,2019-04-18,189671.0,1946404.0,Thursday,72.5,72.75,69.79000091552734,70.73999786376953,11829457.0
SQ,2019-04-22,220967.0,2478789.0,Monday,70.05000305175781,72.87999725341797,70.0,72.58000183105469,7867678.0
SQ,2019-04-23,199706.0,749481.0,Tuesday,72.98999786376953,73.19999694824219,72.0199966430664,72.44999694824219,6249954.0
SQ,2019-04-24,158230.0,2470194.0,Wednesday,72.69999694824219,73.55999755859375,71.73030090332031,71.98999786376953,7056534.0
SQ,2019-04-25,124542.0,489666.0,Thursday,72.33999633789062,73.5,72.01000213623047,72.6500015258789,6384942.0
SQ,2019-04-26,134035.0,551666.0,Friday,73.1500015258789,73.16999816894531,70.8550033569336,71.55000305175781,7426885.0
SQ,2019-04-29,150982.0,1565163.0,Monday,71.54000091552734,73.87000274658203,71.5,72.72000122070312,8627261.0
SQ,2019-04-30,113543.0,1078600.0,Tuesday,72.58999633789062,73.8499984741211,72.2699966430664,72.81999969482422,7192097.0
SQ,2019-05-01,408420.0,3711471.0,Wednesday,73.94999694824219,74.7300033569336,73.1709976196289,73.62000274658203,15731099.0
SQ,2019-05-02,1095820.0,967997.0,Thursday,69.80000305175781,70.5,66.05000305175781,67.73999786376953,34399626.0
SQ,2019-05-03,340182.0,579391.0,Friday,67.91000366210938,68.66999816894531,66.5999984741211,68.5199966430664,9187206.0
SQ,2019-05-06,261576.0,1098531.0,Monday,65.45999908447266,70.29000091552734,65.41000366210938,70.13999938964844,13595822.0
SQ,2019-05-07,236130.0,1347137.0,Tuesday,69.9800033569336,70.33999633789062,67.37000274658203,68.41999816894531,10764077.0
SQ,2019-05-08,196812.0,552763.0,Wednesday,68.22000122070312,68.29000091552734,66.77999877929688,67.25,9863028.0
SQ,2019-05-09,248815.0,626858.0,Thursday,66.52999877929688,66.62000274658203,64.68450164794922,66.38999938964844,9178454.0
SQ,2019-05-10,38358.0,569980.0,Friday,65.93000030517578,67.08999633789062,64.45999908447266,65.98999786376953,7689854.0
SQ,2019-05-13,100904.0,2300877.0,Monday,63.900001525878906,64.30999755859375,61.650001525878906,62.38999938964844,14597103.0
SQ,2019-05-14,138786.0,896500.0,Tuesday,62.9900016784668,65.23999786376953,62.483001708984375,64.11000061035156,10036584.0
SQ,2019-05-15,42801.0,2193765.0,Wednesday,63.59999847412109,65.2300033569336,63.43999862670898,65.2300033569336,7857658.0
SQ,2019-05-16,192050.0,564293.0,Thursday,65.11000061035156,67.1500015258789,65.05249786376953,66.4000015258789,8587767.0
SQ,2019-05-17,261836.0,1357467.0,Friday,65.22000122070312,66.48999786376953,64.6500015258789,65.30999755859375,6868387.0
SQ,2019-05-20,166358.0,981971.0,Monday,64.1500015258789,64.69989776611328,63.58000183105469,64.38999938964844,6715061.0
SQ,2019-05-21,134087.0,920754.0,Tuesday,65.20999908447266,66.08999633789062,65.1500015258789,65.91999816894531,5698664.0
SQ,2019-05-22,74369.0,913289.0,Wednesday,65.68000030517578,67.0427017211914,65.66000366210938,66.45999908447266,6695070.0
SQ,2019-05-23,167040.0,1485695.0,Thursday,65.05000305175781,65.33000183105469,62.77000045776367,63.75,9444481.0
SQ,2019-05-24,197316.0,2003979.0,Friday,64.1500015258789,65.04000091552734,63.7599983215332,64.66000366210938,7993956.0
SQ,2019-05-28,200243.0,1970453.0,Tuesday,65.19999694824219,67.66999816894531,65.0999984741211,65.81999969482422,10027489.0
SQ,2019-05-29,234205.0,1026316.0,Wednesday,65.05999755859375,65.05999755859375,62.70000076293945,63.22999954223633,10392814.0
SQ,2019-05-30,300694.0,408697.0,Thursday,63.77999877929688,64.29000091552734,63.20000076293945,63.66999816894531,5590361.0
SQ,2019-05-31,239429.0,558567.0,Friday,62.2400016784668,62.5,61.310001373291016,61.95000076293945,7220492.0
SQ,2019-06-03,160286.0,1128181.0,Monday,61.95000076293945,62.54349899291992,59.8922004699707,60.619998931884766,9309724.0
SQ,2019-06-04,151257.0,998526.0,Tuesday,61.54999923706055,63.45000076293945,60.72999954223633,63.38999938964844,8234436.0
SQ,2019-06-05,50700.0,641309.0,Wednesday,63.45000076293945,65.63999938964844,63.43000030517578,64.93000030517578,9330703.0
SQ,2019-06-06,102602.0,608076.0,Thursday,64.87999725341797,65.87000274658203,64.19999694824219,65.7699966430664,6021813.0
SQ,2019-06-07,159219.0,901334.0,Friday,66.4800033569336,69.06999969482422,66.16000366210938,68.45999908447266,9995129.0
SQ,2019-06-10,232778.0,1647409.0,Monday,69.56999969482422,71.69999694824219,69.12000274658203,70.37000274658203,10668192.0
SQ,2019-06-11,286628.0,1050179.0,Tuesday,71.19999694824219,71.87999725341797,69.11000061035156,70.18000030517578,7130723.0
SQ,2019-06-12,132663.0,419067.0,Wednesday,70.0,70.91999816894531,69.52999877929688,70.45999908447266,6612073.0
SQ,2019-06-13,30014.0,645052.0,Thursday,70.76000213623047,72.75,70.52999877929688,72.18000030517578,8201368.0
SQ,2019-06-14,140206.0,594961.0,Friday,71.80999755859375,72.08000183105469,70.91999816894531,71.58999633789062,5344666.0
SQ,2019-06-17,103173.0,453075.0,Monday,72.0,72.93000030517578,71.80000305175781,72.20999908447266,5353061.0
SQ,2019-06-18,236471.0,1502748.0,Tuesday,72.9000015258789,73.50499725341797,71.5999984741211,71.81999969482422,7651584.0
SQ,2019-06-19,112435.0,986124.0,Wednesday,71.7699966430664,72.77999877929688,71.2699966430664,72.66000366210938,6079121.0
SQ,2019-06-20,56543.0,1211241.0,Thursday,73.76000213623047,74.55000305175781,73.30999755859375,74.41999816894531,8796757.0
SQ,2019-06-21,131749.0,4368441.0,Friday,74.08000183105469,74.2594985961914,72.29000091552734,72.87000274658203,8396728.0
SQ,2019-06-24,18068.0,1113444.0,Monday,72.9800033569336,73.67900085449219,72.5199966430664,72.70999908447266,4468022.0
SQ,2019-06-25,15996.0,3516009.0,Tuesday,72.93000030517578,73.16999816894531,69.26000213623047,69.87000274658203,12035262.0
SQ,2019-06-26,56137.0,2050621.0,Wednesday,70.9800033569336,72.0,69.91000366210938,69.94999694824219,7911769.0
SQ,2019-06-27,31583.0,1314617.0,Thursday,70.56999969482422,71.54000091552734,70.05000305175781,71.27999877929688,5163832.0
SQ,2019-06-28,191147.0,6299943.0,Friday,72.43000030517578,73.14759826660156,71.56999969482422,72.52999877929688,9464965.0
SQ,2019-07-01,323900.0,1282512.0,Monday,73.9000015258789,74.19999694824219,72.69999694824219,73.19999694824219,8092426.0
SQ,2019-07-02,104791.0,1294869.0,Tuesday,72.9800033569336,73.97000122070312,72.6500015258789,73.97000122070312,5783128.0
SQ,2019-07-03,97688.0,600.0,Wednesday,74.0,74.31999969482422,73.3499984741211,74.26000213623047,2904582.0
SQ,2019-07-05,126590.0,294212.0,Friday,73.75,74.36000061035156,73.19999694824219,74.30999755859375,3523528.0
SQ,2019-07-08,110859.0,1129802.0,Monday,73.80000305175781,74.0,73.05999755859375,73.43000030517578,4287981.0
SQ,2019-07-09,331770.0,1655300.0,Tuesday,74.02999877929688,78.38999938964844,73.95999908447266,77.95999908447266,21399725.0
SQ,2019-07-10,185093.0,1444370.0,Wednesday,77.91000366210938,78.69999694824219,77.4000015258789,78.37000274658203,10342804.0
SQ,2019-07-11,163859.0,671292.0,Thursday,78.44999694824219,79.95999908447266,78.43000030517578,79.44000244140625,7916441.0
SQ,2019-07-12,463244.0,788352.0,Friday,80.05000305175781,82.66000366210938,79.7300033569336,82.27999877929688,13586310.0
SQ,2019-07-15,87856.0,1427650.0,Monday,82.4800033569336,82.51000213623047,81.19999694824219,82.16999816894531,6428485.0
SQ,2019-07-16,178528.0,431662.0,Tuesday,81.80000305175781,81.80000305175781,80.30999755859375,80.58999633789062,5771988.0
SQ,2019-07-17,24950.0,511433.0,Wednesday,80.20999908447266,82.16999816894531,80.19000244140625,80.87000274658203,6263978.0
SQ,2019-07-18,179810.0,895861.0,Thursday,80.87000274658203,82.13999938964844,80.22000122070312,81.05999755859375,6855061.0
SQ,2019-07-19,38954.0,786197.0,Friday,81.61000061035156,81.69999694824219,78.41999816894531,78.51000213623047,6877515.0
SQ,2019-07-22,124195.0,513448.0,Monday,79.12999725341797,79.62999725341797,78.37999725341797,78.56999969482422,4005413.0
SQ,2019-07-23,93519.0,428596.0,Tuesday,79.0,79.37000274658203,77.8604965209961,78.83999633789062,3624763.0
SQ,2019-07-24,110358.0,714551.0,Wednesday,78.66999816894531,80.5,78.43000030517578,80.43000030517578,4751046.0
SQ,2019-07-25,122877.0,2780681.0,Thursday,80.1500015258789,81.08999633789062,79.12999725341797,80.0199966430664,6000395.0
SQ,2019-07-26,164078.0,531612.0,Friday,80.62999725341797,82.31999969482422,80.62999725341797,81.80999755859375,5668247.0
SQ,2019-07-29,47852.0,744785.0,Monday,81.87999725341797,82.0,79.05999755859375,80.19999694824219,7211431.0
SQ,2019-07-30,69106.0,460778.0,Tuesday,80.2300033569336,81.19000244140625,79.37999725341797,80.48999786376953,5369340.0
SQ,2019-07-31,45232.0,1552393.0,Wednesday,81.16999816894531,81.94999694824219,79.01000213623047,80.41000366210938,7406911.0
SQ,2019-08-01,156810.0,3653927.0,Thursday,81.0999984741211,83.19999694824219,80.0,80.9800033569336,16099736.0
SQ,2019-08-02,2329487.0,2042707.0,Friday,70.80000305175781,70.80999755859375,67.25,69.5999984741211,43721986.0
SQ,2019-08-05,305924.0,1677790.0,Monday,66.19999694824219,66.5,63.685001373291016,64.8499984741211,21651489.0
SQ,2019-08-06,261554.0,2148295.0,Tuesday,66.8499984741211,67.4000015258789,63.150001525878906,64.5999984741211,14970787.0
SQ,2019-08-07,118671.0,1279230.0,Wednesday,63.18000030517578,65.26000213623047,62.84999847412109,65.0,9246512.0
SQ,2019-08-08,47594.0,2682581.0,Thursday,66.06999969482422,66.56999969482422,64.93000030517578,66.2699966430664,9461941.0
SQ,2019-08-09,22234.0,1046458.0,Friday,65.97000122070312,66.12000274658203,64.31999969482422,65.01000213623047,7216927.0
SQ,2019-08-12,46167.0,166414.0,Monday,64.0199966430664,64.23650360107422,61.54999923706055,62.29999923706055,8445444.0
SQ,2019-08-13,162381.0,3384602.0,Tuesday,62.0,63.5,61.52000045776367,63.0,11967135.0
SQ,2019-08-14,68086.0,701964.0,Wednesday,61.84999847412109,62.34999847412109,60.470001220703125,61.54999923706055,8577901.0
SQ,2019-08-15,313160.0,854479.0,Thursday,62.0099983215332,62.68000030517578,61.2400016784668,62.0,7080349.0
SQ,2019-08-16,31033.0,2256364.0,Friday,62.61000061035156,63.209999084472656,62.130001068115234,62.869998931884766,5421368.0
SQ,2019-08-19,223725.0,1855743.0,Monday,64.0,64.43299865722656,63.20000076293945,64.08000183105469,6975837.0
SQ,2019-08-20,32854.0,1682727.0,Tuesday,64.23999786376953,65.1050033569336,63.827598571777344,64.37000274658203,7009601.0
SQ,2019-08-21,229796.0,663413.0,Wednesday,65.31999969482422,66.13999938964844,64.80999755859375,65.41000366210938,5538601.0
SQ,2019-08-22,24702.0,776513.0,Thursday,65.91999816894531,65.97000122070312,63.369998931884766,64.68000030517578,4701192.0
SQ,2019-08-23,202597.0,1503893.0,Friday,64.30000305175781,65.05000305175781,61.400001525878906,61.77999877929688,9178668.0
SQ,2019-08-26,264334.0,2202018.0,Monday,62.91999816894531,63.52000045776367,62.36000061035156,62.79999923706055,5261491.0
SQ,2019-08-27,271995.0,1393688.0,Tuesday,63.15999984741211,63.43000030517578,61.119998931884766,61.75,5216928.0
SQ,2019-08-28,14743.0,601588.0,Wednesday,61.27999877929688,62.21900177001953,60.59999847412109,62.150001525878906,4561375.0
SQ,2019-08-29,282613.0,901950.0,Thursday,63.02000045776367,63.40999984741211,62.29999923706055,62.84000015258789,4423980.0
SQ,2019-08-30,117363.0,1347754.0,Friday,63.150001525878906,63.459999084472656,61.15069961547852,61.84000015258789,5832648.0
SQ,2019-09-03,541014.0,7638162.0,Tuesday,62.43000030517578,63.97999954223633,60.959999084472656,61.130001068115234,12072052.0
SQ,2019-09-04,248862.0,2381264.0,Wednesday,61.75,62.68999862670898,60.77000045776367,61.16999816894531,6658138.0
SQ,2019-09-05,285258.0,2774216.0,Thursday,61.880001068115234,63.470001220703125,61.66899871826172,63.02000045776367,8162318.0
SQ,2019-09-06,193423.0,694494.0,Friday,63.5,63.84999847412109,61.88999938964844,62.0,4744128.0
SQ,2019-09-09,234914.0,1682837.0,Monday,62.54999923706055,62.72999954223633,59.06999969482422,61.470001220703125,11684380.0
SQ,2019-09-10,265408.0,2229049.0,Tuesday,60.720001220703125,62.09999847412109,59.45000076293945,60.54999923706055,9394002.0
SQ,2019-09-11,257828.0,2805650.0,Wednesday,60.84999847412109,60.84999847412109,58.90999984741211,59.20000076293945,11561437.0
SQ,2019-09-12,460534.0,1856904.0,Thursday,59.5,59.86000061035156,57.75,57.790000915527344,15301156.0
SQ,2019-09-13,93759.0,2526539.0,Friday,57.18000030517578,58.84999847412109,55.90999984741211,58.290000915527344,11657460.0
SQ,2019-09-16,87264.0,3214594.0,Monday,57.34000015258789,59.630001068115234,57.2400016784668,59.25,12394011.0
SQ,2019-09-17,670754.0,1198145.0,Tuesday,60.20000076293945,60.70000076293945,59.150001525878906,59.59999847412109,9446621.0
SQ,2019-09-18,370020.0,1261076.0,Wednesday,59.9900016784668,60.41999816894531,58.7599983215332,59.75,8695475.0
SQ,2019-09-19,257939.0,1521899.0,Thursday,59.959999084472656,60.18000030517578,58.40999984741211,59.02999877929688,7162322.0
SQ,2019-09-20,193093.0,5871180.0,Friday,59.0,59.13999938964844,56.92499923706055,57.84999847412109,9323830.0
SQ,2019-09-23,217717.0,2781715.0,Monday,57.06999969482422,57.45000076293945,56.38999938964844,56.7599983215332,8963285.0
SQ,2019-09-24,323147.0,2850021.0,Tuesday,56.84999847412109,58.75,54.410099029541016,57.5,19637264.0
SQ,2019-09-25,211530.0,3571241.0,Wednesday,57.41999816894531,58.88999938964844,56.22880172729492,58.5099983215332,10186564.0
SQ,2019-09-26,262136.0,5798367.0,Thursday,60.040000915527344,61.150001525878906,59.83000183105469,60.79999923706055,16725954.0
SQ,2019-09-27,291642.0,1430247.0,Friday,60.97999954223633,61.650001525878906,59.93000030517578,60.75,10700909.0
SQ,2019-09-30,227823.0,1492785.0,Monday,60.959999084472656,62.27999877929688,60.84999847412109,61.95000076293945,7360555.0
SQ,2019-10-01,240678.0,975388.0,Tuesday,62.29999923706055,62.9900016784668,61.04999923706055,61.630001068115234,7588884.0
SQ,2019-10-02,551930.0,1203763.0,Wednesday,61.22999954223633,61.22999954223633,58.86000061035156,60.08000183105469,8906984.0
SQ,2019-10-03,215649.0,1243602.0,Thursday,59.47999954223633,62.43999862670898,59.060001373291016,62.04999923706055,8149872.0
SQ,2019-10-04,350445.0,756040.0,Friday,62.5099983215332,62.91999816894531,61.43999862670898,62.650001525878906,5136043.0
SQ,2019-10-07,145909.0,1778755.0,Monday,62.2400016784668,62.84999847412109,61.68999862670898,62.25,4168498.0
SQ,2019-10-08,155043.0,2472925.0,Tuesday,61.84999847412109,62.18999862670898,60.630001068115234,60.79999923706055,4693609.0
SQ,2019-10-09,187383.0,1125532.0,Wednesday,61.43000030517578,62.52000045776367,61.27000045776367,62.220001220703125,4150517.0
SQ,2019-10-10,163644.0,2706331.0,Thursday,62.25,62.630001068115234,61.560001373291016,62.02999877929688,4490486.0
SQ,2019-10-11,456184.0,1373203.0,Friday,62.7599983215332,63.560001373291016,61.470001220703125,61.540000915527344,9138383.0
SQ,2019-10-14,7408.0,676428.0,Monday,61.52000045776367,62.290000915527344,61.400001525878906,61.83000183105469,3746414.0
SQ,2019-10-15,231029.0,974286.0,Tuesday,62.220001220703125,64.48999786376953,62.220001220703125,64.29000091552734,6247673.0
SQ,2019-10-16,234749.0,849403.0,Wednesday,63.81999969482422,63.880001068115234,62.560001373291016,63.0,4241251.0
SQ,2019-10-17,186258.0,1873561.0,Thursday,63.02000045776367,64.55000305175781,63.02000045776367,63.400001525878906,5586685.0
SQ,2019-10-18,146503.0,1550175.0,Friday,63.16999816894531,63.43899917602539,59.782501220703125,60.45000076293945,7909514.0
SQ,2019-10-21,193783.0,939967.0,Monday,60.70000076293945,61.47999954223633,59.8301010131836,61.150001525878906,5489779.0
SQ,2019-10-22,91606.0,1418684.0,Tuesday,61.27999877929688,61.4900016784668,58.54999923706055,58.83000183105469,7198711.0
SQ,2019-10-23,175271.0,2500123.0,Wednesday,58.900001525878906,59.68999862670898,57.619998931884766,58.36000061035156,7752335.0
SQ,2019-10-24,354643.0,1785720.0,Thursday,59.619998931884766,61.77000045776367,59.59000015258789,61.720001220703125,8144656.0
SQ,2019-10-25,14557.0,946172.0,Friday,61.47999954223633,63.25,61.11000061035156,62.88999938964844,5189341.0
SQ,2019-10-28,40602.0,3785087.0,Monday,62.81999969482422,63.43000030517578,61.90999984741211,62.79999923706055,7171180.0
SQ,2019-10-29,254368.0,571733.0,Tuesday,62.79999923706055,63.616798400878906,62.380001068115234,62.40999984741211,4030930.0
SQ,2019-10-30,268322.0,977174.0,Wednesday,62.5099983215332,62.72999954223633,61.47499847412109,62.15999984741211,4832848.0
SQ,2019-10-31,123173.0,1134654.0,Thursday,62.0,62.650001525878906,60.900001525878906,61.43000030517578,4416135.0
SQ,2019-11-01,256672.0,1618849.0,Friday,61.56999969482422,62.814300537109375,61.459999084472656,62.59999847412109,6184870.0
SQ,2019-11-04,37558.0,910196.0,Monday,63.29999923706055,63.83000183105469,62.36000061035156,62.380001068115234,6046730.0
SQ,2019-11-05,182150.0,2917580.0,Tuesday,62.5,62.54999923706055,59.90999984741211,61.060001373291016,8552027.0
SQ,2019-11-06,63336.0,4793712.0,Wednesday,61.33000183105469,61.93000030517578,60.57789993286133,61.34000015258789,12855557.0
SQ,2019-11-07,411426.0,6564396.0,Thursday,61.90999984741211,66.5999984741211,60.540000915527344,64.41000366210938,25983957.0
SQ,2019-11-08,660499.0,1466807.0,Friday,63.18000030517578,63.45069885253906,61.33000183105469,62.45000076293945,11649973.0
SQ,2019-11-11,280582.0,3015582.0,Monday,61.880001068115234,64.8949966430664,61.880001068115234,63.790000915527344,12712809.0
SQ,2019-11-12,292569.0,1860325.0,Tuesday,63.880001068115234,63.9900016784668,60.81999969482422,61.540000915527344,11296297.0
SQ,2019-11-13,300513.0,3309705.0,Wednesday,61.29999923706055,62.13999938964844,60.84999847412109,61.5099983215332,5582771.0
SQ,2019-11-14,8549.0,1087549.0,Thursday,61.650001525878906,63.0,61.34999847412109,62.9900016784668,7419842.0
SQ,2019-11-15,18760.0,1452975.0,Friday,63.20000076293945,64.72000122070312,63.09999847412109,64.69999694824219,7794373.0
SQ,2019-11-18,16334.0,985042.0,Monday,64.5,66.37999725341797,64.2300033569336,65.73999786376953,7409914.0
SQ,2019-11-19,18580.0,1026354.0,Tuesday,65.69999694824219,66.5,65.13999938964844,66.37000274658203,6902423.0
SQ,2019-11-20,27173.0,5628858.0,Wednesday,66.36000061035156,67.75,66.0199966430664,67.16999816894531,9598298.0
SQ,2019-11-21,336733.0,2035450.0,Thursday,67.16999816894531,67.66999816894531,66.27999877929688,67.41999816894531,7864380.0
SQ,2019-11-22,263852.0,909236.0,Friday,67.48999786376953,68.06999969482422,67.03450012207031,67.75,5804164.0
SQ,2019-11-25,15174.0,4463120.0,Monday,68.31999969482422,69.52999877929688,68.08999633789062,68.25,9601543.0
SQ,2019-11-26,66399.0,5437189.0,Tuesday,69.12999725341797,69.44000244140625,67.93000030517578,68.94000244140625,9983357.0
SQ,2019-11-27,281456.0,789222.0,Wednesday,68.94000244140625,69.7300033569336,68.4000015258789,69.6500015258789,4417868.0
SQ,2019-11-29,198836.0,159109.0,Friday,69.33999633789062,69.5999984741211,68.94000244140625,69.12000274658203,2478403.0
SQ,2019-12-02,276637.0,2103888.0,Monday,68.94999694824219,68.95999908447266,66.11000061035156,66.87999725341797,6776908.0
SQ,2019-12-03,563028.0,1028618.0,Tuesday,65.30000305175781,67.33000183105469,64.68000030517578,67.04000091552734,4497439.0
SQ,2019-12-04,240273.0,880025.0,Wednesday,67.47000122070312,68.43000030517578,67.19000244140625,67.77999877929688,3717148.0
SQ,2019-12-05,163674.0,2357979.0,Thursday,67.58999633789062,67.88999938964844,66.66000366210938,67.13999938964844,4266580.0
SQ,2019-12-06,640163.0,782810.0,Friday,67.66999816894531,68.32319641113281,67.61000061035156,67.9800033569336,4058420.0
SQ,2019-12-09,132716.0,3518829.0,Monday,67.77999877929688,68.05999755859375,66.72000122070312,67.05999755859375,4344800.0
SQ,2019-12-10,218004.0,2432634.0,Tuesday,67.30000305175781,67.42990112304688,65.41999816894531,65.83999633789062,6049013.0
SQ,2019-12-11,15853.0,1578085.0,Wednesday,65.9000015258789,66.06999969482422,64.875,65.75,6521403.0
SQ,2019-12-12,228220.0,1089854.0,Thursday,65.6500015258789,66.19999694824219,65.08999633789062,65.86000061035156,4831390.0
SQ,2019-12-13,28177.0,2607767.0,Friday,66.0199966430664,66.33999633789062,64.48490142822266,64.80000305175781,7048793.0
SQ,2019-12-16,253856.0,3686116.0,Monday,65.0,67.30000305175781,65.0,66.52999877929688,6329068.0
SQ,2019-12-17,11731.0,3117374.0,Tuesday,66.52999877929688,66.55000305175781,65.12000274658203,65.55000305175781,4938904.0
SQ,2019-12-18,216232.0,2857096.0,Wednesday,65.91000366210938,66.30000305175781,65.0999984741211,65.13999938964844,3998971.0
SQ,2019-12-19,248368.0,2706720.0,Thursday,64.9000015258789,65.56999969482422,64.12000274658203,64.55000305175781,6123091.0
SQ,2019-12-20,330262.0,2936115.0,Friday,64.56999969482422,65.12999725341797,63.540000915527344,63.630001068115234,6264312.0
SQ,2019-12-23,323775.0,2131238.0,Monday,63.52000045776367,64.22000122070312,62.67499923706055,62.79999923706055,5405255.0
SQ,2019-12-24,235283.0,118523.0,Tuesday,62.79999923706055,64.0199966430664,62.369998931884766,63.959999084472656,3538745.0
SQ,2019-12-26,128662.0,1467940.0,Thursday,64.08000183105469,64.91529846191406,63.72999954223633,64.02999877929688,4251140.0
SQ,2019-12-27,168435.0,842901.0,Friday,64.33000183105469,64.4000015258789,63.060001373291016,63.79999923706055,4312481.0
SQ,2019-12-30,128420.0,1303605.0,Monday,63.5,63.7599983215332,61.54999923706055,61.79999923706055,6508136.0
SQ,2019-12-31,170675.0,1007149.0,Tuesday,61.150001525878906,62.70000076293945,61.0,62.560001373291016,5342570.0
SQ,2020-01-02,184512.0,2189079.0,Thursday,62.9900016784668,64.05000305175781,62.95000076293945,63.83000183105469,5267495.0
SQ,2020-01-03,30308.0,638526.0,Friday,62.59000015258789,63.27000045776367,62.33000183105469,63.0,5092971.0
SQ,2020-01-06,493222.0,868346.0,Monday,61.36000061035156,62.58000183105469,61.130001068115234,62.56999969482422,5909080.0
SQ,2020-01-07,229183.0,4226581.0,Tuesday,64.56999969482422,65.48999786376953,63.65999984741211,64.58999633789062,10266040.0
SQ,2020-01-08,313377.0,2062244.0,Wednesday,64.55999755859375,68.0,64.1500015258789,67.5999984741211,11912207.0
SQ,2020-01-09,426586.0,4041046.0,Thursday,68.22000122070312,68.30989837646484,66.69999694824219,67.93000030517578,8747080.0
SQ,2020-01-10,75773.0,2469958.0,Friday,68.45999908447266,69.51000213623047,67.88999938964844,67.98999786376953,6692791.0
SQ,2020-01-13,153521.0,3923503.0,Monday,68.23999786376953,69.05000305175781,67.81999969482422,68.66000366210938,9771545.0
SQ,2020-01-14,259205.0,2382970.0,Tuesday,68.98999786376953,69.27999877929688,68.0999984741211,68.16999816894531,6082749.0
SQ,2020-01-15,253969.0,2457982.0,Wednesday,68.54000091552734,71.0,68.5,70.36000061035156,9214619.0
SQ,2020-01-16,360067.0,1358985.0,Thursday,70.94999694824219,71.0,69.19000244140625,69.5199966430664,6087219.0
SQ,2020-01-17,15461.0,1186077.0,Friday,69.83999633789062,70.30000305175781,69.19000244140625,69.37999725341797,4960178.0
SQ,2020-01-21,8527.0,2906007.0,Tuesday,69.19999694824219,69.62000274658203,68.30999755859375,68.30999755859375,4912861.0
SQ,2020-01-22,8955.0,1156804.0,Wednesday,68.91999816894531,70.0469970703125,68.69000244140625,68.69000244140625,4916474.0
SQ,2020-01-23,16051.0,1971406.0,Thursday,68.86000061035156,69.44000244140625,67.55000305175781,69.29000091552734,4552678.0
SQ,2020-01-24,63912.0,1927157.0,Friday,70.62999725341797,71.91999816894531,70.0199966430664,71.13999938964844,10976676.0
SQ,2020-01-27,114787.0,1368511.0,Monday,68.38999938964844,72.44999694824219,68.33999633789062,71.05000305175781,11085077.0
SQ,2020-01-28,204929.0,3846333.0,Tuesday,71.47000122070312,74.9800033569336,71.02999877929688,74.80000305175781,15597155.0
SQ,2020-01-29,154289.0,1429014.0,Wednesday,74.5,77.06999969482422,74.23999786376953,76.16000366210938,11956265.0
SQ,2020-01-30,402773.0,1947038.0,Thursday,75.41999816894531,76.38999938964844,74.05999755859375,76.0999984741211,8730012.0
SQ,2020-01-31,10935.0,4910152.0,Friday,75.80000305175781,76.37999725341797,74.33000183105469,74.69000244140625,7514187.0
SQ,2020-02-03,239222.0,5044060.0,Monday,74.88999938964844,79.80500030517578,74.5999984741211,79.80000305175781,15190120.0
SQ,2020-02-04,328229.0,1444464.0,Tuesday,79.9000015258789,81.68000030517578,79.25,80.9000015258789,10405833.0
SQ,2020-02-05,48078.0,1912765.0,Wednesday,81.9800033569336,82.0999984741211,77.83999633789062,78.25,10671601.0
SQ,2020-02-06,245420.0,843379.0,Thursday,78.66000366210938,79.19999694824219,77.82170104980469,78.51000213623047,6172287.0
SQ,2020-02-07,21996.0,1395648.0,Friday,77.80000305175781,80.0,77.33999633789062,78.86000061035156,4650625.0
SQ,2020-02-10,17665.0,935298.0,Monday,79.5999984741211,80.62000274658203,78.9000015258789,80.16999816894531,4150161.0
SQ,2020-02-11,11393.0,663734.0,Tuesday,80.55999755859375,81.44999694824219,79.61000061035156,79.87999725341797,3973060.0
SQ,2020-02-12,16528.0,448031.0,Wednesday,80.01000213623047,80.90589904785156,79.61000061035156,80.0,3574922.0
SQ,2020-02-13,207284.0,2197084.0,Thursday,79.30000305175781,82.54000091552734,79.08000183105469,80.98999786376953,6872117.0
SQ,2020-02-14,188977.0,1205381.0,Friday,81.38999938964844,82.58999633789062,81.01000213623047,81.86000061035156,5073161.0
SQ,2020-02-18,273478.0,1336068.0,Tuesday,81.68000030517578,82.9800033569336,81.35079956054688,82.41999816894531,4730556.0
SQ,2020-02-19,58384.0,1598698.0,Wednesday,83.01000213623047,86.4800033569336,82.93000030517578,85.23999786376953,9115010.0
SQ,2020-02-20,377693.0,1151859.0,Thursday,85.2300033569336,87.25,80.30000305175781,85.69999694824219,12070033.0
SQ,2020-02-21,58080.0,1593323.0,Friday,85.62999725341797,86.20999908447266,82.7249984741211,83.48999786376953,7744995.0
SQ,2020-02-24,191410.0,2726015.0,Monday,76.56999969482422,80.84510040283203,76.06999969482422,80.20999908447266,11071534.0
SQ,2020-02-25,454582.0,1671567.0,Tuesday,80.73999786376953,81.39990234375,75.79000091552734,77.05000305175781,9425262.0
SQ,2020-02-26,132360.0,3069787.0,Wednesday,77.68000030517578,79.07749938964844,76.0,76.58999633789062,11305000.0
SQ,2020-02-27,2066886.0,2864378.0,Thursday,81.38999938964844,85.9354019165039,79.05000305175781,79.30999755859375,35935010.0
SQ,2020-02-28,342080.0,3706453.0,Friday,76.44000244140625,84.1500015258789,76.41999816894531,83.33000183105469,23486738.0
T,2019-01-02,936444.0,11182888.0,Wednesday,13.402026875211538,13.914595808206387,13.307977072128493,13.891082763671877,52025256.0
T,2019-01-03,106204.0,10570223.0,Thursday,13.881678570306216,14.018049476894324,13.73590125848731,13.909893035888672,49787166.0
T,2019-01-04,208403.0,13052503.0,Friday,14.088585482083868,14.286089105666534,14.055668409407994,14.267278671264648,55703858.0
T,2019-01-07,1137284.0,8118149.0,Monday,14.450676731399426,14.704609302020131,14.30489941652433,14.52591609954834,54377872.0
T,2019-01-08,1293648.0,7072071.0,Tuesday,14.723417169616598,14.756335429181435,14.591748881466843,14.709310531616213,57683105.0
T,2019-01-09,980648.0,6807993.0,Wednesday,14.841596440235184,14.841596440235184,14.404230751854938,14.466711044311523,58660217.0
T,2019-01-10,629456.0,8543310.0,Thursday,14.44268299661494,14.649350576538984,14.332140267636865,14.61090087890625,42388654.0
T,2019-01-11,530487.0,4799966.0,Friday,14.610902059408698,14.87524360027545,14.567645994360925,14.836793899536133,38308086.0
T,2019-01-14,26157.0,9063857.0,Monday,14.75509113464566,14.793540843204894,14.606098665694706,14.716641426086426,32395897.0
T,2019-01-15,492580.0,8305123.0,Tuesday,14.668572022951851,14.707021713256838,14.529192350744298,14.707021713256836,35397670.0
T,2019-01-16,82984.0,7322432.0,Wednesday,14.673378457304226,14.779116016453097,14.586866350265346,14.68779754638672,32430586.0
T,2019-01-17,21540.0,6095325.0,Thursday,14.682994584957992,14.779119440321043,14.615707914440849,14.726250648498535,34777508.0
T,2019-01-18,4068796.0,8609837.0,Friday,14.812759236367755,14.91368921802828,14.66857198777383,14.880045890808104,57261808.0
T,2019-01-22,1065742.0,10311463.0,Tuesday,14.860820861249222,14.89446418942569,14.620509987156655,14.697410583496094,49859854.0
T,2019-01-23,561559.0,11590900.0,Wednesday,14.764697375457212,14.851209485121606,14.702217081659636,14.846403121948242,36879490.0
T,2019-01-24,28660.0,5231512.0,Thursday,14.79353381987506,14.79353381987506,14.548416589032774,14.707021713256836,32297391.0
T,2019-01-25,582532.0,9048061.0,Friday,14.74547138317758,14.918495596174836,14.72624714491568,14.735859870910645,40353402.0
T,2019-01-28,630233.0,8256907.0,Monday,14.716635526343849,14.745472492770688,14.625317049976044,14.740667343139648,41081866.0
T,2019-01-29,706937.0,5650604.0,Tuesday,14.716634347714969,14.755084037780762,14.634928604609152,14.755084037780762,41497735.0
T,2019-01-30,5255239.0,12817971.0,Wednesday,14.39942598822067,14.610899918159264,13.942834796843108,14.115859031677246,123070434.0
T,2019-01-31,1058218.0,16461861.0,Thursday,14.17834023138793,14.46190596793491,14.010122363876349,14.447486877441406,69082348.0
T,2019-02-01,250028.0,13809581.0,Friday,14.519582798503228,14.591675831867546,14.370590367719863,14.418651580810549,54384889.0
T,2019-02-04,674293.0,12810274.0,Monday,14.433068079302815,14.433068079302815,14.20717629169394,14.231206893920898,51681413.0
T,2019-02-05,592743.0,6606234.0,Tuesday,14.260046339175592,14.279270579918409,14.1591151306592,14.24082088470459,38762616.0
T,2019-02-06,46507.0,6221991.0,Wednesday,14.274463823511024,14.31771988115232,14.187952921956589,14.20717716217041,30356937.0
T,2019-02-07,78202.0,5832559.0,Thursday,14.197565333143196,14.207178060722152,13.8995792742931,14.154309272766112,50163315.0
T,2019-02-08,119741.0,5753961.0,Friday,14.130279517243457,14.207178915042856,13.986092236073356,14.202372550964355,32148838.0
T,2019-02-11,567436.0,13546840.0,Monday,14.216791773331966,14.34175238560358,14.15911661759034,14.279272079467772,38471865.0
T,2019-02-12,73084.0,6171616.0,Tuesday,14.346556736707308,14.433068851316753,14.28888280278644,14.327332496643066,39705568.0
T,2019-02-13,96997.0,6863933.0,Wednesday,14.327335126718603,14.360978463303056,14.178342687389586,14.341753005981444,39773092.0
T,2019-02-14,610541.0,4472971.0,Thursday,14.274467206338644,14.423459654785256,14.202374164427605,14.317723274230955,34220369.0
T,2019-02-15,2210388.0,8649069.0,Friday,14.43306971207868,14.668574252711592,14.385007288459503,14.644543647766112,49237839.0
T,2019-02-19,817584.0,6304210.0,Tuesday,14.639738367860764,14.745474736668394,14.56764533395882,14.721444129943848,32719218.0
T,2019-02-20,20575.0,9110582.0,Wednesday,14.72625180241669,14.87043788303107,14.6397396685567,14.827181816101074,32767808.0
T,2019-02-21,73752.0,6211616.0,Thursday,14.83198500843768,14.928109850774236,14.721442289360343,14.81756591796875,35192450.0
T,2019-02-22,657772.0,4899029.0,Friday,14.875237554362826,14.99058660969814,14.812757271204148,14.97136116027832,30924933.0
T,2019-02-25,68356.0,8533098.0,Monday,15.01942873954332,15.038654195580229,14.908886008515948,14.96175479888916,32325063.0
T,2019-02-26,48767.0,9081898.0,Tuesday,14.966558050368016,15.105938947767545,14.88004715036239,15.00500774383545,39276195.0
T,2019-02-27,44911.0,5843940.0,Wednesday,15.00981658009627,15.02904203686144,14.793537473858107,14.928112030029297,34886738.0
T,2019-02-28,459756.0,16277146.0,Thursday,14.92810940663409,15.029039395729274,14.884853350242404,14.95694637298584,37371224.0
T,2019-03-01,73003.0,6526902.0,Friday,14.995399953666835,15.014624198309283,14.726252032573552,14.812764167785645,40505000.0
T,2019-03-04,123844.0,7142699.0,Monday,14.87524025847215,14.87524025847215,14.260045184850004,14.409037590026855,65515095.0
T,2019-03-05,62148.0,5677718.0,Tuesday,14.428266141662698,14.442685235658455,14.32252976021248,14.394622802734377,34463455.0
T,2019-03-06,524299.0,5185356.0,Wednesday,14.418649760972464,14.485937635517669,14.308107042850684,14.327332496643066,32544317.0
T,2019-03-07,424075.0,7154911.0,Thursday,14.351367225494927,14.452297245733126,14.322530250245228,14.380204200744627,32869756.0
T,2019-03-08,762730.0,6811111.0,Friday,14.346558622789075,14.44748862728351,14.293691045366028,14.39942741394043,29797812.0
T,2019-03-11,65898.0,6794675.0,Monday,14.409042062210952,14.56764724307201,14.394622968049596,14.524391174316406,34448494.0
T,2019-03-12,27141.0,6839644.0,Tuesday,14.538807149415398,14.851212319204327,14.524389270871993,14.721444129943848,43009610.0
T,2019-03-13,64640.0,7177335.0,Wednesday,14.73105419420383,14.764697523025552,14.519580281102591,14.553223609924316,36677713.0
T,2019-03-14,55392.0,8181188.0,Thursday,14.553223609924318,14.654154810117577,14.519580281102591,14.553223609924316,29249014.0
T,2019-03-15,290165.0,36539242.0,Friday,14.663766743121206,14.745472492770688,14.562836753763206,14.740667343139648,70650758.0
T,2019-03-18,653886.0,7107078.0,Monday,14.745474070574444,14.822373465093198,14.702219223169864,14.803149223327637,30882432.0
T,2019-03-19,54762.0,10553788.0,Tuesday,14.836790427379048,14.923302537228736,14.687798023597963,14.745471954345703,38039182.0
T,2019-03-20,1096137.0,8987858.0,Wednesday,14.70222159284425,14.783926150677184,14.610903091986602,14.66377067565918,32656328.0
T,2019-03-21,433181.0,5733024.0,Thursday,14.634932310458792,14.971366880294264,14.634932310458792,14.928112030029297,34878529.0
T,2019-03-22,64413.0,8158124.0,Friday,14.899270452262398,15.062681942643604,14.899270452262398,14.932913780212402,43918934.0
T,2019-03-25,576667.0,3573420.0,Monday,14.947338671206662,14.971369282290246,14.731059530268828,14.78873348236084,33938489.0
T,2019-03-26,601747.0,4520048.0,Tuesday,14.884855431769354,15.101134530244543,14.870436339713027,15.086716651916504,32179688.0
T,2019-03-27,603459.0,6383082.0,Wednesday,15.048267104108708,15.206873489923408,15.019430131109852,15.091523170471191,35408526.0
T,2019-03-28,36583.0,6856689.0,Thursday,15.101136222819289,15.139585925550753,14.836794668256536,14.904081344604492,35743234.0
T,2019-03-29,579796.0,14684916.0,Friday,14.976173193882374,15.086717142451914,14.88485591574137,15.072298049926758,41847006.0
T,2019-04-01,265354.0,6953626.0,Monday,15.187645696045728,15.37508781229982,15.158808727482375,15.355863571166992,50012511.0
T,2019-04-02,69505.0,3922266.0,Tuesday,15.336638802974177,15.355864258695998,15.16361577011909,15.202065467834473,42296239.0
T,2019-04-03,94726.0,4735430.0,Wednesday,15.283771902156078,15.360671300982863,15.206872503329292,15.317415237426758,38104720.0
T,2019-04-04,61214.0,4519717.0,Thursday,15.355863082469842,15.442375199134874,15.341443991782944,15.370282173156738,37352688.0
T,2019-04-05,773599.0,13058734.0,Friday,15.41353831933886,15.55291923323086,15.341445287272917,15.548112869262695,52865599.0
T,2019-04-08,226712.0,5349946.0,Monday,15.596173308920408,15.629816638684554,15.47121150284778,15.56733512878418,49321648.0
T,2019-04-09,185443.0,5026673.0,Tuesday,15.633722130947024,15.653356918219062,15.481557487868349,15.584637641906738,35455396.0
T,2019-04-10,650726.0,4437033.0,Wednesday,15.58463741186506,15.72698465920656,15.579728715119508,15.64844799041748,26990932.0
T,2019-04-11,619283.0,4068020.0,Thursday,15.66808311470307,15.830065165329042,15.648449565314776,15.805522918701172,33008512.0
T,2019-04-12,122378.0,8236990.0,Friday,15.854607411956913,15.864424806436064,15.687717903661374,15.805522918701172,34451936.0
T,2019-04-15,515534.0,5573633.0,Monday,15.810431576160669,15.830065125499564,15.6779004697356,15.717168807983398,25769939.0
T,2019-04-16,540105.0,4463809.0,Tuesday,15.766254190164313,15.83006477355957,15.677900121178588,15.83006477355957,28733316.0
T,2019-04-17,143078.0,4978429.0,Wednesday,15.746615629449195,15.80551874118557,15.682805061340332,15.682805061340332,29610995.0
T,2019-04-18,1732218.0,5304877.0,Thursday,15.682807129195895,15.756435098897317,15.633721402871668,15.722075462341309,30872370.0
T,2019-04-22,847518.0,6803024.0,Monday,15.717164474178444,15.79570112901857,15.668078755010947,15.746615409851074,29444568.0
T,2019-04-23,966912.0,7194014.0,Tuesday,15.73680184713125,15.844789455413144,15.648447786005216,15.75643539428711,41937700.0
T,2019-04-24,5271729.0,8756318.0,Wednesday,15.250855227006657,15.506100029006326,14.980885573841183,15.11341667175293,95658073.0
T,2019-04-25,135322.0,6385704.0,Thursday,15.039785693169897,15.04469438910134,14.750181310202324,14.892528533935549,58284201.0
T,2019-04-26,47781.0,13692169.0,Friday,14.956337891965708,15.196856515797002,14.86307516368191,15.05941677093506,46593943.0
T,2019-04-29,94901.0,4893432.0,Monday,15.17231666909816,15.368658323312616,15.128140881523455,15.157591819763184,42053815.0
T,2019-04-30,528885.0,11722821.0,Tuesday,15.187041967648954,15.285212169862389,15.098687917958069,15.196859359741213,46341721.0
T,2019-05-01,1637809.0,4552994.0,Wednesday,15.241039072752766,15.319575744203446,15.108507974841022,15.11341667175293,35810228.0
T,2019-05-02,840042.0,4715482.0,Thursday,15.196860893197194,15.221403136334589,15.015245319012882,15.029970169067385,39338026.0
T,2019-05-03,603551.0,7089373.0,Friday,15.049598448891665,15.113408997203791,15.005421438687383,15.069231986999512,37370694.0
T,2019-05-06,315403.0,8579424.0,Monday,14.951429823163489,15.039783860020984,14.912161500067883,15.015241622924805,33340968.0
T,2019-05-07,89951.0,7306445.0,Tuesday,14.980886323899457,15.015247204003185,14.86308131082521,14.985795021057127,34121069.0
T,2019-05-08,612068.0,6084062.0,Wednesday,14.917072265342586,14.97106668193006,14.80908343216764,14.872895240783691,33120125.0
T,2019-05-09,105544.0,4736218.0,Thursday,14.858172167914406,14.946526234961915,14.789452888908542,14.912166595458984,35851802.0
T,2019-05-10,439041.0,4729862.0,Friday,14.848353355313238,15.079055894912004,14.804176326010063,15.029970169067385,29145609.0
T,2019-05-13,123640.0,5284740.0,Monday,14.897438626340035,15.044695799378143,14.892529929948452,14.956341743469238,36692409.0
T,2019-05-14,170709.0,5834394.0,Tuesday,15.069234879650676,15.403016247679568,15.02996655632784,15.26066780090332,49683365.0
T,2019-05-15,54154.0,6664232.0,Wednesday,15.236128743831898,15.363751131161536,15.162500777179744,15.339207649230955,31685041.0
T,2019-05-16,543433.0,6215654.0,Thursday,15.38829429440058,15.64844778101428,15.38829429440058,15.520825386047363,31292608.0
T,2019-05-17,1279202.0,5622733.0,Friday,15.417743399964763,15.707347792620482,15.403018551247516,15.609177589416504,40897698.0
T,2019-05-20,2655328.0,5848809.0,Monday,15.84478469857484,16.2374679195014,15.687711410204216,15.800607681274414,70774685.0
T,2019-05-21,667475.0,6505603.0,Tuesday,15.825155438685172,16.021498357216345,15.751527464020947,15.90860080718994,30867074.0
T,2019-05-22,603123.0,5264697.0,Wednesday,15.82515186074012,15.928231993620352,15.766249990153971,15.844786643981934,26465171.0
T,2019-05-23,619108.0,6634924.0,Thursday,15.79570633843232,15.86442562418859,15.672992619827507,15.776071548461914,32657122.0
T,2019-05-24,406403.0,4116606.0,Friday,15.864419366813856,15.879145453483275,15.7564317832802,15.839877128601074,21391471.0
T,2019-05-28,832538.0,10880550.0,Tuesday,15.86933151237167,15.913508542414451,15.663172452028626,15.67298984527588,32468584.0
T,2019-05-29,510732.0,5040825.0,Wednesday,15.663172721862791,15.810429904398871,15.555185112992236,15.663172721862791,35680344.0
T,2019-05-30,55816.0,3100070.0,Thursday,15.687715639070086,15.741708821771248,15.530642308357924,15.638629913330078,32077342.0
T,2019-05-31,681850.0,7730892.0,Friday,15.245945907820412,15.295030391805415,14.912164475131656,15.010335922241213,65422282.0
T,2019-06-03,103376.0,8725422.0,Monday,15.079052270373772,15.388290161594927,15.059417488927584,15.26066780090332,48092446.0
T,2019-06-04,107039.0,7406747.0,Tuesday,15.407925640448846,15.461918812730678,15.206675319363931,15.452102661132812,41391153.0
T,2019-06-05,54483.0,4921335.0,Wednesday,15.520825814963418,15.565002846733174,15.422654357792874,15.55027675628662,27050379.0
T,2019-06-06,50065.0,5325422.0,Thursday,15.609179452123628,15.790795031487264,15.56009372487918,15.75643539428711,32321091.0
T,2019-06-07,105250.0,4048106.0,Friday,15.790795011837089,16.050948498210026,15.776068921811117,15.947868347167969,42087842.0
T,2019-06-10,713908.0,4565544.0,Monday,16.046039632542808,16.198204269595816,15.638630208480349,15.67298984527588,40947745.0
T,2019-06-11,100794.0,3638379.0,Tuesday,15.736798855798533,15.923323096388096,15.722072768553446,15.761341094970703,25967082.0
T,2019-06-12,65738.0,5584482.0,Wednesday,15.761345201991592,15.859515423830675,15.722076865341966,15.79570484161377,25530560.0
T,2019-06-13,477112.0,5584790.0,Thursday,15.81533623851968,15.869330658905852,15.766251754062926,15.84969711303711,22340382.0
T,2019-06-14,35921.0,6531815.0,Friday,15.874240740162806,15.923326468471672,15.795704070696576,15.879149436950684,26279414.0
T,2019-06-17,60829.0,4758779.0,Monday,15.83006438300298,15.898783661820902,15.790796046597034,15.854606628417969,22262001.0
T,2019-06-18,476675.0,3789592.0,Tuesday,15.923326492309572,16.050948890275723,15.903691705128672,15.92332649230957,27187148.0
T,2019-06-19,51386.0,8082235.0,Wednesday,15.97241262758355,15.996954872614982,15.86442377447742,15.90860080718994,28081510.0
T,2019-06-20,146249.0,8859274.0,Thursday,15.992042792309404,16.001860184072914,15.859511722211018,15.97240924835205,35835384.0
T,2019-06-21,5264994.0,25565172.0,Friday,16.046038135937348,16.050946832103143,15.913507058170095,15.92823314666748,51925426.0
T,2019-06-24,506145.0,9584355.0,Monday,15.947865518830612,16.046036955786743,15.933140670985946,15.992042541503906,28790910.0
T,2019-06-25,419368.0,5664127.0,Tuesday,16.001855273995478,16.001855273995478,15.928227337500791,15.977313041687012,25460123.0
T,2019-06-26,551781.0,10656659.0,Wednesday,15.996949711747243,16.09512113934118,15.962590083960224,15.967498779296877,37020232.0
T,2019-06-27,949442.0,5642070.0,Thursday,16.080398078531115,16.2129291588451,15.98222787203798,16.188386917114258,37316013.0
T,2019-06-28,651952.0,24098341.0,Friday,16.217836558179933,16.468171370438732,16.158933447338665,16.448537826538086,53981201.0
T,2019-07-01,223471.0,12282968.0,Monday,16.595796744714512,16.639973772640346,16.394545151069167,16.409271240234375,42843978.0
T,2019-07-02,1075031.0,5097026.0,Tuesday,16.428904511473807,16.62524740544726,16.379818787980444,16.61052131652832,35260636.0
T,2019-07-03,113765.0,1845.0,Wednesday,16.66942378818684,16.708692117549443,16.625246762707693,16.679241180419922,26660726.0
T,2019-07-05,125724.0,5159147.0,Friday,16.67924116989905,16.87067412047478,16.65960638544527,16.836313247680664,32447268.0
T,2019-07-08,899111.0,5931244.0,Monday,16.752873318579553,16.865769638689542,16.723421134539528,16.81177520751953,42167017.0
T,2019-07-09,1020291.0,5232548.0,Tuesday,16.81939884015408,16.854449491578617,16.724260454502378,16.794363021850586,41013548.0
T,2019-07-10,97183.0,11042766.0,Wednesday,16.89451092172185,16.944583832792915,16.834424440036074,16.904525756835938,33566180.0
T,2019-07-11,696332.0,5077554.0,Thursday,17.019692333090326,17.034714585554873,16.654162236947354,16.75430679321289,38215804.0
T,2019-07-12,1048056.0,7875478.0,Friday,16.789360762182472,16.854454668464776,16.719258173302084,16.84944725036621,30785251.0
T,2019-07-15,462860.0,11317694.0,Monday,16.854454715467625,16.894512795868337,16.809389216954386,16.879491806030273,26817752.0
T,2019-07-16,32273.0,4314269.0,Tuesday,16.864468818991295,16.884498490571193,16.779345243775662,16.814395904541016,23658953.0
T,2019-07-17,549061.0,4045405.0,Wednesday,16.80438083737879,16.81439567303085,16.649155942769674,16.654163360595703,24888817.0
T,2019-07-18,1144727.0,10706401.0,Thursday,16.61911512688258,16.624122545439747,16.443860535380285,16.569042205810547,42533500.0
T,2019-07-19,1360579.0,10145412.0,Friday,16.639142052047923,16.659171724489518,16.408808405966703,16.4188232421875,42575603.0
T,2019-07-22,865914.0,5828165.0,Monday,16.39879245232026,16.39879245232026,16.058298160010835,16.088342666625977,47022787.0
T,2019-07-23,726354.0,9008744.0,Tuesday,16.09835302004643,16.103360436814775,15.782895879634172,16.068309783935547,60340506.0
T,2019-07-24,1189177.0,9011103.0,Wednesday,16.113374349601592,16.719252776462486,16.113374349601592,16.64414405822754,63928943.0
T,2019-07-25,175304.0,6611692.0,Thursday,16.814397337288593,17.019695165978558,16.749303428106234,16.9295654296875,51661421.0
T,2019-07-26,49199.0,7382049.0,Friday,16.894513722577855,17.139869636553083,16.819404975769046,17.099811553955078,45213673.0
T,2019-07-29,65237.0,4404956.0,Monday,17.059749815082426,17.250025350517873,16.99465591899905,17.1949462890625,40963368.0
T,2019-07-30,947741.0,8960082.0,Tuesday,17.245020994670522,17.34516555788786,17.06475901058008,17.114831924438477,44919083.0
T,2019-07-31,83143.0,11583834.0,Wednesday,17.04973602294922,17.265047377651783,16.96961987596703,17.04973602294922,53799151.0
T,2019-08-01,251950.0,5045169.0,Thursday,17.26504614703747,17.32513388524084,17.034712557006173,17.08478546142578,54361984.0
T,2019-08-02,84776.0,6172016.0,Friday,16.92455510335847,17.194946794771607,16.794366042863494,17.10982322692871,48294621.0
T,2019-08-05,757716.0,12190087.0,Monday,16.87448422876587,16.99465846883458,16.619113494432547,16.769330978393555,49077502.0
T,2019-08-06,923577.0,9177833.0,Tuesday,16.779345517695436,17.009680422127108,16.669186115706065,17.00467300415039,41916119.0
T,2019-08-07,346839.0,14744318.0,Wednesday,16.82440983222,17.104816367707137,16.704235602725507,17.054744720458984,50243814.0
T,2019-08-08,87395.0,9877739.0,Thursday,17.149879686975865,17.295089721679688,17.05974871016007,17.295089721679688,37732014.0
T,2019-08-09,44449.0,5845758.0,Friday,17.240010663791665,17.320126806628096,17.099806781578284,17.295089721679688,30275643.0
T,2019-08-12,50476.0,617321.0,Monday,17.26004156299915,17.315121893350856,17.15989700222264,17.26504898071289,31324781.0
T,2019-08-13,544914.0,8991900.0,Tuesday,17.209970195346806,17.505398993776318,17.209970195346806,17.455326080322266,41333294.0
T,2019-08-14,99821.0,20830034.0,Wednesday,17.325133857678185,17.34015484383072,17.03471252990555,17.06976318359375,45830657.0
T,2019-08-15,123996.0,8726152.0,Thursday,17.144873380421807,17.255032767831874,17.004670753627053,17.1949462890625,32262702.0
T,2019-08-16,95670.0,20003810.0,Friday,17.26504746288604,17.525425574113243,17.22999680647071,17.510404586791992,41180372.0
T,2019-08-19,184451.0,8128781.0,Monday,17.530430155534138,17.745742740968403,17.52041532260717,17.7156982421875,34603667.0
T,2019-08-20,1170109.0,9930964.0,Tuesday,17.67064009738126,17.675646251066524,17.47535584617193,17.51541519165039,28856448.0
T,2019-08-21,56549.0,10238823.0,Wednesday,17.62056157167248,17.650604806719475,17.510402200167412,17.605539321899414,29013606.0
T,2019-08-22,79036.0,8932397.0,Thursday,17.645600115577935,17.775789173555427,17.56548396674553,17.7207088470459,28412643.0
T,2019-08-23,808995.0,23024226.0,Friday,17.675643554182507,17.745746133574283,17.345164120404863,17.43529510498047,44827992.0
T,2019-08-26,119225.0,14503763.0,Monday,17.51040518858128,17.59552749165864,17.38021486399405,17.490375518798828,30713225.0
T,2019-08-27,53099.0,15924488.0,Tuesday,17.530434710344828,17.545456963638404,17.340157893290574,17.385223388671875,42475509.0
T,2019-08-28,896738.0,18740241.0,Wednesday,17.36019026704813,17.515416448416325,17.290087671930362,17.505401611328125,32261114.0
T,2019-08-29,70195.0,8176256.0,Thursday,17.58050603433867,17.690665421702317,17.55046279496664,17.600534439086914,30840594.0
T,2019-08-30,45591.0,17845557.0,Friday,17.615562487773452,17.700686081088573,17.560482143716687,17.655620574951172,28610448.0
T,2019-09-03,861390.0,10097936.0,Tuesday,17.565480806279417,17.72070565865098,17.48536467186189,17.7156982421875,27196284.0
T,2019-09-04,96429.0,8247848.0,Wednesday,17.7908097822528,17.936021089231012,17.74574555593124,17.885948181152344,27455656.0
T,2019-09-05,69131.0,8175738.0,Thursday,17.976080568284075,18.01613864497916,17.900971832543224,17.971073150634766,28784687.0
T,2019-09-06,743912.0,11050848.0,Friday,18.00111918567958,18.2114244223185,17.98108951338087,18.151336669921875,38748316.0
T,2019-09-09,23360118.0,21645283.0,Monday,18.937473093068878,19.09770537801615,18.38166624822119,18.421724319458008,156054584.0
T,2019-09-10,2656733.0,17540767.0,Tuesday,18.63203644948935,18.8874059410989,18.511860934673575,18.81730461120605,63577950.0
T,2019-09-11,370967.0,11941387.0,Wednesday,18.99255432798007,19.403151185851595,18.88239493557515,19.398143768310547,72914534.0
T,2019-09-12,301055.0,18501512.0,Thursday,19.21287600323622,19.26795506822518,18.89241012607595,19.21788215637207,56491108.0
T,2019-09-13,139679.0,32260211.0,Friday,19.0326149522529,19.202862102135924,18.897418463022355,18.982542037963867,51934430.0
T,2019-09-16,114293.0,38748461.0,Monday,18.877390922234824,18.94248609750782,18.58196335003293,18.68210792541504,65127428.0
T,2019-09-17,212610.0,20914365.0,Tuesday,18.54690878795615,18.65206203135408,18.421727138124925,18.606996536254883,46375748.0
T,2019-09-18,113171.0,16954340.0,Wednesday,18.40670394897461,18.516863332437165,18.27150747983924,18.40670394897461,49625374.0
T,2019-09-19,1269842.0,15712445.0,Thursday,18.541899457891944,18.637036585024003,18.42673139875969,18.601985931396484,35751178.0
T,2019-09-20,91674.0,122966605.0,Friday,18.677098398850298,19.0326149522529,18.61701191330303,18.982542037963867,102573987.0
T,2019-09-23,1704609.0,11138242.0,Monday,18.837329854981828,18.95249666745141,18.767228536869805,18.827316284179688,28592972.0
T,2019-09-24,55672.0,16266578.0,Tuesday,18.92245325588148,18.952496497016547,18.69712705061939,18.71715545654297,36647790.0
T,2019-09-25,828279.0,20533099.0,Wednesday,18.692119633013647,18.807286444447563,18.64705413906135,18.71715545654297,29563331.0
T,2019-09-26,63438.0,18226704.0,Thursday,18.727170291754454,18.757213532889523,18.617010897926285,18.71715545654297,25490045.0
T,2019-09-27,42317.0,12592873.0,Friday,18.83232103218809,18.892408775014623,18.61700967626636,18.742191314697266,32070987.0
T,2019-09-30,1542007.0,24302924.0,Monday,18.82231029933785,18.987550036394296,18.79226579114613,18.947490692138672,37524676.0
T,2019-10-01,796678.0,9176382.0,Tuesday,19.00256749907,19.00757491617256,18.712147423115372,18.732175827026367,30502974.0
T,2019-10-02,1001410.0,12135292.0,Wednesday,18.70213488513929,18.70213488513929,18.48682224578947,18.566938400268555,34764268.0
T,2019-10-03,57659.0,7673936.0,Thursday,18.52688230363364,18.627028139688232,18.356635141040567,18.622020721435547,26973322.0
T,2019-10-04,1010465.0,14726704.0,Friday,18.63703625006032,18.78725496012021,18.59197076349227,18.78224754333496,29014268.0
T,2019-10-07,1245918.0,12296650.0,Monday,18.81730466364204,18.96251474232467,18.78726141710419,18.857362747192383,27852194.0
T,2019-10-08,906292.0,11242506.0,Tuesday,18.867374907116183,18.88239589600397,18.7171561667422,18.767229080200195,37298007.0
T,2019-10-09,258910.0,9357883.0,Wednesday,18.97386787916884,18.97896587823605,18.810694565756403,18.89228057861328,32517572.0
T,2019-10-10,762417.0,9821096.0,Thursday,18.866784283346835,19.1472360244983,18.851486423980926,19.08094787597656,30928905.0
T,2019-10-11,918458.0,11514521.0,Friday,19.167635908277447,19.27471707603878,19.10644574977184,19.16253662109375,36655734.0
T,2019-10-14,21480.0,22139535.0,Monday,19.16253235664212,19.218621927783005,19.02485549641736,19.10644149780273,27506894.0
T,2019-10-15,35708.0,10400935.0,Tuesday,19.09624502302416,19.41239177888842,19.08094845089596,19.325706481933597,30063141.0
T,2019-10-16,814216.0,17876576.0,Wednesday,19.28491112395168,19.37669569631749,19.223720979808306,19.26961326599121,29173148.0
T,2019-10-17,20753.0,20437629.0,Thursday,19.30530700139447,19.30530700139447,19.17782871467944,19.27981185913086,24521672.0
T,2019-10-18,5860536.0,19967651.0,Friday,19.27980767310833,19.646944595563586,19.2696091033378,19.616350173950195,49864620.0
T,2019-10-21,822904.0,26761044.0,Monday,19.59086045724517,19.69284232007025,19.473580735531986,19.493976593017575,35278112.0
T,2019-10-22,1602587.0,4612709.0,Tuesday,19.2849090665452,19.560262754266606,19.172728649898524,19.46337890625,26683631.0
T,2019-10-23,894652.0,9275392.0,Wednesday,19.38180227657386,19.44809044395288,19.18803448694479,19.244125366210938,32027692.0
T,2019-10-24,801235.0,15057618.0,Thursday,19.218621421055527,19.25941442067265,18.632221568672485,18.77499771118164,53057976.0
T,2019-10-25,941770.0,24307087.0,Friday,18.836188284728536,18.95346800034445,18.724006567445056,18.820890426635746,44063779.0
T,2019-10-28,2204712.0,18342367.0,Monday,19.5296725212839,19.815223572313048,19.36140120525081,19.62655639648437,82403244.0
T,2019-10-29,1244053.0,8856725.0,Tuesday,19.62655621474188,19.62655621474188,19.366500312790016,19.40729331970215,35364040.0
T,2019-10-30,232497.0,12045190.0,Wednesday,19.5755622316968,19.82032024313081,19.43278736887623,19.478679656982425,45040891.0
T,2019-10-31,751119.0,43745259.0,Thursday,19.483780227120448,19.62655639648437,19.315508911087363,19.62655639648437,52278140.0
T,2019-11-01,282880.0,13573489.0,Friday,19.86111831665039,19.896812041470067,19.75403714219137,19.86111831665039,46648095.0
T,2019-11-04,2030387.0,15798036.0,Monday,19.93759986914744,20.14156616541779,19.815220864004345,19.83051872253418,47480891.0
T,2019-11-05,75707.0,9071559.0,Tuesday,19.789727946927385,20.044684558246363,19.779529373426943,19.973297119140625,39343322.0
T,2019-11-06,1140532.0,9121855.0,Wednesday,20.01409149169922,20.02938806529542,19.88151389023914,20.01409149169922,29127073.0
T,2019-11-07,1053511.0,10259716.0,Thursday,20.034479623960912,20.18235502967204,20.01408377113422,20.10076904296875,33818138.0
T,2019-11-08,843448.0,8601199.0,Friday,20.059981720143192,20.10587401159884,19.93250341892164,20.08037757873535,24672872.0
T,2019-11-11,49907.0,5423110.0,Monday,20.019189656300828,20.080378522652243,19.988593935426437,20.075279235839844,17987334.0
T,2019-11-12,694814.0,7017827.0,Tuesday,20.065081705247245,20.131369857602763,19.922305539337096,19.973297119140625,21912332.0
T,2019-11-13,872159.0,9055458.0,Wednesday,19.98349153190064,20.044681676407254,19.91210410305833,19.96819496154785,21974296.0
T,2019-11-14,80974.0,20597578.0,Thursday,19.871316891655688,19.92740776648596,19.728540704678124,19.86111831665039,36368956.0
T,2019-11-15,2409199.0,32468320.0,Friday,19.95289689302765,20.14666460883928,19.917203178983,20.141565322875977,41675283.0
T,2019-11-18,58304.0,19938376.0,Monday,20.03958392396197,20.24354894176207,19.993691633994622,20.20785522460937,34383883.0
T,2019-11-19,2492903.0,21295878.0,Tuesday,19.845816443332247,19.87131287569269,19.05545279413036,19.376697540283203,85473203.0
T,2019-11-20,3544682.0,21040608.0,Wednesday,18.912674380572103,19.17782823160957,18.56083395754553,18.95856666564941,92496494.0
T,2019-11-21,1529069.0,26734567.0,Thursday,18.882081101501345,19.22372168588021,18.882081101501345,19.172731399536133,41518654.0
T,2019-11-22,2220495.0,9058834.0,Friday,19.24921989440918,19.3410031909238,19.21862417453899,19.24921989440918,26317280.0
T,2019-11-25,711931.0,14247011.0,Monday,19.32570117528337,19.32570117528337,18.958564229539164,18.999357223510746,42985116.0
T,2019-11-26,1106491.0,80983708.0,Tuesday,19.00956232206425,19.09114833802513,18.749505125603203,19.070751190185547,71535058.0
T,2019-11-27,801291.0,6237613.0,Wednesday,19.09114863453985,19.284915103531745,19.07075148638347,19.20332908630371,22600018.0
T,2019-11-29,593954.0,2559351.0,Friday,19.244119850904127,19.35630028958688,19.050353404506904,19.060550689697266,24060390.0
T,2019-12-02,1173684.0,23100473.0,Monday,19.111537081159867,19.111537081159867,18.98405881773069,19.02995109558105,32951182.0
T,2019-12-03,158617.0,14109382.0,Tuesday,18.968765394784896,19.14723396301269,18.820889966597907,19.14723396301269,32927880.0
T,2019-12-04,764425.0,30561791.0,Wednesday,19.16763083987353,19.56026425990716,19.12683784088942,19.42768669128418,50625656.0
T,2019-12-05,71568.0,10825368.0,Thursday,19.43788250124922,19.560262776619705,19.381792936710955,19.47357749938965,28815933.0
T,2019-12-06,84456.0,12217934.0,Friday,19.524571945088617,19.672446094109716,19.44808393977927,19.478679656982425,29930476.0
T,2019-12-09,755014.0,17307371.0,Monday,19.43788964479353,19.59596368869928,19.39199734658848,19.397096633911133,27278637.0
T,2019-12-10,796989.0,14844222.0,Tuesday,19.412392606528503,19.514375767658183,19.28491429896575,19.40729331970215,28833410.0
T,2019-12-11,886174.0,7608862.0,Wednesday,19.386890912306267,19.504171902094093,19.376693629119004,19.46337890625,24529351.0
T,2019-12-12,646029.0,9264020.0,Thursday,19.4786814272932,19.66734859536689,19.4786814272932,19.55516815185547,31237662.0
T,2019-12-13,55991.0,20517981.0,Friday,19.48378090849049,19.519475917853804,19.351203308237324,19.50927734375,32957538.0
T,2019-12-16,1012448.0,20563080.0,Monday,19.565368906166263,19.708143797878208,19.565368906166263,19.677549362182617,31833064.0
T,2019-12-17,794946.0,37742995.0,Tuesday,19.68264440566219,19.733634691594617,19.60615640136652,19.63165283203125,45994833.0
T,2019-12-18,1018581.0,23646915.0,Wednesday,19.68264470346545,19.850914709906043,19.67754541725535,19.75403213500977,37645954.0
T,2019-12-19,984038.0,26154520.0,Thursday,19.77953227393661,19.850919723510746,19.713244111860465,19.850919723510746,33199697.0
T,2019-12-20,13257411.0,59210644.0,Friday,19.99369295877353,20.01918939249955,19.830520933721694,19.963098526000977,64039497.0
T,2019-12-23,947052.0,32706744.0,Monday,20.01408681702798,20.10587138796221,19.90700438837189,19.92230224609375,38581095.0
T,2019-12-24,445749.0,609835.0,Tuesday,19.93760027738585,19.9477988499479,19.835618414861045,19.866212844848636,11515093.0
T,2019-12-26,26619.0,22225221.0,Thursday,19.88150967465426,19.98859081791773,19.87131110262008,19.96819496154785,26239032.0
T,2019-12-27,629223.0,8850106.0,Friday,20.00898742675781,20.07017756962763,19.98859028323505,20.00898742675781,20430247.0
T,2019-12-30,620910.0,7019532.0,Monday,20.024288234544997,20.029386233478306,19.87641278531412,19.907007217407227,23389652.0
T,2019-12-31,414891.0,33411712.0,Tuesday,19.89170749325952,19.94269906710153,19.81522077634576,19.92740249633789,26766646.0
T,2020-01-02,1046090.0,19627483.0,Thursday,19.968194593750024,19.99878902159056,19.73873316569981,19.81521987915039,43165445.0
T,2020-01-03,1336310.0,12349689.0,Friday,19.672447778160468,19.98859324806825,19.66734849152342,19.917205810546875,36296666.0
T,2020-01-06,1294190.0,23553331.0,Monday,19.88151151349877,19.96309752192117,19.79482621858764,19.93760108947754,51229797.0
T,2020-01-07,1068807.0,15364066.0,Tuesday,19.927406186425277,20.039586639492065,19.87641460314082,20.01409149169922,37337462.0
T,2020-01-08,1812434.0,23184413.0,Wednesday,20.05488337628893,20.16706382306565,20.034486229039334,20.075279235839844,53645832.0
T,2020-01-09,313829.0,26231788.0,Thursday,20.199042459377345,20.240562828874417,20.00701730354201,20.136764526367188,52228887.0
T,2020-01-10,1204352.0,14020527.0,Friday,20.141957939033382,20.214615976561703,20.01740074157715,20.01740074157715,39350339.0
T,2020-01-13,940899.0,11770812.0,Monday,20.001827915667302,20.00701796202526,19.731953368760408,19.773473739624023,43780576.0
T,2020-01-14,78280.0,12456540.0,Tuesday,19.752715610647908,19.82018490970775,19.695626405384647,19.768285751342773,35129295.0
T,2020-01-15,881450.0,16020688.0,Wednesday,19.70600338294592,19.73714234879354,19.61258517478536,19.65410423278809,34526213.0
T,2020-01-16,1204820.0,9787878.0,Thursday,19.71638749963364,19.78904553831503,19.60220908385663,19.73714637756348,36172077.0
T,2020-01-17,76228.0,22495483.0,Friday,19.747524521131275,19.949931097006345,19.71119550537924,19.918790817260746,44477926.0
T,2020-01-21,53882.0,57919367.0,Tuesday,19.90322308717839,20.053729205122615,19.814994910929048,19.99145126342773,57931090.0
T,2020-01-22,921803.0,23415944.0,Wednesday,20.074488798659846,20.313223085788056,20.05372861163068,20.261323928833008,47842475.0
T,2020-01-23,1110082.0,19912437.0,Thursday,20.219806429120727,20.235376570596745,20.00702104870504,20.048540115356445,38406592.0
T,2020-01-24,961703.0,29395839.0,Friday,20.032966806839237,20.12638370296138,19.84094034736097,19.981067657470703,45632057.0
T,2020-01-27,1786625.0,33271348.0,Monday,19.731953726908287,20.01739841807005,19.726764991073924,19.851322174072266,46633398.0
T,2020-01-28,61273.0,15150101.0,Tuesday,19.88764955767305,20.13676390324036,19.861700638158087,20.02258682250977,40842487.0
T,2020-01-29,648015.0,20656332.0,Wednesday,19.981071125758422,20.012210096537533,19.21815782265386,19.22853660583496,76732420.0
T,2020-01-30,1277186.0,17856927.0,Thursday,18.927526284045516,19.436135239416764,18.84967818852838,19.425756454467773,67100717.0
T,2020-01-31,1367271.0,31007015.0,Friday,19.36866448782327,19.59701869414956,19.33233546911763,19.52436065673828,54495840.0
T,2020-02-03,4729621.0,13450788.0,Monday,19.700816509076088,19.706006555989337,19.098789415789835,19.181827545166016,53993382.0
T,2020-02-04,187732.0,13352882.0,Tuesday,19.24410714136443,19.586639758816084,19.171449104516483,19.529550552368164,42313451.0
T,2020-02-05,1109939.0,9533854.0,Wednesday,19.581447705182168,19.695624795759667,19.4724606610788,19.622966766357425,32620050.0
T,2020-02-06,8730.0,10312056.0,Thursday,19.64891536420926,19.97068906597657,19.64891536420926,19.94993019104004,34705482.0
T,2020-02-07,74783.0,15407586.0,Friday,19.955116271972656,20.09524357396829,19.908408481925047,19.955116271972656,33363079.0
T,2020-02-10,937199.0,9714659.0,Monday,19.939554118300023,20.00183206628332,19.773477842853843,19.89803504943848,24552653.0
T,2020-02-11,1691452.0,6291757.0,Tuesday,19.97587732881981,20.147143601880224,19.669673793557592,19.80980110168457,42338872.0
T,2020-02-12,75175.0,11721547.0,Wednesday,19.82018758390206,19.89284562904551,19.731958085344907,19.742338180541992,41453646.0
T,2020-02-13,573801.0,23720242.0,Thursday,19.65929798488447,19.94474270925354,19.64372784371665,19.882463455200195,32606942.0
T,2020-02-14,36795.0,21474431.0,Friday,19.86689231342873,19.965499264166294,19.77866414497768,19.851322174072266,36262904.0
T,2020-02-18,94118.0,22293261.0,Tuesday,19.81499491237852,19.887652947900506,19.74233556623863,19.85651397705078,32138644.0
T,2020-02-19,1080646.0,13676621.0,Wednesday,19.84613188450406,20.05891723334682,19.804612824013223,19.94993019104004,29923989.0
T,2020-02-20,42382.0,6837365.0,Thursday,19.92917136699555,20.06929869720693,19.88246225692509,20.038158416748047,35981156.0
T,2020-02-21,178410.0,24647230.0,Friday,19.99144640194272,20.074484511088105,19.91359833844611,20.007015228271484,37691897.0
T,2020-02-24,2627947.0,14970401.0,Monday,19.716389101438327,19.98626371077726,19.711199053879724,19.747528076171875,46190256.0
T,2020-02-25,1565504.0,19971944.0,Tuesday,19.77866717735627,19.86689535933408,19.33752626746724,19.38423538208008,64725329.0
T,2020-02-26,1729200.0,22238684.0,Wednesday,19.30119519362718,19.60739746372645,19.161067864698765,19.25448608398437,53306756.0
T,2020-02-27,2655310.0,29797490.0,Thursday,18.98461123912489,19.155877535079707,18.351445210877557,18.54347038269043,87815227.0
T,2020-02-28,8285573.0,69005282.0,Friday,17.64561968297441,18.538280170490346,17.13182079969915,18.278785705566406,160070673.0
TWLO,2019-01-02,194012.0,212303.0,Wednesday,87.44999694824219,88.95999908447266,84.0999984741211,86.97000122070312,3818500.0
TWLO,2019-01-03,72254.0,403107.0,Thursday,85.05999755859375,86.4800033569336,80.12999725341797,81.25,4789300.0
TWLO,2019-01-04,164738.0,363487.0,Friday,84.22000122070312,89.4000015258789,83.19999694824219,88.55000305175781,3718600.0
TWLO,2019-01-07,201042.0,1437786.0,Monday,91.30999755859376,99.4000015258789,91.25,96.9800033569336,8586000.0
TWLO,2019-01-08,252032.0,231938.0,Tuesday,98.63999938964844,100.9499969482422,92.58000183105467,97.5999984741211,5503300.0
TWLO,2019-01-09,68818.0,159840.0,Wednesday,97.5,98.05999755859376,94.75,96.41000366210938,2535500.0
TWLO,2019-01-10,51509.0,162725.0,Thursday,94.87000274658205,97.8499984741211,93.56999969482422,96.1999969482422,2227600.0
TWLO,2019-01-11,33359.0,808505.0,Friday,96.0,101.6999969482422,95.63800048828124,96.83000183105467,6437300.0
TWLO,2019-01-14,84460.0,1244490.0,Monday,95.12000274658205,98.8000030517578,94.02999877929688,97.76000213623048,3685900.0
TWLO,2019-01-15,33358.0,369159.0,Tuesday,98.5199966430664,101.8249969482422,97.36100006103516,100.4499969482422,3474100.0
TWLO,2019-01-16,203608.0,282643.0,Wednesday,102.0,103.75,97.58999633789062,99.97000122070312,4707500.0
TWLO,2019-01-17,74805.0,744907.0,Thursday,100.11000061035156,104.12000274658205,99.2300033569336,102.11000061035156,4631600.0
TWLO,2019-01-18,96884.0,389550.0,Friday,103.9800033569336,106.0,101.36000061035156,105.31999969482422,4084300.0
TWLO,2019-01-22,113534.0,263433.0,Tuesday,104.0199966430664,104.0500030517578,98.3949966430664,99.5199966430664,3935400.0
TWLO,2019-01-23,102037.0,772026.0,Wednesday,101.33000183105467,103.25,99.05999755859376,100.4000015258789,2954600.0
TWLO,2019-01-24,43920.0,826085.0,Thursday,100.41000366210938,102.43000030517578,100.24199676513672,101.5500030517578,2313500.0
TWLO,2019-01-25,57470.0,271906.0,Friday,102.0999984741211,105.48999786376952,101.87999725341795,104.18000030517578,2606900.0
TWLO,2019-01-28,84927.0,169322.0,Monday,102.9000015258789,103.33000183105467,99.9000015258789,102.16000366210938,2317100.0
TWLO,2019-01-29,34401.0,787181.0,Tuesday,102.87999725341795,103.05999755859376,99.12000274658205,99.3000030517578,2295400.0
TWLO,2019-01-30,47904.0,236316.0,Wednesday,101.08000183105467,104.02999877929688,99.79000091552734,103.81999969482422,2568000.0
TWLO,2019-01-31,64362.0,2087375.0,Thursday,103.8000030517578,113.3249969482422,103.8000030517578,111.31999969482422,7323200.0
TWLO,2019-02-01,77691.0,1304751.0,Friday,111.30999755859376,113.5,110.26399993896484,112.87999725341795,4419100.0
TWLO,2019-02-04,73053.0,269515.0,Monday,113.13999938964844,114.66000366210938,112.4000015258789,113.37999725341795,3008400.0
TWLO,2019-02-05,51473.0,1382364.0,Tuesday,113.81999969482422,116.54000091552734,113.01000213623048,113.88999938964844,3850700.0
TWLO,2019-02-06,39845.0,192044.0,Wednesday,114.12000274658205,114.98999786376952,109.4000015258789,113.33999633789062,2603800.0
TWLO,2019-02-07,55045.0,180895.0,Thursday,111.5,111.53800201416016,108.26000213623048,110.12000274658205,3291300.0
TWLO,2019-02-08,32683.0,264250.0,Friday,108.87999725341795,114.91600036621094,108.8000030517578,114.77999877929688,3163500.0
TWLO,2019-02-11,250650.0,2276525.0,Monday,118.5,119.0,113.70999908447266,115.75,6263700.0
TWLO,2019-02-12,144771.0,2423551.0,Tuesday,115.75,116.66999816894533,114.45999908447266,115.29000091552734,6914400.0
TWLO,2019-02-13,1048227.0,587161.0,Wednesday,114.19000244140624,116.88999938964844,105.5999984741211,106.87000274658205,19247600.0
TWLO,2019-02-14,451628.0,384830.0,Thursday,105.47000122070312,108.5500030517578,103.25,107.2699966430664,9540200.0
TWLO,2019-02-15,475300.0,751669.0,Friday,106.1999969482422,107.65799713134766,104.25,106.8499984741211,5239300.0
TWLO,2019-02-19,101035.0,2260717.0,Tuesday,106.08999633789062,112.8499984741211,106.08000183105467,112.56999969482422,7687900.0
TWLO,2019-02-20,119845.0,1675407.0,Wednesday,113.0,119.25,112.75,116.3000030517578,8181100.0
TWLO,2019-02-21,81414.0,541848.0,Thursday,116.44000244140624,116.50900268554688,111.72000122070312,113.16000366210938,4667400.0
TWLO,2019-02-22,88946.0,138523.0,Friday,114.0999984741211,116.61000061035156,113.62999725341795,116.5500030517578,3173000.0
TWLO,2019-02-25,227754.0,1310691.0,Monday,118.56999969482422,121.0999984741211,116.32599639892578,118.2699966430664,4416600.0
TWLO,2019-02-26,47300.0,469768.0,Tuesday,117.0999984741211,118.95999908447266,116.25,116.91999816894533,2456800.0
TWLO,2019-02-27,31108.0,1231362.0,Wednesday,116.41000366210938,119.47000122070312,116.3499984741211,119.45999908447266,3262600.0
TWLO,2019-02-28,52865.0,1853689.0,Thursday,118.8499984741211,122.37000274658205,118.33000183105467,121.69000244140624,4219200.0
TWLO,2019-03-01,139226.0,243321.0,Friday,123.25,123.9000015258789,121.2699966430664,123.52999877929688,3026100.0
TWLO,2019-03-04,121561.0,555783.0,Monday,124.70999908447266,124.8499984741211,112.25299835205078,116.0999984741211,6576900.0
TWLO,2019-03-05,191565.0,732581.0,Tuesday,115.0,115.23999786376952,110.5999984741211,115.18000030517578,4731500.0
TWLO,2019-03-06,30009.0,512438.0,Wednesday,115.0,116.4800033569336,113.11000061035156,114.62999725341795,3212500.0
TWLO,2019-03-07,47303.0,165511.0,Thursday,114.73999786376952,117.56999969482422,113.70999908447266,115.5,4136600.0
TWLO,2019-03-08,161316.0,212071.0,Friday,113.22000122070312,117.0,111.5199966430664,116.8000030517578,2833900.0
TWLO,2019-03-11,57098.0,230254.0,Monday,117.4000015258789,123.0,117.33000183105467,122.08999633789062,4003100.0
TWLO,2019-03-12,79064.0,152049.0,Tuesday,122.87000274658205,126.95999908447266,121.33999633789062,125.6999969482422,4188400.0
TWLO,2019-03-13,80959.0,1298546.0,Wednesday,126.66000366210938,129.42999267578125,125.91000366210938,126.77999877929688,4109900.0
TWLO,2019-03-14,58612.0,1061586.0,Thursday,127.01000213623048,131.36000061035156,126.41200256347656,130.0,3826800.0
TWLO,2019-03-15,154438.0,1150612.0,Friday,129.19000244140625,130.72000122070312,127.44000244140624,129.41000366210938,3593000.0
TWLO,2019-03-18,95759.0,1021959.0,Monday,131.3000030517578,133.32000732421875,127.16000366210938,129.35000610351562,3785400.0
TWLO,2019-03-19,48293.0,1382586.0,Tuesday,130.1199951171875,131.75999450683594,128.57000732421875,130.3800048828125,3247100.0
TWLO,2019-03-20,38478.0,499167.0,Wednesday,130.10000610351562,132.38999938964844,127.68000030517578,130.64999389648438,2772600.0
TWLO,2019-03-21,36915.0,696310.0,Thursday,130.17999267578125,136.0,130.02000427246094,135.66000366210938,3838400.0
TWLO,2019-03-22,121757.0,327318.0,Friday,135.0,135.78700256347656,128.66000366210938,129.52999877929688,4193900.0
TWLO,2019-03-25,77043.0,1026733.0,Monday,129.52000427246094,132.88999938964844,127.2699966430664,131.5500030517578,4336900.0
TWLO,2019-03-26,80502.0,173963.0,Tuesday,133.50999450683594,134.85000610351562,130.47000122070312,131.8699951171875,2608100.0
TWLO,2019-03-27,26126.0,375980.0,Wednesday,132.39999389648438,132.57699584960938,124.62000274658205,126.4800033569336,4030000.0
TWLO,2019-03-28,138033.0,430841.0,Thursday,127.6500015258789,128.3699951171875,124.12000274658205,125.7300033569336,3568100.0
TWLO,2019-03-29,67544.0,375990.0,Friday,127.1500015258789,130.72000122070312,126.13999938964844,129.17999267578125,3286400.0
TWLO,2019-04-01,182214.0,293080.0,Monday,131.5800018310547,131.9499969482422,125.31999969482422,127.66999816894533,3895900.0
TWLO,2019-04-02,70642.0,215206.0,Tuesday,127.01000213623048,130.0,125.87999725341795,129.7899932861328,2379800.0
TWLO,2019-04-03,44908.0,237204.0,Wednesday,130.52000427246094,131.64999389648438,128.60000610351562,129.3800048828125,1833700.0
TWLO,2019-04-04,42298.0,222135.0,Thursday,129.9199981689453,130.22999572753906,118.4800033569336,122.37000274658205,7238300.0
TWLO,2019-04-05,113426.0,845966.0,Friday,123.1500015258789,123.91000366210938,120.54000091552734,122.41999816894533,4574200.0
TWLO,2019-04-08,64124.0,440361.0,Monday,121.66999816894533,122.4000015258789,119.0999984741211,122.12000274658205,2707100.0
TWLO,2019-04-09,59397.0,234982.0,Tuesday,122.2300033569336,124.93000030517578,121.58499908447266,122.6999969482422,2842100.0
TWLO,2019-04-10,53989.0,106283.0,Wednesday,123.44000244140624,125.79000091552734,122.43000030517578,125.22000122070312,2188800.0
TWLO,2019-04-11,51449.0,256749.0,Thursday,125.8000030517578,126.47000122070312,123.0999984741211,125.6999969482422,1875900.0
TWLO,2019-04-12,63311.0,1032907.0,Friday,126.26000213623048,126.75,123.59700012207033,125.72000122070312,2454900.0
TWLO,2019-04-15,48651.0,313254.0,Monday,125.3000030517578,127.77999877929688,123.80999755859376,127.19000244140624,2375100.0
TWLO,2019-04-16,49221.0,330909.0,Tuesday,126.75,130.14999389648438,125.95999908447266,126.55999755859376,2843500.0
TWLO,2019-04-17,55157.0,197946.0,Wednesday,127.1999969482422,127.3499984741211,121.5999984741211,123.08000183105467,2732500.0
TWLO,2019-04-18,58448.0,1318962.0,Thursday,122.3000030517578,123.0,118.55999755859376,122.12999725341795,4225500.0
TWLO,2019-04-22,46862.0,659335.0,Monday,122.0,128.3000030517578,121.52999877929688,127.95999908447266,2723700.0
TWLO,2019-04-23,90479.0,308307.0,Tuesday,129.16000366210938,130.30999755859375,126.94000244140624,129.27000427246094,2988100.0
TWLO,2019-04-24,69140.0,259370.0,Wednesday,130.10000610351562,131.1999969482422,128.6750030517578,129.99000549316406,2192400.0
TWLO,2019-04-25,69384.0,209328.0,Thursday,131.22999572753906,134.3699951171875,129.52999877929688,132.25,2893000.0
TWLO,2019-04-26,48266.0,239130.0,Friday,133.0,135.19000244140625,131.00999450683594,134.9199981689453,2846200.0
TWLO,2019-04-29,104199.0,573336.0,Monday,135.89999389648438,137.39999389648438,134.33999633789062,135.99000549316406,3666500.0
TWLO,2019-04-30,123968.0,1197571.0,Tuesday,134.10000610351562,137.19000244140625,132.00999450683594,137.13999938964844,5250300.0
TWLO,2019-05-01,464020.0,1277241.0,Wednesday,142.1999969482422,142.1999969482422,128.2100067138672,128.57000732421875,14128200.0
TWLO,2019-05-02,176693.0,199646.0,Thursday,127.77999877929688,134.3800048828125,126.75,131.94000244140625,5990300.0
TWLO,2019-05-03,89022.0,222842.0,Friday,131.94000244140625,132.25999450683594,129.02000427246094,130.8699951171875,3793800.0
TWLO,2019-05-06,181351.0,831332.0,Monday,127.04000091552734,132.27999877929688,126.8000030517578,131.8000030517578,4062800.0
TWLO,2019-05-07,157479.0,772976.0,Tuesday,132.33999633789062,132.94000244140625,127.54000091552734,129.5800018310547,4567900.0
TWLO,2019-05-08,79319.0,202767.0,Wednesday,129.0,132.9459991455078,128.37899780273438,131.66000366210938,2982700.0
TWLO,2019-05-09,88106.0,176351.0,Thursday,130.67999267578125,133.25,126.81999969482422,133.1300048828125,3957800.0
TWLO,2019-05-10,70651.0,625558.0,Friday,132.60000610351562,136.33999633789062,130.14300537109375,134.27999877929688,4840100.0
TWLO,2019-05-13,155577.0,281469.0,Monday,130.89999389648438,131.99000549316406,122.55999755859376,123.38999938964844,7305200.0
TWLO,2019-05-14,143419.0,993618.0,Tuesday,126.0,131.15199279785156,124.21800231933594,131.0800018310547,5825700.0
TWLO,2019-05-15,141183.0,293812.0,Wednesday,127.81999969482422,135.5,127.81999969482422,135.4499969482422,5056000.0
TWLO,2019-05-16,191116.0,277816.0,Thursday,136.02999877929688,144.6199951171875,136.0,142.3699951171875,7630900.0
TWLO,2019-05-17,176695.0,1941161.0,Friday,140.63999938964844,143.0500030517578,137.89999389648438,140.49000549316406,5268000.0
TWLO,2019-05-20,177885.0,664177.0,Monday,137.5,140.46800231933594,136.13999938964844,137.66000366210938,3715300.0
TWLO,2019-05-21,92381.0,958549.0,Tuesday,139.0,141.3800048828125,137.6300048828125,137.7100067138672,3340100.0
TWLO,2019-05-22,79140.0,434885.0,Wednesday,136.94000244140625,141.16000366210938,136.7429962158203,137.83999633789062,2631600.0
TWLO,2019-05-23,77191.0,256883.0,Thursday,136.47999572753906,136.60000610351562,130.85000610351562,132.9600067138672,3492800.0
TWLO,2019-05-24,158958.0,1110801.0,Friday,134.6999969482422,136.80999755859375,133.10000610351562,133.89999389648438,3394600.0
TWLO,2019-05-28,37167.0,6571284.0,Tuesday,134.4499969482422,137.3509979248047,131.9010009765625,132.9499969482422,6369100.0
TWLO,2019-05-29,103671.0,865092.0,Wednesday,131.1300048828125,132.97000122070312,128.27999877929688,129.1699981689453,3297200.0
TWLO,2019-05-30,114119.0,271738.0,Thursday,126.6500015258789,128.72000122070312,123.44000244140624,126.93000030517578,4575400.0
TWLO,2019-05-31,506999.0,1829447.0,Friday,124.38999938964844,134.25,123.0,131.99000549316406,10270800.0
TWLO,2019-06-03,116555.0,551028.0,Monday,132.77000427246094,135.4969940185547,123.26000213623048,124.54000091552734,6179000.0
TWLO,2019-06-04,161295.0,1167296.0,Tuesday,126.3000030517578,128.88999938964844,123.66000366210938,128.38999938964844,5298200.0
TWLO,2019-06-05,144683.0,483410.0,Wednesday,130.94000244140625,137.0800018310547,128.6300048828125,136.77000427246094,5047900.0
TWLO,2019-06-06,105529.0,369739.0,Thursday,136.85000610351562,140.38999938964844,131.3699951171875,139.6300048828125,4927300.0
TWLO,2019-06-07,116806.0,265691.0,Friday,141.1199951171875,144.6199951171875,140.5,144.11000061035156,4964100.0
TWLO,2019-06-10,175487.0,759064.0,Monday,145.0,148.8000030517578,143.02999877929688,143.6199951171875,4185200.0
TWLO,2019-06-11,137008.0,277008.0,Tuesday,145.0,146.2899932861328,138.02999877929688,140.69000244140625,3848900.0
TWLO,2019-06-12,110213.0,144485.0,Wednesday,141.47000122070312,144.33999633789062,139.5,143.08999633789062,2941400.0
TWLO,2019-06-13,62669.0,326555.0,Thursday,143.08999633789062,143.8800048828125,139.9600067138672,141.05999755859375,2318000.0
TWLO,2019-06-14,42720.0,484583.0,Friday,140.75999450683594,141.27999877929688,138.58999633789062,140.1699981689453,2308800.0
TWLO,2019-06-17,38024.0,302405.0,Monday,140.66000366210938,144.02000427246094,139.1999969482422,140.7100067138672,3357400.0
TWLO,2019-06-18,186076.0,991936.0,Tuesday,144.97999572753906,145.49000549316406,141.97999572753906,142.2899932861328,3573500.0
TWLO,2019-06-19,42365.0,210522.0,Wednesday,142.64999389648438,147.10000610351562,140.7100067138672,146.5,2734800.0
TWLO,2019-06-20,264345.0,555362.0,Thursday,149.4600067138672,151.0,145.0500030517578,146.66000366210938,3468700.0
TWLO,2019-06-21,38532.0,2253534.0,Friday,145.14999389648438,146.8800048828125,142.75,144.0,4127400.0
TWLO,2019-06-24,149337.0,564407.0,Monday,144.52999877929688,144.6999969482422,137.67999267578125,138.41000366210938,3782600.0
TWLO,2019-06-25,61174.0,194900.0,Tuesday,138.50999450683594,138.75,133.6840057373047,134.8699951171875,3547400.0
TWLO,2019-06-26,106902.0,187317.0,Wednesday,137.17999267578125,139.50100708007812,133.5500030517578,134.17999267578125,3558700.0
TWLO,2019-06-27,61896.0,1748273.0,Thursday,133.9600067138672,138.39999389648438,133.48199462890625,137.32000732421875,3462200.0
TWLO,2019-06-28,53269.0,2343559.0,Friday,137.4600067138672,138.77999877929688,134.00999450683594,136.35000610351562,4233400.0
TWLO,2019-07-01,118653.0,180946.0,Monday,138.32000732421875,139.14999389648438,135.26499938964844,136.86000061035156,3067800.0
TWLO,2019-07-02,47076.0,448648.0,Tuesday,137.72999572753906,139.5,136.52200317382812,137.5,2785000.0
TWLO,2019-07-03,56806.0,276.0,Wednesday,138.60000610351562,140.99000549316406,138.2100067138672,139.2100067138672,2256800.0
TWLO,2019-07-05,77971.0,322368.0,Friday,138.42999267578125,140.2899932861328,134.7449951171875,140.27000427246094,3430000.0
TWLO,2019-07-08,41200.0,234800.0,Monday,138.50999450683594,145.5800018310547,138.10000610351562,144.72999572753906,3553700.0
TWLO,2019-07-09,50951.0,344713.0,Tuesday,144.49000549316406,146.85000610351562,143.14999389648438,145.25,3101400.0
TWLO,2019-07-10,141505.0,209179.0,Wednesday,147.60000610351562,149.97999572753906,145.14999389648438,145.44000244140625,3419300.0
TWLO,2019-07-11,32275.0,132580.0,Thursday,146.16000366210938,146.89999389648438,142.7100067138672,144.25999450683594,2729900.0
TWLO,2019-07-12,58015.0,143756.0,Friday,144.0,144.88999938964844,140.6699981689453,142.14999389648438,2886600.0
TWLO,2019-07-15,26539.0,291948.0,Monday,142.3800048828125,145.8699951171875,140.8560028076172,145.39999389648438,2606900.0
TWLO,2019-07-16,69430.0,210401.0,Tuesday,146.0,147.35000610351562,141.61000061035156,142.58999633789062,3081500.0
TWLO,2019-07-17,55387.0,186733.0,Wednesday,142.77000427246094,146.47000122070312,142.25999450683594,145.86000061035156,2459500.0
TWLO,2019-07-18,48304.0,798268.0,Thursday,144.42999267578125,147.1649932861328,143.30999755859375,145.97999572753906,3989100.0
TWLO,2019-07-19,37468.0,715747.0,Friday,146.89999389648438,147.69000244140625,145.0,145.6199951171875,2771500.0
TWLO,2019-07-22,39187.0,696844.0,Monday,146.19000244140625,150.44000244140625,146.02000427246094,147.4600067138672,3453900.0
TWLO,2019-07-23,59838.0,115749.0,Tuesday,148.1999969482422,148.98899841308594,143.47999572753906,145.57000732421875,2811100.0
TWLO,2019-07-24,25757.0,481214.0,Wednesday,145.4600067138672,147.7100067138672,143.17300415039062,147.61000061035156,2390900.0
TWLO,2019-07-25,41642.0,218812.0,Thursday,147.61000061035156,149.5,146.1999969482422,147.75999450683594,2323900.0
TWLO,2019-07-26,41764.0,870459.0,Friday,148.14999389648438,150.3699951171875,148.08099365234375,149.9499969482422,3136300.0
TWLO,2019-07-29,65910.0,249829.0,Monday,150.0,150.38999938964844,140.0800018310547,141.5,5350700.0
TWLO,2019-07-30,119385.0,587481.0,Tuesday,140.89999389648438,143.89999389648438,139.55999755859375,140.0,4479000.0
TWLO,2019-07-31,77289.0,1272096.0,Wednesday,141.0500030517578,142.89999389648438,136.11000061035156,139.11000061035156,6113100.0
TWLO,2019-08-01,197049.0,360980.0,Thursday,137.99000549316406,143.97999572753906,135.5500030517578,137.8300018310547,8147700.0
TWLO,2019-08-02,126694.0,282119.0,Friday,136.4199981689453,136.72000122070312,132.16000366210938,133.6999969482422,5075800.0
TWLO,2019-08-05,91518.0,476124.0,Monday,126.0,126.7300033569336,122.11000061035156,124.5199966430664,9018300.0
TWLO,2019-08-06,221170.0,241781.0,Tuesday,126.9000015258789,127.86599731445312,123.66999816894533,125.56999969482422,5265300.0
TWLO,2019-08-07,104550.0,234673.0,Wednesday,124.5,126.88999938964844,122.51799774169922,123.9000015258789,3784500.0
TWLO,2019-08-08,129756.0,668389.0,Thursday,125.70999908447266,131.67999267578125,125.13999938964844,131.67999267578125,4774200.0
TWLO,2019-08-09,84201.0,244172.0,Friday,130.44000244140625,134.97000122070312,129.64100646972656,133.72000122070312,4149900.0
TWLO,2019-08-12,70396.0,98327.0,Monday,132.47999572753906,133.50999450683594,127.6999969482422,131.49000549316406,3317700.0
TWLO,2019-08-13,47591.0,861288.0,Tuesday,130.4199981689453,134.24000549316406,129.50999450683594,132.0500030517578,3690400.0
TWLO,2019-08-14,107114.0,213382.0,Wednesday,128.10000610351562,129.60000610351562,123.43000030517578,124.75,4636500.0
TWLO,2019-08-15,350403.0,273317.0,Thursday,126.30999755859376,126.88999938964844,122.0199966430664,123.16999816894533,3335200.0
TWLO,2019-08-16,70526.0,395495.0,Friday,124.45999908447266,126.56999969482422,123.75,124.76000213623048,2453400.0
TWLO,2019-08-19,127594.0,921815.0,Monday,126.4499969482422,127.83000183105467,125.30999755859376,125.61000061035156,2859300.0
TWLO,2019-08-20,62079.0,574736.0,Tuesday,125.5500030517578,128.10000610351562,124.5,126.86000061035156,1868500.0
TWLO,2019-08-21,84184.0,298202.0,Wednesday,128.22000122070312,132.5800018310547,127.66000366210938,131.05999755859375,3157100.0
TWLO,2019-08-22,103637.0,320681.0,Thursday,131.5500030517578,132.0,127.44000244140624,130.5,2206000.0
TWLO,2019-08-23,126326.0,667826.0,Friday,130.4499969482422,133.8000030517578,127.56999969482422,127.95999908447266,2952400.0
TWLO,2019-08-26,81011.0,1112172.0,Monday,129.32000732421875,130.1999969482422,126.41999816894533,129.97999572753906,2301300.0
TWLO,2019-08-27,87054.0,743711.0,Tuesday,131.3000030517578,134.58999633789062,128.69000244140625,131.47999572753906,2631800.0
TWLO,2019-08-28,44991.0,219803.0,Wednesday,130.24000549316406,131.6199951171875,128.10000610351562,130.91000366210938,1771100.0
TWLO,2019-08-29,52373.0,136390.0,Thursday,132.27999877929688,133.9499969482422,131.33999633789062,132.0500030517578,2311200.0
TWLO,2019-08-30,52538.0,547612.0,Friday,133.22000122070312,133.22000122070312,127.7699966430664,130.47000122070312,2124400.0
TWLO,2019-09-03,59608.0,678715.0,Tuesday,129.5,131.75999450683594,128.39999389648438,129.6999969482422,2331200.0
TWLO,2019-09-04,217448.0,321495.0,Wednesday,130.60000610351562,133.9669952392578,130.0,132.32000732421875,1873200.0
TWLO,2019-09-05,128406.0,210280.0,Thursday,133.57000732421875,133.99000549316406,127.44000244140624,129.72999572753906,4098800.0
TWLO,2019-09-06,128907.0,387971.0,Friday,130.88999938964844,131.55999755859375,123.3499984741211,123.6999969482422,3837200.0
TWLO,2019-09-09,88387.0,519831.0,Monday,123.98999786376952,124.3499984741211,108.5999984741211,111.87999725341795,11808500.0
TWLO,2019-09-10,234058.0,392018.0,Tuesday,109.87000274658205,115.98500061035156,107.0,110.01000213623048,8088000.0
TWLO,2019-09-11,182817.0,1207055.0,Wednesday,110.70999908447266,113.73999786376952,109.5500030517578,109.72000122070312,7376500.0
TWLO,2019-09-12,214912.0,649447.0,Thursday,111.9000015258789,115.20999908447266,111.3499984741211,113.0999984741211,6370800.0
TWLO,2019-09-13,171283.0,532765.0,Friday,112.47000122070312,113.08000183105467,108.72000122070312,109.58999633789062,4032100.0
TWLO,2019-09-16,168180.0,412446.0,Monday,108.38999938964844,111.81500244140624,107.66400146484376,110.6500015258789,3055200.0
TWLO,2019-09-17,214659.0,346353.0,Tuesday,112.9499969482422,113.25,110.11000061035156,112.31999969482422,3283100.0
TWLO,2019-09-18,103852.0,765486.0,Wednesday,112.5,112.98999786376952,110.87999725341795,112.5500030517578,3293200.0
TWLO,2019-09-19,387903.0,1132976.0,Thursday,117.0,117.0,113.33000183105467,115.11000061035156,5707100.0
TWLO,2019-09-20,179627.0,6057056.0,Friday,115.88999938964844,117.2300033569336,111.1959991455078,114.22000122070312,5674600.0
TWLO,2019-09-23,69572.0,880239.0,Monday,113.75,114.54000091552734,112.93000030517578,112.93000030517578,2077100.0
TWLO,2019-09-24,93183.0,770471.0,Tuesday,112.9800033569336,113.47000122070312,106.83000183105467,109.11000061035156,4873600.0
TWLO,2019-09-25,127761.0,1259072.0,Wednesday,108.4499969482422,110.8000030517578,105.12999725341795,110.43000030517578,3982200.0
TWLO,2019-09-26,161478.0,1035362.0,Thursday,111.38999938964844,112.30999755859376,108.41000366210938,110.9000015258789,3022600.0
TWLO,2019-09-27,83073.0,276248.0,Friday,110.23999786376952,111.12999725341795,104.83999633789062,106.55999755859376,3855600.0
TWLO,2019-09-30,99559.0,1373248.0,Monday,106.5,110.8499984741211,104.21600341796876,109.95999908447266,4777100.0
TWLO,2019-10-01,94328.0,958944.0,Tuesday,109.5999984741211,110.81999969482422,107.91000366210938,109.7300033569336,2992000.0
TWLO,2019-10-02,75850.0,634167.0,Wednesday,107.5,109.3000030517578,105.39900207519533,106.61000061035156,2850200.0
TWLO,2019-10-03,54764.0,1066528.0,Thursday,106.87000274658205,111.38999938964844,104.1500015258789,110.5,5523300.0
TWLO,2019-10-04,181475.0,1095312.0,Friday,111.41000366210938,112.83699798583984,109.8759994506836,112.08000183105467,2909100.0
TWLO,2019-10-07,57312.0,1131840.0,Monday,111.16000366210938,113.80500030517578,110.8499984741211,112.91000366210938,2067000.0
TWLO,2019-10-08,104778.0,484442.0,Tuesday,111.66999816894533,112.68900299072266,108.27999877929688,108.4000015258789,2817700.0
TWLO,2019-10-09,54380.0,295486.0,Wednesday,109.44000244140624,111.43000030517578,108.30999755859376,111.02999877929688,1900200.0
TWLO,2019-10-10,47759.0,575747.0,Thursday,110.3499984741211,112.5199966430664,110.0500030517578,110.29000091552734,2075700.0
TWLO,2019-10-11,126665.0,952868.0,Friday,112.63999938964844,115.43000030517578,111.0999984741211,114.33999633789062,4001900.0
TWLO,2019-10-14,57913.0,203835.0,Monday,114.06999969482422,117.0500030517578,113.5500030517578,116.58999633789062,1831100.0
TWLO,2019-10-15,90912.0,372299.0,Tuesday,117.0,118.33999633789062,115.0,115.20999908447266,2187500.0
TWLO,2019-10-16,232264.0,743036.0,Wednesday,111.62000274658205,112.87000274658205,108.86799621582033,109.8000030517578,4328000.0
TWLO,2019-10-17,103240.0,488549.0,Thursday,110.12999725341795,110.48999786376952,107.91000366210938,110.0500030517578,2616300.0
TWLO,2019-10-18,90251.0,1137785.0,Friday,110.26000213623048,110.36000061035156,103.8000030517578,106.3499984741211,4837200.0
TWLO,2019-10-21,85024.0,888322.0,Monday,106.5999984741211,107.77999877929688,104.8270034790039,105.54000091552734,3004300.0
TWLO,2019-10-22,194095.0,511070.0,Tuesday,106.77999877929688,106.77999877929688,100.08000183105467,100.6500015258789,6011900.0
TWLO,2019-10-23,130123.0,1159759.0,Wednesday,100.1999969482422,104.38999938964844,99.6999969482422,100.5,3823000.0
TWLO,2019-10-24,145662.0,459887.0,Thursday,102.8499984741211,105.94000244140624,102.30999755859376,105.62999725341795,3689300.0
TWLO,2019-10-25,72662.0,552078.0,Friday,104.5,107.9000015258789,103.4000015258789,106.9800033569336,2699300.0
TWLO,2019-10-28,76752.0,306111.0,Monday,107.66999816894533,107.98600006103516,105.48999786376952,106.4000015258789,2136400.0
TWLO,2019-10-29,107657.0,833138.0,Tuesday,106.12000274658205,107.54000091552734,105.0999984741211,105.0999984741211,2739000.0
TWLO,2019-10-30,220161.0,2778442.0,Wednesday,107.01000213623048,109.66000366210938,105.5999984741211,107.6999969482422,7105300.0
TWLO,2019-10-31,1179262.0,765160.0,Thursday,98.58000183105467,99.78500366210938,92.88999938964844,96.55999755859376,15358900.0
TWLO,2019-11-01,223794.0,689885.0,Friday,95.63999938964844,98.87000274658205,95.51000213623048,97.05999755859376,4929000.0
TWLO,2019-11-04,254392.0,1167919.0,Monday,96.45999908447266,96.75,91.63999938964844,92.01000213623048,8381200.0
TWLO,2019-11-05,154808.0,1272502.0,Tuesday,92.0,93.45999908447266,89.80999755859375,91.33000183105467,5190400.0
TWLO,2019-11-06,91167.0,649943.0,Wednesday,91.5,93.4800033569336,90.1500015258789,92.2699966430664,3476800.0
TWLO,2019-11-07,118865.0,330394.0,Thursday,92.0999984741211,92.9499969482422,90.61000061035156,91.05999755859376,2952600.0
TWLO,2019-11-08,82650.0,1275123.0,Friday,90.75,93.91999816894533,90.5540008544922,93.2300033569336,2919300.0
TWLO,2019-11-11,143154.0,630760.0,Monday,94.0,97.37000274658205,93.5,96.16999816894533,4349400.0
TWLO,2019-11-12,102189.0,962235.0,Tuesday,96.5,100.12000274658205,91.37000274658205,95.08999633789062,13297000.0
TWLO,2019-11-13,187603.0,1121200.0,Wednesday,94.93000030517578,98.36000061035156,94.43000030517578,98.33999633789062,3755000.0
TWLO,2019-11-14,55959.0,390300.0,Thursday,98.05999755859376,99.30999755859376,96.8499984741211,98.11000061035156,2665500.0
TWLO,2019-11-15,103022.0,474928.0,Friday,99.25,99.58000183105467,97.55999755859376,99.54000091552734,2846600.0
TWLO,2019-11-18,153621.0,1916865.0,Monday,99.51000213623048,102.62999725341795,98.5999984741211,101.66000366210938,3990700.0
TWLO,2019-11-19,90307.0,776084.0,Tuesday,102.0,103.58000183105467,100.62000274658205,103.0,2533500.0
TWLO,2019-11-20,102479.0,918092.0,Wednesday,103.2699966430664,105.58999633789062,102.54000091552734,103.73999786376952,3742900.0
TWLO,2019-11-21,67915.0,539476.0,Thursday,104.06999969482422,105.3499984741211,102.9000015258789,103.52999877929688,1734100.0
TWLO,2019-11-22,137920.0,340542.0,Friday,103.8000030517578,104.5,102.77999877929688,104.29000091552734,1964100.0
TWLO,2019-11-25,80114.0,1098782.0,Monday,105.0,105.2979965209961,103.16000366210938,103.36000061035156,2331300.0
TWLO,2019-11-26,176503.0,2109416.0,Tuesday,103.0,103.54000091552734,101.7699966430664,102.58999633789062,3177100.0
TWLO,2019-11-27,63841.0,384659.0,Wednesday,102.8499984741211,103.4000015258789,101.55599975585938,103.0,1814900.0
TWLO,2019-11-29,48834.0,72350.0,Friday,102.1999969482422,103.5999984741211,101.80999755859376,103.27999877929688,1132200.0
TWLO,2019-12-02,117121.0,727579.0,Monday,102.66000366210938,102.76000213623048,95.66999816894533,97.6500015258789,5268200.0
TWLO,2019-12-03,248808.0,618795.0,Tuesday,95.6500015258789,99.55999755859376,94.87799835205078,99.27999877929688,2659500.0
TWLO,2019-12-04,58068.0,1365043.0,Wednesday,99.2699966430664,100.6500015258789,97.875,98.93000030517578,2363900.0
TWLO,2019-12-05,96334.0,642799.0,Thursday,98.5,99.4499969482422,97.4000015258789,97.54000091552734,1610000.0
TWLO,2019-12-06,50819.0,427938.0,Friday,97.81999969482422,99.35800170898438,96.26000213623048,98.54000091552734,1925600.0
TWLO,2019-12-09,101853.0,1369468.0,Monday,98.66000366210938,100.5500030517578,98.5500030517578,98.98999786376952,2051300.0
TWLO,2019-12-10,57163.0,256181.0,Tuesday,99.4499969482422,99.62000274658205,96.75,97.36000061035156,1573400.0
TWLO,2019-12-11,50002.0,1009523.0,Wednesday,97.54000091552734,97.73999786376952,95.05999755859376,96.2300033569336,2436500.0
TWLO,2019-12-12,62689.0,662809.0,Thursday,96.1999969482422,97.37999725341795,95.33000183105467,96.86000061035156,2720100.0
TWLO,2019-12-13,72659.0,631828.0,Friday,97.01000213623048,99.31999969482422,96.94000244140624,97.9800033569336,3008500.0
TWLO,2019-12-16,63520.0,987335.0,Monday,98.23999786376952,100.1999969482422,97.34500122070312,98.8499984741211,2484000.0
TWLO,2019-12-17,67487.0,661323.0,Tuesday,99.1500015258789,99.31999969482422,97.0,97.58999633789062,2177100.0
TWLO,2019-12-18,57108.0,1738544.0,Wednesday,97.76000213623048,99.94000244140624,97.54000091552734,98.43000030517578,2226500.0
TWLO,2019-12-19,32493.0,913451.0,Thursday,98.20999908447266,99.91999816894533,97.70999908447266,99.87999725341795,1782900.0
TWLO,2019-12-20,103617.0,2626464.0,Friday,100.13999938964844,101.37000274658205,99.56999969482422,100.26000213623048,2501800.0
TWLO,2019-12-23,81315.0,277419.0,Monday,100.5500030517578,101.5999984741211,100.1999969482422,100.38999938964844,1409800.0
TWLO,2019-12-24,149741.0,74171.0,Tuesday,99.91999816894533,100.7300033569336,99.05999755859376,100.5500030517578,948100.0
TWLO,2019-12-26,43925.0,282156.0,Thursday,100.88999938964844,103.58000183105467,100.4000015258789,102.61000061035156,2030000.0
TWLO,2019-12-27,52522.0,354391.0,Friday,103.33999633789062,103.33999633789062,100.0500030517578,100.43000030517578,1928500.0
TWLO,2019-12-30,132852.0,307253.0,Monday,99.5999984741211,100.16999816894533,96.6999969482422,97.79000091552734,2317900.0
TWLO,2019-12-31,109525.0,404170.0,Tuesday,96.80999755859376,98.73999786376952,96.68000030517578,98.27999877929688,2018900.0
TWLO,2020-01-02,106829.0,793261.0,Thursday,100.01000213623048,103.1500015258789,99.66000366210938,103.1500015258789,2876700.0
TWLO,2020-01-03,120993.0,547250.0,Friday,101.0999984741211,104.5500030517578,100.76000213623048,103.5199966430664,2502800.0
TWLO,2020-01-06,127736.0,951085.0,Monday,102.73999786376952,107.73999786376952,101.7699966430664,107.45999908447266,3938700.0
TWLO,2020-01-07,82189.0,488619.0,Tuesday,107.62999725341795,109.94000244140624,107.37000274658205,108.05999755859376,2643800.0
TWLO,2020-01-08,110703.0,430443.0,Wednesday,108.8000030517578,110.81999969482422,108.1999969482422,109.38999938964844,3035000.0
TWLO,2020-01-09,228087.0,978450.0,Thursday,111.33000183105467,113.1500015258789,110.36000061035156,113.0199966430664,3788900.0
TWLO,2020-01-10,210383.0,686270.0,Friday,115.0,116.48999786376952,114.0500030517578,115.73999786376952,4633300.0
TWLO,2020-01-13,111456.0,974006.0,Monday,117.29000091552734,120.4499969482422,116.8499984741211,120.33999633789062,3827600.0
TWLO,2020-01-14,129382.0,706246.0,Tuesday,120.06999969482422,120.86699676513672,117.20999908447266,119.0199966430664,3139800.0
TWLO,2020-01-15,84215.0,727405.0,Wednesday,119.43000030517578,123.77999877929688,119.22000122070312,119.87999725341795,4913600.0
TWLO,2020-01-16,140257.0,528559.0,Thursday,121.23999786376952,121.5999984741211,118.3000030517578,119.58000183105467,3203600.0
TWLO,2020-01-17,142276.0,578484.0,Friday,119.22000122070312,120.4800033569336,118.0500030517578,119.36000061035156,2592200.0
TWLO,2020-01-21,91995.0,793297.0,Tuesday,118.9000015258789,120.52999877929688,117.2300033569336,119.08000183105467,2319400.0
TWLO,2020-01-22,62040.0,714606.0,Wednesday,119.8499984741211,120.9000015258789,118.91999816894533,119.12000274658205,2293900.0
TWLO,2020-01-23,75081.0,3077161.0,Thursday,120.0,121.83000183105467,118.83000183105467,120.8000030517578,3423700.0
TWLO,2020-01-24,83065.0,416508.0,Friday,122.01000213623048,123.37000274658205,119.5500030517578,121.37999725341795,2930500.0
TWLO,2020-01-27,205042.0,652943.0,Monday,116.91999816894533,121.11000061035156,115.0199966430664,120.5500030517578,2174300.0
TWLO,2020-01-28,84621.0,587653.0,Tuesday,122.43000030517578,125.7770004272461,121.12000274658205,122.76000213623048,3785000.0
TWLO,2020-01-29,98853.0,350258.0,Wednesday,123.9000015258789,125.19000244140624,121.66000366210938,123.8000030517578,2522400.0
TWLO,2020-01-30,80168.0,276978.0,Thursday,122.5,125.58999633789062,122.01000213623048,124.80999755859376,1927500.0
TWLO,2020-01-31,167151.0,562886.0,Friday,126.52999877929688,127.5,122.95999908447266,124.33999633789062,3029100.0
TWLO,2020-02-03,87806.0,615714.0,Monday,124.30999755859376,128.17999267578125,123.37999725341795,128.17999267578125,3329200.0
TWLO,2020-02-04,209932.0,513315.0,Tuesday,130.38999938964844,132.02000427246094,128.60000610351562,131.89999389648438,3345100.0
TWLO,2020-02-05,169543.0,1698817.0,Wednesday,133.0,133.0,126.4000015258789,127.1500015258789,6738800.0
TWLO,2020-02-06,191582.0,872915.0,Thursday,120.5999984741211,125.66000366210938,116.37999725341795,117.87000274658205,13789500.0
TWLO,2020-02-07,349867.0,420879.0,Friday,119.77999877929688,122.87999725341795,117.91999816894533,122.20999908447266,5547700.0
TWLO,2020-02-10,95589.0,1190581.0,Monday,122.3000030517578,126.77999877929688,121.58999633789062,125.70999908447266,3274500.0
TWLO,2020-02-11,166426.0,384719.0,Tuesday,126.43000030517578,127.16999816894533,124.45999908447266,125.41000366210938,2200300.0
TWLO,2020-02-12,88501.0,240726.0,Wednesday,125.55999755859376,126.18000030517578,122.4499969482422,125.91999816894533,2165300.0
TWLO,2020-02-13,57614.0,1077242.0,Thursday,125.62999725341795,130.52999877929688,125.0,128.6699981689453,3602200.0
TWLO,2020-02-14,113825.0,221855.0,Friday,128.8699951171875,129.7259979248047,127.51000213623048,127.73999786376952,2109200.0
TWLO,2020-02-18,119431.0,2845537.0,Tuesday,127.5,129.1300048828125,126.0199966430664,128.13999938964844,3168400.0
TWLO,2020-02-19,108027.0,327394.0,Wednesday,128.75999450683594,129.64999389648438,127.91999816894533,128.05999755859375,1983300.0
TWLO,2020-02-20,146032.0,416969.0,Thursday,128.0,128.55999755859375,123.0999984741211,126.70999908447266,2699400.0
TWLO,2020-02-21,71159.0,357572.0,Friday,125.37999725341795,125.73999786376952,120.9000015258789,123.2699966430664,2566800.0
TWLO,2020-02-24,90774.0,1612723.0,Monday,115.0,118.60199737548828,113.02999877929688,117.94000244140624,4120200.0
TWLO,2020-02-25,148949.0,988505.0,Tuesday,119.0,120.125,111.66500091552734,112.30999755859376,4468600.0
TWLO,2020-02-26,99066.0,588566.0,Wednesday,113.11000061035156,115.83999633789062,111.12000274658205,112.95999908447266,2605300.0
TWLO,2020-02-27,47420.0,533301.0,Thursday,107.5199966430664,114.9000015258789,105.2699966430664,110.91000366210938,3419900.0
TWLO,2020-02-28,27915.0,1304021.0,Friday,105.97000122070312,112.6500015258789,105.7300033569336,112.63999938964844,3814000.0
V,2019-01-02,309374.0,1981021.0,Wednesday,124.4789161346314,128.06008405868238,124.09590992928644,127.27490234375,8788000.0
V,2019-01-03,232917.0,1629931.0,Thursday,125.63753376307582,125.70455327404,122.44894939747245,122.68833923339844,9428300.0
V,2019-01-04,225930.0,4617385.0,Friday,124.9001915375787,128.8739344297066,124.60335963233604,127.9738540649414,11065800.0
V,2019-01-07,208614.0,8191286.0,Monday,128.73991590885143,131.34439888671344,128.3473250707676,130.2815399169922,12928000.0
V,2019-01-08,266547.0,2533952.0,Tuesday,132.1104206974325,132.32107847494854,130.18579057821657,130.9901123046875,9243000.0
V,2019-01-09,273249.0,2258016.0,Wednesday,132.4263941442174,133.55627246469595,131.77526618487164,132.53172302246094,9987600.0
V,2019-01-10,200977.0,9591062.0,Thursday,130.99970912074244,132.92435424409285,130.56882343711612,132.7807159423828,12514900.0
V,2019-01-11,159728.0,1505585.0,Friday,131.8997470407498,132.7136533205088,131.57419037314503,132.1965789794922,5860100.0
V,2019-01-14,9081.0,5379066.0,Monday,131.1720453787969,132.26362903946202,130.84647406117833,131.27737426757812,8666700.0
V,2019-01-15,153952.0,2368864.0,Tuesday,131.14330493593604,131.8710224189517,129.50592233571692,131.5071563720703,7594900.0
V,2019-01-16,222801.0,2489826.0,Wednesday,132.52213575468983,132.97217598822826,131.24863381209923,131.5071563720703,7258000.0
V,2019-01-17,123555.0,1331767.0,Thursday,131.15290554066766,132.05298621750944,130.7890394089868,131.44973754882812,5864900.0
V,2019-01-18,15571.0,3605003.0,Friday,132.43597162582842,132.71366350714197,130.83689828318063,132.61790466308594,10263500.0
V,2019-01-22,248330.0,2883219.0,Tuesday,132.04338870288018,133.59459732685116,131.16246280581908,132.18702697753906,8102300.0
V,2019-01-23,11245.0,1489014.0,Wednesday,132.87640857511695,133.0774816422292,130.3676706744841,131.19114685058594,5465800.0
V,2019-01-24,163967.0,1071296.0,Thursday,131.28695891375105,132.44557681924064,130.7220196341427,131.85189819335938,4924800.0
V,2019-01-25,194485.0,7482833.0,Friday,133.09670267324262,133.95847404049522,131.85191044551516,132.7807159423828,9756300.0
V,2019-01-28,226827.0,5638680.0,Monday,131.66994311562905,131.66994311562905,129.08461507556615,130.21450805664062,9857200.0
V,2019-01-29,151180.0,1814252.0,Tuesday,130.78902504770085,130.88478389628645,128.41435463241714,129.2665557861328,7457700.0
V,2019-01-30,175963.0,1918589.0,Wednesday,130.31985412359438,132.04339663707174,129.7549002531879,131.7561492919922,8078100.0
V,2019-01-31,728430.0,6146784.0,Thursday,128.68244391978942,129.96553049160627,127.63873982528528,129.27610778808594,20095700.0
V,2019-02-01,275460.0,2261921.0,Friday,129.63996295669813,134.38931733700312,129.5154794034964,134.1977996826172,13248300.0
V,2019-02-04,147510.0,10829543.0,Monday,133.8531412092735,135.5096789871428,133.26904719856702,135.4905242919922,11882700.0
V,2019-02-05,223903.0,2009616.0,Tuesday,135.96924068762078,136.878891136269,135.8064623640308,136.4767303466797,8455700.0
V,2019-02-06,161611.0,2434673.0,Wednesday,135.93096678769317,136.3714224107256,135.05961097112018,135.48092651367188,6146900.0
V,2019-02-07,196985.0,6799840.0,Thursday,133.9776279407034,135.06921181775957,133.29778965986895,134.21701049804688,10675300.0
V,2019-02-08,124084.0,2765359.0,Friday,132.79984740960293,134.4372156431354,132.6370690514052,134.41807556152344,5950700.0
V,2019-02-11,180206.0,5472791.0,Monday,135.2607224716446,136.24697749394582,134.48512528039342,134.8202667236328,7600100.0
V,2019-02-12,23208.0,2279191.0,Tuesday,135.76816859588283,136.73528322058092,135.25110883860944,135.95968627929688,6090000.0
V,2019-02-13,201329.0,1519799.0,Wednesday,136.82148739787831,138.5546146930784,136.80233270318934,137.39601135253906,6885600.0
V,2019-02-14,183485.0,2286556.0,Thursday,137.14659580119056,137.6261964442852,136.5902572988508,137.3192596435547,6314000.0
V,2019-02-15,510644.0,2949713.0,Friday,138.6525354955131,138.9978485107422,137.95232272216614,138.9978485107422,6536000.0
V,2019-02-19,206624.0,6344128.0,Tuesday,138.52782420852253,138.9690631643546,138.14414961442756,138.54701232910156,8406700.0
V,2019-02-20,126494.0,1488901.0,Wednesday,138.4607240023178,138.93072330773504,137.66458510663483,138.82521057128906,5283100.0
V,2019-02-21,128724.0,5857201.0,Thursday,138.46071104473475,139.11296089172376,137.33843266381237,138.12498474121094,8573400.0
V,2019-02-22,104302.0,6849391.0,Friday,138.52784698549812,140.3119619502573,138.52784698549812,139.91868591308594,9680800.0
V,2019-02-25,245565.0,7404235.0,Monday,140.91626383374677,141.1944257655421,139.86113656917834,140.10093688964844,9731200.0
V,2019-02-26,205593.0,3145395.0,Tuesday,139.27605782273994,141.38629824018605,139.1034085744847,141.04098510742188,7332500.0
V,2019-02-27,172230.0,7949819.0,Wednesday,140.5229969082348,141.47261150792784,139.96665837231623,141.213623046875,9731200.0
V,2019-02-28,149176.0,2825110.0,Thursday,141.25200569148203,142.74837230549488,141.22323081777537,142.07691955566406,6250200.0
V,2019-03-01,371405.0,1389220.0,Friday,143.36225468524654,143.81306589991084,142.32631536630478,143.37184143066406,7016800.0
V,2019-03-04,225460.0,2121354.0,Monday,143.94734673361245,144.06244620650588,140.9546287121302,141.92343139648438,6979700.0
V,2019-03-05,132308.0,7784896.0,Tuesday,141.96179661183712,143.19915988559808,141.79873414234928,141.91383361816406,9678600.0
V,2019-03-06,144831.0,6599853.0,Wednesday,141.96183743861283,142.46062637100798,141.40549875175955,141.7795867919922,8186400.0
V,2019-03-07,153425.0,6828123.0,Thursday,141.2519728334501,141.77953645577256,140.081746120753,140.8395233154297,8761700.0
V,2019-03-08,274549.0,1240379.0,Friday,139.50619468641284,141.46295827110046,138.6045434116932,141.33827209472656,5168100.0
V,2019-03-11,153862.0,6120773.0,Monday,142.06728968790765,144.81060569320115,141.9809650929899,144.52284240722656,9361500.0
V,2019-03-12,215529.0,2796075.0,Tuesday,144.8393837673552,146.89207378629027,144.7146829255452,145.5395965576172,9465100.0
V,2019-03-13,140766.0,1976182.0,Wednesday,146.08638818850346,147.75538939487066,145.8369864367452,146.24945068359375,8308900.0
V,2019-03-14,136206.0,3518265.0,Thursday,146.3357543788703,148.37885792072328,146.08636729902594,147.90884399414062,9364900.0
V,2019-03-15,56742.0,17554236.0,Friday,147.44840112115614,150.4219305239626,147.10308812364474,149.11741638183594,20162000.0
V,2019-03-18,222245.0,8700782.0,Monday,149.55870370836558,150.02871773625307,148.1199013853982,148.63787841796875,9689400.0
V,2019-03-19,129188.0,8130991.0,Tuesday,149.58744284674924,149.58744284674924,147.85129080027784,148.28292846679688,9236100.0
V,2019-03-20,161752.0,3084377.0,Wednesday,148.04311331950612,148.55148879705163,146.47962527787993,147.47718811035156,6391400.0
V,2019-03-21,121491.0,1750432.0,Thursday,147.06475775232312,150.2876602319321,147.0551563716391,149.44357299804688,7027100.0
V,2019-03-22,153308.0,3356843.0,Friday,148.66663137620253,149.32846805274218,146.6139409501725,146.82496643066406,8119800.0
V,2019-03-25,262872.0,1981646.0,Monday,146.14392738793256,147.7745668574019,145.3573752064668,146.78659057617188,7568000.0
V,2019-03-26,156191.0,17459135.0,Tuesday,147.49639709046562,149.25173733401053,147.49639709046562,148.96397399902344,15594400.0
V,2019-03-27,142021.0,10662989.0,Wednesday,149.1270412883954,149.5011292450809,147.10312576985265,147.92803955078125,12253800.0
V,2019-03-28,138839.0,14769069.0,Thursday,148.60908255751258,148.75297156541478,147.3429441782434,148.3596954345703,16902200.0
V,2019-03-29,160579.0,6042795.0,Friday,149.37643363458034,149.91358409012366,148.60906956826753,149.8176727294922,12164400.0
V,2019-04-01,229948.0,2198035.0,Monday,151.10299787986455,151.29483523579927,150.16298459040803,150.84400939941406,6420100.0
V,2019-04-02,114162.0,3894636.0,Tuesday,151.22768921723218,151.69768851421526,150.3548124710477,151.34278869628906,6215100.0
V,2019-04-03,156736.0,6005302.0,Wednesday,152.08138076329678,152.6185311908954,151.4099427287985,151.99505615234375,8209300.0
V,2019-04-04,132353.0,1065848.0,Thursday,152.06218468645582,152.2156604109593,150.1437820389146,151.20849609375,5100200.0
V,2019-04-05,117954.0,802977.0,Friday,151.55380492172188,152.1581064224149,150.81521582490265,151.21807861328125,4178300.0
V,2019-04-08,120150.0,3287410.0,Monday,151.12212756200563,151.4098908027454,149.9423143748436,151.31396484375,5604700.0
V,2019-04-09,121661.0,5588209.0,Tuesday,150.17258647168305,151.54425224556047,150.08626184824942,151.0646514892578,6364100.0
V,2019-04-10,103569.0,1050112.0,Wednesday,151.54423570871862,152.3019983810365,151.09340987608897,152.09097290039062,3918600.0
V,2019-04-11,182328.0,4107913.0,Thursday,152.6185422092439,152.8007928252478,151.01667755548965,151.41954040527344,5771400.0
V,2019-04-12,111541.0,4081017.0,Friday,152.23485709278387,153.1269073486328,151.41953006724862,153.1269073486328,6745100.0
V,2019-04-15,109134.0,7766789.0,Monday,153.30914322217524,153.93261820326794,152.69525498488778,153.89425659179688,8142800.0
V,2019-04-16,150762.0,3202765.0,Tuesday,154.46980672629908,154.5273711120958,153.04060582513517,153.69285583496094,6021400.0
V,2019-04-17,152310.0,953707.0,Wednesday,154.30670611917355,154.4985580852791,153.7695557410783,153.89425659179688,4609100.0
V,2019-04-18,423702.0,5593554.0,Thursday,154.36427645461654,154.5273535748191,152.513024751897,153.62570190429688,7859400.0
V,2019-04-22,119275.0,2066192.0,Monday,152.70487240824775,153.93264912949223,152.58018616872886,153.8559112548828,4602600.0
V,2019-04-23,144542.0,1313329.0,Tuesday,154.43142247665074,155.27552437627267,153.34752023156815,155.0644989013672,6522900.0
V,2019-04-24,152316.0,1854413.0,Wednesday,155.15081529968273,155.41939050148073,154.09568798101148,154.90142822265625,7376500.0
V,2019-04-25,490052.0,1267699.0,Thursday,153.97099140773136,155.00693053197534,152.08136374169135,154.45059204101562,8862500.0
V,2019-04-26,116584.0,4922511.0,Friday,154.6807894654361,156.37857978881263,153.8558757988026,156.28265380859375,7525400.0
V,2019-04-29,131790.0,7626598.0,Monday,156.551243970084,157.7886071546294,156.44573124611114,157.452880859375,10003600.0
V,2019-04-30,167022.0,1964327.0,Tuesday,158.24902971784456,158.93965583932965,157.23227866017228,157.72146606445312,6432700.0
V,2019-05-01,137152.0,1410591.0,Wednesday,158.78621112832474,158.97806313884772,156.11004536206937,156.14840698242188,5248100.0
V,2019-05-02,190076.0,1599157.0,Thursday,155.48653660126408,156.42654977721534,153.8846575501911,154.5465087890625,6054900.0
V,2019-05-03,173106.0,1187796.0,Friday,155.67843317219882,156.10048424664163,154.60411735463822,155.4290313720703,4317500.0
V,2019-05-06,61175.0,8966931.0,Monday,151.75523816047897,156.01407947097923,151.7456367806554,155.6591796875,10442400.0
V,2019-05-07,21683.0,1996289.0,Tuesday,154.38342927724185,155.17956802476738,152.20603846828638,153.6736297607422,6413600.0
V,2019-05-08,126727.0,1556856.0,Wednesday,153.25163276132602,155.10288469142225,153.0118323784895,154.20123291015625,5445900.0
V,2019-05-09,205179.0,1557916.0,Thursday,152.37873959704032,153.3283542808052,150.75768684022304,153.28997802734375,6813700.0
V,2019-05-10,84987.0,1042616.0,Friday,152.37873088069162,154.8150959310464,150.85360420851575,154.15325927734375,5192500.0
V,2019-05-13,229249.0,6189342.0,Monday,150.77689096001268,152.24446813115617,150.03830168318598,150.9111785888672,9730000.0
V,2019-05-14,179470.0,7524225.0,Tuesday,151.64971465555644,154.9301809833281,151.49623895178672,153.6736297607422,9756700.0
V,2019-05-15,110103.0,4808126.0,Wednesday,152.81999121639944,156.5033214928866,152.60896571382696,156.14840698242188,7547000.0
V,2019-05-16,151312.0,6592336.0,Thursday,157.02262048424643,159.0880844055034,156.45582468870396,158.38677978515625,9745500.0
V,2019-05-17,308165.0,1207360.0,Friday,156.8688916226585,158.70378763459777,156.7824342379107,157.63743591308594,4582500.0
V,2019-05-20,170671.0,1359258.0,Monday,156.9265478254083,158.26188787772963,155.94665346811624,157.0418243408203,4747400.0
V,2019-05-21,116247.0,7240520.0,Tuesday,158.10817706173407,158.3771653718666,156.77283700116075,157.41648864746094,9095700.0
V,2019-05-22,97737.0,2150628.0,Wednesday,157.16669224160742,159.1168645001263,157.02258196128528,157.78152465820312,5416400.0
V,2019-05-23,179187.0,1864281.0,Thursday,157.07064169582583,157.79114922654065,154.4960351556113,155.1588897705078,6138000.0
V,2019-05-24,140223.0,1080167.0,Friday,156.35012081594743,156.98417090694448,155.36062506428323,156.24444580078125,4105600.0
V,2019-05-28,187872.0,9328963.0,Tuesday,156.9745930212442,159.2514071468355,156.90735326361911,157.2724151611328,10202300.0
V,2019-05-29,175034.0,3267017.0,Wednesday,156.87849480862474,157.07062720066523,155.13005632590398,156.33090209960938,6456000.0
V,2019-05-30,97437.0,794074.0,Thursday,156.3981764895154,157.07064727699137,155.5719939052553,156.3597412109375,4750600.0
V,2019-05-31,188337.0,1951103.0,Friday,154.58252514717472,155.75455215038664,154.24628236507905,154.9860076904297,5079000.0
V,2019-06-03,153465.0,2171484.0,Monday,155.1877041469208,156.42698527070874,150.5860693081881,152.3633270263672,8034600.0
V,2019-06-04,28122.0,1852801.0,Tuesday,153.98685146913462,155.98506063021676,152.41134237311476,155.94664001464844,6684800.0
V,2019-06-05,160526.0,5306113.0,Wednesday,157.07061343948828,158.8958929921004,156.29246779170353,158.88629150390625,7769300.0
V,2019-06-06,158728.0,14672281.0,Thursday,159.35699740759188,160.8172149032593,158.4539592944442,160.35609436035156,13738500.0
V,2019-06-07,163002.0,5839540.0,Friday,161.3936775583282,164.86172085887847,161.20154515965407,163.36306762695312,10528800.0
V,2019-06-10,193245.0,3295756.0,Monday,165.08272417657008,165.2556536507644,163.80502206932255,164.10284423828125,7565900.0
V,2019-06-11,12503.0,1318243.0,Tuesday,165.18836327847325,165.40931482524562,161.79717554322377,163.61285400390625,6082900.0
V,2019-06-12,170771.0,5051436.0,Wednesday,163.68011857282605,164.87134842829673,163.02685072348254,164.842529296875,6772000.0
V,2019-06-13,124016.0,1920871.0,Thursday,165.37086344401322,165.4285016925572,162.08535134815668,162.69058227539062,6901400.0
V,2019-06-14,163040.0,1797429.0,Friday,163.09409360643238,163.9298776761082,162.20065661922402,162.98841857910156,4999900.0
V,2019-06-17,117815.0,5148107.0,Monday,163.05564725938848,163.71851650776023,162.3831765214616,162.892333984375,6410200.0
V,2019-06-18,147473.0,1407155.0,Tuesday,163.93948983297116,163.95870747339907,160.96140055229043,162.6233673095703,6969300.0
V,2019-06-19,139947.0,2043425.0,Wednesday,162.7289923693438,164.46781449557452,162.55607763488908,163.97787475585938,6323900.0
V,2019-06-20,165608.0,6977077.0,Thursday,165.7263465049324,167.10012192673852,164.99623742724214,166.90798950195312,11474100.0
V,2019-06-21,1526625.0,8976678.0,Friday,166.45642247063634,167.9358578415467,166.35074746851703,166.61973571777344,11728200.0
V,2019-06-24,168066.0,2436439.0,Monday,167.73417949368636,167.85905751296508,165.9281023720411,167.013671875,5554900.0
V,2019-06-25,164403.0,7721188.0,Tuesday,167.93591149108022,168.06080416769095,163.88185416375424,164.5447235107422,9899900.0
V,2019-06-26,170636.0,5979915.0,Wednesday,164.6503991322012,165.61107594950997,164.10282096889293,164.3333740234375,7129900.0
V,2019-06-27,101364.0,4465702.0,Thursday,165.3516599555264,165.62064824425337,163.62245371621398,164.4966583251953,5873400.0
V,2019-06-28,135121.0,7616645.0,Friday,165.19797613326708,166.72544860839844,163.814599303426,166.72544860839844,8442700.0
V,2019-07-01,310182.0,1611784.0,Monday,168.4354376038887,168.63717149004495,165.94728861621323,167.10009765625,6103200.0
V,2019-07-02,127827.0,1886018.0,Tuesday,167.25381396211958,168.4258406711808,166.4852696950489,168.3874053955078,5238100.0
V,2019-07-03,127803.0,142.0,Wednesday,169.07907205302712,170.03014711047928,168.81008379291634,169.91485595703125,4066600.0
V,2019-07-05,1647683.0,1713829.0,Friday,168.94462091925234,170.06861100479003,167.6477013889126,169.71316528320312,5840400.0
V,2019-07-08,134401.0,6854204.0,Monday,169.3673022187924,169.6651096452507,168.5026844084562,169.26162719726562,6720300.0
V,2019-07-09,101732.0,1225311.0,Tuesday,168.53149910409812,170.89477013301732,168.40662110649632,170.74105834960938,4894300.0
V,2019-07-10,192745.0,2142013.0,Wednesday,171.5576517438192,173.1715816096981,171.5576517438192,172.25894165039062,5110600.0
V,2019-07-11,230352.0,5237865.0,Thursday,173.03706098184395,173.82482281402744,172.40302557939822,173.6326904296875,6986600.0
V,2019-07-12,209194.0,4675280.0,Friday,174.21870955691347,174.21870955691347,171.8842577657608,173.2388153076172,7196700.0
V,2019-07-15,148841.0,1783944.0,Monday,173.4597594630262,173.94971389626323,172.86414467929924,173.46937561035156,4490400.0
V,2019-07-16,162142.0,4179262.0,Tuesday,173.27725663606614,173.767211148665,171.70174738942856,172.25894165039062,6800200.0
V,2019-07-17,150016.0,1188895.0,Wednesday,172.49912086742847,173.1235695718447,171.97074570484992,172.10523986816406,3994200.0
V,2019-07-18,122286.0,1267551.0,Thursday,171.60567421296795,173.51741135965378,171.5576374488463,173.4309539794922,4736300.0
V,2019-07-19,384475.0,1846260.0,Friday,174.68944677986636,174.68944677986636,172.09562263394344,172.1916961669922,5327100.0
V,2019-07-22,144460.0,945089.0,Monday,172.57593877600002,173.86324186414066,172.09560049008832,173.46937561035156,4862100.0
V,2019-07-23,153188.0,1333021.0,Tuesday,173.77679072300552,174.14185252419432,172.01875077446812,173.78639221191406,7193000.0
V,2019-07-24,200884.0,1285705.0,Wednesday,173.680722742639,176.21690847781176,172.20128717160583,176.120849609375,8169300.0
V,2019-07-25,231908.0,1217213.0,Thursday,176.63963695578337,176.75492813871895,174.170705224277,174.4492950439453,6085800.0
V,2019-07-26,206047.0,1758831.0,Friday,175.2370100143643,176.59156744486052,175.04487763939392,176.4666748046875,5056300.0
V,2019-07-29,140732.0,1802043.0,Monday,176.65882252139025,176.83175193501387,175.5444341275194,176.0055694580078,4621800.0
V,2019-07-30,219760.0,1680219.0,Tuesday,175.36189488118086,176.16887434175865,174.14184618989665,174.39161682128906,5236600.0
V,2019-07-31,129449.0,2659111.0,Wednesday,174.64141611676152,174.89120144791264,169.1367425639915,171.00045776367188,7981200.0
V,2019-08-01,199526.0,1513403.0,Thursday,172.1436378019668,175.2274013984937,171.16374359111433,172.12442016601562,8417300.0
V,2019-08-02,177859.0,2360257.0,Friday,171.00046209826672,171.25984892612811,167.82062439004386,170.44326782226562,8264600.0
V,2019-08-05,105540.0,7267521.0,Monday,165.24603618399,166.6774501105101,160.41383231890538,162.21990966796875,16858300.0
V,2019-08-06,412712.0,2905659.0,Tuesday,165.0346557083548,166.1490442785772,163.4399434123625,165.69752502441406,10281300.0
V,2019-08-07,230925.0,3195607.0,Wednesday,164.75600555868297,168.8196626992056,163.64161739656876,168.42579650878906,8292800.0
V,2019-08-08,180460.0,2360120.0,Thursday,170.48169057747444,172.87376613600918,169.62668891614334,172.8257293701172,7602800.0
V,2019-08-09,127559.0,1416783.0,Friday,172.6047547876338,173.0178533286237,170.85633108100282,172.00914001464844,5373700.0
V,2019-08-12,111988.0,5093868.0,Monday,170.46249682259284,171.62490756272305,168.69485499670392,169.40574645996094,7394400.0
V,2019-08-13,223543.0,1265353.0,Tuesday,167.53239968070608,171.88426371363482,167.3594849206618,171.58645629882812,6667700.0
V,2019-08-14,215775.0,2232400.0,Wednesday,169.30968520665408,170.279963501496,166.3507988914127,166.68702697753906,7293500.0
V,2019-08-15,217851.0,3151611.0,Thursday,167.64906896027054,170.30437185315645,166.93715183790547,169.58282470703125,6698000.0
V,2019-08-16,25273.0,7302582.0,Friday,171.24717449563937,171.9687215791884,170.47752133720445,171.46844482421875,8312200.0
V,2019-08-19,17679.0,991876.0,Monday,173.57536875387035,173.57536875387035,171.36262137610984,172.92117309570312,5285000.0
V,2019-08-20,179420.0,2394386.0,Tuesday,172.6229040945245,173.77739108433852,171.71857748304097,172.44012451171875,3793600.0
V,2019-08-21,234058.0,1587031.0,Wednesday,173.83515260324577,174.79721553010646,173.4022272221415,174.07566833496094,3695900.0
V,2019-08-22,393656.0,7888025.0,Thursday,175.04734163305218,175.4129302324454,171.8340550718098,173.25790405273438,6659900.0
V,2019-08-23,191133.0,5426515.0,Friday,172.73837846921958,173.6523351921429,167.6298273561205,168.58226013183594,7051900.0
V,2019-08-26,229377.0,13707517.0,Monday,169.71752547138314,170.92971948174846,168.6977411115641,170.85275268554688,7754400.0
V,2019-08-27,188404.0,3016859.0,Tuesday,171.55508679444551,172.39207693413567,170.2274351136265,171.61280822753906,4022100.0
V,2019-08-28,255468.0,5630733.0,Wednesday,170.27546550503504,172.1995907123379,169.3518789463691,171.8917236328125,4401900.0
V,2019-08-29,241210.0,5748890.0,Thursday,173.55615867635032,174.50860632754387,172.50751353346777,174.2969512939453,4679200.0
V,2019-08-30,245685.0,3886206.0,Friday,175.0858168089431,175.26859641248024,172.8538240340496,173.960205078125,4061200.0
V,2019-09-03,351111.0,2420220.0,Tuesday,173.67158709311326,174.3738888523219,172.30545962893578,172.4016571044922,4644000.0
V,2019-09-04,204052.0,1831732.0,Wednesday,174.0371409553244,175.28782543290703,173.21939644761002,174.8741455078125,4154800.0
V,2019-09-05,271031.0,6096743.0,Thursday,176.7598151374389,178.63583488437777,176.4231019253763,177.7218780517578,6386800.0
V,2019-09-06,300846.0,5195789.0,Friday,177.7315100729189,179.62677520981427,177.5487157683581,178.69357299804688,7990900.0
V,2019-09-09,267346.0,2371889.0,Monday,179.82877869599923,179.95385155888016,172.69988975022886,174.66250610351562,7290500.0
V,2019-09-10,517085.0,6301032.0,Tuesday,172.60371554471698,172.88270733808326,167.2161572101199,169.65980529785156,15255200.0
V,2019-09-11,433005.0,3550190.0,Wednesday,170.66995687227546,171.17984904768184,167.8318741820155,168.34176635742188,9113600.0
V,2019-09-12,415883.0,3204430.0,Thursday,170.14079962993864,172.60367786933708,169.97723604755672,171.22792053222656,7748800.0
V,2019-09-13,335561.0,2599729.0,Friday,171.87254353101963,171.9880010696365,169.34232790502296,170.54490661621094,6103200.0
V,2019-09-16,267516.0,3468380.0,Monday,169.48661546686623,170.47753905687853,168.85165044416482,169.42889404296875,4253600.0
V,2019-09-17,245408.0,2687285.0,Tuesday,170.12158530568811,171.49732821390714,168.39948448444977,169.75599670410156,5924700.0
V,2019-09-18,206994.0,10668407.0,Wednesday,170.3717155467385,170.45829768461428,166.27333287488776,168.63999938964844,9542500.0
V,2019-09-19,334378.0,4343032.0,Thursday,169.51547737201983,170.67957992183312,168.94786379314644,169.2845916748047,6964500.0
V,2019-09-20,4296377.0,12213382.0,Friday,170.66992047978715,170.89120547469537,167.35080703519716,167.45663452148438,12820400.0
V,2019-09-23,364738.0,12294085.0,Monday,166.3406282013269,168.60148132645642,166.2348007214291,168.27438354492188,8803500.0
V,2019-09-24,223523.0,11441120.0,Tuesday,169.42885407474546,170.4774988412802,166.82165783106777,167.86068725585938,10039900.0
V,2019-09-25,246438.0,6938901.0,Wednesday,167.20653735052448,169.0055903017157,165.8500251189185,168.63038635253906,7797300.0
V,2019-09-26,324808.0,10619496.0,Thursday,168.986328125,169.75598131545226,167.9857892533516,168.986328125,10419000.0
V,2019-09-27,184490.0,12418541.0,Friday,169.99649238325227,170.12156524376454,165.82114338981867,167.39892578125,9212600.0
V,2019-09-30,325893.0,30046738.0,Monday,167.56247999568072,168.79391923381164,165.4844207763672,165.4844207763672,16464000.0
V,2019-10-01,405832.0,4710628.0,Tuesday,166.45610830473498,168.18782426551155,166.26369868240718,167.67791748046875,8146200.0
V,2019-10-02,362248.0,5307488.0,Wednesday,166.09055593945985,166.37917777580225,162.19419784862856,163.3871612548828,10596200.0
V,2019-10-03,259623.0,2942936.0,Thursday,163.46410031617668,166.5715591723206,162.23266105801704,166.31179809570312,7242800.0
V,2019-10-04,364782.0,3517063.0,Friday,168.05313309683865,169.82333991342853,167.8222474059157,169.30381774902344,6027600.0
V,2019-10-07,195406.0,4447524.0,Monday,168.03388484102896,169.02480830740882,167.20651028192503,168.2647705078125,5248300.0
V,2019-10-08,255863.0,3478787.0,Tuesday,166.98521074216623,168.0146100796017,165.35932261677223,165.8788299560547,5336500.0
V,2019-10-09,164223.0,9347569.0,Wednesday,167.50475197922944,169.31343471147522,167.05258129616797,168.24554443359375,6277300.0
V,2019-10-10,349075.0,1879812.0,Thursday,167.2930969922682,169.2268379041452,167.00447522096533,168.24554443359375,4762400.0
V,2019-10-11,365646.0,10860569.0,Friday,170.1600401946028,172.40164824668125,170.1408095084279,170.34283447265625,8754400.0
V,2019-10-14,181364.0,12035096.0,Monday,170.65071509417118,171.64163866726082,170.3909540111541,170.6314697265625,7240900.0
V,2019-10-15,243404.0,2480344.0,Tuesday,171.37227567659392,172.6229457508434,170.81427741150756,171.96875,4400200.0
V,2019-10-16,209199.0,5788141.0,Wednesday,171.17023743089445,171.49733530904928,169.58283944344294,171.12213134765625,6509000.0
V,2019-10-17,205308.0,6599774.0,Thursday,172.10342516868545,172.39204696389334,170.76615837480605,171.18946838378906,4887900.0
V,2019-10-18,1281007.0,4666290.0,Friday,171.1509726626506,171.4395944494506,167.92807096980656,169.0440673828125,6311900.0
V,2019-10-21,261868.0,3651661.0,Monday,169.32304491513784,170.02534661605804,167.98577827260686,169.73672485351562,4898200.0
V,2019-10-22,141239.0,12988435.0,Tuesday,170.28511680439556,171.0451399626092,164.3010849716785,164.3780517578125,10094700.0
V,2019-10-23,385039.0,6233996.0,Wednesday,164.50310470879614,165.63833163705905,163.72382159848172,164.82058715820312,7122300.0
V,2019-10-24,358003.0,2835015.0,Thursday,166.8409323368313,170.16004612694448,166.8216869700723,169.47698974609375,7872600.0
V,2019-10-25,461260.0,4833422.0,Friday,168.29363846311355,172.35354465122623,166.91789570624468,171.10287475585938,10130100.0
V,2019-10-28,348104.0,13553111.0,Monday,172.1418838607643,173.3444623195689,171.58390037420227,173.01736450195312,10086500.0
V,2019-10-29,286731.0,9550418.0,Tuesday,172.97891005520472,173.17131969666252,170.64108960574416,170.8912353515625,7572800.0
V,2019-10-30,236863.0,5453020.0,Wednesday,171.04516496279797,172.613332264667,169.69828270837493,172.4497833251953,5374800.0
V,2019-10-31,178424.0,6600773.0,Thursday,172.44974305926007,172.882668348531,171.25677999823796,172.0745391845703,6830800.0
V,2019-11-01,426606.0,5460911.0,Friday,173.2963710512198,174.44122809362068,172.74798822724782,174.06600952148438,7000200.0
V,2019-11-04,283937.0,6200966.0,Monday,175.1723785079619,175.48023093898837,172.02642936265335,172.16111755371094,7154800.0
V,2019-11-05,249370.0,5142996.0,Tuesday,172.27659749030917,172.74799888043012,168.5341590002783,169.67901611328125,7447500.0
V,2019-11-06,296748.0,9359279.0,Wednesday,169.6790392996513,171.43000093054872,169.45776892956408,170.06387329101562,6992500.0
V,2019-11-07,289032.0,7183767.0,Thursday,170.6218584162833,173.79665419079674,170.14082697409464,171.66087341308594,7227200.0
V,2019-11-08,204650.0,2049379.0,Friday,171.61279105457692,172.64219076154112,171.054792790649,172.18040466308594,3894100.0
V,2019-11-11,175875.0,1683245.0,Monday,171.7282056780137,173.51764303025843,171.4395839089588,172.72874450683594,3617300.0
V,2019-11-12,211549.0,9853534.0,Tuesday,173.11358271987507,174.19108835916853,172.09379849984185,172.92117309570312,6118700.0
V,2019-11-13,184792.0,2461517.0,Wednesday,172.5940687068634,174.01793228853455,171.15097443780965,172.60369873046875,6138300.0
V,2019-11-14,197938.0,15806878.0,Thursday,172.49770324452365,173.23973658803192,171.59184703118945,173.220458984375,9811000.0
V,2019-11-15,59638.0,9861530.0,Friday,173.49026557531056,174.11664792540793,172.57477802343692,173.23971557617188,7808800.0
V,2019-11-18,220025.0,12603339.0,Monday,173.046985618399,173.76974127869957,172.47840665687465,173.1337127685547,7173700.0
V,2019-11-19,277728.0,12090664.0,Tuesday,173.8371729476688,176.3330853754481,173.65407251317146,176.13072204589844,8549900.0
V,2019-11-20,234453.0,3699011.0,Wednesday,175.6874480469766,176.56439513298608,173.79865477426603,175.06106567382812,6040500.0
V,2019-11-21,200524.0,2730597.0,Thursday,174.58887918153334,175.20563017366717,172.8060904673903,173.35537719726562,5112200.0
V,2019-11-22,255522.0,11222733.0,Friday,173.5866511064088,173.91429682940355,171.87131208072756,172.95062255859375,6865600.0
V,2019-11-25,13456.0,4291431.0,Monday,173.84684724276377,174.76234964089184,173.56738815062718,174.39614868164062,5457800.0
V,2019-11-26,244485.0,8755604.0,Tuesday,174.86836065476422,176.2753170246163,174.62744205812476,175.91876220703125,7079000.0
V,2019-11-27,281463.0,17932998.0,Wednesday,176.35239361966262,177.83644554407644,175.63926935730643,177.67262268066406,11452700.0
V,2019-11-29,274415.0,597597.0,Friday,177.24856239910434,178.13515547227016,176.69927583247895,177.8074951171875,3139100.0
V,2019-12-02,351938.0,3568738.0,Monday,177.5473695385312,177.67263720638047,173.33610258250891,175.1863555908203,6883200.0
V,2019-12-03,424758.0,2144130.0,Tuesday,173.3650398803057,175.52367609392306,173.13376740690447,175.29238891601562,4543300.0
V,2019-12-04,278950.0,16100162.0,Wednesday,176.0247171023554,176.0247171023554,173.91426844105402,174.03955078125,10650400.0
V,2019-12-05,242257.0,2613373.0,Thursday,174.6659638904686,175.41762865526462,173.52883529406017,175.28271484375,4638600.0
V,2019-12-06,282133.0,23866326.0,Friday,176.10183739031677,176.6222150143066,174.75268462028393,175.5525360107422,14526700.0
V,2019-12-09,284897.0,16636174.0,Monday,175.2923168334169,176.6029142269443,174.7141211831696,176.2752685546875,10233100.0
V,2019-12-10,239380.0,11534920.0,Tuesday,175.9187254572258,176.49692114567165,175.2923284141164,175.63925170898438,8625700.0
V,2019-12-11,297163.0,9779375.0,Wednesday,176.41982231455165,176.42945376180995,174.60811032401855,175.3983154296875,7138800.0
V,2019-12-12,184856.0,13394176.0,Thursday,175.0610811852392,176.67041554139564,174.26122973196925,176.00547790527344,11192100.0
V,2019-12-13,304682.0,7928972.0,Friday,175.87055805349476,178.78085852868185,175.4272614097897,178.41465759277344,8558100.0
V,2019-12-16,423280.0,11042696.0,Monday,179.56144334891786,180.03364907390474,179.0217880657921,179.47471618652344,8249900.0
V,2019-12-17,377146.0,11649964.0,Tuesday,179.72524993134286,179.99507754844527,177.41243758346428,178.78085327148438,10208700.0
V,2019-12-18,282646.0,15737972.0,Wednesday,178.78085290868032,179.66743146371803,178.18336486816406,178.18336486816406,8968500.0
V,2019-12-19,225646.0,5512638.0,Thursday,177.79788978972334,179.80233388902028,177.79788978972334,179.76377868652344,5854200.0
V,2019-12-20,3571067.0,17366321.0,Friday,180.78528205938932,181.33456869567797,179.5325026844227,181.17074584960935,11259500.0
V,2019-12-23,275679.0,7788719.0,Monday,181.31530348427188,181.5658681990872,180.20708398328776,180.2841796875,5831700.0
V,2019-12-24,325665.0,494097.0,Tuesday,180.30343489935117,181.19001333094232,180.1203344626475,180.75636291503903,2420900.0
V,2019-12-26,132144.0,7462253.0,Thursday,181.06474961167007,182.3078828923828,180.88164915613444,182.2886199951172,5237000.0
V,2019-12-27,236210.0,2407141.0,Friday,182.84759161486943,182.99213689754615,181.62372097168847,182.5102996826172,5448600.0
V,2019-12-30,174783.0,3193303.0,Monday,182.4331611948024,182.59698404493167,180.32271233545768,181.0069274902344,4833600.0
V,2019-12-31,158904.0,4921346.0,Tuesday,180.2648885611457,181.17074463705111,179.76377387361276,181.07437133789065,5273000.0
V,2020-01-02,278683.0,11913244.0,Thursday,182.13441419086575,184.19667628188392,181.8645866054616,184.17739868164065,8733000.0
V,2020-01-03,400499.0,3581782.0,Friday,181.56584143052652,184.0232133361773,181.0936358260329,182.71261596679688,4899700.0
V,2020-01-06,360318.0,15386899.0,Monday,181.17073035391616,182.33678248202497,180.36124764098923,182.3175048828125,10109500.0
V,2020-01-07,268450.0,2318409.0,Tuesday,182.70297895561905,183.1944621840383,181.7489509559828,181.83567810058597,4392300.0
V,2020-01-08,342342.0,3705391.0,Wednesday,182.60661270712404,185.507266489522,181.94167521737663,184.9483337402344,5712000.0
V,2020-01-09,348303.0,6474257.0,Thursday,185.9891229508611,186.8757014615271,185.5265634462748,186.23004150390625,6748000.0
V,2020-01-10,290232.0,6593474.0,Friday,186.47098971714976,187.50212834635732,186.09515730279924,186.73118591308597,6586400.0
V,2020-01-13,265734.0,15866678.0,Monday,187.3767971789961,188.4946626809134,187.2226057915937,188.2344665527344,11290500.0
V,2020-01-14,476786.0,5606394.0,Tuesday,189.5932517046525,189.79561503537752,188.051367230509,188.9283142089844,6236500.0
V,2020-01-15,430807.0,13277672.0,Wednesday,189.84380842567717,192.8793761303788,189.1885170588148,192.54209899902344,10831100.0
V,2020-01-16,575551.0,10893723.0,Thursday,193.69853150383776,194.18036864688216,192.5228476984493,193.6503448486328,9983700.0
V,2020-01-17,99306.0,9234356.0,Friday,194.43092479555597,197.31231629539556,192.7155856886156,197.26412963867188,12518900.0
V,2020-01-21,649319.0,14450076.0,Tuesday,196.71482562758263,200.8200725611129,196.396811366573,199.7600250244141,14861700.0
V,2020-01-22,495159.0,7856464.0,Wednesday,199.9720527354306,202.49688945145152,199.76004320879136,200.34788513183597,8065000.0
V,2020-01-23,406581.0,8288000.0,Thursday,200.3478197223329,200.82965672474785,197.84227613247424,199.01795959472656,8520800.0
V,2020-01-24,346638.0,5890297.0,Friday,199.88529715439327,200.43459849653695,196.79191126332435,197.5532073974609,7812900.0
V,2020-01-27,805719.0,3454131.0,Monday,192.7348222372657,195.9438587920562,191.867521418998,194.36343383789065,7198900.0
V,2020-01-28,383547.0,3767536.0,Tuesday,195.03799617847636,196.43532065153784,194.450154402354,195.48129272460935,7215700.0
V,2020-01-29,297822.0,4957089.0,Wednesday,196.87860357304527,198.43975076689148,195.15361885721657,197.4182586669922,7041700.0
V,2020-01-30,353314.0,3498004.0,Thursday,196.5895316986108,200.9260654860801,195.93424031777585,200.6466064453125,8571900.0
V,2020-01-31,169901.0,7357128.0,Friday,194.17077334055065,196.5703133486798,191.05809422984865,191.7423095703125,16699600.0
V,2020-02-03,579842.0,9610445.0,Monday,192.6770195386715,194.9127360089229,192.59029239081505,193.51541137695312,10885900.0
V,2020-02-04,551703.0,7102283.0,Tuesday,196.10770924165703,197.47612490769745,194.88383883084904,196.16552734375,10205900.0
V,2020-02-05,466491.0,3517168.0,Wednesday,198.0350657224139,198.13143903279035,192.68667049557956,195.4427795410156,8672400.0
V,2020-02-06,431800.0,3310308.0,Thursday,195.67405960553972,197.1966666866529,195.1247582243113,195.66441345214844,7001200.0
V,2020-02-07,298643.0,1863663.0,Friday,194.64294900550328,196.42575250725304,193.78527938733004,195.37535095214844,5691100.0
V,2020-02-10,278263.0,3934040.0,Monday,194.6333035592691,198.6421922589836,194.527298795904,198.5072784423828,6239500.0
V,2020-02-11,353710.0,11828934.0,Tuesday,199.9624319474776,200.1262548259784,196.24264828788893,196.53175354003903,10231900.0
V,2020-02-12,511968.0,2246897.0,Wednesday,197.55321929257005,200.58878726819168,197.55321929257005,199.9045867919922,7355800.0
V,2020-02-13,348473.0,11119795.0,Thursday,199.402764135623,201.1881495747213,198.85268187801,200.155517578125,9495300.0
V,2020-02-14,410129.0,2595767.0,Friday,201.01440969617008,203.41743912860667,200.7441912932212,202.94454956054688,6548800.0
V,2020-02-18,508550.0,3843369.0,Tuesday,202.66468817775447,204.1122930933099,202.0470440028161,203.82276916503903,7651500.0
V,2020-02-19,427586.0,2978834.0,Wednesday,205.09664063427024,206.68899993425472,204.32458183926693,205.85903930664065,5927500.0
V,2020-02-20,527930.0,2705611.0,Thursday,204.72028106339783,206.22578773997557,201.00475608595332,204.06402587890625,8531900.0
V,2020-02-21,861575.0,5783705.0,Friday,202.56817330447012,202.8770027518069,200.1748039908044,201.5162506103516,9231500.0
V,2020-02-24,1808602.0,5494855.0,Monday,190.97768017090016,196.6522958431252,187.23320428097776,191.8462371826172,13316800.0
V,2020-02-25,694152.0,5671975.0,Tuesday,191.84622792837737,192.90781064775456,181.16291240608692,181.81915283203125,18539000.0
V,2020-02-26,1288676.0,7927153.0,Wednesday,183.3632844417982,186.75067455309352,180.4970256069336,180.67074584960935,14214700.0
V,2020-02-27,1360394.0,6159315.0,Thursday,175.75854253841138,179.83113908984353,173.7125988640462,173.7222442626953,17536600.0
V,2020-02-28,193033.0,11302701.0,Friday,167.71950849077496,175.9612145210128,166.93780414844034,175.41111755371094,22659000.0
VOO,2019-01-02,209821.0,357144.0,Wednesday,205.05311831857563,209.28691815479385,204.9080740084776,208.5072479248047,4891300.0
VOO,2019-01-03,118505.0,476915.0,Thursday,206.79383005338715,207.0839325655584,203.04959723881896,203.53009033203125,3329600.0
VOO,2019-01-04,156799.0,552900.0,Friday,206.2861201113552,210.89161320622867,205.93254947186236,210.24794006347656,5100100.0
VOO,2019-01-07,215588.0,535656.0,Monday,210.59239662500525,213.2577811792872,209.7130144978532,211.8253631591797,3706000.0
VOO,2019-01-08,349046.0,141327.0,Tuesday,214.0012080344762,214.37291435879567,211.62592577108683,213.8833465576172,3546600.0
VOO,2019-01-09,180882.0,258697.0,Wednesday,214.5995542653676,215.71465936186337,213.4663134423213,214.87152099609372,4565000.0
VOO,2019-01-10,157955.0,179847.0,Thursday,213.6385750004341,215.9231925930832,212.91331187064736,215.76907348632807,2813500.0
VOO,2019-01-11,185309.0,728660.0,Friday,214.72652208122656,215.7690983254459,214.17349988932096,215.66937255859372,2551000.0
VOO,2019-01-14,142786.0,779833.0,Monday,214.04654408506389,215.2160425926946,213.6748377544073,214.4817047119141,2653400.0
VOO,2019-01-15,135606.0,1629513.0,Tuesday,214.83531599236065,217.2105849124768,214.83531599236065,216.99301147460935,5103700.0
VOO,2019-01-16,138817.0,1388290.0,Wednesday,217.32840681133533,218.2803319290708,217.14709103498265,217.4734649658203,4066700.0
VOO,2019-01-17,110154.0,390061.0,Thursday,216.67566672359692,219.8940737449795,216.6303343195056,219.0962677001953,3059000.0
VOO,2019-01-18,179633.0,872738.0,Friday,220.8096970535481,222.45062748788436,220.0844201884173,222.04266357421875,4943300.0
VOO,2019-01-22,221963.0,438828.0,Tuesday,220.65557480389893,220.82782961316707,217.55502973758837,219.0871734619141,5786300.0
VOO,2019-01-23,79521.0,118104.0,Wednesday,220.01194550196857,220.610300101118,217.201515975964,219.41360473632807,3076400.0
VOO,2019-01-24,68302.0,321087.0,Thursday,219.3047601204772,220.1388375457261,218.4072422356105,219.63113403320312,2197100.0
VOO,2019-01-25,135793.0,274778.0,Friday,221.3083582137993,222.21495096977185,220.90945518781012,221.49874877929688,3677500.0
VOO,2019-01-28,211528.0,159726.0,Monday,219.4770553363234,219.8397007691584,218.1534375486247,219.7852935791016,2407800.0
VOO,2019-01-29,277521.0,596383.0,Tuesday,219.8941035272655,220.41085427007448,218.73366575959653,219.51333618164065,2436900.0
VOO,2019-01-30,332812.0,307697.0,Wednesday,220.90039903485092,223.7289640681555,220.1932577765248,222.98556518554688,6028400.0
VOO,2019-01-31,901748.0,1026212.0,Thursday,222.8948712375457,225.3154719720862,222.73167736583747,224.8440399169922,5308100.0
VOO,2019-02-01,152190.0,148678.0,Friday,225.1160138448209,226.0044707492453,224.34541840907212,225.034423828125,3718500.0
VOO,2019-02-04,129499.0,220140.0,Monday,225.1069856569477,226.6663263148616,224.4632987089394,226.63912963867188,2541700.0
VOO,2019-02-05,147987.0,323441.0,Tuesday,227.0470922377838,227.8539592380361,226.57566013084192,227.64544677734372,3613300.0
VOO,2019-02-06,146581.0,140341.0,Wednesday,227.3281527738306,227.7542525118321,226.6028757410508,227.36441040039065,2052200.0
VOO,2019-02-07,137023.0,116009.0,Thursday,225.7778130081577,226.2673807545642,223.5838605957014,225.13414001464844,3907800.0
VOO,2019-02-08,135851.0,164412.0,Friday,223.93748946289008,225.47870833728797,223.20315148557583,225.4243011474609,2512600.0
VOO,2019-02-11,146016.0,922638.0,Monday,225.99544115347985,226.2039536140188,225.03445504529196,225.54214477539065,2986600.0
VOO,2019-02-12,121006.0,1817633.0,Tuesday,226.9926586494825,228.787708116468,226.95638719887384,228.4613342285156,5980500.0
VOO,2019-02-13,114054.0,249126.0,Wednesday,229.2047672881989,229.96630181700007,228.81492524358225,229.15036010742188,3569100.0
VOO,2019-02-14,116642.0,133998.0,Thursday,228.1440257146863,229.69430517092692,227.400626964841,228.6426544189453,3247800.0
VOO,2019-02-15,701616.0,207635.0,Friday,230.30173411771815,231.18113011148944,230.10228262427484,231.1629943847656,2806600.0
VOO,2019-02-19,216699.0,58331.0,Tuesday,230.41054349207337,232.1693356527469,230.41054349207337,231.5619201660156,2509300.0
VOO,2019-02-20,91464.0,94427.0,Wednesday,231.552825391279,232.432221343146,231.0813933534675,232.09678649902344,2156300.0
VOO,2019-02-21,114669.0,71270.0,Thursday,231.4803255527612,231.7613670883005,230.31081317347588,231.2536773681641,2020000.0
VOO,2019-02-22,70890.0,162498.0,Friday,231.8067276607489,232.82210722440917,231.58914039703208,232.64077758789065,2119400.0
VOO,2019-02-25,245259.0,845965.0,Monday,233.98247158747637,234.45388976076345,232.88550233149536,232.98521423339844,2941300.0
VOO,2019-02-26,1244353.0,425992.0,Tuesday,232.5863248681684,233.57453516785347,232.4594162886104,232.8129730224609,4629600.0
VOO,2019-02-27,86598.0,276437.0,Wednesday,232.1421544246663,233.0124757819104,231.27183306742225,232.6951904296875,2136400.0
VOO,2019-02-28,86534.0,344302.0,Thursday,232.4685581581751,232.8855831356628,231.95179357716836,232.1512451171875,2207000.0
VOO,2019-03-01,185738.0,416865.0,Friday,233.7286890170985,234.0913206059642,232.386921704577,233.74681091308597,2867000.0
VOO,2019-03-04,226582.0,89947.0,Monday,234.68960968049385,234.898135927729,230.71874370662405,232.84922790527344,3384200.0
VOO,2019-03-05,71829.0,148173.0,Tuesday,232.98525114372677,233.148458858075,232.05147559480145,232.57730102539065,2475900.0
VOO,2019-03-06,99865.0,189615.0,Wednesday,232.6498098817722,232.6498098817722,230.81850262226024,231.0904693603516,2514900.0
VOO,2019-03-07,112263.0,3491229.0,Thursday,230.70968541217889,230.81848593305517,228.41600719674176,229.23194885253903,6441200.0
VOO,2019-03-08,304523.0,124099.0,Friday,227.4460050674539,228.86934856362603,226.9564372108918,228.7696228027344,4522300.0
VOO,2019-03-11,133488.0,147122.0,Monday,229.40423804292536,232.1965455515054,229.386116146892,232.1058807373047,1884200.0
VOO,2019-03-12,131075.0,126270.0,Tuesday,232.55918655797373,233.41138604533725,232.42320316467487,232.93089294433597,2271900.0
VOO,2019-03-13,84477.0,49249.0,Wednesday,233.7558452557616,235.3423823912241,233.61986189183864,234.5173797607422,1974300.0
VOO,2019-03-14,89438.0,643684.0,Thursday,234.51741156262096,234.91631459556316,233.93720657553328,234.43582153320312,1557500.0
VOO,2019-03-15,110759.0,365850.0,Friday,234.82562233507096,236.23085756726653,234.68963896860365,235.5781097412109,3151200.0
VOO,2019-03-18,139985.0,161539.0,Monday,235.71412338496324,236.61164138594543,235.50559708492,236.4212646484375,1830000.0
VOO,2019-03-19,171969.0,137180.0,Tuesday,237.3550332896771,238.0621744911298,235.6053160134819,236.49375915527344,4061800.0
VOO,2019-03-20,74477.0,983122.0,Wednesday,236.2037165853691,237.31880812032648,234.66249762332228,235.6506805419922,3415200.0
VOO,2019-03-21,129598.0,174002.0,Thursday,234.92582075481093,238.7367033922634,234.92582075481093,238.3446807861328,2968300.0
VOO,2019-03-22,110139.0,152140.0,Friday,237.10482089458893,237.5971167759081,233.73153406047024,233.81358337402344,4317400.0
VOO,2019-03-25,170845.0,116606.0,Monday,233.47624628833023,234.56116685167348,232.4369133113602,233.60389709472656,2893600.0
VOO,2019-03-26,301640.0,367204.0,Tuesday,235.2267145046556,236.23868379853505,234.059744635163,235.2905120849609,3177600.0
VOO,2019-03-27,122169.0,289786.0,Wednesday,235.3543467364558,235.88314606438024,232.6921957476034,234.19650268554688,2714300.0
VOO,2019-03-28,69439.0,193466.0,Thursday,234.7161774187772,235.4181734155697,233.64035485098455,235.1082000732422,1716700.0
VOO,2019-03-29,105097.0,864286.0,Friday,236.43927744755337,236.78572643801945,235.38170656925232,236.6216278076172,2831100.0
VOO,2019-04-01,1145791.0,118519.0,Monday,238.3719976491589,239.5754428915245,238.12584977707292,239.34751892089844,3303900.0
VOO,2019-04-02,83935.0,115355.0,Tuesday,239.475227963714,239.63932658502983,238.6911548461652,239.42962646484372,1512600.0
VOO,2019-04-03,132901.0,76017.0,Wednesday,240.5692406990203,240.9156896618117,239.2290463456073,239.8763427734375,1933900.0
VOO,2019-04-04,88809.0,171066.0,Thursday,240.11340625232964,240.6513036324176,239.4752356524704,240.4507293701172,1738500.0
VOO,2019-04-05,117815.0,381903.0,Friday,241.07069943160943,241.6541704784921,240.7971739029316,241.6085968017578,1505000.0
VOO,2019-04-08,264070.0,88363.0,Monday,241.2074622282697,241.88210849037824,240.6057394177031,241.8182830810547,1720100.0
VOO,2019-04-09,103021.0,193588.0,Tuesday,240.88833544043905,241.1800848587407,240.0404647773335,240.5327606201172,2016900.0
VOO,2019-04-10,100386.0,242712.0,Wednesday,240.91571978386168,241.45361720075007,240.55104687002748,241.3624420166016,2990600.0
VOO,2019-04-11,111152.0,128220.0,Thursday,241.81825520237865,241.81825520237865,240.7698102929383,241.31683349609372,1567700.0
VOO,2019-04-12,157758.0,239302.0,Friday,242.8119385770281,243.21308696873385,242.17376818858625,242.9487152099609,1903400.0
VOO,2019-04-15,125928.0,117569.0,Monday,243.0307979073065,243.0946233017498,242.02792679017,242.7846221923828,1584500.0
VOO,2019-04-16,139629.0,117732.0,Tuesday,243.60522530756464,243.6416731216122,242.3835279680012,242.95790100097656,2447700.0
VOO,2019-04-17,93251.0,66277.0,Wednesday,243.96077899392816,243.9790029014488,241.9641621214146,242.3653106689453,1872400.0
VOO,2019-04-18,74661.0,90167.0,Thursday,242.9123116493633,243.0581863644181,241.6723904827756,242.82113647460935,2788900.0
VOO,2019-04-22,185680.0,95913.0,Monday,242.10996444637544,243.1584091818441,242.0279151529302,243.05813598632807,1126500.0
VOO,2019-04-23,101550.0,448033.0,Tuesday,243.38635212072063,245.4194441814194,243.1584281246996,245.1550445556641,2618300.0
VOO,2019-04-24,151190.0,108185.0,Wednesday,245.14599006129072,245.4377116827244,244.54426726617905,244.67189025878903,1393400.0
VOO,2019-04-25,86229.0,203931.0,Thursday,244.58987537774647,245.1368987069269,243.40468135015743,244.58074951171875,1237400.0
VOO,2019-04-26,163854.0,98770.0,Friday,244.58975634085283,245.7385019907842,243.8421590822388,245.7020263671875,2172600.0
VOO,2019-04-29,138855.0,732319.0,Monday,245.75684163860652,246.53178902421828,245.6656664480472,246.0121154785156,1892500.0
VOO,2019-04-30,135661.0,778656.0,Tuesday,245.7567484145732,246.44052035024723,244.43477820983617,246.16702270507807,2024600.0
VOO,2019-05-01,117874.0,994824.0,Wednesday,246.7778651553186,246.95108962012307,244.33452656710844,244.3710021972656,2669400.0
VOO,2019-05-02,201813.0,211306.0,Thursday,244.22514046710464,245.0638852459788,242.44732205403156,243.8878173828125,3009000.0
VOO,2019-05-03,76369.0,257716.0,Friday,245.17332850222695,246.44969748313255,244.9727542464592,246.2035217285156,1969000.0
VOO,2019-05-06,281408.0,465032.0,Monday,242.19206374567847,245.57444849112795,241.8820904099675,245.22802734375,3966900.0
VOO,2019-05-07,131282.0,821237.0,Tuesday,242.94875974805836,243.4957550890714,239.301975753284,241.25299072265625,4752500.0
VOO,2019-05-08,214997.0,132424.0,Wednesday,240.8153605128738,242.34700289737097,240.2045120378214,240.7788848876953,2662500.0
VOO,2019-05-09,178583.0,6527946.0,Thursday,238.8096406871705,240.5418574371828,237.2232986286939,240.0404357910156,3094800.0
VOO,2019-05-10,166417.0,98269.0,Friday,239.20166345890337,241.9458771889965,236.37540043152293,241.16180419921875,3131900.0
VOO,2019-05-13,242750.0,527766.0,Monday,236.46663414408863,237.3509805530543,234.36974405574176,235.24496459960935,5548200.0
VOO,2019-05-14,152771.0,630502.0,Tuesday,236.12015478442171,238.70027022707555,235.98340593933105,237.28712463378903,4702600.0
VOO,2019-05-15,133623.0,124339.0,Wednesday,235.79196001342623,239.27464569272823,235.58225990026452,238.69114685058597,2444100.0
VOO,2019-05-16,186749.0,351540.0,Thursday,239.29286916356563,242.14648232095797,239.27464525831533,240.87921142578125,3221500.0
VOO,2019-05-17,151574.0,479185.0,Friday,238.76412243763752,241.61770806811947,238.73674484278956,239.42051696777344,2719500.0
VOO,2019-05-20,131488.0,109335.0,Monday,237.8614823984284,238.96462677530604,237.0591854615159,237.7885589599609,2762600.0
VOO,2019-05-21,126800.0,408356.0,Tuesday,239.3202536626489,240.2410757324056,239.09232961154163,239.80345153808597,2760500.0
VOO,2019-05-22,83523.0,6424375.0,Wednesday,238.9737939357237,240.04049068908057,238.74586989483845,239.1470184326172,3421500.0
VOO,2019-05-23,172197.0,171066.0,Thursday,237.1138742501105,237.13212597596575,234.92580949944616,236.3480529785156,3813200.0
VOO,2019-05-24,129411.0,80226.0,Friday,237.58800860397,237.94355561420767,236.1839888232654,236.75836181640625,1833100.0
VOO,2019-05-28,125773.0,465737.0,Tuesday,237.00452506867515,237.91622122523404,234.5703119114078,234.6341094970703,2565900.0
VOO,2019-05-29,198125.0,1070563.0,Wednesday,233.51277055450336,233.86831763267924,231.66202823560653,233.02044677734372,4593500.0
VOO,2019-05-30,99482.0,221194.0,Thursday,233.64945492879664,234.46997578237253,232.6101220222911,233.6676788330078,2977200.0
VOO,2019-05-31,132147.0,867476.0,Friday,231.23348631825925,232.01754552079447,230.449427115724,230.54058837890625,3698600.0
VOO,2019-06-03,169937.0,403524.0,Monday,230.5041065602878,231.53432751521825,228.6260149836508,229.85679626464844,3825600.0
VOO,2019-06-04,133234.0,178056.0,Tuesday,232.00839118964532,234.9987668295072,231.5981307772171,234.91671752929688,3536300.0
VOO,2019-06-05,194352.0,536185.0,Wednesday,236.3480715311168,236.93157034923163,234.68880589045705,236.9042205810547,2646500.0
VOO,2019-06-06,82794.0,198638.0,Thursday,237.19594257421176,239.1013837309818,236.59421992111308,238.4449615478516,2277500.0
VOO,2019-06-07,139668.0,227161.0,Friday,239.42962997861125,241.86387085488232,239.27465721934647,240.82452392578125,1877400.0
VOO,2019-06-10,264685.0,126413.0,Monday,242.2924012816514,243.51407090268452,241.87300097949344,241.955078125,2845900.0
VOO,2019-06-11,472744.0,104758.0,Tuesday,243.6507512340044,244.01542406232036,241.3168117454784,241.90940856933597,1894500.0
VOO,2019-06-12,163776.0,70284.0,Wednesday,241.70881072446,242.2376099231927,241.01591294243116,241.4535369873047,1711900.0
VOO,2019-06-13,80070.0,234280.0,Thursday,242.34706589994371,242.83936176545996,241.699741631429,242.5293884277344,1813700.0
VOO,2019-06-14,73484.0,111643.0,Friday,242.2467832038511,242.7755825668275,241.51743739194623,242.16473388671875,1203300.0
VOO,2019-06-17,90880.0,169455.0,Monday,242.45649620059044,243.02174340821156,242.16474673125023,242.383544921875,1782500.0
VOO,2019-06-18,145767.0,175253.0,Tuesday,244.015441701335,245.84795966123704,243.69634251995947,244.7995147705078,2340700.0
VOO,2019-06-19,144558.0,134877.0,Wednesday,245.009244674302,245.902717027722,244.11580014364392,245.4468688964844,1684500.0
VOO,2019-06-20,131585.0,283393.0,Thursday,247.92669318293505,248.15461725713996,245.91185215733745,247.73524475097656,3288100.0
VOO,2019-06-21,193327.0,89567.0,Friday,247.55278894997028,248.70153469809,247.22459177779385,247.44338989257807,2226000.0
VOO,2019-06-24,180165.0,224490.0,Monday,247.60751111732012,247.90838637540853,246.9784386570484,247.1243133544922,3518400.0
VOO,2019-06-25,67588.0,1027826.0,Tuesday,247.16079880665524,247.18814857459077,244.580683466137,244.6809844970703,2287100.0
VOO,2019-06-26,139585.0,112998.0,Wednesday,245.51976451683976,245.993864326138,244.35279454610065,244.4439697265625,2988700.0
VOO,2019-06-27,123234.0,1634437.0,Thursday,245.13677853367616,245.77829314592591,244.84354108013017,245.3017578125,2054600.0
VOO,2019-06-28,88887.0,550385.0,Friday,246.24568750988308,247.0246335948,245.76912420071372,246.65806579589844,2883300.0
VOO,2019-07-01,389992.0,866761.0,Monday,249.69145066180155,249.86557525518,247.71195104812776,248.75669860839844,4497900.0
VOO,2019-07-02,437196.0,304142.0,Tuesday,248.78421445004165,249.49903149320215,248.00524034686276,249.480712890625,3040700.0
VOO,2019-07-03,99532.0,12672.0,Wednesday,250.1039128332832,251.4418981424267,249.9664533781205,251.3960876464844,2335800.0
VOO,2019-07-05,197742.0,276748.0,Friday,250.3146593666127,251.33188712628723,249.14159763913585,251.0752868652344,3362500.0
VOO,2019-07-08,119415.0,99424.0,Monday,249.9939030452913,250.24133002279387,249.2974046336574,249.8197784423828,3131800.0
VOO,2019-07-09,81198.0,189114.0,Tuesday,248.7200474874853,250.3879631775642,248.6650637146107,250.13136291503903,2532900.0
VOO,2019-07-10,199773.0,37544.0,Wednesday,251.12116343790095,252.1934032196344,250.6079627807422,251.2952880859375,2853200.0
VOO,2019-07-11,142015.0,486151.0,Thursday,251.900049622953,252.11998469415752,250.96529760300527,251.79925537109372,2249400.0
VOO,2019-07-12,448418.0,3500266.0,Friday,252.37660228484236,253.10973780290587,252.07416360732884,253.03640747070312,2932300.0
VOO,2019-07-15,165676.0,54293.0,Monday,253.42132796341704,253.43964656324985,252.669845860352,253.1005706787109,1466200.0
VOO,2019-07-16,98303.0,58895.0,Tuesday,253.0455574492057,253.18301685026705,252.00998334900245,252.2757568359375,1564000.0
VOO,2019-07-17,51202.0,284221.0,Wednesday,252.27578069637164,252.38574822762152,250.57122802734372,250.57122802734372,1758100.0
VOO,2019-07-18,76749.0,605832.0,Thursday,250.103801963093,251.8267009502724,249.7005690951436,251.4876251220703,3461100.0
VOO,2019-07-19,88784.0,330983.0,Friday,252.49571546744372,252.51406203418247,249.91139458407224,250.1405029296875,2319400.0
VOO,2019-07-22,85614.0,135593.0,Monday,250.47957001664523,251.2035322269087,249.9938614596784,250.7453155517578,1304100.0
VOO,2019-07-23,57845.0,823288.0,Tuesday,251.7534142599806,252.477404484818,251.0019601188613,252.46823120117188,1753000.0
VOO,2019-07-24,77506.0,149293.0,Wednesday,251.8175775890006,253.65961773878772,251.7167833356933,253.6321258544922,1669900.0
VOO,2019-07-25,141515.0,166916.0,Thursday,253.3113307571317,253.3113307571317,251.7258910864788,252.3948974609375,1874200.0
VOO,2019-07-26,89566.0,610667.0,Friday,253.11890222538196,254.3560648728891,253.0272532970005,254.2002868652344,1796900.0
VOO,2019-07-29,126157.0,414414.0,Monday,254.0628685235744,254.099505726988,253.17392691250416,253.7421112060547,2925900.0
VOO,2019-07-30,114853.0,216636.0,Tuesday,252.4316727194606,253.44890069757528,252.05593154806584,253.12814331054688,1751100.0
VOO,2019-07-31,95862.0,770028.0,Wednesday,253.29303322978808,253.4946217230884,248.4176009763108,250.25961303710935,4910000.0
VOO,2019-08-01,104447.0,322845.0,Thursday,250.44287478457,253.192174505405,247.38199111811912,248.1609649658203,6921000.0
VOO,2019-08-02,270477.0,514919.0,Friday,247.33624514255092,247.510341773667,244.82519839158635,246.3464813232422,5310400.0
VOO,2019-08-05,450634.0,509210.0,Monday,242.4607423626492,242.561536591967,237.08128386630383,239.0791015625,7354000.0
VOO,2019-08-06,524037.0,427380.0,Tuesday,240.5913078901598,242.36919128199423,239.24414940185912,242.1584014892578,4366800.0
VOO,2019-08-07,250927.0,439161.0,Wednesday,239.3357820257457,243.0656731734449,237.3471089768468,242.3233642578125,4261200.0
VOO,2019-08-08,196586.0,269781.0,Thursday,243.7713345990314,247.0613278264496,243.22146885233377,247.0521545410156,3618800.0
VOO,2019-08-09,95510.0,314808.0,Friday,246.26400623315175,246.78638002969348,243.77130604512496,245.32925415039065,2616300.0
VOO,2019-08-12,150605.0,35321.0,Monday,243.99121575631284,244.4952708990449,241.5443542772236,242.4516143798828,2104500.0
VOO,2019-08-13,79382.0,126331.0,Tuesday,242.14010814944768,247.5287426648726,241.85601594591589,246.2090759277344,3402300.0
VOO,2019-08-14,214385.0,780563.0,Wednesday,242.45160405038024,242.99229636904323,238.7950439453125,238.7950439453125,4354800.0
VOO,2019-08-15,395408.0,58477.0,Thursday,239.75727054464383,240.3529465839388,237.66780378227165,239.5465087890625,2775200.0
VOO,2019-08-16,180083.0,576525.0,Friday,241.08614651872745,243.47802432068087,241.04030806732897,243.0564727783203,2432700.0
VOO,2019-08-19,131333.0,76506.0,Monday,245.93405662220565,246.6489015310445,245.274251415268,246.04405212402344,1430800.0
VOO,2019-08-20,102032.0,200153.0,Tuesday,245.58584365808065,246.0532056953413,244.0370689049587,244.1378631591797,1865000.0
VOO,2019-08-21,78240.0,154248.0,Wednesday,246.1356586867908,246.4564159551661,245.53083728249345,246.11734008789065,2007400.0
VOO,2019-08-22,97787.0,290704.0,Thursday,246.7771625743683,247.354520039064,244.4127769212567,246.0256805419922,1883700.0
VOO,2019-08-23,192973.0,811040.0,Friday,244.8618535431541,246.3739631286041,238.5751055896202,239.7115020751953,4184200.0
VOO,2019-08-26,197183.0,104707.0,Monday,241.764291229392,242.369140625,240.3529759729732,242.369140625,2260000.0
VOO,2019-08-27,143661.0,273221.0,Tuesday,243.69801515407235,244.00959919633968,240.7562434037867,241.41607666015625,2490400.0
VOO,2019-08-28,137385.0,2074679.0,Wednesday,240.77459442473128,243.2672947762859,240.1055878712017,243.0931701660156,3124000.0
VOO,2019-08-29,163958.0,1444388.0,Thursday,245.5217318525212,246.7314309300851,244.5961249567184,246.2548675537109,3128700.0
VOO,2019-08-30,216872.0,1095426.0,Friday,247.57449817777257,247.6294819489972,245.2925877699598,246.15403747558597,4209200.0
VOO,2019-09-03,171836.0,1873235.0,Tuesday,244.53189770630425,245.4208391717033,243.47800495058195,244.7884979248047,3368500.0
VOO,2019-09-04,65030.0,146146.0,Wednesday,246.74969746089275,247.49200629107685,246.04405379823075,247.40953063964844,1486100.0
VOO,2019-09-05,123975.0,173637.0,Thursday,249.79222620096772,251.50595196226027,249.69140399701416,250.68116760253903,1755800.0
VOO,2019-09-06,106741.0,657840.0,Friday,251.03862655871316,251.460206112943,250.36047470578976,250.864501953125,1890800.0
VOO,2019-09-09,85099.0,1184651.0,Monday,251.8359101015447,251.86340198735897,250.14967584783253,250.92864990234372,2158500.0
VOO,2019-09-10,43352.0,165072.0,Tuesday,250.28708329056772,250.99275482544496,249.1507149565026,250.98358154296875,1870400.0
VOO,2019-09-11,79822.0,167191.0,Wednesday,251.2402570154744,252.78903198242188,250.64458078987911,252.78903198242188,2080300.0
VOO,2019-09-12,152655.0,695711.0,Thursday,253.5863100674507,254.58521924257383,252.88066632924392,253.5313262939453,2433700.0
VOO,2019-09-13,100196.0,947412.0,Friday,254.0443983126981,254.346836881316,253.0729815157335,253.467041015625,2292000.0
VOO,2019-09-16,111380.0,279417.0,Monday,252.36742046730197,253.0272535981768,252.05583648429527,252.63319396972656,1432400.0
VOO,2019-09-17,47204.0,360552.0,Tuesday,252.44077556291305,253.37555567452884,252.33080801268343,253.3205718994141,1789200.0
VOO,2019-09-18,51829.0,42261.0,Wednesday,252.93567167194385,253.55883980303344,251.05699399319803,253.4763641357422,2028700.0
VOO,2019-09-19,191150.0,82579.0,Thursday,253.85198935918385,254.75010393850965,253.1463458829913,253.4212646484375,2267900.0
VOO,2019-09-20,92686.0,530901.0,Friday,254.01690247338576,254.2276921401214,251.5608686464796,252.0648956298828,2052700.0
VOO,2019-09-23,73428.0,90163.0,Monday,251.6434139203701,252.84393929372072,251.40513231526023,252.2390899658203,1286400.0
VOO,2019-09-24,147686.0,1146028.0,Tuesday,253.21973119609947,253.55880710701803,249.32488892802263,250.1496734619141,5124900.0
VOO,2019-09-25,79468.0,1292610.0,Wednesday,250.25958064592072,252.09244715354885,248.9032773293629,251.68006896972656,2649200.0
VOO,2019-09-26,61459.0,432800.0,Thursday,251.69024893746064,251.88360813227828,249.85787480932967,251.18382263183597,2355000.0
VOO,2019-09-27,51804.0,248868.0,Friday,251.89287383840556,251.9204965858692,248.3570216607748,249.77505493164065,2836500.0
VOO,2019-09-30,90378.0,1222526.0,Monday,250.2906307569181,251.6257673247217,250.26300801690687,251.00885009765625,2735200.0
VOO,2019-10-01,302189.0,296420.0,Tuesday,251.78232037372268,252.37161487354504,247.77685438263123,247.9886474609375,3696000.0
VOO,2019-10-02,158797.0,127142.0,Wednesday,246.5246007091998,246.5246007091998,242.399426562646,243.6148834228516,4463500.0
VOO,2019-10-03,110086.0,56693.0,Thursday,243.41231624420533,245.60381421213447,240.87091146116808,245.54856872558597,2988800.0
VOO,2019-10-04,128951.0,180783.0,Friday,246.26673754161956,249.1303977075374,246.18384122838157,248.9554443359375,1907800.0
VOO,2019-10-07,99554.0,283059.0,Monday,248.20959784256152,249.68287605556097,247.60186952593256,247.88731384277344,1821900.0
VOO,2019-10-08,164199.0,192703.0,Tuesday,246.11024220942315,246.7916219484474,243.973989713543,244.0384521484375,2153100.0
VOO,2019-10-09,98463.0,147620.0,Wednesday,245.88921663345783,247.17832460036485,245.29070523101316,246.31277465820312,1921200.0
VOO,2019-10-10,115043.0,255945.0,Thursday,246.23914165461252,248.79895198608543,246.08259405752565,247.9886474609375,1559300.0
VOO,2019-10-11,146435.0,135940.0,Friday,250.5484575816792,252.62024742700652,250.40112693173543,250.5760803222656,2806500.0
VOO,2019-10-14,86660.0,232983.0,Monday,250.2629722459127,250.8707005397413,249.9775279397809,250.3458404541016,1215500.0
VOO,2019-10-15,56497.0,169249.0,Tuesday,251.25744487049792,253.44894249330528,251.16535970726844,252.7675628662109,1783800.0
VOO,2019-10-16,94028.0,140204.0,Wednesday,252.3624237023417,252.97015209060456,251.94805449656536,252.37161254882807,1150800.0
VOO,2019-10-17,274881.0,328923.0,Thursday,253.4397426630481,253.8817346161318,252.47291863495997,253.0530242919922,3100600.0
VOO,2019-10-18,79143.0,68454.0,Friday,252.6294600225171,253.1911599345093,251.2022381239686,252.01254272460935,1152200.0
VOO,2019-10-21,102133.0,443252.0,Monday,253.26484677280268,253.8817922577761,252.8228828198233,253.77130126953125,3017500.0
VOO,2019-10-22,83085.0,298086.0,Tuesday,254.22237452874467,254.4433564116661,252.7767191436001,252.8780212402344,1601500.0
VOO,2019-10-23,227775.0,165483.0,Wednesday,252.6754375711295,253.66069527035023,252.46364453938497,253.6238555908203,1296500.0
VOO,2019-10-24,56978.0,275633.0,Thursday,254.4894498192908,254.60915772332245,253.26477614006384,254.03826904296875,2220600.0
VOO,2019-10-25,59663.0,4285218.0,Friday,253.5225420932791,255.55751981425016,253.4765135712687,255.0971221923828,5500900.0
VOO,2019-10-28,111680.0,392595.0,Monday,256.1837460432765,256.9664279022473,256.1837460432765,256.5796813964844,1795900.0
VOO,2019-10-29,115991.0,260005.0,Tuesday,256.2757962147922,257.2978656753864,256.1468713636648,256.4139099121094,1599200.0
VOO,2019-10-30,141907.0,429465.0,Wednesday,256.61647068787056,257.53726608217903,255.41023096936203,257.3162841796875,1811300.0
VOO,2019-10-31,81424.0,600652.0,Thursday,257.2242632228626,257.2242632228626,255.1985016095794,256.48760986328125,2312100.0
VOO,2019-11-01,158466.0,105854.0,Friday,257.8687969529422,258.9369232227076,257.7399001809705,258.927734375,2361900.0
VOO,2019-11-04,172282.0,170679.0,Monday,260.3917593708177,260.4930333845133,259.62748339287793,259.958984375,3797500.0
VOO,2019-11-05,165344.0,412875.0,Tuesday,260.1983300104419,260.4193399962644,259.39724257549886,259.62744140625,2995600.0
VOO,2019-11-06,71207.0,224648.0,Wednesday,259.7011906663841,259.9774180974543,258.85404637701777,259.765625,1457200.0
VOO,2019-11-07,225302.0,132277.0,Thursday,261.008746523942,261.7177772115492,260.19844179550824,260.6864624023437,2689600.0
VOO,2019-11-08,126118.0,36622.0,Friday,260.3457058622615,261.3217468261719,259.6643261970085,261.3217468261719,2328700.0
VOO,2019-11-11,212923.0,142540.0,Monday,260.0602181852587,260.92576804308635,259.88526482460566,260.8152770996094,1123700.0
VOO,2019-11-12,70987.0,347644.0,Tuesday,261.11920055088444,262.1689210097027,260.61277421752914,261.3309936523437,1737600.0
VOO,2019-11-13,140808.0,128645.0,Wednesday,260.4285561858334,261.80056046947016,260.2075742772513,261.4414367675781,1721400.0
VOO,2019-11-14,118678.0,140879.0,Thursday,261.1744949963749,261.87428059102166,260.5759553358531,261.7914123535156,2244000.0
VOO,2019-11-15,106857.0,290431.0,Friday,263.016091401324,263.7434997558594,262.4267686781796,263.7434997558594,1892400.0
VOO,2019-11-18,249937.0,693854.0,Monday,263.5132139024345,264.1301591684164,263.08043895179054,263.9091491699219,2278500.0
VOO,2019-11-19,106348.0,902336.0,Tuesday,264.4893064167773,264.4893064167773,263.2370379492904,263.7803039550781,3212500.0
VOO,2019-11-20,109657.0,880573.0,Wednesday,263.2647111164703,263.73432593195093,261.4047138539358,262.850341796875,2816300.0
VOO,2019-11-21,111307.0,217800.0,Thursday,262.9054965841195,263.016015638214,261.66244525512707,262.4450988769531,2307200.0
VOO,2019-11-22,75912.0,198616.0,Friday,263.11729268211644,263.2185666906477,262.05838356350256,263.02520751953125,1266500.0
VOO,2019-11-25,144038.0,293203.0,Monday,263.9000655694979,265.0418432986962,263.87244282122555,265.0234375,2040300.0
VOO,2019-11-26,98679.0,259276.0,Tuesday,265.1062532494388,265.8152557150056,264.7931861308593,265.55743408203125,1795700.0
VOO,2019-11-27,126362.0,246952.0,Wednesday,266.16518523032045,266.82815921459047,265.88895777873,266.80975341796875,1631500.0
VOO,2019-11-29,93096.0,153644.0,Friday,266.3400805393423,266.5518736063209,265.63107816798265,265.78759765625,1988500.0
VOO,2019-12-02,190497.0,2453501.0,Monday,266.13753069026546,266.13753069026546,263.20019070397547,263.6237487792969,4416100.0
VOO,2019-12-03,300317.0,972744.0,Tuesday,261.063949165109,261.90187650353573,259.7564351955932,261.7729797363281,3236000.0
VOO,2019-12-04,123949.0,426052.0,Wednesday,262.80425150319746,263.99208558655454,262.49118439991906,263.44879150390625,3188800.0
VOO,2019-12-05,118218.0,142402.0,Thursday,264.1117844390364,264.1117844390364,262.6937794749836,263.9368591308594,1597200.0
VOO,2019-12-06,135763.0,295993.0,Friday,265.7231816640266,266.7084396993201,265.69555892006747,266.2848815917969,1609400.0
VOO,2019-12-09,141952.0,153179.0,Monday,265.9901609949208,266.5886723809907,265.4376781383773,265.4745178222656,1478900.0
VOO,2019-12-10,182952.0,86977.0,Tuesday,265.47458737138936,266.05469311771407,264.59063142960787,265.2259826660156,1822700.0
VOO,2019-12-11,95564.0,406587.0,Wednesday,265.6034673328155,266.1835448805916,265.2627494009846,265.9165344238281,1835400.0
VOO,2019-12-12,109840.0,203791.0,Thursday,265.9717857210943,268.9643710952617,265.7507756928507,268.2553405761719,3276600.0
VOO,2019-12-13,513992.0,127700.0,Friday,268.03440535196864,269.5721464686815,267.3069689122934,268.356689453125,3519600.0
VOO,2019-12-16,479846.0,135902.0,Monday,270.0324665836267,270.81512018917624,269.9956268996946,270.2534484863281,3141900.0
VOO,2019-12-17,163098.0,129522.0,Tuesday,270.7047122527091,270.88888262840203,270.2535313628517,270.30877685546875,3658200.0
VOO,2019-12-18,135338.0,1052475.0,Wednesday,270.73227016906475,270.91644050065594,270.3179290736554,270.3271179199219,3294400.0
VOO,2019-12-19,121780.0,1139648.0,Thursday,270.51132961221543,271.5242103899402,270.483706868298,271.4505310058594,2331600.0
VOO,2019-12-20,617482.0,181987.0,Friday,272.45416365447954,273.25525115423324,272.3528615485229,272.8316650390625,4985600.0
VOO,2019-12-23,314292.0,858016.0,Monday,273.40444377209514,273.44146199380145,272.9418148289705,273.09912109375,2325200.0
VOO,2019-12-24,76400.0,125317.0,Tuesday,273.284155729022,273.3211739507283,272.81229340794306,273.09912109375,1305900.0
VOO,2019-12-26,138238.0,91646.0,Thursday,273.4692562946985,274.5148023681344,273.4322380678897,274.4963073730469,2390300.0
VOO,2019-12-27,525130.0,253161.0,Friday,275.27352071622835,275.27352071622835,274.0151551344343,274.4963073730469,2225400.0
VOO,2019-12-30,157608.0,148608.0,Monday,274.5702505494746,274.65352036259395,272.49768212527675,272.9880676269531,2345400.0
VOO,2019-12-31,178852.0,1210365.0,Tuesday,272.5162167747178,273.8670854451769,272.18313747376806,273.6912841796875,2512700.0
VOO,2020-01-02,803214.0,356242.0,Thursday,275.0699325572326,276.143235123519,274.1909262462044,276.115478515625,3142400.0
VOO,2020-01-03,419962.0,245543.0,Friday,273.1545445504665,275.1345810933602,272.98800496245707,274.0982971191406,3247900.0
VOO,2020-01-06,266347.0,209405.0,Monday,272.4144285233575,275.1902020723614,272.3496536970899,275.1254272460937,2777100.0
VOO,2020-01-07,248231.0,645532.0,Tuesday,274.63506243923626,275.0514115610274,273.9318573847035,274.3667297363281,2251800.0
VOO,2020-01-08,250409.0,271920.0,Wednesday,274.53327528491167,276.93895157460605,274.3112224151844,275.7823791503906,3719500.0
VOO,2020-01-09,199229.0,149755.0,Thursday,277.3275491266533,277.7531598368929,276.735370541425,277.6883850097656,2168500.0
VOO,2020-01-10,304195.0,1145417.0,Friday,278.2620025382388,278.37302894871846,276.45776689469415,276.89263916015625,3666800.0
VOO,2020-01-13,277880.0,439676.0,Monday,277.49408987296977,278.79870685192,277.0962357675349,278.72467041015625,2728000.0
VOO,2020-01-14,249094.0,271354.0,Tuesday,278.40086357729444,279.3446164717778,277.87345979656976,278.3545837402344,2620100.0
VOO,2020-01-15,183530.0,825291.0,Wednesday,278.3267955523793,279.7054206336722,278.2157691346412,278.9744873046875,2822300.0
VOO,2020-01-16,179597.0,285068.0,Thursday,280.29759423400054,281.3153834396957,280.0847747793376,281.3061218261719,2582600.0
VOO,2020-01-17,257128.0,430041.0,Friday,281.99079210419586,282.3886743934299,281.4634166506423,282.2591247558594,2218000.0
VOO,2020-01-21,419927.0,302378.0,Tuesday,281.3523931205535,282.4072006175742,281.2783849170603,281.6762390136719,2757900.0
VOO,2020-01-22,257152.0,567840.0,Wednesday,282.49050023531095,283.0549222634233,281.57450390773243,281.75030517578125,2765300.0
VOO,2020-01-23,462609.0,494767.0,Thursday,281.1303004017279,282.17584613629015,280.03850307612066,282.0278015136719,2673100.0
VOO,2020-01-24,156185.0,778273.0,Friday,282.592234247897,282.6847374335371,278.32678134008694,279.4555969238281,3448200.0
VOO,2020-01-27,560277.0,292694.0,Monday,274.65344874476096,276.4021990741492,274.292612982001,275.0143127441406,4302000.0
VOO,2020-01-28,229378.0,850614.0,Tuesday,276.3745425915977,278.7061823054477,275.9304086399277,277.9937438964844,3562500.0
VOO,2020-01-29,218727.0,503166.0,Wednesday,279.2242695502235,279.3723141716648,277.5033037696385,277.7160949707031,2739400.0
VOO,2020-01-30,176352.0,306537.0,Thursday,275.7638815882737,278.7709698632252,275.0791715186063,278.5859069824219,4432700.0
VOO,2020-01-31,218416.0,1823663.0,Friday,277.98439001556926,278.1324346169882,272.6919155204808,273.58941650390625,6184700.0
VOO,2020-02-03,411938.0,431359.0,Monday,274.91251826965487,277.27194196010583,274.8292484786911,275.5787048339844,3205200.0
VOO,2020-02-04,242090.0,435406.0,Tuesday,278.96529196795245,280.5659985016466,278.6507076307462,279.8257751464844,2292800.0
VOO,2020-02-05,339723.0,169036.0,Wednesday,282.5737045148138,283.2028729931327,281.1580613202838,282.9900817871094,3049900.0
VOO,2020-02-06,181551.0,762057.0,Thursday,283.86906401551755,284.12813505387146,282.95306788644933,283.9523620605469,1925500.0
VOO,2020-02-07,286541.0,185190.0,Friday,282.97163166912145,283.6748367598772,281.9631038733247,282.5090026855469,2249000.0
VOO,2020-02-10,202664.0,578181.0,Monday,281.63921481806693,284.5722660182985,281.60219660250283,284.5352478027344,2246900.0
VOO,2020-02-11,131510.0,308117.0,Tuesday,285.8398805256955,286.5430854774808,284.61853347363467,285.05340576171875,2438800.0
VOO,2020-02-12,154725.0,153140.0,Wednesday,286.42274716563,287.0796721709001,286.0619113761459,286.8853759765625,2115800.0
VOO,2020-02-13,338309.0,312607.0,Thursday,285.5345771480701,287.49611926527626,285.3124960639476,286.6078796386719,2043400.0
VOO,2020-02-14,130571.0,261256.0,Friday,286.9316525067287,287.1352103306997,285.9046300107551,287.0889587402344,1637000.0
VOO,2020-02-18,364444.0,188426.0,Tuesday,286.1266890082081,286.66335429965176,285.0071350704805,286.302490234375,3000300.0
VOO,2020-02-19,143965.0,383000.0,Wednesday,287.2184929997824,288.30102864102514,286.940898761975,287.6811218261719,2257500.0
VOO,2020-02-20,110536.0,3905638.0,Thursday,287.1537189575012,287.93093199952546,283.748777562931,286.55230712890625,4617300.0
VOO,2020-02-21,123861.0,387667.0,Friday,285.2569591777073,285.51603022382534,282.7772751310597,283.5822448730469,2678000.0
VOO,2020-02-24,953149.0,266215.0,Monday,274.764483707799,277.00361948086817,273.10829296600406,274.0982971191406,7097000.0
VOO,2020-02-25,703415.0,882695.0,Tuesday,275.47699739068867,275.93962626118457,264.95679315684595,265.8635559082031,8465800.0
VOO,2020-02-26,2033359.0,1816044.0,Wednesday,267.0386723631853,270.43438132350923,264.1426388181059,264.68853759765625,10233700.0
VOO,2020-02-27,1112792.0,1237957.0,Thursday,259.59958187041155,263.21734317524846,252.92845295243305,252.95623779296875,14897000.0
VOO,2020-02-28,2088962.0,2004231.0,Friday,245.4894852893802,252.5214524801104,242.64893615229187,251.42962646484372,23179600.0
VTI,2019-01-02,272797.0,124589.0,Wednesday,114.34251992031696,116.53389878109448,113.96970996483267,116.14290618896484,5093200.0
VTI,2019-01-03,167825.0,126156.0,Thursday,115.39728333052008,115.39728333052008,113.26955428619442,113.45140838623048,5252900.0
VTI,2019-01-04,177407.0,531143.0,Friday,115.00629689005817,117.63412138063494,114.86080805245814,117.20675659179688,4776900.0
VTI,2019-01-07,267327.0,217642.0,Monday,117.4704597966893,119.15262769701316,117.12492726734968,118.38883209228516,4485100.0
VTI,2019-01-08,235697.0,142621.0,Tuesday,119.52542939312816,119.78002791045022,118.2524368065179,119.60726165771484,3949400.0
VTI,2019-01-09,207360.0,1544815.0,Wednesday,120.04370601383792,120.63473520407584,119.44357510171643,120.17100524902344,6405100.0
VTI,2019-01-10,121790.0,106960.0,Thursday,119.51636195373308,120.83482175956864,119.11627453688236,120.76207733154295,2685700.0
VTI,2019-01-11,165393.0,212954.0,Friday,120.14377576558658,120.8075496228348,119.88917719363984,120.78936004638672,3033800.0
VTI,2019-01-14,159424.0,76751.0,Monday,119.83457976298064,120.47108991497996,119.62544824495193,120.0255355834961,2479400.0
VTI,2019-01-15,86430.0,86989.0,Tuesday,120.19829452087632,121.44400957909986,120.07099527313508,121.33489990234376,4542100.0
VTI,2019-01-16,139834.0,232675.0,Wednesday,121.54405706952646,122.14418816754689,121.48950221963013,121.68045806884766,2963100.0
VTI,2019-01-17,141004.0,109831.0,Thursday,121.29853372362382,123.1171025283233,121.08031434679036,122.66246032714844,4401100.0
VTI,2019-01-18,209646.0,191158.0,Friday,123.56264914865132,124.5174004862928,123.16256181671945,124.25370025634766,4224900.0
VTI,2019-01-22,328289.0,192143.0,Tuesday,123.56268168837347,123.58995911595424,121.7441125185544,122.55337524414062,5037900.0
VTI,2019-01-23,127565.0,87701.0,Wednesday,123.09893338527527,123.45355376609288,121.48040817286883,122.68065643310548,3934200.0
VTI,2019-01-24,102726.0,45982.0,Thursday,122.6897462674458,123.18076764856984,122.26239533328356,122.9352569580078,3785200.0
VTI,2019-01-25,96889.0,313133.0,Friday,123.87182409723404,124.40831249928468,123.6899699713469,124.09005737304688,2987300.0
VTI,2019-01-28,229719.0,500004.0,Monday,122.97164694281092,123.22624550561456,122.28058180841732,123.18077850341795,4371600.0
VTI,2019-01-29,75677.0,152904.0,Tuesday,123.3171260336114,123.54444709701184,122.60788542576812,123.00797271728516,2975100.0
VTI,2019-01-30,142703.0,71063.0,Wednesday,123.79904786248412,125.30846308121431,123.31712830914856,124.86292266845705,3060700.0
VTI,2019-01-31,131135.0,221856.0,Thursday,124.81745682804456,126.1813832461603,124.79017940964842,125.96315002441406,3932900.0
VTI,2019-02-01,115488.0,156569.0,Friday,126.11772685402865,126.5723689940032,125.70855170296691,126.14500427246094,3225400.0
VTI,2019-02-04,211751.0,144845.0,Monday,126.17225481737806,127.072451057642,125.80854673269566,127.04517364501952,4938100.0
VTI,2019-02-05,126977.0,550194.0,Tuesday,127.254353845816,127.70899606311048,126.99066746460012,127.5726089477539,2759100.0
VTI,2019-02-06,132137.0,123679.0,Wednesday,127.43622603342138,127.66354717431196,126.98158375164024,127.44532775878906,2945200.0
VTI,2019-02-07,362140.0,554924.0,Thursday,126.55420314695492,126.836092981226,124.68107939906248,126.2359619140625,5097500.0
VTI,2019-02-08,70216.0,46388.0,Friday,125.60853545222324,126.38143267431523,125.17208286335764,126.36324310302734,2105800.0
VTI,2019-02-11,235864.0,371723.0,Monday,126.7542371245306,126.89063810638788,126.29050708520438,126.62693786621094,2337000.0
VTI,2019-02-12,158553.0,51386.0,Tuesday,127.40893169571746,128.37277098523177,127.3543768490777,128.2091064453125,3312300.0
VTI,2019-02-13,174438.0,81200.0,Wednesday,128.6182797439753,129.00927926333853,128.33640379083724,128.60919189453125,2369300.0
VTI,2019-02-14,107436.0,138614.0,Thursday,128.08180093859812,128.9456183423309,127.65443616130042,128.38186645507812,2731400.0
VTI,2019-02-15,117480.0,357435.0,Friday,129.26387315064716,129.81853718755673,129.036552051497,129.791259765625,2537600.0
VTI,2019-02-19,261804.0,138544.0,Tuesday,129.4912038419253,130.3822987317202,129.42754726965003,130.04586791992188,2469900.0
VTI,2019-02-20,129722.0,191820.0,Wednesday,130.0731386145431,130.50959124977993,129.79126266523224,130.3186492919922,2357400.0
VTI,2019-02-21,139449.0,135141.0,Thursday,130.0821936119817,130.15493801191298,129.34567564021907,129.87306213378906,3684900.0
VTI,2019-02-22,83941.0,211287.0,Friday,130.20953018431155,130.79147167607354,130.05495349309444,130.7278289794922,1838400.0
VTI,2019-02-25,273075.0,138213.0,Monday,131.44614881664876,131.73712648040134,130.84601779109312,130.91876220703125,3920000.0
VTI,2019-02-26,125232.0,75517.0,Tuesday,130.70962881996616,131.14608143479606,130.56413999016334,130.6732635498047,2155200.0
VTI,2019-02-27,152398.0,249043.0,Wednesday,130.3822734770003,130.9096600288911,129.9185434850546,130.7187042236328,2046800.0
VTI,2019-02-28,85249.0,479231.0,Thursday,130.61865992309308,130.84598095593842,130.31860836936303,130.44590759277344,2275100.0
VTI,2019-03-01,144815.0,85412.0,Friday,131.28245187696965,131.48249550277,130.48227737376817,131.31881713867188,2985100.0
VTI,2019-03-04,330311.0,91111.0,Monday,131.8462306810462,131.87350810156568,129.50027539432372,130.70962524414062,3555400.0
VTI,2019-03-05,94265.0,330634.0,Tuesday,130.7641768209269,130.84600908044263,130.19132325516162,130.464111328125,2838000.0
VTI,2019-03-06,86874.0,124789.0,Wednesday,130.50051841009466,130.52779583577308,129.32753360759864,129.4730224609375,2139600.0
VTI,2019-03-07,119526.0,79072.0,Thursday,129.26387405529408,129.34570632166194,127.99086756639684,128.4636993408203,2851800.0
VTI,2019-03-08,204945.0,130432.0,Friday,127.41801190443068,128.23636221500166,127.2270560988563,128.1999969482422,2328000.0
VTI,2019-03-11,214672.0,110482.0,Monday,128.5637111855172,130.12768134699812,128.53643376551514,130.08221435546875,1910400.0
VTI,2019-03-12,116733.0,184058.0,Tuesday,130.32773480344994,130.79146485290934,130.23680081355803,130.5186767578125,1966100.0
VTI,2019-03-13,137280.0,157369.0,Wednesday,130.90058242986316,131.80076506556654,130.88239285780077,131.355224609375,2013500.0
VTI,2019-03-14,131315.0,66148.0,Thursday,131.3552173017252,131.5188818174468,130.98240740536713,131.24609375,1494000.0
VTI,2019-03-15,153520.0,279055.0,Friday,131.50071104489658,132.28269621692368,131.43706834898825,131.85533142089844,2324300.0
VTI,2019-03-18,174989.0,333024.0,Monday,131.93719922217915,132.53731650536577,131.80079820927816,132.34637451171875,2489700.0
VTI,2019-03-19,150315.0,1955534.0,Tuesday,132.8646388812321,133.18289398733538,131.8371568914127,132.31907653808594,6104600.0
VTI,2019-03-20,202092.0,76633.0,Wednesday,132.13720533266593,132.7464241680663,131.1642644409668,131.7734832763672,2900900.0
VTI,2019-03-21,98232.0,111867.0,Thursday,131.37340683236218,133.5193185812317,131.26429714372475,133.31927490234375,2949700.0
VTI,2019-03-22,87192.0,721709.0,Friday,132.6100635426267,132.81920899160085,130.4823408955536,130.53689575195312,5151000.0
VTI,2019-03-25,182770.0,127339.0,Monday,130.3467030166047,131.01406544526893,129.72503945118126,130.447265625,3676500.0
VTI,2019-03-26,114961.0,122218.0,Tuesday,131.37060616409093,131.99226974417485,130.73980560106173,131.452880859375,2861000.0
VTI,2019-03-27,103227.0,65200.0,Wednesday,131.4986076791068,131.78200762610933,129.95360647167374,130.8495330810547,3402700.0
VTI,2019-03-28,422364.0,127490.0,Thursday,131.15121182101944,131.62658604439238,130.57526103357233,131.4254608154297,2654500.0
VTI,2019-03-29,129046.0,772136.0,Friday,132.2025196931538,132.3670690684678,131.67228179004582,132.2939453125,3614700.0
VTI,2019-04-01,318295.0,300859.0,Monday,133.25385271878503,133.9120781594866,133.09844031606272,133.82980346679688,3666800.0
VTI,2019-04-02,125436.0,164662.0,Tuesday,133.85722533154043,133.93036303991593,133.3544123049535,133.82066345214844,4292800.0
VTI,2019-04-03,157014.0,387312.0,Wednesday,134.4606007298881,134.698287819502,133.7658134259149,134.140625,2404400.0
VTI,2019-04-04,114266.0,193720.0,Thursday,134.2412349053764,134.5246349062012,133.7932854652067,134.424072265625,2248400.0
VTI,2019-04-05,116077.0,53720.0,Friday,134.74398732832614,135.14623770918502,134.62513682045687,135.10052490234375,1744500.0
VTI,2019-04-08,220843.0,89248.0,Monday,134.8811728813689,135.23771061684775,134.48807325361378,135.2194366455078,2130500.0
VTI,2019-04-09,109729.0,294898.0,Tuesday,134.68005523913757,134.82631675098628,134.1223922482768,134.40579223632812,2150700.0
VTI,2019-04-10,147106.0,169324.0,Wednesday,134.6068803864705,135.04569270019232,134.45146798264386,135.02740478515625,2019000.0
VTI,2019-04-11,119811.0,275313.0,Thursday,135.2468148797545,135.26510279437989,134.6982890377258,135.0182647705078,1794600.0
VTI,2019-04-12,113317.0,225103.0,Friday,135.80451849575826,136.03306867365433,135.42055587084437,135.92335510253906,2612000.0
VTI,2019-04-15,252278.0,186776.0,Monday,135.9872989272422,136.03301173360632,135.35649846835116,135.8135986328125,2083000.0
VTI,2019-04-16,162519.0,1123831.0,Tuesday,136.21586380042407,136.27071359418088,135.52107649685203,135.85018920898438,2953300.0
VTI,2019-04-17,96619.0,319899.0,Wednesday,136.3987373010153,136.41702522031898,135.0914370375044,135.347412109375,2983900.0
VTI,2019-04-18,108571.0,147027.0,Thursday,135.6673595380592,135.6673595380592,134.853721585565,135.54852294921875,2457000.0
VTI,2019-04-22,267983.0,307963.0,Monday,135.25598546952753,135.67652391285355,135.09143604578804,135.58509826660156,2148600.0
VTI,2019-04-23,127949.0,193878.0,Tuesday,135.80448450397142,137.05693470148358,135.71305887585845,136.94723510742188,2344200.0
VTI,2019-04-24,184260.0,213643.0,Wednesday,136.92893841863557,137.17577643905142,136.6455385190725,136.76438903808594,1924600.0
VTI,2019-04-25,137756.0,59205.0,Thursday,136.70954454168793,136.84668299437783,135.85020773962768,136.53585815429688,2428600.0
VTI,2019-04-26,147901.0,149149.0,Friday,136.5907167287913,137.2763671875,136.20675414586574,137.2763671875,2184500.0
VTI,2019-04-29,195142.0,228822.0,Monday,137.33120259691617,137.76087795530168,137.24892789839797,137.47747802734375,2461500.0
VTI,2019-04-30,128352.0,169175.0,Tuesday,137.38607067268333,137.67862157245716,136.49015795391668,137.48663330078125,2224500.0
VTI,2019-05-01,106454.0,165190.0,Wednesday,137.8614331170956,137.92541989595296,136.4352826215078,136.46270751953125,3761300.0
VTI,2019-05-02,165314.0,147981.0,Thursday,136.35298268322467,136.89237151538782,135.35650760533542,136.23414611816406,2537800.0
VTI,2019-05-03,135361.0,336626.0,Friday,136.9472360898364,137.7700109503861,136.85581046106756,137.70602416992188,2147100.0
VTI,2019-05-06,278863.0,103982.0,Monday,135.47538658372355,137.4409122567124,135.31997415861412,137.2672119140625,2635300.0
VTI,2019-05-07,158102.0,311207.0,Tuesday,136.0696202865514,136.29817044718442,133.8663933901467,134.89944458007812,4385800.0
VTI,2019-05-08,156592.0,64917.0,Wednesday,134.70746335405147,135.52110132622755,134.39662454982704,134.68003845214844,2492100.0
VTI,2019-05-09,208679.0,44241.0,Thursday,133.52817026500483,134.552070725114,132.61396944002237,134.25039672851562,2768000.0
VTI,2019-05-10,102011.0,159277.0,Friday,133.77497138081245,135.2651227771104,132.2391071659937,134.87200927734375,3175300.0
VTI,2019-05-13,214400.0,134957.0,Monday,132.2848263662945,132.69621385364098,130.9592382628028,131.46205139160156,4241900.0
VTI,2019-05-14,249138.0,47074.0,Tuesday,131.9008615071938,133.39101294968714,131.77287398112406,132.6505126953125,3090200.0
VTI,2019-05-15,126564.0,134108.0,Wednesday,131.85512968848616,133.7201064563176,131.69058029993212,133.43670654296875,2072300.0
VTI,2019-05-16,114552.0,97933.0,Thursday,133.77499051580648,135.32912892066048,133.73841467592058,134.6434783935547,2319500.0
VTI,2019-05-17,157116.0,135840.0,Friday,133.52812464222032,134.97256312612055,133.48241182667047,133.69268798828125,1923900.0
VTI,2019-05-20,238445.0,243170.0,Monday,132.79676264111478,133.4001383327976,132.3579502969786,132.74191284179688,1669200.0
VTI,2019-05-21,105513.0,84666.0,Tuesday,133.57381715257813,134.21375462421784,133.50981643061883,134.04005432128906,1438800.0
VTI,2019-05-22,106246.0,54118.0,Wednesday,133.52811709432638,133.9943682571494,133.26300509847155,133.5555419921875,1539800.0
VTI,2019-05-23,135339.0,185154.0,Thursday,132.40370489848314,132.42199282055824,131.0781165147813,131.8551788330078,2701100.0
VTI,2019-05-24,103298.0,76888.0,Friday,132.52254111467488,132.76936526276882,131.7911777564508,132.17514038085938,1381900.0
VTI,2019-05-28,186090.0,157675.0,Tuesday,132.39453567611207,132.81506013426727,130.95923405903176,131.0140838623047,3866100.0
VTI,2019-05-29,249828.0,142926.0,Wednesday,130.38327608032208,130.54783943071658,129.3045261428205,130.1181640625,2955100.0
VTI,2019-05-30,174252.0,106534.0,Thursday,130.44728322829616,130.88609560160432,129.77076977601763,130.3741455078125,2621700.0
VTI,2019-05-31,136928.0,331059.0,Friday,129.00282848908324,129.4416408074688,128.5365912726481,128.61886596679688,2836300.0
VTI,2019-06-03,294912.0,117283.0,Monday,128.61882894508386,129.24962931783872,127.64062803090737,128.36285400390625,4765100.0
VTI,2019-06-04,119586.0,196356.0,Tuesday,129.56967143669166,131.28837335095454,129.33198425796036,131.24266052246094,2767600.0
VTI,2019-06-05,154318.0,2086187.0,Wednesday,132.00142243323248,132.39453594012903,130.97752223784522,132.24826049804688,5059700.0
VTI,2019-06-06,109440.0,114694.0,Thursday,132.39452949860524,133.33615494310516,131.96485412689054,132.98875427246094,2795600.0
VTI,2019-06-07,97743.0,380815.0,Friday,133.52811791198585,134.7988560025031,133.454980200711,134.1954803466797,1667900.0
VTI,2019-06-10,217460.0,314667.0,Monday,135.05484425619005,135.82278332505865,134.881143918584,134.9451446533203,2259800.0
VTI,2019-06-11,133190.0,205669.0,Tuesday,135.8684789654393,136.06046721549384,134.460616280214,134.81715393066406,1724500.0
VTI,2019-06-12,89578.0,56941.0,Wednesday,134.70744557328038,134.97255757321412,134.323469098133,134.63430786132812,1729900.0
VTI,2019-06-13,65614.0,115284.0,Thursday,135.10970599549944,135.38396897650028,134.78059320821734,135.2559814453125,1726600.0
VTI,2019-06-14,84548.0,83683.0,Friday,135.11883709413098,135.29253742158545,134.63431194364892,134.9634246826172,1401000.0
VTI,2019-06-17,152407.0,1946944.0,Monday,135.14421094003734,135.50207460257116,135.0157474201912,135.06163024902344,2506100.0
VTI,2019-06-18,130669.0,49756.0,Tuesday,135.98837459672262,137.1537310089982,135.86909606737447,136.5389404296875,2261100.0
VTI,2019-06-19,121430.0,853311.0,Wednesday,136.6398776753886,137.1720875827004,136.1627215513382,137.0069122314453,4049900.0
VTI,2019-06-20,503072.0,755946.0,Thursday,138.3099209117187,138.4200424938881,137.13539337937763,138.2640380859375,2968100.0
VTI,2019-06-21,160009.0,774116.0,Friday,138.00711145518346,138.50262357267118,137.67677471068257,138.2823944091797,2414300.0
VTI,2019-06-24,182476.0,775736.0,Monday,137.94285468171128,138.07131816356173,137.37394697658343,137.51158142089844,1977300.0
VTI,2019-06-25,102805.0,801101.0,Tuesday,137.5207493246672,137.54827621291795,136.08012416749116,136.20858764648438,2309500.0
VTI,2019-06-26,100951.0,44224.0,Wednesday,136.5940082104629,136.89681804947762,135.92416377950607,135.95169067382812,1903700.0
VTI,2019-06-27,95523.0,144027.0,Thursday,136.4104774720596,136.9059755225003,136.31871183238096,136.76834106445312,2392200.0
VTI,2019-06-28,92548.0,415132.0,Friday,137.19044627763856,137.79606597047805,137.0069289771797,137.72265625,2589600.0
VTI,2019-07-01,323719.0,218267.0,Monday,139.3376287334184,139.4018534817564,138.10803353518477,138.69529724121094,3960800.0
VTI,2019-07-02,159711.0,133317.0,Tuesday,138.66780203284554,139.01649475097656,138.24571358597848,139.01649475097656,2705400.0
VTI,2019-07-03,80236.0,44116.0,Wednesday,139.35597425878964,140.08088644677915,139.24586668652654,140.06253051757812,2286800.0
VTI,2019-07-05,160961.0,226905.0,Friday,139.48443787264557,140.0441747012199,138.7962375425036,139.97994995117188,2446300.0
VTI,2019-07-08,129867.0,186286.0,Monday,139.35595677147649,139.50277618371777,138.8971566093248,139.2274932861328,2611300.0
VTI,2019-07-09,105405.0,899332.0,Tuesday,138.57605132184108,139.55787671700818,138.57605132184108,139.4752960205078,3178000.0
VTI,2019-07-10,111890.0,152809.0,Wednesday,140.01666255713744,140.51217468785973,139.58538918470148,140.044189453125,1852500.0
VTI,2019-07-11,133698.0,333264.0,Thursday,140.33779878046482,140.42037945103016,139.6954813402844,140.2368621826172,2641000.0
VTI,2019-07-12,97168.0,18757.0,Friday,140.4846350104865,140.98013309465503,140.3836984005577,140.95260620117188,1656000.0
VTI,2019-07-15,178755.0,155064.0,Monday,141.1544634174519,141.1544634174519,140.64060946206288,140.86082458496094,2155000.0
VTI,2019-07-16,107800.0,147796.0,Tuesday,140.8516681129565,141.00765850821446,140.34698506860923,140.5029754638672,1778500.0
VTI,2019-07-17,65110.0,160425.0,Wednesday,140.48463186157537,140.5488566111059,139.57620239257812,139.57620239257812,2575500.0
VTI,2019-07-18,137082.0,56192.0,Thursday,139.3560045790532,140.24607831909438,139.09907752022426,140.090087890625,1463500.0
VTI,2019-07-19,102862.0,260097.0,Friday,140.58558341379472,140.64980817015248,139.23670951407942,139.29176330566406,1487900.0
VTI,2019-07-22,126633.0,63728.0,Monday,139.53028942966577,139.8422701490698,139.25500655899876,139.62205505371094,1510000.0
VTI,2019-07-23,99931.0,149296.0,Tuesday,140.19099459809732,140.57638510408154,139.75055030575413,140.5580291748047,1643800.0
VTI,2019-07-24,81104.0,262940.0,Wednesday,140.1726710691866,141.44813542005002,140.1726710691866,141.4206085205078,2168900.0
VTI,2019-07-25,105001.0,722126.0,Thursday,141.25538493871943,141.26455590070458,140.29190187446954,140.66812133789062,2046000.0
VTI,2019-07-26,122652.0,86691.0,Friday,140.98930596923137,141.7784429298763,140.95260811124712,141.6866912841797,1721600.0
VTI,2019-07-29,140865.0,113837.0,Monday,141.63162058162112,141.6591474721898,140.9709472050322,141.34715270996094,1587600.0
VTI,2019-07-30,126486.0,85061.0,Tuesday,140.56724655091082,141.31050084107272,140.356202320717,141.20956420898438,1970300.0
VTI,2019-07-31,144197.0,174823.0,Wednesday,141.2278712642167,141.41138853136974,138.62188966682166,139.66795349121094,2512000.0
VTI,2019-08-01,130453.0,307788.0,Thursday,139.74136116646113,141.1728295763954,137.87863344243917,138.3741455078125,3901500.0
VTI,2019-08-02,180549.0,123449.0,Friday,137.91534259601738,138.0162791998389,136.33706879161065,137.25466918945312,7062200.0
VTI,2019-08-05,342914.0,186718.0,Monday,135.05244093562217,135.11667969421447,132.01518538442934,133.1805419921875,5701800.0
VTI,2019-08-06,373383.0,121525.0,Tuesday,134.1440138934962,134.9606777453082,133.2447693603876,134.914794921875,3408400.0
VTI,2019-08-07,171906.0,159300.0,Wednesday,133.32736573036365,135.373611082725,132.29964357012094,135.06163024902344,3195500.0
VTI,2019-08-08,164534.0,812466.0,Thursday,135.78650411616485,137.65841678463167,135.5295771226845,137.63088989257812,4143200.0
VTI,2019-08-09,96877.0,81338.0,Friday,137.2363115387526,137.4473557071959,135.82321310445695,136.6490478515625,2349700.0
VTI,2019-08-12,119270.0,103312.0,Monday,135.91497642373776,136.04343992880573,134.47435097415203,134.96067810058594,2610200.0
VTI,2019-08-13,104753.0,48236.0,Tuesday,134.78633531742892,137.71348311862295,134.4559985812117,136.88763427734375,2721400.0
VTI,2019-08-14,153520.0,134792.0,Wednesday,134.8413648715478,135.07076495264994,132.85017384775753,132.93275451660156,3938800.0
VTI,2019-08-15,534906.0,124944.0,Thursday,133.33653240401765,133.65769819403286,132.18036076261444,133.1805419921875,3591900.0
VTI,2019-08-16,144752.0,76643.0,Friday,134.04307772122604,135.43783434962282,133.96966800378706,135.19924926757812,3659300.0
VTI,2019-08-19,236714.0,295116.0,Monday,136.8050537109375,137.16291734202358,136.38296532630895,136.8050537109375,2875000.0
VTI,2019-08-20,109728.0,137900.0,Tuesday,136.54812439503073,136.74999761957534,135.71310460273003,135.7589874267578,1739000.0
VTI,2019-08-21,106497.0,158843.0,Wednesday,136.86932325095307,137.08953845716985,136.5573423744957,136.90602111816406,1439700.0
VTI,2019-08-22,120703.0,69073.0,Thursday,137.28224138175506,137.5483394242894,135.92419626523144,136.7867431640625,1730700.0
VTI,2019-08-23,65683.0,133432.0,Friday,136.18108429084634,136.99774812016918,132.7217267210309,133.33651733398438,3808300.0
VTI,2019-08-26,208252.0,118129.0,Monday,134.4559941722994,134.7771599336221,133.65768625323173,134.68539428710938,3623000.0
VTI,2019-08-27,133360.0,88769.0,Tuesday,135.4745150031743,135.64886130976697,133.67601215799792,134.06141662597656,1984700.0
VTI,2019-08-28,103700.0,343151.0,Wednesday,133.68522904646667,135.1075127277392,133.3365363500135,135.0157470703125,1981000.0
VTI,2019-08-29,175593.0,323547.0,Thursday,136.34625346587984,137.07116569389544,135.89663818666563,136.8050537109375,2576000.0
VTI,2019-08-30,96419.0,294181.0,Friday,137.52998092783756,137.5391518932082,136.20863383782722,136.75918579101562,2267900.0
VTI,2019-09-03,205153.0,125416.0,Tuesday,135.79571563922082,136.30956972667786,135.22679375541586,135.86912536621094,4307800.0
VTI,2019-09-04,154310.0,55625.0,Wednesday,136.99777214163916,137.3189239501953,136.55732777481916,137.3189239501953,2071700.0
VTI,2019-09-05,246024.0,419479.0,Thursday,138.55766383653767,139.57620086585848,138.32826373084802,139.1540985107422,2991800.0
VTI,2019-09-06,82449.0,88763.0,Friday,139.30090262974122,139.53030271022004,138.92468313740315,139.18161010742188,1568700.0
VTI,2019-09-09,146331.0,61710.0,Monday,139.67715388867256,139.72303671549736,138.69531460021918,139.2642364501953,2575200.0
VTI,2019-09-10,83741.0,55957.0,Tuesday,138.88800146883668,139.40185546875,138.2181570761976,139.40185546875,3435200.0
VTI,2019-09-11,113222.0,96021.0,Wednesday,139.55787921372283,140.5488895938801,139.20001552101115,140.5397186279297,3848100.0
VTI,2019-09-12,144154.0,101908.0,Thursday,140.97097695862917,141.42977723356947,140.43876695952164,140.9617919921875,3486800.0
VTI,2019-09-13,142782.0,115618.0,Friday,141.1911923347398,141.38389461114286,140.64981136987748,140.82415771484375,3002500.0
VTI,2019-09-16,160482.0,46504.0,Monday,140.31713762334914,140.75038703498805,140.15120543358535,140.5383758544922,1690800.0
VTI,2019-09-17,75214.0,186881.0,Tuesday,140.43697790733205,140.91630631363006,140.11434057580837,140.8794403076172,2104500.0
VTI,2019-09-18,104812.0,105945.0,Wednesday,140.71350028454611,140.88864545101768,139.51516526987285,140.86099243164062,1716700.0
VTI,2019-09-19,491940.0,36725.0,Thursday,141.15601630875162,141.59847880848503,140.62136767482704,140.76885986328125,2061400.0
VTI,2019-09-20,100612.0,42484.0,Friday,141.03615351643143,141.24816471079305,139.74563224776062,140.15121459960938,2106100.0
VTI,2019-09-23,146832.0,59472.0,Monday,139.84704621641694,140.53839998360866,139.71799407583296,140.2249755859375,2051800.0
VTI,2019-09-24,100453.0,316189.0,Tuesday,140.66742729802272,140.86099844192142,138.45508719408454,138.9252166748047,4234600.0
VTI,2019-09-25,79818.0,52409.0,Wednesday,138.94360247522698,140.03133920995705,138.19694300480154,139.80088806152344,6144100.0
VTI,2019-09-26,79751.0,144240.0,Thursday,139.80094381974706,139.80094381974706,138.70399366519578,139.3769073486328,1723000.0
VTI,2019-09-27,55021.0,50587.0,Friday,139.78250224624077,139.84703534432998,137.75453416659713,138.5472869873047,1940200.0
VTI,2019-09-30,244786.0,258332.0,Monday,138.86988284614935,139.5335834051871,138.77771080860913,139.19252014160156,1702000.0
VTI,2019-10-01,91316.0,342915.0,Tuesday,139.65344620516586,140.00373657783618,137.27518780963828,137.3765869140625,2823000.0
VTI,2019-10-02,118218.0,202096.0,Wednesday,136.59305474690325,136.64837486065318,134.4176085040816,135.1458282470703,3811500.0
VTI,2019-10-03,1413019.0,112685.0,Thursday,135.0259327442599,136.2427215576172,133.56947980052402,136.2427215576172,4380400.0
VTI,2019-10-04,456367.0,152390.0,Friday,136.75899743046128,138.09561193641318,136.46401306371473,138.02186584472656,2509200.0
VTI,2019-10-07,138153.0,607938.0,Monday,137.69923508929716,138.44589488710648,137.24754557669354,137.47799682617188,2237400.0
VTI,2019-10-08,109080.0,51233.0,Tuesday,136.46398607326583,136.7589703816691,135.2379979801396,135.2564239501953,2213900.0
VTI,2019-10-09,100583.0,74092.0,Wednesday,136.2888890349053,136.97101580376753,135.9846916654278,136.5009002685547,3294600.0
VTI,2019-10-10,59369.0,1749370.0,Thursday,136.4271289661026,137.80983635427256,136.41791598047382,137.3765869140625,3508900.0
VTI,2019-10-11,120217.0,180887.0,Friday,138.74086004576574,140.02216838289516,138.70399403608775,138.8514862060547,3377100.0
VTI,2019-10-14,159702.0,70860.0,Monday,138.75008039049274,138.9620915835548,138.50118912390786,138.72242736816406,1213500.0
VTI,2019-10-15,91137.0,85882.0,Tuesday,139.22020152937947,140.41855078659563,139.11880242148516,140.08670043945312,2153200.0
VTI,2019-10-16,126099.0,107021.0,Wednesday,139.78248970711823,140.1604330789816,139.53359845422943,139.82858276367188,1578400.0
VTI,2019-10-17,95531.0,60007.0,Thursday,140.41851132360094,140.7042685294596,139.96682195799065,140.28945922851562,1640400.0
VTI,2019-10-18,99995.0,54429.0,Friday,140.05906902627476,140.2987332884458,139.10038384633145,139.7272186279297,1720000.0
VTI,2019-10-21,121217.0,46284.0,Monday,140.43694184517386,140.75035204549556,140.1696106241293,140.63973999023438,1710100.0
VTI,2019-10-22,84113.0,65906.0,Tuesday,140.97160138201335,141.0453474539247,140.1511956722338,140.21572875976562,1711800.0
VTI,2019-10-23,89381.0,88085.0,Wednesday,140.08668598660302,140.56602845316084,139.9023278273503,140.50149536132812,1804000.0
VTI,2019-10-24,97261.0,52336.0,Thursday,141.04536176030797,141.10989485438546,140.3724481260968,140.88865661621094,1582200.0
VTI,2019-10-25,69077.0,84546.0,Friday,140.56604859328783,141.73673080837074,140.50151549220888,141.4509735107422,2461600.0
VTI,2019-10-28,169186.0,784316.0,Monday,142.06856452549718,142.56634704067451,141.95795244018058,142.30824279785156,2725500.0
VTI,2019-10-29,92747.0,63983.0,Tuesday,142.1699067302429,142.6953420564741,142.0592946891924,142.28053283691406,1561500.0
VTI,2019-10-30,84377.0,155140.0,Wednesday,142.32665877211156,142.82444125232752,141.62609217159968,142.62164306640625,2246000.0
VTI,2019-10-31,116784.0,303113.0,Thursday,142.5848039100552,142.5848039100552,141.42333456565513,142.1239013671875,2224400.0
VTI,2019-11-01,150191.0,128022.0,Friday,142.87975197001705,143.6448516845703,142.8060058940284,143.6448516845703,2341400.0
VTI,2019-11-04,253299.0,335701.0,Monday,144.44683238316563,144.51136548095732,143.96748987234537,144.1702880859375,2150600.0
VTI,2019-11-05,121801.0,121315.0,Tuesday,144.35465360531057,144.52057173654435,143.86609813139785,144.04122924804688,2377100.0
VTI,2019-11-06,106886.0,50895.0,Wednesday,144.02279288410472,144.07809892385825,143.46049137056767,143.97669982910156,2288400.0
VTI,2019-11-07,143857.0,71807.0,Thursday,144.72337525346123,145.03678555660358,144.17951371583885,144.46527099609375,2407300.0
VTI,2019-11-08,97351.0,80256.0,Friday,144.3177610883668,144.870849609375,143.87529871093545,144.870849609375,2132400.0
VTI,2019-11-11,209015.0,33588.0,Monday,144.1702748260985,144.6588302778289,144.0320097230148,144.58509826660156,1738900.0
VTI,2019-11-12,75932.0,155418.0,Tuesday,144.75099480794083,145.35938930204952,144.4836776266273,144.83395385742188,1730700.0
VTI,2019-11-13,100983.0,49145.0,Wednesday,144.32698406105297,145.08285668174202,144.1610518831883,144.89849853515625,2189400.0
VTI,2019-11-14,92821.0,122550.0,Thursday,144.71420059721922,145.12901011602577,144.46530925968298,145.04605102539062,2096200.0
VTI,2019-11-15,132550.0,155533.0,Friday,145.7834454883144,146.1521759033203,145.45159514762267,146.1521759033203,2615300.0
VTI,2019-11-18,233642.0,94593.0,Monday,146.03233972349153,146.327324061482,145.7557954230323,146.23513793945312,3128400.0
VTI,2019-11-19,103578.0,65837.0,Tuesday,146.61306980371788,146.7052418528618,145.88483606766147,146.28121948242188,2225200.0
VTI,2019-11-20,80414.0,889663.0,Wednesday,145.94016690367422,146.30888325860616,144.953828852509,145.82032775878906,3336200.0
VTI,2019-11-21,73758.0,66458.0,Thursday,145.89406032598083,145.95857935258402,145.12896059803677,145.4515838623047,2220300.0
VTI,2019-11-22,172700.0,146374.0,Friday,145.93095138232923,145.95860440785265,145.28569067740185,145.7742462158203,1886000.0
VTI,2019-11-25,169678.0,113480.0,Monday,146.34575899079962,147.15695190429688,146.1982808784051,147.15695190429688,2525300.0
VTI,2019-11-26,122439.0,105770.0,Tuesday,147.18464057610964,147.54414405609072,147.00949533049268,147.47039794921875,1884900.0
VTI,2019-11-27,129562.0,111998.0,Wednesday,147.83909384351475,148.1709442138672,147.5072434731623,148.1709442138672,2343200.0
VTI,2019-11-29,128136.0,35966.0,Friday,147.91281379549883,147.99577285702017,147.41503129511892,147.50721740722656,1171000.0
VTI,2019-12-02,172378.0,2108880.0,Monday,147.72843155192436,147.8206176577797,146.05996712156735,146.17059326171875,3766700.0
VTI,2019-12-03,377699.0,79109.0,Tuesday,144.80632515430264,145.37785374425556,144.15185156656585,145.30410766601562,4040300.0
VTI,2019-12-04,132301.0,204468.0,Wednesday,145.91251911724632,146.53014089518388,145.7373879681436,146.24436950683594,2132100.0
VTI,2019-12-05,120671.0,137003.0,Thursday,146.5670024855076,146.5670024855076,145.81111559540128,146.45639038085938,1858100.0
VTI,2019-12-06,144743.0,69723.0,Friday,147.47037670126676,147.98658530936208,147.38741761760065,147.75613403320312,2021000.0
VTI,2019-12-09,164618.0,142975.0,Monday,147.57179863587209,147.88520904414165,147.25838822760252,147.28604125976562,1934300.0
VTI,2019-12-10,124223.0,51332.0,Tuesday,147.27679105714395,147.5809883997054,146.83431452307548,147.15695190429688,2150800.0
VTI,2019-12-11,72310.0,83335.0,Wednesday,147.3873782746118,147.61782948925503,147.0924080339939,147.50721740722656,1781300.0
VTI,2019-12-12,88214.0,109761.0,Thursday,147.507220574683,149.1295920969837,147.3412883824513,148.71478271484375,3012200.0
VTI,2019-12-13,202006.0,129084.0,Friday,148.64103663669923,149.41534935877735,148.10638811937116,148.71478271484375,3023500.0
VTI,2019-12-16,216168.0,91595.0,Monday,149.66425563257414,150.14359815580065,149.53520349927788,149.80252075195312,2466000.0
VTI,2019-12-17,144087.0,109120.0,Tuesday,150.04219203473727,150.1251511024879,149.73799472069138,149.8578338623047,4421500.0
VTI,2019-12-18,150075.0,62717.0,Wednesday,150.09747792693625,150.1804369835483,149.57204243714312,149.92233276367188,2139800.0
VTI,2019-12-19,118315.0,206594.0,Thursday,150.0145568849381,150.5768585205078,149.9776768066815,150.5768585205078,3018600.0
VTI,2019-12-20,178869.0,79469.0,Friday,151.17597484692885,151.48938507756912,151.04692274809912,151.3511199951172,3142900.0
VTI,2019-12-23,301421.0,456247.0,Monday,151.6921742803877,151.71982729524436,151.36032403648468,151.4432830810547,3822900.0
VTI,2019-12-24,151377.0,6470.0,Tuesday,151.69913880187295,151.73621884879955,151.30062021972506,151.47671508789062,1624900.0
VTI,2019-12-26,152559.0,113306.0,Thursday,151.7176121865016,152.2088165283203,151.65274334571384,152.2088165283203,2515000.0
VTI,2019-12-27,133394.0,29211.0,Friday,152.56107455731748,152.62594342720902,151.8103662317621,152.0698699951172,2356700.0
VTI,2019-12-30,852418.0,698307.0,Monday,152.27376245219668,152.34790840223616,150.98550662178536,151.24501037597656,4503500.0
VTI,2019-12-31,192755.0,1222849.0,Tuesday,151.0689107525879,151.77327604292933,150.80940700657297,151.64352416992188,3262400.0
VTI,2020-01-02,1647551.0,128866.0,Thursday,152.62591744198562,152.90396118164062,151.7918003649127,152.90396118164062,3291100.0
VTI,2020-01-03,272010.0,306321.0,Friday,151.33769366464017,152.43132883315243,151.07818989080235,151.93084716796875,3625400.0
VTI,2020-01-06,393345.0,4102207.0,Monday,150.9947567305338,152.47764732151688,150.91134784703786,152.44984436035156,6813800.0
VTI,2020-01-07,193590.0,254188.0,Tuesday,152.24593372020664,152.42202855400865,151.7917951562905,152.08837890625,2498400.0
VTI,2020-01-08,154955.0,748353.0,Wednesday,152.18102928789793,153.43221882624312,152.0327374338042,152.8390655517578,4244800.0
VTI,2020-01-09,224181.0,66011.0,Thursday,153.67321224934886,153.83076707163335,153.2561537030791,153.793701171875,2216900.0
VTI,2020-01-10,196880.0,91908.0,Friday,154.09030826371423,154.12738831438116,153.1078990494773,153.348876953125,4023000.0
VTI,2020-01-13,299903.0,1176267.0,Monday,153.8493077534508,154.43319820587246,153.40444624497792,154.3961181640625,3997100.0
VTI,2020-01-14,212049.0,175752.0,Tuesday,154.35905660566658,154.8873270102315,154.00686690802812,154.31271362304688,3062000.0
VTI,2020-01-15,180295.0,185365.0,Wednesday,154.3127105956934,155.1468276989131,154.23856465333503,154.6927032470703,2479200.0
VTI,2020-01-16,157044.0,128593.0,Thursday,155.43417473352795,156.0458541127961,155.34148875448088,156.01805114746094,2205600.0
VTI,2020-01-17,200472.0,102320.0,Friday,156.63895781214015,156.63895781214015,156.04580450373695,156.40725708007812,2272000.0
VTI,2020-01-21,488262.0,278484.0,Tuesday,156.07363891601562,156.49071163129832,155.8604781592865,156.07363891601562,3174200.0
VTI,2020-01-22,194048.0,126554.0,Wednesday,156.5648393417192,156.9263061233506,156.02730599391754,156.16632080078125,2113600.0
VTI,2020-01-23,186723.0,164686.0,Thursday,155.8048749721578,156.4165684328845,155.1375755862547,156.34242248535156,2370000.0
VTI,2020-01-24,164609.0,361765.0,Friday,156.7131492413261,156.7131492413261,154.15517750779608,154.8595428466797,3292500.0
VTI,2020-01-27,558357.0,151848.0,Monday,152.2088317218056,153.21905760020775,151.84737916737038,152.53321838378906,4692800.0
VTI,2020-01-28,168965.0,107883.0,Tuesday,153.22834007851543,154.47025269142452,152.9780993114127,154.00685119628906,4010700.0
VTI,2020-01-29,147014.0,127603.0,Wednesday,154.7390384296329,154.7668413888794,153.77515536944824,153.9049072265625,1751700.0
VTI,2020-01-30,147770.0,428715.0,Thursday,152.92249615299048,154.41464955991654,152.43129169063826,154.275634765625,2835900.0
VTI,2020-01-31,143742.0,215196.0,Friday,153.9976173345705,154.04396032121255,151.10598184245418,151.5508575439453,4525300.0
VTI,2020-02-03,324147.0,376096.0,Monday,152.32007138443154,153.69173579876332,152.2829913467548,152.8854217529297,2783200.0
VTI,2020-02-04,212803.0,153755.0,Tuesday,154.74829461662415,155.7214405734658,154.60000274585204,155.29510498046875,2732700.0
VTI,2020-02-05,264585.0,384078.0,Wednesday,156.75021013534828,156.95410794519665,155.86047295220155,156.82435607910156,4133700.0
VTI,2020-02-06,139788.0,98570.0,Thursday,157.3340946780941,157.3989776854763,156.80582424636722,157.25994873046875,2202300.0
VTI,2020-02-07,152927.0,98166.0,Friday,156.67604100438177,157.00041355066764,156.0828876840317,156.36093139648438,2579200.0
VTI,2020-02-10,237767.0,38642.0,Monday,155.96240308641333,157.51016235351562,155.9438630672332,157.51016235351562,2494100.0
VTI,2020-02-11,184749.0,109541.0,Tuesday,158.24236930804793,158.71503380669722,157.65847881885685,157.94578552246094,2921700.0
VTI,2020-02-12,149951.0,132670.0,Wednesday,158.7057382332067,158.99304487773418,158.3998915704189,158.93743896484375,2154100.0
VTI,2020-02-13,169314.0,79712.0,Thursday,158.20524414957274,159.3452076988237,158.06622937840405,158.87254333496094,2827500.0
VTI,2020-02-14,113754.0,201722.0,Friday,159.03937775890773,159.1969325493948,158.46475036443144,159.13204956054688,2527800.0
VTI,2020-02-18,289277.0,235444.0,Tuesday,158.73356483726434,158.98379148254926,158.04772547836396,158.76136779785156,2459400.0
VTI,2020-02-19,134538.0,632488.0,Wednesday,159.3359719767093,159.92912533815783,159.19695718179622,159.5676727294922,2488100.0
VTI,2020-02-20,148564.0,94489.0,Thursday,159.37305996270732,159.80864438911638,157.46383378539628,159.0857391357422,7061600.0
VTI,2020-02-21,122289.0,134860.0,Friday,158.43699894036175,158.51114489092222,157.00045119977733,157.45458984375,2983500.0
VTI,2020-02-24,895644.0,169321.0,Monday,152.45911573322286,153.72883150298117,151.6157214861761,152.2737579345703,8710900.0
VTI,2020-02-25,364623.0,334185.0,Tuesday,152.95956565778798,153.28395237463974,147.1485208491056,147.62118530273438,10112300.0
VTI,2020-02-26,440509.0,213189.0,Wednesday,148.29774114619215,149.9659893544035,146.43487222979277,146.8055877685547,8210300.0
VTI,2020-02-27,961030.0,331541.0,Thursday,143.6915542853723,145.9992992220709,140.31799138195353,140.3736114501953,14384200.0
VTI,2020-02-28,1682164.0,494707.0,Friday,135.70250095125115,139.56726797464017,134.66448606014205,139.42825317382812,22272400.0
